on,sp,dn,dp,off,u,v,w,a,b,c,d,e,f,p1,p2
0,41,58,66,98,33,43,46,28,36,40,40,44,49,40,46
98,114,133,137,173,106,126,136,101,109,117,122,131,140,112,119
173,198,209,213,251,182,203,211,176,185,192,199,207,216,188,195
251,267,285,291,328,259,280,289,254,262,270,276,284,294,266,273
328,344,362,369,403,336,356,366,331,339,347,352,360,370,343,349
403,419,438,443,480,411,432,440,406,415,422,428,436,444,418,425
480,496,517,523,560,488,510,520,483,492,500,506,515,524,495,503
560,575,595,602,641,568,589,598,563,572,579,585,593,603,575,582
641,657,675,682,718,650,668,677,645,654,661,665,673,682,657,665
718,733,752,760,791,726,745,755,721,730,737,742,750,761,733,742
791,806,826,833,861,799,819,828,794,803,810,816,823,832,806,813
861,885,897,902,934,869,890,899,864,873,880,886,894,903,876,883
934,949,969,972,1008,942,963,971,937,945,952,959,967,975,948,955
1008,1026,1046,1053,1089,1018,1040,1049,1013,1022,1030,1036,1044,1053,1025,1033
1089,1104,1123,1142,1169,1097,1117,1125,1092,1100,1108,1114,1121,1128,1104,1111
1169,1182,1202,1209,1242,1176,1185,1205,1171,1179,1187,1192,1199,1208,1183,1189
1242,1258,1277,1284,1317,1251,1270,1279,1246,1255,1263,1267,1275,1283,1259,1267
1317,1331,1350,1354,1389,1324,1344,1353,1319,1327,1335,1341,1348,1358,1331,1338
1389,1404,1426,1431,1456,1397,1419,1428,1392,1401,1408,1416,1423,1432,1404,1412
1456,1474,1494,1503,1528,1469,1477,1498,1464,1472,1480,1485,1492,1501,1475,1482
1528,1542,1562,1564,1595,1536,1555,1563,1530,1539,1546,1552,1559,1567,1542,1549
1595,1611,1630,1636,1667,1604,1613,1632,1599,1608,1615,1620,1627,1636,1611,1620
1667,1682,1701,1704,1741,1675,1695,1703,1669,1678,1687,1692,1699,1706,1682,1689
1741,1757,1776,1781,1814,1749,1770,1778,1743,1752,1759,1766,1774,1781,1755,1762
1814,1829,1850,1857,1888,1821,1842,1853,1816,1825,1832,1838,1847,1857,1828,1835
1888,1903,1922,1927,1961,1896,1915,1924,1891,1900,1907,1912,1919,1928,1903,1909
1961,1976,1995,2000,2031,1969,1988,1997,1964,1972,1980,1985,1992,2001,1975,1982
2031,2046,2065,2068,2099,2038,2058,2067,2033,2042,2050,2055,2062,2070,2045,2052
2099,2114,2133,2140,2169,2107,2127,2137,2102,2111,2119,2124,2131,2143,2114,2121
2169,2185,2204,2210,2241,2178,2187,2207,2173,2182,2190,2195,2201,2210,2185,2192
2241,2256,2274,2281,2309,2248,2267,2277,2243,2252,2259,2264,2272,2281,2255,2261
2309,2330,2342,2344,2377,2316,2335,2343,2311,2319,2326,2331,2339,2347,2322,2331
2377,2398,2411,2414,2449,2384,2405,2413,2379,2387,2395,2400,2409,2417,2391,2397
2449,2469,2482,2487,2520,2456,2475,2486,2450,2459,2466,2470,2479,2491,2462,2470
2520,2538,2554,2560,2596,2529,2548,2556,2523,2532,2539,2544,2552,2560,2536,2544
2596,2617,2629,2634,2672,2603,2622,2631,2598,2606,2613,2619,2626,2635,2610,2616
2672,2695,2707,2713,2755,2680,2702,2711,2674,2683,2691,2697,2705,2714,2686,2693
2755,2781,2791,2796,2842,2764,2786,2794,2759,2767,2775,2781,2789,2797,2771,2778
2842,2866,2878,2883,2924,2851,2871,2880,2845,2854,2861,2868,2875,2884,2857,2864
2924,2940,2956,2963,2999,2932,2950,2959,2927,2935,2943,2947,2955,2963,2939,2947
2999,3017,3034,3040,3075,3008,3028,3037,3002,3011,3018,3024,3032,3041,3014,3021
3075,3091,3109,3117,3154,3083,3104,3113,3078,3086,3094,3099,3107,3120,3090,3096
3154,3179,3191,3197,3240,3163,3184,3194,3157,3166,3174,3180,3188,3199,3169,3177
3240,3263,3274,3279,3320,3248,3269,3277,3243,3252,3259,3264,3272,3280,3255,3264
3320,3337,3354,3360,3397,3328,3347,3356,3322,3331,3338,3344,3352,3360,3334,3341
3397,3422,3432,3435,3477,3405,3427,3435,3399,3408,3415,3422,3430,3438,3411,3418
3477,3500,3511,3519,3561,3485,3506,3519,3479,3488,3495,3501,3509,3524,3491,3497
3561,3577,3596,3599,3640,3569,3590,3598,3564,3573,3580,3586,3594,3602,3576,3583
3640,3656,3674,3679,3719,3648,3667,3675,3642,3651,3658,3664,3671,3679,3655,3661
3719,3742,3753,3757,3797,3726,3747,3756,3721,3729,3737,3743,3751,3766,3733,3740
3797,3821,3832,3837,3877,3805,3826,3834,3799,3808,3816,3822,3829,3837,3812,3819
3877,3893,3912,3918,3956,3885,3906,3915,3880,3888,3896,3902,3910,3919,3892,3898
3956,3977,3990,3996,4031,3964,3983,3992,3959,3967,3974,3980,3988,3997,3970,3977
4031,4047,4065,4068,4106,4039,4059,4067,4033,4042,4050,4055,4063,4077,4045,4055
4106,4122,4141,4151,4186,4114,4135,4145,4108,4117,4125,4131,4139,4145,4120,4128
4186,4211,4222,4227,4268,4194,4216,4224,4189,4197,4205,4212,4220,4228,4201,4208
4268,4290,4302,4308,4344,4276,4296,4304,4271,4280,4287,4292,4300,4308,4283,4289
4344,4361,4378,4383,4420,4353,4371,4380,4347,4356,4363,4368,4376,4384,4359,4365
4420,4440,4454,4457,4495,4427,4448,4456,4422,4431,4438,4444,4452,4460,4434,4441
4495,4521,4531,4537,4585,4505,4525,4534,4500,4508,4515,4521,4529,4537,4511,4518
4585,4609,4621,4627,4667,4594,4615,4623,4588,4597,4604,4611,4619,4627,4600,4607
4667,4683,4700,4705,4748,4676,4695,4702,4671,4679,4686,4691,4698,4705,4682,4691
4748,4770,4783,4790,4831,4756,4776,4785,4751,4759,4766,4772,4781,4790,4762,4769
4831,4848,4866,4873,4913,4839,4860,4869,4834,4842,4850,4856,4864,4873,4846,4853
4913,4930,4950,4956,4994,4923,4944,4953,4918,4926,4934,4940,4948,4957,4930,4937
4994,5009,5027,5033,5068,5002,5021,5029,4997,5006,5013,5018,5025,5033,5009,5015
5068,5084,5104,5108,5147,5077,5098,5106,5072,5080,5088,5094,5102,5110,5084,5090
5147,5161,5182,5189,5225,5155,5176,5185,5149,5158,5165,5172,5180,5189,5161,5168
5225,5240,5260,5267,5305,5233,5254,5263,5228,5237,5244,5250,5258,5267,5240,5247
5305,5321,5340,5347,5383,5314,5334,5342,5309,5318,5325,5331,5338,5345,5321,5328
5383,5399,5419,5426,5460,5393,5412,5422,5388,5396,5403,5409,5417,5427,5399,5406
5460,5476,5495,5500,5534,5468,5489,5498,5463,5472,5479,5485,5493,5503,5475,5482
5534,5549,5569,5576,5605,5542,5563,5571,5537,5545,5553,5559,5567,5575,5549,5556
5605,5620,5637,5641,5673,5612,5632,5639,5607,5615,5623,5628,5635,5643,5619,5628
5673,5687,5706,5712,5738,5680,5699,5707,5675,5683,5690,5696,5703,5711,5687,5693
5738,5753,5771,5776,5807,5746,5764,5772,5741,5750,5757,5761,5768,5776,5753,5761
5807,5821,5841,5845,5877,5815,5823,5843,5810,5818,5826,5832,5838,5846,5822,5829
5877,5891,5910,5917,5955,5885,5904,5912,5880,5888,5895,5901,5908,5916,5891,5898
5955,5979,5990,5995,6038,5962,5983,5992,5957,5965,5973,5979,5987,5996,5969,5976
6038,6052,6072,6079,6116,6045,6065,6074,6040,6049,6056,6062,6069,6077,6052,6059
6116,6130,6149,6154,6189,6124,6143,6151,6119,6127,6135,6140,6147,6154,6131,6137
6189,6204,6224,6232,6264,6197,6218,6227,6192,6201,6207,6214,6222,6231,6204,6211
6264,6279,6301,6307,6344,6272,6294,6303,6267,6276,6284,6291,6298,6307,6279,6287
6344,6359,6378,6384,6421,6352,6372,6381,6347,6356,6363,6369,6376,6384,6359,6366
6421,6435,6453,6458,6494,6428,6447,6456,6423,6431,6438,6443,6451,6463,6434,6443
6494,6511,6529,6535,6568,6503,6523,6532,6498,6506,6514,6519,6527,6535,6510,6516
6568,6583,6603,6611,6644,6576,6596,6606,6571,6579,6587,6593,6601,6610,6583,6589
6644,6666,6679,6685,6721,6652,6673,6681,6646,6655,6662,6669,6677,6686,6658,6665
6721,6736,6755,6761,6796,6729,6748,6757,6723,6732,6740,6745,6753,6761,6735,6742
6796,6810,6829,6835,6869,6803,6814,6819,6798,6807,6815,6820,6827,6835,6810,6817
6869,6885,6904,6908,6946,6878,6898,6906,6873,6881,6889,6895,6902,6909,6885,6892
6946,6962,6982,6989,7027,6954,6975,6985,6948,6957,6964,6971,6980,6990,6960,6967
7027,7051,7062,7066,7109,7035,7056,7065,7029,7038,7045,7052,7060,7071,7041,7048
7109,7124,7143,7150,7188,7117,7137,7146,7112,7120,7127,7133,7141,7150,7123,7130
7188,7202,7221,7228,7263,7195,7214,7223,7190,7199,7206,7211,7219,7227,7202,7208
7263,7278,7298,7304,7341,7271,7292,7301,7265,7274,7282,7289,7296,7303,7278,7285
7341,7366,7377,7381,7420,7349,7371,7380,7344,7353,7360,7367,7375,7383,7356,7363
7420,7435,7454,7459,7494,7428,7447,7455,7422,7431,7439,7444,7451,7459,7435,7444
7494,7510,7528,7535,7569,7503,7521,7531,7498,7506,7514,7518,7526,7535,7510,7518
7569,7585,7603,7607,7644,7577,7597,7605,7571,7580,7588,7593,7601,7609,7584,7593
7644,7666,7680,7684,7726,7653,7674,7683,7648,7656,7664,7670,7678,7687,7660,7667
7726,7749,7760,7766,7806,7734,7754,7762,7729,7737,7744,7750,7758,7767,7741,7747
7806,7826,7841,7847,7887,7815,7834,7843,7809,7818,7825,7830,7838,7847,7821,7827
7887,7905,7921,7926,7968,7895,7916,7925,7889,7898,7906,7911,7919,7928,7902,7908
7968,7992,8002,8006,8051,7976,7996,8005,7970,7979,7986,7992,8000,8011,7982,7989
8051,8078,8088,8091,8136,8061,8083,8090,8055,8064,8072,8078,8086,8094,8068,8075
8136,8154,8170,8174,8216,8145,8164,8172,8139,8148,8155,8161,8168,8176,8151,8158
8216,8232,8250,8256,8293,8224,8244,8254,8219,8227,8235,8240,8249,8259,8230,8237
8293,8315,8327,8330,8375,8301,8321,8330,8295,8304,8311,8316,8324,8334,8307,8313
8375,8400,8410,8415,8457,8383,8405,8413,8377,8386,8394,8400,8408,8417,8390,8397
8457,8482,8492,8494,8535,8465,8487,8494,8460,8468,8476,8482,8490,8498,8471,8479
8535,8551,8568,8574,8614,8543,8563,8571,8538,8547,8554,8559,8566,8575,8550,8559
8614,8630,8647,8654,8689,8622,8642,8650,8616,8625,8632,8637,8645,8654,8628,8637
8689,8704,8724,8731,8763,8697,8717,8726,8692,8700,8708,8714,8721,8730,8704,8711
8763,8779,8798,8804,8840,8771,8792,8800,8766,8775,8782,8788,8795,8803,8778,8785
8840,8865,8876,8882,8920,8848,8870,8880,8843,8851,8858,8865,8873,8886,8854,8862
8920,8936,8955,8961,8999,8929,8949,8957,8924,8933,8940,8946,8953,8961,8936,8943
8999,9013,9033,9041,9076,9007,9026,9036,9001,9010,9018,9024,9031,9039,9014,9021
9076,9098,9110,9116,9154,9083,9103,9112,9078,9087,9094,9099,9107,9116,9090,9096
9154,9179,9190,9195,9237,9162,9183,9192,9157,9165,9173,9179,9187,9196,9169,9176
9237,9254,9273,9280,9316,9246,9266,9275,9241,9250,9257,9263,9271,9279,9253,9260
9316,9331,9348,9355,9390,9323,9342,9350,9318,9326,9334,9339,9346,9354,9330,9336
9390,9406,9424,9429,9466,9398,9418,9426,9393,9402,9409,9415,9422,9430,9405,9412
9466,9482,9501,9504,9546,9474,9495,9503,9468,9477,9484,9491,9499,9507,9480,9487
9546,9570,9581,9583,9626,9554,9575,9582,9548,9557,9564,9570,9578,9586,9560,9567
9626,9641,9659,9666,9704,9634,9654,9662,9629,9637,9644,9650,9657,9666,9640,9647
9704,9719,9738,9745,9778,9711,9732,9742,9706,9714,9722,9728,9735,9747,9718,9725
9778,9802,9814,9819,9858,9787,9807,9816,9782,9790,9797,9803,9812,9820,9793,9800
9858,9881,9893,9898,9941,9866,9887,9895,9861,9869,9876,9883,9890,9899,9872,9879
9941,9965,9976,9982,10019,9949,9970,9978,9944,9952,9960,9966,9973,9982,9956,9963
10019,10034,10052,10059,10098,10027,10047,10055,10022,10030,10038,10044,10051,10059,10034,10040
10098,10113,10133,10138,10176,10105,10127,10136,10100,10109,10117,10123,10130,10139,10112,10120
10176,10192,10212,10219,10259,10185,10206,10215,10180,10188,10196,10203,10210,10218,10192,10199
10259,10282,10294,10299,10338,10266,10287,10296,10261,10269,10277,10283,10291,10299,10273,10280
10338,10353,10372,10378,10415,10346,10365,10374,10340,10349,10357,10362,10369,10377,10353,10359
10415,10429,10449,10456,10490,10423,10442,10451,10418,10426,10434,10440,10447,10455,10430,10437
10490,10505,10525,10532,10569,10498,10519,10528,10493,10501,10509,10516,10523,10531,10505,10512
10569,10585,10605,10610,10651,10578,10599,10607,10573,10581,10589,10595,10603,10611,10585,10592
10651,10676,10685,10690,10727,10659,10680,10688,10653,10662,10669,10676,10683,10690,10665,10672
10727,10742,10761,10764,10805,10735,10745,10750,10730,10739,10747,10752,10759,10766,10742,10749
10805,10830,10839,10842,10884,10812,10833,10840,10807,10815,10823,10829,10836,10843,10819,10826
10884,10907,10919,10925,10964,10892,10912,10921,10887,10895,10902,10908,10916,10925,10898,10905
10964,10979,10998,11004,11039,10973,10991,11000,10968,10976,10983,10988,10996,11003,10979,10988
11039,11060,11081,11088,11127,11054,11075,11084,11049,11057,11065,11071,11079,11089,11061,11068
11127,11143,11163,11166,11203,11137,11157,11164,11132,11140,11148,11154,11161,11168,11144,11151
11203,11223,11242,11250,11283,11217,11225,11246,11212,11220,11227,11233,11240,11250,11223,11230
11283,11300,11318,11324,11362,11293,11314,11321,11288,11296,11303,11309,11316,11324,11299,11306
11362,11377,11396,11402,11445,11370,11390,11399,11365,11373,11381,11387,11394,11403,11377,11384
11445,11460,11480,11488,11523,11453,11474,11485,11448,11456,11464,11469,11478,11490,11460,11466
11523,11538,11557,11565,11598,11531,11550,11559,11525,11534,11542,11547,11554,11564,11538,11547
11598,11614,11632,11639,11675,11606,11625,11634,11601,11609,11617,11622,11630,11639,11613,11619
11675,11689,11710,11712,11756,11682,11705,11712,11677,11686,11693,11700,11707,11715,11689,11696
11756,11771,11791,11797,11835,11764,11785,11793,11759,11768,11775,11782,11789,11797,11771,11778
11835,11850,11869,11876,11910,11844,11863,11871,11839,11847,11855,11860,11867,11875,11851,11857
11910,11926,11946,11950,11988,11919,11940,11949,11914,11922,11930,11936,11944,11953,11926,11933
11988,12013,12041,12029,12067,11996,12019,12029,11990,11999,12007,12013,12020,12033,12002,12010
12067,12082,12102,12108,12141,12075,12096,12105,12070,12079,12086,12092,12100,12108,12082,12089
12141,12159,12177,12182,12218,12152,12171,12179,12147,12155,12162,12168,12175,12183,12158,12165
12218,12233,12251,12258,12292,12226,12245,12253,12221,12229,12236,12241,12249,12257,12232,12241
12292,12308,12327,12330,12366,12300,12321,12330,12295,12303,12310,12316,12324,12333,12306,12313
12366,12382,12400,12404,12441,12374,12394,12402,12369,12377,12384,12390,12397,12406,12380,12387
12441,12458,12475,12482,12517,12449,12469,12478,12444,12453,12460,12465,12473,12482,12456,12462
12517,12532,12550,12557,12589,12525,12544,12552,12520,12528,12535,12540,12548,12556,12531,12540
12589,12613,12624,12628,12659,12597,12618,12626,12592,12600,12607,12614,12622,12629,12603,12610
12659,12676,12694,12701,12737,12668,12687,12697,12663,12671,12678,12684,12692,12700,12674,12681
12737,12761,12772,12776,12838,12745,12766,12775,12740,12748,12755,12762,12770,12780,12751,12758
12838,12854,12875,12880,12926,12847,12868,12877,12842,12851,12859,12865,12873,12881,12854,12861
12926,12951,12972,12982,13030,12945,12966,12976,12940,12948,12956,12963,12970,12981,12952,12959
13030,13045,13065,13098,13118,13039,13049,13054,13034,13043,13046,13046,13050,13056,13046,13053
13118,13131,13151,13159,13195,13125,13134,13154,13120,13129,13137,13142,13149,13158,13132,13139
13195,13211,13231,13238,13270,13205,13214,13234,13199,13209,13216,13222,13229,13238,13212,13219
13270,13284,13305,13312,13343,13277,13299,13309,13272,13281,13288,13295,13303,13314,13284,13292
13343,13357,13377,13385,13418,13350,13371,13380,13345,13353,13361,13367,13375,13385,13357,13364
13418,13434,13454,13462,13495,13427,13448,13458,13421,13430,13438,13444,13452,13465,13434,13441
13495,13515,13528,13534,13569,13502,13522,13530,13496,13505,13512,13517,13525,13534,13508,13514
13569,13584,13602,13605,13644,13576,13596,13605,13571,13579,13586,13592,13599,13608,13582,13589
13644,13669,13679,13686,13719,13652,13673,13681,13646,13655,13662,13669,13677,13685,13658,13666
13719,13740,13752,13757,13785,13725,13745,13754,13719,13728,13735,13741,13749,13757,13731,13738
13785,13803,13819,13822,13856,13793,13813,13821,13788,13796,13803,13809,13816,13824,13800,13806
13856,13870,13890,13897,13927,13863,13884,13892,13858,13866,13875,13881,13888,13896,13870,13878
13927,13940,13960,13964,13999,13934,13954,13962,13929,13937,13944,13950,13958,13966,13940,13947
13999,14014,14035,14041,14076,14008,14028,14037,14003,14011,14018,14024,14032,14041,14014,14021
14076,14090,14111,14117,14153,14084,14092,14099,14079,14088,14091,14091,14095,14102,14091,14099
14153,14169,14189,14196,14228,14163,14172,14192,14158,14166,14175,14180,14187,14195,14170,14177
14228,14242,14262,14269,14295,14236,14245,14265,14230,14239,14248,14252,14259,14268,14243,14252
14295,14312,14333,14340,14369,14306,14315,14338,14301,14309,14317,14323,14331,14343,14312,14319
14369,14382,14403,14410,14440,14376,14385,14406,14371,14379,14387,14394,14401,14409,14383,14390
14440,14455,14475,14481,14513,14448,14468,14477,14443,14451,14459,14465,14472,14480,14455,14462
14513,14528,14547,14554,14587,14521,14540,14549,14516,14524,14531,14537,14544,14554,14528,14534
14587,14609,14619,14626,14659,14594,14614,14622,14589,14597,14603,14609,14616,14626,14600,14606
14659,14682,14694,14699,14734,14667,14687,14696,14661,14670,14677,14683,14691,14699,14673,14680
14734,14757,14768,14773,14813,14741,14761,14770,14736,14744,14751,14757,14765,14774,14748,14754
14813,14837,14848,14854,14891,14822,14842,14850,14816,14825,14832,14838,14846,14854,14828,14835
14891,14908,14925,14931,14966,14899,14918,14927,14894,14902,14910,14914,14922,14931,14906,14914
14966,14981,15000,15005,15044,14974,14994,15002,14968,14977,14985,14991,14998,15006,14980,14988
15044,15058,15077,15082,15125,15051,15060,15066,15046,15054,15058,15058,15062,15068,15058,15065
15125,15149,15160,15167,15203,15133,15154,15163,15128,15136,15144,15150,15158,15167,15140,15147
15203,15219,15236,15243,15277,15211,15229,15239,15206,15214,15221,15226,15234,15243,15217,15223
15277,15295,15313,15317,15357,15287,15307,15316,15281,15290,15297,15303,15311,15319,15293,15300
15357,15381,15392,15395,15437,15364,15386,15394,15359,15368,15376,15382,15390,15398,15371,15379
15437,15455,15472,15478,15515,15446,15466,15474,15441,15450,15457,15462,15470,15478,15453,15459
15515,15531,15550,15556,15591,15524,15545,15553,15519,15528,15536,15541,15548,15556,15531,15538
15591,15617,15627,15630,15669,15600,15621,15629,15595,15603,15611,15617,15625,15632,15607,15614
15669,15685,15705,15691,15726,15677,15687,15691,15672,15680,15684,15684,15688,15694,15684,15691
15726,15761,15780,15794,15824,15754,15772,15785,15749,15759,15769,15769,15779,15785,15763,15769
15824,15840,15858,15864,15901,15833,15852,15860,15827,15836,15843,15849,15856,15864,15839,15846
15901,15915,15934,15942,15977,15909,15929,15937,15903,15912,15919,15925,15933,15941,15915,15922
15977,15994,16013,16017,16057,15986,16007,16015,15981,15989,15997,16003,16011,16019,15993,16000
16057,16072,16091,16097,16128,16064,16086,16094,16059,16068,16075,16082,16089,16097,16071,16078
16128,16142,16162,16168,16201,16135,16144,16165,16130,16139,16147,16153,16160,16167,16142,16150
16201,16215,16235,16239,16265,16209,16217,16223,16203,16212,16216,16216,16220,16226,16216,16223
16265,16287,16307,16314,16345,16281,16301,16310,16276,16284,16292,16297,16305,16314,16288,16294
16345,16359,16379,16383,16420,16353,16373,16382,16348,16356,16364,16370,16377,16386,16360,16367
16420,16436,16455,16458,16494,16429,16449,16457,16423,16432,16439,16445,16452,16460,16435,16442
16494,16509,16528,16536,16567,16502,16521,16531,16497,16505,16513,16518,16526,16536,16509,16515
16567,16584,16603,16610,16643,16577,16596,16605,16572,16581,16588,16593,16601,16610,16584,16593
16643,16658,16677,16681,16720,16651,16672,16680,16646,16655,16662,16668,16675,16685,16658,16665
16720,16735,16755,16759,16801,16728,16737,16743,16723,16731,16735,16735,16739,16746,16735,16742
16801,16815,16833,16836,16876,16807,16828,16835,16802,16810,16818,16824,16831,16838,16814,16821
16876,16891,16910,16915,16951,16884,16904,16912,16879,16887,16894,16900,16907,16916,16890,16897
16951,16976,16987,16992,17030,16960,16982,16991,16954,16963,16970,16976,16984,16997,16966,16973
17030,17054,17065,17069,17107,17038,17059,17067,17032,17041,17048,17055,17063,17071,17044,17051
17107,17122,17141,17146,17184,17115,17135,17143,17110,17118,17126,17132,17139,17147,17122,17129
17184,17199,17217,17223,17258,17191,17211,17219,17186,17194,17201,17206,17214,17223,17197,17206
17258,17282,17294,17300,17336,17266,17287,17296,17261,17270,17277,17283,17291,17302,17273,17280
17336,17361,17372,17376,17419,17344,17366,17375,17339,17347,17354,17361,17369,17382,17350,17358
17419,17443,17454,17460,17499,17428,17449,17457,17422,17431,17438,17444,17452,17460,17434,17441
17499,17514,17531,17535,17575,17507,17526,17534,17502,17510,17517,17523,17530,17537,17513,17520
17575,17599,17611,17618,17658,17583,17604,17613,17578,17586,17594,17600,17609,17617,17590,17597
17658,17698,17705,17710,17736,17663,17683,17708,17658,17665,17672,17679,17703,17714,17668,17676
17736,17750,17769,17776,17813,17744,17762,17771,17739,17747,17754,17760,17767,17776,17750,17757
17813,17829,17848,17855,17890,17822,17842,17851,17817,17825,17833,17839,17846,17854,17829,17835
17890,17916,17926,17930,17970,17898,17920,17929,17893,17901,17909,17916,17924,17935,17905,17912
17970,17993,18005,18010,18048,17978,17998,18007,17973,17981,17988,17994,18003,18011,17984,17991
18048,18064,18083,18089,18127,18057,18078,18086,18051,18060,18067,18073,18081,18090,18063,18070
18127,18150,18161,18166,18204,18135,18155,18163,18130,18138,18145,18151,18159,18167,18142,18148
18204,18227,18238,18244,18286,18211,18233,18241,18206,18215,18222,18228,18235,18244,18218,18225
18286,18312,18323,18329,18371,18294,18316,18325,18289,18298,18305,18312,18320,18329,18301,18308
18371,18395,18406,18409,18454,18379,18400,18408,18373,18382,18389,18396,18404,18413,18385,18392
18454,18468,18488,18493,18530,18461,18482,18490,18456,18464,18472,18478,18486,18494,18468,18475
18530,18545,18564,18571,18605,18538,18558,18567,18533,18542,18549,18555,18562,18571,18545,18552
18605,18621,18641,18629,18683,18614,18624,18629,18609,18618,18621,18621,18625,18632,18621,18628
18683,18698,18718,18723,18763,18691,18711,18721,18686,18694,18701,18707,18716,18725,18697,18704
18763,18779,18799,18805,18843,18771,18793,18801,18766,18775,18783,18789,18797,18804,18778,18786
18843,18858,18876,18882,18921,18851,18870,18878,18846,18854,18861,18867,18874,18882,18857,18864
18921,18945,18955,18962,19000,18929,18950,18958,18923,18932,18939,18945,18953,18964,18935,18942
19000,19023,19035,19042,19083,19007,19028,19037,19002,19010,19017,19024,19032,19043,19014,19020
19083,19098,19118,19123,19162,19091,19112,19120,19085,19094,19102,19108,19116,19124,19097,19105
19162,19178,19196,19198,19238,19170,19192,19198,19164,19173,19181,19187,19193,19202,19176,19183
19238,19263,19274,19277,19316,19247,19268,19276,19241,19250,19257,19264,19272,19280,19253,19260
19316,19342,19353,19359,19401,19324,19347,19356,19319,19327,19335,19342,19350,19361,19331,19338
19401,19423,19437,19440,19481,19409,19430,19439,19403,19412,19419,19425,19434,19443,19415,19422
19481,19504,19514,19520,19558,19488,19509,19517,19483,19491,19499,19505,19512,19521,19495,19501
19558,19581,19592,19596,19638,19566,19586,19595,19561,19569,19576,19582,19590,19599,19572,19579
19638,19663,19673,19678,19719,19646,19667,19676,19641,19650,19657,19663,19671,19679,19653,19660
19719,19741,19760,19768,19808,19735,19754,19763,19730,19738,19746,19751,19759,19767,19742,19748
19808,19823,19841,19849,19884,19816,19835,19844,19811,19819,19826,19832,19839,19847,19822,19829
19884,19899,19919,19925,19960,19892,19914,19923,19887,19896,19903,19909,19917,19926,19899,19906
19960,19976,19995,20002,20040,19969,19989,19997,19963,19972,19980,19986,19993,20002,19975,19983
20040,20065,20076,20081,20126,20048,20070,20079,20042,20051,20058,20065,20074,20083,20054,20061
20126,20141,20160,20167,20205,20133,20154,20163,20128,20136,20144,20150,20157,20166,20140,20146
20205,20228,20238,20240,20280,20212,20232,20239,20207,20215,20222,20228,20235,20243,20218,20225
20280,20305,20315,20319,20366,20288,20309,20317,20283,20291,20298,20305,20313,20320,20294,20301
20366,20380,20402,20407,20454,20374,20383,20389,20369,20377,20381,20381,20385,20392,20381,20388
20454,20469,20489,20494,20533,20462,20483,20491,20457,20466,20473,20480,20487,20494,20469,20476
20533,20549,20568,20573,20611,20542,20561,20570,20537,20545,20552,20558,20565,20574,20548,20555
20611,20628,20646,20652,20693,20620,20641,20650,20614,20623,20630,20636,20644,20656,20627,20633
20693,20718,20728,20733,20781,20701,20722,20730,20696,20704,20711,20718,20725,20733,20707,20714
20781,20797,20818,20825,20863,20791,20812,20821,20786,20794,20802,20808,20816,20824,20797,20805
20863,20878,20897,20904,20942,20872,20891,20900,20866,20875,20882,20888,20894,20903,20878,20885
20942,20966,20977,20981,21019,20950,20971,20978,20945,20953,20960,20967,20974,20982,20956,20963
21019,21038,21060,21066,21108,21032,21053,21062,21027,21035,21043,21050,21058,21066,21039,21046
21108,21133,21143,21146,21189,21117,21138,21145,21112,21120,21128,21134,21141,21148,21124,21131
21189,21204,21223,21231,21267,21197,21218,21228,21192,21201,21208,21214,21221,21233,21204,21211
21267,21290,21302,21305,21346,21275,21296,21304,21270,21278,21285,21292,21299,21307,21282,21288
21346,21362,21384,21389,21433,21354,21378,21388,21349,21358,21366,21373,21382,21391,21361,21369
21433,21448,21468,21474,21511,21440,21462,21470,21435,21443,21452,21458,21466,21474,21447,21455
21511,21526,21545,21551,21586,21519,21538,21548,21513,21522,21529,21535,21543,21552,21525,21532
21586,21610,21622,21625,21661,21595,21615,21624,21589,21598,21605,21611,21619,21627,21601,21608
21661,21686,21697,21702,21744,21670,21691,21700,21664,21673,21680,21687,21695,21704,21676,21683
21744,21768,21779,21785,21824,21752,21773,21782,21747,21755,21762,21769,21777,21786,21758,21765
21824,21847,21858,21863,21902,21833,21852,21860,21827,21836,21842,21848,21856,21864,21839,21845
21902,21918,21936,21942,21981,21910,21930,21939,21905,21913,21920,21926,21934,21944,21917,21923
21981,21996,22016,22020,22063,21989,22010,22018,21984,21992,22000,22007,22014,22021,21996,22003
22063,22081,22101,22107,22146,22074,22095,22104,22069,22077,22084,22091,22099,22108,22080,22087
22146,22161,22181,22188,22223,22154,22174,22183,22149,22157,22165,22171,22178,22187,22161,22168
22223,22238,22258,22264,22299,22231,22252,22260,22226,22234,22242,22248,22256,22263,22238,22245
22299,22313,22333,22337,22375,22306,22327,22335,22301,22310,22317,22324,22331,22338,22313,22320
22375,22400,22410,22412,22454,22382,22404,22411,22377,22386,22393,22400,22407,22414,22389,22397
22454,22469,22490,22498,22532,22463,22483,22492,22458,22466,22474,22480,22487,22498,22470,22476
22532,22546,22566,22571,22604,22539,22561,22569,22534,22543,22550,22557,22564,22572,22546,22553
22604,22622,22640,22643,22680,22614,22634,22642,22609,22617,22624,22630,22638,22646,22621,22627
22680,22699,22720,22726,22770,22693,22715,22723,22688,22696,22704,22711,22718,22726,22700,22707
22770,22785,22804,22811,22850,22778,22798,22806,22773,22781,22788,22794,22802,22809,22784,22791
22850,22864,22883,22889,22924,22857,22877,22885,22852,22861,22868,22873,22881,22889,22864,22873
22924,22939,22959,22965,23001,22932,22941,22947,22927,22936,22939,22939,22943,22949,22939,22946
23001,23026,23037,23042,23082,23009,23031,23040,23004,23013,23020,23027,23035,23044,23016,23023
23082,23104,23115,23122,23157,23089,23109,23118,23084,23092,23099,23105,23113,23122,23095,23102
23157,23171,23190,23195,23232,23165,23174,23179,23159,23168,23175,23181,23188,23197,23171,23178
23232,23247,23266,23272,23308,23240,23260,23268,23235,23243,23250,23256,23264,23272,23246,23253
23308,23324,23343,23349,23393,23317,23337,23345,23311,23320,23327,23333,23341,23348,23323,23330
23393,23407,23427,23416,23475,23400,23410,23416,23395,23404,23407,23407,23411,23418,23407,23414
23475,23490,23509,23514,23554,23483,23503,23511,23478,23486,23493,23499,23506,23514,23490,23496
23554,23569,23587,23593,23628,23562,23581,23590,23557,23565,23573,23578,23585,23593,23569,23575
23628,23646,23666,23672,23710,23639,23661,23670,23635,23643,23650,23656,23664,23673,23646,23653
23710,23734,23745,23751,23792,23718,23739,23748,23713,23721,23728,23735,23743,23754,23724,23732
23792,23808,23829,23816,23875,23801,23811,23816,23796,23805,23808,23808,23812,23819,23808,23815
23875,23889,23908,23914,23951,23882,23901,23909,23877,23885,23892,23898,23905,23914,23888,23895
23951,23966,23984,23991,24025,23959,23977,23986,23953,23962,23969,23974,23981,23989,23965,23971
24025,24039,24059,24066,24100,24032,24053,24062,24027,24035,24043,24049,24057,24066,24039,24046
24100,24124,24134,24137,24181,24107,24129,24136,24102,24111,24118,24125,24132,24139,24114,24121
24181,24198,24217,24223,24264,24191,24211,24219,24185,24194,24201,24207,24215,24223,24197,24204
24264,24289,24299,24302,24342,24273,24293,24301,24267,24276,24283,24289,24297,24303,24280,24286
24342,24358,24377,24383,24417,24350,24370,24379,24345,24354,24361,24367,24375,24383,24357,24364
24417,24442,24452,24458,24495,24426,24446,24454,24421,24430,24437,24442,24450,24457,24433,24439
24495,24520,24530,24560,24584,24503,24524,24533,24498,24507,24514,24520,24528,24538,24510,24517
24584,24611,24621,24625,24668,24593,24615,24622,24588,24596,24604,24611,24618,24626,24600,24607
24668,24690,24702,24708,24743,24676,24696,24704,24670,24679,24686,24692,24700,24710,24682,24689
24743,24759,24777,24785,24819,24752,24773,24782,24747,24755,24762,24768,24776,24786,24758,24765
24819,24835,24855,24861,24895,24827,24849,24857,24822,24831,24838,24845,24853,24861,24834,24841
24895,24919,24930,24935,24971,24903,24924,24932,24897,24906,24913,24919,24927,24937,24909,24916
24971,24986,25005,25013,25045,24979,24999,25008,24974,24982,24990,24995,25003,25012,24986,24992
25045,25062,25080,25083,25122,25054,25074,25082,25048,25057,25065,25071,25078,25085,25061,25068
25122,25146,25159,25167,25203,25132,25152,25163,25127,25135,25142,25148,25157,25168,25138,25145
25203,25228,25239,25241,25280,25211,25233,25240,25206,25215,25222,25229,25236,25244,25218,25225
25280,25296,25317,25323,25352,25289,25311,25319,25284,25293,25302,25308,25315,25323,25296,25305
25352,25374,25395,25403,25438,25368,25388,25398,25363,25371,25378,25384,25393,25402,25374,25381
25438,25455,25475,25481,25519,25447,25469,25477,25442,25450,25458,25465,25473,25481,25454,25461
25519,25534,25554,25562,25596,25527,25547,25557,25522,25531,25538,25544,25552,25562,25534,25541
25596,25611,25630,25637,25669,25604,25623,25633,25599,25607,25614,25620,25628,25637,25610,25617
25669,25685,25705,25711,25748,25678,25699,25708,25672,25681,25689,25695,25703,25712,25685,25692
25748,25761,25782,25788,25820,25755,25776,25785,25749,25758,25765,25772,25780,25790,25761,25768
25820,25834,25854,25860,25891,25828,25848,25856,25823,25831,25839,25844,25852,25861,25834,25841
25891,25906,25925,25930,25961,25899,25919,25927,25893,25902,25909,25915,25923,25930,25905,25912
25961,25977,25997,26000,26036,25970,25991,25999,25965,25973,25981,25987,25995,26003,25977,25984
26036,26052,26070,26075,26109,26044,26064,26072,26039,26047,26054,26060,26068,26076,26050,26057
26109,26126,26142,26146,26183,26117,26136,26144,26112,26121,26128,26133,26140,26147,26124,26130
26183,26208,26218,26223,26258,26191,26212,26220,26185,26194,26201,26208,26216,26224,26197,26204
26258,26279,26293,26299,26334,26266,26286,26296,26261,26269,26276,26281,26290,26300,26272,26278
26334,26349,26366,26369,26404,26341,26361,26368,26336,26344,26352,26357,26365,26372,26348,26354
26404,26427,26438,26442,26473,26412,26433,26440,26407,26416,26423,26428,26436,26444,26419,26428
26473,26488,26507,26515,26540,26480,26500,26510,26475,26483,26491,26496,26505,26514,26487,26493
26540,26557,26576,26580,26611,26549,26569,26578,26544,26552,26560,26565,26573,26582,26555,26562
26611,26627,26648,26651,26684,26621,26642,26650,26616,26624,26632,26638,26646,26654,26628,26635
26684,26699,26718,26725,26754,26692,26710,26720,26686,26695,26702,26707,26715,26725,26698,26704
26754,26770,26788,26791,26823,26762,26781,26790,26757,26765,26772,26777,26786,26794,26768,26777
26823,26844,26857,26863,26900,26831,26850,26860,26826,26835,26841,26846,26854,26863,26838,26846
26900,26922,26934,26939,26979,26908,26928,26936,26902,26911,26918,26923,26931,26940,26914,26920
26979,27000,27013,27016,27058,26988,27007,27015,26982,26991,26998,27003,27011,27019,26994,27000
27058,27081,27092,27097,27138,27066,27086,27094,27060,27069,27076,27082,27090,27097,27072,27079
27138,27163,27173,27179,27219,27146,27167,27176,27141,27149,27157,27163,27171,27180,27153,27160
27219,27233,27253,27263,27295,27227,27247,27257,27222,27231,27238,27244,27252,27262,27234,27241
27295,27309,27328,27335,27368,27303,27322,27330,27298,27307,27314,27319,27326,27334,27310,27319
27368,27383,27402,27407,27442,27376,27396,27404,27371,27379,27386,27392,27400,27408,27382,27389
27442,27466,27479,27485,27523,27450,27472,27481,27445,27453,27461,27467,27476,27485,27457,27464
27523,27538,27557,27565,27598,27531,27551,27560,27525,27534,27542,27547,27555,27564,27538,27544
27598,27612,27631,27638,27671,27605,27624,27633,27600,27609,27617,27621,27629,27637,27612,27621
27671,27692,27704,27708,27742,27678,27697,27707,27672,27681,27687,27693,27701,27710,27684,27690
27742,27766,27778,27781,27820,27750,27772,27780,27745,27754,27761,27767,27775,27784,27757,27764
27820,27844,27855,27861,27896,27828,27849,27857,27823,27832,27839,27845,27853,27861,27835,27842
27896,27912,27930,27938,27969,27905,27925,27935,27900,27908,27915,27920,27929,27938,27911,27917
27969,27987,28005,28013,28049,27979,27999,28008,27974,27983,27990,27996,28003,28014,27986,27993
28049,28064,28085,28090,28129,28057,28067,28073,28052,28061,28064,28064,28068,28075,28064,28071
28129,28143,28162,28168,28205,28136,28157,28165,28131,28140,28147,28153,28160,28168,28143,28150
28205,28219,28238,28245,28278,28213,28232,28241,28208,28216,28223,28229,28236,28245,28219,28226
28278,28293,28313,28320,28352,28286,28307,28315,28281,28289,28296,28303,28311,28319,28292,28299
28352,28378,28388,28391,28429,28360,28383,28390,28355,28363,28371,28379,28386,28393,28367,28375
28429,28444,28463,28468,28500,28436,28456,28465,28431,28440,28447,28452,28461,28470,28443,28449
28500,28516,28535,28543,28574,28509,28527,28538,28504,28513,28520,28525,28532,28543,28516,28522
28574,28589,28607,28614,28645,28581,28601,28610,28576,28584,28591,28597,28605,28617,28587,28594
28645,28669,28679,28683,28720,28652,28674,28681,28647,28656,28663,28669,28676,28684,28659,28666
28720,28746,28756,28759,28795,28728,28750,28758,28722,28731,28739,28746,28754,28762,28735,28742
28795,28812,28829,28834,28869,28803,28823,28831,28798,28807,28814,28819,28826,28835,28810,28816
28869,28885,28901,28905,28940,28876,28895,28904,28871,28880,28887,28892,28899,28907,28883,28889
28940,28954,28974,28980,29011,28947,28968,28977,28942,28950,28958,28963,28971,28981,28954,28960
29011,29027,29044,29051,29083,29019,29038,29046,29013,29022,29029,29034,29042,29050,29025,29034
29083,29105,29118,29121,29154,29091,29111,29120,29086,29094,29101,29107,29115,29124,29097,29104
29154,29172,29190,29193,29232,29164,29184,29192,29158,29167,29174,29180,29188,29195,29170,29177
29232,29249,29268,29274,29313,29241,29262,29270,29236,29244,29251,29258,29266,29275,29247,29254
29313,29328,29349,29336,29382,29321,29331,29336,29316,29324,29328,29328,29332,29338,29328,29335
29382,29405,29424,29432,29459,29399,29418,29427,29394,29402,29410,29415,29422,29432,29406,29412
29459,29475,29495,29504,29519,29469,29488,29498,29464,29472,29480,29485,29492,29501,29476,29482
29519,29541,29561,29568,29590,29535,29545,29549,29531,29539,29542,29542,29546,29551,29542,29548
29590,29607,29627,29638,29662,29601,29610,29632,29597,29605,29613,29617,29625,29637,29608,29617
29662,29676,29695,29707,29729,29670,29688,29699,29665,29673,29680,29685,29692,29705,29676,29682
29729,29744,29764,29770,29799,29738,29758,29766,29733,29742,29749,29755,29762,29770,29745,29752
29799,29813,29833,29839,29871,29807,29815,29836,29801,29810,29818,29824,29831,29838,29814,29821
29871,29886,29907,29913,29948,29879,29898,29910,29874,29882,29890,29895,29904,29914,29886,29892
29948,29961,29982,29989,30021,29955,29964,29970,29950,29959,29962,29962,29966,29973,29962,29969
30021,30035,30054,30060,30091,30029,30037,30056,30024,30032,30040,30045,30052,30059,30036,30045
30091,30106,30125,30129,30161,30099,30119,30128,30094,30102,30109,30115,30123,30133,30105,30112
30161,30175,30195,30201,30231,30167,30189,30198,30162,30171,30178,30184,30192,30201,30174,30181
30231,30246,30265,30269,30305,30238,30259,30268,30233,30241,30249,30255,30263,30271,30245,30252
30305,30320,30337,30342,30377,30312,30332,30339,30307,30315,30322,30328,30335,30342,30318,30325
30377,30393,30410,30414,30447,30385,30404,30412,30380,30388,30395,30400,30408,30416,30391,30400
30447,30463,30483,30470,30520,30456,30466,30470,30450,30459,30462,30462,30467,30473,30462,30470
30520,30545,30556,30560,30596,30528,30551,30560,30523,30531,30539,30545,30554,30564,30535,30542
30596,30613,30632,30636,30671,30605,30626,30635,30600,30608,30616,30622,30630,30639,30611,30618
30671,30688,30705,30712,30746,30680,30699,30708,30675,30683,30690,30696,30703,30712,30687,30693
30746,30762,30782,30787,30823,30755,30776,30784,30750,30758,30766,30772,30780,30787,30762,30769
30823,30838,30858,30865,30901,30831,30852,30860,30826,30834,30841,30848,30856,30865,30838,30844
30901,30915,30934,30941,30975,30908,30928,30936,30903,30911,30919,30925,30932,30940,30915,30922
30975,30991,31009,31014,31048,30983,31003,31012,30977,30986,30994,30999,31007,31015,30989,30996
31048,31070,31082,31087,31122,31056,31076,31085,31051,31059,31066,31072,31080,31089,31063,31069
31122,31138,31157,31163,31200,31130,31151,31159,31125,31134,31141,31147,31155,31163,31137,31144
31200,31224,31235,31240,31276,31208,31230,31238,31203,31211,31219,31225,31232,31242,31215,31222
31276,31292,31310,31316,31349,31285,31304,31312,31279,31288,31295,31300,31308,31316,31291,31297
31349,31371,31384,31389,31422,31358,31377,31386,31352,31361,31368,31373,31381,31390,31364,31373
31422,31446,31458,31461,31495,31430,31451,31460,31425,31433,31440,31446,31455,31464,31436,31443
31495,31519,31530,31533,31572,31503,31523,31532,31497,31506,31513,31519,31527,31537,31509,31516
31572,31594,31606,31611,31648,31580,31600,31608,31574,31583,31590,31596,31603,31612,31586,31593
31648,31670,31682,31687,31723,31655,31676,31685,31650,31658,31665,31671,31680,31688,31661,31668
31723,31746,31758,31763,31807,31732,31752,31761,31726,31735,31742,31748,31756,31765,31738,31744
31807,31821,31828,31831,31893,31815,31836,31846,31810,31818,31826,31832,31840,31850,31822,31829
31893,31907,31926,31915,31973,31900,31910,31915,31895,31904,31907,31907,31911,31917,31907,31914
31973,31988,32008,32015,32050,31981,32001,32010,31976,31984,31991,31998,32005,32015,31988,31994
32050,32064,32084,32092,32125,32058,32067,32088,32053,32061,32069,32075,32082,32092,32065,32072
32125,32139,32160,32167,32202,32133,32154,32163,32128,32136,32144,32150,32158,32166,32139,32147
32202,32216,32236,32242,32277,32209,32230,32238,32204,32212,32220,32226,32234,32242,32216,32223
32277,32293,32313,32318,32354,32286,32307,32315,32281,32289,32297,32304,32311,32318,32293,32300
32354,32369,32388,32394,32421,32362,32381,32389,32357,32365,32373,32378,32385,32393,32369,32375
32421,32445,32464,32468,32504,32438,32459,32467,32433,32441,32448,32455,32462,32471,32444,32451
32504,32519,32539,32546,32581,32512,32532,32541,32507,32515,32522,32529,32537,32546,32518,32525
32581,32606,32616,32619,32666,32588,32610,32618,32583,32591,32599,32605,32613,32622,32595,32602
32666,32681,32701,32708,32745,32674,32695,32704,32669,32677,32685,32691,32698,32712,32681,32688
32745,32762,32781,32786,32825,32755,32775,32783,32750,32758,32766,32772,32779,32787,32762,32769
32825,32840,32861,32868,32906,32833,32855,32863,32828,32836,32845,32851,32859,32867,32840,32848
32906,32929,32941,32946,32987,32913,32935,32943,32908,32916,32924,32931,32939,32947,32920,32927
32987,33002,33022,33028,33062,32995,33016,33024,32990,32999,33006,33012,33019,33029,33002,33009
33062,33079,33098,33104,33139,33072,33092,33100,33067,33075,33083,33088,33095,33103,33079,33085
33139,33153,33174,33162,33217,33147,33156,33162,33142,33150,33154,33154,33158,33165,33154,33161
33217,33233,33253,33264,33296,33227,33247,33258,33222,33230,33238,33243,33251,33262,33233,33240
33296,33311,33331,33340,33370,33304,33324,33335,33299,33308,33315,33321,33328,33340,33311,33318
33370,33385,33405,33410,33442,33378,33398,33406,33373,33382,33390,33395,33402,33410,33386,33395
33442,33458,33478,33486,33519,33451,33471,33481,33445,33454,33462,33468,33476,33485,33458,33465
33519,33535,33555,33559,33605,33528,33549,33557,33522,33531,33539,33545,33553,33561,33535,33542
33605,33622,33643,33649,33700,33615,33637,33645,33611,33619,33626,33633,33641,33649,33622,33629
33700,33714,33736,33743,33784,33708,33716,33723,33703,33711,33715,33715,33719,33726,33715,33722
33784,33804,33826,33835,33866,33799,33807,33830,33794,33802,33811,33817,33824,33838,33806,33814
33866,33892,33900,33903,33960,33886,33895,33902,33881,33889,33893,33893,33898,33905,33893,33901
33960,33974,33996,34004,34034,33968,33977,34000,33963,33972,33980,33987,33994,34003,33976,33983
34034,34050,34070,34077,34107,34043,34053,34073,34038,34047,34055,34060,34067,34077,34050,34057
34107,34121,34141,34150,34176,34114,34135,34144,34109,34118,34125,34131,34139,34148,34121,34128
34176,34190,34211,34214,34246,34183,34205,34213,34178,34187,34195,34201,34209,34219,34190,34198
34246,34261,34280,34285,34319,34253,34274,34282,34248,34257,34264,34270,34278,34285,34260,34267
34319,34335,34355,34361,34406,34327,34349,34357,34322,34331,34339,34345,34353,34361,34334,34342
34406,34422,34443,34449,34490,34415,34437,34445,34410,34418,34426,34433,34441,34449,34422,34429
34490,34505,34526,34533,34570,34498,34519,34528,34493,34501,34509,34515,34523,34533,34505,34512
34570,34586,34606,34596,34649,34579,34588,34595,34574,34583,34587,34587,34591,34598,34587,34594
34649,34664,34683,34688,34726,34657,34677,34685,34652,34661,34668,34674,34681,34688,34664,34671
34726,34739,34761,34768,34799,34734,34743,34764,34729,34737,34745,34751,34759,34767,34741,34748
34799,34814,34832,34835,34870,34807,34817,34835,34802,34811,34819,34824,34830,34837,34814,34821
34870,34884,34905,34911,34933,34877,34898,34907,34872,34881,34888,34894,34902,34911,34884,34891
34933,34952,34972,34979,35008,34945,34966,34975,34941,34949,34956,34962,34970,34980,34952,34959
35008,35022,35043,35049,35077,35015,35036,35045,35010,35018,35025,35032,35041,35049,35021,35029
35077,35093,35114,35120,35154,35086,35108,35116,35081,35090,35098,35104,35112,35121,35093,35101
35154,35171,35192,35199,35235,35165,35186,35195,35159,35168,35176,35182,35190,35200,35172,35179
35235,35250,35271,35278,35313,35244,35264,35274,35239,35247,35255,35261,35269,35278,35251,35257
35313,35328,35347,35350,35388,35321,35340,35349,35316,35325,35333,35338,35344,35352,35328,35335
35388,35403,35423,35429,35463,35397,35406,35412,35392,35400,35404,35404,35409,35415,35404,35411
35463,35478,35497,35506,35534,35472,35482,35500,35467,35475,35484,35488,35495,35504,35479,35488
35534,35548,35567,35576,35602,35542,35552,35571,35537,35546,35554,35558,35565,35576,35549,35558
35602,35617,35636,35638,35668,35610,35630,35637,35605,35614,35621,35627,35633,35640,35617,35624
35668,35683,35702,35709,35734,35676,35685,35705,35671,35680,35687,35693,35700,35710,35683,35690
35734,35751,35769,35774,35804,35743,35763,35772,35738,35747,35754,35760,35767,35776,35750,35757
35804,35820,35839,35846,35880,35812,35832,35841,35807,35816,35823,35828,35837,35846,35819,35825
35880,35903,35914,35919,35962,35888,35908,35916,35882,35891,35898,35904,35912,35919,35894,35901
35962,35978,35998,36002,36025,35971,35992,35999,35966,35975,35982,35988,35995,36002,35978,35985
36025,36054,36062,36083,36120,36049,36057,36078,36044,36052,36060,36066,36073,36082,36056,36063
36120,36134,36154,36162,36198,36127,36148,36157,36122,36131,36138,36145,36152,36161,36134,36141
36198,36211,36230,36239,36271,36205,36225,36234,36200,36208,36215,36221,36229,36238,36211,36218
36271,36286,36306,36312,36343,36280,36299,36308,36275,36283,36290,36296,36304,36312,36286,36293
36343,36358,36378,36383,36414,36352,36371,36382,36347,36355,36363,36368,36375,36383,36359,36365
36414,36428,36450,36454,36482,36422,36443,36452,36417,36425,36433,36440,36448,36455,36429,36436
36482,36496,36516,36525,36546,36490,36509,36520,36485,36493,36500,36506,36514,36525,36496,36503
36546,36566,36587,36592,36626,36560,36581,36590,36555,36563,36571,36577,36585,36594,36567,36574
36626,36641,36661,36667,36702,36634,36655,36663,36629,36637,36645,36651,36659,36667,36641,36648
36702,36717,36738,36747,36783,36711,36732,36742,36706,36715,36722,36728,36736,36746,36718,36725
36783,36796,36817,36823,36855,36790,36811,36820,36785,36793,36801,36807,36815,36826,36797,36804
36855,36871,36893,36897,36932,36864,36885,36896,36859,36868,36876,36881,36890,36899,36871,36878
36932,36945,36966,36974,36999,36939,36947,36969,36934,36942,36950,36956,36964,36972,36946,36953
36999,37018,37039,37045,37075,37012,37031,37041,37007,37016,37023,37029,37037,37045,37019,37026
37075,37090,37109,37117,37144,37084,37103,37112,37079,37087,37095,37100,37107,37116,37091,37097
37144,37159,37179,37187,37213,37152,37172,37182,37147,37155,37163,37169,37177,37186,37159,37166
37213,37227,37248,37255,37278,37220,37240,37250,37215,37223,37231,37237,37245,37254,37226,37234
37278,37294,37313,37316,37349,37287,37307,37315,37282,37290,37297,37303,37311,37318,37293,37300
37349,37365,37385,37392,37436,37358,37378,37388,37352,37361,37368,37374,37382,37392,37364,37371
37436,37453,37473,37479,37524,37445,37466,37475,37439,37448,37456,37463,37470,37480,37452,37459
37524,37546,37558,37564,37605,37531,37551,37560,37525,37534,37541,37547,37555,37564,37537,37544
37605,37620,37639,37645,37682,37613,37633,37641,37608,37616,37624,37630,37637,37645,37620,37627
37682,37697,37719,37722,37756,37690,37712,37721,37684,37694,37702,37709,37716,37725,37697,37705
37756,37770,37789,37797,37825,37764,37782,37791,37758,37767,37775,37779,37786,37796,37771,37779
37825,37840,37860,37867,37893,37834,37843,37863,37828,37837,37845,37851,37858,37866,37841,37848
37893,37907,37927,37934,37959,37900,37920,37929,37895,37904,37911,37917,37924,37934,37907,37914
37959,37979,37993,37996,38028,37967,37987,37995,37962,37970,37977,37982,37990,37998,37973,37982
38028,38045,38062,38065,38118,38037,38058,38065,38032,38040,38047,38053,38060,38067,38044,38050
38118,38133,38154,38160,38205,38126,38147,38156,38120,38129,38137,38143,38152,38161,38132,38140
38205,38222,38243,38251,38299,38215,38237,38245,38210,38218,38226,38233,38241,38250,38222,38230
38299,38314,38335,38338,38382,38307,38329,38337,38302,38311,38318,38325,38333,38340,38314,38321
38382,38402,38423,38430,38467,38395,38416,38426,38390,38398,38406,38412,38421,38430,38402,38409
38467,38487,38507,38515,38548,38481,38490,38497,38476,38485,38488,38488,38493,38499,38488,38496
38548,38568,38587,38595,38627,38562,38581,38590,38556,38565,38573,38578,38585,38596,38568,38575
38627,38642,38664,38671,38698,38636,38645,38667,38631,38639,38648,38654,38662,38670,38643,38651
38698,38712,38734,38739,38767,38706,38727,38736,38700,38709,38717,38723,38731,38740,38712,38720
38767,38781,38802,38809,38837,38774,38795,38804,38769,38778,38785,38792,38800,38809,38781,38788
38837,38852,38872,38877,38913,38845,38865,38874,38839,38848,38855,38861,38870,38879,38851,38858
38913,38937,38948,38954,38993,38921,38943,38951,38915,38924,38931,38938,38946,38956,38927,38934
38993,39009,39029,39033,39070,39001,39023,39031,38996,39005,39013,39019,39027,39034,39008,39016
39070,39085,39105,39110,39145,39078,39099,39109,39073,39081,39089,39095,39103,39113,39085,39092
39145,39160,39180,39184,39222,39153,39174,39182,39148,39157,39165,39170,39178,39186,39160,39167
39222,39236,39257,39266,39298,39230,39251,39260,39224,39233,39241,39247,39255,39265,39237,39244
39298,39312,39331,39340,39369,39305,39315,39335,39300,39309,39317,39322,39329,39338,39312,39319
39369,39384,39404,39410,39440,39378,39387,39406,39372,39382,39389,39395,39401,39409,39385,39392
39440,39454,39475,39481,39508,39448,39457,39464,39443,39451,39455,39455,39460,39466,39455,39463
39508,39523,39544,39552,39578,39516,39537,39546,39511,39519,39527,39533,39541,39550,39523,39530
39578,39594,39615,39621,39650,39587,39609,39618,39582,39591,39598,39605,39613,39622,39594,39601
39650,39665,39687,39693,39719,39659,39680,39690,39654,39662,39670,39676,39685,39696,39665,39673
39719,39737,39756,39765,39791,39730,39750,39760,39725,39733,39741,39746,39754,39765,39737,39746
39791,39804,39826,39835,39854,39798,39818,39831,39793,39801,39808,39814,39823,39836,39804,39811
39854,39869,39888,39891,39917,39862,39882,39890,39857,39865,39873,39879,39886,39893,39869,39876
39917,39931,39949,39958,39981,39925,39941,39952,39920,39928,39936,39939,39946,39958,39931,39939
39981,39996,40015,40019,40047,39989,40008,40016,39983,39992,39999,40004,40012,40020,39995,40004
40047,40062,40080,40087,40117,40055,40073,40082,40050,40058,40065,40070,40077,40087,40061,40067
40117,40132,40151,40155,40188,40124,40145,40154,40119,40127,40135,40141,40149,40160,40131,40138
40188,40203,40224,40230,40263,40196,40217,40226,40191,40199,40207,40213,40221,40231,40203,40210
40263,40277,40298,40306,40339,40271,40292,40301,40266,40274,40282,40288,40296,40306,40278,40285
40339,40352,40371,40380,40415,40346,40365,40374,40342,40349,40356,40362,40369,40376,40353,40359
40415,40429,40449,40456,40492,40423,40442,40451,40418,40426,40434,40440,40447,40454,40430,40437
40492,40508,40527,40532,40569,40501,40521,40529,40496,40505,40512,40518,40525,40533,40508,40515
40569,40583,40602,40609,40638,40576,40595,40604,40571,40579,40587,40592,40600,40608,40583,40589
40638,40652,40671,40677,40707,40646,40655,40675,40641,40649,40657,40662,40669,40682,40653,40659
40707,40721,40740,40746,40773,40714,40734,40742,40709,40718,40725,40731,40738,40746,40721,40728
40773,40787,40805,40808,40839,40780,40800,40807,40775,40783,40790,40796,40803,40810,40786,40793
40839,40855,40875,40884,40912,40847,40868,40879,40842,40850,40857,40864,40873,40882,40853,40860
40912,40936,40946,40951,40995,40920,40940,40948,40914,40923,40930,40937,40944,40952,40926,40933
40995,41020,41031,41039,41080,41004,41025,41034,40999,41008,41015,41021,41029,41038,41011,41018
41080,41095,41114,41121,41153,41088,41108,41117,41083,41092,41099,41104,41113,41121,41095,41101
41153,41181,41193,41198,41235,41168,41187,41195,41163,41171,41177,41183,41191,41199,41174,41180
41235,41249,41269,41276,41306,41242,41263,41272,41237,41246,41254,41259,41267,41275,41250,41256
41306,41321,41341,41328,41378,41314,41323,41328,41309,41317,41321,41321,41325,41331,41321,41328
41378,41392,41413,41400,41450,41386,41395,41400,41381,41389,41393,41393,41396,41403,41393,41400
41450,41464,41483,41487,41521,41458,41478,41485,41453,41461,41469,41474,41481,41488,41465,41471
41521,41535,41553,41557,41588,41528,41547,41555,41523,41531,41538,41544,41551,41559,41534,41541
41588,41603,41622,41628,41660,41595,41616,41624,41590,41599,41606,41612,41619,41627,41602,41609
41660,41685,41695,41702,41737,41668,41690,41698,41662,41671,41678,41685,41693,41702,41674,41681
41737,41761,41771,41777,41811,41745,41765,41774,41740,41748,41755,41761,41769,41777,41751,41758
41811,41833,41844,41851,41884,41818,41837,41846,41813,41821,41828,41834,41841,41850,41825,41831
41884,41907,41918,41922,41956,41892,41912,41921,41886,41895,41902,41908,41916,41924,41898,41905
41956,41979,41991,41996,42029,41963,41985,41993,41958,41966,41974,41980,41988,41997,41970,41977
42029,42052,42062,42069,42099,42036,42056,42064,42031,42039,42046,42052,42060,42069,42042,42049
42099,42115,42132,42140,42166,42108,42127,42136,42102,42111,42118,42123,42131,42142,42114,42123
42166,42188,42208,42217,42244,42182,42202,42211,42177,42186,42193,42199,42206,42215,42189,42196
42244,42260,42279,42283,42304,42253,42273,42281,42248,42257,42264,42270,42277,42284,42260,42267
42304,42328,42347,42352,42382,42321,42342,42351,42316,42324,42331,42338,42346,42356,42327,42334
42382,42400,42418,42426,42455,42391,42411,42421,42386,42394,42401,42407,42416,42426,42397,42404
42455,42470,42491,42497,42526,42464,42485,42494,42459,42467,42475,42481,42489,42497,42471,42478
42526,42541,42560,42563,42595,42535,42554,42562,42530,42538,42545,42551,42558,42567,42541,42548
42595,42608,42630,42635,42660,42602,42612,42625,42597,42605,42614,42616,42622,42625,42608,42616
42660,42673,42692,42701,42723,42667,42685,42695,42661,42670,42677,42682,42689,42706,42673,42679
42723,42738,42758,42766,42787,42731,42751,42761,42726,42734,42742,42748,42755,42770,42738,42745
42787,42802,42820,42829,42852,42796,42805,42824,42791,42799,42807,42811,42818,42828,42802,42811
42852,42867,42887,42894,42919,42862,42870,42891,42857,42865,42872,42878,42884,42894,42868,42875
42919,42933,42951,42954,42981,42926,42944,42953,42921,42930,42937,42941,42948,42958,42933,42941
42981,42996,43016,43022,43044,42990,43008,43018,42985,42993,43001,43006,43013,43022,42997,43003
43044,43059,43077,43065,43097,43052,43063,43065,43047,43056,43059,43059,43064,43067,43059,43065
43097,43122,43141,43149,43175,43116,43135,43144,43112,43119,43127,43132,43139,43148,43123,43129
43175,43189,43207,43213,43241,43182,43199,43209,43177,43186,43195,43196,43205,43213,43189,43196
43241,43254,43272,43279,43304,43249,43264,43273,43244,43252,43259,43262,43269,43278,43255,43262
43304,43318,43335,43342,43364,43312,43323,43337,43307,43316,43325,43325,43332,43341,43320,43325
43364,43380,43397,43402,43424,43374,43384,43398,43368,43377,43388,43388,43393,43403,43381,43388
43424,43439,43456,43464,43486,43433,43446,43458,43428,43436,43445,43445,43453,43462,43440,43445
43486,43499,43516,43522,43545,43494,43503,43518,43488,43497,43508,43508,43512,43522,43501,43508
43545,43561,43577,43585,43608,43554,43566,43578,43549,43558,43568,43568,43573,43583,43562,43568
43608,43623,43638,43644,43670,43617,43628,43640,43611,43620,43624,43624,43634,43646,43624,43640
43670,43686,43699,43706,43732,43679,43690,43701,43674,43683,43687,43687,43696,43705,43687,43700
43732,43747,43763,43767,43791,43740,43752,43764,43735,43743,43753,43753,43759,43768,43747,43753
43791,43807,43823,43829,43855,43801,43813,43824,43795,43804,43813,43813,43820,43829,43808,43813
43855,43869,43883,43887,43920,43863,43873,43884,43857,43866,43869,43869,43879,43888,43869,43884
43920,43936,43969,43951,43984,43928,43941,43950,43922,43932,43938,43938,43945,43954,43936,43938
43984,44000,44014,44020,44050,43993,44005,44016,43987,43997,44006,44006,44010,44020,44006,44015
44050,44064,44078,44085,44113,44057,44069,44079,44052,44061,44067,44067,44074,44084,44067,44078
44113,44127,44142,44147,44173,44120,44133,44142,44115,44123,44130,44130,44138,44147,44126,44130
44173,44188,44218,44205,44235,44181,44193,44204,44176,44184,44193,44193,44199,44208,44188,44193
44235,44249,44263,44267,44288,44242,44253,44264,44237,44246,44249,44249,44259,44267,44249,44263
44288,44308,44324,44330,44359,44302,44317,44326,44297,44305,44312,44315,44322,44329,44308,44315
44359,44373,44403,44391,44428,44367,44380,44390,44361,44370,44379,44379,44386,44394,44373,44379
44428,44444,44456,44461,44501,44436,44450,44458,44430,44439,44447,44447,44453,44461,44442,44447
44501,44517,44531,44533,44577,44509,44526,44532,44504,44512,44519,44523,44529,44536,44515,44523
44577,44593,44607,44612,44653,44585,44601,44609,44580,44588,44596,44596,44604,44613,44591,44596
44653,44666,44697,44682,44721,44660,44671,44682,44655,44663,44667,44667,44676,44686,44667,44682
44721,44735,44769,44752,44786,44729,44739,44751,44724,44732,44741,44741,44747,44756,44736,44741
44786,44802,44817,44823,44853,44796,44807,44820,44791,44799,44808,44808,44815,44823,44802,44808
44853,44870,44884,44887,44921,44863,44874,44886,44858,44867,44870,44870,44881,44888,44870,44885
44921,44936,44970,44954,44989,44930,44941,44954,44925,44933,44943,44943,44949,44959,44937,44943
44989,45003,45017,45022,45050,44996,45007,45018,44991,45000,45003,45003,45013,45021,45003,45017
45050,45067,45082,45089,45117,45061,45072,45084,45056,45064,45073,45073,45079,45089,45068,45073
45117,45131,45161,45146,45180,45124,45135,45146,45119,45128,45131,45131,45141,45149,45131,45145
45180,45195,45209,45213,45244,45188,45202,45210,45182,45191,45198,45198,45206,45214,45194,45198
45244,45280,45289,45293,45312,45251,45284,45292,45246,45254,45269,45278,45287,45296,45257,45274
45312,45329,45341,45346,45383,45319,45334,45342,45313,45322,45329,45330,45338,45345,45325,45330
45383,45399,45411,45417,45452,45391,45405,45414,45385,45394,45402,45402,45409,45417,45397,45402
45452,45468,45481,45486,45524,45461,45474,45485,45456,45465,45468,45468,45479,45489,45468,45484
45524,45541,45553,45558,45596,45532,45547,45555,45526,45535,45542,45542,45550,45558,45537,45542
45596,45616,45626,45629,45670,45604,45621,45627,45599,45607,45613,45616,45623,45630,45610,45616
45670,45688,45700,45702,45746,45677,45695,45702,45672,45681,45687,45691,45697,45704,45683,45691
45746,45764,45777,45782,45825,45754,45772,45779,45748,45757,45764,45768,45774,45782,45760,45768
45825,45841,45855,45860,45902,45833,45850,45857,45828,45836,45843,45847,45853,45860,45839,45847
45902,45916,45930,45935,45971,45909,45923,45931,45904,45912,45919,45921,45927,45935,45915,45921
45971,45986,46013,46000,46020,45979,45990,45999,45974,45982,45986,45986,45995,46003,45986,45999
46020,46050,46063,46070,46097,46044,46053,46066,46039,46047,46058,46058,46062,46071,46051,46058
46097,46111,46123,46132,46155,46104,46115,46126,46099,46108,46112,46112,46121,46129,46112,46125
46155,46169,46182,46190,46213,46163,46174,46185,46158,46166,46170,46170,46180,46190,46170,46185
46213,46228,46242,46247,46272,46221,46233,46243,46216,46224,46232,46232,46238,46247,46228,46232
46272,46287,46302,46304,46334,46280,46294,46303,46275,46283,46292,46292,46299,46307,46287,46292
46334,46354,46384,46365,46406,46343,46360,46365,46337,46346,46352,46356,46362,46368,46349,46356
46406,46423,46436,46440,46483,46414,46429,46437,46409,46417,46423,46426,46433,46441,46420,46426
46483,46505,46515,46517,46567,46492,46511,46517,46487,46495,46502,46506,46513,46520,46498,46506
46567,46584,46599,46603,46642,46576,46593,46600,46571,46579,46585,46590,46596,46604,46582,46587
46642,46663,46679,46687,46726,46657,46666,46681,46652,46660,46668,46671,46677,46685,46663,46671
46726,46741,46757,46765,46803,46734,46751,46759,46729,46737,46744,46748,46755,46763,46740,46748
46803,46817,46833,46838,46877,46810,46820,46834,46805,46813,46822,46825,46830,46838,46817,46825
46877,46891,46906,46911,46948,46884,46899,46907,46879,46887,46894,46897,46903,46911,46890,46897
46948,46962,46978,46983,47019,46956,46966,46981,46951,46959,46967,46970,46976,46985,46962,46970
47019,47033,47064,47051,47086,47026,47044,47051,47021,47030,47037,47041,47047,47054,47033,47041
47086,47100,47116,47121,47150,47094,47105,47117,47089,47097,47107,47107,47112,47122,47101,47107
47150,47164,47180,47186,47214,47158,47173,47182,47153,47161,47168,47171,47177,47185,47164,47171
47214,47229,47243,47248,47285,47222,47235,47245,47217,47226,47234,47234,47241,47248,47229,47234
47285,47300,47331,47341,47359,47293,47304,47317,47288,47296,47306,47306,47312,47321,47300,47306
47359,47372,47406,47389,47428,47366,47376,47389,47361,47369,47378,47378,47384,47394,47372,47378
47428,47442,47470,47477,47496,47435,47446,47458,47430,47438,47447,47448,47454,47461,47442,47448
47496,47509,47525,47530,47561,47502,47519,47527,47497,47505,47512,47516,47522,47530,47508,47516
47561,47578,47593,47598,47631,47571,47586,47594,47566,47574,47581,47583,47590,47598,47577,47583
47631,47645,47661,47664,47700,47639,47653,47662,47633,47642,47650,47651,47658,47665,47645,47651
47700,47714,47730,47735,47769,47707,47723,47731,47702,47710,47716,47720,47727,47735,47713,47720
47769,47784,47799,47804,47840,47777,47793,47800,47772,47780,47786,47790,47797,47803,47783,47790
47840,47864,47873,47874,47917,47850,47869,47874,47845,47853,47859,47864,47870,47876,47856,47864
47917,47932,47948,47949,47994,47925,47943,47949,47920,47928,47936,47940,47945,47952,47932,47937
47994,48008,48026,48031,48065,48002,48019,48027,47997,48005,48012,48017,48023,48031,48008,48014
48065,48081,48099,48104,48137,48075,48092,48101,48070,48078,48084,48089,48096,48105,48081,48089
48137,48152,48167,48169,48207,48145,48155,48168,48140,48149,48158,48158,48164,48172,48152,48158
48207,48223,48240,48245,48279,48216,48226,48230,48211,48219,48227,48231,48237,48245,48223,48231
48279,48295,48310,48315,48351,48287,48304,48311,48282,48290,48296,48300,48307,48315,48293,48300
48351,48365,48380,48385,48419,48358,48374,48382,48352,48361,48368,48371,48378,48385,48364,48371
48419,48435,48449,48454,48489,48427,48444,48451,48422,48430,48437,48440,48446,48454,48433,48440
48489,48504,48518,48524,48556,48497,48509,48520,48492,48501,48510,48510,48515,48524,48504,48510
48556,48574,48586,48588,48622,48564,48580,48587,48559,48567,48574,48576,48583,48591,48570,48576
48622,48637,48671,48651,48689,48630,48640,48650,48625,48633,48637,48637,48644,48655,48637,48651
48689,48703,48717,48721,48755,48695,48710,48718,48690,48698,48705,48705,48714,48721,48701,48705
48755,48772,48785,48789,48826,48763,48779,48787,48757,48766,48773,48774,48782,48790,48768,48774
48826,48843,48856,48859,48903,48834,48851,48857,48829,48837,48844,48848,48853,48860,48840,48848
48903,48920,48957,48925,48983,48911,48922,48926,48906,48915,48918,48918,48923,48926,48918,48924
48983,48998,49031,49012,49056,48990,49007,49012,48985,48993,49000,49003,49009,49015,48996,49003
49056,49072,49086,49088,49127,49065,49077,49087,49060,49068,49078,49078,49083,49092,49071,49078
49127,49146,49159,49163,49198,49137,49154,49161,49131,49140,49147,49150,49156,49164,49143,49150
49198,49214,49229,49233,49265,49206,49223,49231,49201,49209,49217,49219,49226,49234,49212,49219
49265,49281,49296,49300,49331,49273,49290,49298,49268,49276,49283,49286,49293,49302,49279,49286
49331,49346,49361,49364,49397,49338,49354,49362,49333,49342,49349,49351,49358,49365,49345,49351
49397,49416,49427,49431,49464,49404,49421,49428,49399,49407,49413,49417,49424,49431,49410,49417
49464,49481,49494,49498,49534,49472,49488,49496,49467,49476,49484,49484,49491,49498,49478,49484
49534,49550,49563,49568,49603,49542,49556,49565,49537,49546,49553,49553,49560,49568,49549,49553
49603,49617,49644,49632,49666,49610,49625,49632,49605,49613,49621,49623,49628,49635,49616,49623
49666,49686,49702,49704,49745,49680,49697,49704,49675,49683,49690,49694,49700,49706,49686,49691
49745,49761,49776,49781,49820,49753,49770,49778,49748,49756,49762,49767,49774,49781,49759,49767
49820,49841,49868,49857,49895,49828,49845,49850,49821,49831,49837,49837,49846,49850,49833,49837
49895,49908,49924,49929,49960,49902,49912,49916,49897,49905,49912,49916,49923,49930,49908,49916
49960,49980,49996,49998,50026,49974,49984,49997,49969,49977,49986,49987,49993,50000,49981,49987
50026,50049,50065,50068,50099,50043,50058,50067,50038,50046,50055,50055,50063,50070,50049,50055
50099,50117,50133,50138,50166,50111,50126,50134,50106,50114,50121,50124,50130,50138,50117,50124
50166,50182,50237,50246,50300,50176,50187,50240,50171,50179,50194,50202,50236,50243,50182,50198
50300,50314,50329,50334,50368,50307,50322,50331,50302,50310,50319,50319,50326,50335,50314,50319
50368,50382,50398,50408,50437,50376,50391,50400,50371,50379,50386,50388,50395,50403,50382,50388
50437,50451,50467,50471,50506,50445,50460,50468,50439,50448,50455,50457,50464,50472,50451,50457
50506,50520,50535,50539,50568,50513,50528,50536,50508,50516,50524,50524,50532,50539,50519,50524
50568,50586,50602,50606,50639,50580,50596,50604,50575,50583,50590,50594,50600,50607,50586,50594
50639,50653,50668,50673,50703,50646,50657,50670,50641,50649,50657,50659,50665,50674,50652,50659
50703,50718,50733,50739,50771,50711,50726,50735,50707,50715,50722,50723,50731,50738,50718,50723
50771,50785,50802,50806,50840,50778,50795,50803,50773,50781,50788,50792,50799,50807,50784,50792
50840,50855,50869,50874,50908,50847,50862,50870,50842,50850,50856,50859,50866,50874,50852,50859
50908,50925,50939,50942,50977,50916,50932,50940,50911,50919,50926,50928,50936,50944,50922,50928
50977,50993,51009,51012,51047,50985,51004,51012,50980,50988,50996,51000,51007,51015,50992,51000
51047,51061,51076,51081,51110,51054,51069,51077,51049,51057,51063,51066,51073,51080,51060,51066
51110,51127,51142,51145,51178,51120,51135,51143,51116,51123,51131,51133,51139,51145,51126,51133
51178,51193,51207,51212,51241,51185,51201,51208,51180,51188,51194,51198,51205,51212,51191,51198
51241,51260,51274,51276,51314,51252,51268,51275,51247,51255,51262,51265,51271,51278,51258,51265
51314,51327,51355,51344,51380,51320,51337,51344,51315,51323,51330,51334,51339,51346,51326,51334
51380,51397,51426,51412,51448,51388,51405,51412,51383,51391,51400,51400,51407,51417,51394,51400
51448,51466,51480,51491,51522,51459,51473,51483,51454,51462,51469,51471,51478,51486,51465,51471
51522,51542,51571,51552,51592,51529,51546,51552,51524,51532,51538,51542,51548,51555,51535,51542
51592,51607,51622,51625,51659,51599,51615,51623,51594,51602,51608,51612,51619,51626,51605,51612
51659,51675,51704,51691,51726,51667,51685,51691,51662,51670,51678,51682,51687,51695,51674,51679
51726,51742,51758,51763,51796,51735,51751,51759,51730,51738,51744,51749,51755,51762,51741,51749
51796,51811,51827,51829,51865,51804,51820,51828,51799,51807,51814,51817,51824,51831,51810,51817
51865,51879,51895,51898,51933,51872,51889,51897,51867,51875,51882,51886,51892,51899,51878,51886
51933,51948,51965,51967,52001,51941,51959,51966,51936,51944,51951,51956,51962,51970,51947,51956
52001,52017,52030,52034,52070,52010,52022,52033,52004,52013,52017,52017,52026,52040,52017,52030
52070,52084,52113,52119,52137,52078,52089,52101,52073,52081,52090,52090,52096,52104,52084,52090
52137,52152,52165,52170,52200,52144,52158,52166,52139,52147,52153,52155,52162,52169,52149,52155
52200,52216,52231,52237,52268,52208,52225,52234,52204,52211,52218,52221,52228,52238,52214,52221
52268,52300,52311,,52335,52276,52307,52322,52270,52279,52286,52301,52319,52326,52282,52298
52335,52352,52367,52369,52405,52343,52362,52369,52338,52346,52353,52357,52364,52371,52349,52357
52405,52423,52434,52439,52475,52414,52429,52436,52408,52417,52423,52423,52431,52439,52419,52423
52475,52491,52502,52508,52539,52483,52496,52505,52477,52486,52493,52493,52500,52508,52489,52493
52539,52557,52572,52575,52606,52550,52559,52573,52546,52554,52561,52564,52569,52576,52557,52564
52606,52626,52642,52644,52682,52619,52637,52644,52614,52622,52629,52633,52639,52647,52625,52633
52682,52696,52729,52714,52751,52689,52704,52714,52684,52692,52701,52701,52708,52718,52695,52701
52751,52766,52781,52787,52821,52759,52774,52783,52754,52762,52770,52772,52779,52787,52765,52772
52821,52837,52853,52858,52894,52831,52847,52854,52826,52834,52840,52844,52850,52858,52836,52844
52894,52908,52923,52928,52958,52902,52915,52924,52897,52905,52913,52913,52920,52928,52908,52913
52958,52977,52992,52997,53029,52971,52984,52993,52966,52974,52982,52982,52989,52997,52977,52982
53029,53044,53073,53079,53096,53037,53051,53060,53031,53040,53048,53048,53056,53063,53043,53048
53096,53110,53125,53128,53161,53103,53117,53126,53098,53106,53115,53115,53122,53129,53109,53115
53161,53179,53194,53198,53236,53172,53187,53195,53167,53175,53182,53184,53191,53198,53178,53184
53236,53253,53266,53268,53304,53243,53259,53267,53238,53246,53252,53256,53263,53271,53249,53256
53304,53323,53335,53337,53370,53314,53329,53336,53309,53317,53324,53324,53332,53340,53320,53324
53370,53393,53405,53408,53443,53385,53400,53407,53380,53388,53395,53395,53403,53410,53391,53395
53443,53460,53475,53481,53515,53453,53469,53477,53448,53456,53462,53466,53473,53481,53459,53466
53515,53528,53543,53549,53581,53521,53537,53545,53516,53524,53532,53534,53541,53549,53528,53534
53581,53598,53612,53614,53653,53590,53606,53613,53585,53593,53601,53602,53610,53617,53596,53602
53653,53673,53699,53686,53722,53660,53679,53686,53655,53662,53669,53674,53681,53689,53665,53671
53722,53737,53762,53752,53786,53730,53745,53752,53725,53733,53741,53741,53748,53754,53736,53741
53786,53803,53817,53821,53855,53796,53810,53818,53791,53800,53807,53807,53815,53822,53803,53807
53855,53873,53887,53890,53924,53865,53880,53888,53860,53868,53875,53877,53884,53891,53871,53877
53924,53938,53953,53957,53991,53931,53947,53955,53926,53934,53941,53944,53950,53958,53937,53944
53991,54011,54038,54022,54057,53998,54015,54022,53992,54000,54006,54010,54017,54027,54003,54010
54057,54075,54107,54087,54126,54065,54081,54087,54060,54068,54075,54075,54083,54090,54071,54075
54126,54143,54155,54158,54194,54133,54149,54157,54128,54136,54144,54144,54152,54160,54139,54144
54194,54210,54240,54225,54262,54202,54217,54225,54197,54205,54213,54213,54220,54229,54208,54213
54262,54276,54290,54296,54327,54269,54282,54291,54264,54272,54280,54280,54287,54296,54275,54280
54327,54341,54372,54358,54391,54334,54349,54357,54329,54337,54344,54347,54353,54361,54340,54347
54391,54405,54421,54425,54456,54399,54414,54423,54394,54402,54409,54411,54418,54426,54405,54411
54456,54471,54487,54489,54523,54463,54481,54488,54458,54466,54473,54478,54484,54491,54469,54475
54523,54537,54564,54553,54591,54531,54539,54552,54526,54534,54541,54544,54549,54555,54537,54544
54591,54606,54633,54621,54639,54598,54606,54610,54593,54601,54603,54603,54607,54610,54603,54609
54639,54669,54677,54690,54713,54664,54672,54678,54659,54667,54670,54670,54675,54678,54670,54677
54713,54734,54750,54755,54783,54728,54737,54752,54723,54731,54738,54742,54748,54755,54734,54742
54783,54797,54811,54818,54842,54791,54801,54814,54786,54794,54804,54804,54809,54818,54798,54804
54842,54858,54872,54876,54907,54851,54867,54875,54846,54855,54862,54864,54871,54878,54858,54864
54907,54921,54936,54941,54971,54914,54929,54937,54909,54917,54923,54926,54933,54940,54920,54926
54971,54988,54999,55003,55038,54978,54992,54999,54973,54980,54986,54989,54996,55003,54983,54989
55038,55058,55068,55073,55109,55046,55063,55070,55041,55049,55055,55059,55066,55073,55052,55059
55109,55123,55135,55140,55168,55116,55127,55136,55111,55120,55124,55124,55131,55139,55124,55135
55168,55193,55208,55213,55249,55186,55202,55209,55181,55189,55196,55199,55206,55213,55192,55199
55249,55263,55293,55299,55317,55257,55271,55279,55252,55260,55267,55269,55275,55282,55263,55269
55317,55330,55365,55372,55389,55324,55334,55338,55319,55327,55335,55339,55345,55354,55331,55339
55389,55403,55420,55422,55451,55397,55414,55421,55391,55400,55406,55411,55417,55424,55403,55408
55451,55477,55492,55494,55532,55470,55489,55494,55465,55473,55479,55484,55490,55496,55476,55484
55532,55547,55562,55568,55598,55541,55555,55564,55536,55544,55552,55552,55559,55567,55547,55552
55598,55613,55628,55630,55662,55607,55618,55629,55602,55610,55619,55619,55625,55632,55614,55619
55662,55675,55683,55694,55722,55669,55678,55690,55664,55673,55676,55676,55682,55695,55676,55683
55722,55736,55751,55757,55781,55730,55741,55752,55725,55734,55737,55737,55747,55757,55737,55752
55781,55796,55827,55812,55839,55789,55801,55811,55784,55793,55800,55800,55806,55816,55797,55800
55839,55854,55870,55872,55901,55847,55863,55871,55842,55850,55857,55861,55867,55875,55853,55861
55901,55917,55929,55933,55962,55908,55922,55929,55902,55911,55917,55917,55926,55933,55913,55917
55962,55980,55991,55994,56026,55969,55986,55992,55964,55972,55977,55981,55988,55995,55974,55981
56026,56047,56056,56057,56096,56035,56051,56057,56029,56038,56043,56045,56053,56060,56040,56045
56096,56113,56125,56127,56166,56104,56118,56125,56098,56107,56114,56114,56122,56129,56109,56114
56166,56185,56210,56196,56236,56173,56190,56196,56167,56175,56181,56185,56192,56199,56178,56185
56236,56256,56279,56265,56304,56243,56260,56265,56237,56245,56251,56255,56261,56268,56248,56255
56304,56326,56337,56343,56379,56314,56332,56340,56310,56317,56324,56328,56335,56343,56320,56328
56379,56398,56409,56415,56449,56386,56402,56410,56381,56389,56395,56399,56406,56414,56392,56399
56449,56465,56480,56484,56519,56457,56474,56482,56452,56460,56467,56471,56477,56484,56463,56471
56519,56534,56549,56551,56586,56527,56543,56551,56522,56531,56538,56540,56546,56554,56534,56540
56586,56602,56616,56620,56647,56593,56610,56617,56587,56596,56602,56606,56613,56620,56599,56606
56647,56663,56679,56682,56711,56656,56673,56681,56651,56659,56666,56669,56676,56684,56662,56669
56711,56725,56754,56742,56772,56718,56732,56742,56713,56722,56731,56731,56737,56745,56725,56731
56772,56790,56804,56805,56841,56782,56799,56805,56777,56785,56791,56795,56801,56808,56787,56795
56841,56858,56871,56875,56908,56849,56865,56872,56844,56852,56858,56861,56868,56875,56854,56861
56908,56923,56950,56938,56971,56915,56929,56938,56910,56918,56926,56926,56933,56941,56921,56926
56971,56987,57014,57002,57034,56979,56993,57001,56974,56983,56990,56990,56997,57005,56986,56990
57034,57051,57065,57069,57101,57043,57058,57066,57038,57046,57052,57054,57062,57069,57049,57054
57101,57117,57131,57134,57161,57108,57124,57132,57102,57110,57117,57121,57128,57136,57113,57121
57161,57183,57198,57202,57235,57176,57193,57201,57171,57179,57185,57189,57196,57203,57182,57189
57235,57251,57279,57266,57301,57244,57258,57266,57239,57247,57255,57255,57262,57269,57250,57255
57301,57316,57332,57336,57367,57310,57320,57323,57305,57313,57321,57324,57330,57337,57316,57324
57367,57382,57397,57401,57430,57374,57390,57398,57369,57377,57384,57387,57394,57402,57380,57387
57430,57445,57459,57464,57495,57438,57452,57461,57433,57441,57448,57449,57456,57464,57443,57449
57495,57509,57537,57526,57560,57502,57520,57526,57497,57505,57511,57516,57522,57528,57508,57516
57560,57577,57590,57594,57627,57568,57584,57592,57563,57571,57578,57580,57587,57596,57574,57580
57627,57645,57658,57663,57697,57636,57651,57659,57631,57639,57647,57647,57655,57663,57642,57647
57697,57714,57727,57731,57764,57706,57720,57729,57700,57709,57716,57716,57724,57732,57712,57716
57764,57780,57793,57799,57831,57773,57785,57795,57767,57776,57780,57780,57790,57798,57780,57794
57831,57845,57860,57865,57886,57838,57851,57861,57833,57841,57848,57848,57856,57865,57844,57848
57886,57907,57923,57927,57957,57901,57910,57925,57896,57904,57911,57915,57921,57928,57907,57915
57957,57972,57988,57993,58021,57966,57981,57989,57961,57969,57976,57978,57985,57992,57972,57978
58021,58037,58052,58055,58089,58030,58046,58053,58025,58033,58040,58043,58049,58056,58036,58043
58089,58106,58119,58121,58157,58097,58113,58120,58092,58100,58106,58110,58116,58123,58102,58110
58157,58170,58200,58207,58222,58164,58175,58185,58159,58167,58175,58175,58181,58189,58170,58175
58222,58237,58263,58252,58284,58229,58244,58252,58223,58231,58237,58240,58247,58254,58234,58240
58284,58300,58315,58317,58348,58293,58309,58316,58288,58296,58302,58306,58312,58319,58299,58306
58348,58367,58381,58385,58421,58359,58374,58383,58355,58363,58370,58370,58379,58386,58366,58370
58421,58435,58465,58454,58488,58429,58446,58453,58424,58432,58438,58443,58450,58456,58435,58443
58488,58505,58519,58521,58547,58498,58511,58520,58492,58501,58508,58508,58516,58523,58504,58508
58547,58571,58585,58589,58621,58564,58579,58587,58559,58567,58575,58577,58583,58590,58570,58577
58621,58637,58650,58655,58687,58629,58643,58651,58624,58633,58640,58640,58647,58655,58635,58640
58687,58701,58716,58721,58752,58694,58707,58717,58689,58697,58705,58705,58713,58722,58700,58705
58752,58766,58781,58786,58817,58759,58774,58782,58754,58762,58768,58770,58778,58786,58765,58770
58817,58833,58848,58852,58888,58825,58842,58850,58820,58828,58835,58838,58845,58853,58831,58838
58888,58904,58918,58920,58957,58896,58912,58919,58891,58899,58906,58909,58915,58922,58902,58909
58957,58973,58987,58994,59024,58966,58980,58989,58960,58969,58976,58976,58984,58993,58972,58976
59024,59041,59055,59060,59093,59033,59048,59056,59028,59037,59044,59044,59052,59060,59039,59044
59093,59109,59133,59136,59162,59101,59117,59136,59096,59103,59110,59113,59131,59137,59106,59113
59162,59182,59207,59194,59231,59170,59188,59194,59164,59173,59179,59183,59190,59197,59175,59183
59231,59246,59261,59266,59299,59239,59254,59263,59234,59242,59251,59251,59258,59266,59245,59251
59299,59314,59328,59333,59366,59307,59321,59330,59302,59310,59318,59318,59325,59333,59313,59318
59366,59380,59395,59397,59428,59373,59389,59396,59368,59376,59383,59386,59392,59400,59379,59386
59428,59443,59457,59459,59486,59436,59450,59458,59430,59439,59446,59446,59454,59462,59442,59446
59486,59502,59518,59523,59549,59496,59511,59519,59491,59499,59506,59509,59515,59523,59502,59509
59549,59563,59595,59579,59606,59556,59567,59578,59551,59560,59564,59564,59573,59583,59564,59578
59606,59622,59651,59637,59657,59615,59626,59636,59610,59619,59623,59623,59631,59641,59623,59636
59657,59683,59698,59703,59733,59677,59689,59700,59672,59680,59689,59689,59696,59704,59684,59689
59733,59748,59762,59766,59797,59741,59755,59763,59736,59744,59751,59751,59759,59768,59747,59751
59797,59812,59828,59830,59861,59805,59821,59829,59800,59808,59815,59818,59825,59832,59811,59818
59861,59877,59892,59897,59924,59870,59886,59893,59865,59873,59880,59883,59890,59897,59876,59883
59924,59937,59966,59953,59981,59931,59942,59952,59926,59934,59941,59941,59948,59956,59937,59941
59981,59997,60011,60016,60045,59989,60004,60012,59984,59992,59998,60001,60008,60015,59995,60001
60045,60058,60074,60079,60108,60051,60066,60075,60046,60054,60060,60063,60070,60078,60057,60063
60108,60123,60136,60142,60172,60115,60129,60137,60110,60118,60124,60126,60133,60141,60121,60126
60172,60186,60201,60206,60237,60180,60191,60202,60175,60183,60192,60192,60198,60205,60187,60192
60237,60251,60267,60273,60300,60244,60259,60268,60239,60247,60255,60256,60263,60273,60250,60256
60300,60315,60330,60336,60366,60308,60323,60332,60303,60312,60319,60319,60327,60335,60315,60319
60366,60381,60398,60400,60434,60374,60391,60399,60369,60378,60385,60389,60395,60403,60381,60386
60434,60447,60479,60464,60499,60441,60456,60463,60436,60444,60451,60453,60460,60467,60447,60453
60499,60512,60529,60535,60564,60507,60522,60530,60502,60510,60517,60520,60526,60534,60513,60520
60564,60577,60609,60595,60626,60571,60582,60594,60566,60574,60583,60583,60589,60600,60577,60583
60626,60639,60669,60656,60683,60633,60647,60655,60628,60636,60643,60645,60652,60660,60639,60645
60683,60699,60713,60718,60746,60693,60704,60714,60688,60696,60704,60704,60710,60718,60699,60704
60746,60761,60790,60777,60806,60753,60769,60777,60747,60756,60764,60764,60772,60780,60759,60764
60806,60821,60834,60840,60868,60814,60826,60836,60808,60817,60825,60825,60831,60839,60820,60825
60868,60885,60897,60899,60930,60875,60892,60899,60870,60878,60884,60887,60894,60901,60881,60887
60930,60947,60959,60962,60996,60938,60953,60961,60933,60942,60949,60949,60956,60964,60945,60949
60996,61014,61040,61025,61061,61004,61019,61025,60998,61008,61012,61012,61021,61028,61011,61012
61061,61078,61102,61091,61128,61069,61084,61091,61063,61072,61079,61079,61086,61093,61075,61079
61128,61147,61157,61159,61197,61135,61152,61158,61130,61138,61144,61147,61154,61161,61141,61147
61197,61218,61228,61232,61269,61205,61222,61229,61200,61208,61214,61218,61225,61232,61211,61218
61269,61289,61299,61303,61343,61277,61293,61300,61272,61279,61285,61290,61296,61304,61282,61287
61343,61364,61373,61376,61416,61351,61368,61375,61346,61354,61360,61363,61370,61378,61357,61363
61416,61432,61465,61446,61484,61424,61438,61446,61419,61427,61435,61435,61441,61449,61430,61435
61484,61500,61513,61517,61546,61491,61507,61515,61486,61495,61502,61502,61510,61518,61498,61502
61546,61563,61576,61580,61609,61554,61571,61578,61549,61557,61563,61566,61573,61580,61560,61566
61609,61625,61654,61640,61670,61617,61632,61640,61611,61620,61627,61627,61636,61644,61623,61627
61670,61688,61700,61704,61734,61678,61694,61701,61673,61681,61687,61690,61697,61705,61684,61690
61734,61750,61763,61765,61798,61741,61757,61764,61736,61744,61750,61754,61760,61768,61747,61754
61798,61817,61840,61828,61863,61805,61822,61828,61800,61808,61814,61817,61824,61831,61811,61817
61863,61880,61892,61894,61928,61871,61886,61893,61866,61874,61880,61882,61889,61896,61876,61882
61928,61944,61958,61962,61992,61936,61951,61959,61931,61940,61948,61948,61955,61963,61943,61948
61992,62006,62021,62026,62054,61999,62012,62022,61994,62003,62010,62010,62017,62025,62006,62010
62054,62070,62084,62089,62119,62062,62076,62084,62057,62065,62072,62072,62081,62088,62068,62072
62119,62136,62149,62152,62184,62126,62142,62149,62121,62129,62135,62139,62146,62153,62132,62139
62184,62202,62215,62218,62254,62192,62209,62217,62187,62195,62201,62205,62212,62220,62198,62205
62254,62271,62284,62288,62321,62261,62277,62285,62256,62264,62270,62274,62281,62288,62267,62274
62321,62337,62364,62353,62389,62330,62345,62353,62325,62333,62339,62342,62348,62355,62335,62342
62389,62404,62432,62419,62454,62397,62411,62419,62392,62400,62408,62408,62415,62422,62403,62408
62454,62470,62484,62489,62522,62462,62477,62485,62457,62466,62474,62474,62481,62489,62469,62474
62522,62538,62552,62554,62592,62529,62546,62553,62524,62532,62538,62542,62549,62557,62535,62542
62592,62606,62621,62625,62662,62599,62609,62612,62594,62602,62610,62613,62618,62625,62606,62613
62662,62679,62692,62694,62728,62670,62685,62693,62665,62673,62679,62682,62689,62697,62675,62682
62728,62743,62772,62759,62793,62736,62748,62759,62731,62740,62743,62743,62754,62762,62743,62758
62793,62807,62823,62825,62856,62800,62817,62823,62795,62803,62809,62814,62820,62827,62806,62811
62856,62871,62887,62891,62921,62864,62880,62888,62859,62867,62874,62878,62884,62891,62870,62878
62921,62938,62963,62951,62984,62928,62945,62951,62923,62931,62937,62941,62947,62954,62934,62941
62984,62999,63013,63015,63047,62992,63005,63014,62986,62995,63003,63003,63010,63018,62998,63003
63047,63061,63076,63081,63111,63054,63068,63077,63049,63057,63065,63065,63073,63081,63060,63065
63111,63125,63139,63145,63175,63119,63131,63140,63114,63122,63129,63129,63136,63143,63125,63129
63175,63190,63203,63208,63239,63182,63195,63203,63176,63185,63190,63190,63199,63207,63188,63190
63239,63259,63281,63269,63304,63246,63263,63269,63241,63249,63255,63259,63265,63272,63251,63259
63304,63323,63346,63334,63370,63311,63328,63334,63306,63314,63320,63323,63330,63337,63317,63323
63370,63387,63400,63403,63437,63378,63394,63401,63372,63380,63387,63390,63397,63404,63383,63390
63437,63453,63468,63473,63504,63446,63462,63470,63441,63449,63456,63458,63465,63474,63452,63458
63504,63518,63533,63536,63564,63511,63526,63534,63505,63514,63521,63523,63530,63538,63517,63523
63564,63580,63594,63598,63627,63572,63588,63596,63567,63575,63582,63584,63591,63598,63578,63584
63627,63641,63658,63664,63689,63635,63650,63660,63630,63638,63645,63649,63655,63664,63641,63649
63689,63705,63719,63723,63755,63698,63713,63721,63693,63702,63709,63709,63717,63724,63704,63709
63755,63770,63800,63785,63811,63762,63776,63784,63756,63765,63772,63772,63780,63788,63768,63772
63811,63832,63845,63851,63880,63825,63838,63847,63820,63828,63835,63835,63843,63851,63831,63835
63880,63895,63910,63915,63943,63888,63902,63911,63883,63891,63897,63899,63907,63914,63893,63899
63943,63960,63972,63974,64007,63951,63967,63974,63945,63953,63960,63963,63969,63976,63956,63963
64007,64025,64049,64038,64073,64015,64031,64038,64010,64018,64024,64027,64034,64040,64020,64027
64073,64091,64102,64105,64139,64080,64096,64103,64075,64083,64088,64092,64099,64106,64085,64092
64139,64158,64169,64171,64205,64147,64163,64170,64142,64150,64156,64159,64166,64173,64153,64159
64205,64221,64234,64238,64268,64213,64226,64234,64208,64216,64222,64222,64230,64238,64219,64222
64268,64284,64297,64303,64331,64276,64290,64299,64271,64279,64286,64286,64294,64303,64282,64286
64331,64346,64374,64361,64392,64338,64354,64361,64333,64341,64348,64350,64357,64365,64344,64350
64392,64407,64420,64424,64454,64399,64412,64421,64394,64403,64410,64410,64417,64425,64406,64410
64454,64470,64483,64484,64516,64461,64476,64483,64456,64464,64472,64472,64480,64487,64467,64472
64516,64532,64546,64550,64579,64525,64538,64547,64520,64528,64535,64535,64543,64551,64531,64535
64579,64595,64607,64610,64642,64587,64599,64607,64582,64591,64598,64598,64603,64611,64594,64598
64642,64656,64691,64672,64703,64649,64662,64671,64644,64653,64660,64660,64667,64674,64656,64660
64703,64720,64732,64736,64768,64711,64726,64734,64706,64715,64720,64721,64729,64736,64717,64721
64768,64786,64798,64802,64835,64776,64792,64799,64771,64779,64785,64788,64795,64802,64782,64788
64835,64852,64865,64867,64904,64843,64858,64866,64838,64846,64853,64854,64862,64869,64849,64854
64904,64920,64933,64937,64970,64912,64928,64935,64906,64915,64921,64924,64931,64938,64917,64924
64970,64985,65013,65000,65034,64978,64991,64999,64973,64981,64989,64989,64996,65003,64984,64989
65034,65049,65064,65065,65097,65042,65057,65064,65037,65045,65053,65053,65061,65068,65048,65053
65097,65113,65140,65128,65160,65104,65120,65128,65099,65107,65114,65116,65123,65130,65110,65116
65160,65175,65203,65191,65224,65167,65181,65190,65162,65171,65178,65178,65186,65194,65174,65178
65224,65239,65254,65258,65289,65232,65247,65255,65227,65235,65243,65243,65251,65259,65238,65243
65289,65304,65319,65324,65348,65297,65311,65320,65292,65300,65307,65307,65316,65324,65303,65307
65348,65367,65381,65386,65414,65361,65374,65383,65356,65364,65371,65371,65379,65386,65367,65371
65414,65429,65443,65447,65474,65422,65434,65443,65416,65425,65432,65432,65439,65447,65428,65432
65474,65489,65519,65506,65535,65482,65496,65505,65477,65485,65492,65492,65500,65509,65488,65492
65535,65550,65576,65565,65598,65543,65557,65564,65538,65546,65552,65552,65560,65567,65548,65552
65598,65614,65626,65628,65662,65605,65619,65627,65599,65608,65614,65614,65623,65630,65610,65614
65662,65682,65704,65692,65730,65670,65686,65692,65664,65673,65676,65680,65688,65695,65675,65680
65730,65752,65777,65759,65797,65738,65755,65759,65733,65741,65746,65750,65756,65761,65743,65750
65797,65813,65826,65832,65862,65805,65819,65827,65800,65808,65814,65814,65823,65831,65810,65814
65862,65876,65905,65893,65926,65869,65885,65892,65864,65872,65878,65882,65889,65896,65875,65882
65926,65939,65954,65958,65990,65933,65947,65955,65928,65936,65942,65945,65951,65958,65938,65945
65990,66004,66033,66021,66055,65997,66014,66021,65992,66000,66006,66010,66017,66024,66003,66010
66055,66069,66098,66086,66119,66062,66077,66085,66057,66065,66072,66074,66081,66088,66068,66074
66119,66133,66147,66151,66179,66126,66139,66147,66121,66129,66135,66135,66143,66151,66131,66135
66179,66193,66209,66213,66238,66186,66195,66209,66181,66189,66197,66200,66206,66213,66193,66200
66238,66252,66267,66272,66297,66245,66259,66268,66240,66249,66257,66257,66264,66272,66252,66257
66297,66311,66326,66328,66355,66303,66320,66327,66298,66306,66312,66317,66324,66330,66309,66317
66355,66375,66385,66387,66418,66363,66379,66386,66358,66365,66371,66376,66382,66389,66368,66373
66418,66434,66448,66450,66480,66425,66441,66448,66420,66428,66434,66438,66445,66452,66430,66438
66480,66497,66509,66511,66543,66487,66502,66510,66482,66490,66496,66498,66506,66512,66493,66498
66543,66559,66573,66577,66605,66550,66566,66574,66545,66553,66559,66562,66569,66577,66556,66562
66605,66621,66634,66635,66666,66612,66627,66634,66607,66615,66620,66623,66630,66637,66617,66623
66666,66685,66695,66697,66728,66673,66690,66697,66667,66676,66681,66685,66692,66700,66678,66685
66728,66746,66759,66762,66790,66735,66752,66761,66730,66738,66744,66747,66755,66767,66741,66747
66790,66809,66820,66824,66853,66798,66814,66821,66793,66801,66807,66810,66817,66824,66804,66810
66853,66870,66882,66884,66915,66861,66876,66884,66856,66865,66872,66872,66879,66887,66867,66872
66915,66931,66944,66945,66974,66923,66938,66945,66917,66926,66933,66933,66940,66948,66928,66933
66974,66991,67017,67006,67034,66982,66998,67005,66976,66985,66993,66993,67001,67009,66988,66993
67034,67050,67063,67067,67094,67041,67056,67064,67036,67044,67051,67051,67060,67068,67047,67051
67094,67112,67124,67126,67156,67102,67117,67125,67096,67105,67111,67113,67121,67128,67107,67113
67156,67174,67199,67187,67219,67163,67180,67187,67158,67166,67173,67175,67182,67189,67169,67175
67219,67236,67262,67250,67281,67227,67243,67250,67221,67230,67236,67236,67245,67252,67232,67236
67281,67298,67329,67310,67340,67288,67302,67309,67282,67291,67296,67296,67305,67313,67293,67296
67340,67357,67384,67370,67399,67348,67363,67370,67342,67351,67357,67357,67365,67373,67353,67357
67399,67415,67428,67431,67458,67407,67420,67428,67401,67411,67416,67416,67425,67432,67414,67416
67458,67475,67487,67488,67520,67465,67481,67487,67460,67468,67474,67477,67484,67490,67471,67477
67520,67538,67549,67551,67585,67527,67543,67550,67522,67530,67536,67539,67546,67553,67533,67539
67585,67601,67614,67619,67653,67592,67607,67616,67587,67596,67603,67603,67611,67619,67598,67603
67653,67670,67683,67685,67721,67661,67676,67684,67656,67664,67671,67671,67680,67687,67667,67671
67721,67737,67751,67756,67787,67729,67743,67752,67723,67732,67739,67739,67748,67756,67735,67739
67787,67803,67817,67821,67851,67794,67811,67819,67789,67797,67804,67807,67814,67822,67800,67807
67851,67866,67880,67885,67914,67858,67873,67882,67853,67862,67869,67869,67877,67886,67865,67869
67914,67931,67944,67947,67979,67921,67937,67945,67916,67924,67930,67934,67941,67949,67927,67934
67979,67994,68008,68013,68044,67986,68002,68009,67980,67989,67995,67999,68006,68013,67991,67999
68044,68062,68086,68073,68105,68051,68066,68073,68046,68054,68059,68061,68069,68076,68056,68061
68105,68122,68135,68141,68170,68114,68128,68136,68109,68117,68124,68124,68132,68139,68120,68124
68170,68184,68198,68202,68230,68176,68191,68200,68171,68179,68186,68186,68195,68203,68182,68186
68230,68245,68273,68260,68290,68237,68254,68260,68231,68240,68246,68250,68256,68263,68242,68250
68290,68307,68320,68324,68353,68298,68313,68321,68293,68301,68307,68310,68317,68324,68303,68310
68353,68369,68384,68386,68418,68361,68378,68385,68356,68364,68370,68374,68381,68388,68367,68374
68418,68438,68450,68452,68486,68427,68444,68451,68422,68430,68436,68440,68447,68454,68432,68440
68486,68505,68516,68519,68553,68495,68509,68517,68490,68498,68504,68504,68513,68520,68501,68504
68553,68572,68583,68585,68618,68560,68576,68583,68555,68563,68569,68572,68580,68587,68566,68572
68618,68635,68659,68647,68681,68625,68641,68647,68620,68628,68635,68635,68643,68650,68631,68635
68681,68698,68711,68714,68746,68689,68704,68711,68684,68692,68698,68700,68708,68715,68694,68700
68746,68764,68777,68779,68813,68754,68771,68778,68749,68757,68763,68767,68774,68782,68760,68767
68813,68829,68844,68849,68881,68821,68838,68845,68816,68824,68830,68834,68841,68848,68827,68834
68881,68897,68923,68912,68944,68888,68903,68911,68883,68891,68897,68900,68907,68914,68894,68900
68944,68959,68974,68979,69006,68952,68967,68976,68947,68955,68961,68964,68971,68980,68958,68964
69006,69022,69036,69040,69067,69014,69028,69037,69008,69017,69024,69024,69033,69040,69020,69024
69067,69081,69097,69101,69128,69074,69091,69099,69069,69077,69083,69088,69095,69102,69080,69085
69128,69143,69159,69162,69192,69136,69152,69160,69131,69139,69146,69149,69156,69164,69142,69149
69192,69208,69222,69225,69256,69200,69217,69224,69194,69203,69209,69213,69220,69227,69206,69213
69256,69272,69286,69291,69321,69265,69279,69288,69260,69268,69274,69276,69284,69291,69270,69276
69321,69335,69364,69351,69381,69328,69342,69350,69323,69331,69338,69338,69346,69354,69334,69338
69381,69395,69424,69413,69441,69388,69404,69412,69383,69391,69400,69400,69408,69416,69394,69400
69441,69456,69471,69476,69503,69449,69464,69473,69444,69452,69461,69461,69468,69476,69455,69461
69503,69517,69533,69536,69567,69510,69527,69535,69505,69513,69519,69523,69530,69537,69516,69523
69567,69580,69596,69599,69624,69574,69587,69596,69568,69577,69585,69585,69592,69600,69580,69585
69624,69642,69695,69699,69750,69636,69689,69698,69631,69639,69654,69686,69694,69701,69642,69674
69750,69763,69779,69782,69808,69757,69769,69780,69752,69760,69769,69769,69775,69784,69763,69769
69808,69823,69837,69843,69869,69816,69829,69838,69811,69819,69826,69826,69834,69842,69822,69826
69869,69884,69899,69903,69930,69876,69892,69902,69871,69880,69887,69887,69896,69907,69882,69887
69930,69949,69975,69962,69992,69938,69955,69962,69932,69941,69947,69950,69957,69965,69943,69950
69992,70008,70021,70025,70053,70000,70013,70021,69994,70003,70009,70009,70017,70025,70005,70009
70053,70069,70083,70087,70114,70061,70075,70084,70056,70064,70071,70071,70079,70087,70067,70071
70114,70128,70142,70144,70174,70121,70135,70143,70116,70124,70131,70131,70139,70146,70127,70131
70174,70190,70202,70205,70236,70181,70196,70204,70175,70184,70191,70191,70199,70207,70186,70191
70236,70255,70281,70266,70301,70243,70260,70266,70237,70245,70252,70255,70262,70270,70248,70255
70301,70318,70331,70333,70369,70309,70325,70332,70303,70312,70318,70321,70328,70335,70314,70321
70369,70387,70398,70402,70436,70377,70393,70400,70371,70380,70386,70388,70396,70403,70382,70388
70436,70452,70476,70465,70498,70443,70458,70465,70438,70446,70453,70453,70461,70467,70448,70453
70498,70512,70528,70530,70557,70505,70519,70529,70500,70509,70517,70517,70524,70533,70512,70517
70557,70572,70587,70591,70617,70565,70579,70588,70559,70568,70575,70575,70583,70591,70571,70575
70617,70632,70662,70648,70676,70624,70638,70647,70619,70627,70634,70634,70643,70651,70630,70634
70676,70691,70705,70711,70736,70683,70697,70706,70678,70686,70694,70694,70702,70711,70689,70694
70736,70751,70779,70766,70797,70744,70757,70765,70738,70747,70755,70755,70762,70769,70750,70755
70797,70811,70825,70830,70855,70804,70817,70826,70799,70807,70814,70814,70821,70829,70810,70814
70855,70870,70883,70888,70913,70863,70876,70884,70857,70866,70872,70872,70880,70887,70868,70872
70913,70928,70942,70947,70973,70921,70934,70943,70916,70924,70931,70931,70939,70947,70927,70931
70973,70986,71014,71003,71035,70980,70995,71002,70975,70983,70990,70993,70999,71005,70986,70993
71035,71050,71065,71070,71101,71043,71058,71066,71038,71046,71053,71056,71062,71070,71049,71056
71101,71116,71130,71134,71167,71109,71123,71132,71103,71112,71119,71119,71127,71135,71115,71119
71167,71181,71196,71200,71230,71175,71185,71196,71170,71178,71186,71186,71193,71200,71181,71186
71230,71246,71261,71266,71293,71238,71254,71262,71233,71241,71247,71251,71258,71265,71244,71251
71293,71307,71323,71327,71356,71301,71316,71325,71296,71304,71311,71313,71320,71328,71307,71313
71356,71372,71399,71386,71418,71363,71378,71385,71358,71366,71374,71374,71382,71389,71369,71374
71418,71432,71447,71453,71480,71425,71440,71448,71420,71428,71436,71437,71444,71452,71431,71437
71480,71495,71522,71511,71542,71487,71503,71511,71482,71490,71497,71500,71506,71513,71493,71500
71542,71557,71571,71575,71602,71550,71564,71572,71544,71553,71560,71560,71568,71575,71556,71560
71602,71616,71631,71636,71659,71609,71623,71632,71604,71612,71620,71620,71628,71636,71615,71620
71659,71674,71688,71690,71717,71667,71681,71689,71662,71670,71678,71678,71685,71693,71673,71678
71717,71731,71759,71747,71775,71724,71737,71746,71718,71727,71735,71735,71742,71750,71730,71735
71775,71789,71819,71805,71832,71781,71795,71804,71776,71785,71791,71791,71799,71808,71787,71791
71832,71847,71860,71864,71890,71839,71853,71861,71834,71843,71848,71848,71857,71864,71845,71848
71890,71904,71931,71919,71947,71897,71909,71918,71892,71901,71907,71907,71914,71922,71904,71907
71947,71961,71991,71977,72003,71954,71967,71976,71949,71958,71963,71963,71972,71980,71961,71963
72003,72018,72032,72036,72061,72011,72024,72033,72005,72014,72021,72021,72029,72036,72017,72021
72061,72077,72102,72091,72122,72069,72083,72090,72063,72072,72078,72078,72086,72093,72074,72078
72122,72138,72164,72152,72188,72129,72146,72152,72124,72132,72138,72141,72148,72155,72135,72141
72188,72205,72216,72220,72254,72194,72210,72217,72189,72197,72203,72206,72213,72221,72200,72206
72254,72269,72283,72287,72320,72261,72277,72284,72256,72265,72271,72274,72280,72287,72267,72274
72320,72335,72348,72353,72381,72327,72340,72349,72321,72330,72337,72337,72345,72352,72333,72337
72381,72397,72410,72412,72442,72388,72404,72411,72383,72391,72397,72400,72407,72414,72394,72400
72442,72457,72471,72473,72503,72449,72464,72472,72444,72452,72459,72460,72468,72476,72455,72460
72503,72523,72534,72538,72569,72511,72527,72535,72506,72514,72519,72524,72531,72539,72516,72521
72569,72585,72597,72602,72632,72576,72591,72598,72571,72579,72585,72587,72594,72602,72581,72587
72632,72646,72675,72663,72693,72639,72653,72662,72634,72642,72649,72649,72657,72666,72644,72649
72693,72707,72735,72723,72754,72700,72713,72722,72695,72703,72712,72712,72718,72725,72706,72712
72754,72768,72795,72784,72813,72760,72775,72783,72755,72763,72770,72771,72779,72786,72766,72771
72813,72828,72844,72846,72876,72821,72837,72845,72816,72824,72831,72834,72841,72848,72827,72834
72876,72892,72907,72911,72940,72884,72900,72908,72879,72887,72894,72896,72904,72912,72890,72896
72940,72955,72971,72973,73005,72948,72965,72972,72943,72951,72958,72962,72968,72975,72954,72962
73005,73020,73047,73037,73066,73013,73029,73036,73008,73016,73022,73026,73032,73039,73019,73026
73066,73080,73097,73100,73125,73074,73089,73098,73069,73077,73085,73087,73094,73102,73080,73087
73125,73141,73156,73161,73185,73134,73149,73157,73129,73137,73143,73146,73153,73161,73140,73146
73185,73201,73215,73222,73244,73193,73207,73217,73188,73196,73203,73203,73212,73225,73199,73203
73244,73258,73285,73273,73299,73251,73266,73273,73246,73254,73261,73261,73269,73276,73257,73261
73299,73318,73339,73344,73363,73309,73322,73329,73304,73314,73322,73322,73325,73332,73322,73329
73363,73376,73402,73392,73427,73369,73382,73391,73364,73373,73380,73380,73387,73394,73376,73380
73427,73442,73458,73463,73494,73435,73446,73459,73430,73439,73447,73449,73455,73463,73442,73449
73494,73510,73541,73526,73559,73502,73517,73526,73497,73506,73514,73514,73521,73529,73509,73514
73559,73573,73589,73594,73625,73567,73581,73591,73562,73570,73579,73579,73586,73594,73574,73579
73625,73639,73654,73658,73691,73632,73648,73656,73627,73635,73642,73645,73651,73658,73638,73645
73691,73706,73720,73725,73748,73699,73713,73721,73694,73702,73709,73709,73717,73724,73705,73709
73748,73769,73784,73790,73817,73763,73777,73786,73759,73766,73774,73774,73782,73789,73769,73774
73817,73833,73861,73849,73883,73825,73841,73849,73820,73829,73836,73837,73844,73852,73832,73837
73883,73897,73930,73913,73947,73889,73906,73912,73885,73892,73899,73903,73909,73915,73895,73903
73947,73965,73978,73980,74010,73955,73971,73979,73949,73958,73963,73967,73975,73982,73960,73967
74010,74027,74040,74043,74072,74018,74034,74041,74013,74021,74027,74030,74037,74044,74024,74030
74072,74088,74102,74108,74137,74081,74094,74104,74076,74085,74092,74092,74099,74106,74088,74092
74137,74151,74183,74166,74195,74143,74159,74166,74138,74146,74153,74155,74162,74169,74149,74155
74195,74209,74224,74229,74253,74202,74217,74225,74197,74205,74212,74214,74221,74229,74208,74214
74253,74268,74284,74286,74313,74261,74277,74285,74256,74264,74271,74274,74281,74288,74267,74274
74313,74327,74343,74345,74374,74320,74336,74344,74315,74323,74330,74334,74340,74348,74326,74334
74374,74389,74404,74405,74435,74382,74398,74405,74377,74385,74392,74394,74401,74408,74388,74394
74435,74449,74464,74466,74496,74442,74456,74465,74437,74445,74453,74455,74461,74469,74448,74455
74496,74511,74524,74527,74558,74503,74517,74526,74498,74507,74513,74513,74521,74529,74509,74513
74558,74576,74595,74583,74621,74565,74581,74583,74560,74568,74576,74576,74582,74587,74571,74576
74621,74638,74650,74653,74687,74629,74644,74651,74623,74632,74639,74639,74647,74654,74635,74639
74687,74705,74717,74719,74751,74694,74710,74718,74688,74698,74705,74705,74714,74721,74700,74705
74751,74767,74780,74782,74815,74759,74773,74781,74753,74762,74769,74769,74777,74784,74765,74769
74815,74831,74858,74846,74879,74823,74837,74845,74818,74826,74833,74833,74841,74848,74829,74833
74879,74894,74921,74909,74938,74885,74902,74909,74880,74888,74896,74896,74904,74912,74891,74896
74938,74954,74989,74969,74999,74945,74961,74968,74940,74948,74957,74957,74964,74971,74951,74957
74999,75014,75045,75030,75059,75006,75021,75029,75001,75009,75015,75018,75025,75033,75011,75018
75059,75073,75087,75090,75120,75066,75081,75089,75060,75069,75076,75077,75084,75091,75072,75077
75120,75134,75148,75151,75180,75127,75140,75148,75121,75130,75138,75138,75145,75152,75133,75138
75180,75195,75222,75210,75239,75188,75201,75209,75182,75191,75197,75197,75205,75213,75194,75197
75239,75257,75281,75269,75298,75247,75262,75269,75241,75250,75255,75256,75265,75272,75252,75256
75298,75314,75341,75327,75358,75306,75320,75327,75300,75309,75315,75315,75323,75330,75312,75315
75358,75374,75386,75391,75423,75365,75379,75387,75360,75368,75375,75375,75383,75391,75371,75375
75423,75441,75452,75458,75502,75431,75446,75454,75425,75434,75438,75442,75450,75457,75436,75442
75502,75521,75533,75535,75586,75511,75527,75534,75506,75514,75520,75524,75530,75537,75517,75524
75586,75601,75615,75621,75664,75595,75608,75617,75590,75598,75606,75606,75613,75620,75601,75606
75664,75678,75693,75700,75733,75671,75683,75696,75666,75674,75683,75683,75690,75700,75677,75683
75733,75747,75764,75770,75799,75741,75750,75765,75736,75744,75752,75755,75761,75769,75748,75755
75799,75813,75829,75832,75862,75806,75822,75830,75801,75809,75816,75820,75826,75833,75812,75820
75862,75876,75905,75893,75913,75869,75884,75892,75864,75872,75879,75881,75888,75896,75875,75881
75913,75938,75951,75955,75984,75930,75944,75952,75925,75933,75940,75940,75948,75955,75936,75940
75984,76000,76025,76014,76043,75991,76006,76013,75985,75994,76000,76002,76009,76016,75996,76002
76043,76061,76072,76073,76105,76051,76065,76072,76045,76054,76057,76060,76069,76076,76055,76060
76105,76125,76133,76135,76175,76112,76129,76135,76106,76114,76119,76124,76131,76137,76116,76121
76175,76196,76205,76207,76261,76184,76200,76206,76178,76187,76191,76195,76203,76210,76188,76195
76261,76283,76291,76296,76347,76269,76287,76293,76264,76272,76277,76282,76289,76297,76274,76279
76347,76364,76378,76384,76428,76356,76372,76379,76351,76359,76365,76369,76376,76383,76362,76369
76428,76445,76459,76462,76496,76436,76452,76461,76431,76439,76445,76449,76456,76467,76442,76449
76496,76521,76537,76543,76579,76514,76531,76539,76509,76517,76523,76528,76535,76543,76520,76528
76579,76594,76611,76616,76650,76588,76606,76614,76583,76591,76598,76603,76609,76616,76594,76600
76650,76664,76680,76683,76715,76657,76674,76682,76652,76660,76667,76670,76677,76685,76663,76670
76715,76730,76745,76748,76778,76723,76737,76747,76718,76726,76735,76735,76742,76751,76729,76735
76778,76793,76808,76810,76839,76786,76801,76809,76780,76789,76797,76797,76805,76812,76792,76797
76839,76857,76869,76872,76900,76847,76862,76870,76841,76849,76855,76858,76866,76873,76852,76858
76900,76914,76929,76932,76960,76906,76922,76930,76901,76909,76916,76919,76926,76934,76912,76919
76960,76976,76989,76992,77023,76968,76983,76991,76962,76971,76978,76978,76986,76994,76974,76978
77023,77040,77054,77059,77093,77031,77048,77056,77026,77034,77041,77044,77051,77060,77037,77044
77093,77109,77139,77124,77166,77101,77117,77124,77096,77104,77113,77113,77120,77128,77107,77113
77166,77187,77212,77198,77234,77173,77191,77198,77168,77176,77183,77187,77193,77201,77179,77187
77234,77249,77264,77266,77300,77242,77258,77265,77236,77245,77251,77255,77261,77268,77248,77255
77300,77318,77330,77333,77363,77306,77323,77330,77301,77309,77315,77320,77327,77334,77312,77317
77363,77377,77409,77395,77427,77370,77388,77395,77365,77374,77381,77385,77390,77398,77377,77385
77427,77443,77458,77464,77488,77435,77450,77460,77429,77438,77444,77446,77454,77465,77440,77446
77488,77504,77519,77523,77550,77497,77513,77521,77492,77501,77509,77509,77516,77524,77504,77509
77550,77564,77592,77580,77609,77557,77573,77580,77553,77560,77568,77570,77576,77583,77563,77570
77609,77625,77639,77644,77668,77617,77631,77640,77612,77620,77627,77627,77636,77644,77623,77627
77668,77682,77696,77699,77726,77675,77688,77696,77670,77679,77685,77685,77692,77700,77682,77685
77726,77744,77755,77759,77786,77734,77748,77756,77728,77737,77742,77743,77752,77759,77739,77743
77786,77801,77814,77817,77851,77794,77807,77815,77788,77797,77804,77804,77811,77818,77800,77804
77851,77866,77880,77882,77916,77858,77873,77881,77853,77861,77869,77869,77877,77884,77864,77869
77916,77931,77945,77949,77980,77923,77939,77947,77918,77926,77934,77934,77942,77950,77929,77934
77980,77998,78010,78012,78044,77988,78004,78011,77982,77991,77997,78001,78008,78014,77993,78001
78044,78059,78074,78076,78104,78051,78068,78075,78046,78054,78061,78064,78071,78078,78057,78064
78104,78121,78136,78140,78170,78114,78130,78137,78109,78117,78123,78127,78133,78141,78120,78127
78170,78185,78199,78205,78233,78177,78192,78200,78172,78180,78186,78188,78196,78204,78183,78188
78233,78250,78262,78265,78294,78240,78255,78262,78235,78243,78250,78250,78259,78266,78246,78250
78294,78310,78337,78324,78353,78301,78317,78324,78296,78304,78311,78311,78320,78327,78307,78311
78353,78370,78383,78386,78415,78361,78376,78384,78356,78365,78371,78371,78380,78387,78368,78371
78415,78430,78457,78444,78479,78422,78435,78443,78417,78425,78430,78430,78439,78447,78429,78430
78479,78496,78508,78510,78553,78487,78502,78509,78481,78490,78497,78498,78506,78512,78493,78498
78553,78567,78599,78584,78616,78560,78575,78584,78555,78563,78571,78571,78579,78588,78566,78571
78616,78639,78652,78657,78693,78632,78644,78654,78627,78635,78644,78644,78650,78658,78639,78644
78693,78707,78723,78725,78747,78700,78716,78723,78695,78703,78710,78714,78720,78727,78706,78714
78747,78770,78786,78790,78818,78764,78779,78789,78759,78767,78774,78777,78783,78791,78770,78777
78818,78832,78844,78848,78878,78825,78837,78847,78820,78829,78838,78838,78842,78849,78832,78838
78878,78893,78920,78910,78941,78886,78900,78909,78881,78889,78897,78897,78905,78912,78892,78897
78941,78954,78980,78971,79001,78948,78961,78970,78943,78951,78958,78958,78966,78972,78954,78958
79001,79017,79031,79035,79061,79009,79024,79032,79004,79013,79021,79021,79029,79036,79016,79021
79061,79078,79090,79094,79123,79069,79083,79091,79063,79072,79077,79079,79087,79095,79074,79079
79123,79141,79150,79154,79185,79130,79145,79152,79124,79133,79137,79140,79147,79154,79134,79140
79185,79203,79215,79218,79253,79193,79209,79217,79187,79196,79202,79204,79212,79220,79198,79204
79253,79268,79282,79287,79323,79260,79276,79284,79255,79263,79271,79273,79280,79287,79266,79273
79323,79340,79371,79353,79390,79330,79345,79354,79324,79334,79343,79343,79347,79354,79343,79350
79390,79407,79421,79426,79458,79399,79414,79423,79394,79402,79410,79410,79418,79427,79405,79410
79458,79473,79489,79492,79524,79465,79483,79491,79460,79469,79476,79479,79486,79494,79472,79479
79524,79537,79554,79558,79584,79531,79539,79556,79526,79534,79542,79546,79552,79559,79538,79546
79584,79601,79616,79620,79647,79594,79609,79618,79589,79597,79605,79605,79613,79621,79600,79605
79647,79662,79677,79682,79708,79655,79669,79678,79650,79658,79666,79666,79674,79682,79661,79666
79708,79722,79749,79739,79766,79715,79729,79738,79711,79719,79726,79726,79734,79741,79722,79726
79766,79782,79811,79796,79823,79773,79788,79795,79768,79776,79783,79783,79791,79799,79779,79783
79823,79837,79868,79852,79877,79829,79843,79851,79824,79833,79839,79839,79847,79855,79835,79839
79877,79893,79906,79909,79933,79885,79898,79906,79880,79888,79893,79893,79902,79910,79891,79893
79933,79949,79962,79965,79994,79941,79955,79963,79935,79944,79950,79950,79958,79966,79946,79950
79994,80012,80022,80024,80061,80001,80016,80023,79996,80005,80010,80010,80019,80027,80007,80010
80061,80080,80090,80091,80131,80068,80085,80091,80063,80071,80077,80079,80087,80094,80074,80079
80131,80149,80160,80163,80199,80138,80155,80162,80133,80141,80147,80151,80157,80164,80144,80151
80199,80216,80229,80233,80267,80207,80223,80231,80202,80210,80217,80219,80226,80234,80213,80219
80267,80284,80298,80303,80336,80275,80291,80299,80270,80278,80284,80288,80295,80302,80280,80288
80336,80350,80407,80416,80466,80343,80358,80410,80338,80347,80354,80371,80405,80413,80349,80366
80466,80479,80495,80510,80526,80473,80483,80496,80468,80477,80481,80481,80490,80500,80481,80495
80526,80539,80557,80558,80575,80533,80542,80549,80529,80537,80540,80540,80544,80549,80540,80546
80575,80598,80613,80617,80635,80592,80601,80603,80587,80595,80598,80598,80602,80603,80598,80603
80635,80655,80669,80674,80697,80648,80662,80671,80643,80652,80659,80659,80667,80674,80654,80659
80697,80712,80726,80728,80754,80704,80718,80726,80699,80707,80715,80715,80722,80730,80710,80715
80754,80768,80780,80785,80812,80761,80774,80782,80755,80763,80770,80771,80778,80785,80766,80771
80812,80825,80840,80845,80870,80818,80831,80841,80813,80821,80829,80829,80837,80845,80824,80829
80870,80885,80910,80899,80930,80877,80891,80898,80871,80880,80887,80887,80895,80901,80882,80887
80930,80946,80959,80962,80991,80936,80952,80960,80931,80939,80945,80949,80956,80964,80942,80949
80991,81009,81021,81023,81053,80997,81014,81022,80992,81000,81006,81011,81018,81024,81003,81008
81053,81068,81082,81086,81118,81060,81075,81083,81055,81064,81071,81071,81079,81086,81066,81071
81118,81136,81148,81150,81185,81125,81142,81148,81120,81128,81134,81138,81145,81151,81131,81138
81185,81200,81214,81219,81252,81193,81209,81216,81188,81196,81202,81205,81211,81219,81198,81205
81252,81266,81282,81285,81316,81259,81274,81283,81254,81262,81270,81272,81279,81286,81265,81272
81316,81331,81347,81351,81381,81324,81340,81348,81319,81327,81334,81337,81344,81352,81330,81337
81381,81395,81410,81413,81442,81388,81404,81411,81383,81391,81398,81401,81407,81415,81394,81401
81442,81456,81471,81475,81499,81449,81463,81472,81444,81452,81460,81460,81468,81475,81455,81460
81499,81513,81528,81532,81556,81507,81517,81529,81502,81510,81514,81514,81524,81532,81514,81528
81556,81569,81585,81591,81612,81563,81576,81585,81558,81566,81574,81574,81581,81590,81569,81574
81612,81625,81641,81646,81669,81619,81629,81641,81614,81622,81632,81632,81637,81645,81626,81632
81669,81684,81714,81697,81725,81676,81688,81696,81670,81679,81686,81686,81693,81701,81682,81686
81725,81739,81755,81758,81783,81732,81748,81756,81727,81735,81742,81745,81752,81759,81738,81745
81783,81798,81811,81814,81842,81789,81805,81812,81784,81792,81798,81801,81808,81816,81795,81801
81842,81857,81870,81874,81902,81849,81863,81872,81844,81852,81861,81861,81867,81875,81856,81861
81902,81920,81942,81931,81963,81909,81925,81931,81904,81912,81919,81919,81927,81934,81915,81919
81963,81979,81991,81993,82024,81970,81985,81992,81965,81974,81981,81981,81988,81995,81977,81981
82024,82040,82068,82053,82085,82031,82045,82053,82026,82035,82038,82038,82048,82057,82038,82052
82085,82102,82134,82114,82144,82092,82107,82114,82087,82096,82102,82102,82110,82117,82099,82102
82144,82161,82173,82175,82204,82152,82166,82174,82146,82155,82162,82162,82170,82179,82157,82162
82204,82223,82233,82235,82266,82212,82228,82235,82206,82215,82220,82223,82230,82237,82217,82223
82266,82284,82295,82297,82327,82274,82289,82296,82268,82277,82283,82283,82292,82299,82279,82283
82327,82345,82356,82357,82389,82335,82351,82357,82329,82338,82344,82344,82353,82360,82340,82344
82389,82407,82418,82420,82452,82396,82411,82419,82391,82400,82405,82406,82415,82423,82402,82406
82452,82470,82481,82483,82516,82460,82474,82482,82454,82463,82468,82468,82478,82485,82465,82468
82516,82536,82546,82548,82584,82524,82541,82548,82519,82528,82532,82535,82543,82550,82530,82535
82584,82604,82614,82616,82655,82592,82609,82616,82586,82595,82600,82603,82611,82619,82597,82603
82655,82675,82685,82687,82725,82663,82679,82686,82657,82665,82670,82675,82682,82690,82668,82675
82725,82746,82756,82758,82795,82733,82751,82758,82728,82736,82742,82746,82753,82760,82739,82746
82795,82812,82824,82827,82860,82802,82818,82825,82797,82805,82812,82812,82821,82828,82808,82812
82860,82877,82889,82891,82925,82868,82883,82890,82863,82871,82879,82879,82886,82893,82874,82879
82925,82940,82954,82956,82987,82932,82947,82955,82926,82935,82943,82943,82951,82959,82938,82943
82987,83004,83028,83016,83047,82994,83010,83016,82989,82997,83005,83005,83012,83019,83000,83005
83047,83066,83076,83078,83110,83055,83071,83078,83050,83058,83065,83065,83073,83081,83060,83065
83110,83129,83139,83142,83174,83117,83134,83141,83111,83120,83124,83128,83136,83144,83122,83128
83174,83194,83204,83205,83239,83182,83199,83205,83176,83184,83189,83194,83201,83208,83187,83194
83239,83258,83268,83270,83306,83247,83262,83269,83241,83250,83256,83256,83265,83272,83252,83256
83306,83326,83351,83337,83372,83314,83331,83337,83308,83317,83322,83325,83333,83340,83319,83325
83372,83390,83401,83404,83439,83381,83394,83401,83376,83386,83394,83394,83398,83405,83394,83401
83439,83456,83468,83473,83505,83447,83462,83470,83441,83450,83457,83457,83465,83473,83453,83457
83505,83522,83534,83536,83570,83513,83528,83535,83507,83515,83522,83525,83532,83538,83518,83525
83570,83588,83600,83605,83639,83578,83594,83602,83573,83581,83588,83590,83597,83605,83584,83590
83639,83654,83668,83673,83707,83646,83661,83669,83640,83649,83655,83658,83665,83672,83651,83658
83707,83724,83737,83741,83774,83715,83731,83739,83709,83718,83725,83725,83734,83742,83720,83725
83774,83790,83804,83809,83838,83782,83797,83805,83777,83785,83791,83794,83801,83808,83787,83794
83838,83853,83868,83871,83899,83846,83862,83870,83840,83849,83856,83859,83865,83873,83852,83859
83899,83914,83928,83932,83958,83906,83922,83929,83901,83909,83915,83919,83925,83933,83912,83919
83958,83974,83988,83990,84021,83967,83982,83990,83961,83970,83977,83979,83985,83993,83973,83979
84021,84035,84050,84053,84085,84028,84043,84050,84023,84031,84037,84040,84047,84053,84034,84040
84085,84100,84114,84118,84151,84092,84107,84115,84087,84095,84101,84103,84111,84118,84097,84103
84151,84171,84181,84182,84219,84159,84176,84182,84153,84161,84168,84171,84178,84185,84164,84171
84219,84233,84265,84250,84283,84226,84238,84249,84220,84229,84237,84237,84244,84255,84232,84237
84283,84301,84312,84315,84345,84290,84307,84314,84285,84293,84298,84302,84309,84317,84295,84302
84345,84363,84375,84378,84409,84353,84369,84377,84348,84356,84362,84365,84372,84380,84359,84365
84409,84427,84440,84442,84474,84417,84433,84441,84412,84420,84427,84429,84437,84444,84423,84429
84474,84489,84504,84509,84535,84481,84497,84505,84476,84484,84490,84494,84501,84508,84487,84494
84535,84549,84566,84570,84597,84543,84560,84567,84538,84545,84552,84557,84563,84571,84548,84554
84597,84612,84626,84631,84658,84604,84619,84627,84599,84607,84613,84617,84623,84630,84610,84617
84658,84672,84688,84703,84719,84665,84681,84690,84660,84668,84674,84678,84685,84691,84671,84678
84719,84734,84751,84756,84776,84727,84743,84752,84723,84731,84738,84741,84748,84756,84734,84741
84776,84798,84814,84816,84852,84792,84810,84816,84787,84795,84802,84806,84812,84819,84798,84806
84852,84866,84883,84887,84920,84859,84876,84884,84854,84862,84869,84873,84880,84887,84865,84873
84920,84933,84992,85000,85052,84928,84936,84941,84923,84930,84937,84983,84990,84998,84934,84968
85052,85065,85085,85093,85146,85060,85079,85088,85055,85063,85070,85076,85083,85092,85066,85073
85146,85191,85208,85214,85239,85186,85194,85200,85181,85189,85192,85192,85196,85200,85192,85198
85239,85252,85270,85277,85298,85246,85264,85273,85241,85249,85256,85261,85268,85276,85252,85258
85298,85312,85330,85337,85358,85306,85324,85333,85301,85309,85316,85321,85328,85336,85312,85318
85358,85371,85390,85399,85418,85366,85374,85394,85361,85369,85377,85381,85388,85402,85373,85381
85418,85433,85453,85459,85482,85427,85446,85455,85422,85430,85438,85443,85450,85459,85434,85440
85482,85497,85515,85520,85547,85490,85508,85517,85485,85494,85501,85505,85512,85521,85497,85505
85547,85560,85578,85586,85610,85554,85571,85580,85548,85557,85564,85568,85576,85584,85560,85568
85610,85624,85644,85647,85673,85618,85637,85646,85613,85621,85628,85633,85641,85649,85624,85633
85673,85688,85707,85713,85739,85681,85699,85709,85676,85684,85691,85696,85704,85712,85687,85693
85739,85755,85774,85780,85807,85748,85767,85777,85743,85751,85758,85763,85771,85781,85754,85760
85807,85822,85840,85844,85877,85815,85834,85842,85810,85818,85825,85831,85838,85845,85822,85828
85877,85892,85910,85915,85948,85885,85904,85913,85880,85888,85895,85900,85908,85917,85891,85897
85948,85964,85981,85987,86016,85956,85974,85983,85951,85959,85966,85971,85979,85987,85962,85968
86016,86036,86048,86051,86083,86024,86042,86050,86019,86027,86034,86039,86046,86053,86030,86036
86083,86104,86116,86123,86152,86091,86110,86122,86085,86093,86100,86105,86113,86127,86096,86102
86152,86176,86186,86189,86228,86160,86180,86188,86155,86163,86170,86176,86184,86190,86166,86173
86228,86251,86262,86265,86300,86236,86256,86264,86231,86239,86246,86252,86259,86267,86242,86249
86300,86317,86331,86338,86367,86307,86325,86335,86302,86310,86317,86321,86330,86339,86313,86321
86367,86389,86401,86404,86435,86375,86394,86403,86369,86378,86384,86390,86398,86407,86381,86387
86435,86457,86468,86471,86504,86442,86463,86470,86437,86445,86452,86458,86466,86474,86448,86455
86504,86526,86537,86540,86575,86512,86531,86539,86506,86514,86521,86526,86534,86543,86517,86523
86575,86597,86608,86611,86645,86583,86602,86610,86577,86586,86592,86597,86606,86614,86589,86594
86645,86665,86678,86682,86714,86652,86671,86681,86647,86655,86662,86666,86676,86686,86658,86666
86714,86737,86748,86751,86784,86722,86743,86751,86717,86726,86732,86737,86746,86754,86728,86737
86784,86806,86818,86821,86857,86793,86812,86820,86787,86796,86802,86806,86816,86824,86798,86806
86857,86880,86892,86896,86929,86865,86886,86895,86859,86868,86875,86881,86889,86899,86871,86878
86929,86950,86964,86967,86997,86937,86956,86966,86931,86940,86946,86951,86961,86970,86943,86948
86997,87018,87030,87033,87060,87005,87023,87032,86999,87007,87014,87019,87027,87036,87010,87016
87060,87080,87093,87097,87122,87068,87086,87096,87062,87071,87077,87081,87090,87101,87073,87081
87122,87142,87155,87158,87186,87130,87148,87157,87124,87133,87139,87144,87152,87161,87136,87141
87186,87206,87220,87223,87250,87194,87213,87222,87188,87197,87204,87209,87217,87226,87200,87206
87250,87271,87283,87286,87316,87258,87277,87285,87253,87261,87268,87273,87280,87289,87264,87270
87316,87338,87350,87353,87389,87324,87344,87352,87318,87327,87334,87339,87348,87356,87330,87339
87389,87412,87423,87425,87469,87396,87417,87424,87391,87399,87406,87412,87420,87428,87403,87409
87469,87488,87504,87510,87550,87479,87498,87507,87473,87482,87489,87494,87502,87511,87485,87494
87550,87567,87583,87587,87628,87558,87577,87586,87552,87561,87568,87573,87581,87589,87564,87573
87628,87641,87659,87667,87701,87635,87653,87661,87629,87638,87645,87650,87657,87665,87641,87647
87701,87720,87734,87738,87773,87709,87728,87737,87704,87712,87719,87723,87732,87742,87715,87723
87773,87795,87806,87809,87844,87780,87800,87808,87775,87783,87790,87796,87804,87811,87786,87792
87844,87866,87878,87881,87920,87852,87872,87880,87846,87855,87862,87868,87876,87884,87858,87865
87920,87944,87955,87958,88000,87928,87950,87958,87922,87931,87938,87944,87952,87961,87934,87941
88000,88025,88035,88038,88084,88009,88031,88038,88004,88012,88019,88024,88033,88040,88015,88021
88084,88105,88118,88122,88162,88092,88112,88121,88086,88095,88102,88108,88116,88124,88098,88105
88162,88180,88195,88201,88240,88171,88188,88197,88165,88174,88180,88185,88192,88200,88177,88182
88240,88254,88270,88276,88314,88247,88264,88272,88242,88250,88257,88262,88268,88276,88253,88259
88314,88328,88348,88352,88389,88322,88342,88351,88316,88325,88332,88338,88346,88355,88328,88335
88389,88405,88423,88427,88466,88397,88416,88426,88392,88400,88408,88413,88421,88429,88403,88410
88466,88481,88499,88503,88546,88474,88494,88502,88469,88477,88484,88490,88497,88506,88480,88487
88546,88562,88580,88588,88623,88554,88574,88583,88548,88557,88564,88570,88578,88590,88560,88567
88623,88638,88657,88663,88698,88631,88651,88659,88626,88635,88642,88647,88655,88662,88638,88647
88698,88714,88734,88739,88773,88708,88717,88737,88703,88711,88719,88725,88732,88740,88715,88722
88773,88788,88808,88816,88850,88781,88803,88812,88776,88785,88793,88799,88806,88816,88788,88795
88850,88867,88884,88889,88927,88859,88878,88886,88853,88862,88869,88874,88882,88889,88865,88871
88927,88943,88962,88968,89002,88936,88956,88965,88931,88939,88947,88952,88960,88969,88943,88949
89002,89018,89036,89042,89074,89010,89029,89038,89005,89014,89021,89026,89033,89042,89017,89023
89074,89090,89107,89116,89147,89082,89100,89111,89077,89086,89093,89097,89105,89117,89089,89097
89147,89164,89181,89187,89223,89155,89175,89183,89150,89158,89165,89171,89179,89186,89161,89168
89223,89238,89258,89263,89298,89231,89251,89260,89226,89234,89241,89247,89255,89264,89237,89244
89298,89314,89334,89339,89374,89307,89327,89336,89302,89310,89317,89323,89332,89340,89313,89320
89374,89387,89407,89414,89445,89381,89401,89409,89376,89384,89392,89397,89405,89413,89388,89394
89445,89461,89479,89486,89517,89454,89472,89482,89449,89457,89464,89469,89477,89487,89460,89469
89517,89532,89551,89554,89592,89524,89545,89553,89519,89527,89535,89541,89549,89556,89531,89538
89592,89608,89627,89634,89671,89601,89621,89629,89596,89604,89612,89618,89625,89633,89608,89615
89671,89687,89707,89711,89751,89679,89701,89710,89674,89683,89691,89696,89705,89714,89686,89693
89751,89766,89784,89791,89830,89758,89777,89786,89753,89761,89769,89774,89782,89790,89764,89771
89830,89844,89864,89869,89905,89838,89858,89866,89833,89841,89849,89854,89862,89869,89845,89851
89905,89919,89939,89945,89968,89913,89932,89941,89908,89917,89924,89929,89936,89945,89920,89926
89968,89992,90012,90019,90047,89985,90006,90016,89980,89989,89997,90002,90010,90020,89992,89999
90047,90066,90086,90091,90126,90059,90079,90088,90054,90062,90070,90076,90084,90092,90066,90073
90126,90143,90163,90172,90205,90137,90146,90167,90132,90140,90148,90154,90161,90171,90144,90151
90205,90219,90237,90245,90282,90212,90230,90240,90207,90216,90224,90227,90235,90244,90219,90227
90282,90296,90314,90319,90355,90289,90308,90318,90284,90292,90299,90305,90312,90319,90295,90302
90355,90371,90391,90399,90431,90365,90385,90395,90360,90368,90375,90381,90389,90400,90371,90378
90431,90445,90464,90486,90574,90511,90519,90514,90434,90442,90449,90455,90506,90514,90445,90452
90574,90588,90608,90614,90647,90581,90601,90610,90575,90584,90592,90597,90605,90615,90588,90594
90647,90663,90682,90688,90727,90656,90675,90685,90650,90659,90666,90672,90679,90691,90662,90669
90727,90750,90761,90765,90803,90735,90755,90764,90730,90738,90745,90751,90759,90768,90741,90748
90803,90818,90838,90844,90879,90812,90821,90841,90807,90815,90823,90829,90836,90844,90819,90826
90879,90893,90912,90918,90953,90887,90896,90902,90882,90890,90898,90904,90910,90918,90894,90901
90953,90969,90989,90996,91031,90963,90983,90992,90958,90966,90973,90979,90987,90996,90969,90976
91031,91045,91066,91072,91116,91039,91060,91069,91033,91042,91049,91056,91064,91072,91045,91053
91116,91131,91151,91156,91196,91124,91144,91154,91119,91128,91136,91141,91149,91157,91131,91138
91196,91211,91230,91237,91276,91203,91224,91233,91198,91207,91214,91220,91228,91238,91210,91217
91276,91290,91309,91314,91350,91283,91303,91311,91279,91287,91294,91300,91307,91314,91290,91296
91350,91364,91384,91392,91424,91358,91377,91387,91353,91361,91369,91374,91382,91390,91365,91374
91424,91438,91457,91460,91497,91431,91451,91459,91427,91434,91442,91448,91455,91462,91438,91444
91497,91511,91530,91536,91575,91504,91524,91532,91500,91507,91514,91520,91528,91536,91511,91517
91575,91589,91609,91614,91659,91582,91603,91612,91577,91586,91593,91599,91607,91616,91589,91596
91659,91674,91693,91699,91738,91667,91687,91696,91662,91670,91677,91683,91691,91699,91674,91680
91738,91752,91771,91778,91814,91745,91764,91773,91740,91748,91755,91761,91768,91776,91751,91758
91814,91828,91849,91857,91893,91822,91842,91853,91816,91825,91833,91838,91846,91857,91829,91835
91893,91908,91928,91936,91974,91901,91922,91931,91896,91905,91913,91918,91926,91936,91908,91918
91974,91990,92011,92021,92059,91984,92005,92015,91979,91987,91995,92002,92009,92024,91991,91998
92059,92074,92095,92100,92138,92067,92089,92097,92062,92070,92078,92085,92093,92101,92074,92081
92138,92152,92171,92177,92212,92145,92164,92173,92140,92149,92156,92161,92168,92177,92152,92161
92212,92227,92247,92254,92289,92220,92241,92250,92215,92223,92231,92237,92245,92253,92227,92234
92289,92304,92323,92327,92366,92297,92318,92326,92292,92300,92308,92314,92321,92330,92304,92311
92366,92383,92403,92424,92447,92375,92397,92407,92370,92379,92386,92393,92401,92409,92382,92389
92447,92463,92482,92489,92525,92455,92475,92485,92450,92459,92466,92472,92480,92489,92462,92469
92525,92541,92559,92564,92602,92534,92553,92561,92528,92537,92544,92549,92557,92566,92540,92549
92602,92624,92635,92640,92677,92609,92629,92637,92604,92612,92619,92625,92632,92642,92615,92622
92677,92700,92712,92718,92762,92685,92706,92715,92680,92688,92696,92702,92710,92718,92692,92699
92762,92787,92796,92799,92841,92769,92791,92798,92764,92772,92780,92786,92794,92801,92776,92783
92841,92856,92873,92876,92917,92848,92868,92875,92843,92851,92859,92864,92871,92879,92855,92861
92917,92941,92952,92955,92996,92925,92946,92954,92919,92928,92935,92942,92950,92958,92931,92938
92996,93012,93031,93034,93076,93004,93026,93034,92999,93007,93015,93022,93029,93037,93011,93018
93076,93091,93110,93116,93152,93084,93104,93112,93079,93087,93094,93100,93108,93116,93091,93097
93152,93175,93187,93190,93225,93160,93181,93189,93155,93163,93170,93176,93184,93193,93166,93173
93225,93241,93261,93266,93298,93233,93255,93263,93228,93237,93245,93251,93259,93267,93240,93248
93298,93314,93334,93342,93373,93308,93327,93336,93303,93311,93319,93324,93331,93340,93315,93321
93373,93388,93406,93412,93445,93381,93400,93409,93375,93384,93391,93396,93404,93412,93387,93396
93445,93460,93480,93488,93520,93453,93473,93484,93448,93456,93463,93469,93478,93488,93459,93466
93520,93533,93554,93561,93589,93527,93547,93556,93522,93530,93537,93543,93551,93561,93533,93540
93589,93607,93628,93632,93661,93601,93622,93631,93596,93605,93613,93619,93626,93634,93608,93615
93661,93679,93697,93701,93733,93672,93692,93700,93667,93675,93682,93688,93695,93705,93679,93685
93733,93748,93769,93772,93810,93742,93763,93771,93737,93745,93753,93760,93767,93774,93749,93756
93810,93823,93845,93849,93883,93817,93838,93846,93812,93820,93828,93834,93842,93850,93824,93831
93883,93897,93917,93924,93954,93891,93911,93919,93886,93895,93902,93908,93915,93923,93898,93905
93954,93970,93990,93995,94030,93963,93983,93992,93957,93966,93974,93980,93988,93996,93969,93977
94030,94044,94065,94074,94105,94038,94047,94052,94032,94041,94044,94044,94049,94055,94044,94051
94105,94119,94139,94144,94177,94113,94122,94141,94108,94116,94124,94130,94136,94144,94120,94127
94177,94192,94209,94215,94245,94185,94202,94212,94180,94188,94196,94199,94206,94215,94191,94199
94245,94261,94285,94292,94316,94255,94264,94274,94250,94259,94262,94262,94268,94275,94262,94271
94316,94330,94350,94357,94386,94324,94343,94353,94319,94327,94335,94340,94348,94357,94331,94337
94386,94401,94420,94424,94465,94395,94403,94409,94389,94398,94401,94401,94406,94412,94401,94408
94465,94480,94499,94506,94539,94473,94492,94502,94468,94476,94483,94489,94497,94507,94479,94486
94539,94554,94572,94578,94609,94547,94565,94575,94541,94550,94557,94562,94570,94579,94553,94559
94609,94624,94643,94649,94679,94617,94636,94645,94611,94620,94627,94633,94641,94649,94623,94630
94679,94700,94713,94717,94753,94687,94706,94715,94681,94690,94696,94702,94710,94720,94693,94699
94753,94776,94786,94791,94832,94760,94781,94789,94755,94763,94770,94776,94784,94792,94766,94773
94832,94854,94865,94871,94911,94840,94859,94867,94834,94843,94849,94855,94863,94871,94846,94852
94911,94933,94943,94947,94990,94918,94937,94945,94913,94921,94928,94933,94941,94949,94924,94933
94990,95013,95024,95030,95062,94998,95017,95026,94993,95001,95008,95014,95021,95029,95004,95011
95062,95083,95103,95108,95154,95076,95085,95091,95071,95079,95082,95082,95087,95093,95082,95089
95154,95169,95190,95198,95240,95162,95183,95192,95157,95166,95173,95179,95188,95196,95169,95176
95240,95256,95277,95285,95322,95250,95271,95280,95245,95253,95261,95267,95275,95284,95257,95264
95322,95338,95356,95362,95401,95332,95350,95358,95327,95335,95342,95347,95354,95362,95338,95344
95401,95415,95435,95441,95476,95408,95429,95437,95403,95412,95419,95425,95433,95441,95415,95422
95476,95501,95511,95514,95555,95484,95506,95514,95479,95487,95495,95502,95509,95518,95491,95498
95555,95581,95592,95598,95641,95564,95586,95594,95559,95568,95575,95582,95589,95598,95571,95578
95641,95667,95677,95682,95733,95650,95672,95680,95645,95653,95661,95667,95675,95683,95656,95664
95733,95755,95769,95773,95820,95742,95763,95772,95737,95745,95752,95759,95767,95775,95748,95755
95820,95836,95853,95861,95903,95828,95847,95856,95823,95831,95839,95844,95852,95860,95835,95844
95903,95917,95937,95945,95981,95911,95931,95940,95906,95914,95921,95928,95935,95944,95918,95924
95981,96000,96021,96029,96089,95993,96015,96024,95988,95997,96004,96011,96019,96027,96000,96008
96089,96103,96126,96133,96191,96097,96119,96129,96092,96100,96108,96115,96124,96132,96103,96110
96191,96205,96227,96237,96284,96199,96208,96214,96193,96202,96205,96205,96210,96217,96205,96213
96284,96301,96321,96327,96371,96295,96303,96309,96290,96298,96301,96301,96306,96312,96301,96309
96371,96387,96408,96414,96449,96380,96402,96411,96375,96383,96391,96398,96406,96415,96387,96394
96449,96470,96490,96494,96538,96463,96485,96493,96458,96466,96474,96480,96489,96497,96469,96477
96538,96555,96573,96578,96625,96546,96566,96575,96541,96549,96557,96563,96571,96578,96553,96560
96625,96650,96660,96667,96712,96632,96655,96663,96627,96635,96643,96650,96658,96665,96638,96646
96712,96727,96746,96751,96796,96720,96740,96748,96715,96723,96730,96736,96744,96752,96726,96733
96796,96821,96831,96835,96903,96804,96825,96832,96799,96807,96815,96821,96829,96836,96811,96818
96903,96918,96939,96948,97005,96911,96932,96942,96906,96914,96922,96928,96937,96947,96918,96925
97005,97020,97040,97048,97093,97013,97022,97044,97008,97017,97025,97031,97038,97047,97020,97028
97093,97107,97128,97115,97179,97101,97110,97115,97096,97104,97108,97108,97112,97118,97108,97115
97179,97205,97215,97222,97266,97187,97210,97219,97182,97191,97199,97206,97213,97227,97194,97202
97266,97292,97303,97309,97355,97274,97297,97305,97269,97277,97285,97293,97301,97308,97281,97289
97355,97379,97390,97396,97436,97363,97384,97392,97357,97366,97373,97380,97388,97396,97369,97376
97436,97459,97469,97473,97518,97443,97464,97471,97438,97446,97453,97459,97467,97475,97449,97456
97518,97542,97553,97557,97605,97526,97548,97556,97520,97529,97535,97542,97551,97559,97532,97539
97605,97632,97642,97649,97714,97613,97637,97646,97607,97616,97623,97631,97640,97649,97619,97627
97714,97730,97749,97756,97810,97722,97744,97753,97717,97726,97733,97739,97747,97758,97729,97736
97810,97825,97845,97851,97898,97818,97839,97847,97813,97821,97829,97836,97843,97851,97824,97832
97898,97912,97934,97940,97987,97905,97915,97921,97900,97909,97913,97913,97917,97924,97913,97920
97987,98013,98023,98033,98081,97996,98017,98026,97991,97999,98006,98013,98021,98032,98002,98009
98081,98095,98115,98123,98163,98088,98108,98118,98083,98091,98099,98104,98113,98122,98094,98101
98163,98179,98198,98204,98248,98172,98192,98201,98167,98175,98183,98189,98196,98205,98179,98186
98248,98263,98284,98291,98331,98256,98265,98272,98251,98259,98263,98263,98267,98274,98263,98271
98331,98345,98367,98373,98407,98339,98361,98370,98334,98342,98350,98357,98365,98373,98346,98353
98407,98422,98441,98430,98486,98416,98425,98430,98411,98419,98422,98422,98426,98432,98422,98429
98486,98500,98520,98527,98561,98493,98514,98523,98488,98496,98504,98510,98518,98527,98500,98507
98561,98579,98600,98606,98631,98572,98582,98603,98567,98576,98584,98590,98598,98607,98579,98587
98631,98666,98672,98693,98731,98659,98680,98689,98655,98663,98671,98677,98684,98692,98666,98674
98731,98744,98764,98770,98807,98738,98758,98767,98733,98741,98749,98755,98762,98771,98744,98751
98807,98824,98844,98852,98890,98817,98838,98848,98812,98820,98827,98834,98842,98851,98823,98831
98890,98904,98912,98914,98944,98898,98907,98913,98893,98902,98905,98905,98910,98916,98905,98913
98944,98978,98985,98987,99024,98972,98982,98987,98968,98976,98979,98979,98983,98989,98979,98986
99024,99046,99065,99073,99098,99041,99049,99055,99036,99044,99048,99048,99052,99057,99048,99054
99098,99113,99132,99140,99166,99107,99116,99136,99102,99110,99118,99123,99130,99139,99114,99120
99166,99180,99199,99205,99232,99174,99183,99203,99169,99177,99185,99190,99197,99205,99181,99190
99232,99247,99308,99317,99374,99241,99250,99311,99236,99244,99252,99297,99306,99314,99248,99293
99374,99388,99408,99415,99444,99382,99401,99410,99376,99385,99392,99398,99405,99415,99388,99395
99444,99458,99478,99487,99515,99451,99471,99481,99446,99455,99463,99468,99476,99487,99458,99465
99515,99530,99548,99553,99588,99522,99542,99552,99517,99525,99533,99538,99546,99559,99529,99535
99588,99604,99625,99628,99664,99596,99618,99627,99591,99600,99608,99614,99622,99630,99603,99611
99664,99679,99698,99704,99736,99672,99692,99700,99667,99675,99683,99689,99696,99704,99679,99686
99736,99752,99771,99778,99808,99745,99764,99774,99739,99748,99756,99761,99769,99777,99751,99758
99808,99822,99841,99846,99882,99815,99835,99843,99810,99819,99826,99832,99839,99847,99822,99828
99882,99906,99917,99924,99960,99889,99910,99920,99884,99892,99899,99906,99915,99925,99895,99902
99960,99973,99994,100006,100036,99967,99974,99980,99962,99970,99973,99973,99977,99984,99973,99980
100036,100050,100069,100076,100113,100043,100062,100072,100038,100046,100054,100059,100067,100076,100050,100056
100113,100129,100147,100153,100188,100121,100140,100149,100115,100124,100131,100136,100145,100153,100127,100136
100188,100205,100222,100231,100268,100196,100215,100225,100191,100199,100206,100211,100219,100227,100202,100211
100268,100283,100304,100308,100348,100276,100297,100305,100270,100279,100287,100293,100301,100309,100282,100290
100348,100364,100384,100390,100427,100356,100378,100388,100351,100360,100367,100373,100382,100392,100363,100370
100427,100443,100462,100467,100505,100436,100455,100463,100431,100439,100446,100452,100459,100468,100443,100449
100505,100520,100540,100547,100581,100513,100532,100542,100508,100516,100523,100528,100537,100546,100519,100525
100581,100596,100618,100626,100662,100589,100611,100621,100584,100592,100600,100607,100616,100625,100596,100603
100662,100677,100698,100705,100743,100670,100691,100700,100665,100673,100681,100687,100696,100704,100677,100684
100743,100757,100778,100785,100821,100751,100771,100780,100746,100755,100762,100768,100775,100784,100758,100765
100821,100835,100854,100861,100896,100829,100847,100857,100824,100832,100839,100844,100852,100861,100835,100844
100896,100910,100930,100919,100978,100904,100913,100919,100899,100907,100910,100910,100915,100921,100910,100917
100978,100992,101013,101019,101058,100985,101007,101015,100980,100988,100996,101003,101010,101019,100992,100999
101058,101071,101092,101099,101138,101065,101074,101095,101060,101069,101076,101082,101090,101098,101072,101079
101138,101153,101173,101179,101221,101147,101167,101175,101142,101150,101157,101163,101171,101179,101153,101160
101221,101235,101256,101262,101303,101228,101249,101258,101223,101232,101239,101246,101253,101261,101235,101242
101303,101318,101338,101326,101385,101311,101321,101326,101305,101314,101318,101318,101322,101329,101318,101325
101385,101410,101421,101427,101469,101394,101414,101423,101389,101397,101404,101410,101418,101427,101400,101407
101469,101483,101503,101510,101548,101477,101497,101505,101472,101480,101488,101494,101501,101510,101484,101491
101548,101562,101581,101590,101625,101556,101574,101584,101551,101559,101566,101571,101579,101588,101562,101571
101625,101638,101656,101661,101696,101632,101640,101658,101626,101635,101642,101648,101654,101661,101638,101645
101696,101713,101734,101742,101779,101707,101728,101738,101702,101710,101718,101724,101732,101744,101714,101721
101779,101793,101815,101822,101859,101787,101796,101802,101782,101790,101794,101794,101798,101805,101794,101801
101859,101873,101894,101903,101933,101867,101888,101897,101862,101871,101878,101884,101892,101903,101874,101881
101933,101954,101973,101980,102015,101948,101967,101976,101943,101951,101958,101964,101971,101980,101954,101961
102015,102032,102052,102057,102095,102025,102046,102056,102020,102029,102036,102042,102050,102060,102032,102039
102095,102109,102130,102140,102175,102103,102123,102133,102098,102106,102113,102120,102128,102138,102109,102116
102175,102189,102211,102215,102255,102183,102204,102214,102177,102186,102194,102200,102209,102218,102189,102197
102255,102270,102290,102279,102335,102264,102273,102279,102259,102267,102271,102271,102275,102281,102271,102278
102335,102349,102370,102377,102412,102343,102363,102374,102337,102346,102354,102360,102368,102377,102349,102356
102412,102426,102447,102456,102491,102419,102440,102450,102414,102423,102430,102437,102445,102454,102426,102433
102491,102506,102527,102534,102571,102499,102520,102530,102494,102502,102509,102516,102525,102534,102506,102512
102571,102587,102606,102612,102650,102580,102600,102609,102575,102583,102591,102596,102604,102614,102586,102593
102650,102665,102685,102692,102727,102658,102678,102688,102652,102661,102669,102674,102683,102692,102664,102671
102727,102742,102761,102767,102806,102735,102755,102763,102730,102738,102746,102752,102759,102768,102741,102748
102806,102820,102841,102848,102895,102813,102835,102843,102808,102816,102824,102831,102838,102847,102820,102827
102895,102909,102930,102934,102975,102903,102924,102931,102897,102906,102913,102920,102927,102935,102909,102916
102975,102989,103010,103016,103053,102983,103002,103012,102978,102986,102993,102999,103007,103016,102989,102996
103053,103068,103087,103093,103131,103060,103081,103090,103055,103064,103071,103077,103085,103094,103067,103074
103131,103154,103164,103167,103212,103139,103159,103166,103133,103142,103149,103155,103162,103169,103145,103151
103212,103237,103248,103252,103298,103221,103242,103250,103216,103224,103231,103238,103246,103253,103227,103234
103298,103313,103331,103336,103378,103306,103326,103334,103301,103309,103316,103322,103329,103336,103313,103319
103378,103392,103412,103419,103461,103386,103406,103414,103381,103389,103397,103403,103410,103418,103393,103400
103461,103479,103497,103502,103550,103470,103491,103499,103464,103473,103481,103487,103495,103503,103476,103484
103550,103567,103588,103591,103637,103559,103581,103590,103554,103563,103571,103577,103585,103595,103566,103574
103637,103653,103673,103679,103716,103646,103667,103677,103640,103649,103656,103662,103671,103680,103652,103659
103716,103731,103751,103758,103795,103724,103745,103754,103719,103728,103735,103741,103749,103758,103731,103738
103795,103810,103830,103833,103881,103803,103824,103832,103798,103806,103814,103820,103827,103837,103810,103817
103881,103896,103917,103905,103969,103890,103899,103905,103885,103893,103897,103897,103901,103908,103897,103904
103969,103984,104004,104010,104045,103977,103997,104006,103972,103980,103988,103994,104002,104010,103984,103991
104045,104064,104084,104091,104132,104058,104078,104087,104053,104061,104068,104074,104082,104095,104064,104071
104132,104148,104167,104171,104223,104140,104163,104170,104135,104143,104151,104158,104165,104172,104147,104154
104223,104238,104259,104265,104311,104232,104241,104247,104227,104235,104239,104239,104243,104249,104239,104246
104311,104326,104344,104349,104391,104319,104338,104346,104314,104322,104329,104335,104342,104350,104325,104332
104391,104406,104425,104431,104474,104399,104418,104427,104394,104402,104409,104415,104422,104431,104406,104412
104474,104499,104509,104514,104561,104482,104503,104511,104477,104485,104492,104499,104507,104514,104488,104495
104561,104574,104595,104603,104646,104567,104589,104598,104562,104570,104578,104585,104593,104602,104574,104581
104646,104660,104681,104687,104728,104654,104662,104668,104649,104658,104661,104661,104665,104672,104661,104668
104728,104741,104762,104769,104805,104735,104755,104764,104730,104738,104746,104751,104759,104768,104742,104748
104805,104822,104843,104851,104898,104815,104836,104846,104810,104818,104826,104833,104841,104849,104822,104829
104898,104924,104934,104941,104987,104907,104928,104937,104902,104910,104917,104924,104932,104940,104914,104921
104987,105001,105022,105028,105071,104995,105016,105024,104989,104998,105005,105012,105020,105028,105001,105008
105071,105085,105105,105110,105151,105079,105099,105107,105073,105082,105089,105095,105103,105111,105085,105092
105151,105165,105186,105193,105232,105159,105180,105188,105154,105162,105169,105176,105184,105193,105166,105173
105232,105250,105271,105277,105325,105243,105264,105273,105238,105246,105254,105260,105269,105277,105250,105257
105325,105342,105362,105367,105411,105336,105357,105365,105331,105339,105346,105353,105360,105368,105342,105349
105411,105428,105448,105453,105497,105422,105441,105449,105417,105425,105433,105439,105445,105453,105429,105435
105497,105512,105533,105540,105581,105506,105527,105536,105501,105509,105517,105524,105531,105539,105513,105520
105581,105606,105617,105623,105669,105589,105611,105619,105584,105592,105600,105607,105615,105623,105595,105603
105669,105683,105704,105710,105756,105677,105697,105706,105672,105680,105688,105694,105701,105710,105684,105691
105756,105770,105792,105796,105832,105764,105772,105779,105759,105767,105771,105771,105775,105782,105771,105778
105832,105854,105873,105881,105916,105847,105867,105876,105842,105851,105858,105863,105871,105880,105854,105860
105916,105931,105952,105959,105993,105925,105933,105955,105920,105928,105936,105942,105949,105959,105931,105938
105993,106018,106029,106036,106073,106001,106023,106035,105996,106005,106012,106019,106027,106039,106008,106015
106073,106099,106109,106115,106163,106081,106103,106112,106076,106084,106092,106099,106107,106116,106088,106095
106163,106189,106198,106200,106246,106171,106193,106199,106166,106174,106181,106188,106195,106202,106177,106184
106246,106268,106288,106294,106337,106261,106282,106290,106256,106264,106272,106278,106286,106294,106268,106275
106337,106352,106371,106378,106409,106346,106366,106374,106341,106349,106356,106362,106370,106378,106352,106359
106409,106434,106454,106460,106500,106427,106448,106456,106422,106430,106437,106444,106452,106461,106433,106440
106500,106514,106536,106543,106590,106508,106529,106539,106503,106511,106519,106526,106533,106544,106515,106522
106590,106604,106626,106612,106657,106598,106607,106612,106593,106601,106604,106604,106608,106615,106604,106612
106657,106694,106700,106703,106754,106688,106696,106717,106683,106691,106698,106704,106712,106721,106694,106701
106754,106776,106797,106804,106846,106770,106778,106785,106765,106773,106777,106777,106781,106788,106777,106784
106846,106861,106881,106887,106931,106855,106875,106884,106850,106858,106866,106872,106879,106887,106862,106869
106931,106947,106954,106958,107022,106941,106949,106955,106936,106944,106948,106948,106952,106959,106948,106955
107022,107036,107057,107065,107106,107030,107051,107060,107025,107033,107041,107047,107055,107065,107036,107044
107106,107121,107142,107128,107190,107114,107123,107128,107109,107117,107121,107121,107125,107131,107121,107128
107190,107205,107224,107231,107273,107198,107219,107227,107193,107202,107209,107215,107222,107230,107205,107212
107273,107288,107308,107315,107352,107281,107301,107310,107276,107284,107291,107298,107305,107314,107288,107295
107352,107367,107388,107394,107433,107360,107381,107391,107355,107363,107370,107377,107386,107394,107366,107374
107433,107457,107468,107474,107517,107441,107462,107470,107436,107444,107451,107458,107466,107473,107447,107455
107517,107542,107553,107558,107601,107525,107547,107556,107519,107528,107535,107542,107551,107565,107531,107538
107601,107616,107634,107640,107671,107609,107629,107636,107603,107612,107619,107625,107632,107640,107615,107622
107671,107695,107715,107720,107761,107688,107709,107717,107683,107692,107700,107706,107713,107721,107695,107703
107761,107777,107797,107802,107850,107769,107791,107799,107764,107772,107780,107786,107795,107802,107776,107783
107850,107865,107885,107873,107937,107858,107868,107873,107853,107862,107865,107865,107869,107876,107865,107872
107937,107952,107971,107977,108021,107945,107954,107960,107940,107949,107956,107962,107969,107977,107952,107959
108021,108037,108058,108062,108091,108030,108051,108059,108025,108034,108041,108048,108055,108063,108037,108044
108091,108117,108137,108143,108183,108110,108131,108139,108105,108114,108121,108127,108135,108143,108117,108124
108183,108199,108218,108224,108276,108191,108212,108221,108186,108194,108202,108208,108216,108224,108198,108205
108276,108292,108312,108318,108368,108284,108306,108314,108279,108288,108296,108302,108310,108318,108291,108299
108368,108384,108404,108408,108454,108377,108397,108407,108372,108380,108388,108394,108402,108411,108384,108390
108454,108472,108491,108498,108544,108465,108486,108494,108461,108469,108476,108481,108489,108497,108472,108478
108544,108558,108577,108582,108616,108551,108572,108579,108546,108554,108562,108567,108574,108583,108558,108564
108616,108637,108658,108662,108703,108631,108652,108661,108626,108634,108642,108648,108656,108663,108638,108645
108703,108730,108742,108748,108790,108714,108735,108745,108709,108717,108724,108731,108740,108749,108720,108727
108790,108805,108825,108832,108868,108798,108818,108828,108793,108802,108809,108815,108822,108833,108805,108812
108868,108882,108902,108909,108950,108876,108895,108904,108871,108879,108887,108892,108900,108908,108883,108889
108950,108975,108984,108987,109033,108957,108980,108987,108952,108960,108967,108974,108982,108990,108963,108970
109033,109049,109069,109076,109118,109042,109063,109072,109037,109045,109052,109059,109067,109077,109048,109055
109118,109133,109153,109161,109197,109126,109146,109156,109121,109129,109137,109143,109150,109162,109133,109140
109197,109211,109232,109239,109278,109205,109215,109220,109200,109208,109216,109222,109230,109239,109212,109219
109278,109292,109313,109321,109361,109286,109307,109316,109281,109289,109296,109303,109311,109323,109292,109299
109361,109384,109395,109398,109447,109368,109389,109397,109363,109371,109378,109384,109392,109400,109374,109381
109447,109461,109482,109489,109529,109455,109476,109485,109450,109458,109466,109472,109479,109488,109462,109469
109529,109542,109563,109569,109609,109536,109557,109566,109531,109539,109547,109553,109561,109570,109542,109550
109609,109632,109643,109650,109693,109616,109636,109646,109610,109619,109626,109632,109640,109651,109622,109629
109693,109719,109730,109733,109773,109702,109724,109732,109697,109705,109712,109719,109728,109736,109708,109715
109773,109792,109812,109819,109850,109785,109806,109814,109780,109789,109797,109803,109810,109819,109792,109800
109850,109870,109890,109896,109934,109864,109885,109893,109859,109867,109875,109881,109888,109896,109871,109878
109934,109960,109970,109972,110013,109942,109965,109972,109936,109945,109952,109960,109967,109974,109948,109956
110013,110030,110051,110055,110106,110022,110045,110053,110017,110026,110034,110041,110049,110057,110029,110038
110106,110120,110140,110148,110185,110114,110134,110143,110109,110117,110124,110130,110138,110150,110120,110127
110185,110201,110220,110227,110262,110194,110213,110222,110188,110197,110204,110210,110218,110225,110200,110207
110262,110277,110297,110302,110344,110270,110291,110301,110264,110273,110281,110287,110295,110305,110276,110284
110344,110358,110379,110387,110433,110351,110373,110382,110346,110354,110362,110369,110377,110390,110358,110365
110433,110448,110469,110475,110515,110442,110463,110472,110437,110445,110452,110459,110467,110475,110448,110455
110515,110530,110550,110556,110592,110523,110543,110552,110518,110526,110533,110540,110548,110557,110530,110536
110592,110617,110628,110634,110670,110601,110622,110630,110596,110604,110611,110617,110626,110635,110607,110614
110670,110685,110706,110716,110749,110679,110688,110694,110674,110682,110686,110686,110690,110697,110686,110693
110749,110763,110784,110791,110824,110757,110778,110787,110752,110760,110767,110774,110782,110791,110764,110770
110824,110840,110860,110866,110902,110834,110853,110862,110829,110837,110844,110850,110857,110866,110840,110847
110902,110918,110939,110927,110984,110912,110921,110927,110907,110915,110918,110918,110923,110929,110918,110926
110984,111000,111020,111027,111066,110993,111014,111023,110988,110996,111003,111010,111018,111026,110999,111006
111066,111081,111100,111105,111143,111074,111094,111102,111069,111077,111085,111090,111098,111105,111081,111087
111143,111157,111177,111183,111216,111151,111171,111179,111146,111154,111161,111167,111175,111183,111158,111164
111216,111230,111250,111254,111282,111223,111244,111253,111218,111226,111233,111240,111248,111257,111230,111236
111282,111299,111317,111321,111351,111292,111311,111320,111287,111295,111302,111308,111315,111324,111298,111305
111351,111366,111386,111391,111420,111359,111379,111388,111354,111362,111369,111375,111383,111391,111365,111372
111420,111434,111453,111458,111491,111428,111447,111455,111423,111431,111438,111444,111451,111459,111434,111441
111491,111504,111524,111532,111561,111498,111517,111527,111493,111501,111509,111514,111522,111531,111505,111511
111561,111576,111596,111602,111643,111569,111591,111599,111564,111573,111581,111586,111594,111602,111576,111583
111643,111658,111676,111679,111724,111651,111670,111678,111646,111654,111661,111667,111674,111681,111657,111664
111724,111739,111759,111766,111802,111733,111754,111762,111728,111736,111743,111749,111757,111766,111739,111746
111802,111815,111834,111840,111874,111809,111818,111824,111803,111812,111820,111825,111832,111840,111815,111822
111874,111889,111909,111915,111948,111882,111903,111914,111877,111885,111892,111899,111907,111916,111888,111895
111948,111972,111983,111988,112025,111955,111977,111985,111950,111959,111966,111973,111981,111988,111962,111969
112025,112050,112060,112064,112106,112033,112054,112061,112028,112036,112043,112050,112057,112064,112040,112047
112106,112121,112142,112150,112187,112114,112137,112146,112109,112118,112125,112132,112140,112150,112121,112128
112187,112200,112219,112226,112264,112194,112203,112223,112189,112197,112205,112210,112217,112226,112201,112207
112264,112279,112297,112303,112341,112272,112291,112300,112267,112275,112282,112288,112295,112304,112278,112285
112341,112355,112376,112381,112422,112349,112370,112377,112344,112352,112360,112366,112373,112381,112356,112363
112422,112438,112459,112464,112509,112431,112453,112461,112426,112434,112442,112449,112457,112464,112438,112446
112509,112524,112543,112548,112597,112518,112527,112532,112513,112521,112524,112524,112528,112535,112524,112531
112597,112610,112629,112635,112675,112603,112623,112631,112598,112606,112614,112619,112626,112635,112610,112616
112675,112690,112711,112717,112755,112684,112705,112713,112679,112687,112695,112701,112709,112717,112691,112698
112755,112769,112791,112799,112841,112763,112772,112778,112758,112767,112770,112770,112775,112781,112770,112777
112841,112857,112878,112885,112928,112851,112872,112880,112846,112854,112862,112868,112876,112890,112858,112865
112928,112943,112964,112970,113008,112936,112958,112966,112931,112940,112948,112955,112962,112970,112943,112951
113008,113022,113043,113049,113083,113016,113025,113031,113011,113019,113027,113033,113040,113048,113023,113030
113083,113100,113120,113126,113159,113094,113115,113123,113089,113097,113105,113111,113118,113126,113101,113108
113159,113177,113197,113202,113248,113170,113191,113199,113166,113174,113181,113188,113195,113203,113177,113184
113248,113264,113284,113289,113337,113257,113278,113287,113252,113260,113267,113274,113282,113290,113263,113270
113337,113351,113370,113377,113417,113345,113364,113372,113340,113348,113355,113361,113368,113376,113351,113358
113417,113434,113453,113460,113503,113427,113447,113455,113421,113430,113437,113443,113451,113460,113433,113440
113503,113518,113537,113543,113604,113511,113520,113526,113506,113514,113518,113518,113522,113528,113518,113525
113604,113620,113641,113645,113689,113614,113623,113629,113609,113617,113621,113621,113625,113632,113621,113628
113689,113721,113741,113749,113793,113715,113736,113744,113710,113719,113726,113732,113740,113748,113722,113729
113793,113809,113829,113839,113876,113802,113823,113833,113798,113806,113813,113819,113827,113839,113809,113816
113876,113890,113897,113903,113956,113884,113893,113900,113880,113888,113891,113891,113895,113903,113891,113899
113956,113982,113991,113994,114038,113965,113986,113993,113960,113969,113976,113982,113989,113996,113972,113979
114038,114067,114077,114084,114125,114052,114071,114080,114047,114055,114061,114067,114075,114089,114058,114064
114125,114154,114164,114170,114224,114138,114158,114166,114133,114141,114148,114154,114162,114170,114144,114151
114224,114250,114262,114268,114331,114234,114255,114264,114229,114237,114244,114251,114260,114268,114240,114247
114331,114346,114367,114372,114423,114340,114361,114369,114335,114343,114350,114357,114365,114373,114346,114353
114423,114442,114462,114470,114512,114435,114456,114465,114430,114439,114446,114452,114460,114469,114442,114449
114512,114534,114556,114543,114588,114528,114537,114543,114523,114532,114535,114535,114539,114546,114535,114543
114588,114628,114649,114656,114690,114621,114631,114636,114616,114625,114628,114628,114632,114639,114628,114635
114690,114713,114732,114740,114782,114707,114727,114735,114702,114710,114717,114724,114731,114740,114714,114720
114782,114797,114818,114826,114864,114791,114812,114821,114786,114794,114801,114808,114816,114826,114797,114805
114864,114889,114900,114908,114979,114952,,,114867,114875,114882,114889,114898,114907,114879,114886
114979,115002,115028,115039,115101,114995,115009,115031,114989,114999,115015,115020,115027,115035,115003,115020
115101,115129,115141,115149,115202,115114,115135,115144,115109,115117,115124,115131,115139,115148,115120,115127
115202,115228,115239,115244,115292,115210,115233,115242,115205,115214,115221,115228,115237,115246,115217,115224
115292,115307,115327,115333,115375,115300,115322,115330,115295,115303,115311,115318,115325,115333,115307,115314
115375,115391,115410,115418,115462,115384,115404,115413,115379,115387,115394,115400,115408,115417,115390,115397
115462,115477,115499,115504,115554,115471,115494,115501,115466,115474,115482,115489,115497,115504,115477,115485
115554,115568,115588,115594,115637,115561,115570,115576,115556,115564,115568,115568,115572,115579,115568,115575
115637,115651,115673,115680,115718,115644,115653,115660,115639,115647,115651,115651,115655,115662,115651,115659
115718,115732,115750,115755,115795,115725,115746,115753,115720,115728,115736,115741,115748,115755,115732,115738
115795,115811,115831,115839,115881,115804,115825,115834,115798,115808,115815,115821,115829,115837,115811,115818
115881,115908,115917,115923,115958,115888,115912,115920,115883,115891,115899,115907,115915,115925,115895,115902
115958,115975,115992,115998,116036,115967,115987,115995,115962,115970,115978,115983,115990,115999,115974,115980
116036,116052,116070,116073,116115,116044,116064,116072,116038,116047,116054,116060,116068,116075,116050,116057
116115,116140,116150,116155,116195,116122,116144,116152,116117,116125,116133,116139,116147,116156,116129,116136
116195,116210,116230,116237,116272,116202,116223,116232,116197,116205,116212,116219,116227,116236,116208,116215
116272,116286,116305,116309,116349,116280,116299,116307,116274,116283,116290,116296,116303,116310,116286,116293
116349,116375,116386,116389,116424,116358,116380,116388,116353,116361,116368,116375,116384,116391,116364,116372
116424,116452,116460,116479,116508,116446,116455,116462,116441,116450,116453,116453,116457,116464,116453,116461
116508,116533,116552,116560,116597,116527,116536,116543,116522,116531,116534,116534,116539,116544,116534,116541
116597,116612,116619,116623,116673,116606,116615,116621,116601,116610,116613,116613,116617,116623,116613,116620
116673,116690,116711,116717,116754,116684,116693,116714,116679,116688,116696,116702,116709,116717,116692,116699
116754,116769,116788,116794,116832,116762,116772,116791,116757,116766,116774,116779,116786,116794,116769,116776
116832,116845,116867,116873,116908,116840,116861,116870,116835,116843,116850,116857,116865,116873,116846,116853
116908,116923,116944,116933,116985,116917,116925,116932,116911,116920,116924,116924,116928,116934,116924,116931
116985,117002,117023,117031,117064,116996,117016,117026,116991,117000,117007,117013,117021,117030,117003,117010
117064,117078,117098,117104,117136,117072,117080,117100,117067,117075,117083,117089,117095,117103,117079,117086
117136,117154,117175,117181,117216,117148,117156,117162,117143,117152,117155,117155,117159,117165,117155,117162
117216,117233,117253,117264,117295,117226,117247,117256,117221,117230,117237,117244,117251,117265,117233,117240
117295,117316,117336,117344,117382,117310,117330,117339,117305,117313,117320,117326,117334,117343,117316,117323
117382,117398,117417,117422,117464,117391,117410,117419,117386,117394,117402,117407,117414,117422,117398,117404
117464,117477,117498,117506,117551,117470,117491,117501,117465,117473,117480,117487,117496,117505,117476,117483
117551,117567,117588,117595,117634,117560,117582,117592,117555,117564,117571,117578,117586,117596,117567,117574
117634,117652,117672,117682,117713,117646,117654,117678,117641,117649,117657,117663,117670,117682,117653,117659
117713,117735,117755,117761,117799,117729,117738,117758,117724,117733,117741,117746,117753,117760,117736,117743
117799,117814,117836,117823,117878,117808,117816,117822,117803,117811,117815,117815,117819,117825,117815,117822
117878,117891,117912,117916,117949,117885,117905,117913,117880,117888,117896,117902,117909,117917,117891,117898
117949,117973,117994,117999,118035,117966,117988,117996,117961,117969,117977,117984,117992,118000,117973,117980
118035,118056,118077,118085,118121,118050,118058,118080,118045,118053,118061,118068,118075,118083,118057,118064
118121,118142,118161,118169,118209,118136,118155,118164,118131,118139,118147,118152,118159,118168,118143,118149
118209,118222,118243,118249,118283,118216,118237,118245,118211,118220,118227,118234,118241,118249,118223,118230
118283,118304,118325,118331,118373,118298,118319,118327,118293,118302,118309,118316,118323,118330,118305,118313
118373,118387,118408,118415,118460,118381,118402,118410,118376,118385,118392,118398,118406,118414,118388,118395
118460,118475,118496,118502,118541,118469,118490,118498,118464,118472,118479,118486,118494,118502,118476,118483
118541,118560,118581,118587,118631,118554,118575,118583,118549,118557,118565,118571,118579,118586,118561,118568
118631,118645,118665,118672,118703,118639,118659,118667,118634,118642,118649,118655,118663,118671,118645,118652
118703,118725,118744,118747,118787,118717,118739,118747,118713,118721,118728,118734,118742,118750,118724,118731
118787,118811,118822,118829,118875,118795,118816,118824,118790,118798,118805,118812,118820,118828,118802,118808
118875,118899,118909,118915,118960,118882,118903,118911,118877,118885,118892,118899,118907,118914,118888,118895
118960,118985,118995,119001,119042,118968,118989,118997,118963,118971,118978,118985,118992,119001,118974,118981
119042,119058,119077,119084,119124,119052,119072,119080,119047,119055,119062,119068,119075,119084,119058,119065
119124,119149,119160,119166,119208,119133,119154,119162,119128,119136,119143,119150,119158,119165,119140,119147
119208,119233,119243,119249,119294,119217,119237,119245,119212,119219,119226,119233,119240,119249,119223,119229
119294,119309,119327,119334,119374,119302,119321,119329,119296,119305,119311,119317,119324,119333,119308,119314
119374,119396,119407,119412,119454,119382,119401,119408,119377,119385,119391,119397,119405,119412,119388,119394
119454,119478,119487,119490,119536,119462,119482,119489,119457,119465,119472,119478,119485,119492,119468,119475
119536,119557,119569,119577,119618,119543,119562,119572,119538,119546,119553,119558,119566,119577,119549,119555
119618,119635,119654,119662,119709,119627,119647,119656,119622,119631,119638,119644,119652,119660,119634,119641
119709,119732,119744,119749,119793,119716,119737,119746,119711,119719,119726,119733,119741,119750,119722,119729
119793,119809,119826,119831,119874,119802,119821,119828,119796,119805,119812,119817,119824,119831,119808,119814
119874,119889,119908,119914,119952,119882,119901,119910,119876,119885,119892,119898,119905,119914,119888,119895
119952,119968,119984,119991,120023,119959,119977,119986,119954,119963,119969,119974,119982,119990,119966,119974
120023,120043,120062,120070,120099,120036,120056,120065,120032,120039,120046,120052,120060,120068,120042,120049
120099,120124,120140,120147,120193,120115,120134,120143,120110,120118,120125,120130,120138,120146,120121,120130
120193,120220,120229,120234,120283,120203,120223,120230,120198,120206,120213,120219,120227,120233,120209,120216
120283,120306,120316,120323,120356,120291,120310,120318,120286,120294,120300,120307,120314,120321,120297,120304
120356,120389,120398,120405,120439,120374,120392,120400,120369,120377,120383,120389,120396,120403,120380,120386
120439,120463,120482,120491,120528,120456,120476,120485,120451,120459,120465,120472,120480,120488,120462,120468
120528,120542,120561,120568,120607,120536,120556,120564,120531,120539,120546,120552,120560,120567,120542,120549
120607,120630,120640,120645,120683,120615,120634,120642,120610,120618,120624,120630,120638,120646,120621,120627
120683,120707,120717,120724,120761,120691,120711,120719,120687,120695,120701,120707,120715,120723,120698,120704
120761,120775,120793,120798,120840,120768,120787,120795,120763,120771,120778,120784,120791,120798,120775,120781
120840,120863,120874,120885,120920,120848,120867,120878,120843,120851,120857,120863,120871,120885,120854,120860
120920,120941,120952,120955,120991,120926,120946,120954,120921,120929,120935,120942,120949,120956,120932,120939
120991,121011,121023,121028,121061,120999,121017,121026,120994,121002,121008,121013,121021,121029,121005,121010
121061,121083,121092,121096,121134,121068,121086,121093,121063,121071,121077,121083,121090,121096,121074,121080
121134,121157,121166,121168,121206,121141,121161,121167,121135,121143,121149,121156,121163,121170,121146,121153
121206,121229,121240,121246,121281,121214,121234,121242,121209,121217,121224,121230,121238,121247,121221,121227
121281,121304,121314,121318,121362,121288,121308,121315,121283,121291,121297,121304,121311,121319,121294,121301
121362,121386,121396,121400,121439,121370,121390,121397,121365,121373,121379,121386,121393,121401,121376,121382
121439,121463,121474,121479,121518,121449,121468,121476,121444,121452,121458,121464,121472,121479,121455,121461
121518,121539,121550,121556,121591,121525,121545,121553,121520,121528,121534,121540,121548,121556,121531,121537
121591,121614,121624,121630,121668,121599,121618,121626,121594,121602,121608,121614,121622,121629,121605,121611
121668,121691,121702,121706,121747,121676,121695,121704,121671,121679,121685,121691,121699,121708,121682,121688
121747,121769,121780,121783,121821,121755,121774,121781,121749,121758,121764,121770,121777,121784,121761,121767
121821,121845,121854,121859,121900,121829,121849,121856,121824,121832,121839,121845,121852,121859,121835,121842
121900,121924,121933,121937,121976,121907,121927,121934,121902,121910,121917,121924,121931,121937,121914,121920
121976,122006,122016,122021,122062,121990,122010,122018,121985,121992,121999,122006,122014,122022,121995,122002
122062,122084,122095,122101,122139,122069,122088,122096,122064,122072,122078,122084,122092,122100,122075,122081
122139,122160,122169,122174,122212,122145,122163,122170,122141,122148,122154,122160,122166,122173,122151,122157
122212,122235,122246,122252,122289,122220,122239,122248,122215,122223,122229,122235,122243,122251,122226,122232
122289,122314,122323,122328,122365,122298,122317,122325,122292,122300,122307,122313,122321,122328,122303,122310
122365,122395,122404,122410,122452,122378,122399,122406,122373,122382,122388,122395,122402,122410,122385,122392
122452,122472,122481,122487,122525,122459,122476,122483,122453,122461,122467,122472,122480,122487,122464,122472
122525,122545,122557,122563,122598,122532,122551,122559,122527,122535,122541,122547,122555,122562,122538,122544
122598,122620,122629,122635,122671,122605,122623,122631,122600,122606,122612,122619,122626,122635,122609,122615
122671,122694,122705,122710,122748,122679,122699,122708,122674,122682,122688,122694,122703,122710,122685,122691
122748,122773,122782,122784,122827,122756,122776,122783,122751,122758,122765,122772,122779,122786,122761,122768
122827,122848,122859,122864,122901,122834,122853,122861,122828,122837,122843,122849,122856,122864,122840,122846
122901,122925,122934,122937,122980,122909,122929,122936,122904,122912,122918,122924,122932,122938,122915,122921
122980,123002,123013,123020,123057,122987,123007,123015,122982,122990,122996,123003,123011,123019,122993,123000
123057,123081,123091,123095,123136,123065,123085,123093,123060,123068,123075,123081,123089,123096,123071,123078
123136,123160,123170,123175,123214,123145,123164,123172,123139,123147,123154,123160,123168,123176,123150,123157
123214,123237,123247,123249,123281,123221,123241,123248,123216,123224,123231,123237,123244,123251,123228,123234
123281,123310,123319,123322,123362,123295,123314,123321,123290,123297,123304,123310,123317,123324,123301,123307
123362,123385,123395,123398,123434,123369,123389,123396,123364,123371,123378,123385,123392,123400,123375,123381
123434,123458,123467,123472,123509,123442,123461,123468,123437,123445,123451,123457,123464,123472,123448,123454
123509,123531,123541,123545,123574,123516,123534,123543,123510,123518,123524,123530,123538,123547,123521,123527
123574,123606,123616,123621,123657,123591,123611,123620,123586,123594,123600,123606,123615,123623,123597,123603
123657,123688,123697,123703,123744,123671,123692,123700,123666,123674,123680,123687,123695,123703,123677,123684
123744,123766,123776,123782,123818,123751,123772,123780,123746,123754,123761,123767,123774,123783,123757,123764
123818,123840,123850,123857,123889,123825,123844,123852,123820,123828,123834,123840,123848,123856,123831,123837
123889,123913,123924,123929,123960,123898,123918,123927,123892,123901,123908,123914,123922,123931,123904,123911
123960,123983,123992,123997,124025,123967,123987,123994,123962,123970,123975,123982,123989,123996,123973,123979
124025,124046,124055,124060,124093,124032,124049,124056,124026,124034,124040,124046,124053,124059,124037,124043
124093,124117,124126,124128,124170,124100,124120,124127,124095,124103,124109,124116,124123,124131,124106,124112
124170,124194,124203,124205,124247,124178,124197,124204,124173,124181,124187,124193,124201,124207,124184,124190
124247,124271,124280,124283,124326,124256,124274,124282,124250,124258,124264,124270,124278,124285,124261,124267
124326,124349,124359,124365,124402,124333,124353,124361,124328,124336,124342,124349,124357,124365,124339,124345
124402,124423,124434,124440,124475,124410,124427,124436,124404,124412,124418,124424,124431,124439,124415,124421
124475,124496,124506,124510,124546,124482,124500,124508,124477,124485,124491,124496,124504,124511,124487,124493
124546,124570,124580,124584,124618,124554,124574,124581,124548,124556,124563,124570,124577,124584,124560,124566
124618,124642,124653,124656,124694,124627,124647,124654,124621,124630,124636,124643,124650,124658,124633,124640
124694,124717,124727,124733,124768,124702,124720,124728,124696,124704,124710,124716,124724,124732,124707,124713
124768,124790,124800,124805,124842,124775,124793,124801,124769,124778,124783,124789,124797,124805,124780,124786
124842,124866,124876,124880,124921,124851,124870,124878,124845,124853,124859,124866,124874,124882,124856,124863
124921,124944,124954,124959,125004,124928,124948,124956,124923,124931,124937,124943,124951,124959,124934,124940
125004,125028,125037,125043,125084,125012,125031,125039,125006,125014,125020,125027,125035,125042,125017,125023
125084,125106,125115,125120,125158,125091,125110,125117,125085,125093,125099,125105,125112,125120,125096,125102
125158,125182,125191,125195,125234,125166,125185,125194,125161,125168,125174,125181,125189,125198,125171,125178
125234,125257,125267,125269,125306,125241,125261,125268,125236,125244,125250,125256,125264,125272,125247,125253
125306,125331,125340,125344,125382,125315,125334,125342,125310,125318,125324,125330,125338,125345,125321,125327
125382,125405,125414,125419,125456,125390,125409,125416,125384,125392,125397,125403,125411,125418,125394,125400
125456,125479,125488,125490,125531,125463,125483,125490,125458,125465,125471,125478,125485,125493,125468,125474
125531,125555,125564,125567,125612,125538,125559,125567,125532,125540,125546,125554,125562,125569,125543,125550
125612,125636,125646,125648,125693,125620,125640,125647,125614,125622,125628,125635,125644,125650,125625,125632
125693,125717,125726,125732,125766,125701,125720,125728,125696,125704,125710,125716,125724,125732,125707,125713
125766,125791,125801,125807,125842,125776,125795,125802,125770,125779,125785,125791,125798,125806,125782,125788
125842,125865,125875,125877,125916,125849,125869,125876,125843,125851,125858,125865,125872,125879,125854,125861
125916,125939,125950,125953,125993,125923,125943,125952,125918,125926,125932,125939,125947,125956,125929,125936
125993,126017,126027,126031,126069,126001,126021,126028,125996,126003,126010,126016,126024,126032,126006,126013
126069,126091,126101,126105,126142,126076,126095,126103,126070,126078,126084,126091,126098,126106,126081,126088
126142,126164,126174,126178,126213,126149,126168,126175,126144,126151,126158,126164,126171,126179,126154,126161
126213,126239,126247,126251,126291,126221,126241,126248,126215,126223,126230,126237,126245,126252,126226,126233
126291,126316,126325,126328,126365,126299,126320,126328,126293,126301,126307,126315,126323,126331,126304,126311
126365,126387,126398,126403,126435,126372,126391,126400,126367,126375,126381,126387,126395,126403,126378,126384
126435,126459,126468,126470,126502,126443,126462,126469,126437,126445,126452,126458,126465,126472,126448,126455
126502,126527,126536,126539,126573,126510,126531,126538,126505,126513,126519,126526,126534,126541,126516,126523
126573,126597,126606,126610,126644,126580,126600,126608,126575,126583,126589,126596,126604,126612,126586,126592
126644,126666,126676,126680,126709,126650,126669,126677,126645,126653,126659,126665,126673,126682,126655,126662
126709,126732,126742,126744,126775,126717,126737,126744,126712,126720,126726,126732,126739,126746,126723,126729
126775,126797,126808,126811,126840,126783,126801,126809,126777,126785,126792,126797,126805,126814,126788,126794
126840,126862,126872,126875,126904,126847,126866,126873,126842,126850,126856,126862,126869,126876,126853,126859
126904,126925,126936,126938,126971,126912,126930,126937,126906,126915,126920,126925,126933,126941,126917,126925
126971,126995,127003,127005,127049,126978,126999,127005,126973,126980,126986,126993,127001,127008,126983,126990
127049,127089,127099,,127125,127056,127095,127119,127051,127059,127066,127072,127117,127120,127062,127069
127125,127148,127158,127162,127199,127133,127153,127161,127128,127136,127141,127147,127155,127165,127138,127144
127199,127219,127229,127235,127269,127207,127223,127231,127201,127209,127215,127219,127227,127235,127212,127219
127269,127284,127298,127300,127335,127277,127293,127300,127272,127280,127287,127290,127296,127303,127283,127290
127335,127352,127365,127372,127400,127344,127357,127367,127338,127347,127353,127353,127362,127371,127350,127353
127400,127413,127430,127438,127462,127407,127423,127432,127402,127410,127417,127421,127427,127437,127413,127421
127462,127476,127492,127497,127523,127469,127486,127493,127464,127472,127478,127483,127490,127497,127475,127480
127523,127538,127553,127558,127589,127531,127547,127555,127526,127534,127540,127544,127551,127558,127536,127544
127589,127609,127618,127622,127660,127596,127613,127620,127590,127599,127604,127609,127616,127623,127601,127609
127660,127680,127691,127695,127741,127668,127685,127692,127663,127671,127677,127681,127688,127696,127674,127681
127741,127760,127771,127777,127824,127749,127765,127773,127743,127752,127758,127761,127768,127776,127754,127761
127824,127846,127856,127862,127910,127833,127851,127858,127828,127836,127842,127846,127853,127861,127839,127846
127910,127927,127941,127947,127988,127918,127935,127943,127912,127921,127927,127931,127939,127947,127924,127931
127988,128006,128018,128023,128058,127995,128012,128019,127990,127998,128005,128009,128015,128022,128001,128009
128058,128080,128089,128092,128127,128067,128084,128091,128061,128069,128075,128080,128086,128094,128072,128077
128127,128148,128157,128158,128197,128135,128152,128158,128129,128138,128143,128147,128154,128161,128140,128147
128197,128218,128227,128231,128268,128205,128222,128230,128199,128208,128213,128217,128225,128233,128210,128217
128268,128288,128298,128299,128338,128276,128293,128299,128270,128278,128284,128288,128295,128302,128281,128288
128338,128357,128383,128368,128401,128345,128362,128368,128339,128348,128353,128356,128364,128371,128350,128356
128401,128418,128430,128433,128462,128409,128424,128432,128403,128412,128417,128417,128427,128435,128414,128417
128462,128482,128505,128493,128527,128470,128487,128493,128464,128473,128477,128481,128489,128495,128475,128481
128527,128547,128556,128558,128596,128535,128552,128558,128529,128538,128543,128546,128554,128560,128540,128546
128596,128616,128626,128628,128668,128604,128621,128628,128598,128607,128612,128615,128623,128631,128609,128615
128668,128689,128699,128700,128739,128676,128694,128700,128671,128679,128685,128688,128696,128703,128682,128688
128739,128759,128770,128772,128809,128747,128765,128772,128742,128751,128757,128759,128767,128774,128753,128759
128809,128830,128840,128842,128880,128818,128835,128842,128812,128821,128826,128830,128837,128845,128823,128830
128880,128901,128911,128912,128949,128888,128906,128912,128882,128890,128896,128901,128908,128915,128893,128898
128949,128970,128980,128982,129020,128958,128976,128982,128952,128961,128967,128970,128978,128986,128963,128970
129020,129040,129050,129052,129091,129028,129046,129052,129023,129031,129038,129040,129048,129055,129034,129040
129091,129111,129122,129124,129161,129099,129117,129124,129094,129102,129110,129111,129119,129127,129105,129111
129161,129180,129190,129192,129230,129169,129185,129192,129163,129173,129178,129178,129188,129196,129175,129178
129230,129249,129260,129262,129297,129239,129255,129262,129233,129242,129249,129249,129257,129264,129244,129249
129297,129314,129327,129329,129362,129305,129322,129329,129300,129309,129316,129316,129324,129332,129312,129316
129362,129380,129392,129394,129426,129370,129385,129393,129364,129373,129380,129380,129389,129397,129376,129380
129426,129446,129457,129459,129493,129435,129452,129459,129429,129438,129444,129446,129455,129462,129440,129446
129493,129514,129524,129525,129565,129502,129519,129525,129496,129505,129510,129513,129521,129528,129507,129513
129565,129586,129595,129597,129643,129573,129591,129597,129567,129576,129582,129585,129593,129600,129578,129585
129643,129665,129674,129676,129721,129652,129670,129676,129646,129655,129660,129664,129672,129679,129657,129664
129721,129742,129752,129754,129797,129730,129748,129754,129725,129733,129739,129742,129750,129757,129736,129742
129797,129817,129828,129830,129869,129806,129823,129830,129800,129809,129816,129816,129825,129833,129812,129816
129869,129891,129902,129904,129941,129878,129897,129904,129873,129881,129887,129892,129899,129907,129884,129889
129941,129961,129972,129974,130011,129949,129967,129974,129944,129953,129959,129962,129970,129977,129955,129962
130011,130031,130043,130045,130082,130020,130038,130045,130014,130023,130030,130032,130040,130047,130026,130032
130082,130102,130114,130116,130152,130091,130109,130116,130086,130094,130101,130104,130111,130118,130097,130104
130152,130170,130183,130186,130218,130161,130176,130185,130155,130164,130171,130171,130180,130189,130167,130171
130218,130236,130249,130251,130285,130228,130243,130251,130222,130231,130239,130239,130246,130254,130234,130239
130285,130302,130315,130317,130348,130293,130308,130316,130287,130296,130304,130304,130312,130320,130299,130304
130348,130366,130379,130381,130413,130357,130373,130381,130351,130360,130367,130367,130376,130384,130363,130367
130413,130432,130444,130446,130482,130422,130439,130446,130416,130425,130432,130432,130441,130449,130427,130432
130482,130502,130512,130514,130554,130490,130507,130514,130484,130493,130499,130502,130509,130516,130496,130502
130554,130574,130584,130586,130628,130562,130579,130586,130557,130565,130571,130573,130582,130589,130568,130573
130628,130647,130658,130660,130700,130636,130653,130660,130631,130639,130646,130646,130655,130662,130642,130646
130700,130719,130732,130733,130772,130709,130726,130733,130704,130712,130720,130721,130729,130737,130715,130721
130772,130794,130804,130807,130847,130781,130799,130806,130776,130784,130790,130794,130802,130809,130787,130794
130847,130868,130879,130881,130922,130856,130874,130881,130851,130859,130866,130869,130877,130884,130862,130869
130922,130942,130953,130955,130993,130930,130949,130955,130925,130933,130940,130943,130951,130958,130936,130943
130993,131011,131023,131025,131059,131001,131016,131024,130996,131005,131012,131012,131020,131028,131007,131012
131059,131077,131089,131092,131127,131069,131083,131092,131063,131072,131079,131079,131087,131095,131075,131079
131127,131144,131157,131159,131192,131135,131152,131159,131129,131138,131145,131147,131154,131161,131141,131147
131192,131210,131223,131225,131258,131200,131216,131224,131195,131203,131210,131212,131220,131228,131206,131212
131258,131276,131288,131290,131324,131266,131283,131290,131261,131269,131277,131277,131285,131293,131272,131277
131324,131343,131354,131356,131391,131332,131348,131355,131326,131335,131341,131343,131351,131358,131338,131343
131391,131411,131421,131422,131459,131399,131416,131422,131394,131402,131408,131411,131418,131425,131404,131411
131459,131477,131489,131493,131528,131468,131484,131491,131462,131471,131479,131479,131487,131494,131474,131479
131528,131546,131558,131562,131598,131537,131553,131560,131532,131540,131548,131548,131555,131564,131543,131548
131598,131617,131629,131632,131670,131606,131623,131630,131601,131609,131615,131619,131626,131633,131612,131619
131670,131691,131701,131705,131745,131678,131695,131702,131672,131681,131687,131692,131699,131706,131684,131689
131745,131764,131775,131779,131823,131753,131770,131778,131748,131756,131762,131766,131773,131781,131758,131766
131823,131844,131855,131858,131902,131832,131849,131856,131827,131835,131841,131845,131852,131859,131838,131845
131902,131921,131931,131935,131974,131909,131926,131933,131904,131912,131918,131922,131929,131935,131915,131922
131974,131989,132018,132004,132039,131981,131996,132004,131976,131984,131992,131992,131999,132007,131987,131992
132039,132053,132067,132073,132100,132046,132059,132068,132041,132050,132056,132056,132064,132073,132053,132056
132100,132116,132146,132132,132163,132108,132124,132132,132102,132111,132119,132121,132128,132136,132114,132121
132163,132180,132193,132196,132227,132171,132187,132194,132166,132174,132181,132183,132190,132198,132177,132183
132227,132247,132256,132260,132297,132234,132251,132258,132229,132237,132242,132246,132253,132261,132239,132246
132297,132318,132339,132327,132373,132304,132322,132327,132298,132307,132312,132316,132323,132330,132309,132316
132373,132395,132404,132406,132458,132382,132400,132406,132376,132384,132389,132394,132402,132409,132387,132394
132458,132480,132488,132489,132540,132466,132484,132489,132461,132469,132474,132479,132485,132491,132471,132476
132540,132557,132569,132573,132615,132547,132563,132571,132542,132550,132558,132558,132566,132574,132553,132558
132615,132635,132646,132647,132689,132623,132640,132646,132618,132626,132632,132636,132643,132650,132629,132636
132689,132710,132720,132723,132762,132696,132714,132721,132691,132699,132705,132710,132717,132724,132702,132710
132762,132782,132792,132796,132835,132769,132787,132794,132764,132772,132779,132783,132789,132797,132775,132783
132835,132856,132879,132866,132907,132842,132860,132866,132836,132845,132851,132856,132862,132869,132848,132853
132907,132924,132937,132938,132979,132916,132928,132938,132910,132919,132929,132929,132934,132942,132922,132929
132979,132994,133008,133013,133045,132986,133002,133010,132981,132989,132996,132998,133005,133013,132992,132998
133045,133061,133076,133080,133114,133053,133070,133078,133048,133056,133063,133067,133073,133081,133059,133067
133114,133136,133145,133148,133186,133122,133140,133147,133117,133125,133131,133136,133142,133150,133128,133133
133186,133205,133216,133221,133258,133193,133211,133218,133188,133196,133202,133207,133214,133221,133199,133204
133258,133279,133305,133290,133332,133266,133284,133290,133260,133269,133275,133279,133286,133294,133272,133279
133332,133350,133362,133367,133402,133340,133356,133364,133334,133343,133350,133352,133359,133367,133346,133352
133402,133419,133432,133436,133472,133411,133426,133433,133406,133414,133421,133422,133430,133437,133417,133422
133472,133486,133502,133506,133539,133479,133497,133504,133474,133483,133489,133494,133500,133507,133486,133491
133539,133555,133571,133574,133613,133548,133565,133573,133543,133551,133557,133562,133569,133576,133554,133559
133613,133630,133646,133650,133692,133622,133641,133648,133618,133625,133632,133637,133644,133652,133628,133634
133692,133707,133724,133728,133767,133700,133719,133726,133695,133703,133710,133715,133722,133729,133706,133712
133767,133783,133798,133800,133842,133775,133792,133799,133770,133778,133785,133789,133795,133802,133781,133789
133842,133857,133873,133878,133914,133850,133868,133875,133845,133853,133860,133864,133871,133879,133856,133864
133914,133929,133945,133947,133987,133922,133939,133946,133917,133925,133932,133936,133943,133950,133928,133936
133987,134002,134018,134023,134062,133995,134012,134020,133990,133998,134005,134010,134016,134023,134001,134007
134062,134076,134093,134098,134134,134069,134086,134094,134064,134073,134080,134083,134090,134098,134076,134083
134134,134150,134166,134170,134208,134143,134159,134167,134138,134146,134154,134156,134163,134171,134149,134156
134208,134224,134239,134241,134284,134217,134227,134231,134212,134220,134228,134232,134237,134244,134223,134232
134284,134303,134314,134317,134360,134292,134309,134316,134286,134295,134301,134303,134311,134319,134297,134303
134360,134382,134391,134393,134440,134367,134386,134393,134362,134370,134376,134381,134388,134395,134373,134378
134440,134463,134472,134475,134522,134448,134467,134474,134443,134451,134457,134462,134469,134477,134454,134462
134522,134544,134553,134557,134601,134530,134548,134555,134525,134533,134539,134544,134551,134558,134536,134541
134601,134622,134632,134637,134679,134608,134626,134634,134603,134611,134618,134622,134629,134638,134614,134622
134679,134695,134712,134717,134760,134688,134707,134715,134683,134691,134698,134703,134710,134718,134694,134703
134760,134776,134792,134795,134837,134769,134787,134794,134764,134772,134778,134783,134790,134796,134775,134783
134837,134853,134870,134875,134917,134846,134865,134872,134841,134850,134856,134861,134868,134875,134853,134861
134917,134932,134946,134951,134991,134924,134940,134948,134919,134927,134935,134937,134943,134951,134930,134937
134991,135006,135021,135024,135063,134999,135015,135023,134994,135002,135011,135011,135018,135026,135006,135011
135063,135079,135093,135097,135133,135071,135088,135095,135066,135074,135081,135085,135091,135098,135077,135085
135133,135151,135164,135167,135208,135141,135158,135165,135136,135144,135151,135154,135161,135169,135147,135154
135208,135230,135239,135241,135287,135215,135234,135241,135210,135218,135224,135229,135236,135243,135221,135229
135287,135308,135317,135319,135366,135295,135312,135319,135289,135297,135303,135307,135315,135321,135300,135307
135366,135387,135396,135400,135445,135374,135391,135398,135369,135377,135382,135386,135394,135401,135379,135386
135445,135468,135477,135480,135523,135455,135472,135478,135449,135458,135464,135468,135474,135481,135460,135468
135523,135544,135554,135556,135601,135532,135548,135555,135526,135535,135541,135544,135552,135559,135537,135544
135601,135623,135632,135634,135679,135609,135628,135634,135604,135612,135618,135623,135630,135637,135615,135620
135679,135700,135710,135711,135756,135687,135706,135711,135682,135690,135697,135700,135707,135714,135693,135700
135756,135777,135786,135788,135831,135764,135782,135788,135759,135767,135773,135777,135784,135790,135770,135777
135831,135849,135861,135864,135902,135839,135856,135862,135834,135842,135850,135851,135858,135865,135845,135851
135902,135922,135932,135934,135973,135910,135927,135934,135905,135913,135918,135922,135929,135937,135915,135922
135973,135993,136018,136005,136045,135981,135999,136005,135975,135984,135990,135993,136001,136008,135986,135993
136045,136067,136094,136078,136122,136053,136071,136078,136047,136056,136061,136066,136073,136082,136058,136063
136122,136145,136153,136154,136197,136131,136149,136154,136125,136134,136139,136144,136151,136157,136136,136141
136197,136214,136225,136227,136269,136205,136219,136226,136199,136209,136214,136214,136222,136230,136212,136214
136269,136289,136299,136301,136339,136277,136294,136301,136271,136280,136286,136289,136296,136303,136282,136289
136339,136359,136369,136371,136412,136347,136365,136371,136342,136350,136356,136360,136367,136374,136353,136360
136412,136433,136443,136445,136486,136420,136438,136445,136415,136423,136429,136433,136440,136447,136426,136433
136486,136509,136537,136518,136565,136495,136513,136518,136489,136497,136504,136508,136515,136521,136500,136508
136565,136585,136610,136597,136640,136573,136591,136597,136568,136576,136583,136585,136593,136600,136579,136585
136640,136657,136670,136672,136710,136648,136663,136671,136642,136651,136658,136658,136667,136674,136654,136658
136710,136732,136742,136744,136781,136719,136737,136744,136714,136722,136728,136732,136739,136747,136725,136732
136781,136801,136811,136812,136851,136789,136806,136812,136783,136791,136797,136801,136808,136815,136794,136801
136851,136872,136882,136884,136922,136859,136877,136884,136854,136862,136868,136872,136879,136887,136865,136872
136922,136940,136951,136953,136992,136930,136946,136953,136925,136933,136940,136940,136948,136955,136936,136940
136992,137012,137022,137024,137062,137000,137017,137024,136994,137003,137008,137012,137019,137026,137005,137012
137062,137083,137092,137096,137138,137070,137087,137094,137065,137073,137078,137082,137090,137097,137075,137082
137138,137162,137170,137174,137220,137147,137166,137172,137142,137150,137156,137161,137168,137175,137153,137158
137220,137242,137251,137255,137302,137228,137246,137253,137222,137231,137237,137241,137248,137255,137233,137241
137302,137323,137332,137335,137381,137310,137327,137333,137305,137313,137319,137323,137329,137336,137316,137323
137381,137396,137408,137415,137451,137388,137403,137411,137383,137391,137398,137398,137407,137414,137394,137398
137451,137468,137482,137484,137521,137459,137478,137484,137454,137462,137469,137473,137480,137487,137465,137473
137521,137537,137551,137553,137593,137529,137546,137553,137524,137532,137538,137542,137548,137555,137535,137542
137593,137608,137623,137628,137662,137600,137617,137624,137595,137603,137609,137614,137621,137628,137606,137611
137662,137677,137691,137694,137727,137669,137685,137693,137664,137672,137679,137681,137688,137695,137675,137681
137727,137743,137758,137762,137794,137737,137749,137759,137732,137740,137749,137749,137755,137763,137744,137749
137794,137809,137824,137827,137857,137802,137816,137825,137797,137806,137814,137814,137821,137828,137809,137814
137857,137873,137890,137892,137927,137867,137883,137891,137862,137870,137877,137881,137887,137895,137873,137881
137927,137941,137956,137959,137997,137934,137951,137958,137929,137937,137944,137948,137953,137960,137940,137948
137997,138012,138027,138032,138065,138005,138021,138029,138000,138007,138014,138018,138025,138032,138010,138018
138065,138082,138096,138099,138135,138074,138089,138098,138069,138078,138085,138085,138094,138102,138080,138085
138135,138149,138184,138166,138204,138143,138152,138165,138137,138146,138154,138156,138162,138169,138149,138156
138204,138218,138245,138234,138267,138211,138226,138233,138206,138214,138220,138223,138230,138236,138216,138223
138267,138286,138302,138305,138335,138279,138296,138304,138275,138283,138290,138293,138300,138307,138286,138293
138335,138356,138372,138378,138404,138349,138366,138375,138345,138352,138359,138363,138370,138378,138355,138363
138404,138428,138444,138433,138469,138421,138430,138433,138417,138424,138427,138427,138431,138436,138427,138433
138469,138500,138514,138519,138553,138493,138507,138516,138488,138496,138505,138505,138512,138520,138499,138505
138553,138568,138581,138588,138619,138561,138574,138584,138555,138564,138572,138572,138579,138588,138567,138572
138619,138637,138650,138653,138689,138628,138645,138652,138622,138631,138637,138641,138648,138655,138633,138641
138689,138706,138719,138724,138759,138697,138713,138721,138691,138699,138705,138709,138716,138724,138702,138709
138759,138774,138790,138794,138833,138767,138785,138792,138763,138770,138777,138781,138788,138795,138773,138781
138833,138848,138862,138867,138904,138840,138855,138863,138835,138843,138850,138852,138859,138867,138846,138852
138904,138920,138935,138937,138975,138913,138929,138937,138907,138916,138925,138925,138932,138939,138919,138925
138975,138991,139004,139009,139047,138983,138999,139007,138978,138986,138994,138994,139002,139010,138989,138994
139047,139062,139077,139082,139117,139054,139071,139080,139049,139057,139064,139067,139074,139085,139060,139067
139117,139133,139149,139170,139191,139125,139143,139150,139120,139128,139135,139139,139146,139154,139131,139139
139191,139207,139221,139225,139264,139199,139215,139223,139194,139202,139208,139212,139218,139225,139205,139212
139264,139280,139295,139301,139336,139273,139284,139297,139268,139276,139286,139286,139292,139301,139280,139286
139336,139352,139382,139367,139405,139344,139357,139367,139339,139348,139356,139356,139362,139370,139351,139356
139405,139420,139434,139438,139472,139412,139426,139435,139407,139416,139423,139423,139431,139439,139418,139423
139472,139486,139517,139504,139537,139480,139492,139504,139475,139483,139492,139492,139498,139507,139486,139492
139537,139556,139570,139574,139610,139548,139565,139572,139543,139551,139557,139561,139567,139575,139554,139561
139610,139629,139640,139644,139684,139619,139635,139642,139614,139622,139627,139631,139638,139645,139624,139631
139684,139703,139714,139718,139759,139691,139708,139715,139686,139694,139700,139705,139711,139719,139697,139702
139759,139774,139788,139793,139831,139766,139782,139789,139761,139769,139776,139779,139786,139793,139772,139779
139831,139846,139878,139863,139902,139839,139853,139863,139834,139843,139851,139851,139858,139867,139846,139851
139902,139917,139933,139937,139973,139910,139927,139934,139905,139913,139919,139924,139930,139937,139916,139924
139973,139986,140003,140007,140042,139980,139997,140004,139975,139983,139990,139994,140000,140007,139986,139994
140042,140058,140073,140078,140113,140051,140066,140074,140046,140055,140062,140062,140070,140078,140057,140062
140113,140129,140144,140151,140183,140122,140136,140146,140117,140126,140134,140134,140141,140151,140129,140134
140183,140198,140212,140218,140249,140192,140203,140213,140187,140195,140202,140202,140209,140217,140198,140202
140249,140263,140279,140282,140315,140257,140272,140279,140252,140260,140267,140270,140276,140283,140263,140270
140315,140330,140344,140348,140381,140322,140338,140345,140317,140325,140332,140334,140341,140348,140328,140334
140381,140396,140423,140412,140449,140388,140403,140411,140383,140391,140397,140399,140407,140414,140394,140399
140449,140469,140496,140480,140518,140457,140474,140480,140452,140460,140466,140469,140476,140483,140463,140469
140518,140533,140546,140551,140586,140526,140538,140547,140521,140529,140536,140536,140543,140551,140532,140536
140586,140603,140616,140618,140652,140594,140609,140617,140588,140597,140602,140605,140613,140620,140599,140605
140652,140666,140681,140685,140719,140659,140676,140683,140654,140662,140669,140673,140678,140685,140665,140673
140719,140734,140750,140755,140791,140727,140743,140751,140722,140731,140738,140741,140747,140755,140734,140741
140791,140805,140822,140827,140863,140798,140815,140823,140793,140801,140807,140812,140819,140826,140804,140812
140863,140879,140894,140898,140919,140871,140887,140894,140866,140874,140880,140884,140891,140898,140877,140884
140919,140948,140963,140970,141003,140943,140957,140965,140938,140946,140953,140955,140961,140969,140949,140955
141003,141017,141031,141038,141068,141010,141026,141035,141005,141013,141019,141023,141030,141038,141016,141023
141068,141082,141096,141104,141131,141076,141090,141099,141071,141079,141085,141087,141095,141103,141081,141087
141131,141146,141162,141166,141200,141140,141149,141164,141135,141144,141151,141154,141159,141166,141147,141154
141200,141214,141229,141236,141331,141207,141222,141273,141203,141210,141217,141234,141268,141276,141213,141230
141331,141345,141360,141365,141395,141339,141352,141361,141333,141342,141350,141350,141357,141365,141345,141350
141395,141412,141426,141428,141463,141403,141420,141427,141399,141406,141412,141417,141423,141430,141409,141414
141463,141477,141492,141496,141529,141470,141485,141493,141465,141473,141480,141482,141489,141496,141476,141482
141529,141550,141564,141570,141609,141542,141558,141566,141538,141545,141551,141555,141562,141570,141548,141555
141609,141624,141651,141640,141673,141617,141634,141640,141612,141620,141626,141630,141636,141643,141622,141630
141673,141696,141710,141715,141751,141689,141704,141712,141685,141692,141699,141702,141708,141715,141695,141702
141751,141764,141779,141783,141818,141758,141767,141781,141754,141762,141769,141772,141777,141784,141765,141772
141818,141835,141850,141853,141887,141828,141844,141852,141823,141831,141838,141841,141848,141855,141834,141841
141887,141904,141922,141927,141962,141898,141917,141924,141894,141901,141908,141913,141920,141927,141904,141910
141962,141976,141992,141998,142030,141970,141985,141993,141965,141973,141980,141982,141989,141997,141976,141982
142030,142045,142059,142064,142096,142038,142052,142060,142033,142041,142049,142049,142056,142064,142044,142049
142096,142110,142139,142126,142159,142103,142114,142116,142099,142106,142114,142116,142122,142129,142109,142116
142159,142173,142202,142191,142222,142167,142180,142190,142161,142170,142178,142179,142186,142193,142173,142179
142222,142236,142251,142255,142282,142229,142244,142252,142224,142233,142241,142241,142248,142255,142236,142241
142282,142300,142315,142319,142346,142293,142309,142316,142289,142296,142303,142307,142313,142319,142299,142307
142346,142365,142379,142385,142417,142359,142370,142381,142354,142362,142370,142370,142376,142385,142365,142370
142417,142431,142463,142448,142482,142424,142438,142447,142419,142427,142434,142434,142443,142451,142429,142434
142482,142498,142526,142530,142549,142490,142506,142513,142485,142493,142499,142502,142509,142516,142495,142502
142549,142565,142579,142584,142619,142556,142573,142581,142551,142559,142565,142570,142577,142584,142562,142567
142619,142636,142662,142651,142692,142628,142643,142650,142623,142631,142637,142640,142647,142654,142633,142640
142692,142707,142737,142745,142764,142700,142717,142725,142695,142703,142709,142714,142720,142728,142706,142711
142764,142779,142794,142815,142834,142772,142787,142795,142766,142775,142781,142784,142791,142798,142777,142784
142834,142847,142863,142868,142897,142841,142855,142864,142836,142844,142852,142852,142860,142867,142847,142852
142897,142914,142931,142936,142969,142909,142917,142932,142904,142912,142920,142923,142929,142936,142915,142923
142969,142983,142999,143005,143040,142977,142993,143001,142972,142979,142986,142990,142997,143004,142982,142990
143040,143055,143070,143073,143110,143047,143063,143071,143042,143050,143056,143060,143067,143074,143053,143060
143110,143124,143139,143145,143178,143117,143132,143140,143112,143120,143127,143130,143136,143144,143123,143130
143178,143191,143223,143208,143239,143185,143200,143208,143180,143188,143196,143196,143203,143212,143191,143196
143239,143255,143271,143276,143305,143248,143262,143273,143243,143252,143260,143260,143268,143276,143255,143260
143305,143319,143333,143338,143367,143312,143323,143333,143307,143316,143319,143319,143329,143338,143319,143333
143367,143381,143398,143402,143420,143375,143391,143399,143370,143378,143386,143389,143395,143403,143382,143389
143420,143446,143461,143465,143494,143440,143455,143463,143436,143443,143450,143453,143459,143466,143446,143453
143494,143511,143525,143528,143563,143505,143515,143527,143500,143508,143518,143518,143522,143530,143511,143518
143563,143579,143611,143595,143629,143571,143587,143595,143566,143574,143581,143583,143590,143598,143577,143583
143629,143646,143661,143663,143702,143639,143656,143663,143634,143643,143650,143653,143658,143665,143646,143653
143702,143723,143746,143734,143773,143710,143727,143733,143705,143713,143720,143723,143730,143737,143716,143723
143773,143787,143801,143806,143840,143780,143793,143802,143775,143784,143792,143792,143798,143806,143787,143792
143840,143855,143869,143873,143906,143848,143863,143871,143842,143851,143858,143858,143866,143873,143853,143858
143906,143923,143953,143938,143972,143914,143930,143937,143909,143917,143923,143926,143933,143941,143920,143926
143972,143986,144001,144003,144035,143979,143994,144002,143974,143982,143989,143992,143998,144004,143985,143992
144035,144048,144064,144069,144096,144042,144055,144065,144037,144045,144053,144053,144060,144069,144048,144053
144096,144109,144125,144132,144157,144103,144118,144126,144098,144106,144111,144115,144122,144130,144108,144115
144157,144173,144188,144196,144224,144166,144181,144190,144161,144169,144176,144177,144185,144194,144172,144177
144224,144239,144267,144255,144286,144232,144245,144254,144227,144236,144242,144242,144250,144257,144239,144242
144286,144306,144321,144327,144358,144299,144313,144323,144294,144303,144310,144310,144318,144327,144306,144310
144358,144376,144387,144392,144428,144366,144380,144388,144361,144369,144374,144376,144384,144392,144371,144376
144428,144447,144469,144458,144499,144434,144452,144458,144429,144437,144444,144448,144454,144460,144440,144448
144499,144520,144546,144530,144575,144507,144524,144530,144502,144509,144515,144519,144526,144533,144512,144519
144575,144595,144604,144606,144649,144582,144599,144605,144576,144585,144591,144595,144602,144608,144587,144595
144649,144665,144679,144684,144721,144657,144672,144680,144652,144660,144666,144669,144676,144683,144662,144669
144721,144736,144770,144752,144790,144729,144745,144752,144724,144731,144738,144741,144747,144754,144734,144741
144790,144804,144835,144822,144860,144798,144807,144811,144793,144801,144808,144812,144817,144825,144804,144812
144860,144875,144902,144906,144923,144868,144885,144891,144863,144871,144878,144882,144888,144894,144874,144882
144923,144945,144959,144965,145000,144939,144952,144961,144934,144942,144950,144950,144957,144965,144945,144950
145000,145015,145030,145035,145069,145008,145023,145032,145003,145011,145019,145020,145027,145034,145014,145020
145069,145082,145097,145101,145135,145075,145090,145098,145070,145078,145084,145088,145094,145101,145081,145088
145135,145149,145178,145164,145199,145141,145157,145164,145136,145144,145151,145154,145160,145168,145147,145154
145199,145218,145228,145233,145272,145207,145223,145230,145202,145210,145215,145218,145226,145233,145212,145218
145272,145293,145302,145307,145347,145279,145297,145304,145273,145281,145287,145292,145299,145307,145284,145292
145347,145368,145377,145381,145425,145355,145372,145379,145349,145358,145364,145367,145374,145382,145361,145367
145425,145444,145471,145456,145497,145433,145449,145456,145427,145436,145441,145444,145451,145459,145438,145444
145497,145517,145528,145532,145570,145506,145522,145529,145501,145509,145514,145518,145525,145533,145512,145518
145570,145586,145601,145606,145642,145579,145594,145602,145574,145582,145588,145591,145598,145605,145584,145591
145642,145658,145674,145679,145718,145651,145668,145675,145646,145654,145661,145665,145672,145679,145657,145665
145718,145733,145749,145754,145792,145726,145743,145751,145721,145729,145736,145740,145747,145754,145732,145740
145792,145805,145822,145831,145863,145799,145815,145824,145795,145802,145809,145813,145820,145828,145805,145813
145863,145878,145893,145898,145918,145871,145885,145894,145866,145875,145883,145883,145890,145897,145878,145883
145918,145948,145962,145969,146002,145941,145956,145964,145936,145943,145949,145953,145960,145968,145946,145953
146002,146024,146034,146048,146076,146010,146028,146036,146005,146013,146019,146025,146032,146038,146016,146022
146076,146096,146106,146110,146150,146082,146100,146107,146077,146085,146091,146096,146103,146110,146088,146096
146150,146168,146180,146185,146225,146157,146174,146182,146152,146160,146166,146170,146177,146186,146163,146170
146225,146240,146254,146260,146296,146232,146247,146255,146227,146236,146243,146243,146251,146259,146238,146243
146296,146314,146326,146331,146368,146304,146320,146328,146298,146307,146313,146315,146323,146331,146309,146315
146368,146385,146396,146398,146439,146375,146391,146398,146369,146378,146385,146385,146393,146400,146381,146385
146439,146457,146468,146471,146512,146446,146462,146469,146441,146449,146455,146459,146466,146472,146452,146459
146512,146528,146542,146547,146584,146519,146536,146544,146514,146522,146528,146532,146539,146547,146525,146532
146584,146605,146615,146619,146660,146593,146610,146616,146587,146595,146602,146606,146613,146619,146598,146606
146660,146675,146688,146694,146730,146668,146681,146690,146663,146671,146679,146679,146686,146693,146674,146679
146730,146746,146760,146764,146797,146739,146752,146762,146733,146743,146751,146751,146757,146765,146746,146751
146797,146813,146828,146832,146866,146806,146822,146830,146801,146809,146818,146818,146825,146833,146813,146818
146866,146883,146896,146900,146939,146875,146890,146897,146870,146877,146883,146886,146893,146900,146880,146886
146939,146960,146969,146972,147013,146946,146963,146970,146941,146949,146954,146959,146966,146973,146951,146959
147013,147033,147045,147049,147093,147022,147039,147047,147017,147025,147032,147035,147042,147050,147028,147035
147093,147114,147123,147125,147167,147101,147118,147124,147095,147103,147109,147113,147120,147127,147106,147113
147167,147183,147197,147201,147243,147176,147191,147199,147171,147179,147187,147187,147195,147202,147182,147187
147243,147257,147272,147279,147291,147251,147260,147264,147246,147254,147257,147257,147261,147264,147257,147262
147291,147333,147350,147339,147378,147327,147336,147339,147322,147330,147333,147333,147337,147342,147333,147339
147378,147408,147424,147430,147465,147403,147419,147426,147398,147405,147412,147417,147422,147429,147408,147414
147465,147483,147489,147491,147544,147477,147485,147490,147472,147480,147483,147483,147487,147492,147483,147490
147544,147557,147585,147574,147589,147551,147559,147567,147546,147554,147558,147558,147562,147567,147558,147564
147589,147627,147636,147652,147681,147622,147631,147638,147617,147625,147629,147629,147634,147638,147629,147636
147681,147699,147713,147716,147753,147692,147707,147715,147687,147695,147702,147703,147711,147718,147698,147703
147753,147768,147782,147787,147825,147761,147777,147785,147755,147764,147771,147773,147780,147787,147767,147773
147825,147839,147853,147858,147896,147832,147849,147856,147827,147835,147841,147845,147851,147858,147837,147845
147896,147912,147924,147928,147968,147903,147918,147925,147898,147906,147913,147913,147921,147928,147909,147913
147968,147986,147997,148001,148038,147975,147991,147998,147969,147978,147983,147986,147994,148001,147980,147986
148038,148059,148068,148072,148112,148046,148063,148070,148041,148049,148055,148059,148066,148073,148052,148059
148112,148133,148142,148143,148189,148120,148137,148143,148114,148122,148128,148132,148139,148146,148125,148132
148189,148211,148221,148223,148268,148198,148215,148222,148193,148201,148206,148211,148218,148225,148203,148211
148268,148286,148299,148303,148341,148277,148293,148300,148272,148280,148286,148290,148297,148304,148283,148290
148341,148360,148375,148380,148419,148353,148369,148376,148348,148356,148362,148366,148373,148379,148359,148366
148419,148438,148448,148453,148492,148426,148443,148450,148421,148429,148435,148439,148445,148452,148432,148439
148492,148513,148523,148527,148566,148500,148518,148525,148495,148503,148509,148514,148521,148528,148506,148514
148566,148580,148595,148599,148638,148573,148589,148597,148568,148576,148583,148587,148593,148600,148579,148587
148638,148654,148667,148671,148707,148645,148660,148668,148640,148648,148656,148656,148664,148672,148651,148656
148707,148726,148752,148738,148774,148715,148731,148738,148709,148718,148725,148726,148734,148741,148720,148726
148774,148790,148802,148805,148842,148782,148797,148804,148777,148785,148792,148792,148799,148806,148788,148792
148842,148860,148871,148873,148912,148849,148865,148872,148844,148852,148857,148861,148868,148875,148854,148861
148912,148933,148943,148948,148992,148921,148937,148945,148915,148923,148929,148933,148941,148949,148926,148933
148992,149015,149023,149025,149075,149000,149018,149025,148995,149003,149009,149013,149020,149028,149005,149013
149075,149094,149105,149109,149152,149082,149099,149106,149077,149085,149091,149095,149102,149109,149088,149095
149152,149166,149181,149184,149224,149160,149175,149182,149155,149163,149169,149173,149179,149185,149166,149173
149224,149245,149260,149265,149309,149237,149254,149261,149232,149240,149246,149250,149257,149265,149242,149250
149309,149324,149341,149347,149389,149317,149336,149344,149312,149320,149327,149332,149339,149348,149323,149329
149389,149411,149435,149423,149464,149396,149415,149422,149391,149399,149405,149411,149418,149426,149402,149408
149464,149480,149493,149499,149535,149471,149487,149494,149466,149474,149481,149483,149491,149498,149477,149483
149535,149550,149565,149569,149604,149543,149559,149567,149537,149546,149553,149555,149562,149569,149549,149555
149604,149619,149633,149636,149673,149611,149628,149634,149606,149614,149621,149624,149630,149637,149617,149624
149673,149694,149714,149704,149744,149680,149699,149704,149675,149683,149690,149694,149700,149706,149686,149694
149744,149763,149789,149775,149815,149751,149769,149775,149746,149754,149760,149764,149771,149778,149757,149764
149815,149832,149846,149851,149889,149824,149841,149847,149819,149827,149833,149837,149843,149850,149830,149837
149889,149908,149918,149923,149960,149897,149913,149920,149892,149900,149905,149908,149915,149923,149902,149908
149960,149977,149991,149997,150037,149970,149985,149993,149965,149973,149979,149982,149989,149996,149975,149982
150037,150052,150066,150069,150112,150044,150061,150068,150039,150047,150053,150057,150064,150070,150050,150057
150112,150128,150144,150150,150189,150121,150138,150146,150116,150123,150130,150134,150142,150149,150126,150134
150189,150205,150221,150228,150269,150199,150215,150223,150194,150202,150209,150213,150219,150226,150205,150213
150269,150282,150297,150302,150343,150276,150290,150298,150271,150279,150286,150289,150295,150302,150282,150289
150343,150358,150375,150378,150420,150352,150361,150365,150347,150355,150362,150367,150372,150379,150358,150364
150420,150435,150452,150457,150495,150428,150446,150453,150423,150432,150438,150443,150449,150456,150435,150440
150495,150511,150530,150536,150575,150506,150514,150532,150501,150509,150516,150521,150527,150535,150512,150518
150575,150588,150604,150612,150643,150582,150592,150607,150577,150585,150593,150595,150602,150609,150588,150595
150643,150658,150674,150680,150713,150652,150662,150675,150647,150655,150663,150665,150671,150679,150659,150665
150713,150727,150756,150744,150780,150720,150736,150744,150715,150723,150730,150733,150739,150747,150726,150733
150780,150794,150810,150812,150843,150788,150803,150811,150783,150791,150798,150801,150807,150814,150794,150801
150843,150863,150878,150881,150922,150856,150874,150881,150851,150859,150866,150870,150876,150883,150862,150870
150922,150937,150952,150956,150995,150929,150946,150953,150924,150932,150939,150942,150949,150957,150935,150942
150995,151010,151038,151025,151066,151002,151017,151025,150997,151005,151014,151014,151021,151028,151008,151014
151066,151080,151095,151102,151129,151073,151088,151097,151067,151076,151084,151084,151092,151102,151079,151084
151129,151150,151166,151169,151185,151143,151152,151157,151139,151146,151149,151149,151153,151157,151149,151155
151185,151221,151237,151242,151280,151215,151231,151239,151210,151218,151225,151229,151235,151242,151221,151229
151280,151295,151310,151313,151353,151289,151306,151312,151284,151292,151299,151303,151308,151315,151295,151303
151353,151368,151383,151388,151421,151362,151377,151384,151357,151365,151371,151374,151381,151388,151367,151374
151421,151435,151450,151457,151480,151429,151439,151453,151424,151433,151441,151442,151449,151457,151436,151442
151480,151501,151515,151519,151550,151495,151506,151518,151490,151499,151502,151502,151513,151523,151502,151518
151550,151567,151581,151587,151619,151560,151575,151583,151555,151562,151568,151572,151579,151586,151565,151572
151619,151635,151648,151653,151684,151627,151642,151650,151621,151630,151638,151638,151645,151653,151633,151638
151684,151704,151717,151724,151759,151696,151709,151719,151691,151699,151707,151707,151714,151724,151703,151707
151759,151773,151787,151793,151827,151766,151778,151788,151761,151769,151776,151776,151784,151792,151772,151776
151827,151843,151856,151860,151895,151834,151851,151858,151829,151837,151843,151847,151853,151861,151840,151847
151895,151912,151924,151928,151965,151903,151917,151925,151898,151906,151911,151914,151921,151928,151908,151914
151965,151980,151995,152000,152041,151973,151988,151997,151967,151976,151982,151984,151992,152000,151978,151984
152041,152055,152072,152075,152115,152049,152066,152073,152044,152052,152058,152063,152069,152076,152055,152060
152115,152131,152146,152152,152185,152124,152139,152148,152119,152127,152133,152135,152143,152151,152130,152135
152185,152203,152220,152224,152251,152197,152205,152222,152192,152200,152207,152212,152217,152224,152203,152209
152251,152272,152289,152293,152327,152266,152283,152291,152262,152269,152276,152280,152287,152295,152272,152280
152327,152341,152372,152378,152394,152335,152352,152360,152330,152338,152345,152349,152355,152362,152341,152349
152394,152412,152428,152430,152462,152406,152422,152429,152401,152409,152416,152420,152426,152432,152412,152420
152462,152483,152497,152501,152534,152476,152492,152499,152472,152479,152486,152488,152495,152502,152482,152488
152534,152552,152565,152570,152603,152544,152557,152566,152539,152548,152554,152554,152562,152569,152551,152554
152603,152619,152634,152638,152672,152611,152627,152635,152607,152614,152620,152624,152631,152639,152617,152624
152672,152686,152703,152706,152745,152680,152697,152704,152675,152683,152689,152694,152700,152707,152685,152691
152745,152759,152787,152775,152820,152751,152768,152775,152746,152754,152761,152764,152771,152778,152757,152764
152820,152839,152850,152855,152885,152827,152844,152852,152822,152830,152836,152840,152847,152855,152833,152840
152885,152913,152923,152929,152970,152904,152918,152926,152898,152907,152913,152913,152921,152928,152909,152913
152970,152984,153000,153006,153043,152978,152994,153002,152973,152981,152988,152991,152998,153005,152984,152991
153043,153058,153073,153079,153116,153051,153067,153075,153046,153053,153059,153064,153071,153078,153056,153064
153116,153131,153148,153152,153185,153125,153142,153149,153120,153128,153134,153139,153146,153153,153131,153139
153185,153207,153222,153227,153268,153200,153217,153223,153196,153203,153209,153214,153220,153227,153206,153214
153268,153283,153296,153302,153406,153275,153290,153345,153269,153278,153284,153301,153340,153348,153280,153297
153406,153425,153436,153437,153473,153413,153431,153437,153408,153416,153422,153427,153433,153440,153419,153424
153473,153496,153505,153506,153544,153482,153501,153506,153477,153485,153491,153496,153502,153509,153487,153493
153544,153561,153576,153579,153619,153553,153570,153577,153548,153556,153562,153567,153573,153580,153559,153564
153619,153638,153663,153650,153691,153626,153644,153650,153621,153629,153635,153639,153646,153653,153632,153639
153691,153707,153733,153720,153761,153698,153713,153720,153693,153702,153707,153707,153715,153722,153704,153707
153761,153781,153805,153792,153833,153769,153786,153792,153763,153772,153777,153781,153788,153795,153774,153781
153833,153852,153863,153868,153905,153841,153857,153865,153836,153844,153850,153853,153860,153868,153846,153853
153905,153925,153935,153940,153981,153912,153929,153936,153907,153915,153920,153926,153932,153939,153917,153923
153981,153998,154010,154012,154053,153988,154004,154011,153983,153990,153996,154001,154007,154014,153993,153998
154053,154069,154082,154087,154124,154060,154076,154083,154055,154063,154069,154072,154079,154087,154066,154072
154124,154137,154172,154154,154194,154130,154146,154153,154125,154133,154140,154143,154150,154157,154136,154143
154194,154207,154239,154225,154264,154201,154219,154225,154196,154204,154210,154215,154221,154228,154207,154215
154264,154279,154295,154302,154339,154273,154288,154297,154268,154276,154284,154286,154293,154300,154279,154286
154339,154352,154369,154374,154411,154346,154363,154371,154341,154349,154356,154361,154367,154374,154352,154358
154411,154424,154455,154441,154475,154418,154432,154441,154412,154421,154429,154429,154436,154444,154424,154429
154475,154492,154521,154508,154543,154485,154500,154508,154480,154488,154495,154495,154503,154511,154491,154495
154543,154558,154572,154577,154608,154551,154562,154573,154546,154555,154563,154563,154568,154577,154558,154563
154608,154621,154650,154637,154670,154614,154629,154637,154609,154617,154625,154625,154633,154640,154620,154625
154670,154684,154713,154701,154736,154678,154692,154701,154673,154681,154689,154689,154696,154704,154684,154689
154736,154751,154767,154772,154809,154744,154760,154769,154739,154747,154754,154757,154764,154772,154750,154757
154809,154822,154854,154839,154881,154816,154831,154839,154811,154818,154825,154828,154834,154842,154821,154828
154881,154900,154911,154918,154957,154889,154905,154913,154884,154891,154897,154902,154909,154916,154894,154899
154957,154971,154988,154990,155021,154965,154981,154989,154960,154968,154974,154979,154985,154994,154971,154976
155021,155046,155062,155068,155098,155040,155056,155064,155035,155043,155050,155054,155060,155067,155046,155054
155098,155116,155134,155136,155168,155111,155120,155127,155107,155114,155118,155118,155122,155127,155118,155124
155168,155191,155201,155205,155239,155182,155195,155203,155176,155186,155194,155194,155198,155206,155194,155202
155239,155252,155267,155270,155290,155246,155262,155269,155242,155249,155256,155260,155265,155272,155252,155260
155290,155320,155334,155339,155357,155313,155324,155338,155309,155317,155326,155326,155332,155346,155320,155326
155357,155387,155403,155410,155433,155381,155390,155392,155376,155384,155387,155387,155391,155394,155387,155392
155433,155453,155468,155473,155501,155447,155462,155470,155442,155450,155457,155460,155466,155473,155453,155460
155501,155516,155530,155535,155547,155510,155523,155532,155505,155513,155521,155521,155528,155535,155516,155521
155547,155577,155592,155595,155614,155572,155582,155594,155567,155575,155584,155584,155590,155599,155578,155584
155614,155640,155652,155655,155686,155634,155644,155654,155629,155637,155641,155641,155649,155657,155641,155653
155686,155701,155715,155721,155749,155693,155710,155718,155688,155696,155703,155707,155713,155722,155699,155707
155749,155763,155777,155783,155816,155757,155772,155779,155752,155759,155766,155769,155775,155782,155762,155769
155816,155836,155846,155850,155886,155823,155840,155847,155818,155826,155832,155837,155844,155850,155829,155834
155886,155904,155930,155916,155957,155893,155910,155916,155888,155896,155902,155904,155912,155919,155899,155904
155957,155976,155986,155990,156026,155964,155981,155988,155959,155967,155974,155977,155983,155991,155970,155977
156026,156042,156055,156061,156095,156034,156048,156056,156028,156037,156043,156043,156052,156060,156039,156043
156095,156113,156124,156129,156167,156103,156118,156126,156098,156106,156113,156113,156121,156129,156109,156113
156167,156187,156196,156200,156242,156175,156191,156198,156169,156177,156184,156187,156193,156200,156180,156187
156242,156261,156271,156275,156316,156249,156266,156273,156244,156252,156258,156262,156268,156275,156255,156262
156316,156331,156345,156349,156386,156323,156341,156347,156318,156326,156333,156337,156343,156349,156329,156337
156386,156403,156415,156420,156454,156394,156409,156417,156388,156397,156404,156404,156412,156420,156399,156404
156454,156471,156484,156488,156523,156462,156477,156486,156457,156465,156471,156473,156482,156490,156468,156473
156523,156544,156552,156555,156595,156530,156548,156554,156525,156533,156539,156543,156550,156556,156536,156543
156595,156617,156625,156628,156669,156603,156621,156627,156598,156605,156611,156616,156623,156630,156608,156613
156669,156690,156698,156701,156742,156677,156692,156699,156671,156679,156683,156688,156695,156702,156681,156688
156742,156761,156772,156777,156815,156750,156766,156774,156744,156753,156759,156761,156769,156777,156756,156761
156815,156832,156844,156849,156884,156823,156838,156846,156817,156825,156832,156833,156841,156848,156828,156833
156884,156903,156915,156919,156954,156892,156909,156917,156887,156895,156902,156905,156912,156920,156898,156905
156954,156975,156984,156986,157027,156962,156979,156985,156957,156965,156970,156975,156982,156988,156967,156975
157027,157046,157057,157061,157100,157034,157051,157059,157029,157037,157043,157046,157054,157062,157040,157046
157100,157119,157130,157134,157176,157108,157125,157132,157103,157111,157117,157121,157128,157135,157114,157121
157176,157195,157206,157213,157250,157183,157201,157209,157178,157186,157192,157196,157203,157212,157189,157196
157250,157266,157278,157282,157319,157257,157271,157279,157252,157260,157266,157266,157275,157282,157262,157266
157319,157335,157347,157352,157387,157326,157342,157349,157321,157329,157337,157337,157345,157352,157332,157337
157387,157407,157417,157419,157456,157394,157412,157419,157389,157397,157403,157407,157414,157422,157400,157407
157456,157476,157486,157489,157525,157463,157481,157488,157458,157466,157472,157476,157483,157490,157469,157476
157525,157544,157554,157556,157593,157532,157550,157556,157527,157535,157542,157545,157552,157558,157538,157545
157593,157607,157618,157625,157657,157599,157612,157621,157594,157603,157609,157609,157616,157624,157606,157609
157657,157675,157699,157688,157723,157665,157681,157688,157660,157668,157674,157677,157684,157690,157671,157677
157723,157742,157752,157757,157791,157730,157746,157753,157725,157733,157738,157743,157750,157757,157735,157740
157791,157809,157821,157824,157862,157799,157814,157822,157793,157801,157808,157811,157818,157825,157804,157811
157862,157883,157893,157895,157936,157870,157887,157894,157865,157873,157879,157883,157890,157897,157876,157883
157936,157951,157966,157974,158008,157944,157958,157967,157938,157947,157954,157956,157963,157971,157950,157956
158008,158044,158060,,158076,158016,158030,158038,158010,158019,158033,158041,158045,158051,158021,158037
158076,158112,158122,,158147,158085,158117,,158080,158088,158095,158111,158121,158131,158091,158107
158147,158166,158176,158179,158215,158154,158171,158178,158149,158157,158162,158167,158174,158181,158159,158167
158215,158237,158246,158249,158289,158224,158240,158247,158219,158226,158232,158237,158243,158250,158229,158237
158289,158308,158318,158323,158365,158297,158314,158321,158291,158300,158306,158309,158316,158324,158303,158309
158365,158382,158393,158398,158435,158373,158387,158395,158368,158376,158382,158382,158390,158398,158378,158382
158435,158452,158466,158468,158506,158444,158459,158467,158439,158448,158455,158455,158463,158470,158451,158455
158506,158522,158536,158540,158579,158514,158529,158537,158509,158517,158523,158526,158533,158540,158520,158526
158579,158596,158608,158612,158642,158585,158602,158609,158580,158588,158594,158599,158605,158612,158591,158596
158642,158667,158681,158687,158724,158659,158675,158683,158654,158662,158669,158671,158679,158687,158665,158671
158724,158740,158753,158757,158790,158733,158745,158753,158728,158736,158741,158741,158750,158756,158739,158741
158790,158808,158824,158827,158866,158802,158818,158826,158797,158805,158811,158815,158822,158829,158808,158815
158866,158881,158894,158897,158937,158872,158888,158895,158867,158875,158881,158885,158892,158899,158878,158885
158937,158951,158983,158969,159001,158944,158961,158969,158939,158947,158954,158957,158964,158972,158950,158957
159001,159021,159035,159042,159140,159015,159028,159084,159010,159018,159033,159041,159079,159087,159021,159037
159140,159154,159185,159169,159191,159147,159159,159168,159141,159150,159160,159160,159164,159172,159160,159167
159191,159215,159228,159234,159261,159209,159220,159230,159204,159212,159216,159216,159225,159233,159216,159229
159261,159277,159290,159296,159323,159269,159283,159291,159264,159273,159280,159280,159287,159295,159276,159280
159323,159337,159364,159352,159381,159331,159344,159352,159325,159334,159341,159341,159348,159355,159337,159341
159381,159401,159413,159418,159451,159393,159406,159415,159388,159396,159402,159402,159410,159417,159399,159402
159451,159484,159500,,159523,159458,159492,159518,159452,159461,159475,159483,159515,159519,159463,159478
159523,159544,159552,159557,159608,159531,159548,159554,159526,159533,159539,159543,159550,159557,159536,159543
159608,159622,159637,159642,159691,159615,159632,159639,159610,159618,159624,159629,159635,159642,159621,159626
159691,159707,159733,159721,159770,159698,159714,159721,159693,159701,159709,159709,159716,159723,159704,159709
159770,159783,159798,159803,159843,159777,159786,159799,159772,159780,159790,159790,159795,159803,159783,159790
159843,159860,159890,159871,159914,159855,159863,159870,159850,159858,159861,159861,159865,159871,159861,159868
159914,159936,159951,159971,159991,159930,159939,159953,159925,159933,159941,159944,159949,159956,159936,159944
159991,160006,160038,160021,160051,159999,160011,160020,159994,160003,160007,160007,160016,160024,160007,160020
160051,160071,160086,160089,160120,160065,160079,160087,160060,160068,160076,160076,160083,160091,160071,160076
160120,160134,160166,160152,160184,160128,160144,160152,160123,160131,160138,160141,160147,160155,160134,160141
160184,160200,160213,160218,160255,160192,160207,160215,160187,160195,160201,160202,160210,160218,160197,160202
160255,160275,160283,160288,160336,160262,160278,160285,160256,160264,160269,160274,160281,160287,160267,160274
160336,160355,160365,160369,160429,160344,160360,160367,160338,160346,160353,160355,160362,160369,160349,160355
160429,160443,160458,160463,160510,160436,160445,160449,160431,160439,160446,160450,160456,160463,160442,160450
160510,160530,160547,160554,160677,160606,160614,160629,160600,160609,,,160600,,160612,
160677,160692,160709,160714,160738,160685,160702,160710,160680,160688,160695,160699,160706,160714,160691,160699
160738,160768,160784,160790,160825,160762,160772,160786,160758,160766,160774,160776,160782,160789,160769,160776
160825,160839,160854,160858,160884,160832,160847,160857,160827,160836,160844,160846,160853,160861,160839,160846
160884,160906,160920,160926,160957,160899,160914,160922,160894,160902,160908,160911,160918,160926,160904,160911
160957,160971,160985,160988,161027,160963,160980,160987,160958,160966,160973,160976,160983,160990,160969,160976
161027,161045,161055,161060,161109,161033,161049,161056,161028,161036,161042,161045,161052,161060,161039,161045
161109,161131,161139,161144,161201,161116,161135,161141,161111,161119,161124,161130,161137,161143,161121,161127
161201,161221,161232,161238,161287,161209,161226,161234,161204,161212,161218,161222,161229,161237,161215,161222
161287,161303,161317,161320,161369,161295,161312,161319,161290,161298,161305,161309,161315,161323,161301,161309
161369,161385,161401,161402,161451,161378,161388,161392,161374,161382,161389,161393,161398,161405,161385,161393
161451,161466,161482,161487,161529,161460,161470,161484,161455,161463,161471,161475,161480,161487,161467,161475
161529,161545,161576,161562,161605,161539,161549,161562,161534,161542,161550,161551,161558,161566,161545,161551
161605,161619,161653,161636,161674,161612,161627,161636,161607,161615,161623,161623,161631,161639,161618,161623
161674,161689,161704,161709,161744,161682,161698,161705,161677,161685,161692,161695,161702,161709,161688,161695
161744,161759,161774,161780,161816,161751,161768,161777,161746,161754,161761,161764,161772,161780,161757,161764
161816,161834,161857,161845,161893,161823,161839,161845,161817,161826,161833,161833,161841,161848,161829,161833
161893,161913,161923,161928,161967,161901,161918,161925,161896,161904,161910,161913,161920,161929,161907,161913
161967,161987,161998,162000,162041,161976,161993,162000,161970,161979,161986,161988,161995,162003,161982,161988
162041,162064,162091,162074,162116,162050,162068,162074,162045,162053,162059,162064,162070,162077,162056,162061
162116,162134,162144,162148,162188,162123,162139,162146,162117,162125,162132,162135,162141,162148,162128,162135
162188,162208,162219,162224,162262,162196,162213,162220,162190,162198,162204,162209,162216,162224,162201,162209
162262,162281,162292,162297,162334,162269,162286,162294,162263,162271,162277,162282,162289,162297,162274,162279
162334,162350,162364,162370,162404,162342,162357,162366,162337,162344,162351,162354,162361,162371,162347,162354
162404,162421,162433,162437,162476,162412,162427,162434,162406,162415,162422,162422,162430,162437,162417,162422
162476,162492,162506,162512,162552,162483,162500,162508,162478,162486,162493,162497,162504,162512,162489,162497
162552,162570,162582,162587,162633,162560,162577,162584,162555,162563,162570,162573,162580,162587,162566,162573
162633,162654,162663,162668,162713,162641,162659,162665,162636,162644,162651,162654,162661,162668,162647,162654
162713,162729,162760,162744,162784,162720,162736,162744,162714,162723,162732,162732,162739,162748,162726,162732
162784,162802,162815,162819,162857,162794,162809,162816,162789,162797,162804,162806,162813,162820,162800,162806
162857,162876,162886,162890,162925,162864,162880,162887,162859,162866,162873,162877,162884,162891,162869,162877
162925,162941,162955,162958,162993,162933,162948,162956,162928,162937,162944,162944,162952,162959,162940,162944
162993,163011,163042,163023,163060,163001,163017,163023,162996,163005,163012,163012,163019,163026,163007,163012
163060,163074,163101,163090,163127,163067,163082,163090,163062,163070,163078,163078,163085,163093,163073,163078
163127,163145,163169,163155,163196,163133,163149,163155,163128,163136,163141,163144,163151,163158,163138,163144
163196,163213,163225,163230,163275,163203,163219,163227,163198,163206,163214,163214,163222,163230,163209,163214
163275,163297,163322,163326,163361,163283,163316,163325,163277,163286,163292,163310,163320,163328,163288,163305
163361,163381,163391,163396,163440,163369,163386,163393,163364,163372,163378,163382,163388,163396,163375,163382
163440,163456,163471,163476,163518,163449,163466,163473,163444,163452,163459,163463,163469,163477,163455,163463
163518,163539,163563,163550,163592,163526,163544,163550,163520,163528,163535,163540,163546,163553,163531,163537
163592,163610,163636,163625,163664,163600,163618,163625,163595,163603,163610,163614,163621,163627,163606,163614
163664,163681,163706,163693,163733,163671,163686,163693,163666,163674,163682,163682,163689,163696,163677,163682
163733,163750,163763,163766,163803,163742,163756,163764,163736,163745,163752,163752,163760,163767,163747,163752
163803,163819,163844,163832,163867,163809,163825,163832,163804,163812,163819,163821,163828,163835,163815,163821
163867,163884,163895,163897,163935,163875,163889,163896,163870,163879,163884,163884,163892,163899,163881,163884
163935,163953,163963,163965,164007,163943,163959,163965,163937,163946,163952,163953,163961,163967,163948,163953
164007,164028,164054,164038,164089,164016,164032,164038,164010,164019,164023,164026,164034,164042,164021,164026
164089,164112,164120,164124,164174,164098,164115,164122,164093,164101,164106,164110,164117,164125,164103,164110
164174,164195,164204,164206,164252,164182,164199,164205,164176,164184,164190,164195,164201,164208,164187,164192
164252,164275,164283,164287,164329,164260,164278,164284,164255,164263,164270,164274,164280,164287,164266,164274
164329,164344,164360,164365,164403,164337,164355,164363,164332,164340,164346,164351,164358,164366,164343,164351
164403,164417,164432,164435,164470,164410,164425,164433,164404,164413,164419,164422,164429,164436,164415,164422
164470,164485,164500,164504,164535,164479,164492,164500,164473,164482,164490,164490,164497,164504,164485,164490
164535,164551,164566,164571,164601,164544,164554,164567,164539,164548,164556,164557,164563,164571,164551,164557
164601,164616,164648,164631,164663,164608,164621,164630,164603,164612,164620,164620,164626,164634,164615,164620
164663,164677,164693,164698,164727,164670,164686,164694,164666,164673,164679,164683,164690,164697,164676,164683
164727,164741,164755,164760,164793,164734,164745,164756,164729,164738,164741,164741,164751,164760,164741,164755
164793,164811,164822,164827,164867,164801,164816,164823,164795,164804,164811,164811,164819,164827,164806,164811
164867,164888,164898,164902,164942,164875,164892,164899,164870,164878,164883,164888,164895,164903,164880,164888
164942,164960,164972,164976,165013,164950,164966,164973,164944,164953,164960,164961,164969,164977,164956,164961
165013,165029,165043,165049,165076,165020,165036,165044,165015,165023,165030,165033,165040,165048,165026,165033
165076,165099,165113,165116,165154,165092,165107,165115,165087,165094,165100,165104,165111,165118,165097,165104
165154,165174,165184,165186,165226,165162,165179,165185,165156,165164,165170,165175,165182,165188,165167,165172
165226,165242,165255,165258,165295,165234,165248,165256,165228,165237,165244,165244,165252,165259,165240,165244
165295,165310,165324,165329,165363,165302,165318,165326,165297,165305,165311,165315,165321,165329,165308,165315
165363,165378,165391,165395,165429,165369,165385,165392,165364,165372,165379,165381,165388,165395,165375,165381
165429,165444,165459,165464,165501,165437,165454,165461,165432,165439,165446,165450,165457,165464,165442,165450
165501,165520,165530,165534,165576,165508,165525,165531,165503,165511,165517,165521,165528,165535,165514,165521
165576,165611,165628,165632,165658,165584,165618,165631,165578,165586,165594,165611,165626,165634,165589,165607
165658,165679,165689,165693,165738,165666,165684,165690,165660,165669,165676,165680,165686,165694,165672,165680
165738,165752,165767,165774,165808,165745,165760,165770,165740,165748,165757,165757,165765,165775,165751,165757
165808,165824,165840,165845,165881,165818,165827,165831,165813,165821,165828,165833,165838,165846,165824,165830
165881,165895,165910,165916,165947,165888,165904,165912,165883,165891,165898,165901,165908,165915,165894,165901
165947,165961,165991,165978,166011,165955,165965,165978,165950,165958,165966,165968,165974,165981,165961,165968
166011,166028,166042,166047,166079,166021,166034,166043,166016,166024,166031,166031,166039,166046,166027,166031
166079,166098,166121,166109,166142,166085,166103,166109,166080,166088,166094,166098,166105,166111,166091,166098
166142,166157,166171,166173,166206,166150,166163,166172,166145,166153,166162,166162,166168,166175,166156,166162
166206,166226,166237,166242,166279,166216,166232,166239,166211,166219,166225,166227,166234,166242,166221,166227
166279,166299,166309,166313,166358,166286,166303,166310,166281,166289,166295,166299,166306,166313,166292,166299
166358,166376,166387,166392,166436,166365,166381,166389,166360,166368,166374,166378,166385,166391,166371,166378
166436,166451,166465,166472,166510,166443,166458,166467,166438,166447,166455,166455,166462,166471,166450,166455
166510,166525,166559,166542,166580,166518,166534,166542,166513,166521,166529,166532,166538,166546,166524,166532
166580,166596,166612,166617,166642,166589,166605,166613,166584,166592,166599,166603,166609,166617,166595,166603
166642,166664,166679,166684,166719,166658,166672,166680,166653,166661,166668,166670,166677,166684,166664,166670
166719,166733,166746,166752,166785,166726,166737,166747,166721,166729,166737,166737,166743,166751,166732,166737
166785,166800,166830,166816,166850,166793,166807,166815,166788,166796,166803,166803,166811,166819,166799,166803
166850,166864,166878,166883,166914,166857,166869,166878,166852,166860,166866,166866,166874,166882,166863,166866
166914,166931,166943,166948,166981,166921,166936,166944,166916,166924,166930,166932,166940,166948,166927,166932
166981,166999,167010,167015,167055,166989,167004,167012,166983,166991,166997,167000,167007,167015,166994,167000
167055,167076,167084,167088,167132,167062,167079,167085,167057,167065,167071,167075,167081,167088,167068,167075
167132,167154,167162,167164,167208,167140,167158,167164,167135,167143,167149,167153,167160,167166,167145,167153
167208,167227,167237,167242,167280,167216,167231,167239,167210,167218,167223,167227,167235,167242,167220,167227
167280,167297,167310,167315,167348,167288,167305,167312,167283,167291,167297,167301,167308,167315,167294,167301
167348,167363,167394,167381,167406,167356,167371,167380,167352,167359,167367,167369,167376,167384,167362,167369
167406,167427,167442,167445,167459,167421,167435,167444,167416,167424,167432,167432,167439,167447,167427,167432
167459,167488,167504,167511,167536,167483,167492,167506,167479,167487,167495,167497,167502,167511,167490,167497
167536,167550,167565,167570,167589,167544,167553,167568,167539,167547,167555,167558,167563,167570,167550,167558
167589,167611,167626,167631,167660,167605,167620,167628,167600,167608,167615,167617,167624,167633,167611,167617
167660,167683,167728,167739,167788,167670,167707,167732,167664,167673,167676,167679,167727,167735,167674,167679
167788,167803,167817,167823,167855,167797,167808,167818,167792,167800,167808,167808,167814,167822,167804,167808
167855,167868,167882,167888,167921,167862,167877,167885,167857,167864,167871,167874,167880,167888,167867,167874
167921,167936,167950,167955,167987,167928,167944,167952,167923,167931,167938,167940,167947,167955,167934,167940
167987,168003,168016,168021,168050,167994,168009,168017,167989,167997,168004,168004,168012,168021,168000,168004
168050,168066,168092,168080,168113,168057,168073,168080,168052,168060,168067,168069,168076,168083,168063,168069
168113,168130,168142,168145,168177,168122,168134,168143,168116,168126,168134,168134,168138,168146,168134,168142
168177,168194,168219,168207,168242,168186,168200,168207,168180,168189,168193,168193,168203,168210,168193,168206
168242,168257,168283,168269,168304,168250,168261,168269,168244,168254,168259,168259,168264,168273,168259,168269
168304,168322,168346,168331,168364,168312,168326,168331,168307,168316,168319,168319,168328,168336,168319,168332
168364,168381,168408,168396,168415,168373,168387,168395,168368,168376,168384,168384,168391,168399,168379,168384
168415,168443,168457,168466,168494,168437,168450,168460,168432,168440,168447,168447,168455,168464,168443,168447
168494,168509,168520,168526,168558,168501,168515,168524,168495,168504,168511,168511,168519,168527,168507,168511
168558,168577,168588,168589,168628,168567,168583,168589,168562,168570,168575,168577,168585,168592,168572,168577
168628,168642,168654,168660,168693,168634,168648,168656,168629,168637,168644,168644,168652,168659,168640,168644
168693,168708,168724,168725,168764,168701,168719,168725,168696,168704,168711,168715,168721,168728,168707,168715
168764,168778,168792,168797,168836,168771,168785,168793,168766,168774,168782,168782,168789,168797,168777,168782
168836,168849,168876,168882,168905,168843,168857,168864,168838,168846,168853,168854,168861,168867,168849,168854
168905,168919,168934,168938,168975,168912,168927,168935,168907,168915,168922,168925,168931,168938,168918,168925
168975,168989,169005,169009,169044,168982,168998,169006,168977,168985,168992,168995,169002,169009,168988,168995
169044,169057,169074,169078,169110,169051,169060,169075,169046,169054,169062,169065,169071,169079,169057,169065
169110,169125,169143,169147,169176,169119,169137,169144,169114,169122,169129,169134,169140,169147,169125,169134
169176,169191,169209,169213,169238,169186,169193,169210,169181,169189,169195,169200,169206,169213,169192,169200
169238,169258,169275,169279,169310,169252,169261,169266,169248,169255,169262,169267,169273,169279,169259,169267
169310,169323,169340,169346,169373,169317,169326,169331,169312,169320,169327,169332,169338,169346,169323,169329
169373,169388,169406,169412,169436,169381,169399,169407,169376,169384,169391,169396,169403,169411,169387,169393
169436,169449,169467,169473,169497,169443,169461,169469,169438,169446,169453,169458,169465,169472,169449,169455
169497,169511,169530,169535,169559,169505,169523,169531,169500,169507,169514,169520,169527,169535,169511,169517
169559,169573,169591,169597,169620,169566,169584,169592,169561,169569,169575,169580,169588,169596,169572,169580
169620,169634,169653,169656,169682,169627,169646,169655,169622,169630,169637,169643,169650,169657,169633,169639
169682,169695,169714,169720,169745,169689,169707,169716,169685,169692,169699,169704,169711,169720,169695,169701
169745,169759,169778,169765,169792,169753,169762,169765,169748,169756,169759,169759,169763,169768,169759,169765
169792,169823,169840,169844,169874,169817,169834,169842,169812,169820,169827,169832,169838,169845,169823,169829
169874,169888,169906,169913,169938,169882,169899,169908,169877,169885,169891,169896,169903,169911,169888,169893
169938,169953,169971,169977,170002,169946,169964,169973,169941,169949,169956,169961,169969,169977,169952,169958
170002,170017,170035,170040,170069,170011,170028,170037,170006,170014,170021,170025,170033,170041,170017,170025
170069,170083,170101,170105,170136,170076,170095,170104,170071,170079,170085,170091,170098,170105,170082,170088
170136,170150,170168,170174,170202,170142,170161,170170,170137,170145,170152,170157,170165,170174,170148,170157
170202,170218,170234,170237,170269,170210,170228,170236,170204,170213,170219,170224,170232,170239,170216,170224
170269,170284,170303,170310,170332,170277,170296,170305,170271,170280,170287,170292,170300,170309,170283,170289
170332,170348,170366,170372,170397,170340,170359,170368,170335,170344,170351,170356,170363,170371,170347,170353
170397,170412,170428,170434,170460,170404,170421,170429,170399,170407,170413,170417,170425,170433,170410,170417
170460,170476,170492,170498,170522,170467,170485,170494,170462,170470,170476,170482,170489,170498,170473,170479
170522,170542,170554,170558,170586,170529,170547,170555,170524,170532,170538,170543,170551,170558,170535,170540
170586,170608,170619,170621,170653,170593,170613,170620,170588,170596,170603,170609,170616,170624,170599,170606
170653,170673,170685,170688,170725,170660,170679,170687,170654,170663,170669,170674,170682,170691,170666,170674
170725,170747,170758,170761,170800,170733,170752,170761,170727,170735,170742,170747,170755,170764,170738,170744
170800,170821,170833,170836,170870,170807,170826,170835,170802,170810,170817,170822,170830,170840,170813,170819
170870,170888,170903,170911,170943,170879,170897,170906,170873,170882,170888,170893,170901,170910,170885,170890
170943,170958,170975,170982,171014,170950,170968,170977,170945,170953,170960,170964,170972,170980,170956,170964
171014,171028,171046,171053,171083,171021,171039,171048,171016,171025,171031,171036,171043,171051,171028,171033
171083,171098,171115,171121,171153,171091,171109,171118,171086,171094,171100,171105,171112,171124,171096,171102
171153,171176,171187,171192,171228,171161,171180,171189,171155,171163,171170,171176,171184,171193,171167,171173
171228,171252,171261,171264,171307,171236,171256,171263,171231,171239,171246,171252,171259,171267,171242,171249
171307,171328,171340,171344,171384,171315,171333,171343,171310,171317,171324,171329,171337,171347,171320,171326
171384,171400,171416,171423,171459,171392,171411,171419,171387,171395,171402,171407,171415,171423,171398,171404
171459,171479,171493,171496,171534,171467,171487,171495,171462,171470,171478,171483,171490,171498,171474,171480
171534,171557,171568,171571,171613,171542,171562,171570,171536,171545,171552,171558,171566,171574,171548,171555
171613,171635,171646,171649,171688,171620,171640,171648,171615,171623,171630,171636,171644,171652,171626,171633
171688,171710,171729,171733,171770,171703,171723,171731,171698,171706,171713,171719,171727,171734,171709,171716
171770,171789,171803,171810,171846,171779,171796,171805,171773,171782,171788,171792,171801,171809,171785,171792
171846,171870,171881,171884,171924,171854,171875,171883,171848,171857,171864,171871,171879,171887,171860,171867
171924,171947,171958,171963,172004,171932,171952,171961,171927,171935,171942,171948,171956,171965,171938,171945
172004,172026,172038,172041,172082,172013,172032,172040,172008,172016,172023,172028,172036,172044,172020,172028
172082,172104,172116,172122,172158,172090,172109,172118,172084,172092,172099,172105,172114,172123,172095,172102
172158,172181,172192,172195,172237,172165,172186,172194,172160,172168,172175,172181,172189,172198,172172,172178
172237,172259,172271,172278,172314,172245,172265,172274,172240,172248,172255,172261,172269,172278,172251,172258
172314,172334,172347,172354,172389,172322,172340,172350,172317,172325,172331,172336,172345,172356,172328,172336
172389,172413,172424,172429,172467,172398,172418,172426,172393,172401,172408,172414,172422,172430,172404,172411
172467,172489,172502,172505,172547,172475,172496,172504,172470,172479,172486,172492,172500,172507,172482,172489
172547,172565,172581,172584,172625,172555,172575,172583,172550,172559,172566,172571,172579,172587,172562,172571
172625,172639,172658,172666,172699,172632,172652,172661,172627,172635,172643,172648,172656,172666,172638,172645
172699,172714,172735,172739,172768,172707,172729,172738,172702,172710,172717,172724,172733,172743,172713,172721
172768,172789,172808,172815,172843,172782,172801,172811,172778,172786,172793,172798,172806,172815,172789,172798
172843,172861,172880,172887,172917,172855,172864,172883,172850,172859,172866,172871,172878,172886,172862,172868
172917,172931,172951,172955,172987,172925,172945,172954,172920,172928,172935,172941,172949,172957,172931,172938
172987,173001,173022,173028,173060,172995,173015,173025,172990,172998,173005,173012,173020,173028,173001,173008
173060,173082,173093,173097,173132,173067,173087,173095,173061,173070,173076,173083,173090,173098,173073,173079
173132,173154,173166,173171,173206,173141,173159,173168,173135,173144,173150,173156,173163,173172,173147,173153
173206,173222,173239,173247,173280,173214,173233,173242,173209,173217,173224,173229,173237,173246,173220,173229
173280,173303,173313,173318,173354,173287,173307,173315,173281,173290,173296,173303,173311,173319,173293,173300
173354,173377,173387,173391,173431,173361,173382,173390,173356,173364,173370,173376,173385,173393,173367,173373
173431,173454,173465,173468,173511,173438,173459,173467,173433,173441,173448,173454,173462,173471,173444,173451
173511,173534,173545,173548,173590,173519,173539,173547,173513,173522,173529,173534,173543,173552,173525,173531
173590,173612,173623,173627,173667,173598,173617,173625,173592,173601,173609,173614,173621,173629,173605,173611
173667,173691,173701,173703,173744,173676,173696,173703,173670,173679,173685,173691,173698,173706,173682,173688
173744,173768,173778,173780,173824,173752,173772,173779,173747,173755,173762,173768,173775,173782,173759,173765
173824,173848,173859,173862,173910,173832,173853,173861,173826,173835,173842,173848,173857,173865,173838,173845
173910,173935,173946,173950,173992,173919,173940,173948,173913,173922,173929,173936,173944,173952,173925,173932
173992,174011,174025,174031,174068,174000,174018,174027,173994,174003,174010,174014,174022,174031,174006,174014
174068,174088,174102,174104,174145,174076,174095,174103,174070,174079,174087,174092,174099,174107,174083,174089
174145,174169,174179,174182,174225,174153,174174,174182,174147,174156,174163,174169,174177,174184,174159,174166
174225,174249,174260,174263,174307,174234,174254,174262,174228,174237,174243,174249,174258,174266,174240,174246
174307,174330,174342,174345,174386,174315,174336,174344,174310,174319,174326,174331,174339,174348,174322,174328
174386,174407,174419,174422,174463,174394,174413,174421,174388,174398,174404,174409,174417,174425,174401,174409
174463,174485,174497,174500,174540,174471,174490,174499,174465,174474,174481,174486,174494,174502,174477,174483
174540,174563,174575,174578,174621,174548,174568,174577,174543,174551,174557,174563,174572,174582,174554,174560
174621,174646,174656,174659,174716,174630,174650,174658,174624,174633,174639,174645,174653,174661,174636,174642
174716,174741,174751,174754,174801,174725,174745,174753,174720,174728,174735,174741,174749,174757,174731,174738
174801,174823,174835,174839,174879,174810,174828,174837,174804,174813,174819,174824,174832,174842,174816,174824
174879,174904,174915,174918,174959,174888,174909,174917,174883,174891,174898,174904,174912,174922,174895,174901
174959,174984,174994,174998,175041,174968,174988,174997,174962,174971,174977,174983,174992,175000,174974,174980
175041,175065,175078,175081,175118,175050,175071,175080,175044,175053,175060,175066,175075,175084,175056,175063
175118,175140,175152,175154,175190,175126,175146,175153,175121,175130,175137,175142,175150,175157,175133,175139
175190,175213,175224,175227,175261,175198,175218,175226,175193,175201,175208,175214,175222,175230,175204,175211
175261,175281,175293,175299,175333,175268,175287,175295,175262,175271,175278,175282,175290,175299,175274,175282
175333,175351,175366,175371,175407,175341,175360,175368,175335,175344,175351,175356,175364,175372,175347,175356
175407,175431,175442,175445,175487,175415,175437,175445,175409,175418,175425,175431,175439,175448,175421,175428
175487,175512,175522,175526,175577,175496,175516,175525,175490,175499,175505,175511,175520,175531,175502,175508
175577,175602,175612,175614,175661,175585,175607,175614,175580,175588,175595,175601,175609,175617,175592,175598
175661,175683,175696,175701,175739,175670,175689,175698,175664,175673,175680,175685,175693,175702,175676,175682
175739,175758,175773,175777,175815,175748,175767,175775,175742,175751,175758,175763,175770,175778,175754,175760
175815,175831,175849,175853,175897,175823,175843,175852,175818,175826,175834,175840,175847,175856,175830,175837
175897,175919,175931,175936,175983,175905,175925,175934,175899,175908,175914,175921,175929,175937,175911,175917
175983,175998,176017,176023,176063,175990,176010,176020,175985,175993,176001,176006,176014,176025,175997,176003
176063,176080,176097,176102,176142,176071,176091,176099,176066,176074,176081,176087,176095,176102,176078,176084
176142,176157,176175,176182,176219,176150,176169,176178,176145,176153,176160,176166,176173,176182,176156,176163
176219,176243,176255,176258,176304,176228,176248,176257,176223,176231,176238,176244,176252,176260,176234,176241
176304,176323,176343,176349,176392,176316,176337,176348,176311,176319,176326,176332,176341,176355,176322,176329
176392,176414,176425,176429,176471,176399,176419,176427,176394,176402,176409,176415,176423,176431,176405,176412
176471,176488,176504,176510,176551,176479,176498,176507,176474,176482,176489,176495,176502,176510,176485,176492
176551,176575,176586,176592,176636,176559,176580,176589,176554,176562,176569,176576,176584,176593,176565,176572
176636,176660,176672,176677,176720,176644,176665,176674,176639,176647,176654,176661,176669,176678,176650,176657
176720,176745,176756,176760,176803,176728,176750,176758,176723,176731,176738,176745,176754,176762,176735,176742
176803,176826,176836,176839,176882,176811,176831,176838,176806,176814,176821,176827,176834,176842,176818,176824
176882,176898,176916,176923,176963,176891,176911,176919,176886,176894,176901,176907,176914,176922,176898,176904
176963,176978,176998,177001,177044,176971,176992,177000,176966,176974,176981,176988,176996,177003,176977,176984
177044,177059,177079,177087,177128,177052,177073,177082,177047,177056,177063,177069,177077,177086,177059,177066
177128,177142,177163,177170,177206,177136,177156,177165,177131,177139,177146,177152,177160,177169,177142,177149
177206,177220,177240,177246,177283,177214,177234,177243,177209,177217,177225,177231,177238,177246,177221,177228
177283,177297,177317,177324,177362,177291,177310,177320,177286,177294,177301,177307,177315,177324,177297,177304
177362,177378,177398,177404,177442,177371,177391,177401,177365,177374,177381,177387,177396,177405,177377,177384
177442,177457,177477,177486,177523,177450,177471,177480,177445,177454,177461,177468,177475,177484,177457,177464
177523,177537,177557,177563,177599,177531,177550,177559,177526,177534,177541,177547,177555,177563,177537,177544
177599,177615,177635,177642,177678,177609,177629,177637,177604,177612,177619,177626,177633,177641,177616,177622
177678,177692,177712,177719,177757,177685,177706,177714,177680,177689,177696,177702,177710,177718,177692,177699
177757,177771,177791,177796,177837,177765,177785,177794,177760,177768,177775,177782,177789,177797,177771,177778
177837,177853,177874,177881,177917,177847,177868,177877,177842,177850,177858,177864,177872,177881,177854,177861
177917,177932,177950,177956,177994,177925,177944,177952,177920,177928,177935,177941,177948,177956,177931,177938
177994,178008,178028,178053,178072,178002,178022,178029,177997,178005,178012,178018,178025,178033,178008,178015
178072,178086,178106,178112,178148,178079,178100,178109,178074,178082,178090,178096,178104,178112,178086,178093
178148,178163,178183,178190,178217,178157,178176,178186,178152,178160,178167,178173,178181,178190,178163,178170
178217,178243,178263,178270,178299,178237,178257,178266,178232,178240,178248,178254,178261,178270,178244,178250
178299,178322,178342,178349,178386,178316,178336,178345,178312,178320,178327,178333,178340,178349,178323,178330
178386,178402,178423,178430,178472,178396,178417,178426,178391,178399,178406,178413,178421,178430,178402,178409
178472,178487,178507,178513,178564,178480,178501,178509,178475,178484,178491,178498,178505,178513,178487,178494
178564,178577,178598,178603,178644,178571,178579,178586,178566,178574,178578,178578,178582,178589,178578,178585
178644,178658,178677,178684,178719,178651,178669,178679,178646,178655,178662,178667,178674,178684,178658,178664
178719,178733,178753,178759,178793,178727,178746,178755,178722,178730,178738,178743,178750,178758,178734,178743
178793,178808,178827,178831,178870,178800,178822,178830,178795,178803,178811,178817,178825,178833,178807,178814
178870,178893,178904,178908,178957,178877,178897,178906,178872,178880,178887,178893,178901,178909,178883,178890
178957,178982,178992,178995,179040,178965,178986,178994,178960,178968,178976,178982,178990,178998,178972,178979
179040,179055,179073,179081,179121,179049,179067,179076,179044,179052,179059,179064,179071,179080,179055,179061
179121,179136,179155,179163,179206,179129,179149,179158,179125,179133,179140,179146,179153,179162,179136,179143
179206,179220,179241,179248,179280,179214,179235,179244,179208,179217,179225,179231,179239,179247,179220,179228
179280,179309,179316,179337,179379,179303,179311,179318,179298,179306,179310,179310,179314,179321,179310,179317
179379,179394,179414,179418,179461,179388,179408,179417,179383,179391,179398,179404,179412,179422,179394,179401
179461,179476,179496,179500,179544,179470,179490,179498,179465,179473,179480,179487,179494,179501,179477,179483
179544,179560,179579,179584,179634,179552,179573,179581,179547,179556,179563,179569,179577,179586,179559,179566
179634,179659,179670,179676,179730,179642,179664,179673,179637,179645,179653,179659,179668,179678,179649,179656
179730,179770,179780,,179812,179737,179775,179806,179732,179740,179748,179769,179802,179807,179744,179765
179812,179836,179847,179850,179895,179819,179842,179850,179814,179822,179830,179837,179845,179853,179826,179833
179895,179910,179931,179939,179974,179904,179913,179919,179899,179907,179911,179911,179915,179922,179911,179918
179974,179989,180007,180015,180053,179982,180001,180010,179977,179985,179993,179998,180005,180013,179989,179995
180053,180068,180088,180093,180134,180062,180081,180090,180057,180065,180072,180078,180085,180093,180068,180075
180134,180148,180169,180175,180222,180142,180163,180171,180137,180145,180153,180159,180167,180174,180149,180156
180222,180237,180256,180261,180313,180230,180250,180259,180225,180233,180240,180246,180254,180263,180236,180242
180313,180330,180349,180356,180400,180323,180344,180352,180318,180326,180333,180340,180347,180355,180329,180336
180400,180423,180436,180443,180483,180409,180429,180439,180404,180412,180419,180425,180434,180443,180415,180421
180483,180509,180519,180524,180575,180493,180513,180521,180488,180496,180503,180509,180517,180524,180499,180506
180575,180601,180611,180615,180666,180584,180605,180614,180579,180587,180594,180601,180609,180617,180590,180597
180666,180683,180703,180709,180752,180676,180697,180705,180671,180679,180687,180693,180701,180709,180683,180690
180752,180766,180784,180793,180835,180759,180779,180787,180754,180762,180769,180775,180783,180791,180765,180772
180835,180850,180870,180875,180920,180843,180864,180871,180838,180846,180854,180861,180868,180875,180850,180857
180920,180945,180955,180961,181006,180928,180949,180958,180923,180931,180939,180945,180953,180961,180935,180942
181006,181021,181040,181045,181089,181014,181034,181042,181009,181017,181025,181031,181038,181046,181021,181028
181089,181113,181124,181130,181175,181097,181118,181127,181092,181100,181107,181113,181122,181131,181103,181110
181175,181202,181211,181217,181272,181184,181205,181213,181178,181187,181194,181201,181209,181217,181190,181197
181272,181298,181308,181313,181356,181281,181302,181310,181276,181284,181291,181298,181306,181314,181287,181294
181356,181379,181390,181397,181439,181364,181385,181394,181359,181367,181374,181380,181388,181397,181370,181377
181439,181464,181475,181478,181521,181447,181470,181478,181442,181450,181457,181464,181472,181482,181454,181460
181521,181547,181556,181558,181620,181529,181552,181558,181523,181533,181540,181546,181554,181561,181536,181543
181620,181646,181657,181663,181718,181629,181651,181659,181624,181632,181640,181646,181655,181663,181635,181643
181718,181734,181753,181760,181807,181727,181747,181755,181722,181730,181738,181744,181751,181759,181733,181740
181807,181822,181829,181833,181891,181816,181824,181830,181811,181819,181822,181822,181827,181834,181822,181830
181891,181909,181930,181936,181986,181903,181912,181918,181898,181906,181910,181910,181914,181920,181910,181917
181986,182011,182022,182028,182084,181995,182016,182024,181989,181998,182005,182012,182020,182028,182001,182008
182084,182108,182119,182124,182173,182091,182112,182120,182086,182094,182102,182108,182116,182124,182097,182105
182173,182188,182208,182216,182260,182181,182202,182211,182176,182184,182192,182198,182206,182216,182188,182195
182260,182274,182295,182302,182348,182268,182289,182298,182263,182271,182279,182285,182293,182302,182274,182282
182348,182366,182388,182393,182441,182359,182381,182390,182354,182362,182370,182377,182386,182393,182365,182373
182441,182458,182480,182487,182535,182452,182474,182482,182448,182455,182463,182470,182478,182486,182459,182466
182535,182548,182569,182576,182622,182543,182551,182572,182538,182546,182554,182560,182567,182575,182550,182557
182622,182638,182659,182666,182715,182631,182653,182662,182626,182635,182642,182649,182657,182665,182638,182646
182715,182730,182752,182756,182810,182724,182746,182754,182719,182727,182735,182742,182750,182757,182731,182738
182810,182825,182847,182853,182905,182819,182827,182834,182814,182822,182826,182826,182830,182837,182826,182833
182905,182918,182940,182946,182990,182912,182933,182942,182907,182915,182923,182930,182937,182946,182919,182926
182990,183005,183025,183032,183079,182998,183019,183027,182993,183001,183009,183015,183023,183032,183005,183012
183079,183093,183115,183122,183170,183087,183095,183101,183082,183090,183093,183093,183097,183104,183093,183100
183170,183183,183205,183212,183252,183177,183198,183207,183172,183180,183188,183195,183202,183211,183184,183191
183252,183273,183294,183303,183346,183267,183287,183296,183263,183271,183278,183284,183292,183300,183274,183281
183346,183362,183381,183387,183434,183355,183375,183383,183350,183358,183365,183371,183379,183386,183361,183368
183434,183449,183471,183477,183534,183443,183452,183458,183438,183446,183450,183450,183454,183460,183450,183457
183534,183549,183570,183579,183629,183542,183551,183557,183537,183545,183549,183549,183553,183560,183549,183556
183629,183644,183664,183670,183718,183637,183658,183666,183632,183640,183647,183654,183662,183670,183643,183650
183718,183732,183752,183760,183811,183726,183746,183755,183721,183729,183736,183742,183750,183759,183732,183739
183811,183835,183845,183851,183901,183818,183839,183847,183813,183821,183828,183835,183843,183851,183824,183832
183901,183917,183939,183945,183992,183911,183933,183941,183906,183914,183922,183929,183936,183945,183918,183925
183992,184006,184026,184032,184078,184000,184020,184028,183995,184003,184010,184016,184024,184032,184006,184013
184078,184093,184114,184117,184164,184087,184095,184101,184082,184090,184093,184093,184097,184104,184093,184100
184164,184189,184200,184229,184259,184172,184194,184202,184167,184175,184182,184189,184198,184205,184178,184185
184259,184284,184294,184300,184348,184267,184289,184296,184262,184270,184278,184285,184292,184300,184274,184281
184348,184363,184381,184389,184405,184356,184365,184369,184352,184359,184362,184362,184366,184372,184362,184369
184405,184422,184441,184448,184522,184415,184428,184443,184407,184421,184429,184431,184438,184446,184424,184431
184522,184537,184558,184565,184609,184531,184551,184560,184526,184534,184541,184547,184555,184564,184537,184544
184609,184638,184645,184649,184713,184632,184653,184662,184627,184635,184642,184649,184657,184666,184638,184646
184713,184734,184754,184785,184808,184728,184737,184743,184724,184731,184735,184735,184739,184745,184735,184742
184808,184823,184844,184851,184898,184816,184837,184846,184811,184819,184827,184833,184841,184849,184823,184830
184898,184913,184935,184942,184985,184906,184929,184938,184902,184910,184917,184924,184933,184942,184913,184920
184985,185008,185030,185037,185083,185002,185024,185033,184997,185006,185013,185020,185028,185037,185009,185016
185083,185102,185122,185130,185164,185096,185104,185110,185092,185099,185103,185103,185107,185113,185103,185110
185164,185188,185208,185214,185258,185181,185203,185211,185177,185185,185192,185199,185206,185214,185188,185196
185258,185271,185292,185300,185341,185265,185286,185295,185260,185268,185276,185283,185290,185299,185272,185279
185341,185365,185376,185383,185432,185347,185369,185379,185342,185350,185358,185365,185374,185382,185354,185361
185432,185446,185467,185474,185516,185439,185461,185469,185434,185443,185450,185457,185465,185472,185446,185453
185516,185529,185548,185555,185597,185523,185542,185550,185517,185526,185532,185539,185546,185554,185529,185535
185597,185612,185633,185638,185687,185606,185627,185635,185601,185609,185616,185623,185631,185639,185612,185619
185687,185715,185724,185729,185790,185696,185718,185727,185691,185699,185706,185714,185722,185730,185702,185710
185790,185806,185826,185832,185884,185800,185808,185814,185795,185803,185806,185806,185810,185817,185806,185813
185884,185902,185922,185930,185980,185896,185916,185924,185891,185899,185907,185913,185920,185928,185903,185910
185980,185995,186015,186022,186080,185988,186009,186017,185983,185991,185999,186006,186013,186020,185995,186002
186080,186106,186116,186121,186173,186088,186110,186119,186083,186091,186098,186106,186114,186125,186094,186102
186173,186188,186207,186214,186261,186181,186201,186210,186176,186184,186191,186197,186205,186214,186187,186194
186261,186276,186296,186301,186343,186269,186290,186298,186264,186273,186280,186286,186294,186302,186276,186283
186343,186377,186387,186391,186446,186359,186381,186389,186354,186362,186369,186377,186385,186393,186365,186373
186446,186464,186483,186490,186538,186457,186477,186486,186452,186460,186467,186474,186481,186490,186463,186470
186538,186553,186573,186580,186629,186547,186567,186575,186542,186550,186557,186563,186571,186579,186553,186560
186629,186656,186666,186671,186730,186638,186660,186668,186632,186641,186649,186656,186664,186671,186644,186652
186730,186757,186767,186772,186828,186738,186761,186769,186733,186741,186749,186756,186765,186773,186744,186752
186828,186843,186862,186869,186920,186836,186858,186866,186831,186839,186847,186853,186860,186871,186843,186850
186920,186944,186953,186956,187013,186927,186948,186955,186922,186930,186937,186944,186951,186959,186934,186940
187013,187039,187049,187053,187112,187020,187043,187051,187015,187023,187031,187039,187047,187054,187027,187035
187112,187137,187148,187153,187202,187120,187141,187150,187114,187123,187130,187137,187146,187154,187126,187133
187202,187226,187237,187243,187292,187210,187231,187239,187205,187213,187221,187227,187235,187242,187217,187224
187292,187319,187329,187337,187387,187301,187323,187332,187295,187304,187311,187319,187327,187335,187307,187315
187387,187402,187422,187432,187476,187395,187416,187426,187390,187398,187406,187412,187421,187430,187401,187409
187476,187492,187512,187519,187568,187486,187506,187514,187481,187489,187497,187503,187510,187517,187493,187499
187568,187582,187604,187611,187671,187576,187598,187606,187571,187579,187587,187594,187602,187610,187583,187590
187671,187685,187708,187715,187771,187679,187687,187694,187674,187682,187686,187686,187690,187698,187686,187694
187771,187786,187806,187813,187862,187780,187801,187809,187774,187783,187791,187797,187804,187813,187787,187794
187862,187877,187896,187902,187948,187869,187890,187898,187864,187873,187880,187887,187894,187902,187876,187884
187948,187973,187984,187992,188043,187956,187978,187987,187951,187959,187966,187973,187982,187996,187962,187969
188043,188069,188077,188083,188156,188051,188072,188079,188045,188054,188061,188068,188075,188083,188057,188064
188156,188183,188193,188200,188258,188165,188187,188195,188160,188169,188177,188183,188191,188199,188172,188180
188258,188271,188292,188299,188348,188266,188286,188295,188261,188269,188276,188282,188290,188298,188272,188279
188348,188364,188384,188389,188445,188357,188378,188386,188352,188361,188368,188375,188382,188390,188364,188371
188445,188460,188481,188486,188567,188453,188476,188483,188448,188456,188464,188472,188479,188486,188460,188468
188567,188591,188605,188608,188643,188571,188598,188607,188581,188590,188599,188599,188603,188610,188599,188606
188643,188656,188677,188682,188730,188650,188659,188665,188645,188653,188657,188657,188661,188668,188657,188664
188730,188746,188767,188771,188826,188740,188761,188769,188735,188743,188751,188758,188765,188772,188747,188754
188826,188852,188862,188905,188932,188834,188856,188866,188829,188837,188844,188852,188860,188872,188840,188848
188932,188947,188968,188977,189027,188940,188962,188971,188935,188943,188951,188958,188966,188975,188947,188955
189027,189056,189066,189072,189125,189040,189060,189068,189036,189043,189050,189056,189064,189072,189046,189053
189125,189138,189159,189170,189224,189132,189153,189163,189127,189136,189143,189150,189157,189170,189139,189146
189224,189240,189260,189266,189323,189233,189254,189263,189227,189236,189243,189250,189258,189266,189239,189246
189323,189343,189366,189372,189423,189337,189346,189352,189333,189340,189344,189344,189348,189355,189344,189351
189423,189439,189461,189469,189520,189432,189455,189465,189427,189436,189443,189450,189459,189469,189439,189447
189520,189551,189561,189569,189618,189532,189555,189564,189527,189536,189543,189551,189559,189568,189539,189547
189618,189633,189653,189662,189706,189627,189647,189656,189622,189630,189637,189643,189651,189663,189633,189640
189706,189732,189742,189745,189793,189714,189737,189744,189709,189718,189726,189733,189740,189748,189722,189729
189793,189822,189832,189837,189900,189804,189826,189835,189799,189807,189815,189822,189830,189838,189811,189818
189900,189927,189937,189944,189995,189909,189931,189940,189903,189912,189920,189927,189935,189944,189915,189923
189995,190020,190030,190035,190088,190004,190024,190032,189999,190008,190015,190020,190028,190036,190011,190017
190088,190114,190123,190130,190193,190096,190118,190125,190091,190099,190107,190114,190121,190129,190103,190110
190193,190208,190229,190236,190286,190201,190223,190232,190196,190204,190212,190219,190227,190238,190208,190215
190286,190300,190321,190330,190376,190294,190303,190324,190289,190297,190305,190311,190318,190328,190301,190308
190376,190392,190413,190447,190473,190385,190407,190415,190379,190388,190396,190403,190411,190417,190391,190399
190473,190501,190511,190518,190566,190482,190505,190514,190477,190486,190493,190501,190509,190517,190489,190497
190566,190597,190607,190613,190665,190581,190602,190610,190576,190584,190591,190598,190605,190613,190588,190594
190665,190681,190700,190707,190748,190674,190696,190704,190669,190677,190685,190691,190698,190707,190681,190688
190748,190770,190791,190800,190858,190763,190786,190795,190758,190766,190774,190781,190789,190804,190770,190777
190858,190884,190894,190899,190957,190866,190888,190896,190860,190868,190876,190883,190892,190899,190872,190879
190957,190972,190992,191000,191048,190965,190986,190995,190959,190968,190975,190982,190990,190999,190971,190979
191048,191063,191084,191091,191141,191056,191078,191087,191051,191060,191067,191074,191082,191091,191063,191070
191141,191157,191178,191184,191241,191150,191172,191180,191145,191153,191161,191168,191176,191184,191157,191164
191241,191255,191276,191283,191335,191248,191257,191263,191243,191251,191255,191255,191259,191266,191255,191262
191335,191350,191370,191378,191408,191343,191364,191372,191338,191346,191354,191361,191368,191376,191350,191357
191408,191448,191459,191466,191516,191432,191452,191461,191427,191435,191442,191449,191456,191465,191438,191445
191516,191542,191552,191560,191617,191524,191545,191554,191518,191527,191534,191541,191549,191558,191530,191538
191617,191643,191653,191661,191711,191626,191647,191660,191621,191629,191636,191643,191650,191666,191632,191639
191711,191728,191747,191755,191798,191721,191742,191750,191716,191724,191731,191738,191746,191754,191728,191734
191798,191814,191835,191842,191884,191807,191828,191837,191802,191811,191818,191824,191832,191841,191814,191821
191884,191898,191920,191928,191970,191892,191901,191907,191887,191895,191899,191899,191903,191910,191899,191906
191970,191984,192005,192010,192053,191978,191987,191993,191973,191981,191984,191984,191988,191995,191984,191992
192053,192070,192090,192096,192135,192063,192085,192093,192058,192066,192074,192080,192088,192096,192070,192077
192135,192150,192170,192177,192215,192144,192164,192173,192139,192147,192154,192160,192168,192177,192150,192157
192215,192230,192251,192259,192305,192224,192245,192253,192219,192227,192235,192241,192249,192257,192231,192238
192305,192319,192340,192348,192396,192312,192321,192344,192307,192316,192324,192330,192338,192348,192319,192327
192396,192409,192429,192436,192476,192403,192423,192432,192398,192406,192414,192420,192427,192435,192410,192417
192476,192491,192511,192520,192557,192485,192505,192514,192481,192488,192495,192501,192509,192518,192492,192498
192557,192573,192594,192601,192643,192566,192588,192597,192561,192570,192577,192584,192592,192601,192573,192580
192643,192658,192678,192684,192729,192651,192672,192681,192646,192655,192662,192669,192676,192685,192658,192665
192729,192744,192764,192769,192814,192737,192758,192766,192732,192740,192748,192754,192762,192769,192744,192751
192814,192828,192847,192851,192892,192822,192842,192850,192817,192825,192832,192838,192845,192852,192828,192835
192892,192907,192927,192931,192966,192900,192921,192929,192895,192904,192911,192917,192924,192933,192907,192914
192966,192984,193006,193014,193050,192979,193000,193009,192974,192982,192989,192996,193004,193012,192985,192993
193050,193065,193086,193092,193132,193059,193080,193088,193054,193062,193070,193077,193084,193092,193066,193073
193132,193150,193171,193178,193192,193144,193152,193158,193140,193147,193150,193150,193154,193161,193150,193157
193192,193233,193253,193259,193300,193228,193247,193257,193223,193231,193238,193244,193251,193260,193234,193241
193300,193314,193333,193340,193378,193307,193328,193336,193302,193310,193317,193324,193332,193340,193314,193320
193378,193396,193416,193421,193473,193390,193411,193418,193385,193393,193401,193407,193414,193422,193396,193404
193473,193487,193494,193498,193565,193481,193490,193496,193476,193484,193488,193488,193492,193498,193488,193495
193565,193579,193599,193606,193647,193573,193593,193601,193568,193576,193583,193590,193597,193605,193579,193586
193647,193662,193682,193690,193730,193656,193676,193685,193652,193660,193667,193673,193680,193690,193663,193670
193730,193743,193764,193772,193813,193737,193757,193767,193732,193740,193748,193754,193762,193771,193743,193751
193813,193826,193849,193855,193900,193820,193828,193835,193815,193823,193827,193827,193831,193839,193827,193834
193900,193914,193935,193945,193973,193908,193929,193939,193903,193911,193918,193925,193933,193944,193915,193922
193973,193997,194017,194044,194071,193991,194000,194005,193986,193994,193997,193997,194001,194008,193997,194004
194071,194095,194106,194112,194160,194078,194100,194108,194072,194081,194088,194095,194104,194112,194084,194091
194160,194174,194196,194203,194240,194168,194189,194198,194163,194171,194179,194186,194193,194202,194175,194182
194240,194256,194275,194278,194326,194250,194269,194277,194245,194253,194260,194266,194273,194280,194256,194263
194326,194351,194361,194366,194419,194334,194355,194363,194329,194337,194344,194351,194359,194367,194340,194347
194419,194434,194455,194458,194503,194428,194449,194457,194423,194431,194438,194445,194453,194460,194434,194442
194503,194517,194537,194562,194580,194510,194519,194523,194504,194512,194516,194516,194520,194526,194516,194522
194580,194596,194615,194619,194661,194587,194608,194618,194582,194590,194598,194604,194612,194621,194594,194600
194661,194685,194696,194701,194743,194668,194690,194699,194663,194671,194679,194686,194694,194703,194675,194682
194743,194757,194776,194780,194821,194751,194770,194777,194746,194754,194761,194766,194773,194781,194757,194766
194821,194844,194855,194861,194897,194828,194849,194858,194823,194832,194839,194845,194853,194862,194835,194842
194897,194921,194932,194937,194975,194904,194926,194935,194899,194907,194914,194921,194929,194940,194911,194918
194975,194999,195010,195015,195061,194983,195004,195013,194977,194986,194993,195000,195008,195016,194989,194996
195061,195085,195094,195098,195141,195068,195089,195096,195063,195071,195078,195084,195092,195100,195074,195081
195141,195164,195174,195178,195218,195148,195169,195177,195143,195151,195159,195165,195172,195179,195154,195162
195218,195242,195252,195255,195298,195226,195247,195255,195220,195229,195236,195242,195250,195259,195232,195239
195298,195322,195332,195337,195381,195306,195326,195334,195300,195309,195316,195322,195329,195337,195312,195319
195381,195396,195415,195424,195464,195389,195410,195419,195384,195392,195400,195406,195414,195422,195396,195403
195464,195478,195497,195506,195541,195472,195491,195500,195466,195475,195482,195488,195495,195504,195478,195485
195541,195559,195578,195585,195620,195552,195572,195580,195547,195555,195562,195568,195576,195585,195559,195565
195620,195634,195654,195663,195691,195628,195647,195657,195623,195631,195637,195643,195652,195662,195634,195640
195691,195708,195729,195734,195776,195702,195723,195731,195697,195705,195712,195719,195727,195735,195708,195715
195776,195802,195813,195820,195867,195785,195807,195816,195780,195788,195796,195802,195811,195820,195792,195799
195867,195883,195903,195909,195952,195875,195896,195905,195870,195879,195886,195893,195900,195908,195882,195889
195952,195967,195986,195996,196032,195961,195980,195990,195956,195964,195971,195977,195984,195998,195967,195974
196032,196048,196069,196077,196102,196043,196062,196072,196039,196046,196053,196059,196067,196075,196050,196056
196102,196125,196145,196164,196182,196120,196129,196135,196115,196123,196127,196127,196131,196137,196127,196134
196182,196198,196221,196209,196243,196193,196201,196208,196188,196196,196200,196200,196204,196212,196200,196208
196243,196276,196283,196301,196342,196270,196279,196300,196266,196274,196281,196288,196294,196301,196277,196284
196342,196355,196374,196383,196414,196349,196368,196377,196344,196352,196360,196365,196372,196380,196356,196362
196414,196431,196452,196458,196496,196426,196434,196455,196421,196429,196437,196443,196450,196458,196433,196440
196496,196511,196531,196539,196576,196505,196525,196534,196500,196508,196516,196522,196529,196537,196512,196518
196576,196591,196613,196620,196660,196585,196607,196616,196581,196589,196596,196603,196611,196620,196592,196600
196660,196674,196694,196702,196745,196668,196688,196697,196664,196672,196679,196685,196692,196700,196675,196681
196745,196759,196779,196769,196825,196753,196761,196768,196749,196757,196760,196760,196764,196771,196760,196767
196825,196839,196859,196865,196897,196833,196852,196861,196828,196836,196843,196849,196856,196864,196840,196846
196897,196917,196937,196945,196986,196911,196932,196941,196906,196914,196922,196928,196936,196947,196918,196925
196986,197001,197021,197027,197073,196994,197015,197025,196988,196997,197004,197009,197019,197028,197000,197006
197073,197087,197108,197114,197148,197081,197102,197111,197076,197084,197092,197098,197106,197116,197088,197095
197148,197172,197191,197196,197237,197165,197185,197195,197161,197169,197176,197182,197189,197197,197172,197179
197237,197252,197271,197277,197316,197245,197254,197260,197240,197248,197252,197252,197256,197262,197252,197259
197316,197331,197350,197356,197407,197324,197333,197338,197319,197327,197330,197330,197334,197340,197330,197337
197407,197421,197442,197446,197493,197415,197424,197430,197410,197418,197422,197422,197426,197432,197422,197429
197493,197506,197527,197532,197571,197500,197509,197515,197495,197503,197507,197507,197511,197517,197507,197514
197571,197587,197606,197614,197687,197580,197600,197608,197575,197583,197591,197597,197604,197612,197587,197594
197687,197708,197726,,197744,197696,197719,197735,197688,197707,197724,197727,197732,197738,197710,197716
197744,197767,197778,197783,197827,197751,197772,197780,197746,197754,197761,197768,197776,197785,197757,197764
197827,197844,197862,197869,197909,197836,197856,197864,197831,197839,197846,197852,197860,197868,197842,197849
197909,197931,197943,197949,197989,197916,197936,197945,197911,197919,197927,197932,197940,197948,197923,197929
197989,198013,198023,198027,198075,197997,198017,198026,197992,198000,198007,198013,198021,198030,198003,198010
198075,198099,198111,198117,198160,198083,198104,198113,198078,198086,198093,198100,198108,198117,198089,198096
198160,198184,198194,198201,198245,198169,198188,198197,198164,198172,198179,198184,198192,198202,198175,198181
198245,198259,198266,198270,198326,198252,198262,198268,198247,198256,198259,198259,198264,198270,198259,198266
198326,198353,198362,198369,198436,198335,198356,198365,198330,198338,198346,198352,198360,198368,198342,198349
198436,198452,198473,198479,198538,198445,198454,198461,198440,198449,198452,198452,198456,198463,198452,198459
198538,198554,198575,198580,198629,198547,198569,198577,198542,198551,198558,198565,198573,198580,198554,198561
198629,198644,198663,198669,198711,198637,198659,198666,198632,198640,198648,198654,198661,198669,198644,198651
198711,198737,198748,198755,198792,198720,198742,198751,198714,198723,198730,198737,198746,198755,198727,198734
198792,198806,198826,198835,198869,198799,198820,198828,198794,198803,198810,198816,198823,198831,198806,198813
198869,198891,198910,198915,198977,198884,198904,198912,198879,198887,198894,198900,198908,198915,198891,198897
198977,199003,199013,199019,199075,198987,199007,199015,198982,198990,198997,199003,199011,199019,198994,199000
199075,199099,199109,199117,199165,199083,199103,199112,199078,199086,199093,199099,199107,199118,199089,199096
199165,199189,199208,199216,199288,199182,199202,199211,199177,199185,199192,199198,199207,199217,199188,199195
199288,199302,199310,199315,199393,199296,199305,199312,199291,199300,199303,199303,199307,199315,199303,199311
199393,199407,199429,199435,199487,199401,199410,199432,199396,199405,199413,199420,199427,199435,199409,199416
199487,199501,199522,199530,199576,199495,199504,199525,199490,199498,199506,199513,199520,199529,199502,199509
199576,199591,199615,199623,199671,199585,199593,199599,199580,199588,199592,199592,199596,199603,199592,199599
199671,199698,199708,199714,199763,199679,199702,199710,199674,199682,199690,199697,199706,199714,199686,199694
199763,199777,199798,199805,199847,199770,199793,199801,199765,199774,199781,199788,199796,199804,199777,199785
199847,199862,199880,199886,199926,199854,199874,199882,199849,199858,199865,199871,199878,199886,199861,199868
199926,199949,199960,199967,200009,199934,199954,199963,199929,199937,199944,199950,199958,199966,199940,199947
200009,200036,200047,200078,200112,200018,200041,200051,200013,200021,200028,200036,200045,200054,200024,200032
200112,200126,200147,200158,200201,200120,200141,200151,200115,200123,200130,200137,200145,200159,200126,200133
200201,200216,200236,200241,200292,200209,200229,200238,200204,200212,200220,200226,200234,200241,200216,200223
200292,200318,200327,200335,200426,200396,,,200295,200303,200310,200317,200325,200336,200307,200314
200426,200448,200461,,200482,200441,200455,200473,200435,200448,200459,200464,200469,200476,200454,200461
200482,200496,200516,200524,200569,200489,200511,200520,200484,200493,200500,200506,200514,200524,200496,200503
200569,200584,200604,200612,200661,200577,200598,200607,200572,200580,200588,200594,200602,200611,200584,200591
200661,200676,200698,200705,200722,200670,200679,200684,200665,200673,200676,200676,200680,200687,200676,200683
200722,200760,200780,200790,200822,200755,200762,200785,200750,200758,200765,200771,200779,200787,200761,200768
200822,200837,200857,200863,200897,200830,200851,200860,200825,200834,200841,200847,200855,200864,200837,200844
200897,200913,200934,200942,200977,200907,200928,200936,200902,200910,200917,200924,200932,200939,200913,200921
200977,200990,201011,201020,201050,200985,201005,201014,200980,200988,200995,201002,201009,201018,200991,200998
201050,201064,201083,201087,201124,201058,201077,201085,201053,201061,201068,201074,201081,201088,201064,201071
201124,201137,201158,201146,201194,201131,201140,201146,201125,201134,201138,201138,201142,201149,201138,201145
201194,201208,201228,201234,201260,201202,201222,201231,201197,201205,201212,201218,201226,201234,201208,201215
201260,201274,201292,201298,201328,201268,201276,201295,201264,201271,201279,201283,201290,201298,201275,201283
201328,201341,201362,201369,201396,201335,201344,201365,201330,201339,201346,201352,201359,201369,201342,201349
201396,201409,201429,201435,201467,201404,201413,201418,201399,201407,201414,201419,201427,201436,201410,201416
201467,201481,201502,201508,201534,201475,201495,201504,201470,201478,201486,201492,201499,201507,201482,201489
201534,201559,201578,201591,201629,201554,201563,201582,201549,201557,201566,201570,201576,201586,201561,201570
201629,201643,201663,201668,201708,201637,201657,201666,201632,201640,201647,201654,201661,201672,201644,201650
201708,201723,201741,201750,201784,201716,201735,201744,201711,201719,201727,201732,201739,201749,201723,201729
201784,201799,201820,201825,201862,201794,201801,201808,201789,201797,201800,201800,201804,201811,201800,201807
201862,201877,201896,201904,201939,201870,201891,201899,201866,201873,201880,201886,201894,201904,201877,201883
201939,201953,201972,201979,202012,201946,201966,201974,201941,201950,201957,201963,201970,201978,201953,201960
202012,202027,202047,202050,202086,202021,202041,202049,202015,202024,202031,202037,202045,202052,202027,202034
202086,202108,202120,202126,202159,202094,202113,202122,202089,202097,202104,202109,202117,202125,202100,202106
202159,202182,202193,202198,202236,202167,202186,202194,202161,202169,202177,202183,202190,202198,202173,202179
202236,202259,202271,202278,202319,202244,202265,202274,202239,202247,202254,202260,202269,202278,202250,202257
202319,202348,202359,202367,202420,202333,202353,202362,202328,202336,202343,202349,202358,202366,202339,202346
202420,202436,202455,202461,202513,202429,202450,202459,202424,202432,202439,202445,202454,202461,202435,202442
202513,202528,202547,202551,202600,202521,202541,202549,202516,202524,202532,202537,202545,202552,202528,202534
202600,202613,202633,202642,202684,202606,202627,202637,202601,202609,202617,202623,202631,202641,202613,202619
202684,202698,202717,202723,202763,202691,202711,202719,202686,202694,202701,202707,202715,202723,202698,202704
202763,202777,202795,202802,202840,202770,202790,202798,202765,202774,202781,202786,202793,202801,202777,202783
202840,202854,202875,202881,202916,202848,202868,202877,202842,202851,202859,202865,202872,202880,202854,202861
202916,202930,202949,202956,202993,202923,202943,202951,202918,202926,202933,202939,202947,202954,202930,202936
202993,203017,203028,203036,203085,203002,203022,203031,202997,203005,203012,203018,203026,203036,203008,203015
203085,203110,203120,203129,203198,203093,203114,203123,203088,203096,203104,203110,203118,203129,203100,203107
203198,203222,203233,203240,203294,203206,203226,203235,203201,203209,203216,203222,203231,203240,203212,203219
203294,203313,203334,203345,203386,203306,203328,203340,203301,203310,203318,203325,203333,203345,203313,203321
203386,203404,203426,203437,203475,203399,203408,203414,203394,203402,203406,203406,203409,203416,203406,203413
203475,203496,203514,203521,203563,203488,203507,203517,203483,203492,203498,203504,203512,203521,203495,203501
203563,203578,203598,203602,203640,203572,203592,203600,203567,203575,203582,203589,203596,203603,203578,203585
203640,203655,203674,203681,203717,203648,203668,203677,203643,203651,203658,203664,203672,203681,203655,203661
203717,203739,203751,203759,203811,203725,203744,203754,203719,203728,203734,203740,203749,203758,203731,203737
203811,203837,203846,203853,203913,203819,203840,203848,203814,203822,203830,203836,203844,203852,203826,203833
203913,203940,203949,203955,204005,203922,203944,203951,203917,203925,203933,203939,203947,203956,203929,203936
204005,204035,204042,204048,204119,204029,204037,204044,204023,204032,204036,204036,204040,204048,204036,204044
204119,204133,204154,204166,204215,204127,204136,204158,204122,204131,204139,204145,204152,204168,204134,204142
204215,204228,204250,204257,204303,204222,204231,204254,204217,204226,204234,204241,204249,204256,204229,204237
204303,204317,204338,204345,204386,204311,204320,204327,204306,204315,204318,204318,204323,204329,204318,204326
204386,204401,204421,204430,204465,204394,204415,204424,204389,204398,204405,204411,204419,204428,204401,204408
204465,204479,204500,204506,204544,204473,204494,204502,204468,204476,204484,204491,204498,204506,204479,204487
204544,204559,204580,204586,204658,204553,204562,204568,204548,204556,204560,204560,204564,204570,204560,204567
204658,204685,204695,204701,204760,204666,204689,204697,204661,204670,204677,204684,204693,204701,204673,204681
204760,204775,204795,204800,204858,204768,204789,204797,204763,204771,204779,204785,204793,204800,204775,204782
204858,204872,204893,204899,204951,204866,204876,204882,204861,204869,204877,204884,204891,204899,204873,204880
204951,204967,204985,205016,205041,204959,204979,204988,204954,204962,204969,204976,204983,204991,204966,204972
205041,205055,205076,205083,205124,205049,205069,205078,205044,205052,205060,205066,205074,205082,205055,205063
205124,205140,205162,205166,205207,205133,205156,205164,205128,205136,205144,205151,205160,205168,205140,205148
205207,205233,205242,205246,205289,205215,205236,205244,205209,205218,205226,205233,205240,205248,205222,205229
205289,205315,205325,205332,205397,205297,205320,205328,205292,205300,205308,205315,205323,205331,205304,205312
205397,205424,205434,205441,205500,205406,205428,205436,205401,205409,205417,205424,205432,205440,205413,205420
205500,205526,205537,205544,205596,205508,205530,205540,205503,205511,205519,205526,205535,205544,205515,205522
205596,205610,205630,205637,205676,205604,205612,205618,205599,205607,205611,205611,205615,205621,205611,205618
205676,205703,205724,205731,205770,205697,205718,205726,205692,205700,205708,205714,205722,205730,205704,205711
205770,205793,205812,205819,205863,205786,205806,205814,205781,205790,205797,205803,205810,205818,205793,205800
205863,205877,205883,205888,205940,205871,205879,205885,205866,205874,205877,205877,205881,205888,205877,205884
205940,205955,205975,205983,206032,205948,205970,205978,205943,205952,205959,205966,205973,205981,205955,205962
206032,206059,206068,206074,206144,206040,206062,206070,206034,206043,206051,206058,206066,206074,206046,206054
206144,206170,206180,206186,206243,206152,206174,206183,206147,206155,206162,206170,206178,206189,206158,206166
206243,206261,206282,206289,206334,206254,206275,206284,206249,206257,206264,206271,206280,206288,206261,206268
206334,206360,206367,206371,206442,206353,206363,206369,206348,206357,206361,206361,206365,206372,206361,206368
206442,206456,206479,206489,206534,206450,206473,206483,206445,206454,206462,206469,206477,206487,206457,206465
206534,206549,206569,206576,206621,206542,206552,206572,206537,206546,206555,206559,206567,206575,206549,206559
206621,206635,206659,206663,206705,206629,206637,206644,206624,206632,206636,206636,206640,206648,206636,206643
206705,206718,206740,206746,206788,206712,206721,206728,206707,206716,206719,206719,206723,206730,206719,206726
206788,206813,206824,206831,206888,206796,206817,206826,206790,206799,206806,206813,206821,206830,206802,206809
206888,206913,206923,206930,206996,206895,206918,206927,206890,206898,206905,206913,206921,206931,206901,206909
206996,207041,207056,,207093,207004,207026,207035,206999,207008,207015,207038,207041,207046,207011,207033
207093,207126,207135,207143,207197,207108,207130,207138,207103,207111,207119,207126,207133,207142,207115,207122
207197,207211,207233,207237,207293,207205,207213,207220,207200,207208,207212,207212,207216,207223,207212,207220
207293,207306,207328,207334,207367,207301,207309,207316,207296,207304,207308,207308,207312,207319,207308,207315
207367,207396,207416,207425,207470,207391,207411,207419,207386,207394,207401,207407,207415,207424,207397,207404
207470,207484,207504,207512,207545,207477,207498,207506,207472,207481,207488,207494,207502,207510,207484,207491
207545,207580,207591,207597,207640,207563,207585,207594,207558,207566,207573,207580,207590,207598,207569,207576
207640,207655,207676,207685,207730,207649,207670,207679,207644,207652,207659,207666,207674,207682,207655,207663
207730,207751,207772,207778,207826,207744,207766,207775,207739,207747,207755,207762,207770,207779,207751,207758
207826,207843,207861,207868,207906,207836,207855,207864,207831,207839,207847,207852,207859,207867,207843,207849
207906,207927,207948,207958,207994,207921,207942,207952,207916,207924,207932,207938,207946,207957,207928,207935
207994,208010,208029,208036,208081,208004,208024,208032,207999,208007,208014,208020,208027,208035,208010,208017
208081,208107,208118,208122,208168,208088,208111,208121,208083,208091,208099,208106,208115,208125,208095,208102
208168,208194,208204,208210,208256,208176,208198,208207,208171,208179,208187,208194,208202,208211,208183,208190
208256,208272,208292,208298,208338,208266,208287,208295,208261,208269,208276,208283,208290,208298,208272,208279
208338,208354,208374,208380,208419,208347,208368,208377,208342,208350,208357,208364,208372,208381,208354,208360
208419,208434,208455,208463,208498,208428,208448,208458,208423,208431,208438,208445,208453,208463,208434,208441
208498,208513,208532,208538,208578,208507,208527,208535,208502,208510,208517,208523,208530,208538,208513,208520
208578,208592,208614,208621,208654,208586,208594,208601,208581,208590,208593,208593,208597,208604,208593,208601
208654,208671,208692,208701,208736,208666,208686,208695,208661,208669,208676,208682,208690,208699,208672,208679
208736,208749,208769,208777,208810,208743,208762,208771,208738,208746,208754,208759,208767,208774,208749,208756
208810,208824,208845,208850,208887,208819,208827,208848,208814,208822,208830,208836,208843,208851,208826,208833
208887,208901,208923,208909,208964,208895,208903,208908,208890,208898,208901,208901,208905,208912,208901,208908
208964,208978,208998,209000,209037,208971,208992,208999,208966,208974,208982,208988,208995,209003,208978,208985
209037,209053,209073,209078,209112,209046,209066,209075,209041,209050,209057,209063,209070,209079,209053,209060
209112,209129,209149,209157,209192,209122,209142,209151,209118,209126,209133,209139,209147,209156,209129,209136
209192,209217,209227,209229,209271,209200,209221,209228,209194,209203,209210,209217,209225,209232,209206,209214
209271,209293,209306,209313,209352,209279,209298,209309,209274,209282,209288,209294,209303,209314,209285,209291
209352,209374,209386,209390,209428,209359,209379,209388,209353,209362,209369,209375,209383,209392,209365,209372
209428,209444,209462,209465,209500,209436,209457,209464,209431,209439,209447,209453,209460,209467,209443,209450
209500,209520,209534,209540,209569,209508,209527,209539,209502,209511,209517,209523,209532,209544,209514,209520
209569,209590,209602,209605,209642,209577,209595,209604,209572,209580,209587,209591,209599,209607,209583,209591
209642,209665,209676,209682,209717,209650,209670,209679,209645,209653,209660,209666,209673,209682,209656,209663
209717,209738,209750,209752,209791,209724,209745,209752,209719,209727,209734,209740,209747,209755,209730,209737
209791,209815,209826,209829,209870,209799,209820,209828,209793,209802,209809,209815,209823,209832,209805,209812
209870,209894,209905,209911,209953,209879,209898,209907,209873,209882,209888,209894,209903,209911,209885,209891
209953,209977,209988,209994,210029,209961,209981,209990,209956,209964,209971,209977,209985,209994,209968,209974
210029,210051,210070,210073,210117,210045,210065,210072,210040,210048,210056,210061,210068,210076,210051,210058
210117,210131,210148,210155,210187,210124,210142,210150,210118,210127,210133,210139,210146,210154,210130,210136
210187,210205,210225,210232,210272,210199,210208,210214,210195,210203,210206,210206,210210,210216,210206,210213
210272,210288,210308,210313,210355,210282,210290,210296,210277,210285,210288,210288,210292,210298,210288,210295
210355,210371,210390,210397,210436,210365,210384,210393,210360,210368,210375,210380,210388,210397,210371,210377
210436,210450,210470,210478,210508,210444,210464,210475,210439,210447,210454,210460,210468,210480,210450,210457
210508,210528,210548,210560,210589,210521,210542,210551,210516,210525,210533,210539,210546,210555,210528,210536
210589,210607,210627,210632,210686,210600,210621,210630,210596,210604,210611,210618,210625,210634,210607,210614
210686,210699,210720,210726,210771,210693,210713,210722,210688,210696,210703,210709,210718,210726,210699,210706
210771,210784,210805,210811,210923,210778,210786,210856,210773,210782,210789,210796,210852,210859,210785,210792
210923,210937,210956,210963,210996,210931,210950,210958,210926,210934,210942,210947,210954,210962,210938,210944
210996,211023,211032,211035,211075,211006,211027,211034,211001,211009,211016,211023,211030,211037,211012,211019
211075,211089,211110,211116,211150,211083,211103,211112,211079,211086,211094,211100,211108,211116,211090,211096
211150,211165,211183,211188,211223,211158,211168,211185,211153,211162,211170,211174,211180,211188,211166,211174
211223,211238,211257,211262,211298,211232,211251,211259,211226,211235,211242,211248,211255,211262,211238,211245
211298,211312,211347,211330,211370,211305,211316,211320,211300,211308,211317,211320,211326,211335,211312,211320
211370,211383,211400,211407,211441,211377,211393,211402,211372,211380,211387,211391,211397,211405,211383,211391
211441,211458,211474,211483,211515,211451,211468,211477,211446,211455,211461,211465,211472,211480,211458,211465
211515,211531,211547,211552,211587,211524,211540,211549,211519,211527,211535,211537,211544,211553,211531,211537
211587,211603,211618,211623,211658,211597,211608,211620,211592,211600,211608,211608,211615,211623,211603,211608
211658,211673,211691,211697,211730,211667,211685,211694,211661,211670,211678,211682,211689,211697,211673,211682
211730,211746,211761,211767,211805,211739,211755,211764,211734,211742,211750,211750,211758,211767,211745,211750
211805,211819,211836,211842,211878,211812,211828,211839,211807,211816,211825,211825,211833,211843,211819,211825
211878,211893,211908,211916,211941,211887,211898,211909,211882,211890,211898,211898,211905,211913,211893,211898
211941,211964,211979,211987,212018,211959,211970,211981,211954,211962,211970,211970,211976,211986,211965,211970
212018,212032,212049,212056,212085,212026,212035,212050,212022,212030,212037,212040,212046,212054,212033,212040
212085,212101,212115,212118,212153,212094,212108,212117,212088,212097,212104,212104,212112,212120,212100,212104
212153,212169,212184,212191,212228,212163,212176,212185,212158,212166,212173,212173,212181,212189,212169,212173
212228,212242,212255,212260,212299,212234,212249,212257,212229,212237,212245,212245,212252,212260,212240,212245
212299,212315,212329,212335,212372,212307,212321,212330,212302,212311,212319,212319,212326,212334,212314,212319
212372,212387,212401,212406,212443,212380,212394,212403,212375,212384,212391,212391,212398,212406,212387,212391
212443,212461,212474,212479,212518,212454,212466,212476,212449,212458,212461,212461,212471,212480,212461,212475
212518,212533,212547,212553,212588,212526,212540,212549,212521,212529,212537,212537,212544,212552,212532,212537
212588,212604,212635,212640,212663,212597,212611,212620,212592,212600,212608,212608,212615,212624,212603,212608
212663,212678,212691,212696,212726,212670,212685,212693,212665,212673,212681,212681,212688,212695,212676,212681
212726,212751,212763,212770,212802,212744,212755,212765,212738,212747,212756,212756,212760,212769,212756,212764
212802,212822,212838,212840,212854,212815,212827,212839,212811,212819,212824,212824,212834,212844,212824,212840
212854,212891,212905,212913,212936,212886,212897,212908,212881,212889,212897,212897,212904,212913,212892,212897
212936,212962,212975,212982,213013,212956,212966,212977,212951,212959,212968,212968,212973,212982,212962,212968
213013,213032,213045,213048,213082,213025,213040,213048,213020,213028,213035,213035,213043,213051,213031,213035
213082,213100,213112,213116,213155,213092,213106,213115,213087,213096,213104,213104,213110,213117,213099,213104
213155,213170,213180,213187,213224,213162,213174,213184,213157,213166,213170,213170,213178,213187,213170,213183
213224,213239,213253,213258,213294,213232,213245,213255,213226,213236,213239,213239,213250,213258,213239,213254
213294,213309,213323,213329,213361,213302,213316,213325,213296,213305,213312,213312,213320,213328,213308,213312
213361,213379,213392,213398,213432,213371,213384,213394,213366,213375,213381,213381,213389,213398,213379,213381
213432,213448,213462,213466,213505,213441,213454,213463,213436,213445,213452,213452,213459,213466,213448,213452
213505,213521,213534,213539,213578,213513,213528,213536,213508,213516,213522,213524,213531,213538,213518,213524
213578,213593,213627,213633,213652,213586,213598,213607,213581,213589,213597,213597,213602,213609,213592,213597
213652,213666,213679,213685,213720,213659,213672,213680,213654,213662,213668,213668,213676,213684,213664,213668
213720,213734,213749,213755,213789,213728,213740,213750,213723,213732,213742,213742,213745,213754,213742,213750
213789,213802,213838,213819,213853,213796,213808,213819,213790,213799,213803,213803,213813,213822,213803,213818
213853,213868,213881,213887,213913,213861,213873,213882,213856,213865,213869,213869,213878,213886,213868,213869
213913,213934,213946,213950,213981,213926,213939,213947,213921,213930,213933,213933,213943,213950,213932,213933
213981,213998,214013,214019,214052,213991,214006,214015,213986,213994,214002,214002,214010,214018,213997,214002
214052,214069,214096,214082,214118,214059,214074,214082,214054,214063,214069,214069,214077,214086,214065,214069
214118,214131,214167,214147,214180,214125,214136,214146,214120,214128,214136,214136,214142,214150,214131,214136
214180,214194,214227,214208,214239,214187,214199,214208,214182,214191,214196,214196,214202,214211,214196,214207
214239,214254,214267,214272,214292,214247,214257,214267,214241,214251,214256,214256,214262,214271,214256,214266
214292,214312,214326,214332,214349,214306,214318,214328,214301,214310,214319,214319,214323,214331,214319,214327
214349,214373,214386,214394,214421,214367,214378,214388,214362,214371,214378,214378,214384,214392,214374,214378
214421,214436,214462,214451,214482,214429,214442,214450,214423,214432,214438,214438,214446,214453,214435,214438
214482,214498,214512,214519,214547,214491,214504,214513,214486,214495,214502,214502,214509,214517,214498,214502
214547,214562,214575,214581,214613,214555,214568,214577,214550,214559,214565,214565,214572,214580,214562,214565
214613,214629,214643,214648,214682,214622,214634,214646,214617,214625,214635,214635,214640,214651,214629,214635
214682,214696,214731,214710,214751,214689,214701,214710,214684,214693,214696,214696,214705,214714,214696,214710
214751,214764,214778,214785,214874,214758,214769,214826,214753,214761,214776,214784,214821,214829,214764,214780
214874,214898,214910,214918,214949,214893,214903,214913,214888,214896,214901,214901,214908,214917,214901,214913
214949,214963,214992,214976,215003,214957,214967,214975,214951,214960,214965,214965,214971,214979,214965,214975
215003,215027,215040,215049,215142,215020,215055,215084,215015,215023,215038,215050,215080,215087,215026,215041
215142,215157,215171,215177,215211,215149,215163,215172,215144,215153,215160,215160,215168,215176,215156,215160
215211,215227,215238,215248,215284,215219,215231,215240,215214,215223,215230,215230,215235,215242,215230,215238
215284,215303,215326,215314,215349,215291,215308,215314,215286,215293,215299,215303,215310,215317,215296,215303
215349,215371,215382,215389,215427,215363,215376,215384,215358,215367,215375,215375,215379,215388,215375,215383
215427,215441,215476,215456,215495,215434,215447,215456,215429,215437,215445,215445,215451,215460,215440,215445
215495,215510,215523,215529,215563,215502,215516,215524,215497,215505,215512,215512,215520,215528,215508,215512
215563,215578,215592,215597,215633,215571,215584,215593,215566,215575,215582,215582,215589,215596,215578,215582
215633,215648,215674,215662,215701,215640,215653,215662,215635,215643,215652,215652,215657,215665,215646,215652
215701,215717,215750,215732,215770,215709,215722,215731,215704,215713,215721,215721,215727,215735,215716,215721
215770,215784,215812,215800,215838,215778,215792,215800,215773,215781,215789,215789,215796,215803,215784,215789
215838,215852,215879,215867,215894,215845,215858,215866,215840,215848,215855,215855,215862,215870,215850,215855
215894,215918,215929,215933,215967,215911,215923,215932,215906,215914,215919,215919,215927,215935,215919,215930
215967,215982,215995,216000,216032,215975,215987,215996,215970,215978,215984,215984,215992,216000,215981,215984
216032,216046,216072,216060,216094,216039,216051,216059,216034,216042,216047,216047,216056,216063,216044,216047
216094,216127,216134,216136,216160,216102,216130,216135,216097,216105,216119,216126,216133,216139,216107,216122
216160,216176,216206,216187,216229,216168,216180,216187,216163,216172,216176,216176,216183,216191,216176,216187
216229,216246,216257,216269,216300,216238,216250,216258,216232,216241,216250,216250,216254,216260,216250,216257
216300,216318,216329,216334,216375,216310,216322,216331,216304,216314,216322,216322,216326,216340,216322,216329
216375,216393,216405,216409,216452,216383,216398,216406,216378,216386,216393,216395,216402,216409,216389,216395
216452,216468,216498,216502,216535,216460,216473,216481,216454,216463,216469,216469,216477,216484,216465,216469
216535,216549,216576,216566,216614,216542,216558,216565,216537,216545,216551,216555,216561,216568,216548,216555
216614,216629,216644,216647,216678,216622,216638,216645,216618,216625,216632,216636,216641,216648,216628,216636
216678,216703,216718,216724,216761,216696,216710,216721,216692,216700,216708,216708,216716,216724,216703,216708
216761,216794,216832,216840,216891,216835,216844,216838,216762,216770,216785,216793,216830,216838,216773,216789
216891,216906,216921,216931,216956,216899,216915,216924,216894,216903,216911,216912,216920,216927,216906,216912
216956,216972,216984,216991,217025,216965,216976,216987,216960,216969,216976,216976,216982,216990,216973,216976
217025,217041,217065,217053,217092,217032,217046,217053,217026,217036,217045,217045,217049,217056,217045,217052
217092,217108,217120,217124,217162,217099,217113,217121,217094,217102,217109,217109,217117,217124,217105,217109
217162,217195,217203,217204,217233,217169,217199,217203,217163,217171,217177,217194,217201,217208,217174,217190
217233,217265,217276,217286,217308,217240,217271,217277,217235,217243,217257,217265,217274,217277,217246,217261
217308,217340,217350,217353,217384,217315,217345,217352,217309,217317,217323,217340,217348,217355,217320,217337
217384,217417,217427,217434,217465,217391,217422,217433,217386,217394,217409,217417,217425,217438,217397,217413
217465,217480,217493,217497,217544,217472,217487,217494,217467,217475,217484,217484,217490,217498,217478,217484
217544,217558,217572,217578,217620,217552,217561,217574,217547,217555,217564,217564,217570,217578,217559,217564
217620,217634,217645,217653,217682,217628,217638,217649,217623,217632,217637,217637,217643,217653,217637,217649
217682,217705,217718,217726,217756,217699,217710,217720,217694,217703,217710,217710,217716,217724,217706,217710
217756,217774,217788,217793,217816,217768,217780,217789,217763,217771,217779,217779,217785,217793,217774,217779
217816,217840,217854,217859,217882,217833,217846,217856,217829,217837,217845,217845,217852,217860,217840,217845
217882,217906,217919,217925,217952,217899,217913,217921,217894,217901,217907,217910,217917,217924,217904,217910
217952,217972,217986,217988,218027,217966,217975,217987,217961,217969,217977,217979,217983,217991,217972,217979
218027,218041,218054,218057,218095,218034,218048,218056,218028,218037,218044,218044,218052,218059,218039,218044
218095,218110,218122,218126,218149,218103,218116,218124,218097,218106,218111,218111,218120,218127,218108,218111
218149,218180,218192,218197,218233,218173,218186,218193,218168,218175,218182,218182,218190,218197,218178,218182
218233,218267,218275,218315,218367,218309,218319,218313,218236,218245,218258,218266,218303,218313,218248,218262
218367,218381,218393,218397,218433,218375,218385,218395,218369,218378,218382,218382,218391,218399,218382,218395
218433,218446,218459,218466,218496,218440,218451,218462,218434,218443,218447,218447,218456,218465,218447,218461
218496,218510,218522,218529,218557,218504,218514,218524,218498,218507,218515,218515,218521,218528,218510,218515
218557,218575,218590,218595,218627,218569,218579,218591,218565,218572,218581,218581,218587,218594,218575,218581
218627,218642,218669,218677,218694,218635,218647,218657,218630,218638,218646,218646,218652,218660,218641,218646
218694,218708,218743,218723,218758,218701,218712,218722,218696,218705,218708,218708,218718,218726,218708,218722
218758,218773,218802,218790,218808,218767,218778,218789,218763,218771,218779,218779,218784,218793,218774,218779
218808,218838,218852,218858,218879,218832,218841,218845,218828,218836,218839,218839,218844,218845,218839,218845
218879,218904,218916,218923,218953,218898,218908,218918,218893,218902,218905,218905,218914,218923,218905,218918
218953,218968,218979,218985,219011,218961,218973,218982,218956,218965,218971,218971,218977,218985,218971,218981
219011,219033,219044,219048,219085,219026,219038,219046,219021,219030,219036,219036,219041,219049,219036,219045
219085,219099,219111,219117,219141,219092,219106,219113,219087,219095,219101,219103,219110,219117,219097,219103
219141,219165,219179,219182,219196,219159,219171,219181,219154,219163,219170,219170,219177,219185,219166,219170
219196,219233,219245,219255,219289,219228,219237,219249,219223,219231,219234,219234,219244,219253,219234,219249
219289,219303,219329,219337,219414,219361,219369,219364,219290,219300,219311,219318,219356,219364,219307,219315
219414,219436,219447,219452,219488,219428,219440,219448,219422,219432,219441,219441,219444,219451,219441,219448
219488,219521,219530,219533,219555,219495,219525,219532,219490,219498,219512,219520,219528,219535,219501,219516
219555,219569,219582,219585,219620,219562,219574,219585,219557,219565,219575,219575,219580,219588,219568,219575
219620,219637,219648,219654,219689,219630,219643,219651,219625,219633,219639,219639,219646,219654,219636,219639
219689,219703,219716,219722,219747,219696,219710,219718,219690,219699,219706,219706,219714,219721,219702,219706
219747,219767,219779,219786,219815,219762,219771,219781,219757,219765,219770,219770,219776,219785,219770,219780
219815,219829,219842,219849,219878,219824,219833,219843,219819,219827,219831,219831,219839,219847,219831,219843
219878,219893,219927,219933,219968,219886,219920,219930,219880,219889,219901,219909,219925,219934,219895,219905
219968,220016,220026,220033,220067,220010,220019,220028,220004,220013,220017,220017,220023,220033,220017,220029
220067,220082,220094,220101,220136,220075,220086,220096,220070,220078,220084,220084,220091,220100,220081,220084
220136,220155,220164,220168,220208,220143,220159,220166,220138,220146,220152,220155,220162,220168,220148,220155
220208,220225,220234,220239,220280,220215,220229,220236,220210,220218,220224,220224,220232,220239,220221,220224
220280,220295,220307,220312,220351,220287,220300,220308,220282,220290,220296,220296,220304,220311,220292,220296
220351,220365,220378,220384,220419,220358,220371,220379,220353,220361,220366,220366,220375,220383,220364,220366
220419,220433,220460,220447,220486,220426,220438,220447,220421,220429,220433,220433,220442,220450,220433,220447
220486,220500,220513,220519,220550,220493,220505,220514,220488,220496,220502,220502,220510,220517,220498,220502
220550,220565,220617,220629,220671,220558,220610,220620,220552,220561,220575,220583,220616,220624,220563,220579
220671,220693,220705,220710,220737,220686,220699,220707,220680,220689,220694,220694,220703,220710,220692,220694
220737,220754,220768,220774,220798,220747,220758,220769,220743,220751,220759,220759,220765,220773,220754,220759
220798,220817,220829,220834,220856,220811,220821,220830,220806,220815,220821,220821,220826,220833,220821,220829
220856,220876,220889,220897,220982,220871,220881,220931,220866,220874,220886,220904,220926,220934,220878,220901
220982,220996,221028,221011,221041,220990,221000,221010,220985,220994,220998,220998,221004,221014,220998,221008
221041,221055,221084,221071,221102,221048,221059,221070,221043,221052,221059,221059,221065,221075,221059,221070
221102,221116,221141,221130,221168,221109,221120,221130,221104,221112,221120,221120,221125,221133,221115,221120
221168,221182,221193,221198,221238,221174,221187,221194,221168,221178,221186,221186,221190,221197,221186,221193
221238,221257,221266,221269,221320,221246,221262,221270,221240,221249,221255,221255,221264,221270,221251,221255
221320,221339,221348,221353,221402,221328,221343,221350,221322,221330,221334,221338,221345,221352,221332,221338
221402,221421,221432,221439,221483,221410,221425,221433,221405,221413,221418,221422,221429,221437,221415,221422
221483,221517,221526,221540,221560,221491,221521,221529,221486,221494,221509,221516,221524,221529,221497,221513
221560,221579,221609,221591,221627,221567,221584,221591,221562,221570,221576,221579,221586,221596,221573,221579
221627,221649,221666,221669,221708,221643,221661,221667,221639,221646,221653,221658,221664,221671,221649,221655
221708,221723,221738,221747,221773,221716,221732,221741,221711,221719,221725,221729,221736,221748,221722,221729
221773,221794,221810,221814,221833,221787,221796,221801,221782,221790,221793,221793,221797,221801,221793,221799
221833,221860,221876,221880,221911,221855,221863,221870,221850,221858,221861,221861,221865,221870,221861,221867
221911,221925,221932,221947,221974,221919,221927,221942,221914,221922,221930,221934,221938,221947,221925,221934
221974,221990,222041,222051,222100,221983,221995,222044,221978,221986,221999,222010,222039,222047,221989,222004
222100,222115,222130,222134,222161,222107,222123,222133,222102,222110,222118,222118,222127,222138,222113,222118
222161,222176,222203,222190,222222,222169,222181,222190,222163,222172,222179,222179,222185,222193,222175,222179
222222,222236,222263,222251,222278,222229,222243,222251,222224,222232,222240,222240,222246,222253,222235,222240
222278,222296,222308,222312,222341,222289,222301,222309,222284,222292,222295,222295,222304,222313,222295,222309
222341,222357,222383,222370,222399,222348,222362,222370,222342,222351,222355,222355,222365,222373,222354,222355
222399,222417,222436,222437,222461,222407,222431,222436,222401,222410,222423,222428,222433,222438,222413,222425
222461,222478,222487,222488,222522,222468,222482,222488,222462,222472,222480,222480,222484,222491,222480,222487
222522,222543,222567,222551,222587,222531,222545,222551,222525,222538,222544,222544,222547,222554,222544,222550
222587,222604,222614,222619,222653,222595,222607,222615,222589,222600,222607,222607,222611,222618,222607,222614
222653,222669,222695,222682,222719,222661,222673,222681,222655,222665,222673,222673,222677,222685,222673,222681
222719,222734,222764,222745,222781,222726,222738,222745,222721,222729,222733,222733,222741,222749,222733,222745
222781,222797,222810,222814,222844,222789,222805,222812,222784,222792,222799,222801,222808,222814,222795,222801
222844,222861,222875,222880,222912,222855,222866,222877,222850,222858,222862,222862,222872,222881,222862,222877
222912,222927,222940,222946,222981,222920,222932,222941,222915,222924,222930,222930,222937,222946,222927,222930
222981,222994,223018,223021,223045,222988,222999,223008,222982,222991,222998,222998,223004,223011,222994,222998
223045,223059,223072,223078,223106,223053,223063,223073,223048,223056,223060,223060,223068,223077,223060,223072
223106,223120,223173,223182,223231,223176,223186,223179,223110,223118,223126,223141,223171,223179,223121,223137
223231,223247,223272,223260,223296,223238,223253,223260,223233,223241,223248,223250,223256,223263,223244,223250
223296,223310,223336,223324,223360,223302,223316,223324,223297,223305,223312,223312,223319,223327,223308,223312
223360,223376,223389,223395,223429,223369,223382,223391,223363,223373,223380,223380,223386,223394,223376,223380
223429,223444,223457,223461,223499,223437,223450,223458,223432,223440,223447,223447,223454,223461,223443,223447
223499,223513,223538,223526,223564,223506,223516,223525,223500,223510,223514,223514,223520,223529,223514,223525
223564,223579,223593,223598,223630,223573,223581,223593,223568,223576,223584,223584,223589,223597,223579,223586
223630,223645,223657,223663,223695,223638,223650,223659,223633,223641,223647,223647,223654,223662,223644,223647
223695,223713,223736,223725,223762,223702,223717,223724,223697,223705,223710,223713,223720,223727,223707,223713
223762,223777,223789,223794,223830,223770,223782,223791,223764,223773,223782,223782,223786,223794,223782,223790
223830,223848,223858,223862,223898,223837,223853,223859,223831,223840,223846,223848,223855,223862,223842,223848
223898,223914,223925,223930,223963,223905,223919,223927,223899,223909,223912,223912,223922,223929,223911,223912
223963,223981,223992,223996,224031,223972,223986,223993,223966,223975,223981,223981,223989,223996,223977,223981
224031,224045,224072,224059,224096,224038,224051,224059,224033,224041,224048,224048,224054,224062,224044,224048
224096,224110,224136,224142,224163,224103,224117,224124,224098,224105,224113,224113,224119,224126,224108,224113
224163,224178,224204,224193,224232,224171,224186,224192,224166,224174,224181,224182,224189,224196,224177,224182
224232,224247,224260,224262,224303,224239,224253,224261,224234,224242,224249,224249,224257,224264,224245,224249
224303,224317,224345,224332,224372,224309,224324,224332,224304,224312,224320,224320,224327,224335,224315,224320
224372,224386,224419,224401,224437,224379,224391,224400,224373,224383,224391,224391,224395,224404,224391,224399
224437,224455,224467,224472,224505,224447,224459,224468,224442,224450,224456,224456,224464,224471,224453,224456
224505,224519,224534,224537,224570,224512,224525,224536,224507,224515,224523,224523,224530,224540,224519,224523
224570,224584,224611,224598,224637,224577,224590,224598,224572,224580,224586,224586,224594,224601,224583,224586
224637,224653,224664,224668,224726,224714,,,224639,224646,224653,224654,224662,224668,224649,224654
224726,224739,224772,224752,224780,224735,224744,224751,224732,224740,224744,224744,224747,224754,224744,224751
224780,224797,224808,224812,224850,224788,224802,224809,224783,224792,224801,224801,224805,224812,224801,224808
224850,224865,224899,224878,224918,224857,224870,224878,224852,224861,224864,224864,224873,224881,224864,224877
224918,224936,224966,224947,224985,224925,224941,224947,224920,224928,224934,224935,224943,224950,224931,224935
224985,225003,225028,225016,225054,224993,225009,225016,224988,224997,225003,225003,225012,225019,224999,225003
225054,225070,225082,225087,225123,225061,225076,225083,225056,225064,225070,225072,225079,225087,225067,225072
225123,225140,225170,225150,225191,225130,225145,225150,225124,225133,225140,225140,225147,225153,225135,225140
225191,225207,225231,225218,225255,225198,225211,225218,225192,225201,225205,225205,225214,225221,225203,225205
225255,225270,225297,225284,225320,225263,225275,225284,225257,225266,225270,225270,225279,225287,225270,225283
225320,225334,225346,225351,225383,225327,225338,225347,225321,225331,225338,225338,225342,225350,225338,225346
225383,225398,225431,225411,225448,225390,225403,225411,225384,225393,225400,225400,225406,225413,225396,225400
225448,225463,225484,225474,225507,225454,225467,225474,225449,225457,225463,225463,225469,225476,225460,225463
225507,225539,225555,,225570,225515,225546,,225510,225519,225529,225537,225553,225558,225523,225533
225570,225587,225598,225601,225635,225578,225591,225598,225572,225582,225591,225591,225594,225602,225591,225598
225635,225653,225675,225664,225703,225644,225657,225664,225638,225647,225652,225652,225660,225666,225650,225652
225703,225720,225731,225737,225769,225710,225724,225732,225704,225713,225717,225720,225728,225736,225715,225720
225769,225783,225841,225850,225898,225776,225804,225844,225771,225779,225786,225801,225839,225847,225782,225798
225898,225914,225929,225936,225954,225909,225918,225930,225904,225913,225916,225916,225924,225935,225916,225930
225954,225977,225991,225997,226022,225971,225982,225993,225967,225975,225983,225983,225988,225996,225978,225983
226022,226037,226052,226060,226083,226031,226042,226053,226027,226035,226043,226043,226048,226057,226038,226043
226083,226098,226126,226114,226133,226092,226104,226113,226087,226095,226103,226103,226110,226117,226099,226103
226133,226156,226172,226178,226205,226151,226159,226174,226146,226154,226162,226164,226170,226178,226157,226164
226205,226220,226251,226236,226257,226212,226224,226235,226206,226215,226220,226220,226228,226242,226220,226231
226257,226277,226291,226297,226323,226271,226280,226292,226266,226274,226278,226278,226288,226296,226278,226292
226323,226336,226349,226357,226371,226331,226342,226352,226326,226334,226341,226341,226347,226357,226338,226341
226371,226397,226410,226415,226444,226391,226402,226412,226387,226395,226399,226399,226407,226416,226399,226411
226444,226459,226511,226520,226560,226515,226518,226518,226448,226457,226467,226475,226510,226518,226462,226471
226560,226584,226595,226600,226631,226576,226590,226597,226570,226580,226589,226589,226593,226601,226589,226596
226631,226649,226661,226666,226700,226641,226655,226662,226635,226644,226650,226650,226659,226666,226646,226650
226700,226718,226742,226729,226768,226708,226723,226729,226702,226711,226718,226718,226725,226733,226713,226718
226768,226784,226796,226801,226833,226775,226790,226798,226770,226778,226785,226785,226793,226801,226781,226785
226833,226850,226862,226867,226900,226841,226854,226863,226836,226845,226848,226848,226858,226867,226848,226863
226900,226914,226968,226976,227026,226907,226918,226930,226902,226910,226925,226934,226966,226974,226914,226930
227026,227039,227066,227070,227088,227033,227044,227054,227029,227037,227041,227041,227049,227057,227041,227053
227088,227102,227156,227166,227214,227096,227106,227159,227091,227099,227113,227142,227154,227163,227102,227138
227214,227227,227260,227243,227276,227221,227231,227242,227215,227224,227228,227228,227236,227244,227228,227240
227276,227289,227321,227307,227337,227283,227293,227306,227278,227286,227290,227290,227300,227311,227290,227307
227337,227352,227380,227367,227400,227345,227356,227366,227340,227349,227352,227352,227362,227370,227352,227366
227400,227413,227427,227432,227458,227407,227418,227427,227402,227411,227417,227417,227423,227431,227415,227417
227458,227475,227503,227490,227523,227467,227480,227490,227462,227471,227474,227474,227485,227493,227474,227489
227523,227538,227572,227551,227582,227529,227543,227550,227524,227532,227538,227538,227547,227554,227534,227538
227582,227599,227623,227612,227645,227590,227604,227612,227584,227593,227599,227599,227607,227614,227596,227599
227645,227661,227691,227673,227707,227652,227665,227673,227647,227656,227660,227660,227668,227676,227660,227672
227707,227738,227753,,227773,227716,227748,227757,227711,227719,227733,227741,227752,227759,227722,227737
227773,227790,227800,227804,227837,227781,227794,227802,227775,227785,227793,227793,227797,227804,227793,227800
227837,227855,227864,227869,227899,227846,227859,227866,227840,227850,227857,227857,227861,227869,227857,227865
227899,227913,227923,227928,227956,227907,227917,227925,227901,227911,227916,227916,227921,227929,227916,227925
227956,227974,227997,227985,228016,227964,227979,227985,227958,227968,227973,227973,227981,227988,227972,227973
228016,228031,228042,228044,228075,228024,228036,228044,228018,228027,228033,228033,228039,228047,228033,228042
228075,228091,228102,228104,228136,228083,228095,228102,228077,228086,228095,228095,228099,228106,228095,228102
228136,228154,228178,228164,228197,228144,228159,228164,228138,228147,228152,228152,228160,228167,228150,228152
228197,228216,228226,228228,228261,228206,228220,228228,228200,228210,228219,228219,228223,228230,228219,228226
228261,228278,228288,228292,228325,228269,228282,228289,228263,228273,228281,228281,228285,228292,228281,228288
228325,228342,228371,228354,228390,228333,228347,228354,228328,228337,228346,228346,228349,228357,228346,228353
228390,228408,228419,228422,228456,228399,228412,228419,228393,228403,228411,228411,228415,228423,228411,228419
228456,228473,228484,228486,228520,228464,228477,228485,228459,228468,228476,228476,228481,228489,228476,228484
228520,228537,228571,228547,228581,228528,228541,228547,228522,228532,228538,228538,228543,228550,228538,228547
228581,228598,228624,228610,228642,228589,228603,228610,228584,228594,228602,228602,228606,228613,228602,228609
228642,228660,228671,228673,228704,228650,228664,228672,228645,228654,228658,228658,228668,228676,228656,228658
228704,228723,228733,228734,228768,228712,228728,228734,228707,228716,228718,228721,228730,228737,228717,228721
228768,228789,228798,228799,228835,228777,228794,228799,228771,228779,228784,228788,228795,228801,228781,228788
228835,228857,228866,228868,228904,228844,228860,228867,228838,228846,228851,228856,228863,228870,228849,228856
228904,228921,228945,228933,228968,228911,228925,228932,228906,228914,228920,228920,228929,228936,228917,228920
228968,228983,229016,229000,229031,228976,228986,228999,228971,228979,228989,228989,228995,229007,228983,228989
229031,229046,229063,229068,229094,229040,229055,229064,229035,229043,229050,229053,229060,229068,229046,229053
229094,229109,229125,229129,229160,229103,229121,229127,229098,229106,229113,229117,229123,229130,229109,229117
229160,229174,229188,229193,229220,229167,229179,229189,229162,229171,229179,229179,229185,229193,229174,229179
229220,229237,229250,229256,229283,229230,229242,229251,229224,229235,229242,229242,229247,229255,229242,229250
229283,229299,229313,229319,229347,229292,229304,229315,229287,229296,229304,229304,229310,229319,229299,229304
229347,229360,229393,229375,229405,229354,229364,229374,229349,229357,229360,229360,229370,229379,229360,229374
229405,229419,229433,229439,229463,229413,229423,229433,229408,229416,229421,229421,229429,229437,229421,229433
229463,229479,229492,229496,229522,229471,229484,229492,229466,229475,229484,229484,229488,229496,229484,229492
229522,229538,229550,229554,229582,229529,229542,229550,229524,229533,229538,229538,229546,229554,229535,229538
229582,229600,229627,229612,229645,229591,229605,229612,229584,229596,229603,229603,229607,229615,229603,229610
229645,229666,229695,229675,229715,229654,229669,229675,229647,229657,229661,229661,229671,229678,229659,229661
229715,229734,229758,229744,229785,229723,229738,229744,229717,229731,229736,229736,229740,229747,229736,229743
229785,229805,229814,229816,229857,229794,229810,229816,229788,229799,229808,229808,229811,229818,229808,229815
229857,229875,229903,229887,229927,229865,229880,229887,229860,229868,229875,229875,229883,229890,229871,229875
229927,229946,229957,229960,230001,229937,229951,229959,229931,229940,229947,229947,229955,229962,229942,229947
230001,230021,230032,230037,230077,230010,230026,230033,230005,230013,230018,230023,230029,230037,230015,230020
230077,230092,230116,230107,230140,230084,230098,230106,230079,230087,230093,230093,230102,230109,230090,230093
230140,230160,230173,230177,230213,230154,230165,230175,230149,230157,230160,230160,230170,230178,230160,230174
230213,230228,230243,230244,230278,230220,230236,230243,230215,230223,230230,230233,230240,230247,230226,230233
230278,230293,230308,230313,230345,230286,230300,230309,230281,230289,230297,230297,230305,230313,230292,230297
230345,230361,230373,230378,230411,230353,230365,230374,230347,230356,230362,230362,230370,230377,230359,230362
230411,230427,230439,230443,230477,230418,230432,230440,230413,230422,230428,230428,230436,230444,230424,230428
230477,230495,230520,230507,230543,230485,230500,230507,230480,230489,230496,230496,230503,230511,230492,230496
230543,230561,230585,230572,230609,230550,230565,230572,230544,230553,230559,230559,230567,230575,230555,230559
230609,230628,230652,230638,230675,230616,230632,230638,230610,230619,230624,230627,230634,230641,230621,230627
230675,230692,230704,230708,230742,230683,230699,230706,230678,230686,230693,230694,230701,230709,230688,230694
230742,230758,230769,230771,230810,230749,230764,230771,230743,230752,230758,230758,230766,230773,230755,230758
230810,230826,230853,230840,230876,230817,230831,230839,230811,230820,230827,230827,230835,230843,230822,230827
230876,230889,230904,230911,230942,230883,230893,230905,230878,230886,230895,230895,230900,230909,230889,230895
230942,230956,230970,230972,231007,230949,230962,230971,230944,230952,230960,230960,230966,230974,230955,230960
231007,231021,231035,231040,231073,231014,231027,231036,231009,231017,231025,231025,231032,231040,231020,231025
231073,231090,231114,231102,231142,231080,231096,231102,231075,231083,231089,231089,231098,231104,231086,231089
231142,231158,231187,231172,231211,231149,231164,231172,231144,231153,231160,231160,231167,231177,231156,231160
231211,231229,231253,231241,231281,231219,231234,231241,231213,231222,231228,231228,231236,231244,231224,231228
231281,231314,231324,231332,231350,231289,231319,231331,231283,231292,231306,231314,231323,231335,231294,231310
231350,231366,231375,231381,231417,231358,231370,231378,231352,231361,231365,231365,231373,231381,231365,231377
231417,231434,231460,231447,231483,231425,231439,231447,231419,231429,231432,231432,231442,231451,231432,231446
231483,231500,231529,231514,231552,231491,231505,231514,231486,231494,231500,231500,231509,231518,231497,231500
231552,231569,231581,231584,231620,231558,231575,231582,231553,231561,231568,231571,231578,231585,231564,231571
231620,231636,231666,231648,231688,231627,231641,231648,231622,231630,231638,231638,231644,231651,231633,231638
231688,231704,231738,231716,231753,231695,231709,231716,231689,231698,231705,231705,231712,231719,231700,231705
231753,231771,231782,231786,231822,231762,231776,231784,231757,231766,231771,231771,231779,231787,231770,231771
231822,231840,231850,231855,231887,231829,231844,231851,231824,231833,231834,231839,231847,231855,231834,231839
231887,231904,231932,231915,231950,231895,231908,231915,231889,231901,231907,231907,231910,231918,231907,231914
231950,231969,231979,231982,232018,231959,231974,231981,231954,231963,231967,231967,231976,231984,231966,231967
232018,232037,232047,232049,232087,232026,232042,232049,232020,232029,232035,232037,232045,232052,232031,232037
232087,232106,232116,232117,232159,232095,232111,232117,232089,232098,232103,232105,232113,232120,232100,232105
232159,232178,232187,232189,232232,232167,232183,232189,232162,232170,232176,232176,232185,232192,232173,232176
232232,232249,232276,232262,232301,232240,232254,232262,232234,232244,232253,232253,232257,232266,232253,232261
232301,232318,232343,232330,232366,232309,232322,232330,232303,232314,232321,232321,232325,232333,232321,232329
232366,232385,232414,232396,232431,232375,232390,232396,232369,232378,232384,232384,232392,232399,232381,232384
232431,232447,232460,232463,232495,232439,232452,232460,232433,232442,232449,232449,232456,232464,232445,232449
232495,232513,232524,232526,232559,232504,232518,232525,232498,232507,232513,232513,232521,232529,232509,232513
232559,232577,232588,232592,232625,232568,232582,232589,232562,232572,232577,232577,232585,232593,232575,232577
232625,232640,232651,232653,232688,232632,232645,232653,232626,232636,232640,232640,232648,232656,232640,232651
232688,232704,232715,232720,232750,232696,232708,232716,232690,232701,232708,232708,232712,232720,232708,232715
232750,232766,232796,232779,232811,232758,232771,232779,232752,232762,232770,232770,232774,232782,232770,232778
232811,232827,232839,232843,232871,232819,232831,232839,232813,232824,232830,232830,232835,232843,232830,232839
232871,232888,232900,232905,232934,232880,232894,232902,232875,232883,232888,232888,232897,232905,232886,232888
232934,232953,232964,232968,233003,232943,232959,232966,232938,232946,232953,232953,232961,232969,232949,232953
233003,233020,233044,233032,233072,233010,233025,233032,233005,233013,233020,233020,233028,233035,233015,233020
233072,233088,233113,233101,233140,233080,233093,233101,233074,233084,233087,233087,233096,233104,233087,233100
233140,233156,233168,233174,233207,233149,233160,233169,233144,233152,233161,233161,233165,233173,233161,233169
233207,233222,233235,233240,233272,233215,233227,233236,233209,233218,233224,233224,233232,233239,233221,233224
233272,233285,233311,233301,233337,233279,233290,233300,233274,233282,233286,233286,233296,233303,233286,233299
233337,233351,233366,233370,233403,233345,233360,233367,233340,233348,233354,233357,233364,233371,233350,233357
233403,233418,233432,233436,233466,233410,233425,233433,233405,233413,233421,233422,233429,233436,233416,233422
233466,233482,233513,233497,233533,233476,233488,233497,233470,233479,233482,233482,233492,233501,233482,233496
233533,233546,233560,233566,233595,233540,233552,233561,233535,233543,233550,233550,233557,233565,233546,233550
233595,233610,233636,233625,233650,233603,233614,233624,233598,233607,233611,233611,233619,233627,233611,233624
233650,233669,233683,233686,233716,233663,233674,233685,233659,233666,233675,233675,233681,233687,233669,233675
233716,233729,233745,233749,233777,233723,233737,233746,233718,233726,233734,233734,233742,233749,233729,233734
233777,233792,233820,233808,233841,233785,233802,233808,233779,233788,233794,233798,233804,233811,233791,233798
233841,233854,233884,233871,233898,233847,233860,233870,233842,233850,233856,233856,233865,233874,233853,233856
233898,233914,233943,233930,233958,233906,233921,233929,233901,233910,233917,233917,233925,233933,233912,233917
233958,233973,234002,233990,234017,233966,233979,233989,233961,233970,233978,233978,233985,233992,233973,233978
234017,234032,234047,234054,234076,234026,234039,234049,234021,234030,234036,234036,234044,234052,234033,234036
234076,234092,234142,234153,234207,234146,234158,234149,234080,234089,234102,234109,234141,234149,234098,234105
234207,234220,234255,234237,234278,234214,234227,234237,234209,234217,234225,234225,234231,234240,234220,234225
234278,234292,234324,234330,234349,234286,234299,234310,234281,234289,234297,234297,234304,234313,234292,234297
234349,234363,234398,234379,234414,234356,234366,234378,234352,234360,234368,234368,234374,234381,234363,234368
234414,234430,234460,234445,234466,234424,234433,234444,234419,234427,234431,234431,234438,234448,234431,234443
234466,234494,234506,234513,234545,234488,234499,234509,234484,234492,234496,234496,234504,234513,234496,234508
234545,234558,234571,234578,234608,234552,234563,234573,234547,234555,234562,234562,234569,234578,234558,234562
234608,234622,234636,234642,234668,234615,234626,234637,234610,234619,234623,234623,234632,234641,234623,234636
234668,234684,234697,234703,234728,234677,234689,234698,234672,234681,234686,234686,234694,234702,234684,234686
234728,234743,234757,234762,234781,234737,234748,234758,234732,234741,234746,234746,234754,234761,234744,234746
234781,234805,234819,234821,234854,234798,234813,234821,234794,234801,234809,234809,234817,234824,234804,234809
234854,234870,234883,234887,234921,234862,234878,234885,234857,234864,234870,234874,234881,234888,234867,234874
234921,234937,234966,234972,234995,234930,234944,234952,234925,234932,234939,234940,234947,234955,234935,234940
234995,235009,235023,235028,235067,235001,235016,235024,234996,235004,235010,235013,235020,235027,235007,235013
235067,235081,235110,235116,235136,235074,235086,235095,235069,235077,235084,235084,235091,235099,235080,235084
235136,235150,235179,235185,235203,235143,235156,235166,235138,235146,235154,235154,235161,235169,235149,235154
235203,235216,235244,235233,235269,235210,235220,235232,235205,235213,235224,235224,235227,235235,235217,235224
235269,235283,235297,235301,235335,235276,235290,235298,235271,235279,235287,235287,235294,235301,235282,235287
235335,235349,235363,235368,235401,235342,235356,235364,235337,235345,235353,235353,235360,235367,235348,235353
235401,235416,235429,235433,235469,235409,235421,235430,235404,235412,235420,235420,235426,235433,235415,235420
235469,235487,235497,235500,235537,235476,235491,235498,235471,235479,235486,235486,235494,235501,235482,235486
235537,235553,235580,235566,235605,235544,235557,235566,235539,235548,235556,235556,235561,235569,235556,235564
235605,235621,235650,235635,235671,235612,235627,235635,235606,235615,235621,235621,235630,235638,235618,235621
235671,235687,235714,235701,235736,235679,235693,235701,235673,235682,235688,235688,235696,235704,235685,235688
235736,235753,235779,235766,235799,235743,235758,235766,235738,235747,235752,235752,235761,235769,235749,235752
235799,235816,235827,235832,235864,235807,235820,235828,235801,235810,235815,235815,235824,235832,235813,235815
235864,235880,235904,235892,235927,235871,235885,235892,235865,235874,235879,235879,235887,235894,235876,235879
235927,235943,235968,235955,235991,235934,235948,235955,235929,235938,235944,235944,235951,235959,235941,235944
235991,236010,236032,236020,236059,235999,236014,236020,235993,236002,236007,236007,236016,236023,236004,236007
236059,236076,236086,236090,236126,236067,236080,236088,236061,236070,236079,236079,236083,236091,236079,236087
236126,236145,236154,236157,236194,236134,236149,236155,236129,236138,236148,236148,236151,236158,236148,236155
236194,236214,236223,236224,236264,236203,236218,236224,236197,236206,236211,236211,236220,236227,236209,236211
236264,236283,236304,236293,236333,236271,236287,236293,236266,236274,236278,236281,236289,236296,236276,236281
236333,236353,236377,236363,236402,236341,236357,236363,236335,236344,236350,236350,236359,236367,236346,236350
236402,236422,236445,236432,236472,236410,236426,236432,236405,236414,236420,236420,236428,236435,236416,236420
236472,236490,236500,236504,236540,236480,236495,236502,236474,236483,236489,236489,236497,236505,236486,236489
236540,236557,236584,236570,236605,236548,236562,236570,236542,236552,236561,236561,236565,236573,236561,236568
236605,236622,236650,236635,236670,236613,236627,236635,236608,236618,236625,236625,236630,236638,236625,236633
236670,236686,236697,236699,236732,236678,236691,236699,236672,236681,236690,236690,236694,236702,236690,236698
236732,236750,236775,236762,236796,236740,236755,236762,236735,236744,236748,236748,236757,236765,236747,236748
236796,236814,236825,236826,236861,236804,236819,236826,236798,236808,236812,236812,236821,236829,236810,236812
236861,236879,236889,236891,236929,236869,236884,236891,236864,236873,236882,236882,236886,236893,236882,236890
236929,236946,236977,236958,236997,236937,236951,236958,236931,236941,236949,236949,236954,236961,236949,236957
236997,237015,237025,237028,237066,237005,237020,237027,237000,237010,237018,237018,237022,237030,237018,237026
237066,237082,237115,237094,237130,237074,237087,237094,237068,237078,237083,237083,237089,237097,237083,237093
237130,237148,237159,237161,237196,237140,237152,237160,237134,237144,237151,237151,237156,237163,237151,237159
237196,237213,237240,237225,237258,237204,237218,237225,237198,237208,237216,237216,237221,237228,237216,237224
237258,237276,237304,237289,237323,237267,237282,237289,237261,237270,237275,237275,237284,237292,237273,237275
237323,237341,237352,237353,237389,237331,237346,237353,237326,237335,237340,237340,237349,237356,237338,237340
237389,237407,237418,237420,237457,237398,237412,237419,237392,237401,237406,237406,237415,237423,237404,237406
237457,237475,237485,237487,237523,237466,237479,237487,237459,237470,237478,237478,237482,237489,237478,237486
237523,237540,237567,237554,237588,237532,237545,237553,237526,237536,237543,237543,237549,237556,237543,237552
237588,237605,237616,237618,237652,237596,237610,237618,237591,237601,237609,237609,237613,237621,237609,237616
237652,237669,237681,237682,237715,237660,237675,237682,237654,237663,237670,237670,237678,237685,237666,237670
237715,237734,237745,237747,237782,237725,237740,237747,237719,237728,237734,237734,237743,237750,237731,237734
237782,237800,237811,237812,237849,237790,237805,237812,237784,237794,237804,237804,237808,237816,237804,237811
237849,237867,237878,237880,237915,237857,237872,237880,237852,237861,237867,237867,237875,237883,237864,237867
237915,237931,237942,237945,237978,237923,237935,237943,237917,237927,237933,237933,237939,237947,237933,237943
237978,237996,238008,238010,238043,237987,238001,238009,237981,237991,237995,237995,238005,238013,237994,237995
238043,238060,238072,238074,238108,238052,238065,238073,238046,238056,238065,238065,238069,238077,238065,238073
238108,238126,238136,238138,238174,238116,238131,238138,238111,238120,238124,238124,238134,238140,238122,238124
238174,238190,238218,238204,238238,238182,238195,238204,238177,238186,238193,238193,238199,238207,238193,238203
238238,238254,238265,238269,238300,238246,238258,238266,238241,238251,238256,238256,238262,238270,238256,238266
238300,238317,238328,238330,238363,238309,238321,238329,238303,238313,238319,238319,238325,238333,238319,238329
238363,238379,238391,238393,238424,238370,238383,238392,238365,238374,238383,238383,238388,238395,238383,238391
238424,238441,238468,238454,238485,238432,238446,238454,238426,238435,238442,238442,238449,238457,238438,238442
238485,238502,238530,238516,238547,238493,238506,238515,238487,238497,238507,238507,238510,238519,238507,238514
238547,238564,238575,238578,238611,238555,238568,238576,238550,238559,238563,238563,238572,238579,238562,238563
238611,238627,238654,238640,238673,238619,238631,238639,238613,238623,238630,238630,238635,238643,238630,238638
238673,238687,238714,238702,238733,238680,238692,238701,238674,238683,238692,238692,238696,238704,238692,238700
238733,238749,238761,238765,238793,238740,238753,238761,238735,238744,238753,238753,238757,238765,238753,238761
238793,238809,238821,238824,238853,238800,238814,238822,238794,238803,238809,238809,238817,238825,238806,238809
238853,238872,238882,238883,238916,238861,238876,238882,238855,238864,238867,238871,238879,238886,238866,238871
238916,238935,238945,238947,238980,238924,238940,238947,238918,238927,238933,238935,238943,238949,238929,238935
238980,238997,239022,239009,239040,238988,239002,239009,238982,238991,238998,238998,239005,239013,238994,238998
239040,239057,239069,239071,239099,239048,239062,239070,239043,239051,239057,239057,239066,239074,239054,239057
239099,239116,239129,239130,239160,239107,239121,239129,239102,239111,239118,239118,239126,239133,239113,239118
239160,239176,239190,239197,239221,239168,239183,239192,239163,239171,239178,239179,239187,239196,239174,239179
239221,239236,239251,239256,239282,239229,239244,239252,239224,239232,239241,239241,239248,239256,239236,239241
239282,239298,239313,239318,239345,239291,239305,239314,239286,239294,239301,239301,239309,239319,239297,239301
239345,239360,239374,239379,239406,239353,239365,239375,239347,239356,239360,239360,239370,239379,239360,239374
239406,239420,239450,239437,239465,239414,239424,239436,239409,239418,239421,239421,239431,239441,239421,239437
239465,239479,239507,239495,239523,239473,239483,239494,239468,239477,239480,239480,239489,239498,239480,239494
239523,239537,239554,239556,239580,239531,239547,239555,239526,239534,239542,239545,239551,239559,239538,239545
239580,239597,239611,239614,239640,239590,239602,239612,239585,239593,239602,239602,239608,239615,239596,239602
239640,239657,239670,239672,239698,239649,239662,239670,239644,239653,239660,239660,239666,239674,239656,239660
239698,239715,239728,239734,239761,239708,239720,239730,239703,239711,239718,239718,239725,239733,239714,239718
239761,239776,239809,239789,239818,239768,239779,239788,239763,239772,239777,239777,239783,239793,239777,239788
239818,239836,239867,239848,239877,239827,239839,239847,239822,239832,239838,239838,239843,239857,239838,239846
239877,239895,239906,239909,239937,239886,239899,239907,239880,239890,239899,239899,239903,239911,239899,239907
239937,239956,239967,239968,240000,239945,239960,239967,239940,239949,239954,239954,239964,239971,239951,239954
240000,240019,240046,240030,240065,240008,240023,240030,240002,240012,240015,240015,240025,240033,240014,240015
240065,240084,240094,240096,240135,240074,240088,240095,240068,240078,240082,240082,240091,240098,240080,240082
240135,240154,240165,240167,240206,240145,240160,240167,240139,240149,240158,240158,240162,240170,240158,240166
240206,240223,240235,240238,240274,240215,240228,240236,240209,240219,240227,240227,240232,240240,240227,240235
240274,240291,240303,240305,240341,240283,240297,240305,240277,240286,240293,240293,240300,240308,240289,240293
240341,240358,240369,240371,240406,240349,240364,240371,240343,240352,240357,240357,240366,240374,240355,240357
240406,240424,240435,240437,240472,240415,240430,240437,240409,240418,240425,240425,240433,240440,240421,240425
240472,240489,240501,240503,240539,240481,240494,240502,240475,240484,240494,240494,240498,240506,240494,240502
240539,240556,240568,240570,240604,240547,240561,240568,240541,240551,240556,240556,240564,240572,240554,240556
240604,240620,240632,240635,240668,240612,240625,240634,240607,240616,240624,240624,240629,240638,240624,240633
240668,240686,240697,240699,240731,240676,240691,240698,240670,240679,240685,240685,240694,240701,240682,240685
240731,240749,240774,,240795,240740,240758,240766,240735,240744,240749,240752,240762,240766,240746,240752
240795,240814,240825,240827,240862,240804,240820,240826,240798,240807,240812,240815,240823,240830,240809,240815
240862,240882,240893,240895,240930,240871,240887,240894,240865,240874,240878,240881,240890,240897,240876,240881
240930,240950,240960,240962,240999,240939,240955,240962,240934,240943,240949,240949,240958,240965,240945,240949
240999,241016,241027,241029,241064,241007,241022,241029,241001,241011,241020,241020,241024,241032,241020,241028
241064,241083,241094,241096,241129,241073,241088,241095,241067,241076,241082,241082,241091,241099,241079,241082
241129,241148,241159,241161,241195,241138,241153,241160,241132,241142,241146,241146,241156,241163,241144,241146
241195,241214,241225,241226,241263,241204,241219,241226,241198,241208,241212,241212,241222,241229,241210,241212
241263,241280,241291,241293,241329,241271,241286,241293,241266,241275,241284,241284,241288,241296,241284,241292
241329,241346,241357,241361,241393,241338,241350,241358,241332,241342,241349,241349,241354,241362,241349,241358
241393,241411,241422,241424,241457,241402,241415,241423,241396,241406,241415,241415,241419,241427,241415,241423
241457,241475,241486,241487,241520,241465,241480,241487,241459,241469,241478,241478,241482,241490,241478,241486
241520,241538,241549,241550,241583,241528,241544,241550,241522,241532,241536,241536,241546,241553,241534,241536
241583,241602,241612,241614,241648,241592,241607,241614,241587,241597,241605,241605,241609,241617,241605,241613
241648,241664,241691,241677,241710,241656,241668,241676,241650,241661,241667,241667,241672,241680,241667,241676
241710,241728,241739,241742,241773,241719,241732,241740,241713,241724,241731,241731,241736,241744,241731,241739
241773,241790,241801,241802,241833,241781,241794,241801,241775,241786,241793,241793,241797,241805,241793,241801
241833,241851,241862,241864,241897,241842,241856,241863,241836,241846,241855,241855,241859,241867,241855,241863
241897,241916,241927,241929,241964,241906,241920,241928,241900,241911,241920,241920,241924,241931,241920,241927
241964,241983,241993,241995,242030,241973,241987,241994,241967,241977,241986,241986,241990,241998,241986,241994
242030,242048,242059,242061,242097,242040,242052,242060,242034,242044,242051,242051,242056,242065,242051,242060
242097,242114,242126,242127,242161,242106,242119,242126,242100,242110,242118,242118,242122,242130,242118,242126
242161,242179,242191,242193,242225,242170,242184,242192,242164,242174,242177,242177,242188,242195,242176,242177
242225,242243,242254,242256,242289,242233,242249,242256,242227,242237,242242,242242,242251,242259,242240,242242
242289,242308,242319,242320,242354,242298,242313,242320,242292,242302,242306,242306,242316,242323,242304,242306
242354,242372,242384,242386,242420,242363,242377,242385,242357,242367,242371,242371,242381,242388,242370,242371
242420,242437,242448,242450,242484,242428,242442,242450,242422,242432,242437,242437,242445,242453,242436,242437
242484,242500,242528,242513,242544,242492,242505,242513,242486,242496,242503,242503,242508,242516,242503,242512
242544,242561,242573,242576,242605,242553,242565,242574,242547,242557,242565,242565,242569,242577,242565,242573
242605,242621,242633,242636,242664,242613,242626,242634,242607,242617,242625,242625,242630,242638,242625,242633
242664,242682,242693,242695,242727,242673,242686,242694,242667,242678,242686,242686,242690,242698,242686,242693
242727,242745,242756,242757,242795,242736,242750,242756,242730,242741,242749,242749,242753,242760,242749,242756
242795,242815,242824,242826,242869,242804,242820,242826,242798,242808,242811,242812,242822,242829,242809,242812
242869,242888,242898,242900,242941,242878,242892,242899,242872,242883,242891,242891,242895,242903,242891,242899
242941,242959,242970,242974,243012,242951,242964,242972,242945,242955,242963,242963,242967,242975,242963,242971
243012,243030,243042,243045,243081,243021,243035,243043,243015,243024,243029,243029,243039,243046,243026,243029
243081,243098,243110,243112,243149,243089,243103,243111,243083,243093,243098,243098,243107,243115,243096,243098
243149,243167,243193,243180,243215,243157,243173,243180,243151,243160,243167,243167,243175,243182,243163,243167
243215,243233,243245,243247,243281,243224,243238,243246,243219,243228,243235,243235,243242,243250,243232,243235
243281,243297,243309,243314,243343,243289,243302,243310,243284,243294,243302,243302,243306,243314,243302,243310
243343,243360,243372,243376,243405,243352,243364,243373,243347,243356,243364,243364,243369,243377,243364,243373
243405,243420,243433,243439,243463,243413,243425,243434,243407,243418,243425,243425,243429,243438,243425,243433
243463,243480,243492,243497,243524,243472,243484,243493,243466,243477,243485,243485,243489,243496,243485,243492
243524,243539,243552,243558,243588,243532,243543,243553,243527,243536,243541,243541,243548,243558,243541,243553
243588,243604,243615,243620,243656,243596,243609,243617,243590,243599,243605,243605,243612,243620,243602,243605
243656,243671,243703,243685,243726,243664,243676,243685,243658,243667,243671,243671,243680,243689,243671,243684
243726,243742,243754,243759,243796,243735,243746,243755,243729,243738,243741,243741,243751,243759,243741,243755
243796,243809,243840,243824,243860,243802,243815,243823,243797,243805,243813,243813,243819,243827,243808,243813
243860,243874,243905,243891,243923,243867,243881,243890,243862,243870,243877,243877,243885,243894,243873,243877
243923,243937,243952,243955,243987,243931,243944,243953,243926,243934,243941,243941,243949,243956,243937,243941
243987,244002,244029,244016,244052,243995,244006,244015,243990,243998,244006,244006,244012,244019,244001,244006
244052,244065,244095,244080,244113,244059,244069,244079,244054,244062,244066,244066,244075,244084,244066,244080
244113,244127,244141,244146,244174,244120,244133,244141,244115,244124,244128,244128,244137,244145,244127,244128
244174,244189,244201,244205,244234,244181,244194,244202,244176,244184,244189,244189,244198,244205,244187,244189
244234,244249,244276,244263,244298,244241,244254,244262,244236,244245,244251,244251,244259,244266,244248,244251
244298,244314,244338,244326,244361,244305,244318,244325,244299,244312,244317,244317,244321,244328,244317,244324
244361,244380,244389,244393,244430,244370,244384,244391,244364,244375,244382,244382,244386,244394,244382,244390
244430,244446,244458,244464,244500,244439,244451,244460,244433,244443,244451,244451,244455,244464,244451,244459
244500,244517,244528,244533,244568,244508,244522,244530,244503,244512,244517,244517,244525,244533,244515,244517
244568,244582,244595,244600,244630,244575,244587,244596,244570,244578,244586,244586,244592,244600,244582,244586
244630,244647,244660,244662,244696,244639,244654,244662,244634,244643,244650,244650,244657,244665,244646,244650
244696,244713,244725,244726,244759,244703,244719,244726,244698,244706,244713,244713,244721,244729,244709,244713
244759,244775,244787,244791,244821,244767,244780,244788,244762,244771,244780,244780,244784,244791,244780,244787
244821,244837,244863,244850,244881,244829,244841,244849,244823,244833,244841,244841,244845,244852,244841,244848
244881,244898,244910,244911,244943,244890,244903,244910,244885,244894,244903,244903,244907,244914,244903,244910
244943,244960,244971,244973,245005,244951,244964,244972,244946,244955,244964,244964,244968,244975,244964,244972
245005,245023,245034,245036,245072,245014,245027,245035,245008,245018,245027,245027,245031,245039,245027,245034
245072,245088,245099,245101,245143,245080,245092,245100,245074,245084,245091,245091,245096,245104,245091,245100
245143,245161,245172,245174,245217,245151,245167,245174,245146,245155,245161,245161,245170,245177,245158,245161
245217,245235,245247,245251,245292,245227,245240,245248,245221,245231,245240,245240,245244,245252,245240,245248
245292,245310,245321,245323,245364,245300,245315,245322,245295,245304,245311,245311,245319,245326,245306,245311
245364,245382,245394,245399,245434,245373,245388,245396,245367,245376,245383,245383,245391,245399,245379,245383
245434,245448,245463,245466,245497,245441,245456,245464,245436,245444,245453,245453,245460,245467,245447,245453
245497,245512,245526,245530,245557,245505,245517,245526,245500,245508,245516,245516,245522,245530,245511,245516
245557,245573,245599,245587,245617,245565,245577,245586,245560,245570,245576,245576,245581,245590,245576,245585
245617,245633,245645,245649,245676,245625,245637,245646,245619,245628,245634,245634,245642,245650,245631,245634
245676,245692,245718,245705,245734,245684,245697,245705,245678,245688,245695,245695,245700,245709,245695,245704
245734,245752,245763,245765,245795,245743,245758,245765,245738,245747,245753,245753,245760,245768,245749,245753
245795,245812,245839,245824,245859,245803,245817,245824,245798,245808,245815,245815,245819,245827,245815,245823
245859,245877,245887,245889,245926,245868,245882,245889,245862,245871,245880,245880,245884,245892,245880,245888
245926,245944,245955,245958,245993,245935,245948,245956,245929,245939,245948,245948,245952,245960,245948,245956
245993,246011,246022,246024,246061,246002,246016,246024,245997,246006,246014,246014,246019,246027,246014,246023
246061,246079,246090,246093,246127,246069,246084,246092,246063,246073,246078,246078,246087,246096,246076,246078
246127,246145,246172,246157,246193,246135,246150,246157,246130,246139,246143,246143,246153,246161,246142,246143
246193,246212,246222,246224,246260,246201,246217,246224,246196,246205,246210,246210,246219,246226,246207,246210
246260,246278,246288,246290,246328,246269,246283,246290,246263,246274,246281,246281,246285,246293,246281,246289
246328,246346,246370,246358,246395,246336,246351,246358,246330,246340,246349,246349,246353,246360,246349,246356
246395,246413,246423,246424,246462,246403,246418,246424,246397,246411,246416,246416,246420,246427,246416,246423
246462,246482,246511,246492,246534,246471,246486,246492,246465,246479,246484,246484,246488,246494,246484,246491
246534,246553,246563,246565,246609,246542,246558,246565,246537,246546,246550,246550,246560,246568,246548,246550
246609,246628,246639,246641,246688,246618,246634,246641,246612,246622,246627,246627,246636,246644,246624,246627
246688,246705,246717,246720,246763,246696,246711,246719,246691,246699,246707,246707,246714,246722,246702,246707
246763,246779,246806,246793,246833,246771,246785,246793,246765,246774,246782,246782,246788,246796,246777,246782
246833,246850,246862,246864,246900,246841,246856,246863,246835,246844,246852,246852,246859,246866,246847,246852
246900,246917,246929,246934,246964,246908,246923,246931,246903,246911,246918,246918,246926,246934,246914,246918
246964,246980,246992,246997,247026,246972,246985,246994,246966,246975,246982,246982,246989,246997,246978,246982
247026,247042,247070,247055,247087,247034,247047,247055,247028,247037,247043,247043,247050,247058,247041,247043
247087,247104,247129,247116,247148,247095,247109,247116,247090,247099,247108,247108,247112,247119,247108,247115
247148,247165,247176,247177,247209,247156,247170,247177,247150,247159,247169,247169,247173,247180,247169,247176
247209,247228,247255,247238,247274,247218,247232,247238,247212,247222,247229,247229,247234,247242,247229,247237
247274,247293,247303,247304,247349,247283,247298,247304,247277,247290,247296,247296,247300,247307,247296,247303
247349,247369,247378,247381,247434,247358,247373,247380,247352,247362,247366,247366,247375,247383,247364,247366
247434,247455,247464,247466,247516,247443,247459,247466,247438,247446,247452,247453,247461,247468,247449,247453
247516,247535,247545,247549,247591,247524,247540,247547,247518,247527,247534,247534,247542,247549,247530,247534
247591,247610,247621,247625,247663,247599,247616,247623,247594,247602,247608,247611,247618,247626,247605,247611
247663,247679,247691,247694,247728,247670,247685,247692,247665,247673,247681,247681,247688,247695,247676,247681
247728,247744,247757,247760,247791,247736,247750,247758,247731,247739,247747,247747,247754,247761,247742,247747
247791,247807,247819,247823,247852,247799,247812,247820,247793,247802,247808,247808,247815,247823,247806,247808
247852,247868,247880,247884,247912,247860,247874,247882,247854,247864,247873,247873,247877,247885,247873,247880
247912,247929,247939,247942,247971,247920,247934,247940,247914,247923,247928,247928,247936,247944,247926,247928
247971,247989,248014,248000,248031,247979,247994,248000,247973,247984,247992,247992,247996,248003,247992,247999
248031,248050,248075,248060,248095,248040,248054,248060,248034,248045,248052,248052,248056,248064,248052,248059
248095,248113,248123,248125,248165,248103,248118,248125,248097,248107,248116,248116,248120,248127,248116,248123
248165,248184,248193,248195,248238,248173,248188,248195,248167,248176,248182,248182,248190,248197,248179,248182
248238,248256,248266,248270,248309,248246,248261,248268,248240,248249,248255,248255,248264,248271,248251,248255
248309,248324,248337,248339,248379,248316,248332,248339,248311,248319,248327,248327,248334,248341,248322,248327
248379,248395,248421,248408,248446,248386,248399,248407,248380,248389,248395,248395,248403,248411,248392,248395
248446,248461,248475,248479,248510,248453,248468,248476,248448,248456,248464,248464,248472,248480,248459,248464
248510,248525,248540,248545,248575,248518,248532,248541,248513,248521,248529,248529,248537,248545,248524,248529
248575,248591,248604,248609,248638,248583,248596,248605,248577,248586,248592,248592,248600,248609,248589,248592
248638,248655,248667,248671,248701,248646,248660,248668,248640,248649,248655,248655,248664,248672,248651,248655
248701,248720,248731,248734,248765,248709,248725,248732,248703,248712,248719,248720,248728,248735,248714,248720
248765,248781,248794,248797,248831,248772,248788,248796,248767,248776,248783,248783,248791,248798,248778,248783
248831,248849,248877,248861,248903,248839,248855,248861,248833,248842,248849,248849,248857,248865,248845,248849
248903,248920,248932,248933,248979,248910,248927,248933,248905,248913,248920,248922,248929,248936,248916,248922
248979,248998,249010,249012,249055,248987,249005,249012,248982,248990,248998,249000,249008,249016,248993,249000
249055,249077,249086,249089,249126,249062,249081,249087,249057,249065,249071,249076,249083,249090,249068,249076
249126,249144,249156,249158,249195,249134,249151,249158,249129,249137,249144,249147,249153,249160,249140,249147
249195,249209,249224,249227,249261,249202,249219,249227,249197,249205,249213,249216,249222,249229,249208,249216
249261,249276,249289,249294,249327,249269,249280,249290,249264,249272,249281,249281,249286,249294,249276,249281
249327,249340,249372,249356,249387,249334,249344,249355,249329,249337,249340,249340,249350,249359,249340,249354
249387,249403,249417,249421,249451,249396,249409,249418,249391,249399,249406,249406,249413,249421,249402,249406
249451,249465,249479,249485,249510,249458,249471,249480,249453,249461,249467,249467,249476,249484,249464,249467
249510,249528,249540,249544,249575,249519,249534,249541,249514,249522,249528,249530,249537,249544,249524,249530
249575,249590,249604,249608,249643,249582,249597,249605,249577,249585,249591,249594,249601,249608,249588,249594
249643,249661,249716,249725,249786,249650,249666,249674,249645,249653,249658,249660,249715,249722,249655,249660
249786,249805,249816,249818,249860,249795,249810,249817,249789,249797,249803,249806,249813,249820,249800,249806
249860,249881,249902,249890,249931,249868,249884,249890,249862,249871,249876,249879,249886,249893,249873,249879
249931,249952,249962,249963,250004,249940,249957,249963,249935,249943,249949,249952,249959,249966,249946,249952
250004,250023,250033,250036,250074,250012,250028,250035,250007,250015,250022,250023,250031,250037,250018,250023
250074,250091,250115,250102,250139,250081,250096,250102,250076,250084,250090,250090,250098,250105,250087,250090
250139,250158,250169,250170,250203,250147,250164,250170,250141,250150,250156,250158,250166,250173,250153,250158
250203,250219,250245,250233,250263,250211,250223,250232,250205,250214,250223,250223,250227,250235,250223,250231
250263,250279,250303,250292,250323,250271,250284,250291,250265,250274,250280,250280,250288,250295,250277,250280
250323,250340,250352,250353,250383,250331,250345,250352,250325,250334,250340,250340,250348,250356,250337,250340
250383,250399,250431,250412,250441,250390,250404,250411,250384,250393,250399,250399,250407,250415,250395,250399
250441,250457,250483,250471,250501,250449,250461,250470,250444,250453,250460,250460,250466,250474,250456,250460
250501,250518,250542,250531,250563,250509,250524,250531,250503,250513,250518,250518,250526,250533,250516,250518
250563,250582,250592,250594,250628,250571,250587,250594,250566,250575,250580,250580,250589,250597,250577,250580
250628,250647,250657,250659,250697,250637,250652,250659,250630,250643,250650,250650,250654,250662,250650,250657
250697,250718,250746,250727,250770,250705,250722,250727,250700,250709,250714,250714,250723,250730,250711,250714
250770,250790,250800,250801,250842,250778,250795,250801,250773,250781,250786,250789,250797,250804,250784,250789
250842,250863,250872,250875,250913,250852,250867,250874,250846,250855,250860,250860,250870,250878,250857,250860
250913,250931,250958,250942,250979,250922,250934,250942,250915,250926,250932,250932,250937,250946,250932,250941
250979,250996,251022,251009,251041,250987,251001,251009,250982,250991,250995,250995,251004,251012,250994,250995
251041,251059,251070,251072,251102,251050,251064,251072,251044,251054,251063,251063,251067,251075,251063,251070
251102,251120,251131,251133,251164,251111,251125,251132,251105,251115,251124,251124,251128,251135,251124,251131
251164,251182,251209,251194,251226,251173,251187,251194,251167,251176,251181,251181,251190,251197,251179,251181
251226,251244,251255,251257,251289,251234,251248,251256,251229,251239,251248,251248,251252,251259,251248,251255
251289,251307,251318,251320,251354,251298,251312,251319,251293,251302,251311,251311,251315,251322,251311,251318
251354,251372,251395,251384,251419,251362,251376,251383,251357,251367,251375,251375,251379,251386,251375,251383
251419,251437,251448,251450,251485,251428,251441,251449,251422,251431,251436,251436,251445,251452,251435,251436
251485,251503,251515,251516,251552,251494,251508,251515,251488,251498,251507,251507,251512,251519,251507,251515
251552,251570,251581,251583,251620,251561,251575,251582,251555,251564,251570,251570,251579,251586,251567,251570
251620,251638,251649,251651,251688,251629,251643,251650,251623,251632,251637,251637,251647,251653,251634,251637
251688,251706,251717,251719,251755,251696,251711,251718,251691,251700,251706,251706,251715,251722,251702,251706
251755,251773,251785,251788,251823,251764,251779,251787,251758,251767,251774,251774,251783,251790,251770,251774
251823,251840,251866,251853,251887,251831,251846,251853,251825,251834,251841,251841,251849,251856,251837,251841
251887,251905,251915,251918,251952,251896,251909,251917,251890,251900,251907,251907,251912,251920,251907,251916
251952,251969,251979,251985,252012,251959,251972,251979,251953,251962,251971,251971,251975,251983,251971,251979
252012,252029,252040,252042,252074,252020,252034,252041,252014,252024,252033,252033,252037,252044,252033,252040
252074,252092,252116,252103,252136,252082,252097,252103,252076,252085,252090,252090,252099,252106,252087,252090
252136,252153,252180,252165,252198,252144,252158,252165,252138,252149,252157,252157,252161,252168,252157,252164
252198,252216,252240,252228,252265,252207,252221,252228,252201,252211,252219,252219,252224,252231,252219,252227
252265,252282,252312,252295,252331,252273,252287,252295,252268,252277,252285,252285,252290,252298,252285,252293
252331,252346,252358,252364,252395,252339,252350,252359,252334,252344,252349,252349,252354,252363,252349,252358
252395,252411,252434,252422,252454,252403,252415,252422,252397,252407,252413,252413,252417,252425,252413,252421
252454,252472,252482,252484,252516,252462,252477,252484,252457,252465,252471,252471,252479,252487,252468,252471
252516,252533,252544,252546,252577,252523,252538,252545,252518,252526,252532,252534,252541,252548,252528,252534
252577,252590,252620,252607,252638,252584,252596,252606,252579,252587,252595,252595,252602,252610,252590,252595
252638,252652,252667,252671,252697,252644,252659,252668,252639,252647,252654,252656,252663,252671,252650,252656
252697,252715,252727,252731,252761,252705,252720,252727,252700,252708,252714,252717,252724,252731,252710,252717
252761,252777,252790,252793,252825,252768,252784,252792,252763,252771,252777,252780,252788,252795,252773,252780
252825,252840,252855,252860,252892,252833,252849,252857,252828,252836,252842,252846,252853,252860,252839,252846
252892,252911,252923,252925,252961,252900,252917,252924,252895,252903,252909,252914,252920,252927,252906,252911
252961,252978,252991,252993,253029,252969,252986,252993,252964,252972,252978,252981,252988,252996,252975,252981
253029,253046,253062,253068,253100,253038,253056,253064,253033,253041,253048,253052,253060,253068,253044,253052
253100,253114,253130,253132,253165,253107,253124,253131,253102,253110,253116,253121,253127,253134,253112,253118
253165,253187,253198,253203,253236,253174,253192,253199,253170,253177,253183,253188,253195,253203,253180,253188
253236,253249,253266,253270,253301,253242,253259,253267,253238,253245,253252,253256,253263,253270,253248,253256
253301,253315,253332,253336,253366,253308,253326,253334,253303,253311,253318,253323,253330,253337,253314,253320
253366,253382,253397,253399,253430,253373,253390,253398,253367,253375,253382,253387,253394,253402,253378,253384
253430,253444,253462,253468,253497,253437,253455,253464,253432,253440,253447,253452,253459,253468,253443,253452
253497,253510,253529,253532,253560,253504,253522,253531,253499,253506,253513,253519,253526,253534,253510,253516
253560,253574,253594,253600,253621,253568,253577,253596,253563,253572,253579,253584,253591,253599,253575,253581
253621,253637,253692,253700,253751,253632,253641,253695,253627,253635,253643,253682,253690,253698,253639,253669
253751,253764,253784,253772,253816,253758,253766,253772,253753,253761,253764,253764,253768,253774,253764,253771
253816,253838,253849,253852,253884,253824,253843,253851,253819,253826,253833,253839,253846,253854,253829,253836
253884,253905,253916,253918,253949,253891,253910,253917,253886,253894,253900,253906,253913,253921,253897,253903
253949,253969,253981,253983,254011,253956,253974,253982,253951,253959,253965,253970,253978,253986,253962,253970
254011,254031,254042,254045,254073,254018,254036,254044,254013,254021,254027,254032,254039,254046,254024,254032
254073,254091,254104,254106,254135,254080,254097,254105,254075,254083,254089,254092,254101,254109,254086,254092
254135,254154,254166,254169,254198,254142,254160,254168,254137,254145,254151,254156,254164,254171,254148,254156
254198,254218,254229,254231,254260,254205,254223,254230,254200,254208,254214,254219,254226,254235,254211,254216
254260,254278,254292,254296,254325,254268,254286,254295,254262,254271,254277,254281,254290,254299,254274,254281
254325,254347,254358,254361,254394,254332,254352,254360,254326,254335,254341,254347,254355,254362,254338,254344
254394,254416,254427,254430,254466,254402,254421,254429,254397,254405,254411,254416,254425,254433,254408,254413
254466,254488,254499,254501,254536,254474,254492,254500,254468,254477,254483,254488,254496,254504,254480,254485
254536,254556,254568,254571,254604,254543,254561,254570,254538,254546,254552,254556,254565,254573,254549,254556
254604,254627,254638,254640,254675,254612,254632,254639,254606,254615,254621,254626,254635,254644,254617,254626
254675,254698,254709,254711,254746,254683,254702,254710,254677,254686,254692,254698,254706,254714,254689,254695
254746,254768,254779,254782,254816,254753,254773,254781,254748,254756,254762,254768,254776,254784,254759,254765
254816,254838,254849,254852,254886,254823,254843,254851,254818,254826,254833,254839,254847,254855,254829,254836
254886,254908,254920,254923,254956,254894,254913,254922,254888,254897,254903,254909,254917,254926,254900,254906
254956,254976,254988,254991,255027,254964,254982,254990,254958,254967,254973,254979,254986,254994,254970,254976
255027,255050,255062,255064,255104,255036,255055,255063,255030,255039,255045,255050,255059,255067,255041,255047
255104,255127,255138,255142,255179,255112,255132,255141,255107,255115,255122,255127,255136,255146,255118,255124
255179,255200,255212,255216,255252,255188,255206,255215,255182,255190,255197,255201,255210,255218,255193,255201
255252,255273,255284,255287,255326,255260,255279,255287,255254,255263,255269,255274,255282,255291,255266,255274
255326,255350,255362,255366,255404,255335,255356,255365,255329,255338,255344,255350,255360,255370,255341,255347
255404,255426,255437,255440,255478,255412,255431,255439,255406,255415,255421,255426,255435,255442,255418,255426
255478,255500,255512,255515,255551,255487,255505,255514,255481,255490,255496,255501,255509,255518,255493,255498
255551,255573,255585,255588,255625,255559,255579,255587,255553,255562,255568,255574,255583,255591,255565,255571
255625,255648,255660,255663,255701,255634,255653,255662,255628,255637,255643,255649,255657,255665,255640,255646
255701,255722,255734,255737,255775,255710,255728,255736,255704,255713,255718,255723,255732,255739,255715,255723
255775,255796,255808,255811,255847,255783,255801,255810,255778,255786,255792,255796,255805,255815,255789,255796
255847,255872,255881,255884,255928,255856,255876,255883,255850,255859,255865,255871,255879,255887,255862,255868
255928,255952,255963,255968,256007,255936,255957,255967,255931,255939,255945,255952,255961,255972,255942,255948
256007,256030,256039,256043,256083,256015,256034,256041,256009,256017,256024,256030,256037,256044,256020,256027
256083,256105,256116,256118,256159,256091,256110,256117,256086,256094,256100,256106,256113,256120,256097,256103
256159,256182,256192,256194,256238,256166,256187,256194,256161,256169,256175,256181,256189,256197,256172,256178
256238,256262,256272,256275,256317,256246,256267,256274,256241,256249,256256,256262,256270,256278,256252,256259
256317,256340,256351,256354,256399,256325,256345,256353,256320,256328,256335,256340,256349,256357,256331,256337
256399,256424,256434,256437,256479,256407,256428,256436,256401,256410,256416,256423,256432,256440,256413,256420
256479,256504,256514,256517,256560,256489,256508,256516,256483,256491,256498,256504,256512,256519,256494,256501
256560,256584,256594,256597,256637,256568,256588,256596,256563,256571,256578,256584,256592,256600,256574,256581
256637,256661,256672,256676,256716,256645,256666,256675,256640,256648,256654,256660,256670,256679,256651,256657
256716,256740,256750,256754,256799,256724,256744,256753,256718,256726,256733,256739,256748,256757,256730,256736
256799,256824,256834,256837,256887,256807,256829,256837,256802,256810,256817,256823,256832,256840,256813,256820
256887,256910,256921,256923,256965,256895,256916,256923,256889,256898,256904,256910,256918,256926,256901,256907
256965,256987,256998,257002,257039,256973,256993,257002,256968,256976,256982,256987,256996,257005,256979,256987
257039,257063,257074,257077,257119,257048,257068,257076,257042,257051,257057,257063,257071,257079,257053,257060
257119,257144,257154,257157,257206,257128,257148,257156,257122,257131,257137,257143,257152,257158,257134,257140
257206,257231,257241,257245,257287,257215,257235,257244,257209,257218,257224,257230,257239,257249,257220,257227
257287,257310,257320,257323,257367,257296,257314,257322,257290,257299,257305,257310,257318,257326,257301,257307
257367,257392,257402,257405,257449,257377,257397,257405,257371,257380,257385,257391,257400,257408,257382,257388
257449,257474,257484,257487,257533,257457,257479,257487,257451,257460,257466,257473,257481,257490,257463,257470
257533,257559,257567,257569,257615,257541,257563,257569,257535,257544,257550,257557,257565,257572,257547,257554
257615,257638,257648,257652,257695,257623,257642,257650,257617,257626,257631,257638,257646,257655,257628,257635
257695,257720,257729,257731,257778,257704,257725,257731,257698,257706,257713,257719,257727,257735,257709,257716
257778,257804,257814,257817,257862,257787,257808,257816,257781,257789,257795,257803,257811,257819,257792,257799
257862,257888,257897,257901,257943,257871,257893,257901,257865,257874,257880,257886,257895,257906,257876,257883
257943,257966,257976,257979,258023,257951,257970,257978,257945,257954,257960,257965,257974,257983,257956,257965
258023,258048,258058,258061,258112,258032,258053,258060,258026,258035,258041,258047,258056,258064,258038,258044
258112,258138,258149,258153,258214,258121,258143,258152,258116,258125,258131,258137,258147,258156,258128,258134
258214,258240,258250,258252,258301,258223,258245,258252,258217,258226,258234,258239,258248,258255,258229,258236
258301,258324,258335,258339,258384,258309,258329,258337,258304,258312,258319,258325,258333,258341,258316,258322
258384,258410,258419,258422,258465,258392,258415,258422,258386,258395,258402,258408,258417,258425,258398,258405
258465,258491,258501,258504,258548,258474,258497,258504,258468,258477,258484,258490,258499,258507,258480,258487
258548,258572,258582,258585,258625,258556,258577,258585,258551,258559,258566,258572,258580,258588,258562,258569
258625,258649,258659,258661,258705,258634,258653,258660,258628,258637,258642,258648,258656,258664,258639,258645
258705,258730,258740,258743,258791,258713,258734,258742,258708,258716,258723,258729,258738,258746,258719,258726
258791,258816,258826,258830,258888,258800,258822,258830,258794,258803,258809,258815,258824,258835,258805,258812
258888,258913,258923,258926,258980,258897,258918,258925,258891,258900,258906,258913,258921,258929,258903,258910
258980,259003,259014,259018,259067,258989,259008,259016,258983,258992,258999,259003,259011,259020,258995,259003
259067,259092,259102,259106,259156,259076,259096,259104,259070,259079,259086,259092,259100,259108,259082,259089
259156,259182,259192,259198,259253,259165,259187,259196,259159,259168,259175,259181,259190,259200,259171,259178
259253,259278,259289,259293,259343,259262,259284,259292,259256,259265,259272,259278,259286,259297,259268,259275
259343,259368,259377,259383,259428,259352,259373,259380,259346,259355,259362,259368,259375,259383,259358,259365
259428,259453,259462,259465,259515,259436,259457,259465,259430,259439,259445,259452,259460,259468,259442,259448
259515,259541,259550,259553,259607,259523,259546,259553,259517,259526,259533,259540,259548,259556,259529,259536
259607,259634,259644,259647,259699,259617,259638,259646,259611,259620,259627,259633,259642,259650,259623,259630
259699,259724,259734,259739,259787,259708,259729,259737,259702,259711,259718,259723,259731,259740,259714,259720
259787,259811,259822,259825,259883,259795,259816,259824,259790,259799,259806,259812,259819,259829,259802,259809
259883,259909,259919,259922,259976,259891,259913,259921,259886,259894,259902,259909,259916,259923,259898,259905
259976,260000,260011,260016,260062,259984,260005,260013,259979,259987,259995,260001,260009,260016,259991,259998
260062,260085,260096,260100,260147,260070,260090,260099,260064,260073,260080,260086,260094,260102,260076,260083
260147,260173,260182,260185,260238,260155,260176,260184,260150,260158,260165,260172,260180,260188,260161,260168
260238,260264,260274,260277,260328,260247,260268,260276,260241,260250,260257,260264,260272,260280,260253,260261
260328,260353,260364,260368,260414,260337,260358,260366,260332,260340,260347,260354,260362,260369,260343,260350
260414,260438,260450,260456,260506,260423,260443,260452,260418,260426,260433,260439,260447,260456,260429,260436
260506,260531,260541,260544,260608,260514,260535,260543,260509,260517,260525,260531,260539,260546,260521,260528
260608,260633,260643,260646,260699,260616,260637,260645,260611,260619,260626,260633,260641,260648,260622,260629
260699,260715,260734,260741,260788,260708,260728,260736,260703,260712,260719,260725,260732,260740,260715,260722
260788,260804,260824,260831,260878,260797,260818,260827,260792,260801,260808,260814,260822,260831,260804,260811
260878,260902,260912,260948,260968,260885,260906,260914,260880,260888,260895,260902,260910,260917,260891,260898
260968,260994,261004,261010,261063,260975,260998,261006,260970,260978,260986,260993,261002,261010,260982,260989
261063,261088,261099,261107,261160,261071,261093,261102,261066,261074,261081,261088,261097,261106,261077,261084
261160,261175,261192,261198,261249,261168,261187,261195,261163,261171,261178,261183,261190,261198,261174,261180
261249,261264,261283,261289,261330,261257,261277,261286,261252,261260,261267,261274,261281,261289,261264,261270
261330,261363,261373,261381,261427,261346,261368,261377,261341,261349,261356,261363,261372,261381,261352,261359
261427,261461,261471,261478,261541,261443,261466,261474,261438,261446,261454,261461,261470,261479,261449,261457
261541,261567,261579,261587,261638,261550,261572,261582,261545,261553,261561,261568,261577,261587,261557,261564
261638,261654,261673,261680,261728,261647,261667,261675,261642,261650,261657,261663,261671,261679,261654,261660
261728,261741,261762,261769,261820,261735,261756,261765,261730,261738,261746,261752,261760,261769,261742,261749
261820,261845,261856,261861,261917,261828,261851,261859,261823,261831,261839,261846,261853,261862,261834,261842
261917,261941,261952,261957,262005,261924,261946,261955,261919,261927,261934,261941,261950,261958,261931,261938
262005,262029,262039,262045,262090,262012,262033,262041,262007,262015,262022,262029,262037,262045,262018,262025
262090,262104,262125,262132,262184,262097,262119,262128,262092,262100,262108,262115,262123,262132,262104,262111
262184,262197,262220,262225,262273,262191,262213,262222,262186,262194,262202,262209,262217,262225,262197,262205
262273,262293,262314,262321,262369,262287,262308,262317,262282,262290,262298,262304,262312,262320,262294,262301
262369,262383,262402,262408,262460,262376,262395,262404,262371,262379,262386,262392,262399,262407,262382,262389
262460,262473,262495,262504,262557,262467,262489,262499,262462,262470,262477,262484,262493,262502,262473,262481
262557,262570,262593,262579,262645,262564,262573,262579,262559,262567,262571,262571,262575,262582,262571,262578
262645,262659,262679,262687,262728,262653,262673,262682,262648,262656,262663,262670,262677,262686,262659,262666
262728,262742,262765,262771,262816,262737,262745,262751,262732,262740,262743,262743,262747,262754,262743,262750
262816,262831,262852,262858,262898,262825,262846,262854,262820,262828,262835,262842,262850,262857,262832,262839
262898,262912,262931,262937,262976,262906,262925,262934,262900,262909,262916,262922,262929,262937,262912,262919
262976,262990,263011,263017,263052,262983,263005,263014,262978,262986,262994,263001,263009,263017,262990,262997
263052,263071,263093,263099,263138,263065,263087,263096,263061,263069,263076,263083,263091,263099,263072,263079
263138,263153,263173,263179,263213,263147,263167,263175,263142,263150,263157,263163,263171,263179,263153,263160
263213,263238,263261,263267,263309,263232,263255,263264,263227,263235,263243,263251,263260,263268,263239,263247
263309,263323,263345,263353,263388,263318,263338,263347,263313,263321,263328,263335,263343,263351,263324,263332
263388,263402,263423,263429,263463,263396,263416,263425,263391,263399,263407,263413,263420,263428,263403,263410
263463,263478,263498,263503,263541,263472,263480,263486,263467,263475,263478,263478,263483,263489,263478,263486
263541,263564,263576,263581,263620,263548,263570,263578,263543,263551,263558,263565,263574,263582,263554,263561
263620,263644,263654,263657,263696,263627,263648,263656,263622,263630,263637,263644,263651,263661,263634,263640
263696,263712,263731,263738,263773,263705,263725,263734,263701,263708,263715,263722,263729,263737,263712,263718
263773,263798,263809,263813,263853,263782,263803,263812,263777,263785,263792,263799,263807,263820,263788,263795
263853,263868,263886,263894,263929,263861,263881,263889,263855,263864,263871,263877,263885,263893,263868,263874
263929,263944,263964,263968,264004,263937,263958,263966,263932,263940,263948,263954,263962,263970,263944,263951
264004,264028,264039,264042,264087,264012,264033,264041,264007,264015,264021,264028,264036,264046,264018,264024
264087,264112,264124,264127,264173,264095,264117,264126,264089,264098,264104,264111,264121,264131,264101,264107
264173,264197,264207,264212,264252,264181,264201,264209,264176,264184,264191,264197,264205,264212,264187,264194
264252,264268,264285,264290,264326,264260,264279,264287,264255,264263,264270,264276,264283,264291,264267,264273
264326,264351,264361,264365,264405,264335,264355,264364,264330,264338,264345,264351,264359,264368,264341,264348
264405,264429,264440,264443,264482,264413,264434,264442,264408,264416,264423,264430,264438,264445,264419,264426
264482,264497,264516,264522,264562,264491,264510,264519,264486,264494,264501,264507,264514,264523,264497,264503
264562,264576,264595,264602,264634,264570,264590,264598,264565,264573,264580,264586,264594,264602,264576,264583
264634,264666,264676,264683,264726,264649,264670,264679,264645,264652,264659,264666,264675,264683,264655,264662
264726,264750,264763,264790,264813,264735,264756,264767,264729,264737,264744,264751,264761,264772,264741,264748
264813,264827,264847,264856,264896,264821,264841,264850,264816,264824,264831,264837,264845,264854,264827,264834
264896,264911,264930,264935,264974,264904,264925,264933,264898,264907,264914,264920,264928,264936,264910,264917
264974,265000,265010,265015,265057,264983,265004,265013,264978,264986,264993,265000,265008,265016,264990,264997
265057,265082,265093,265097,265146,265065,265087,265095,265060,265068,265076,265082,265091,265099,265072,265079
265146,265171,265180,265183,265226,265153,265174,265182,265149,265156,265163,265170,265178,265186,265160,265166
265226,265243,265261,265269,265307,265236,265255,265264,265231,265239,265246,265252,265260,265269,265242,265249
265307,265324,265344,265350,265394,265316,265337,265346,265311,265320,265327,265334,265342,265351,265323,265330
265394,265409,265429,265435,265479,265402,265422,265431,265396,265405,265412,265418,265426,265435,265408,265415
265479,265493,265511,265519,265562,265487,265505,265514,265482,265490,265496,265502,265509,265517,265493,265499
265562,265577,265598,265604,265644,265570,265591,265600,265565,265573,265580,265587,265595,265604,265576,265583
265644,265659,265679,265685,265727,265652,265672,265682,265647,265655,265662,265668,265677,265685,265658,265665
265727,265744,265761,265764,265807,265736,265756,265763,265731,265739,265746,265752,265759,265766,265742,265749
265807,265831,265841,265846,265888,265815,265835,265843,265810,265818,265825,265831,265839,265846,265821,265828
265888,265912,265923,265926,265979,265895,265917,265925,265890,265898,265905,265912,265921,265928,265901,265909
265979,265994,266016,266002,266067,265987,265996,266002,265982,265990,265994,265994,265998,266005,265994,266001
266067,266091,266102,266105,266148,266075,266096,266104,266070,266078,266086,266092,266099,266107,266082,266089
266148,266172,266182,266186,266230,266156,266176,266184,266150,266159,266166,266172,266179,266187,266162,266169
266230,266255,266266,266272,266315,266238,266259,266268,266233,266241,266248,266255,266263,266272,266244,266251
266315,266340,266351,266356,266395,266323,266345,266353,266318,266326,266333,266340,266349,266357,266329,266336
266395,266409,266427,266436,266472,266402,266421,266431,266397,266405,266412,266418,266426,266436,266408,266415
266472,266496,266506,266510,266553,266480,266500,266509,266475,266483,266489,266496,266504,266512,266486,266492
266553,266576,266588,266593,266637,266561,266581,266591,266555,266564,266571,266577,266586,266595,266567,266574
266637,266661,266671,266677,266721,266645,266665,266673,266640,266648,266655,266661,266669,266677,266651,266658
266721,266743,266754,266759,266796,266728,266747,266756,266723,266731,266738,266743,266751,266760,266734,266740
266796,266811,266830,266838,266873,266804,266824,266833,266798,266807,266814,266820,266828,266840,266810,266817
266873,266896,266907,266912,266955,266881,266901,266910,266876,266884,266890,266897,266905,266914,266887,266893
266955,266979,266989,266992,267034,266962,266983,266991,266957,266965,266972,266979,266986,266994,266969,266975
267034,267057,267067,267072,267111,267041,267062,267070,267036,267044,267051,267057,267065,267073,267047,267054
267111,267134,267145,267151,267195,267118,267139,267147,267113,267121,267129,267135,267143,267151,267125,267132
267195,267218,267229,267234,267297,267202,267223,267231,267197,267205,267212,267219,267226,267236,267208,267215
267297,267311,267318,267321,267391,267305,267314,267320,267300,267308,267312,267312,267316,267322,267312,267319
267391,267405,267425,267432,267481,267399,267419,267428,267394,267402,267409,267416,267423,267432,267405,267412
267481,267496,267518,267527,267574,267489,267511,267522,267484,267493,267500,267507,267516,267527,267496,267503
267574,267600,267608,267611,267664,267582,267604,267610,267577,267585,267592,267599,267606,267613,267588,267596
267664,267687,267697,267703,267748,267671,267690,267698,267666,267674,267681,267687,267694,267702,267677,267684
267748,267771,267781,267785,267834,267755,267776,267784,267750,267758,267765,267771,267778,267788,267761,267768
267834,267861,267870,267920,267954,267843,267864,267872,267837,267846,267853,267860,267868,267875,267849,267856
267954,267970,267990,268030,268053,267963,267984,267994,267958,267966,267974,267980,267988,268002,267969,267977
268053,268071,268090,268099,268144,268065,268084,268093,268060,268068,268075,268081,268088,268096,268072,268078
268144,268164,268185,268189,268244,268158,268179,268188,268153,268161,268168,268175,268183,268191,268165,268172
268244,268270,268281,268285,268351,268252,268275,268283,268247,268255,268263,268271,268279,268287,268259,268267
268351,268378,268388,268395,268453,268360,268382,268391,268355,268363,268371,268378,268386,268394,268367,268375
268453,268478,268488,268494,268545,268461,268482,268490,268455,268464,268471,268478,268486,268494,268467,268475
268545,268569,268579,268584,268636,268552,268572,268580,268547,268554,268561,268568,268576,268584,268558,268564
268636,268663,268672,268676,268728,268644,268666,268674,268639,268647,268654,268662,268670,268677,268650,268658
268728,268752,268772,268778,268830,268746,268755,268760,268740,268749,268752,268752,268756,268763,268752,268760
268830,268844,268864,268872,268920,268838,268858,268867,268833,268841,268848,268855,268862,268870,268844,268851
268920,268944,268954,268960,269018,268927,268948,268956,268922,268930,268938,268944,268952,268960,268934,268941
269018,269045,269055,269060,269129,269025,269049,269057,269020,269028,269036,269044,269052,269060,269032,269040
269129,269156,269166,269172,269226,269137,269160,269169,269132,269140,269148,269156,269164,269173,269144,269151
269226,269241,269261,269268,269318,269235,269255,269264,269230,269238,269245,269252,269259,269268,269241,269248
269318,269331,269338,269341,269409,269325,269346,269355,269320,269328,269336,269342,269350,269358,269332,269339
269409,269434,269445,269451,269507,269416,269439,269447,269411,269419,269427,269434,269443,269451,269423,269430
269507,269520,269544,269554,269597,269515,269523,269531,269510,269518,269521,269521,269526,269534,269521,269530
269597,269618,269638,269645,269693,269612,269632,269640,269607,269615,269623,269629,269636,269644,269619,269626
269693,269717,269729,269736,269764,269701,269723,269732,269697,269704,269711,269718,269727,269736,269708,269715
269764,269802,269812,269819,269853,269785,269806,269815,269780,269788,269795,269802,269810,269818,269791,269798
269853,269867,269887,269891,269924,269860,269882,269890,269855,269863,269871,269877,269885,269893,269867,269874
269924,269939,269958,269966,270004,269933,269952,269961,269928,269936,269943,269949,269956,269967,269939,269946
270004,270028,270039,270044,270085,270011,270032,270042,270007,270014,270021,270028,270036,270046,270017,270024
270085,270111,270121,270128,270178,270093,270115,270124,270088,270096,270103,270111,270119,270128,270099,270107
270178,270191,270198,270203,270259,270185,270194,270200,270180,270189,270192,270192,270196,270203,270192,270199
270259,270273,270292,270299,270336,270267,270286,270295,270262,270270,270277,270283,270290,270298,270273,270279
270336,270354,270375,270381,270425,270348,270369,270377,270343,270350,270358,270364,270373,270381,270354,270361
270425,270440,270461,270448,270508,270433,270443,270448,270428,270436,270440,270440,270444,270451,270440,270447
270508,270522,270542,270547,270587,270516,270535,270544,270511,270519,270526,270532,270539,270547,270522,270529
270587,270600,270620,270625,270664,270594,270614,270623,270589,270597,270605,270611,270618,270626,270601,270608
270664,270679,270701,270688,270750,270673,270682,270688,270668,270676,270680,270680,270684,270691,270680,270687
270750,270773,270785,270791,270832,270757,270778,270787,270752,270760,270767,270774,270783,270791,270763,270770
270832,270846,270867,270874,270910,270840,270862,270871,270835,270843,270851,270858,270865,270874,270847,270854
270910,270927,270946,270952,270990,270920,270941,270949,270915,270923,270930,270936,270944,270953,270926,270933
270990,271015,271025,271028,271075,270998,271019,271026,270993,271001,271008,271015,271022,271029,271005,271011
271075,271099,271110,271115,271162,271082,271104,271113,271077,271085,271092,271100,271108,271116,271088,271096
271162,271186,271196,271202,271256,271170,271190,271199,271165,271173,271180,271186,271194,271203,271176,271183
271256,271269,271276,271280,271338,271263,271272,271278,271258,271266,271270,271270,271274,271280,271270,271277
271338,271352,271371,271377,271416,271346,271366,271373,271341,271349,271356,271362,271369,271377,271353,271359
271416,271432,271453,271461,271501,271426,271447,271456,271421,271429,271436,271443,271451,271460,271432,271439
271501,271517,271539,271546,271585,271510,271532,271541,271505,271513,271521,271528,271537,271545,271517,271524
271585,271608,271630,271638,271679,271602,271623,271633,271598,271606,271613,271620,271628,271636,271609,271616
271679,271693,271713,271720,271758,271687,271707,271715,271682,271690,271697,271704,271711,271720,271694,271701
271758,271773,271794,271801,271839,271767,271776,271782,271762,271770,271774,271774,271777,271784,271774,271781
271839,271854,271875,271882,271923,271847,271869,271877,271842,271850,271858,271865,271873,271881,271854,271861
271923,271947,271958,271962,272018,271930,271952,271960,271925,271933,271941,271947,271955,271963,271937,271944
272018,272032,272053,272061,272105,272026,272046,272055,272021,272029,272036,272042,272050,272059,272032,272039
272105,272128,272137,272144,272190,272112,272131,272139,272107,272115,272122,272128,272135,272143,272118,272125
272190,272214,272225,272231,272295,272197,272219,272227,272192,272201,272208,272214,272223,272231,272204,272211
272295,272317,272324,272329,272403,272311,272319,272325,272306,272314,272318,272318,272322,272328,272318,272325
272403,272416,272436,272445,272494,272410,272431,272440,272405,272413,272420,272427,272435,272445,272417,272424
272494,272518,272529,272535,272591,272501,272523,272531,272496,272504,272512,272519,272527,272535,272508,272515
272591,272619,272628,272634,272692,272599,272623,272630,272594,272603,272611,272619,272626,272633,272607,272615
272692,272706,272727,272736,272786,272700,272722,272730,272695,272703,272711,272718,272725,272733,272707,272714
272786,272810,272820,272826,272881,272793,272814,272822,272788,272796,272803,272810,272817,272825,272799,272806
272881,272907,272917,272924,272986,272888,272912,272920,272883,272891,272898,272906,272915,272924,272894,272902
272986,273012,273022,273029,273085,272994,273016,273025,272989,272997,273005,273012,273020,273028,273001,273008
273085,273101,273121,273129,273182,273094,273115,273124,273089,273097,273105,273111,273119,273128,273101,273108
273182,273208,273218,273225,273292,273190,273212,273221,273185,273193,273201,273207,273216,273226,273197,273204
273292,273319,273328,273332,273402,273300,273323,273331,273294,273303,273310,273318,273326,273335,273306,273314
273402,273427,273437,273441,273497,273410,273431,273440,273405,273413,273420,273427,273435,273443,273416,273423
273497,273523,273534,273545,273589,273506,273527,273541,273500,273509,273516,273523,273531,273547,273512,273519
273589,273617,273627,273633,273688,273599,273621,273629,273594,273602,273610,273617,273625,273634,273605,273613
273688,273716,273725,273732,273799,273697,273720,273728,273692,273700,273707,273715,273723,273731,273703,273711
273799,273826,273836,273842,273894,273808,273830,273838,273803,273811,273818,273826,273834,273842,273814,273822
273894,273928,273934,273939,274012,273921,273943,273952,273916,273924,273932,273939,273947,273957,273928,273936
274012,274027,274048,274057,274114,274021,274042,274052,274016,274024,274031,274038,274046,274057,274027,274035
274114,274142,274152,274160,274231,274124,274146,274154,274118,274127,274134,274142,274150,274158,274130,274138
274231,274259,274269,274276,274337,274241,274263,274272,274235,274244,274252,274259,274267,274275,274248,274255
274337,274354,274373,274378,274432,274346,274368,274375,274341,274349,274358,274364,274371,274379,274353,274361
274432,274459,274469,274476,274534,274440,274463,274471,274435,274444,274451,274458,274467,274475,274447,274455
274534,274558,274580,274589,274648,274551,274574,274583,274546,274555,274562,274570,274578,274586,274558,274566
274648,274673,274684,274689,274743,274656,274677,274686,274651,274659,274666,274673,274682,274690,274662,274669
274743,274767,274778,274784,274841,274751,274772,274781,274746,274753,274761,274768,274776,274785,274757,274764
274841,274869,274879,274885,274949,274850,274873,274881,274845,274853,274860,274869,274877,274885,274856,274864
274949,274975,274985,274990,275045,274956,274979,274986,274951,274960,274967,274975,274983,274990,274963,274971
275045,275071,275081,275088,275144,275053,275076,275084,275048,275056,275064,275070,275079,275087,275060,275067
275144,275171,275179,275183,275249,275151,275174,275181,275146,275154,275162,275169,275177,275184,275157,275165
275249,275271,275293,275302,275350,275265,275287,275297,275260,275268,275275,275282,275291,275302,275271,275278
275350,275367,275389,275395,275449,275361,275370,275377,275356,275364,275368,275368,275372,275380,275368,275376
275449,275475,275486,275493,275553,275457,275480,275488,275452,275460,275467,275475,275484,275491,275463,275471
275553,275568,275590,275599,275646,275562,275571,275578,275557,275565,275569,275569,275573,275580,275569,275576
275646,275662,275684,275688,275744,275656,275665,275671,275651,275659,275663,275663,275667,275674,275663,275670
275744,275770,275780,275787,275847,275752,275774,275782,275747,275755,275762,275770,275778,275785,275758,275765
275847,275882,275891,275896,275954,275863,275886,275893,275858,275866,275874,275881,275889,275897,275870,275878
275954,275981,275990,275996,276048,275962,275984,275991,275957,275966,275973,275980,275988,275995,275969,275977
276048,276073,276083,276088,276146,276055,276077,276084,276050,276058,276066,276073,276080,276088,276062,276069
276146,276172,276181,276186,276252,276154,276176,276185,276149,276157,276164,276171,276179,276185,276160,276167
276252,276269,276275,276280,276349,276262,276284,276293,276257,276265,276273,276280,276288,276295,276269,276276
276349,276364,276385,276391,276445,276358,276367,276372,276353,276361,276364,276364,276368,276375,276364,276371
276445,276471,276481,276487,276551,276452,276474,276483,276447,276455,276462,276470,276479,276488,276459,276466
276551,276577,276589,276596,276659,276559,276582,276591,276554,276562,276570,276578,276587,276594,276565,276573
276659,276685,276695,276698,276753,276667,276689,276697,276662,276670,276677,276685,276693,276701,276674,276681
276753,276778,276788,276793,276846,276761,276782,276790,276755,276764,276772,276779,276786,276793,276767,276775
276846,276874,276882,276888,276960,276855,276878,276885,276849,276858,276866,276873,276880,276888,276862,276870
276960,276986,276996,277004,277055,276968,276990,276999,276963,276971,276978,276985,276994,277004,276974,276982
277055,277083,277093,277099,277149,277065,277088,277096,277060,277068,277076,277083,277091,277099,277072,277079
277149,277176,277185,277190,277250,277158,277180,277188,277152,277161,277168,277175,277183,277191,277164,277171
277250,277279,277288,277292,277357,277259,277282,277291,277254,277262,277270,277277,277286,277293,277266,277273
277357,277383,277392,277399,277455,277365,277386,277394,277359,277368,277375,277382,277390,277398,277371,277379
277455,277480,277489,277496,277554,277462,277483,277491,277457,277465,277472,277479,277487,277494,277468,277476
277554,277580,277589,277598,277650,277561,277583,277592,277556,277564,277572,277579,277587,277596,277568,277575
277650,277672,277696,277702,277758,277667,277675,277682,277662,277670,277673,277673,277677,277685,277673,277681
277758,277775,277797,277805,277853,277769,277791,277800,277764,277772,277780,277787,277795,277803,277776,277783
277853,277878,277888,277896,277952,277861,277882,277891,277856,277864,277871,277878,277886,277896,277868,277875
277952,277978,277988,277993,278051,277959,277982,277990,277954,277962,277969,277977,277985,277993,277965,277973
278051,278065,278084,278094,278143,278059,278079,278089,278054,278062,278069,278075,278083,278094,278066,278072
278143,278157,278177,278184,278235,278151,278160,278166,278146,278154,278158,278158,278162,278168,278158,278165
278235,278261,278271,278276,278346,278243,278266,278273,278238,278246,278254,278261,278269,278277,278250,278257
278346,278371,278381,278386,278434,278353,278375,278383,278348,278356,278364,278371,278379,278386,278359,278367
278434,278456,278477,278484,278541,278450,278459,278465,278445,278453,278457,278457,278461,278468,278457,278464
278541,278567,278577,278585,278643,278548,278571,278580,278543,278552,278559,278566,278575,278583,278555,278562
278643,278663,278685,278694,278748,278657,278679,278688,278652,278660,278668,278675,278683,278692,278664,278671
278748,278762,278768,278772,278809,278756,278776,278785,278751,278759,278766,278772,278780,278788,278762,278769
278809,278853,278861,278866,278929,278848,278855,278862,278843,278851,278855,278855,278859,278865,278855,278862
278929,278957,278966,278971,279028,278937,278960,278968,278932,278940,278948,278956,278964,278972,278944,278952
279028,279056,279065,279069,279129,279036,279060,279068,279031,279039,279046,279055,279063,279071,279042,279050
279129,279154,279164,279171,279215,279137,279158,279167,279132,279140,279147,279154,279162,279172,279143,279150
279215,279236,279256,279267,279318,279229,279250,279260,279225,279232,279239,279246,279255,279264,279235,279243
279318,279331,279353,279362,279422,279325,279346,279357,279320,279328,279335,279342,279351,279361,279331,279338
279422,279449,279459,279465,279499,279431,279453,279461,279426,279434,279441,279449,279457,279465,279437,279445
279499,279530,279537,279543,279606,279525,279532,279539,279520,279528,279532,279532,279535,279542,279532,279539
279606,279631,279641,279647,279690,279614,279635,279643,279608,279617,279624,279631,279639,279647,279620,279628
279690,279704,279725,279733,279766,279698,279719,279729,279693,279701,279708,279714,279724,279733,279704,279711
279766,279791,279800,279806,279837,279773,279794,279802,279768,279776,279783,279790,279798,279805,279780,279787
279837,279862,279871,279876,279908,279844,279866,279874,279839,279847,279854,279860,279869,279878,279850,279857
279908,279924,279943,279950,279987,279918,279937,279946,279913,279921,279927,279934,279941,279949,279924,279930
279987,280012,280022,280031,280074,279996,280016,280025,279991,279999,280006,280012,280020,280030,280002,280009
280074,280100,280109,280140,280164,280082,280104,280112,280077,280085,280092,280099,280107,280115,280088,280095
280164,280187,280196,280202,280248,280170,280190,280198,280165,280173,280180,280187,280194,280201,280176,280183
280248,280271,280282,280288,280337,280256,280275,280284,280251,280259,280266,280272,280279,280288,280262,280269
280337,280352,280373,280379,280424,280345,280367,280375,280340,280349,280356,280363,280371,280378,280352,280360
280424,280448,280459,280468,280506,280432,280453,280462,280427,280435,280442,280449,280457,280467,280438,280445
280506,280521,280541,280549,280589,280514,280535,280544,280509,280518,280525,280531,280539,280547,280521,280528
280589,280613,280624,280629,280650,280596,280617,280625,280591,280599,280606,280613,280621,280629,280602,280609
280650,280682,280690,280715,280754,280678,280685,280709,280673,280681,280688,280695,280702,280715,280684,280691
280754,280767,280787,280793,280834,280761,280782,280790,280756,280764,280771,280778,280786,280793,280768,280775
280834,280849,280868,280876,280905,280843,280862,280871,280838,280846,280853,280859,280866,280875,280849,280856
280905,280931,280952,280960,281012,280925,280946,280955,280920,280928,280935,280942,280950,280958,280932,280939
281012,281026,281046,281055,281092,281020,281039,281048,281015,281023,281030,281036,281043,281052,281026,281033
281092,281108,281128,281133,281171,281102,281122,281130,281097,281105,281112,281118,281126,281135,281108,281115
281171,281190,281212,281225,281269,281185,281206,281219,281180,281188,281196,281202,281210,281224,281192,281199
281269,281282,281304,281311,281337,281276,281298,281306,281271,281279,281287,281294,281302,281310,281283,281290
281337,281367,281374,281396,281435,281361,281381,281390,281357,281365,281372,281378,281385,281395,281368,281374
281435,281450,281470,281478,281519,281443,281465,281475,281438,281446,281453,281460,281468,281480,281449,281456
281519,281544,281554,281558,281612,281527,281548,281556,281522,281530,281537,281544,281551,281559,281533,281540
281612,281635,281644,281646,281695,281618,281639,281645,281613,281621,281628,281635,281642,281648,281624,281631
281695,281709,281728,281733,281778,281702,281711,281731,281697,281706,281713,281719,281726,281734,281709,281716
281778,281803,281812,281818,281861,281786,281806,281814,281781,281788,281795,281802,281810,281817,281792,281798
281861,281887,281897,281903,281946,281869,281891,281900,281864,281872,281879,281887,281895,281904,281875,281883
281946,281971,281980,281983,282030,281953,281974,281982,281948,281956,281964,281970,281977,281985,281960,281967
282030,282047,282066,282072,282116,282040,282060,282068,282035,282043,282050,282056,282064,282073,282046,282053
282116,282141,282151,282155,282204,282123,282145,282153,282118,282126,282133,282140,282148,282157,282130,282137
282204,282230,282240,282243,282288,282212,282234,282242,282207,282215,282222,282229,282238,282246,282219,282226
282288,282302,282320,282326,282371,282295,282315,282323,282290,282298,282305,282311,282319,282327,282302,282308
282371,282385,282404,282410,282463,282379,282399,282407,282374,282382,282389,282395,282402,282410,282385,282392
282463,282489,282498,282501,282555,282470,282493,282500,282465,282474,282481,282489,282496,282503,282477,282485
282555,282580,282590,282594,282640,282563,282584,282592,282558,282566,282573,282580,282588,282596,282570,282577
282640,282653,282660,282664,282716,282646,282669,282676,282641,282650,282657,282664,282671,282680,282653,282660
282716,282742,282752,282754,282799,282726,282746,282753,282721,282729,282736,282742,282749,282757,282732,282739
282799,282825,282836,282843,282880,282807,282829,282838,282802,282810,282818,282825,282833,282842,282814,282821
282880,282900,282921,282929,282971,282894,282915,282924,282889,282897,282905,282912,282919,282927,282901,282908
282971,282985,283004,283011,283054,282978,282999,283007,282973,282981,282989,282995,283003,283011,282985,282992
283054,283078,283090,283095,283127,283062,283083,283092,283057,283065,283072,283079,283088,283096,283068,283075
283127,283161,283171,283178,283232,283143,283165,283174,283139,283147,283154,283161,283169,283178,283150,283157
283232,283256,283267,283273,283325,283239,283261,283270,283234,283242,283249,283256,283265,283273,283245,283252
283325,283339,283359,283366,283407,283333,283342,283347,283328,283336,283339,283339,283343,283349,283339,283346
283407,283422,283441,283447,283462,283416,283424,283430,283411,283419,283422,283422,283426,283432,283422,283429
283462,283503,283525,283533,283573,283497,283519,283528,283492,283500,283508,283515,283523,283532,283504,283512
283573,283590,283612,283616,283666,283583,283605,283614,283578,283586,283593,283601,283610,283618,283589,283597
283666,283681,283699,283705,283756,283674,283694,283701,283668,283677,283684,283691,283698,283705,283680,283687
283756,283772,283792,283801,283850,283766,283786,283796,283761,283769,283776,283783,283790,283801,283773,283779
283850,283865,283886,283890,283970,283859,283880,283888,283854,283862,283869,283876,283884,283891,283866,283873
283970,283987,284009,284016,284050,283981,283990,283997,283977,283985,283988,283988,283993,284000,283988,283996
284050,284095,284103,284107,284153,284090,284098,284105,284085,284093,284097,284097,284101,284107,284097,284104
284153,284189,284196,284200,284259,284184,284192,284214,284179,284187,284195,284201,284209,284217,284191,284198
284259,284293,284303,284313,284372,284275,284298,284309,284270,284278,284285,284293,284301,284316,284281,284289
284372,284399,284407,284415,284468,284379,284402,284410,284374,284382,284390,284397,284405,284414,284386,284394
284468,284483,284503,284509,284560,284476,284497,284505,284471,284480,284487,284493,284501,284509,284483,284490
284560,284586,284596,284605,284687,284568,284591,284600,284563,284572,284579,284586,284594,284603,284575,284582
284687,284714,284723,284726,284795,284694,284718,284726,284689,284697,284705,284712,284721,284729,284701,284708
284795,284821,284831,284838,284901,284803,284825,284833,284798,284806,284814,284821,284829,284837,284809,284817
284901,284929,284938,284946,285005,284909,284932,284941,284904,284912,284920,284928,284936,284947,284916,284924
285005,285046,285055,285061,285113,285028,285050,285057,285023,285031,285038,285045,285053,285061,285034,285042
285113,285129,285150,285157,285208,285122,285144,285152,285117,285126,285133,285140,285148,285157,285129,285137
285208,285235,285246,285255,285297,285217,285240,285251,285212,285220,285228,285236,285244,285255,285224,285232
285297,285339,285348,285383,285411,285321,285342,285350,285316,285324,285331,285338,285346,285354,285328,285335
285411,285435,285444,285448,285480,285417,285438,285445,285412,285420,285427,285434,285441,285448,285423,285431
285480,285503,285513,285529,285582,285486,285507,285517,285480,285488,285495,285502,285511,285519,285492,285498
285582,285596,285604,285606,285667,285590,285598,285605,285585,285593,285597,285597,285601,285608,285597,285605
285667,285683,285705,285714,285736,285677,285699,285708,285672,285681,285688,285695,285703,285712,285684,285691
285736,285768,285779,,285801,285747,285774,285783,285742,285749,285756,285770,285778,285783,285752,285767
285801,285818,285854,285830,285867,285803,285823,285830,285811,285817,285821,285821,285825,285833,285821,285830
285867,285882,285904,285909,285955,285876,285885,285893,285872,285880,285884,285884,285889,285896,285884,285892
285955,285970,285993,285997,286036,285965,285973,285979,285960,285968,285971,285971,285975,285982,285971,285978
286036,286067,286077,286081,286111,286048,286071,286080,286044,286051,286059,286067,286075,286084,286055,286063
286111,286138,286145,286163,286203,286132,286140,286147,286127,286135,286139,286139,286143,286149,286139,286146
286203,286218,286236,286243,286288,286212,286231,286239,286207,286215,286221,286227,286235,286243,286218,286224
286288,286313,286321,286325,286427,286296,286316,286323,286290,286298,286305,286312,286319,286326,286302,286308
286427,286452,286461,286469,286554,286434,286455,286464,286429,286437,286445,286452,286459,286467,286441,286448
286554,286591,286601,286606,286659,286572,286595,286603,286567,286575,286583,286591,286599,286606,286579,286587
286659,286696,286703,286709,286797,286691,286699,286706,286686,286694,286697,286697,286701,286709,286697,286705
286797,286814,286822,286826,286898,286808,286816,286823,286803,286811,286815,286815,286819,286826,286815,286822
286898,286919,286940,286947,286997,286913,286934,286942,286909,286916,286924,286930,286938,286946,286920,286926
286997,287022,287032,287037,287080,287004,287026,287034,286998,287007,287015,287022,287030,287037,287011,287019
287080,287107,287116,287123,287170,287088,287110,287119,287083,287092,287099,287106,287114,287123,287095,287103
287170,287196,287204,287210,287279,287176,287199,287206,287171,287179,287187,287194,287201,287209,287182,287190
287279,287308,287324,287342,287367,287302,287319,287326,287296,287305,287311,287316,287323,287329,287308,287313
287367,287382,287390,287395,287467,287376,287384,287393,287371,287379,287383,287383,287388,287396,287383,287391
287467,287497,287506,287510,287564,287476,287500,287509,287470,287480,287488,287496,287504,287512,287483,287492
287564,287579,287600,287608,287653,287572,287594,287603,287566,287575,287584,287591,287598,287607,287579,287587
287653,287679,287687,287690,287738,287661,287683,287689,287655,287664,287671,287678,287685,287692,287667,287674
287738,287762,287773,287778,287819,287745,287767,287775,287740,287748,287755,287762,287770,287778,287751,287759
287819,287846,287855,287861,287903,287828,287850,287858,287822,287830,287837,287844,287853,287861,287834,287841
287903,287948,287967,287973,288014,287925,287960,287969,287935,287945,287953,287958,287965,287973,287949,287955
288014,288029,288036,288042,288120,288022,288031,288038,288017,288025,288029,288029,288033,288041,288029,288037
288120,288149,288159,288165,288230,288130,288154,288163,288125,288133,288141,288149,288157,288167,288137,288145
288230,288245,288266,288274,288328,288238,288261,288269,288233,288241,288249,288257,288265,288273,288245,288253
288328,288351,288363,288370,288413,288335,288356,288365,288329,288338,288345,288352,288361,288369,288341,288349
288413,288431,288450,288458,288499,288423,288444,288453,288417,288426,288434,288440,288448,288457,288430,288437
288499,288525,288535,288538,288585,288508,288529,288537,288502,288511,288519,288525,288533,288542,288515,288522
288585,288612,288621,288627,288701,288593,288617,288624,288588,288596,288603,288611,288619,288628,288599,288607
288701,288731,288739,288742,288816,288710,288735,288742,288705,288713,288721,288729,288737,288744,288717,288725
288816,288833,288839,288844,288925,288826,288836,288841,288821,288829,288833,288833,288837,288844,288833,288840
288925,288940,288947,288954,289026,288934,288943,288950,288929,288937,288941,288941,288945,288953,288941,288949
289026,289041,289064,289074,289111,289035,289057,289067,289030,289038,289046,289053,289062,289072,289042,289049
289111,289134,289154,289163,289202,289128,289136,289142,289124,289131,289135,289135,289138,289145,289135,289141
289202,289220,289242,289248,289290,289214,289236,289245,289209,289218,289226,289233,289240,289248,289222,289229
289290,289304,289325,289332,289368,289297,289319,289329,289292,289301,289309,289315,289323,289334,289304,289312
289368,289395,289405,289413,289450,289378,289399,289409,289373,289381,289388,289395,289403,289415,289384,289391
289450,289485,289495,289502,289560,289467,289489,289497,289462,289470,289478,289485,289493,289501,289474,289481
289560,289575,289596,289602,289661,289568,289590,289599,289563,289572,289579,289586,289594,289603,289575,289582
289661,289676,289697,289704,289757,289669,289691,289699,289664,289672,289680,289687,289695,289703,289676,289684
289757,289772,289794,289800,289847,289766,289775,289782,289760,289769,289772,289772,289777,289784,289772,289780
289847,289862,289884,289889,289931,289856,289865,289871,289851,289860,289863,289863,289868,289875,289863,289871
289931,289944,289966,289972,290006,289938,289960,289968,289934,289942,289949,289956,289964,289972,289945,289952
290006,290020,290042,290051,290083,290015,290036,290045,290010,290018,290025,290032,290040,290049,290021,290028
290083,290108,290118,290123,290160,290090,290113,290121,290085,290093,290101,290108,290116,290124,290097,290104
290160,290187,290197,290205,290288,290169,290191,290200,290164,290172,290180,290187,290195,290206,290175,290183
290288,290315,290325,290331,290396,290296,290319,290327,290291,290299,290307,290315,290323,290330,290302,290311
290396,290411,290419,290424,290497,290405,290414,290421,290400,290408,290412,290412,290416,290424,290412,290420
290497,290510,290517,290523,290594,290504,290513,290519,290499,290507,290511,290511,290515,290522,290511,290518
290594,290608,290629,290634,290676,290602,290623,290631,290596,290605,290613,290620,290627,290634,290609,290616
290676,290698,290718,290725,290767,290691,290713,290721,290687,290695,290702,290709,290717,290725,290698,290706
290767,290783,290803,290807,290848,290776,290797,290804,290771,290779,290787,290793,290801,290808,290782,290790
290848,290873,290883,290888,290937,290856,290878,290886,290851,290859,290867,290873,290881,290888,290863,290870
290937,290979,290994,290997,291063,290944,290965,290997,290938,290947,290954,290961,290992,291000,290950,290957
291063,291082,291101,291106,291175,291075,291084,291090,291070,291078,291082,291082,291086,291092,291082,291089
291175,291190,291212,291220,291278,291184,291206,291214,291179,291187,291195,291202,291210,291218,291190,291198
291278,291291,291299,291304,291377,291286,291294,291301,291281,291289,291293,291293,291297,291304,291293,291300
291377,291401,291411,291414,291468,291385,291405,291413,291380,291388,291395,291402,291409,291415,291391,291398
291468,291486,291505,291512,291564,291479,291499,291508,291474,291482,291489,291495,291503,291513,291485,291492
291564,291590,291600,291608,291657,291571,291594,291602,291566,291575,291583,291590,291598,291605,291579,291586
291657,291689,291697,291700,291750,291670,291693,291700,291665,291673,291680,291688,291695,291703,291676,291684
291750,291776,291786,291791,291830,291758,291780,291788,291753,291761,291769,291776,291784,291792,291765,291772
291830,291845,291864,291871,291904,291838,291858,291866,291833,291841,291848,291855,291862,291870,291844,291851
291904,291919,291938,291941,291978,291911,291934,291941,291906,291915,291923,291929,291936,291944,291918,291926
291978,292003,292012,292015,292057,291986,292007,292014,291980,291989,291996,292003,292010,292017,291992,291999
292057,292081,292091,292097,292136,292064,292086,292094,292058,292067,292074,292081,292089,292097,292070,292077
292136,292161,292171,292176,292220,292144,292165,292173,292139,292146,292153,292160,292168,292177,292150,292156
292220,292247,292256,292261,292307,292229,292250,292258,292224,292232,292239,292246,292254,292262,292236,292243
292307,292322,292329,292332,292389,292316,292325,292331,292311,292319,292323,292323,292327,292333,292323,292330
292389,292410,292431,292437,292474,292404,292412,292419,292400,292408,292411,292411,292415,292422,292411,292418
292474,292492,292512,292519,292556,292486,292506,292514,292482,292490,292497,292503,292510,292518,292493,292500
292556,292573,292591,292597,292638,292566,292585,292593,292561,292569,292576,292581,292589,292596,292572,292578
292638,292651,292672,292679,292720,292645,292654,292660,292640,292648,292652,292652,292656,292662,292652,292658
292720,292734,292755,292758,292800,292728,292737,292743,292723,292731,292735,292735,292739,292745,292735,292742
292800,292829,292838,292841,292885,292810,292833,292841,292805,292813,292821,292828,292836,292846,292817,292824
292885,292901,292922,292931,293042,292894,292915,292973,292889,292898,292905,292911,292967,292976,292901,292908
293042,293055,293061,293082,293111,293049,293069,293077,293044,293052,293059,293065,293073,293082,293055,293062
293111,293133,293153,293161,293195,293128,293135,293142,293123,293131,293134,293134,293138,293145,293134,293141
293195,293213,293233,293239,293271,293207,293216,293222,293202,293210,293214,293214,293218,293224,293214,293221
293271,293296,293317,293321,293367,293289,293312,293319,293284,293292,293300,293307,293315,293322,293296,293303
293367,293380,293387,293391,293450,293374,293383,293389,293369,293377,293381,293381,293385,293392,293381,293388
293450,293464,293485,293494,293534,293458,293479,293488,293453,293461,293468,293475,293483,293492,293465,293471
293534,293548,293568,293574,293612,293542,293551,293557,293537,293545,293549,293549,293552,293559,293549,293555
293612,293627,293648,293654,293689,293621,293641,293650,293616,293624,293632,293638,293645,293654,293628,293635
293689,293713,293725,293731,293771,293698,293718,293727,293693,293701,293708,293714,293723,293730,293704,293711
293771,293785,293806,293812,293851,293778,293800,293808,293773,293782,293789,293796,293804,293812,293785,293793
293851,293866,293886,293892,293936,293860,293869,293875,293856,293863,293871,293877,293884,293892,293867,293874
293936,293949,293970,293974,294022,293943,293952,293957,293938,293946,293949,293949,293953,293960,293949,293956
294022,294038,294057,294062,294151,294031,294040,294046,294026,294034,294038,294038,294042,294048,294038,294045
294151,294213,294233,294241,294283,294208,294216,294222,294203,294211,294214,294214,294218,294224,294214,294221
294283,294297,294317,294322,294353,294290,294311,294319,294285,294293,294301,294307,294315,294323,294297,294304
294353,294376,294382,294385,294446,294369,294390,294399,294365,294372,294380,294386,294394,294405,294376,294383
294446,294468,294479,294487,294524,294453,294473,294482,294448,294456,294463,294469,294477,294486,294460,294466
294524,294539,294558,294565,294602,294533,294542,294548,294528,294536,294544,294549,294556,294565,294539,294546
294602,294617,294637,294640,294681,294610,294631,294639,294604,294613,294620,294627,294634,294642,294617,294623
294681,294704,294715,294721,294761,294687,294708,294717,294682,294690,294697,294704,294712,294721,294693,294701
294761,294784,294796,294812,294874,294768,294789,294800,294763,294772,294779,294785,294794,294804,294775,294782
294874,294900,294912,294917,294978,294882,294905,294915,294877,294886,294893,294900,294910,294918,294889,294896
294978,294994,295014,295024,295071,294987,295007,295017,294982,294991,294998,295004,295011,295021,294994,295001
295071,295084,295103,295113,295155,295078,295087,295107,295073,295082,295090,295095,295102,295110,295085,295092
295155,295182,295192,295199,295239,295164,295186,295195,295159,295166,295174,295181,295190,295199,295170,295177
295239,295263,295273,295279,295324,295246,295267,295275,295241,295249,295256,295263,295271,295279,295253,295260
