on,sp,dn,dp,off,u,v,w,a,b,c,d,e,f,p1,p2
0,60,76,84,120,50,68,83,44,55,63,63,75,90,59,63
120,139,157,164,201,130,148,163,123,134,143,143,155,169,138,143
201,221,239,246,282,211,230,245,205,216,225,225,237,252,220,225
282,301,318,328,359,292,310,325,286,297,305,305,316,330,301,305
359,377,395,402,432,368,386,400,362,373,380,380,393,405,376,380
432,452,470,479,507,442,460,475,436,447,455,455,467,480,451,455
507,526,544,551,586,517,535,549,510,521,529,529,541,554,525,529
586,606,624,631,670,596,615,630,590,601,609,609,622,635,604,609
670,691,707,713,755,680,699,712,674,684,692,692,705,715,687,692
755,775,791,801,842,764,783,797,758,768,776,776,789,802,771,776
842,863,879,886,935,852,871,883,846,856,865,865,877,888,859,865
935,956,973,981,1026,945,965,977,939,949,958,958,971,985,952,958
1026,1046,1063,1072,1110,1036,1055,1068,1029,1040,1049,1049,1060,1074,1043,1049
1110,1131,1149,1155,1194,1120,1139,1153,1114,1125,1131,1131,1147,1159,1128,1131
1194,1215,1233,1238,1276,1204,1223,1237,1197,1208,1215,1215,1231,1242,1211,1215
1276,1297,1314,1321,1356,1286,1306,1320,1280,1291,1299,1299,1312,1326,1295,1299
1356,1377,1394,1400,1434,1366,1385,1399,1359,1372,1384,1384,1392,1403,1384,1396
1434,1454,1471,1477,1511,1443,1463,1476,1437,1448,1457,1457,1469,1483,1453,1457
1511,1531,1549,1556,1591,1521,1540,1555,1515,1526,1534,1534,1547,1560,1530,1534
1591,1612,1629,1637,1674,1602,1621,1636,1596,1606,1614,1614,1627,1640,1610,1614
1674,1694,1711,1719,1753,1684,1703,1718,1678,1689,1697,1697,1709,1728,1693,1697
1753,1772,1789,1797,1831,1763,1781,1796,1757,1767,1775,1775,1787,1802,1771,1775
1831,1851,1869,1875,1910,1841,1860,1874,1834,1845,1853,1853,1867,1879,1849,1853
1910,1931,1948,1956,1993,1921,1940,1955,1915,1925,1934,1934,1946,1961,1929,1934
1993,2013,2030,2038,2072,2003,2022,2037,1997,2008,2016,2016,2028,2044,2011,2016
2072,2092,2110,2117,2150,2082,2100,2116,2076,2087,2095,2095,2107,2121,2091,2095
2150,2170,2188,2196,2232,2161,2179,2195,2155,2165,2174,2174,2186,2202,2169,2174
2232,2252,2271,2278,2318,2243,2262,2277,2237,2247,2256,2256,2268,2282,2251,2256
2318,2340,2357,2366,2406,2330,2349,2365,2324,2334,2343,2343,2355,2370,2338,2343
2406,2427,2444,2453,2489,2417,2435,2452,2411,2422,2430,2430,2442,2458,2426,2430
2489,2509,2527,2534,2571,2499,2518,2533,2493,2504,2512,2512,2525,2538,2508,2512
2571,2591,2608,2617,2652,2581,2600,2616,2575,2586,2594,2594,2606,2623,2590,2594
2652,2673,2691,2699,2736,2663,2682,2698,2657,2668,2676,2676,2689,2704,2672,2676
2736,2757,2775,2782,2819,2747,2765,2781,2741,2752,2761,2761,2773,2786,2756,2761
2819,2839,2857,2865,2898,2829,2847,2863,2823,2834,2843,2843,2854,2870,2838,2843
2898,2918,2936,2944,2979,2909,2927,2943,2902,2913,2922,2922,2934,2949,2917,2922
2979,3000,3018,3026,3062,2990,3008,3024,2983,2995,3003,3003,3015,3029,2999,3003
3062,3082,3100,3109,3147,3072,3091,3106,3066,3077,3086,3086,3098,3111,3081,3086
3147,3168,3185,3196,3231,3158,3177,3193,3152,3163,3171,3171,3183,3199,3167,3171
3231,3251,3268,3278,3311,3241,3259,3275,3235,3246,3254,3254,3266,3282,3250,3254
3311,3330,3349,3359,3392,3321,3340,3356,3315,3326,3334,3334,3347,3362,3329,3334
3392,3412,3431,3440,3475,3403,3422,3437,3397,3408,3416,3416,3428,3442,3411,3416
3475,3496,3514,3524,3562,3486,3505,3521,3480,3491,3500,3500,3512,3526,3495,3500
3562,3583,3600,3610,3647,3573,3591,3607,3567,3578,3586,3586,3598,3613,3581,3586
3647,3667,3685,3695,3730,3658,3676,3692,3652,3663,3672,3672,3683,3699,3667,3672
3730,3750,3768,3778,3814,3740,3759,3775,3734,3745,3754,3754,3766,3780,3749,3754
3814,3835,3854,3863,3900,3826,3844,3860,3820,3830,3839,3839,3852,3866,3834,3839
3900,3921,3939,3948,3983,3911,3930,3945,3905,3916,3924,3924,3937,3951,3919,3924
3983,4003,4020,4028,4063,3994,4012,4027,3988,3999,4007,4007,4018,4031,4003,4007
4063,4082,4100,4108,4143,4072,4091,4107,4066,4077,4085,4085,4098,4115,4080,4085
4143,4163,4181,4188,4226,4153,4173,4187,4147,4158,4166,4166,4179,4191,4161,4166
4226,4246,4265,4273,4310,4236,4255,4270,4230,4241,4250,4250,4262,4276,4244,4250
4310,4330,4348,4356,4393,4320,4339,4353,4314,4324,4332,4332,4346,4357,4327,4332
4393,4413,4432,4438,4479,4403,4422,4437,4397,4407,4416,4416,4429,4442,4411,4416
4479,4501,4518,4526,4566,4490,4510,4525,4484,4494,4502,4502,4516,4530,4497,4502
4566,4586,4604,4610,4648,4576,4595,4609,4570,4580,4589,4589,4601,4617,4584,4589
4648,4668,4686,4692,4728,4658,4677,4691,4652,4663,4670,4670,4684,4695,4666,4670
4728,4748,4766,4773,4809,4738,4757,4772,4732,4742,4750,4750,4764,4777,4746,4750
4809,4830,4848,4855,4891,4820,4839,4854,4814,4825,4834,4834,4846,4862,4828,4834
4891,4911,4928,4936,4968,4901,4919,4935,4895,4906,4913,4913,4925,4940,4909,4913
4968,4987,5005,5012,5045,4977,4995,5011,4971,4982,4994,4994,5003,5015,4994,5009
5045,5065,5083,5090,5127,5056,5074,5089,5049,5061,5068,5068,5081,5095,5065,5068
5127,5148,5165,5173,5211,5138,5156,5171,5131,5142,5150,5150,5163,5178,5146,5150
5211,5231,5249,5259,5291,5221,5240,5255,5215,5226,5236,5236,5247,5262,5230,5236
5291,5311,5328,5336,5371,5302,5319,5335,5295,5306,5315,5315,5326,5341,5310,5315
5371,5391,5410,5419,5455,5382,5400,5416,5376,5387,5396,5396,5407,5422,5390,5396
5455,5476,5494,5501,5540,5466,5485,5500,5460,5471,5482,5482,5492,5506,5475,5482
5540,5561,5578,5586,5628,5551,5570,5585,5544,5555,5565,5565,5576,5595,5559,5565
5628,5649,5666,5673,5714,5639,5658,5672,5633,5644,5653,5653,5664,5678,5648,5653
5714,5733,5750,5757,5795,5724,5742,5755,5717,5728,5737,5737,5748,5763,5732,5737
5795,5815,5833,5840,5876,5805,5823,5838,5799,5809,5817,5817,5830,5843,5812,5817
5876,5895,5913,5920,5958,5885,5904,5919,5879,5889,5898,5898,5910,5924,5892,5898
5958,5979,5996,6004,6046,5969,5988,6003,5963,5972,5981,5981,5993,6008,5976,5981
6046,6067,6084,6090,6136,6056,6076,6089,6050,6060,6069,6069,6082,6095,6064,6069
6136,6157,6173,6181,6223,6146,6165,6179,6140,6150,6159,6159,6171,6183,6153,6159
6223,6243,6261,6266,6307,6233,6252,6265,6227,6238,6242,6242,6259,6269,6242,6264
6307,6327,6344,6351,6389,6317,6336,6350,6310,6321,6329,6329,6341,6355,6324,6329
6389,6410,6427,6434,6473,6399,6419,6433,6393,6404,6411,6411,6425,6438,6407,6411
6473,6494,6511,6519,6560,6484,6503,6518,6477,6488,6497,6497,6508,6526,6492,6497
6560,6581,6599,6605,6648,6570,6590,6604,6564,6575,6583,6583,6597,6614,6578,6583
6648,6669,6687,6694,6733,6659,6678,6693,6653,6664,6672,6672,6685,6698,6667,6672
6733,6753,6771,6778,6813,6743,6762,6777,6737,6748,6755,6755,6769,6783,6752,6755
6813,6833,6851,6859,6895,6823,6843,6858,6817,6828,6837,6837,6849,6866,6831,6837
6895,6915,6933,6941,6980,6905,6924,6940,6899,6910,6918,6918,6930,6946,6913,6918
6980,7000,7018,7025,7066,6990,7010,7024,6984,6994,7003,7003,7016,7032,6998,7003
7066,7087,7104,7113,7153,7077,7096,7112,7071,7082,7089,7089,7102,7118,7085,7089
7153,7174,7191,7199,7241,7164,7183,7198,7158,7169,7177,7177,7189,7204,7172,7177
7241,7263,7281,7290,7330,7253,7273,7289,7247,7257,7266,7266,7279,7296,7261,7266
7330,7352,7370,7378,7418,7341,7361,7377,7335,7346,7355,7355,7368,7384,7351,7355
7418,7438,7456,7464,7501,7429,7447,7462,7422,7433,7443,7443,7454,7467,7437,7443
7501,7520,7539,7546,7584,7511,7529,7545,7505,7516,7526,7526,7537,7551,7520,7526
7584,7604,7622,7629,7668,7594,7613,7628,7588,7599,7608,7608,7620,7632,7602,7608
7668,7690,7708,7718,7755,7680,7699,7715,7674,7684,7694,7694,7706,7720,7688,7694
7755,7775,7793,7803,7838,7766,7784,7801,7760,7771,7779,7779,7791,7806,7774,7779
7838,7858,7876,7886,7922,7849,7867,7883,7843,7853,7862,7862,7874,7888,7857,7862
7922,7942,7960,7968,8008,7932,7952,7967,7926,7937,7946,7946,7958,7973,7940,7946
8008,8029,8046,8056,8095,8019,8038,8054,8013,8023,8032,8032,8044,8060,8027,8032
8095,8116,8134,8144,8179,8107,8125,8140,8100,8111,8120,8120,8132,8147,8115,8120
8179,8199,8217,8227,8264,8190,8208,8223,8184,8194,8203,8203,8215,8228,8198,8203
8264,8284,8303,8309,8351,8275,8294,8308,8269,8279,8288,8288,8300,8314,8283,8288
8351,8372,8390,8399,8440,8362,8381,8396,8356,8367,8375,8375,8388,8401,8370,8375
8440,8461,8479,8488,8527,8451,8470,8485,8445,8456,8465,8465,8477,8493,8459,8465
8527,8548,8566,8575,8614,8538,8557,8572,8532,8543,8551,8551,8563,8578,8546,8551
8614,8635,8653,8662,8701,8625,8644,8660,8619,8630,8638,8638,8651,8665,8633,8638
8701,8722,8740,8749,8789,8712,8731,8746,8706,8717,8725,8725,8738,8752,8720,8725
8789,8809,8828,8837,8873,8800,8819,8833,8794,8804,8813,8813,8825,8839,8808,8813
8873,8892,8910,8919,8952,8883,8901,8915,8877,8888,8896,8896,8908,8920,8891,8896
8952,8972,8990,9000,9035,8963,8981,8996,8957,8968,8977,8977,8988,9002,8972,8977
9035,9055,9074,9083,9121,9046,9065,9079,9040,9051,9060,9060,9072,9085,9054,9060
9121,9142,9160,9170,9213,9132,9151,9166,9126,9137,9145,9145,9158,9172,9140,9145
9213,9234,9252,9262,9302,9224,9243,9258,9218,9229,9237,9237,9250,9263,9232,9237
9302,9323,9341,9350,9391,9313,9332,9347,9307,9318,9327,9327,9339,9352,9322,9327
9391,9412,9430,9440,9480,9403,9421,9437,9396,9407,9416,9416,9428,9442,9411,9416
9480,9501,9520,9530,9568,9492,9511,9527,9486,9497,9505,9505,9518,9531,9500,9505
9568,9589,9607,9618,9652,9579,9598,9615,9573,9584,9594,9594,9605,9621,9588,9594
9652,9672,9690,9700,9732,9663,9681,9697,9657,9668,9677,9677,9688,9703,9671,9677
9732,9752,9771,9781,9813,9743,9761,9778,9737,9748,9757,9757,9768,9783,9752,9757
9813,9832,9851,9861,9895,9823,9842,9858,9817,9828,9838,9838,9849,9864,9832,9838
9895,9915,9934,9945,9982,9906,9925,9941,9900,9911,9920,9920,9932,9947,9914,9920
9982,10002,10021,10032,10069,9993,10012,10027,9987,9997,10007,10007,10019,10033,10001,10007
10069,10089,10108,10119,10151,10080,10098,10113,10074,10085,10094,10094,10105,10118,10088,10094
10151,10171,10189,10200,10233,10162,10180,10195,10156,10166,10175,10175,10187,10201,10170,10175
10233,10253,10272,10282,10318,10244,10262,10277,10238,10248,10257,10257,10270,10282,10252,10257
10318,10338,10357,10368,10405,10329,10348,10363,10323,10334,10342,10342,10355,10368,10337,10342
10405,10425,10444,10455,10491,10416,10434,10450,10410,10420,10429,10429,10442,10455,10424,10429
10491,10511,10529,10541,10572,10502,10520,10535,10496,10506,10515,10515,10527,10540,10510,10515
10572,10592,10610,10621,10654,10583,10601,10616,10577,10587,10596,10596,10608,10621,10591,10596
10654,10673,10692,10703,10736,10664,10683,10699,10658,10669,10678,10678,10690,10704,10673,10678
10736,10756,10775,10786,10820,10747,10765,10781,10741,10751,10760,10760,10772,10787,10755,10760
10820,10839,10857,10869,10901,10830,10848,10863,10824,10835,10843,10843,10855,10869,10839,10843
10901,10920,10938,10949,10984,10911,10929,10945,10905,10916,10924,10924,10936,10950,10919,10924
10984,11004,11022,11033,11070,10995,11013,11029,10989,10999,11008,11008,11020,11034,11003,11008
11070,11090,11108,11120,11155,11081,11099,11115,11075,11086,11094,11094,11106,11121,11089,11094
11155,11175,11193,11203,11236,11166,11184,11199,11160,11170,11179,11179,11191,11203,11174,11179
11236,11255,11274,11285,11319,11246,11264,11280,11240,11251,11259,11259,11271,11285,11254,11259
11319,11339,11357,11368,11405,11330,11348,11363,11324,11334,11343,11343,11355,11369,11338,11343
11405,11426,11444,11455,11490,11416,11435,11450,11410,11421,11430,11430,11442,11456,11424,11430
11490,11510,11528,11539,11571,11501,11519,11534,11495,11506,11514,11514,11525,11542,11509,11514
11571,11590,11609,11618,11652,11581,11600,11615,11575,11586,11595,11595,11606,11620,11589,11595
11652,11672,11691,11702,11736,11663,11682,11697,11657,11668,11677,11677,11688,11703,11671,11677
11736,11756,11775,11784,11817,11747,11765,11780,11741,11751,11760,11760,11772,11785,11755,11760
11817,11837,11854,11863,11894,11827,11845,11860,11821,11832,11839,11839,11852,11865,11835,11839
11894,11914,11932,11940,11976,11904,11923,11939,11898,11909,11917,11917,11930,11947,11912,11917
11976,11996,12014,12022,12060,11986,12005,12021,11980,11991,11999,11999,12012,12026,11994,11999
12060,12080,12098,12106,12144,12070,12089,12105,12064,12075,12083,12083,12096,12111,12078,12083
12144,12164,12182,12190,12229,12154,12173,12189,12148,12159,12167,12167,12180,12194,12162,12167
12229,12250,12269,12277,12317,12240,12259,12275,12234,12245,12253,12253,12267,12281,12248,12253
12317,12338,12357,12365,12402,12328,12347,12364,12322,12333,12341,12341,12355,12369,12337,12341
12402,12422,12440,12450,12482,12413,12431,12447,12406,12417,12426,12426,12438,12452,12421,12426
12482,12501,12519,12529,12563,12492,12510,12526,12485,12496,12505,12505,12517,12533,12500,12505
12563,12583,12601,12613,12644,12574,12592,12609,12567,12578,12586,12586,12599,12614,12581,12586
12644,12664,12682,12693,12724,12654,12673,12688,12648,12659,12667,12667,12680,12693,12662,12667
12724,12743,12761,12772,12800,12734,12752,12767,12728,12738,12746,12746,12759,12772,12742,12746
12800,12819,12838,12848,12879,12810,12828,12844,12804,12815,12824,12824,12836,12849,12819,12824
12879,12899,12917,12928,12961,12890,12908,12923,12884,12894,12902,12902,12915,12928,12897,12902
12961,12981,12999,13009,13046,12972,12990,13006,12966,12976,12985,12985,12997,13011,12980,12985
13046,13066,13084,13094,13128,13057,13075,13091,13051,13061,13069,13069,13081,13096,13064,13069
13128,13148,13166,13174,13212,13139,13157,13172,13133,13143,13151,13151,13164,13177,13146,13151
13212,13233,13251,13258,13298,13223,13241,13257,13217,13227,13235,13235,13249,13263,13230,13235
13298,13318,13337,13345,13382,13309,13328,13344,13302,13313,13323,13323,13335,13348,13316,13323
13382,13402,13419,13427,13462,13392,13411,13426,13386,13397,13406,13406,13417,13431,13401,13406
13462,13482,13500,13506,13543,13472,13490,13505,13466,13476,13484,13484,13498,13509,13479,13484
13543,13563,13580,13588,13625,13553,13572,13587,13546,13557,13566,13566,13578,13594,13561,13566
13625,13645,13664,13671,13707,13635,13654,13670,13629,13639,13648,13648,13661,13674,13643,13648
13707,13727,13745,13753,13787,13717,13736,13752,13711,13722,13730,13730,13742,13757,13725,13730
13787,13807,13824,13832,13868,13797,13816,13831,13791,13801,13809,13809,13822,13837,13805,13809
13868,13888,13906,13913,13950,13878,13898,13912,13872,13883,13892,13892,13904,13918,13886,13892
13950,13971,13989,13996,14034,13961,13980,13995,13955,13965,13974,13974,13987,14001,13969,13974
14034,14054,14072,14080,14115,14045,14063,14079,14039,14049,14058,14058,14070,14088,14053,14058
14115,14134,14152,14162,14196,14125,14143,14159,14119,14130,14138,14138,14150,14166,14133,14138
14196,14215,14234,14244,14278,14206,14225,14240,14200,14211,14219,14219,14232,14245,14214,14219
14278,14297,14316,14325,14361,14288,14307,14322,14282,14292,14301,14301,14314,14329,14296,14301
14361,14381,14399,14409,14446,14372,14390,14406,14366,14376,14385,14385,14397,14411,14380,14385
14446,14465,14484,14494,14530,14456,14475,14490,14450,14461,14470,14470,14481,14496,14464,14470
14530,14550,14568,14579,14615,14541,14560,14575,14535,14545,14554,14554,14566,14580,14548,14554
14615,14636,14654,14663,14703,14626,14645,14660,14620,14631,14640,14640,14652,14665,14634,14640
14703,14724,14742,14752,14788,14714,14733,14749,14708,14719,14728,14728,14740,14755,14723,14728
14788,14808,14826,14836,14871,14799,14817,14833,14793,14803,14812,14812,14824,14837,14807,14812
14871,14891,14910,14920,14956,14882,14901,14917,14876,14887,14896,14896,14908,14922,14890,14896
14956,14976,14995,15005,15040,14967,14986,15002,14961,14971,14981,14981,14993,15008,14975,14981
15040,15060,15079,15089,15122,15051,15070,15086,15045,15056,15065,15065,15077,15092,15059,15065
15122,15141,15159,15169,15200,15132,15150,15165,15126,15137,15145,15145,15157,15171,15140,15145
15200,15220,15238,15247,15281,15210,15229,15244,15204,15215,15224,15224,15236,15250,15218,15224
15281,15301,15320,15326,15365,15292,15310,15325,15285,15296,15305,15305,15318,15330,15299,15305
15365,15387,15404,15412,15455,15376,15396,15411,15370,15381,15389,15389,15402,15416,15384,15389
15455,15475,15493,15500,15540,15465,15484,15499,15459,15469,15478,15478,15490,15505,15472,15478
15540,15561,15578,15586,15627,15551,15570,15585,15545,15555,15563,15563,15576,15591,15558,15563
15627,15648,15665,15671,15715,15636,15656,15670,15630,15641,15649,15649,15662,15675,15644,15649
15715,15737,15754,15760,15806,15725,15746,15759,15719,15729,15738,15738,15752,15767,15732,15738
15806,15828,15846,15852,15897,15817,15836,15851,15810,15821,15829,15829,15844,15855,15824,15829
15897,15918,15936,15942,15984,15908,15927,15941,15901,15912,15919,15919,15934,15946,15916,15919
15984,16005,16022,16029,16069,15995,16014,16028,15988,15999,16007,16007,16020,16034,16002,16007
16069,16090,16108,16115,16155,16079,16099,16114,16073,16084,16096,16096,16106,16123,16087,16096
16155,16176,16194,16201,16242,16165,16185,16200,16159,16170,16179,16179,16192,16208,16174,16179
16242,16263,16281,16288,16326,16253,16272,16287,16246,16257,16265,16265,16278,16293,16261,16265
16326,16347,16364,16372,16410,16337,16355,16371,16330,16341,16348,16348,16362,16376,16345,16348
16410,16431,16450,16457,16500,16421,16441,16456,16415,16426,16435,16435,16448,16461,16430,16435
16500,16521,16539,16548,16589,16511,16530,16546,16505,16516,16524,16524,16537,16552,16520,16524
16589,16610,16629,16638,16677,16601,16620,16635,16595,16605,16614,16614,16627,16641,16609,16614
16677,16697,16716,16725,16763,16688,16707,16721,16682,16693,16702,16702,16714,16726,16696,16702
16763,16784,16802,16813,16852,16775,16794,16809,16768,16779,16788,16788,16800,16815,16783,16788
16852,16873,16891,16902,16940,16863,16882,16898,16857,16868,16876,16876,16889,16904,16871,16876
16940,16960,16979,16990,17023,16951,16969,16985,16945,16955,16964,16964,16976,16991,16959,16964
17023,17043,17061,17071,17104,17033,17052,17067,17027,17038,17047,17047,17058,17072,17042,17047
17104,17124,17143,17153,17189,17115,17134,17148,17109,17119,17128,17128,17141,17154,17123,17128
17189,17209,17228,17238,17279,17200,17219,17234,17194,17204,17213,17213,17226,17240,17208,17213
17279,17300,17318,17329,17368,17290,17309,17325,17284,17295,17304,17304,17316,17331,17298,17304
17368,17388,17407,17417,17454,17379,17397,17413,17373,17384,17393,17393,17404,17418,17387,17393
17454,17475,17493,17502,17542,17466,17484,17499,17459,17470,17479,17479,17491,17504,17474,17479
17542,17564,17582,17591,17632,17554,17573,17589,17548,17559,17568,17568,17580,17595,17562,17568
17632,17653,17672,17683,17718,17644,17663,17679,17638,17649,17658,17658,17670,17685,17652,17658
17718,17738,17756,17767,17803,17729,17747,17763,17723,17733,17742,17742,17754,17769,17737,17742
17803,17823,17842,17852,17889,17814,17833,17849,17808,17818,17827,17827,17840,17854,17821,17827
17889,17910,17929,17939,17977,17901,17920,17935,17895,17905,17914,17914,17927,17940,17909,17914
17977,17997,18015,18026,18061,17988,18006,18021,17982,17992,18001,18001,18013,18027,17996,18001
18061,18081,18099,18108,18145,18071,18089,18105,18065,18076,18084,18084,18097,18109,18079,18084
18145,18165,18184,18194,18234,18156,18175,18190,18150,18161,18170,18170,18182,18196,18164,18170
18234,18255,18273,18284,18324,18245,18264,18279,18239,18250,18259,18259,18271,18284,18254,18259
18324,18345,18363,18374,18411,18336,18354,18370,18330,18341,18349,18349,18361,18375,18344,18349
18411,18431,18450,18460,18496,18422,18440,18455,18416,18426,18435,18435,18447,18461,18430,18435
18496,18516,18535,18546,18581,18507,18525,18541,18501,18511,18520,18520,18533,18546,18515,18520
18581,18602,18620,18631,18669,18592,18611,18627,18586,18597,18606,18606,18618,18632,18601,18606
18669,18690,18708,18719,18755,18681,18699,18714,18675,18685,18694,18694,18706,18720,18689,18694
18755,18775,18793,18804,18839,18766,18784,18799,18760,18770,18780,18780,18791,18804,18774,18780
18839,18858,18877,18888,18923,18849,18868,18883,18843,18854,18863,18863,18875,18888,18858,18863
18923,18943,18962,18973,19009,18934,18953,18968,18928,18939,18947,18947,18960,18975,18942,18947
19009,19030,19048,19058,19094,19020,19039,19054,19014,19025,19033,19033,19045,19059,19028,19033
19094,19115,19133,19142,19179,19105,19124,19138,19099,19110,19118,19118,19131,19143,19113,19118
19179,19200,19218,19225,19268,19190,19209,19224,19184,19194,19202,19202,19216,19234,19197,19202
19268,19290,19308,19315,19359,19279,19299,19314,19273,19284,19292,19292,19307,19318,19287,19292
19359,19380,19399,19406,19448,19370,19389,19405,19364,19375,19382,19382,19397,19411,19378,19382
19448,19469,19487,19494,19534,19459,19478,19493,19453,19464,19472,19472,19485,19503,19467,19472
19534,19555,19573,19581,19621,19545,19564,19580,19539,19550,19558,19558,19571,19586,19554,19558
19621,19642,19661,19668,19708,19632,19651,19667,19626,19637,19646,19646,19659,19673,19640,19646
19708,19729,19748,19757,19797,19719,19738,19754,19713,19724,19733,19733,19746,19759,19727,19733
19797,19817,19835,19846,19880,19808,19826,19842,19802,19812,19821,19821,19833,19849,19816,19821
19880,19899,19918,19928,19963,19890,19908,19924,19884,19895,19903,19903,19915,19930,19898,19903
19963,19983,20001,20013,20047,19973,19992,20008,19967,19978,19986,19986,19999,20014,19981,19986
20047,20067,20086,20098,20134,20058,20076,20093,20052,20063,20072,20072,20084,20098,20067,20072
20134,20154,20172,20184,20217,20145,20162,20179,20139,20149,20157,20157,20170,20184,20153,20157
20217,20236,20254,20266,20301,20227,20245,20261,20221,20232,20240,20240,20252,20268,20235,20240
20301,20321,20339,20350,20388,20312,20330,20346,20306,20316,20325,20325,20337,20352,20320,20325
20388,20408,20427,20439,20475,20399,20418,20434,20393,20404,20412,20412,20425,20439,20407,20412
20475,20495,20513,20524,20559,20486,20504,20519,20480,20491,20499,20499,20511,20525,20494,20499
20559,20579,20597,20607,20644,20570,20588,20604,20564,20574,20583,20583,20595,20611,20578,20583
20644,20664,20683,20692,20729,20655,20674,20690,20649,20659,20669,20669,20681,20697,20663,20669
20729,20749,20768,20779,20813,20740,20759,20775,20734,20745,20754,20754,20766,20780,20748,20754
20813,20833,20851,20861,20894,20824,20842,20858,20818,20828,20837,20837,20849,20865,20832,20837
20894,20914,20932,20942,20978,20905,20923,20939,20899,20909,20918,20918,20930,20945,20913,20918
20978,20998,21017,21026,21063,20989,21008,21023,20983,20993,21002,21002,21014,21029,20997,21002
21063,21084,21103,21114,21151,21075,21094,21110,21069,21080,21089,21089,21101,21116,21083,21089
21151,21172,21190,21202,21237,21163,21181,21198,21157,21168,21176,21176,21188,21203,21171,21176
21237,21256,21275,21285,21320,21247,21265,21282,21241,21252,21260,21260,21272,21288,21256,21260
21320,21340,21358,21368,21403,21330,21349,21365,21324,21335,21344,21344,21356,21371,21339,21344
21403,21423,21442,21453,21483,21414,21432,21449,21408,21419,21427,21427,21440,21455,21422,21427
21483,21502,21520,21530,21560,21493,21511,21526,21487,21497,21505,21505,21518,21531,21501,21505
21560,21580,21598,21607,21642,21571,21589,21604,21565,21575,21584,21584,21596,21610,21579,21584
21642,21662,21680,21689,21732,21652,21671,21686,21646,21657,21666,21666,21678,21692,21661,21666
21732,21755,21772,21782,21827,21745,21764,21779,21739,21749,21758,21758,21771,21784,21753,21758
21827,21848,21866,21875,21917,21839,21857,21872,21833,21843,21851,21851,21864,21878,21847,21851
21917,21938,21956,21965,22007,21928,21947,21962,21922,21933,21941,21941,21954,21967,21936,21941
22007,22028,22047,22054,22098,22018,22037,22053,22012,22023,22031,22031,22045,22059,22026,22031
22098,22120,22139,22147,22189,22110,22130,22146,22104,22115,22123,22123,22137,22151,22119,22123
22189,22210,22228,22236,22273,22200,22219,22235,22194,22205,22214,22214,22226,22241,22209,22214
22273,22293,22311,22321,22356,22284,22302,22318,22278,22289,22297,22297,22309,22324,22293,22297
22356,22376,22395,22405,22440,22367,22385,22401,22361,22371,22380,22380,22393,22408,22375,22380
22440,22460,22479,22489,22522,22450,22469,22485,22444,22455,22465,22465,22476,22490,22459,22465
22522,22541,22559,22571,22602,22532,22550,22566,22526,22537,22545,22545,22557,22571,22540,22545
22602,22621,22640,22650,22684,22612,22630,22646,22606,22617,22626,22626,22637,22652,22620,22626
22684,22703,22722,22733,22769,22694,22713,22729,22689,22699,22709,22709,22720,22736,22702,22709
22769,22789,22808,22819,22857,22780,22798,22815,22774,22784,22794,22794,22806,22820,22788,22794
22857,22877,22896,22907,22941,22868,22886,22902,22862,22873,22882,22882,22893,22907,22877,22882
22941,22961,22979,22991,23026,22952,22969,22986,22945,22956,22964,22964,22977,22992,22960,22964
23026,23046,23065,23076,23112,23037,23055,23072,23031,23041,23051,23051,23063,23078,23045,23051
23112,23133,23151,23163,23194,23124,23142,23158,23118,23128,23137,23137,23149,23164,23132,23137
23194,23214,23232,23243,23274,23205,23223,23239,23199,23209,23217,23217,23230,23243,23213,23217
23274,23294,23312,23322,23357,23285,23303,23319,23279,23289,23298,23298,23310,23324,23293,23298
23357,23377,23396,23407,23442,23368,23386,23403,23362,23373,23381,23381,23394,23409,23376,23381
23442,23462,23480,23490,23525,23453,23472,23487,23447,23458,23466,23466,23478,23494,23461,23466
23525,23544,23562,23572,23607,23535,23554,23569,23529,23540,23548,23548,23560,23574,23543,23548
23607,23627,23645,23655,23694,23618,23636,23653,23612,23622,23631,23631,23643,23659,23625,23631
23694,23715,23734,23742,23778,23706,23725,23741,23700,23710,23719,23719,23732,23746,23713,23719
23778,23799,23816,23823,23858,23789,23807,23822,23783,23794,23802,23802,23814,23827,23797,23802
23858,23878,23896,23903,23939,23869,23887,23902,23863,23873,23881,23881,23894,23907,23877,23881
23939,23960,23978,23987,24026,23950,23969,23984,23944,23955,23962,23962,23976,23990,23958,23962
24026,24046,24065,24072,24108,24037,24056,24071,24030,24041,24050,24050,24062,24076,24045,24050
24108,24128,24146,24154,24189,24118,24137,24151,24112,24123,24131,24131,24143,24156,24126,24131
24189,24209,24227,24234,24274,24200,24218,24233,24193,24204,24212,24212,24225,24239,24207,24212
24274,24296,24314,24321,24363,24286,24305,24320,24280,24290,24299,24299,24312,24326,24294,24299
24363,24384,24402,24411,24446,24374,24393,24408,24368,24379,24387,24387,24400,24413,24382,24387
24446,24466,24484,24494,24525,24457,24475,24490,24450,24461,24468,24468,24482,24495,24465,24468
24525,24544,24562,24569,24604,24535,24553,24568,24528,24539,24547,24547,24560,24574,24543,24547
24604,24624,24642,24650,24686,24614,24633,24649,24608,24618,24626,24626,24639,24654,24621,24626
24686,24706,24724,24731,24766,24696,24715,24730,24690,24700,24709,24709,24722,24737,24703,24709
24766,24786,24804,24813,24849,24776,24795,24810,24770,24780,24789,24789,24802,24814,24784,24789
24849,24869,24886,24893,24938,24859,24878,24892,24853,24863,24872,24872,24884,24898,24866,24872
24938,24959,24977,24983,25029,24949,24969,24982,24942,24953,24964,24964,24975,24989,24956,24964
25029,25049,25065,25076,25114,25038,25057,25072,25032,25042,25050,25050,25063,25078,25045,25050
25114,25134,25152,25159,25200,25124,25143,25157,25117,25128,25136,25136,25149,25162,25131,25136
25200,25221,25238,25245,25286,25210,25229,25244,25204,25214,25221,25221,25236,25251,25217,25221
25286,25306,25324,25331,25368,25296,25315,25330,25290,25301,25309,25309,25322,25336,25304,25309
25368,25388,25406,25411,25450,25378,25397,25410,25372,25383,25392,25392,25403,25414,25387,25392
25450,25470,25488,25495,25531,25459,25479,25494,25453,25464,25471,25471,25485,25501,25467,25471
25531,25552,25570,25579,25614,25541,25561,25578,25535,25546,25555,25555,25568,25584,25550,25555
25614,25635,25653,25660,25695,25625,25644,25659,25618,25630,25637,25637,25650,25668,25634,25637
25695,25715,25732,25740,25776,25705,25724,25739,25699,25710,25717,25717,25730,25744,25713,25717
25776,25796,25814,25824,25861,25787,25805,25821,25780,25791,25799,25799,25812,25826,25795,25799
25861,25881,25899,25911,25946,25872,25890,25906,25865,25876,25885,25885,25897,25911,25880,25885
25946,25966,25984,25995,26028,25957,25974,25990,25951,25961,25970,25970,25982,25995,25965,25970
26028,26047,26066,26077,26112,26038,26056,26072,26032,26043,26051,26051,26064,26077,26047,26051
26112,26132,26151,26161,26198,26123,26141,26158,26117,26127,26136,26136,26149,26163,26131,26136
26198,26217,26236,26247,26280,26208,26227,26243,26202,26213,26221,26221,26234,26248,26217,26221
26280,26299,26317,26329,26361,26290,26308,26324,26284,26295,26303,26303,26315,26329,26299,26303
26361,26380,26399,26410,26445,26371,26389,26405,26365,26376,26384,26384,26397,26411,26380,26384
26445,26465,26483,26495,26531,26456,26474,26490,26449,26460,26468,26468,26481,26497,26464,26468
26531,26551,26569,26581,26614,26542,26560,26576,26536,26547,26555,26555,26567,26582,26550,26555
26614,26635,26652,26663,26697,26626,26643,26659,26619,26630,26638,26638,26650,26664,26634,26638
26697,26717,26735,26746,26781,26707,26726,26742,26701,26712,26721,26721,26733,26747,26716,26721
26781,26801,26820,26830,26867,26792,26811,26827,26786,26797,26806,26806,26818,26832,26800,26806
26867,26887,26905,26916,26950,26878,26896,26912,26872,26883,26891,26891,26903,26917,26886,26891
26950,26970,26987,26997,27031,26961,26979,26995,26955,26965,26973,26973,26985,27000,26969,26973
27031,27050,27069,27079,27111,27041,27060,27075,27035,27045,27054,27054,27067,27080,27049,27054
27111,27131,27150,27160,27194,27122,27141,27156,27116,27127,27135,27135,27148,27161,27130,27135
27194,27215,27233,27243,27276,27205,27224,27239,27199,27210,27218,27218,27231,27244,27213,27218
27276,27296,27314,27323,27359,27287,27305,27321,27281,27292,27300,27300,27312,27327,27295,27300
27359,27379,27397,27408,27445,27369,27388,27404,27363,27374,27382,27382,27395,27410,27377,27382
27445,27465,27484,27495,27530,27456,27475,27491,27450,27461,27469,27469,27482,27497,27464,27469
27530,27551,27569,27579,27613,27542,27560,27575,27535,27546,27555,27555,27567,27580,27550,27555
27613,27632,27651,27662,27695,27623,27641,27657,27617,27628,27636,27636,27648,27663,27631,27636
27695,27715,27734,27745,27779,27706,27724,27740,27700,27711,27719,27719,27732,27746,27714,27719
27779,27800,27818,27830,27865,27791,27809,27826,27785,27795,27803,27803,27816,27832,27799,27803
27865,27886,27904,27915,27948,27877,27894,27910,27871,27881,27889,27889,27901,27915,27885,27889
27948,27967,27985,27998,28031,27958,27976,27992,27952,27963,27972,27972,27983,27998,27967,27972
28031,28051,28070,28082,28120,28042,28060,28077,28036,28047,28056,28056,28067,28083,28051,28056
28120,28141,28159,28172,28206,28132,28150,28166,28126,28136,28146,28146,28157,28172,28140,28146
28206,28226,28245,28256,28293,28217,28235,28251,28211,28222,28232,28232,28243,28256,28226,28232
28293,28314,28333,28344,28382,28305,28323,28339,28298,28309,28319,28319,28331,28345,28313,28319
28382,28403,28422,28434,28468,28394,28412,28428,28388,28398,28409,28409,28420,28434,28402,28409
28468,28488,28506,28518,28548,28479,28496,28512,28473,28484,28493,28493,28504,28519,28488,28493
28548,28568,28586,28598,28631,28559,28577,28593,28553,28563,28573,28573,28584,28598,28567,28573
28631,28650,28669,28680,28715,28641,28660,28676,28636,28646,28655,28655,28667,28681,28650,28655
28715,28735,28754,28766,28801,28726,28745,28760,28720,28731,28740,28740,28752,28767,28735,28740
28801,28821,28840,28851,28891,28813,28830,28846,28806,28817,28826,28826,28838,28852,28821,28826
28891,28911,28930,28941,28982,28902,28921,28937,28896,28907,28915,28915,28928,28942,28910,28915
28982,29004,29023,29034,29073,28994,29013,29030,28988,28999,29008,29008,29021,29037,29003,29008
29073,29094,29112,29122,29158,29085,29103,29119,29079,29089,29098,29098,29110,29126,29093,29098
29158,29178,29196,29206,29241,29169,29187,29203,29163,29173,29182,29182,29194,29207,29177,29182
29241,29261,29280,29290,29327,29252,29271,29287,29246,29257,29266,29266,29278,29293,29260,29266
29327,29347,29366,29373,29416,29338,29357,29372,29332,29343,29352,29352,29364,29380,29346,29352
29416,29437,29456,29467,29505,29428,29446,29462,29422,29433,29441,29441,29454,29468,29436,29441
29505,29525,29543,29553,29591,29516,29534,29550,29510,29520,29530,29530,29541,29555,29524,29530
29591,29612,29630,29639,29682,29603,29622,29637,29597,29607,29616,29616,29628,29642,29610,29616
29682,29704,29722,29731,29777,29694,29713,29728,29688,29698,29706,29706,29720,29733,29702,29706
29777,29797,29816,29827,29867,29788,29807,29823,29782,29792,29801,29801,29814,29828,29796,29801
29867,29887,29905,29914,29951,29877,29896,29912,29871,29882,29891,29891,29903,29918,29886,29891
29951,29972,29990,29999,30036,29962,29981,29997,29956,29967,29976,29976,29988,30002,29971,29976
30036,30056,30074,30084,30122,30047,30065,30082,30040,30051,30060,30060,30072,30087,30055,30060
30122,30142,30161,30170,30202,30132,30151,30167,30126,30137,30145,30145,30158,30172,30141,30145
30202,30221,30240,30250,30279,30212,30230,30246,30206,30217,30227,30227,30238,30251,30221,30227
30279,30298,30317,30327,30358,30289,30308,30323,30283,30294,30303,30303,30315,30328,30297,30303
30358,30377,30396,30406,30443,30368,30387,30402,30362,30373,30382,30382,30394,30407,30376,30382
30443,30463,30482,30492,30531,30454,30472,30488,30448,30458,30468,30468,30479,30493,30462,30468
30531,30550,30569,30580,30615,30542,30560,30575,30536,30546,30555,30555,30566,30580,30549,30555
30615,30635,30654,30665,30704,30627,30645,30660,30621,30631,30641,30641,30652,30665,30635,30641
30704,30724,30743,30753,30795,30715,30733,30749,30709,30720,30730,30730,30741,30754,30724,30730
30795,30815,30834,30846,30886,30806,30825,30841,30800,30811,30821,30821,30832,30846,30815,30821
30886,30906,30925,30937,30972,30897,30915,30931,30891,30902,30913,30913,30923,30937,30906,30913
30972,30992,31011,31022,31057,30983,31001,31017,30977,30987,30998,30998,31009,31024,30991,30998
31057,31077,31096,31107,31141,31068,31086,31102,31062,31072,31082,31082,31094,31108,31076,31082
31141,31161,31180,31191,31222,31151,31170,31186,31145,31156,31165,31165,31178,31191,31160,31165
31222,31240,31259,31270,31299,31232,31250,31265,31226,31236,31245,31245,31257,31270,31239,31245
31299,31318,31337,31347,31378,31309,31328,31343,31303,31314,31323,31323,31335,31348,31317,31323
31378,31397,31416,31425,31461,31388,31407,31422,31382,31392,31401,31401,31414,31426,31395,31401
31461,31482,31500,31508,31556,31472,31491,31507,31466,31476,31485,31485,31497,31514,31479,31485
31556,31577,31595,31602,31649,31567,31586,31600,31561,31571,31580,31580,31593,31604,31574,31580
31649,31669,31686,31695,31740,31658,31678,31694,31652,31662,31672,31672,31683,31699,31666,31672
31740,31761,31779,31785,31836,31750,31771,31783,31744,31754,31764,31764,31777,31787,31758,31764
31836,31858,31874,31881,31932,31846,31866,31879,31840,31850,31859,31859,31872,31883,31854,31859
31932,31952,31969,31975,32018,31941,31961,31974,31935,31945,31954,31954,31966,31984,31949,31954
32018,32039,32056,32064,32105,32028,32047,32061,32022,32033,32040,32040,32054,32065,32036,32040
32105,32126,32144,32151,32190,32115,32135,32150,32109,32120,32128,32128,32141,32158,32123,32128
32190,32210,32228,32234,32271,32199,32219,32233,32193,32204,32214,32214,32226,32238,32208,32214
32271,32291,32309,32314,32349,32280,32299,32313,32274,32284,32293,32293,32306,32318,32288,32293
32349,32369,32386,32392,32431,32358,32378,32391,32352,32362,32370,32370,32384,32395,32365,32370
32431,32451,32467,32476,32518,32440,32459,32473,32434,32444,32452,32452,32464,32479,32446,32452
32518,32539,32556,32563,32611,32528,32548,32562,32522,32532,32541,32541,32553,32567,32535,32541
32611,32631,32648,32658,32699,32620,32640,32653,32614,32624,32635,32635,32646,32660,32628,32635
32699,32719,32735,32743,32782,32708,32727,32740,32702,32712,32720,32720,32733,32748,32715,32720
32782,32802,32818,32826,32864,32791,32810,32825,32785,32795,32803,32803,32816,32833,32798,32803
32864,32885,32902,32910,32947,32874,32894,32909,32867,32878,32888,32888,32900,32915,32881,32888
32947,32966,32985,32991,33030,32955,32975,32990,32949,32959,32969,32969,32983,33000,32963,32969
33030,33050,33068,33076,33119,33039,33059,33075,33033,33043,33052,33052,33066,33082,33046,33052
33119,33137,33158,33168,33201,33128,33146,33163,33122,33132,33140,33140,33156,33167,33135,33140
33201,33219,33235,33250,33278,33210,33227,33243,33204,33213,33220,33221,33233,33252,33216,33221
33278,33296,33314,33324,33351,33287,33306,33318,33281,33291,33301,33301,33312,33321,33295,33301
33351,33369,33386,33392,33419,33359,33378,33391,33353,33363,33371,33371,33383,33400,33366,33371
33419,33438,33456,33462,33489,33427,33446,33461,33421,33431,33439,33439,33453,33465,33434,33439
33489,33508,33526,33531,33571,33498,33515,33530,33492,33501,33508,33508,33524,33534,33504,33508
33571,33590,33605,33617,33667,33579,33597,33612,33573,33583,33591,33591,33602,33617,33586,33591
33667,33686,33703,33715,33759,33676,33695,33708,33671,33680,33689,33691,33701,33719,33683,33691
33759,33778,33795,33801,33849,33768,33787,33800,33763,33772,33781,33781,33793,33802,33775,33781
33849,33869,33890,33897,33936,33858,33876,33893,33852,33862,33880,33883,33888,33897,33865,33869
33936,33954,33973,33981,34015,33945,33964,33977,33938,33949,33959,33959,33971,33981,33952,33959
34015,34033,34051,34058,34088,34023,34043,34055,34017,34027,34036,34036,34049,34063,34030,34036
34088,34108,34126,34133,34158,34097,34117,34132,34091,34101,34107,34107,34124,34140,34104,34107
34158,34177,34193,34199,34229,34167,34186,34198,34161,34171,34179,34180,34191,34204,34174,34180
34229,34248,34265,34270,34302,34237,34257,34269,34231,34242,34251,34251,34262,34276,34245,34251
34302,34323,34340,34344,34387,34311,34331,34343,34305,34315,34323,34323,34337,34348,34318,34323
34387,34408,34425,34430,34473,34396,34416,34429,34390,34400,34408,34408,34423,34434,34404,34408
34473,34494,34511,34519,34559,34483,34503,34518,34476,34487,34496,34496,34509,34528,34490,34496
34559,34581,34599,34604,34642,34569,34588,34603,34563,34573,34580,34580,34597,34607,34576,34580
34642,34663,34680,34687,34722,34652,34672,34686,34646,34657,34665,34665,34678,34691,34660,34665
34722,34742,34758,34763,34796,34731,34749,34762,34725,34735,34742,34742,34755,34767,34738,34742
34796,34815,34832,34839,34866,34805,34823,34838,34799,34810,34817,34817,34829,34841,34813,34817
34866,34885,34903,34908,34934,34875,34894,34907,34869,34880,34886,34886,34900,34911,34883,34886
34934,34954,34972,34977,35005,34943,34964,34976,34937,34947,34957,34957,34969,34979,34951,34957
35005,35024,35042,35047,35081,35014,35034,35046,35007,35018,35027,35027,35040,35050,35021,35027
35081,35102,35120,35125,35167,35090,35110,35124,35084,35094,35103,35103,35117,35128,35097,35103
35167,35189,35205,35211,35257,35177,35197,35210,35170,35181,35189,35189,35203,35217,35184,35189
35257,35278,35296,35300,35342,35266,35287,35299,35260,35270,35286,35286,35294,35303,35273,35286
35342,35363,35380,35385,35425,35352,35373,35384,35346,35357,35367,35367,35378,35386,35361,35367
35425,35445,35463,35470,35502,35434,35454,35469,35428,35438,35446,35446,35461,35475,35442,35446
35502,35521,35537,35544,35577,35511,35528,35543,35505,35516,35526,35526,35534,35550,35526,35539
35577,35596,35616,35620,35649,35585,35603,35619,35579,35589,35607,35607,35614,35623,35592,35607
35649,35669,35684,35692,35720,35658,35676,35691,35651,35662,35669,35669,35681,35696,35665,35669
35720,35739,35756,35763,35792,35729,35748,35762,35722,35733,35742,35742,35753,35767,35736,35742
35792,35811,35828,35834,35875,35801,35821,35833,35795,35805,35814,35814,35826,35838,35808,35814
35875,35896,35912,35918,35962,35884,35903,35917,35878,35888,35896,35896,35910,35922,35891,35896
35962,35983,36000,36006,36050,35971,35992,36005,35965,35976,35985,35985,35998,36011,35979,35985
36050,36072,36088,36095,36135,36060,36079,36094,36054,36065,36071,36071,36086,36099,36068,36071
36135,36157,36175,36181,36218,36145,36166,36180,36139,36150,36161,36161,36173,36185,36154,36161
36218,36238,36255,36262,36296,36228,36246,36261,36221,36232,36240,36240,36253,36266,36235,36240
36296,36315,36334,36339,36370,36305,36324,36338,36299,36310,36317,36317,36331,36342,36317,36336
36370,36390,36407,36414,36442,36379,36399,36413,36373,36384,36392,36392,36405,36419,36387,36392
36442,36462,36479,36485,36514,36451,36470,36484,36445,36456,36463,36463,36476,36487,36459,36463
36514,36533,36551,36559,36593,36523,36542,36558,36517,36528,36536,36536,36549,36564,36531,36536
36593,36614,36630,36638,36681,36603,36622,36637,36597,36608,36615,36615,36628,36642,36611,36615
36681,36702,36720,36727,36768,36691,36711,36726,36685,36696,36709,36709,36718,36733,36699,36709
36768,36789,36807,36813,36852,36778,36798,36812,36772,36783,36792,36792,36804,36818,36786,36792
36852,36873,36891,36897,36934,36862,36882,36896,36856,36867,36875,36875,36889,36899,36870,36875
36934,36954,36972,36979,37011,36944,36963,36978,36938,36949,36957,36957,36970,36983,36952,36957
37011,37031,37048,37057,37085,37021,37040,37056,37014,37025,37033,37033,37045,37062,37028,37033
37085,37106,37124,37129,37158,37095,37114,37128,37089,37100,37107,37107,37121,37133,37103,37107
37158,37178,37196,37203,37230,37168,37187,37202,37161,37172,37180,37180,37193,37210,37176,37180
37230,37250,37267,37275,37304,37239,37259,37274,37233,37244,37252,37252,37264,37278,37247,37252
37304,37324,37341,37350,37384,37314,37333,37349,37307,37319,37326,37326,37339,37354,37322,37326
37384,37405,37424,37430,37468,37394,37414,37429,37388,37399,37406,37406,37422,37433,37403,37406
37468,37490,37508,37516,37553,37479,37499,37515,37473,37484,37491,37491,37506,37523,37488,37491
37553,37574,37593,37600,37637,37564,37583,37599,37557,37569,37575,37575,37591,37605,37575,37596
37637,37657,37675,37684,37716,37647,37666,37683,37641,37652,37660,37660,37673,37688,37656,37660
37716,37736,37754,37761,37791,37726,37744,37760,37720,37731,37741,37741,37751,37767,37736,37741
37791,37810,37829,37838,37863,37801,37819,37836,37795,37806,37815,37815,37826,37843,37810,37815
37863,37882,37901,37908,37933,37873,37891,37907,37866,37878,37882,37882,37899,37911,37882,37904
37933,37952,37971,37978,38006,37943,37961,37976,37937,37948,37957,37957,37968,37981,37952,37957
38006,38026,38043,38050,38087,38016,38034,38049,38009,38021,38029,38029,38040,38054,38025,38029
38087,38108,38126,38133,38176,38098,38117,38132,38091,38102,38111,38111,38124,38137,38106,38111
38176,38198,38215,38224,38266,38188,38207,38223,38181,38192,38200,38200,38213,38228,38196,38200
38266,38289,38306,38315,38353,38278,38298,38314,38272,38283,38290,38290,38304,38321,38287,38290
38353,38375,38393,38401,38438,38365,38384,38400,38358,38370,38378,38378,38392,38405,38374,38378
38438,38459,38476,38484,38516,38449,38468,38483,38442,38454,38460,38460,38474,38489,38459,38460
38516,38536,38554,38562,38589,38527,38545,38561,38520,38532,38540,38540,38552,38566,38536,38540
38589,38609,38626,38636,38659,38599,38618,38635,38593,38604,38611,38611,38623,38641,38607,38611
38659,38679,38697,38703,38730,38669,38688,38702,38663,38674,38680,38680,38694,38706,38678,38680
38730,38749,38767,38774,38805,38740,38758,38773,38733,38745,38753,38753,38765,38778,38749,38753
38805,38826,38844,38852,38890,38816,38835,38850,38809,38821,38828,38828,38842,38855,38825,38828
38890,38911,38929,38936,38980,38901,38920,38935,38895,38906,38914,38914,38927,38940,38910,38914
38980,39002,39020,39028,39069,38992,39011,39027,38986,38997,39005,39005,39018,39032,39000,39005
39069,39091,39109,39116,39157,39081,39100,39115,39075,39086,39093,39093,39107,39120,39089,39093
39157,39179,39197,39205,39243,39169,39188,39204,39162,39174,39181,39181,39195,39210,39178,39181
39243,39263,39281,39290,39323,39254,39272,39288,39247,39258,39266,39266,39279,39293,39263,39266
39323,39343,39361,39368,39401,39333,39352,39367,39327,39338,39346,39346,39358,39371,39341,39346
39401,39421,39438,39445,39480,39411,39430,39444,39404,39415,39423,39423,39436,39449,39418,39423
39480,39500,39518,39526,39562,39490,39510,39525,39483,39494,39504,39504,39516,39534,39498,39504
39562,39582,39600,39607,39645,39572,39592,39606,39565,39576,39586,39586,39598,39612,39580,39586
39645,39666,39683,39689,39730,39655,39674,39688,39648,39660,39669,39669,39681,39693,39664,39669
39730,39749,39766,39774,39812,39739,39757,39773,39733,39744,39752,39752,39764,39779,39747,39752
39812,39832,39849,39856,39893,39822,39841,39855,39816,39826,39835,39835,39847,39859,39829,39835
39893,39914,39932,39938,39978,39903,39922,39937,39897,39908,39915,39915,39929,39941,39912,39915
39978,39999,40016,40022,40064,39988,40007,40021,39981,39992,40001,40001,40014,40031,39995,40001
40064,40085,40102,40109,40150,40074,40094,40108,40068,40079,40088,40088,40100,40115,40083,40088
40150,40172,40189,40196,40234,40161,40180,40195,40154,40165,40174,40174,40187,40200,40169,40174
40234,40255,40272,40280,40316,40245,40264,40279,40238,40250,40258,40258,40270,40285,40253,40258
40316,40336,40354,40362,40398,40326,40345,40360,40320,40331,40338,40338,40351,40365,40334,40338
40398,40418,40436,40443,40483,40408,40427,40442,40402,40412,40421,40421,40434,40447,40416,40421
40483,40504,40522,40530,40569,40494,40513,40529,40488,40499,40507,40507,40520,40535,40502,40507
40569,40590,40608,40615,40655,40580,40598,40614,40573,40585,40594,40594,40605,40618,40589,40594
40655,40676,40695,40703,40740,40666,40685,40701,40659,40671,40677,40677,40693,40707,40676,40677
40740,40760,40778,40787,40822,40751,40769,40784,40745,40756,40764,40764,40775,40790,40759,40764
40822,40842,40861,40869,40904,40833,40852,40867,40827,40838,40847,40847,40859,40871,40841,40847
40904,40924,40943,40951,40989,40915,40933,40949,40908,40919,40928,40928,40941,40954,40923,40928
40989,41009,41028,41035,41075,41000,41019,41034,40993,41004,41014,41014,41026,41039,41008,41014
41075,41096,41114,41123,41162,41086,41105,41121,41080,41091,41100,41100,41112,41126,41095,41100
41162,41184,41201,41211,41246,41174,41193,41208,41168,41179,41186,41186,41199,41214,41182,41186
41246,41267,41285,41293,41327,41257,41275,41290,41251,41262,41269,41269,41283,41296,41266,41269
41327,41347,41365,41375,41408,41337,41356,41371,41331,41342,41349,41349,41362,41378,41345,41349
41408,41429,41447,41457,41493,41419,41438,41453,41413,41424,41431,41431,41445,41459,41427,41431
41493,41514,41532,41542,41581,41504,41523,41538,41498,41509,41517,41517,41530,41543,41512,41517
41581,41603,41621,41631,41673,41593,41612,41627,41587,41598,41606,41606,41619,41633,41601,41606
41673,41694,41713,41724,41763,41685,41703,41719,41679,41689,41697,41697,41711,41725,41693,41697
41763,41783,41801,41812,41846,41774,41792,41808,41768,41779,41787,41787,41799,41813,41782,41787
41846,41866,41885,41896,41927,41857,41876,41892,41851,41862,41871,41871,41883,41898,41866,41871
41927,41947,41965,41974,42006,41937,41956,41971,41931,41942,41950,41950,41963,41977,41946,41950
42006,42026,42045,42055,42086,42016,42035,42051,42010,42021,42031,42031,42043,42057,42025,42031
42086,42106,42123,42129,42167,42096,42114,42128,42090,42100,42108,42108,42121,42132,42104,42108
42167,42188,42206,42212,42251,42178,42197,42211,42172,42182,42191,42191,42203,42217,42186,42191
42251,42271,42289,42295,42332,42260,42280,42294,42254,42265,42276,42276,42287,42301,42269,42276
42332,42352,42370,42376,42406,42341,42360,42375,42335,42346,42354,42354,42367,42379,42349,42354
42406,42425,42443,42447,42477,42415,42433,42446,42409,42419,42426,42426,42440,42451,42422,42426
42477,42496,42513,42517,42546,42486,42504,42516,42480,42490,42500,42500,42510,42520,42494,42500
42546,42564,42585,42593,42610,42554,42572,42589,42548,42558,42578,42578,42583,42594,42560,42578
42610,42627,42645,42654,42674,42618,42636,42650,42612,42622,42630,42630,42642,42657,42625,42630
42674,42691,42709,42713,42739,42682,42701,42712,42676,42686,42696,42696,42706,42714,42690,42696
42739,42756,42775,42783,42803,42747,42762,42778,42741,42752,42765,42765,42773,42782,42757,42765
42803,42821,42842,42851,42866,42812,42827,42835,42806,42818,42825,42825,42831,42835,42825,42833
42866,42885,42902,42907,42930,42876,42892,42905,42870,42881,42889,42889,42899,42909,42889,42903
42930,42947,42963,42968,42992,42938,42954,42966,42932,42942,42948,42948,42960,42969,42945,42948
42992,43009,43024,43030,43052,43000,43015,43029,42993,43004,43009,43009,43020,43044,43008,43009
43052,43069,43085,43097,43113,43061,43076,43089,43055,43066,43076,43076,43082,43094,43076,43086
43113,43129,43145,43156,43171,43121,43136,43152,43115,43125,43130,43130,43141,43157,43127,43130
43171,43188,43206,43214,43229,43180,43197,43213,43174,43185,43195,43195,43203,43220,43189,43195
43229,43246,43261,,43283,43238,43253,,43232,43244,43252,43252,43257,43265,43252,43260
43283,43304,43319,,43343,43296,43310,43329,43290,43302,43307,43307,43316,43334,43307,43319
43343,43359,43374,43392,43455,43351,43365,43410,43345,43358,43372,43387,43405,43415,43365,43377
43455,43472,43488,43496,43512,43464,43477,43491,43458,43469,43475,43475,43483,43497,43475,43492
43512,43527,43545,43550,43565,43520,43533,43547,43513,43524,43529,43529,43540,43551,43529,43545
43565,43581,43598,43605,43621,43574,43587,43601,43568,43578,43583,43583,43593,43606,43583,43598
43621,43636,43653,43662,43676,43629,43643,43656,43623,43633,43643,43643,43649,43662,43643,43654
43676,43692,43709,43712,43730,43685,43699,43711,43678,43690,43697,43697,43703,43717,43697,43712
43730,43749,43764,43769,43788,43740,43754,43766,43732,43745,43755,43755,43761,43770,43749,43755
43788,43803,43819,43825,43843,43796,43809,43820,43790,43800,43807,43807,43815,43824,43805,43807
43843,43858,43874,43879,43896,43850,43864,43876,43844,43855,43862,43862,43869,43880,43862,43874
43896,43912,43929,43934,43951,43904,43918,43932,43898,43909,43915,43915,43923,43936,43915,43931
43951,43966,44009,43985,44032,44015,,,43953,43963,43970,43970,43977,43988,43970,43981
44032,44047,44067,44076,44092,44070,44069,44069,44031,44049,44059,44059,44064,44076,44059,44069
44092,44127,44145,44171,44203,44101,44137,44152,44094,44104,44118,44127,44144,44152,44106,44123
44203,44221,44234,44241,44284,44210,44227,44236,44204,44213,44216,44222,44231,44240,44215,44219
44284,44299,44312,44318,44339,44292,44305,44317,44286,44296,44302,44302,44310,44327,44299,44302
44339,44353,44366,44377,44395,44347,44358,44372,44341,44351,44356,44356,44365,44376,44356,44371
44395,44409,44425,44436,44451,44402,44414,44427,44397,44407,44412,44412,44420,44430,44412,44424
44451,44465,44482,44490,44509,44458,44470,44485,44453,44463,44467,44467,44478,44490,44467,44484
44509,44524,44540,44547,44568,44516,44529,44543,44510,44521,44527,44527,44535,44550,44527,44539
44568,44583,44599,44608,44628,44575,44589,44601,44570,44580,44585,44585,44595,44611,44585,44599
44628,44644,44660,44667,44692,44637,44650,44663,44631,44641,44646,44646,44656,44667,44646,44662
44692,44707,44723,44731,44755,44700,44713,44726,44694,44704,44710,44710,44718,44730,44710,44725
44755,44770,44786,44795,44816,44762,44776,44790,44756,44767,44774,44774,44781,44797,44774,44785
44816,44832,44848,44856,44878,44824,44838,44851,44818,44828,44837,44837,44844,44856,44837,44850
44878,44893,44909,44918,44940,44886,44899,44912,44880,44891,44896,44896,44905,44917,44896,44911
44940,44956,44972,44980,45003,44948,44962,44975,44942,44953,44959,44959,44968,44979,44959,44973
45003,45018,45035,45043,45066,45011,45024,45037,45005,45015,45020,45020,45031,45042,45020,45036
45066,45081,45098,45106,45130,45074,45087,45101,45068,45079,45084,45084,45094,45105,45084,45100
45130,45146,45162,45171,45193,45138,45151,45165,45132,45143,45147,45147,45157,45170,45147,45164
45193,45208,45225,45234,45253,45201,45214,45229,45195,45206,45211,45211,45221,45235,45211,45227
45253,45269,45284,45292,45313,45262,45275,45287,45256,45266,45273,45273,45280,45294,45273,45284
45313,45328,45344,45353,45371,45321,45334,45347,45315,45325,45331,45331,45340,45354,45331,45345
45371,45387,45403,45412,45431,45379,45393,45406,45373,45384,45391,45391,45399,45415,45391,45403
45431,45447,45462,45469,45491,45439,45452,45465,45433,45444,45451,45451,45458,45470,45451,45463
45491,45507,45523,45530,45552,45499,45513,45526,45493,45505,45511,45511,45519,45530,45511,45524
45552,45569,45584,45592,45615,45561,45575,45587,45555,45566,45573,45573,45580,45596,45573,45584
45615,45632,45647,45655,45678,45624,45638,45651,45618,45629,45636,45636,45644,45655,45636,45649
45678,45695,45710,45719,45740,45687,45700,45714,45681,45692,45697,45697,45706,45719,45697,45712
45740,45756,45772,45781,45802,45749,45763,45776,45743,45753,45758,45758,45769,45782,45758,45773
45802,45818,45835,45843,45862,45811,45825,45838,45805,45815,45819,45819,45832,45843,45819,45837
45862,45878,45894,45903,45921,45870,45883,45896,45864,45875,45881,45881,45889,45905,45881,45894
45921,45936,45952,45958,45979,45929,45941,45954,45923,45933,45939,45939,45947,45958,45939,45952
45979,45994,46010,46019,46037,45987,46001,46013,45981,45991,46000,46000,46007,46018,45996,46000
46037,46053,46067,46073,46097,46045,46058,46070,46039,46051,46057,46057,46063,46073,46057,46067
46097,46112,46128,46135,46157,46105,46118,46130,46099,46109,46114,46114,46123,46138,46114,46128
46157,46173,46189,46196,46219,46166,46179,46192,46160,46170,46175,46175,46184,46198,46175,46189
46219,46235,46251,46258,46282,46227,46241,46253,46222,46232,46239,46239,46247,46258,46239,46252
46282,46298,46315,46322,46345,46291,46304,46317,46285,46295,46301,46301,46311,46321,46301,46316
46345,46362,46377,46385,46408,46354,46367,46380,46348,46359,46365,46365,46373,46385,46365,46379
46408,46425,46440,46449,46470,46417,46430,46443,46411,46422,46430,46430,46436,46452,46430,46440
46470,46487,46501,46507,46530,46479,46493,46504,46473,46484,46493,46493,46498,46515,46493,46502
46530,46547,46563,46570,46591,46539,46552,46565,46533,46544,46548,46548,46559,46569,46548,46564
46591,46607,46623,46632,46651,46599,46613,46627,46593,46604,46611,46611,46619,46633,46611,46625
46651,46667,46683,46692,46711,46659,46673,46686,46653,46664,46669,46669,46679,46692,46669,46684
46711,46727,46743,46751,46772,46720,46733,46746,46713,46725,46730,46730,46739,46752,46730,46745
46772,46788,46804,46811,46832,46780,46794,46807,46774,46785,46792,46792,46799,46811,46792,46805
46832,46848,46864,46871,46892,46841,46854,46867,46835,46846,46850,46850,46860,46873,46850,46865
46892,46909,46924,46932,46954,46901,46915,46927,46895,46906,46914,46914,46920,46932,46914,46925
46954,46970,46986,46993,47018,46963,46976,46989,46957,46967,46974,46974,46982,46994,46974,46988
47018,47036,47051,47059,47090,47028,47041,47054,47022,47033,47038,47038,47047,47059,47038,47054
47090,47107,47121,47128,47167,47099,47112,47124,47093,47103,47108,47108,47118,47133,47108,47122
47167,47184,47199,47206,47245,47176,47190,47202,47170,47180,47184,47184,47195,47208,47184,47201
47245,47263,47278,47286,47322,47255,47269,47281,47249,47259,47265,47265,47274,47287,47265,47280
47322,47340,47355,47364,47396,47332,47346,47358,47327,47337,47345,47345,47352,47364,47340,47345
47396,47413,47428,47437,47464,47405,47419,47432,47399,47409,47417,47417,47424,47438,47417,47429
47464,47481,47496,47504,47529,47473,47486,47499,47467,47477,47485,47485,47492,47504,47485,47497
47529,47545,47561,47569,47592,47537,47551,47564,47531,47542,47549,47549,47557,47569,47549,47562
47592,47608,47624,47632,47654,47600,47614,47627,47594,47605,47614,47614,47620,47632,47614,47625
47654,47670,47687,47694,47714,47662,47677,47690,47656,47666,47676,47676,47683,47695,47676,47689
47714,47731,47747,47754,47774,47723,47738,47750,47717,47728,47737,47737,47743,47756,47737,47748
47774,47791,47807,47813,47833,47782,47797,47810,47776,47788,47796,47796,47803,47814,47796,47807
47833,47850,47865,47872,47891,47842,47856,47869,47836,47847,47855,47855,47861,47876,47855,47865
47891,47907,47924,47931,47950,47900,47914,47927,47894,47904,47913,47913,47920,47932,47913,47925
47950,47966,47982,47988,48010,47958,47972,47985,47952,47963,47970,47970,47978,47989,47967,47970
48010,48027,48042,48049,48074,48019,48033,48045,48013,48023,48031,48031,48039,48049,48027,48031
48074,48091,48106,48114,48142,48083,48097,48110,48077,48087,48097,48097,48103,48116,48097,48108
48142,48160,48175,48183,48215,48151,48165,48179,48146,48156,48161,48161,48171,48185,48161,48177
48215,48233,48247,48255,48287,48225,48238,48251,48219,48229,48235,48235,48244,48257,48235,48249
48287,48305,48319,48327,48358,48297,48310,48323,48291,48302,48308,48308,48316,48328,48308,48321
48358,48374,48390,48399,48426,48366,48381,48393,48361,48371,48380,48380,48386,48400,48380,48391
48426,48443,48459,48466,48494,48435,48449,48462,48429,48439,48447,48447,48455,48467,48443,48447
48494,48511,48527,48534,48561,48503,48517,48530,48497,48507,48512,48512,48523,48535,48512,48529
48561,48578,48594,48602,48628,48571,48585,48598,48565,48575,48580,48580,48591,48604,48580,48595
48628,48645,48661,48670,48694,48637,48652,48665,48632,48642,48652,48652,48658,48670,48652,48662
48694,48711,48727,48735,48759,48703,48717,48730,48697,48708,48712,48712,48724,48735,48712,48729
48759,48775,48792,48801,48822,48768,48782,48795,48762,48772,48778,48778,48788,48801,48778,48793
48822,48838,48854,48862,48884,48830,48844,48857,48824,48835,48841,48841,48850,48863,48841,48855
48884,48899,48915,48921,48943,48892,48905,48917,48886,48896,48902,48902,48911,48922,48902,48916
48943,48960,48976,48984,49006,48953,48966,48980,48947,48957,48962,48962,48972,48985,48962,48980
49006,49022,49036,49041,49070,49015,49026,49038,49009,49019,49024,49024,49031,49044,49024,49037
49070,49087,49102,49111,49138,49079,49093,49105,49073,49084,49091,49091,49098,49110,49091,49104
49138,49155,49171,49178,49206,49147,49161,49174,49141,49152,49157,49157,49167,49180,49157,49173
49206,49224,49239,49248,49275,49216,49230,49242,49210,49221,49226,49226,49236,49248,49226,49240
49275,49292,49307,49314,49342,49284,49298,49310,49278,49288,49296,49296,49304,49315,49293,49296
49342,49359,49374,49380,49409,49351,49365,49377,49345,49355,49361,49361,49370,49384,49361,49374
49409,49426,49441,49449,49476,49418,49432,49444,49412,49422,49429,49429,49437,49449,49429,49442
49476,49493,49509,49517,49543,49485,49500,49512,49479,49489,49496,49496,49506,49517,49494,49496
49543,49559,49575,49584,49608,49551,49565,49578,49545,49556,49565,49565,49571,49584,49565,49576
49608,49625,49641,49649,49673,49617,49631,49644,49611,49622,49627,49627,49637,49649,49627,49643
49673,49689,49705,49713,49736,49681,49695,49708,49675,49686,49692,49692,49701,49713,49692,49707
49736,49753,49768,49774,49800,49745,49759,49770,49739,49750,49759,49759,49764,49775,49759,49768
49800,49817,49832,49836,49864,49809,49822,49835,49803,49813,49820,49820,49827,49840,49820,49833
49864,49881,49896,49902,49929,49873,49887,49899,49867,49877,49887,49887,49893,49904,49887,49898
49929,49946,49961,49967,49995,49938,49953,49964,49932,49943,49953,49953,49958,49968,49953,49962
49995,50012,50027,50034,50062,50004,50018,50030,49998,50009,50017,50017,50024,50035,50017,50029
50062,50079,50094,50103,50129,50071,50085,50097,50065,50076,50083,50083,50090,50103,50083,50095
50129,50145,50160,50168,50194,50138,50151,50163,50132,50142,50148,50148,50156,50168,50148,50161
50194,50211,50225,50234,50259,50203,50216,50229,50197,50207,50216,50216,50221,50234,50216,50226
50259,50275,50292,50300,50324,50268,50281,50295,50262,50272,50276,50276,50289,50299,50276,50294
50324,50340,50355,50363,50388,50332,50346,50358,50326,50337,50346,50346,50351,50363,50346,50356
50388,50405,50421,50430,50455,50398,50411,50424,50392,50402,50407,50407,50417,50429,50407,50423
50455,50472,50487,50495,50523,50464,50477,50490,50458,50468,50473,50473,50483,50495,50473,50489
50523,50539,50554,50562,50589,50531,50545,50556,50525,50536,50544,50544,50550,50560,50544,50555
50589,50606,50621,50630,50655,50598,50612,50624,50592,50603,50610,50610,50617,50630,50610,50623
50655,50672,50687,50695,50718,50664,50677,50689,50658,50669,50677,50677,50683,50694,50677,50687
50718,50735,50750,50758,50781,50727,50741,50753,50721,50731,50738,50738,50747,50757,50736,50738
50781,50797,50812,50819,50842,50789,50802,50814,50783,50794,50800,50800,50808,50818,50800,50813
50842,50859,50874,50882,50906,50851,50865,50877,50845,50856,50864,50864,50871,50882,50864,50876
50906,50922,50938,50944,50969,50914,50928,50940,50908,50919,50925,50925,50934,50945,50925,50938
50969,50987,51002,51009,51035,50979,50993,51005,50973,50983,50991,50991,50998,51010,50991,51004
51035,51052,51067,51075,51101,51044,51058,51070,51038,51048,51054,51054,51064,51075,51053,51054
51101,51118,51133,51140,51165,51110,51124,51136,51104,51114,51124,51124,51129,51141,51124,51134
51165,51182,51198,51205,51228,51174,51188,51200,51168,51179,51183,51183,51194,51205,51183,51199
51228,51244,51260,51266,51291,51237,51251,51262,51231,51241,51248,51248,51256,51266,51246,51248
51291,51307,51322,51331,51353,51299,51313,51326,51293,51303,51312,51312,51318,51331,51312,51324
51353,51370,51385,51392,51417,51362,51376,51388,51356,51367,51376,51376,51382,51393,51376,51386
51417,51434,51449,51457,51483,51426,51440,51453,51420,51431,51440,51440,51446,51458,51440,51451
51483,51500,51515,51522,51549,51492,51506,51518,51486,51497,51503,51503,51512,51522,51503,51516
51549,51566,51581,51589,51616,51558,51572,51584,51552,51563,51571,51571,51578,51589,51571,51582
51616,51633,51648,51656,51680,51625,51639,51651,51619,51630,51639,51639,51644,51657,51639,51649
51680,51698,51713,51721,51743,51690,51704,51716,51683,51694,51705,51705,51710,51721,51705,51714
51743,51760,51776,51782,51804,51752,51766,51778,51746,51757,51766,51766,51772,51784,51766,51776
51804,51821,51836,51844,51865,51813,51827,51839,51807,51818,51827,51827,51833,51844,51827,51837
51865,51882,51898,51904,51925,51874,51888,51900,51868,51879,51885,51885,51894,51904,51885,51898
51925,51942,51958,51966,51985,51934,51948,51961,51928,51939,51946,51946,51954,51967,51946,51958
51985,52002,52017,52025,52045,51994,52007,52020,51988,51999,52005,52005,52012,52026,52005,52017
52045,52061,52076,52084,52103,52053,52066,52078,52048,52058,52065,52065,52071,52084,52065,52076
52103,52118,52133,52141,52159,52111,52124,52135,52105,52116,52122,52122,52129,52143,52122,52133
52159,52175,52191,52198,52216,52168,52180,52192,52162,52172,52177,52177,52186,52198,52177,52191
52216,52232,52248,52256,52275,52225,52237,52250,52219,52229,52234,52234,52243,52256,52234,52249
52275,52291,52307,52316,52337,52285,52296,52309,52279,52290,52294,52294,52302,52313,52294,52308
52337,52353,52370,52377,52400,52345,52359,52373,52340,52349,52354,52354,52365,52378,52354,52373
52400,52416,52430,52436,52464,52409,52422,52432,52403,52413,52418,52418,52427,52435,52418,52431
52464,52480,52494,52504,52528,52472,52486,52497,52467,52477,52486,52486,52491,52502,52486,52494
52528,52544,52560,52568,52592,52537,52549,52562,52532,52541,52545,52545,52556,52567,52545,52561
52592,52607,52623,52631,52651,52600,52614,52624,52594,52604,52610,52610,52619,52628,52607,52610
52651,52666,52682,52690,52710,52659,52672,52684,52654,52663,52669,52669,52678,52690,52667,52669
52710,52726,52741,52747,52767,52718,52731,52743,52712,52723,52730,52730,52736,52747,52730,52741
52767,52783,52798,52805,52825,52775,52789,52801,52769,52780,52788,52788,52794,52809,52788,52798
52825,52841,52857,52862,52882,52833,52846,52859,52827,52838,52842,52842,52852,52866,52842,52857
52882,52899,52914,52918,52942,52891,52905,52915,52885,52896,52903,52903,52910,52919,52903,52914
52942,52959,52973,52978,53003,52951,52964,52975,52944,52955,52962,52962,52969,52979,52962,52973
53003,53020,53035,53041,53066,53012,53025,53037,53006,53017,53022,53022,53031,53043,53022,53036
53066,53082,53098,53103,53128,53075,53088,53100,53069,53079,53085,53085,53094,53105,53085,53099
53128,53145,53160,53167,53191,53137,53150,53162,53132,53142,53147,53147,53156,53167,53147,53161
53191,53207,53222,53228,53254,53199,53213,53224,53193,53204,53210,53210,53218,53228,53208,53210
53254,53271,53285,53291,53320,53262,53277,53288,53256,53267,53276,53276,53281,53293,53276,53286
53320,53337,53352,53358,53388,53329,53343,53355,53323,53333,53339,53339,53349,53359,53337,53339
53388,53405,53420,53426,53457,53397,53410,53422,53391,53401,53405,53405,53416,53427,53405,53421
53457,53474,53489,53497,53527,53466,53480,53492,53461,53471,53476,53476,53486,53498,53476,53491
53527,53544,53559,53568,53594,53536,53549,53562,53530,53540,53545,53545,53555,53568,53545,53560
53594,53611,53627,53635,53659,53603,53617,53630,53597,53608,53612,53612,53624,53635,53612,53629
53659,53675,53691,53700,53720,53668,53681,53694,53662,53672,53680,53680,53687,53700,53680,53693
53720,53736,53752,53761,53780,53729,53743,53755,53723,53734,53742,53742,53749,53761,53742,53754
53780,53795,53811,53819,53837,53788,53801,53814,53782,53792,53801,53801,53807,53820,53801,53812
53837,53853,53869,53876,53895,53846,53859,53872,53839,53850,53857,53857,53865,53878,53857,53870
53895,53911,53927,53932,53952,53903,53917,53929,53897,53908,53916,53916,53923,53934,53916,53927
53952,53969,53984,53990,54011,53961,53975,53986,53955,53966,53974,53974,53980,53992,53974,53985
54011,54027,54043,54048,54069,54019,54032,54046,54013,54024,54029,54029,54039,54051,54029,54044
54069,54086,54101,54106,54130,54078,54092,54104,54072,54083,54090,54090,54097,54109,54090,54102
54130,54146,54161,54167,54189,54138,54152,54163,54132,54143,54151,54151,54157,54168,54151,54162
54189,54205,54220,54223,54249,54198,54211,54222,54192,54202,54208,54208,54216,54226,54208,54221
54249,54266,54281,54284,54312,54258,54272,54283,54252,54262,54266,54266,54277,54288,54266,54282
54312,54329,54343,54347,54380,54321,54335,54346,54315,54325,54333,54333,54340,54353,54333,54344
54380,54398,54412,54416,54452,54389,54404,54415,54383,54394,54403,54403,54409,54419,54403,54413
54452,54471,54486,54490,54530,54462,54477,54489,54457,54467,54471,54471,54483,54494,54471,54488
54530,54548,54562,54568,54604,54540,54554,54565,54534,54544,54552,54552,54559,54570,54548,54552
54604,54622,54637,54644,54674,54613,54628,54640,54608,54618,54623,54623,54634,54645,54623,54640
54674,54692,54707,54713,54744,54684,54698,54710,54678,54688,54695,54695,54704,54715,54695,54709
54744,54761,54776,54782,54811,54752,54767,54779,54746,54757,54767,54767,54772,54785,54767,54777
54811,54828,54845,54849,54878,54820,54834,54848,54814,54824,54829,54829,54841,54853,54829,54847
54878,54894,54910,54917,54945,54886,54900,54913,54881,54891,54897,54897,54906,54919,54897,54911
54945,54962,54977,54984,55010,54954,54968,54980,54948,54958,54963,54963,54974,54985,54963,54979
55010,55027,55043,55050,55074,55019,55033,55045,55013,55024,55029,55029,55039,55050,55029,55044
55074,55091,55106,55113,55136,55084,55097,55109,55078,55088,55096,55096,55102,55114,55096,55107
55136,55153,55168,55175,55196,55145,55159,55171,55140,55150,55156,55156,55165,55176,55156,55169
55196,55213,55228,55235,55256,55205,55218,55232,55199,55210,55216,55216,55224,55238,55216,55229
55256,55272,55288,55294,55318,55265,55278,55291,55259,55269,55275,55275,55284,55295,55275,55289
55318,55334,55350,55354,55382,55326,55340,55353,55320,55331,55337,55337,55346,55357,55337,55351
55382,55399,55415,55419,55450,55391,55405,55418,55385,55395,55400,55400,55411,55422,55400,55416
55450,55468,55482,55486,55523,55460,55474,55485,55454,55465,55472,55472,55479,55490,55472,55484
55523,55541,55554,55558,55595,55532,55546,55557,55526,55537,55544,55544,55551,55562,55544,55555
55595,55613,55627,55631,55667,55605,55619,55630,55599,55609,55616,55616,55624,55637,55616,55629
55667,55685,55700,55704,55740,55677,55691,55703,55671,55681,55685,55685,55696,55709,55685,55701
55740,55758,55773,55777,55813,55749,55765,55776,55743,55754,55761,55761,55770,55781,55757,55761
55813,55831,55846,55850,55884,55822,55837,55849,55816,55827,55834,55834,55843,55854,55834,55848
55884,55901,55918,55925,55952,55893,55908,55921,55887,55898,55902,55902,55914,55926,55902,55920
55952,55969,55985,55993,56017,55962,55975,55989,55956,55966,55972,55972,55981,55994,55972,55987
56017,56033,56048,56056,56078,56026,56039,56051,56020,56030,56036,56036,56044,56057,56036,56049
56078,56094,56109,56116,56137,56086,56099,56112,56080,56091,56097,56097,56105,56116,56097,56110
56137,56154,56169,56175,56198,56146,56159,56171,56140,56151,56156,56156,56165,56176,56156,56170
56198,56213,56229,56235,56260,56206,56219,56232,56200,56210,56216,56216,56225,56236,56216,56230
56260,56276,56291,56298,56323,56268,56281,56294,56262,56273,56279,56279,56287,56300,56279,56292
56323,56341,56355,56359,56390,56332,56346,56358,56326,56337,56343,56343,56352,56363,56343,56356
56390,56407,56422,56426,56457,56399,56414,56425,56393,56403,56409,56409,56419,56430,56407,56409
56457,56475,56489,56494,56527,56467,56481,56493,56461,56471,56481,56481,56486,56500,56481,56490
56527,56544,56558,56565,56597,56536,56550,56562,56530,56541,56549,56549,56555,56567,56549,56559
56597,56615,56629,56637,56671,56607,56621,56633,56601,56611,56620,56620,56626,56639,56620,56631
56671,56688,56703,56710,56745,56680,56694,56706,56674,56685,56692,56692,56699,56711,56692,56704
56745,56763,56777,56783,56818,56754,56769,56781,56749,56759,56769,56769,56774,56787,56769,56779
56818,56836,56852,56858,56889,56828,56843,56855,56822,56832,56840,56840,56849,56860,56837,56840
56889,56907,56922,56930,56957,56899,56913,56925,56893,56903,56909,56909,56919,56930,56908,56909
56957,56973,56989,56997,57021,56966,56979,56992,56960,56970,56978,56978,56985,56997,56978,56991
57021,57038,57053,57060,57085,57030,57044,57057,57024,57034,57040,57040,57050,57062,57038,57040
57085,57102,57117,57121,57148,57094,57108,57120,57087,57099,57106,57106,57113,57126,57106,57118
57148,57165,57180,57185,57213,57158,57171,57183,57152,57162,57170,57170,57177,57188,57170,57181
57213,57229,57244,57249,57277,57222,57235,57247,57216,57226,57231,57231,57241,57252,57231,57245
57277,57293,57308,57315,57340,57286,57299,57311,57280,57290,57296,57296,57305,57315,57296,57309
57340,57356,57371,57378,57402,57349,57362,57374,57343,57353,57360,57360,57367,57379,57360,57372
57402,57418,57433,57439,57464,57411,57424,57436,57405,57415,57421,57421,57429,57440,57421,57433
57464,57481,57496,57500,57529,57473,57487,57499,57467,57477,57484,57484,57492,57503,57484,57497
57529,57546,57561,57565,57597,57538,57552,57564,57532,57542,57549,57549,57557,57568,57546,57549
57597,57615,57628,57632,57668,57606,57620,57631,57600,57610,57616,57616,57625,57637,57615,57616
57668,57686,57701,57705,57740,57678,57693,57704,57672,57682,57690,57690,57699,57710,57685,57690
57740,57757,57772,57778,57810,57749,57763,57775,57743,57753,57760,57760,57769,57780,57758,57760
57810,57826,57841,57847,57875,57818,57831,57844,57812,57823,57830,57830,57837,57849,57830,57842
57875,57892,57906,57913,57941,57884,57897,57909,57878,57889,57895,57895,57903,57914,57895,57908
57941,57957,57973,57980,58006,57950,57964,57976,57944,57954,57963,57963,57969,57980,57963,57974
58006,58022,58037,58043,58070,58014,58028,58040,58008,58018,58027,58027,58033,58045,58027,58038
58070,58086,58102,58108,58133,58079,58092,58105,58073,58083,58088,58088,58099,58109,58088,58103
58133,58150,58165,58171,58195,58142,58156,58168,58136,58147,58154,58154,58162,58173,58154,58167
58195,58212,58227,58233,58256,58204,58218,58230,58198,58209,58216,58216,58223,58235,58216,58228
58256,58273,58288,58292,58316,58264,58278,58290,58258,58269,58277,58277,58284,58295,58277,58288
58316,58333,58348,58352,58379,58325,58339,58350,58319,58329,58339,58339,58344,58355,58339,58348
58379,58396,58411,58415,58444,58388,58402,58414,58382,58392,58401,58401,58407,58418,58401,58412
58444,58462,58477,58481,58514,58454,58468,58480,58448,58458,58464,58464,58474,58485,58463,58464
58514,58532,58546,58551,58588,58523,58538,58550,58517,58528,58534,58534,58543,58554,58531,58534
58588,58606,58620,58625,58663,58598,58612,58624,58592,58602,58612,58612,58617,58631,58612,58621
58663,58681,58696,58702,58735,58673,58687,58699,58667,58677,58685,58685,58692,58703,58685,58697
58735,58752,58767,58774,58801,58744,58758,58769,58738,58748,58757,58757,58763,58774,58757,58768
58801,58818,58834,58842,58865,58811,58825,58837,58805,58815,58825,58825,58831,58842,58825,58835
58865,58882,58898,58905,58927,58875,58889,58901,58869,58879,58888,58888,58894,58906,58888,58899
58927,58944,58960,58966,58989,58936,58950,58963,58930,58941,58949,58949,58956,58967,58949,58961
58989,59006,59022,59028,59051,58998,59012,59025,58992,59003,59010,59010,59018,59029,59010,59023
59051,59069,59084,59088,59115,59061,59075,59087,59055,59065,59070,59070,59081,59091,59070,59085
59115,59133,59148,59152,59179,59125,59139,59151,59119,59129,59137,59137,59144,59155,59137,59149
59179,59196,59212,59217,59243,59188,59203,59215,59183,59193,59200,59200,59209,59219,59197,59200
59243,59260,59275,59281,59307,59252,59266,59280,59246,59256,59262,59262,59272,59285,59261,59262
59307,59324,59339,59344,59372,59316,59330,59342,59310,59320,59330,59330,59336,59348,59330,59341
59372,59389,59404,59409,59437,59380,59395,59408,59374,59385,59394,59394,59400,59413,59394,59406
59437,59454,59471,59475,59504,59446,59461,59474,59440,59451,59456,59456,59467,59479,59456,59473
59504,59521,59537,59544,59570,59513,59527,59540,59507,59518,59525,59525,59533,59546,59525,59539
59570,59588,59603,59610,59635,59580,59594,59607,59574,59584,59593,59593,59600,59611,59593,59604
59635,59652,59668,59674,59697,59644,59658,59670,59638,59649,59658,59658,59664,59675,59658,59669
59697,59714,59729,59736,59758,59706,59720,59732,59700,59711,59716,59716,59726,59739,59716,59730
59758,59775,59790,59796,59819,59767,59781,59793,59761,59772,59778,59778,59786,59797,59778,59791
59819,59836,59851,59856,59881,59828,59842,59855,59822,59833,59839,59839,59848,59860,59839,59852
59881,59898,59913,59917,59944,59890,59904,59916,59884,59894,59899,59899,59910,59920,59899,59914
59944,59961,59976,59981,60008,59953,59968,59979,59947,59958,59967,59967,59973,59983,59967,59977
60008,60026,60040,60044,60072,60017,60031,60043,60011,60022,60030,60030,60037,60047,60030,60041
60072,60089,60105,60112,60135,60081,60095,60108,60075,60086,60091,60091,60101,60113,60091,60106
60135,60152,60167,60174,60198,60144,60158,60170,60138,60149,60157,60157,60164,60174,60157,60169
60198,60215,60230,60234,60264,60207,60221,60233,60201,60212,60221,60221,60226,60238,60221,60230
60264,60281,60295,60300,60331,60273,60287,60298,60267,60277,60286,60286,60292,60307,60286,60296
60331,60348,60363,60370,60397,60340,60354,60367,60334,60344,60350,60350,60359,60373,60350,60364
60397,60415,60430,60436,60463,60406,60421,60433,60400,60411,60418,60418,60427,60437,60418,60432
60463,60480,60495,60501,60527,60472,60486,60498,60466,60477,60484,60484,60491,60504,60484,60496
60527,60543,60559,60566,60588,60535,60549,60561,60529,60540,60548,60548,60555,60566,60548,60560
60588,60604,60620,60626,60648,60597,60610,60622,60591,60601,60609,60609,60616,60627,60609,60621
60648,60664,60680,60686,60708,60657,60670,60682,60651,60661,60666,60666,60676,60687,60666,60681
60708,60725,60741,60747,60771,60717,60731,60744,60711,60722,60728,60728,60737,60749,60728,60742
60771,60787,60803,60809,60835,60780,60793,60806,60774,60784,60790,60790,60799,60811,60790,60805
60835,60851,60866,60871,60900,60843,60857,60870,60838,60848,60854,60854,60862,60876,60854,60867
60900,60917,60932,60936,60968,60909,60923,60935,60903,60913,60919,60919,60929,60940,60919,60934
60968,60986,61001,61005,61038,60978,60992,61004,60972,60982,60988,60988,60997,61008,60988,61002
61038,61056,61071,61076,61106,61048,61062,61075,61042,61052,61059,61059,61068,61081,61059,61074
61106,61124,61139,61145,61173,61116,61131,61142,61110,61120,61127,61127,61136,61147,61124,61127
61173,61190,61206,61212,61237,61182,61196,61209,61176,61187,61194,61194,61202,61214,61194,61207
61237,61255,61270,61274,61302,61247,61261,61273,61241,61251,61260,61260,61266,61277,61260,61271
61302,61319,61334,61338,61368,61311,61325,61337,61305,61316,61323,61323,61331,61342,61323,61336
61368,61385,61400,61404,61432,61377,61391,61403,61371,61381,61386,61386,61397,61408,61386,61402
61432,61449,61465,61469,61497,61441,61455,61467,61436,61446,61450,61450,61461,61472,61450,61466
61497,61514,61529,61535,61562,61506,61520,61532,61500,61511,61516,61516,61525,61537,61516,61531
61562,61578,61593,61599,61625,61571,61584,61596,61565,61575,61583,61583,61590,61601,61583,61594
61625,61641,61657,61663,61686,61633,61647,61660,61628,61638,61644,61644,61652,61664,61644,61657
61686,61703,61718,61722,61747,61695,61709,61721,61689,61700,61708,61708,61714,61726,61708,61719
61747,61765,61780,61785,61810,61757,61770,61784,61750,61762,61768,61768,61775,61790,61768,61780
61810,61827,61842,61847,61875,61820,61833,61846,61814,61824,61830,61830,61838,61851,61830,61845
61875,61893,61908,61912,61944,61885,61899,61911,61879,61889,61895,61895,61904,61916,61895,61909
61944,61962,61977,61983,62013,61954,61968,61981,61948,61958,61964,61964,61974,61986,61964,61980
62013,62030,62045,62050,62078,62022,62036,62048,62016,62026,62031,62031,62041,62053,62031,62046
62078,62095,62111,62115,62143,62087,62102,62114,62082,62092,62099,62099,62107,62119,62099,62112
62143,62161,62176,62180,62209,62153,62167,62179,62147,62157,62162,62162,62173,62184,62162,62178
62209,62226,62241,62246,62274,62218,62232,62245,62212,62222,62229,62229,62237,62250,62229,62243
62274,62291,62307,62313,62340,62283,62297,62310,62277,62288,62295,62295,62303,62316,62295,62308
62340,62357,62371,62377,62403,62349,62362,62374,62343,62353,62361,62361,62367,62378,62361,62372
62403,62420,62435,62444,62465,62412,62426,62439,62406,62417,62424,62424,62431,62445,62424,62437
62465,62481,62497,62503,62524,62473,62486,62499,62467,62479,62485,62485,62492,62504,62485,62498
62524,62540,62556,62562,62584,62533,62546,62558,62527,62537,62544,62544,62552,62563,62544,62557
62584,62600,62615,62622,62643,62592,62605,62618,62586,62597,62605,62605,62610,62624,62605,62615
62643,62659,62674,62681,62703,62651,62665,62677,62645,62656,62663,62663,62670,62683,62663,62675
62703,62719,62735,62740,62763,62711,62725,62737,62705,62716,62724,62724,62730,62742,62724,62736
62763,62779,62794,62802,62824,62772,62785,62798,62765,62777,62784,62784,62790,62806,62784,62795
62824,62841,62856,62862,62884,62833,62846,62858,62827,62838,62845,62845,62852,62864,62845,62856
62884,62900,62916,62922,62942,62892,62906,62918,62886,62897,62905,62905,62911,62924,62905,62916
62942,62959,62974,62980,63001,62951,62964,62977,62945,62955,62962,62962,62970,62981,62962,62975
63001,63017,63033,63037,63062,63010,63023,63036,63004,63014,63020,63020,63029,63041,63020,63034
63062,63078,63094,63099,63124,63070,63084,63096,63064,63075,63080,63080,63090,63101,63080,63095
63124,63141,63156,63162,63191,63133,63147,63159,63127,63138,63142,63142,63152,63165,63142,63157
63191,63208,63223,63229,63262,63201,63214,63226,63195,63205,63209,63209,63220,63231,63209,63224
63262,63280,63294,63302,63333,63272,63285,63297,63266,63276,63283,63283,63291,63302,63283,63296
63333,63350,63365,63373,63402,63343,63356,63368,63337,63347,63355,63355,63362,63373,63355,63367
63402,63419,63434,63442,63471,63411,63425,63437,63405,63416,63421,63421,63431,63443,63421,63436
63471,63488,63503,63511,63538,63480,63494,63506,63474,63484,63490,63490,63499,63512,63490,63504
63538,63555,63571,63579,63606,63548,63561,63574,63542,63552,63557,63557,63567,63580,63557,63573
63606,63623,63638,63645,63675,63616,63629,63641,63610,63620,63626,63626,63635,63646,63626,63640
63675,63692,63707,63715,63744,63684,63698,63710,63679,63689,63698,63698,63704,63716,63698,63708
63744,63761,63776,63783,63811,63753,63767,63779,63747,63758,63765,63765,63773,63784,63765,63777
63811,63828,63843,63851,63875,63820,63834,63846,63815,63825,63833,63833,63840,63851,63833,63844
63875,63892,63907,63915,63937,63885,63898,63910,63879,63889,63895,63895,63903,63916,63895,63908
63937,63953,63969,63976,63998,63946,63959,63972,63940,63951,63957,63957,63965,63977,63957,63970
63998,64015,64031,64037,64061,64008,64021,64034,64002,64012,64018,64018,64027,64039,64018,64032
64061,64078,64093,64101,64126,64071,64084,64097,64065,64075,64083,64083,64090,64102,64083,64094
64126,64143,64158,64165,64193,64135,64149,64161,64129,64140,64148,64148,64155,64166,64148,64159
64193,64210,64225,64232,64262,64202,64216,64229,64197,64207,64211,64211,64222,64235,64211,64227
64262,64279,64294,64301,64330,64272,64285,64298,64266,64276,64282,64282,64291,64304,64282,64296
64330,64347,64363,64369,64395,64339,64353,64365,64333,64344,64350,64350,64359,64370,64350,64364
64395,64413,64428,64434,64460,64405,64419,64431,64399,64409,64419,64419,64425,64436,64419,64429
64460,64478,64493,64499,64525,64470,64484,64496,64464,64474,64483,64483,64489,64501,64483,64494
64525,64542,64557,64563,64590,64534,64549,64560,64528,64538,64549,64549,64554,64566,64549,64558
64590,64608,64623,64629,64656,64600,64614,64626,64594,64604,64609,64609,64620,64631,64609,64625
64656,64673,64689,64695,64720,64665,64679,64691,64659,64669,64679,64679,64685,64696,64679,64690
64720,64737,64752,64759,64783,64729,64744,64755,64724,64734,64744,64744,64749,64760,64744,64753
64783,64799,64815,64822,64843,64792,64805,64818,64786,64796,64803,64803,64811,64823,64803,64816
64843,64860,64875,64881,64905,64852,64866,64878,64846,64857,64864,64864,64871,64882,64864,64877
64905,64922,64937,64944,64969,64914,64928,64940,64908,64919,64925,64925,64934,64945,64925,64938
64969,64986,65001,65008,65034,64978,64992,65005,64972,64983,64988,64988,64998,65010,64988,65003
65034,65050,65066,65074,65097,65043,65056,65069,65037,65047,65054,65054,65062,65074,65054,65068
65097,65114,65130,65137,65159,65107,65120,65133,65101,65111,65116,65116,65126,65138,65116,65131
65159,65176,65192,65199,65219,65168,65181,65195,65162,65173,65178,65178,65188,65199,65178,65193
65219,65236,65252,65259,65280,65228,65242,65254,65223,65233,65239,65239,65248,65259,65239,65253
65280,65296,65312,65320,65341,65289,65302,65315,65283,65293,65299,65299,65308,65320,65299,65313
65341,65357,65373,65381,65403,65350,65363,65376,65344,65355,65361,65361,65369,65380,65361,65374
65403,65419,65435,65443,65464,65412,65425,65438,65406,65417,65423,65423,65431,65443,65423,65437
65464,65480,65496,65503,65524,65473,65486,65499,65467,65477,65483,65483,65492,65503,65483,65497
65524,65540,65556,65563,65584,65533,65546,65559,65527,65538,65545,65545,65552,65563,65545,65557
65584,65600,65616,65622,65645,65593,65606,65619,65587,65598,65603,65603,65612,65623,65603,65617
65645,65662,65677,65684,65708,65654,65668,65681,65649,65659,65667,65667,65674,65685,65667,65678
65708,65725,65740,65747,65774,65718,65731,65743,65712,65722,65729,65729,65737,65748,65729,65741
65774,65791,65807,65814,65841,65784,65797,65810,65778,65788,65794,65794,65803,65815,65794,65808
65841,65859,65874,65881,65908,65851,65865,65877,65845,65856,65863,65863,65870,65882,65863,65875
65908,65925,65940,65948,65973,65917,65930,65943,65911,65922,65928,65928,65936,65949,65928,65941
65973,65990,66005,66013,66039,65982,65996,66009,65977,65987,65994,65994,66002,66014,65994,66007
66039,66056,66072,66080,66107,66049,66062,66076,66043,66053,66061,66061,66068,66080,66061,66074
66107,66124,66140,66148,66174,66116,66130,66143,66111,66121,66128,66128,66136,66149,66126,66128
66174,66191,66208,66216,66241,66184,66198,66211,66178,66188,66193,66193,66204,66215,66193,66209
66241,66258,66274,66283,66306,66250,66264,66277,66244,66255,66264,66264,66270,66282,66264,66275
66306,66322,66339,66347,66369,66315,66329,66342,66309,66320,66325,66325,66335,66347,66325,66340
66369,66385,66401,66408,66429,66378,66391,66404,66372,66383,66389,66389,66397,66409,66389,66402
66429,66446,66461,66468,66490,66439,66452,66464,66433,66443,66449,66449,66458,66469,66449,66462
66490,66507,66522,66530,66552,66499,66513,66525,66494,66504,66509,66509,66519,66530,66509,66524
66552,66569,66585,66592,66616,66562,66575,66588,66556,66566,66571,66571,66581,66592,66571,66586
66616,66633,66648,66657,66681,66625,66639,66652,66620,66630,66636,66636,66645,66656,66634,66636
66681,66698,66714,66722,66748,66691,66705,66717,66685,66695,66702,66702,66710,66722,66700,66702
66748,66765,66781,66789,66814,66758,66771,66784,66752,66762,66767,66767,66778,66789,66767,66783
66814,66831,66847,66855,66879,66824,66837,66850,66818,66828,66834,66834,66843,66855,66833,66834
66879,66895,66911,66919,66944,66888,66902,66914,66883,66893,66902,66902,66908,66919,66902,66912
66944,66961,66976,66985,67009,66953,66967,66980,66948,66958,66963,66963,66973,66985,66963,66978
67009,67026,67042,67051,67075,67019,67033,67046,67013,67023,67028,67028,67039,67051,67028,67044
67075,67092,67108,67117,67141,67085,67098,67112,67079,67089,67097,67097,67104,67117,67097,67109
67141,67157,67173,67182,67205,67150,67164,67177,67144,67155,67163,67163,67170,67181,67163,67175
67205,67221,67237,67246,67267,67214,67228,67241,67208,67219,67227,67227,67234,67246,67227,67238
67267,67283,67299,67308,67328,67276,67290,67302,67270,67281,67289,67289,67296,67307,67289,67300
67328,67344,67360,67368,67389,67337,67350,67363,67331,67341,67347,67347,67356,67367,67347,67361
67389,67406,67421,67430,67451,67398,67412,67425,67393,67403,67412,67412,67418,67429,67412,67422
67451,67468,67483,67491,67513,67460,67474,67486,67455,67465,67473,67473,67480,67490,67473,67484
67513,67529,67545,67552,67574,67522,67535,67548,67516,67527,67534,67534,67541,67553,67534,67546
67574,67592,67607,67615,67637,67584,67598,67610,67578,67589,67597,67597,67603,67615,67597,67608
67637,67654,67669,67678,67698,67647,67660,67672,67641,67651,67658,67658,67665,67677,67658,67670
67698,67715,67730,67736,67759,67708,67721,67733,67702,67712,67720,67720,67726,67737,67720,67731
67759,67775,67790,67794,67819,67767,67781,67793,67761,67772,67779,67779,67786,67797,67779,67790
67819,67836,67851,67854,67882,67828,67842,67853,67822,67833,67839,67839,67847,67856,67839,67851
67882,67900,67914,67919,67947,67891,67906,67918,67885,67896,67904,67904,67911,67924,67904,67916
67947,67965,67979,67983,68014,67956,67971,67982,67950,67961,67968,67968,67976,67987,67968,67981
68014,68032,68046,68051,68082,68023,68038,68050,68017,68028,68037,68037,68043,68054,68037,68047
68082,68099,68114,68119,68147,68091,68105,68117,68085,68095,68105,68105,68110,68122,68105,68114
68147,68164,68180,68186,68211,68156,68170,68183,68150,68161,68168,68168,68176,68187,68168,68182
68211,68228,68243,68249,68272,68220,68234,68246,68214,68224,68233,68233,68239,68250,68233,68244
68272,68289,68305,68311,68333,68281,68295,68307,68275,68286,68292,68292,68301,68312,68292,68306
68333,68349,68365,68371,68393,68342,68355,68368,68336,68346,68353,68353,68361,68373,68353,68366
68393,68409,68425,68431,68452,68402,68415,68428,68396,68406,68411,68411,68421,68433,68411,68426
68452,68468,68484,68490,68510,68461,68474,68486,68455,68465,68471,68471,68479,68492,68471,68484
68510,68526,68542,68549,68568,68519,68532,68544,68513,68524,68530,68530,68537,68550,68530,68543
68568,68584,68599,68605,68624,68576,68589,68601,68570,68581,68587,68587,68594,68607,68587,68599
68624,68640,68656,68661,68679,68632,68645,68658,68626,68637,68643,68643,68651,68663,68643,68656
68679,68695,68711,68717,68735,68688,68701,68714,68682,68693,68698,68698,68707,68719,68698,68711
68735,68750,68766,68772,68789,68743,68756,68768,68737,68747,68754,68754,68761,68774,68754,68765
68789,68805,68821,68826,68846,68798,68811,68823,68792,68802,68807,68807,68816,68829,68807,68821
68846,68862,68877,68881,68906,68854,68867,68880,68848,68859,68864,68864,68873,68884,68864,68877
68906,68922,68938,68943,68969,68915,68928,68941,68909,68919,68925,68925,68933,68946,68925,68940
68969,68986,69001,69006,69035,68978,68992,69004,68972,68983,68989,68989,68997,69009,68989,69002
69035,69052,69067,69072,69101,69045,69058,69070,69039,69049,69054,69054,69064,69074,69054,69068
69101,69118,69133,69139,69166,69110,69124,69136,69104,69115,69121,69121,69129,69141,69121,69134
69166,69183,69198,69204,69233,69175,69189,69202,69170,69180,69185,69185,69195,69206,69185,69200
69233,69249,69264,69269,69300,69242,69255,69268,69236,69246,69251,69251,69261,69273,69251,69265
69300,69317,69332,69339,69366,69309,69323,69336,69303,69313,69318,69318,69329,69341,69318,69335
69366,69383,69399,69406,69431,69375,69390,69403,69370,69380,69385,69385,69396,69407,69385,69401
69431,69448,69463,69470,69492,69440,69454,69466,69434,69444,69453,69453,69459,69471,69453,69464
69492,69509,69524,69531,69552,69501,69515,69527,69496,69506,69514,69514,69520,69532,69514,69525
69552,69568,69584,69591,69610,69561,69574,69586,69555,69565,69572,69572,69580,69592,69572,69585
69610,69626,69642,69648,69668,69619,69632,69644,69613,69623,69628,69628,69638,69649,69628,69642
69668,69684,69700,69706,69728,69677,69690,69703,69671,69681,69687,69687,69696,69707,69687,69701
69728,69744,69760,69766,69790,69737,69750,69763,69731,69741,69746,69746,69756,69767,69746,69761
69790,69807,69822,69829,69855,69799,69813,69825,69794,69804,69810,69810,69818,69830,69810,69823
69855,69871,69886,69893,69918,69863,69877,69889,69857,69868,69875,69875,69882,69893,69875,69887
69918,69934,69950,69957,69981,69927,69940,69953,69921,69931,69936,69936,69946,69957,69936,69951
69981,69998,70013,70020,70047,69991,70004,70016,69985,69995,70002,70002,70010,70021,70002,70015
70047,70064,70079,70086,70114,70056,70070,70082,70050,70060,70065,70065,70076,70087,70065,70080
70114,70131,70146,70153,70183,70123,70137,70150,70118,70128,70132,70132,70143,70154,70132,70148
70183,70199,70215,70223,70251,70192,70206,70218,70186,70196,70200,70200,70212,70223,70200,70217
70251,70268,70284,70292,70318,70261,70274,70287,70255,70265,70269,70269,70280,70292,70269,70285
70318,70335,70351,70359,70384,70328,70341,70354,70322,70332,70337,70337,70347,70358,70337,70352
70384,70400,70416,70424,70447,70393,70406,70419,70387,70397,70403,70403,70412,70423,70403,70417
70447,70463,70479,70486,70510,70456,70469,70482,70450,70460,70466,70466,70475,70486,70466,70480
70510,70527,70542,70550,70575,70519,70533,70545,70514,70524,70529,70529,70539,70550,70529,70543
70575,70591,70607,70615,70639,70584,70597,70610,70578,70588,70593,70593,70603,70615,70593,70608
70639,70656,70672,70680,70705,70649,70662,70675,70643,70653,70658,70658,70668,70680,70658,70673
70705,70722,70737,70745,70771,70715,70728,70741,70709,70719,70727,70727,70734,70746,70727,70738
70771,70787,70803,70811,70836,70780,70794,70806,70775,70785,70793,70793,70799,70811,70793,70804
70836,70852,70868,70876,70900,70845,70859,70871,70840,70849,70856,70856,70864,70876,70854,70856
70900,70917,70932,70940,70966,70910,70923,70936,70904,70915,70923,70923,70929,70941,70923,70934
70966,70983,70998,71005,71034,70975,70989,71001,70970,70980,70989,70989,70995,71005,70989,70999
71034,71051,71067,71075,71105,71044,71058,71071,71039,71048,71056,71056,71064,71076,71053,71056
71105,71122,71137,71146,71175,71115,71128,71141,71109,71119,71127,71127,71134,71147,71127,71139
71175,71192,71207,71215,71242,71185,71198,71211,71179,71189,71198,71198,71204,71215,71198,71208
71242,71259,71274,71283,71308,71252,71265,71278,71246,71256,71264,71264,71271,71283,71264,71276
71308,71325,71340,71347,71373,71317,71331,71343,71311,71322,71330,71330,71336,71347,71330,71340
71373,71389,71405,71411,71437,71382,71395,71408,71376,71386,71393,71393,71401,71412,71393,71406
71437,71455,71469,71474,71503,71446,71460,71473,71441,71451,71458,71458,71465,71479,71458,71469
71503,71521,71535,71541,71570,71512,71527,71538,71506,71516,71523,71523,71532,71544,71520,71523
71570,71587,71602,71605,71636,71578,71593,71604,71572,71583,71588,71588,71598,71609,71587,71588
71636,71653,71668,71674,71702,71645,71659,71671,71639,71650,71658,71658,71664,71676,71658,71669
71702,71719,71733,71739,71765,71711,71724,71737,71705,71716,71722,71722,71729,71742,71722,71734
71765,71782,71796,71803,71829,71774,71788,71799,71768,71779,71787,71787,71793,71804,71787,71797
71829,71846,71860,71866,71893,71838,71851,71863,71832,71843,71849,71849,71856,71869,71849,71861
71893,71909,71924,71928,71956,71901,71915,71927,71895,71906,71915,71915,71921,71931,71915,71925
71956,71973,71988,71992,72020,71965,71979,71991,71959,71970,71975,71975,71985,71996,71975,71990
72020,72037,72052,72057,72081,72029,72043,72055,72023,72033,72042,72042,72048,72060,72042,72053
72081,72098,72114,72119,72142,72091,72104,72117,72085,72096,72103,72103,72110,72121,72103,72115
72142,72158,72173,72178,72201,72150,72164,72176,72144,72156,72162,72162,72169,72180,72162,72174
72201,72217,72232,72236,72260,72210,72223,72235,72204,72214,72221,72221,72228,72239,72221,72233
72260,72277,72292,72295,72323,72269,72283,72294,72263,72274,72283,72283,72288,72298,72283,72292
72323,72340,72355,72359,72386,72332,72345,72358,72326,72336,72343,72343,72351,72363,72343,72356
72386,72403,72418,72422,72451,72395,72409,72421,72389,72400,72408,72408,72415,72425,72408,72419
72451,72468,72483,72488,72516,72460,72474,72487,72454,72465,72472,72472,72479,72492,72472,72485
72516,72534,72548,72553,72581,72526,72540,72551,72520,72530,72539,72539,72545,72556,72539,72549
72581,72598,72613,72616,72644,72590,72603,72615,72584,72595,72601,72601,72609,72620,72601,72614
72644,72661,72676,72681,72707,72653,72667,72678,72647,72657,72666,72666,72672,72683,72666,72677
72707,72724,72739,72743,72772,72716,72730,72742,72710,72721,72729,72729,72736,72746,72729,72740
72772,72789,72804,72809,72837,72781,72795,72807,72775,72785,72793,72793,72800,72812,72793,72805
72837,72854,72868,72874,72903,72846,72860,72871,72840,72851,72859,72859,72865,72875,72859,72869
72903,72920,72934,72938,72968,72912,72925,72937,72906,72917,72923,72923,72931,72942,72923,72936
72968,72986,73000,73004,73033,72978,72991,73003,72972,72982,72989,72989,72996,73007,72989,73001
73033,73050,73064,73069,73097,73043,73056,73067,73037,73047,73055,73055,73061,73072,73055,73065
73097,73114,73129,73135,73163,73106,73120,73132,73101,73111,73119,73119,73125,73136,73119,73129
73163,73179,73194,73199,73229,73172,73185,73197,73166,73176,73184,73184,73190,73201,73184,73195
73229,73246,73261,73266,73294,73238,73251,73264,73232,73242,73249,73249,73257,73268,73249,73262
73294,73311,73326,73333,73359,73304,73317,73329,73298,73308,73317,73317,73323,73334,73317,73327
73359,73376,73391,73399,73423,73369,73382,73394,73363,73374,73381,73381,73387,73399,73381,73392
73423,73439,73454,73461,73484,73432,73445,73457,73426,73437,73444,73444,73450,73461,73444,73454
73484,73501,73515,73522,73546,73493,73506,73518,73487,73498,73505,73505,73512,73523,73505,73516
73546,73563,73578,73584,73609,73555,73569,73581,73549,73559,73567,73567,73574,73585,73567,73579
73609,73626,73642,73648,73673,73618,73632,73645,73613,73623,73628,73628,73638,73649,73628,73644
73673,73690,73705,73710,73738,73682,73696,73709,73676,73687,73694,73694,73702,73714,73694,73706
73738,73754,73768,73772,73801,73746,73760,73771,73740,73751,73758,73758,73765,73777,73758,73769
73801,73817,73832,73837,73861,73809,73823,73834,73803,73814,73822,73822,73828,73840,73822,73832
73861,73877,73892,73896,73921,73870,73883,73894,73864,73875,73881,73881,73887,73900,73881,73892
73921,73937,73952,73958,73981,73929,73943,73955,73923,73935,73941,73941,73948,73960,73941,73953
73981,73997,74012,74017,74040,73989,74003,74014,73983,73994,74002,74002,74007,74018,74002,74012
74040,74056,74072,74078,74100,74049,74062,74074,74043,74054,74060,74060,74067,74079,74060,74072
74100,74116,74131,74139,74159,74109,74121,74134,74102,74114,74120,74120,74127,74139,74120,74132
74159,74175,74191,74197,74217,74168,74181,74193,74162,74173,74179,74179,74186,74199,74179,74192
74217,74233,74248,74254,74274,74225,74238,74250,74219,74230,74237,74237,74243,74256,74237,74247
74274,74290,74305,74312,74331,74283,74296,74307,74277,74288,74294,74294,74301,74313,74294,74306
74331,74347,74362,74369,74389,74340,74352,74364,74334,74345,74350,74350,74358,74369,74350,74363
74389,74406,74420,74427,74451,74398,74411,74423,74392,74403,74410,74410,74417,74427,74410,74421
74451,74467,74483,74490,74514,74460,74473,74485,74454,74464,74471,74471,74478,74490,74471,74484
74514,74529,74543,74552,74575,74521,74534,74546,74516,74526,74534,74534,74539,74553,74534,74543
74575,74590,74605,74613,74635,74583,74595,74607,74577,74587,74593,74593,74600,74612,74593,74605
74635,74650,74665,74672,74694,74644,74655,74667,74638,74648,74653,74653,74660,74672,74653,74666
74694,74710,74725,74734,74754,74703,74715,74727,74697,74707,74714,74714,74720,74733,74714,74725
74754,74769,74785,74792,74819,74763,74774,74787,74757,74767,74771,74771,74782,74791,74771,74787
74819,74834,74848,74855,74885,74826,74840,74850,74821,74831,74841,74841,74845,74853,74841,74849
74885,74901,74914,74922,74954,74893,74906,74917,74887,74898,74905,74905,74910,74923,74905,74914
74954,74971,74984,74991,75026,74963,74976,74986,74957,74967,74976,74976,74981,74990,74976,74985
75026,75043,75057,75064,75100,75035,75048,75060,75029,75039,75045,75045,75053,75066,75045,75058
75100,75117,75131,75138,75175,75109,75123,75133,75103,75113,75120,75120,75128,75137,75116,75120
75175,75192,75206,75213,75248,75184,75197,75209,75178,75188,75197,75197,75202,75214,75197,75207
75248,75265,75280,75287,75317,75257,75271,75282,75251,75261,75264,75264,75276,75288,75264,75281
75317,75333,75348,75356,75382,75325,75339,75351,75320,75330,75339,75339,75345,75355,75333,75339
75382,75398,75414,75422,75444,75390,75404,75416,75384,75395,75399,75399,75410,75421,75399,75415
75444,75459,75475,75484,75505,75452,75466,75478,75446,75456,75466,75466,75471,75484,75466,75475
75505,75521,75536,75545,75568,75513,75527,75539,75508,75518,75526,75526,75532,75546,75526,75536
75568,75583,75599,75606,75637,75576,75589,75601,75570,75581,75586,75586,75596,75606,75586,75601
75637,75653,75668,75677,75705,75646,75659,75671,75640,75650,75655,75655,75665,75676,75655,75669
75705,75722,75738,75745,75773,75714,75727,75740,75709,75719,75723,75723,75734,75745,75723,75740
75773,75790,75805,75814,75841,75782,75796,75808,75776,75786,75793,75793,75802,75817,75791,75793
75841,75857,75872,75881,75906,75849,75863,75875,75843,75854,75862,75862,75868,75882,75862,75872
75906,75922,75938,75945,75970,75914,75928,75941,75909,75919,75925,75925,75934,75946,75925,75940
75970,75986,76002,76009,76032,75979,75992,76004,75973,75983,75990,75990,75998,76010,75990,76002
76032,76048,76063,76070,76092,76040,76054,76066,76034,76045,76054,76054,76060,76070,76054,76064
76092,76108,76124,76131,76154,76101,76114,76127,76095,76105,76110,76110,76120,76132,76110,76126
76154,76170,76184,76191,76217,76162,76175,76187,76156,76166,76175,76175,76180,76192,76175,76185
76217,76234,76248,76255,76288,76227,76240,76252,76221,76231,76237,76237,76245,76257,76237,76250
76288,76306,76320,76327,76367,76298,76312,76323,76292,76302,76311,76311,76317,76328,76311,76321
76367,76385,76399,76407,76445,76377,76391,76402,76371,76381,76390,76390,76396,76407,76390,76401
76445,76463,76477,76483,76521,76455,76469,76480,76449,76460,76467,76467,76474,76486,76467,76478
76521,76540,76554,76561,76595,76531,76545,76558,76525,76536,76541,76541,76551,76564,76541,76557
76595,76613,76627,76635,76667,76604,76619,76630,76598,76609,76618,76618,76624,76637,76618,76628
76667,76684,76699,76708,76737,76676,76690,76703,76670,76681,76689,76689,76696,76708,76689,76702
76737,76754,76769,76777,76802,76746,76760,76772,76740,76751,76758,76758,76765,76777,76758,76770
76802,76819,76834,76842,76865,76811,76825,76837,76805,76816,76824,76824,76831,76842,76824,76835
76865,76881,76896,76904,76925,76873,76887,76899,76868,76878,76887,76887,76892,76904,76887,76897
76925,76941,76956,76965,76986,76934,76947,76959,76928,76938,76945,76945,76952,76965,76945,76957
76986,77002,77017,77025,77050,76994,77007,77019,76988,76999,77006,77006,77013,77024,77006,77018
77050,77066,77081,77090,77118,77058,77072,77084,77053,77063,77072,77072,77077,77090,77072,77082
77118,77135,77150,77158,77188,77127,77141,77153,77122,77132,77137,77137,77147,77158,77137,77152
77188,77205,77220,77227,77256,77197,77211,77223,77191,77202,77210,77210,77217,77228,77210,77222
77256,77273,77289,77295,77325,77265,77280,77292,77259,77270,77279,77279,77285,77296,77279,77290
77325,77342,77357,77364,77393,77334,77348,77360,77328,77339,77347,77347,77354,77365,77347,77358
77393,77411,77426,77432,77461,77403,77417,77429,77397,77408,77416,77416,77422,77434,77416,77427
77461,77478,77493,77501,77526,77470,77484,77496,77465,77475,77483,77483,77489,77501,77483,77494
77526,77543,77558,77565,77589,77535,77549,77561,77530,77540,77547,77547,77554,77566,77547,77559
77589,77606,77620,77627,77651,77598,77612,77624,77592,77603,77611,77611,77617,77629,77611,77621
77651,77668,77682,77688,77713,77660,77673,77685,77654,77665,77673,77673,77679,77689,77673,77683
77713,77730,77744,77750,77778,77722,77735,77747,77716,77727,77734,77734,77740,77751,77734,77745
77778,77795,77809,77817,77847,77787,77801,77813,77782,77792,77799,77799,77806,77817,77799,77811
77847,77865,77879,77887,77919,77857,77870,77883,77851,77862,77869,77869,77876,77888,77869,77881
77919,77937,77952,77960,77990,77929,77943,77956,77924,77934,77942,77942,77949,77961,77942,77954
77990,78008,78023,78031,78060,78000,78014,78026,77994,78005,78014,78014,78020,78031,78014,78024
78060,78077,78092,78100,78126,78069,78083,78096,78063,78073,78080,78080,78089,78100,78080,78094
78126,78143,78159,78166,78190,78135,78149,78162,78129,78140,78149,78149,78155,78166,78149,78160
78190,78207,78223,78231,78251,78199,78213,78226,78193,78204,78209,78209,78219,78230,78209,78224
78251,78268,78284,78291,78311,78260,78274,78287,78255,78265,78274,78274,78280,78292,78274,78285
78311,78327,78343,78350,78370,78320,78333,78346,78314,78325,78330,78330,78339,78351,78330,78344
78370,78386,78402,78407,78428,78379,78392,78404,78373,78383,78389,78389,78397,78409,78389,78402
78428,78444,78460,78467,78488,78437,78450,78463,78431,78442,78448,78448,78456,78468,78448,78461
78488,78504,78519,78527,78548,78497,78509,78522,78491,78501,78507,78507,78515,78526,78507,78520
78548,78565,78580,78587,78612,78557,78570,78582,78552,78562,78568,78568,78576,78587,78568,78581
78612,78629,78644,78652,78678,78621,78634,78647,78616,78626,78632,78632,78640,78652,78632,78645
78678,78695,78710,78718,78745,78687,78700,78713,78682,78692,78697,78697,78707,78718,78697,78712
78745,78761,78777,78785,78811,78754,78767,78780,78748,78759,78764,78764,78773,78785,78764,78779
78811,78829,78844,78851,78879,78821,78834,78848,78815,78825,78831,78831,78840,78853,78831,78845
78879,78896,78911,78917,78945,78888,78902,78915,78882,78892,78899,78899,78907,78919,78899,78913
78945,78962,78977,78983,79008,78953,78967,78980,78947,78958,78966,78966,78973,78985,78966,78978
79008,79025,79040,79046,79070,79017,79031,79043,79011,79022,79029,79029,79036,79048,79029,79041
79070,79087,79102,79108,79132,79079,79093,79105,79073,79084,79092,79092,79098,79111,79092,79103
79132,79148,79164,79169,79193,79141,79154,79166,79135,79145,79152,79152,79159,79171,79152,79164
79193,79210,79224,79230,79256,79202,79215,79227,79196,79207,79214,79214,79221,79232,79214,79225
79256,79273,79287,79294,79322,79265,79278,79291,79259,79270,79276,79276,79283,79296,79276,79288
79322,79339,79354,79361,79390,79331,79345,79357,79326,79336,79341,79341,79351,79362,79341,79355
79390,79407,79423,79430,79460,79400,79413,79426,79394,79404,79410,79410,79419,79431,79410,79425
79460,79477,79493,79500,79529,79469,79483,79496,79464,79474,79478,79478,79490,79501,79478,79495
79529,79546,79562,79569,79597,79538,79552,79565,79532,79543,79547,79547,79558,79570,79547,79564
79597,79614,79630,79638,79664,79606,79620,79633,79600,79611,79617,79617,79626,79638,79617,79632
79664,79681,79696,79706,79728,79673,79687,79700,79667,79678,79686,79686,79693,79706,79686,79698
79728,79745,79761,79769,79790,79737,79751,79764,79732,79742,79748,79748,79757,79768,79748,79762
79790,79806,79822,79830,79849,79799,79812,79825,79793,79803,79809,79809,79818,79830,79809,79823
79849,79865,79881,79889,79907,79858,79871,79884,79852,79863,79868,79868,79877,79890,79868,79882
79907,79924,79939,79946,79965,79916,79929,79942,79910,79921,79928,79928,79935,79947,79928,79939
79965,79981,79997,80004,80023,79974,79987,80000,79968,79979,79985,79985,79993,80005,79985,79998
80023,80039,80054,80060,80082,80032,80045,80057,80026,80036,80042,80042,80050,80061,80042,80055
80082,80098,80113,80118,80143,80091,80104,80115,80085,80095,80103,80103,80109,80119,80103,80114
80143,80160,80175,80179,80208,80152,80166,80178,80146,80157,80162,80162,80171,80183,80162,80176
80208,80225,80239,80244,80273,80217,80231,80243,80211,80222,80229,80229,80236,80253,80229,80239
80273,80291,80306,80310,80339,80283,80297,80309,80276,80287,80296,80296,80303,80314,80296,80308
80339,80356,80372,80376,80404,80348,80362,80375,80342,80353,80360,80360,80368,80379,80360,80373
80404,80422,80437,80441,80470,80414,80428,80440,80408,80418,80426,80426,80433,80445,80426,80439
80470,80487,80502,80506,80534,80479,80493,80505,80473,80484,80490,80490,80499,80510,80490,80503
80534,80551,80566,80571,80597,80543,80557,80569,80538,80548,80553,80553,80563,80574,80553,80568
80597,80614,80629,80636,80659,80606,80620,80632,80601,80611,80615,80615,80626,80637,80615,80631
80659,80675,80690,80696,80719,80667,80680,80692,80661,80672,80679,80679,80686,80697,80679,80690
80719,80735,80750,80757,80778,80727,80740,80752,80722,80732,80737,80737,80746,80757,80737,80750
80778,80795,80809,80816,80840,80787,80800,80812,80781,80792,80799,80799,80805,80816,80799,80810
80840,80856,80871,80878,80902,80849,80861,80873,80843,80853,80860,80860,80867,80878,80860,80871
80902,80918,80933,80941,80964,80911,80924,80936,80905,80915,80922,80922,80929,80940,80922,80934
80964,80980,80996,81002,81026,80973,80986,80998,80967,80978,80983,80983,80992,81003,80983,80997
81026,81043,81058,81065,81089,81035,81048,81061,81030,81040,81046,81046,81054,81066,81046,81059
81089,81105,81120,81127,81150,81097,81110,81123,81091,81102,81109,81109,81116,81127,81109,81121
81150,81167,81182,81189,81213,81159,81172,81185,81153,81164,81170,81170,81178,81189,81170,81183
81213,81229,81245,81252,81275,81222,81235,81248,81216,81226,81233,81233,81241,81253,81233,81245
81275,81292,81307,81314,81337,81284,81298,81310,81278,81289,81296,81296,81303,81315,81296,81308
81337,81354,81369,81374,81398,81346,81359,81371,81340,81351,81358,81358,81365,81375,81358,81370
81398,81415,81430,81435,81460,81407,81421,81433,81402,81412,81417,81417,81426,81437,81417,81431
81460,81477,81492,81497,81522,81469,81482,81495,81463,81474,81479,81479,81488,81499,81479,81494
81522,81539,81554,81560,81585,81531,81545,81557,81525,81536,81541,81541,81550,81562,81541,81555
81585,81601,81617,81622,81648,81594,81607,81619,81588,81598,81603,81603,81613,81624,81603,81618
81648,81664,81680,81686,81709,81656,81670,81682,81651,81661,81667,81667,81675,81688,81667,81680
81709,81726,81741,81747,81770,81718,81732,81744,81712,81723,81730,81730,81737,81749,81730,81741
81770,81787,81802,81808,81831,81779,81792,81805,81773,81784,81790,81790,81798,81810,81790,81803
81831,81847,81863,81868,81891,81839,81853,81865,81833,81844,81850,81850,81858,81870,81850,81863
81891,81908,81923,81927,81952,81900,81913,81926,81894,81905,81911,81911,81919,81930,81911,81924
81952,81969,81984,81989,82014,81961,81975,81987,81956,81966,81971,81971,81980,81991,81971,81985
82014,82031,82046,82051,82077,82023,82037,82049,82017,82028,82035,82035,82042,82054,82035,82046
82077,82094,82109,82114,82142,82086,82100,82112,82081,82091,82098,82098,82105,82116,82098,82110
82142,82158,82173,82178,82207,82151,82164,82176,82145,82155,82163,82163,82170,82181,82163,82174
82207,82224,82239,82243,82273,82216,82230,82242,82210,82221,82228,82228,82235,82247,82228,82240
82273,82290,82304,82309,82339,82282,82295,82308,82276,82287,82292,82292,82300,82313,82292,82305
82339,82356,82370,82376,82404,82348,82361,82373,82342,82353,82359,82359,82366,82378,82359,82371
82404,82421,82435,82441,82470,82414,82427,82438,82408,82418,82425,82425,82432,82444,82425,82436
82470,82487,82502,82508,82537,82479,82493,82505,82474,82484,82491,82491,82498,82510,82491,82503
82537,82554,82569,82576,82606,82547,82560,82572,82541,82551,82556,82556,82565,82577,82556,82570
82606,82622,82638,82646,82674,82615,82628,82641,82609,82619,82625,82625,82634,82646,82625,82639
82674,82691,82707,82714,82744,82684,82697,82710,82678,82688,82693,82693,82703,82715,82693,82709
82744,82760,82776,82784,82812,82753,82767,82779,82747,82758,82766,82766,82772,82784,82766,82777
82812,82829,82844,82853,82880,82822,82835,82848,82816,82826,82832,82832,82841,82853,82832,82846
82880,82897,82912,82920,82945,82890,82903,82915,82884,82894,82901,82901,82909,82920,82901,82913
82945,82962,82977,82985,83009,82955,82968,82980,82949,82959,82967,82967,82974,82984,82967,82978
83009,83025,83041,83049,83073,83018,83031,83044,83013,83023,83029,83029,83037,83049,83029,83042
83073,83089,83105,83112,83138,83082,83095,83108,83076,83086,83091,83091,83101,83112,83091,83106
83138,83155,83170,83178,83206,83147,83161,83173,83142,83152,83158,83158,83166,83178,83158,83171
83206,83224,83239,83248,83279,83217,83230,83243,83211,83221,83229,83229,83236,83248,83229,83241
83279,83296,83311,83320,83351,83289,83302,83315,83283,83294,83302,83302,83308,83320,83302,83313
83351,83369,83384,83392,83421,83361,83375,83387,83356,83366,83373,83373,83380,83392,83373,83385
83421,83439,83454,83463,83489,83431,83445,83457,83426,83436,83442,83442,83451,83462,83442,83455
83489,83506,83521,83529,83554,83499,83512,83524,83493,83503,83511,83511,83518,83529,83511,83522
83554,83571,83587,83595,83618,83564,83577,83590,83558,83569,83576,83576,83583,83595,83576,83588
83618,83635,83650,83658,83683,83628,83641,83654,83622,83632,83640,83640,83647,83659,83640,83651
83683,83700,83715,83723,83749,83693,83706,83718,83687,83697,83705,83705,83712,83723,83705,83716
83749,83766,83781,83788,83814,83758,83772,83784,83753,83763,83771,83771,83777,83789,83771,83782
83814,83831,83846,83853,83878,83823,83837,83849,83818,83828,83836,83836,83843,83854,83836,83847
83878,83896,83911,83917,83944,83889,83902,83914,83883,83893,83901,83901,83907,83919,83901,83912
83944,83961,83976,83981,84008,83953,83967,83978,83947,83958,83965,83965,83972,83983,83965,83977
84008,84025,84039,84043,84070,84017,84030,84042,84011,84021,84028,84028,84035,84047,84028,84040
84070,84087,84102,84106,84131,84079,84093,84105,84073,84083,84093,84093,84098,84109,84093,84102
84131,84147,84163,84171,84190,84139,84152,84165,84133,84144,84149,84149,84158,84171,84149,84164
84190,84205,84220,84226,84246,84198,84210,84222,84192,84202,84207,84207,84216,84227,84207,84220
84246,84261,84277,84283,84301,84254,84267,84278,84248,84259,84265,84265,84272,84283,84265,84276
84301,84317,84333,84340,84359,84309,84323,84335,84303,84314,84320,84320,84328,84341,84320,84333
84359,84373,84390,84395,84415,84366,84379,84392,84361,84370,84375,84375,84385,84397,84375,84391
84415,84432,84446,84450,84471,84423,84437,84447,84418,84428,84437,84437,84442,84450,84437,84446
84471,84488,84503,84508,84534,84480,84495,84507,84475,84485,84495,84495,84500,84510,84495,84504
84534,84551,84566,84573,84604,84543,84557,84568,84537,84547,84555,84555,84563,84573,84551,84555
84604,84621,84636,84643,84680,84613,84628,84639,84607,84617,84625,84625,84633,84643,84620,84625
84680,84698,84712,84720,84758,84690,84704,84715,84685,84694,84701,84701,84709,84719,84697,84701
84758,84775,84790,84810,84836,84767,84782,84796,84761,84770,84777,84777,84787,84796,84773,84777
84836,84853,84869,84875,84910,84844,84859,84874,84838,84849,84857,84857,84865,84880,84857,84873
84910,84928,84942,84946,84980,84919,84934,84945,84912,84923,84927,84927,84939,84952,84926,84927
84980,84998,85013,85016,85047,84988,85005,85015,84982,84992,85000,85000,85010,85020,84995,85000
85047,85066,85081,85086,85116,85056,85073,85085,85049,85060,85066,85066,85078,85090,85063,85066
85116,85134,85150,85153,85186,85124,85142,85152,85118,85128,85136,85136,85147,85156,85131,85136
85186,85205,85220,85228,85257,85194,85211,85227,85188,85198,85206,85206,85216,85233,85201,85206
85257,85276,85291,85301,85329,85265,85284,85300,85259,85269,85277,85277,85288,85306,85272,85277
85329,85350,85364,85373,85403,85338,85357,85372,85332,85342,85349,85349,85361,85375,85345,85349
85403,85424,85440,85444,85474,85413,85431,85443,85406,85417,85424,85424,85438,85448,85420,85424
85474,85493,85509,85513,85538,85482,85500,85512,85476,85486,85493,85493,85506,85516,85489,85493
85538,85557,85572,85583,85602,85546,85564,85582,85540,85550,85556,85556,85569,85587,85553,85556
85602,85621,85638,85643,85665,85611,85629,85642,85604,85615,85621,85621,85634,85646,85617,85621
85665,85684,85700,85705,85729,85674,85691,85704,85668,85679,85684,85684,85697,85711,85682,85684
85729,85749,85765,85771,85798,85738,85757,85770,85732,85743,85749,85749,85762,85774,85746,85749
85798,85817,85832,85838,85867,85807,85824,85837,85800,85811,85817,85817,85830,85844,85814,85817
85867,85886,85902,85915,85940,85875,85894,85906,85869,85880,85886,85886,85899,85906,85883,85886
85940,85963,85996,85976,86016,85950,85970,85976,85944,85954,85961,85961,85972,85985,85957,85961
86016,86046,86060,86067,86102,86034,86054,86066,86028,86039,86045,86045,86059,86071,86043,86045
86102,86122,86136,86143,86173,86111,86129,86142,86105,86116,86121,86121,86133,86147,86119,86121
86173,86193,86209,86215,86243,86182,86201,86214,86176,86187,86193,86193,86207,86219,86191,86193
86243,86263,86279,86285,86316,86252,86271,86284,86246,86257,86264,86264,86277,86289,86260,86264
86316,86336,86352,86357,86389,86325,86344,86356,86319,86329,86337,86337,86349,86360,86332,86337
86389,86409,86425,86431,86463,86398,86416,86430,86392,86403,86410,86410,86422,86434,86406,86410
86463,86482,86499,86505,86537,86472,86490,86504,86466,86477,86483,86483,86496,86510,86480,86483
86537,86557,86574,86579,86621,86546,86566,86578,86540,86550,86559,86559,86571,86583,86553,86559
86621,86641,86659,86664,86710,86631,86650,86663,86625,86635,86644,86644,86657,86667,86639,86644
86710,86732,86748,86755,86798,86721,86740,86754,86715,86725,86734,86734,86746,86758,86729,86734
86798,86819,86836,86841,86881,86809,86828,86840,86803,86813,86823,86823,86834,86845,86817,86823
86881,86902,86919,86926,86964,86892,86911,86925,86886,86896,86905,86905,86917,86929,86900,86905
86964,86985,87002,87009,87045,86975,86994,87008,86968,86979,86987,86987,87000,87013,86982,86987
87045,87065,87082,87089,87124,87055,87073,87088,87049,87059,87067,87067,87079,87092,87063,87067
87124,87144,87161,87167,87208,87134,87153,87166,87128,87138,87147,87147,87159,87172,87142,87147
87208,87229,87247,87254,87295,87219,87239,87253,87213,87224,87233,87233,87245,87258,87227,87233
87295,87315,87333,87339,87378,87306,87324,87338,87300,87310,87318,87318,87331,87342,87313,87318
87378,87398,87416,87422,87463,87388,87407,87421,87382,87393,87401,87401,87413,87426,87396,87401
87463,87484,87502,87508,87551,87474,87493,87507,87468,87478,87487,87487,87500,87512,87482,87487
87551,87572,87590,87596,87634,87563,87581,87595,87556,87567,87575,87575,87588,87600,87570,87575
87634,87654,87672,87678,87716,87645,87663,87677,87639,87649,87657,87657,87669,87681,87652,87657
87716,87737,87754,87761,87801,87727,87746,87760,87721,87731,87740,87740,87752,87765,87734,87740
87801,87822,87839,87847,87888,87812,87831,87846,87806,87816,87824,87824,87837,87850,87819,87824
87888,87908,87927,87933,87972,87899,87918,87932,87893,87903,87912,87912,87925,87937,87906,87912
87972,87992,88010,88016,88056,87982,88001,88015,87976,87987,87995,87995,88007,88020,87990,87995
88056,88077,88095,88101,88145,88067,88087,88100,88061,88072,88081,88081,88093,88105,88075,88081
88145,88166,88184,88191,88233,88156,88176,88190,88150,88161,88169,88169,88182,88194,88164,88169
88233,88253,88271,88278,88316,88244,88262,88277,88238,88248,88257,88257,88269,88282,88252,88257
88316,88337,88355,88362,88404,88327,88346,88361,88321,88332,88340,88340,88353,88365,88335,88340
88404,88425,88443,88451,88494,88415,88434,88450,88409,88419,88429,88429,88441,88456,88423,88429
88494,88514,88533,88540,88579,88505,88524,88539,88499,88509,88518,88518,88530,88543,88513,88518
88579,88599,88617,88624,88667,88590,88609,88623,88584,88594,88603,88603,88615,88629,88598,88603
88667,88687,88706,88713,88756,88678,88697,88712,88672,88682,88692,88692,88704,88717,88686,88692
88756,88778,88796,88803,88846,88768,88788,88802,88762,88773,88782,88782,88794,88807,88776,88782
88846,88866,88884,88891,88931,88857,88876,88890,88851,88861,88870,88870,88882,88895,88865,88870
88931,88951,88969,88976,89016,88942,88961,88975,88936,88946,88955,88955,88967,88981,88949,88955
89016,89037,89055,89063,89105,89027,89046,89062,89021,89032,89041,89041,89053,89067,89035,89041
89105,89128,89146,89154,89198,89118,89138,89153,89113,89123,89132,89132,89145,89158,89126,89132
89198,89220,89238,89245,89287,89210,89229,89244,89204,89214,89223,89223,89236,89249,89218,89223
89287,89307,89325,89333,89375,89298,89317,89332,89292,89302,89311,89311,89323,89338,89305,89311
89375,89396,89414,89421,89466,89386,89406,89420,89380,89390,89400,89400,89412,89425,89394,89400
89466,89488,89506,89513,89557,89478,89497,89512,89472,89482,89491,89491,89504,89518,89486,89491
89557,89578,89596,89603,89644,89568,89587,89602,89563,89573,89581,89581,89594,89607,89576,89581
89644,89664,89683,89690,89733,89655,89674,89689,89649,89659,89668,89668,89681,89694,89662,89668
89733,89754,89773,89780,89823,89745,89764,89779,89739,89749,89759,89759,89771,89785,89753,89759
89823,89844,89862,89871,89908,89835,89853,89869,89829,89839,89847,89847,89860,89874,89842,89847
89908,89927,89946,89955,89992,89918,89936,89952,89912,89923,89931,89931,89943,89957,89926,89931
89992,90012,90031,90040,90079,90003,90022,90037,89997,90007,90016,90016,90029,90043,90011,90016
90079,90100,90119,90128,90171,90091,90110,90125,90085,90095,90104,90104,90117,90131,90098,90104
90171,90192,90210,90219,90258,90183,90201,90217,90177,90187,90196,90196,90208,90221,90190,90196
90258,90279,90297,90307,90347,90270,90288,90303,90264,90274,90283,90283,90295,90308,90277,90283
90347,90367,90386,90395,90436,90358,90377,90392,90352,90362,90371,90371,90384,90398,90365,90371
90436,90458,90477,90487,90530,90449,90468,90484,90444,90454,90463,90463,90475,90490,90457,90463
90530,90551,90569,90579,90615,90542,90560,90576,90536,90546,90555,90555,90567,90581,90549,90555
90615,90634,90654,90663,90699,90626,90645,90660,90620,90630,90640,90640,90652,90665,90633,90640
90699,90719,90738,90746,90784,90709,90728,90744,90703,90714,90723,90723,90736,90749,90717,90723
90784,90804,90823,90832,90871,90795,90814,90829,90789,90799,90809,90809,90821,90834,90803,90809
90871,90890,90909,90920,90956,90882,90900,90915,90876,90886,90895,90895,90907,90921,90889,90895
90956,90975,90994,91004,91047,90967,90985,91000,90961,90971,90980,90980,90992,91005,90974,90980
91047,91069,91088,91098,91147,91060,91079,91094,91055,91065,91074,91074,91087,91099,91068,91074
91147,91168,91187,91196,91242,91159,91178,91193,91153,91163,91172,91172,91185,91198,91166,91172
91242,91263,91281,91291,91331,91254,91272,91288,91248,91258,91268,91268,91279,91293,91262,91268
91331,91352,91371,91380,91421,91343,91362,91377,91337,91347,91357,91357,91369,91381,91351,91357
91421,91442,91461,91470,91514,91433,91452,91467,91427,91437,91446,91446,91459,91473,91440,91446
91514,91535,91553,91563,91604,91526,91544,91560,91520,91530,91539,91539,91551,91565,91533,91539
91604,91624,91643,91652,91691,91615,91634,91648,91609,91619,91629,91629,91641,91653,91623,91629
91691,91711,91730,91738,91781,91702,91721,91736,91696,91706,91716,91716,91728,91741,91710,91716
91781,91802,91821,91830,91874,91793,91812,91828,91787,91797,91807,91807,91819,91833,91801,91807
91874,91898,91916,91925,91969,91888,91908,91922,91883,91892,91902,91902,91915,91927,91896,91902
91969,91997,92015,92025,92066,91988,92006,92022,91982,91992,92002,92002,92014,92026,91996,92002
92066,92086,92105,92115,92153,92078,92096,92112,92072,92082,92092,92092,92103,92117,92085,92092
92153,92173,92192,92201,92240,92164,92183,92199,92158,92168,92179,92179,92190,92204,92172,92179
92240,92263,92282,92291,92333,92254,92274,92289,92248,92258,92269,92269,92281,92294,92262,92269
92333,92354,92373,92382,92420,92345,92364,92379,92339,92349,92360,92360,92371,92384,92353,92360
92420,92439,92458,92467,92504,92430,92449,92464,92424,92434,92444,92444,92456,92468,92438,92444
92504,92524,92544,92553,92594,92515,92534,92549,92509,92519,92529,92529,92542,92554,92523,92529
92594,92615,92635,92644,92687,92607,92626,92641,92601,92611,92621,92621,92633,92647,92614,92621
92687,92707,92726,92736,92774,92698,92716,92731,92692,92702,92712,92712,92723,92737,92705,92712
92774,92794,92813,92823,92863,92785,92803,92819,92779,92789,92799,92799,92811,92824,92792,92799
92863,92883,92903,92911,92953,92874,92893,92909,92869,92878,92889,92889,92901,92914,92882,92889
92953,92973,92993,93002,93039,92965,92983,92998,92959,92969,92978,92978,92991,93003,92972,92978
93039,93059,93078,93087,93127,93050,93069,93084,93045,93054,93064,93064,93076,93090,93058,93064
93127,93148,93167,93176,93219,93139,93158,93173,93133,93143,93153,93153,93165,93178,93146,93153
93219,93239,93259,93268,93306,93231,93250,93265,93225,93235,93245,93245,93257,93270,93238,93245
93306,93329,93347,93356,93399,93321,93338,93354,93315,93325,93334,93334,93346,93359,93328,93334
93399,93419,93439,93448,93495,93411,93430,93445,93405,93415,93424,93424,93437,93450,93418,93424
93495,93515,93535,93544,93584,93506,93526,93541,93501,93511,93521,93521,93533,93545,93514,93521
93584,93607,93625,93635,93676,93598,93616,93632,93592,93602,93612,93612,93624,93637,93606,93612
93676,93696,93716,93725,93766,93687,93706,93722,93681,93691,93701,93701,93714,93727,93695,93701
93766,93786,93806,93816,93854,93777,93797,93812,93772,93782,93792,93792,93804,93817,93785,93792
93854,93873,93892,93902,93938,93865,93883,93898,93859,93869,93878,93878,93890,93903,93872,93878
93938,93958,93977,93985,94027,93949,93968,93983,93943,93953,93963,93963,93975,93988,93957,93963
94027,94047,94066,94075,94115,94038,94057,94072,94032,94042,94052,94052,94064,94078,94045,94052
94115,94135,94153,94163,94201,94126,94145,94159,94120,94130,94140,94140,94151,94165,94134,94140
94201,94221,94240,94249,94291,94212,94231,94246,94206,94216,94225,94225,94238,94251,94219,94225
94291,94311,94331,94340,94381,94302,94321,94337,94297,94307,94316,94316,94329,94342,94310,94316
94381,94401,94420,94430,94466,94392,94410,94426,94387,94397,94406,94406,94418,94431,94400,94406
94466,94486,94505,94514,94553,94477,94496,94511,94471,94481,94491,94491,94503,94516,94484,94491
94553,94574,94593,94603,94642,94565,94584,94600,94559,94569,94579,94579,94592,94605,94573,94579
94642,94662,94681,94690,94728,94654,94672,94687,94648,94658,94668,94668,94679,94692,94662,94668
94728,94747,94766,94774,94813,94739,94757,94772,94733,94743,94753,94753,94764,94777,94746,94753
94813,94832,94852,94861,94902,94824,94843,94858,94818,94828,94838,94838,94850,94864,94832,94838
94902,94921,94942,94951,94991,94913,94932,94947,94907,94917,94927,94927,94940,94953,94920,94927
94991,95010,95029,95038,95077,95002,95020,95035,94996,95006,95015,95015,95027,95040,95009,95015
95077,95096,95115,95125,95166,95088,95106,95121,95082,95092,95101,95101,95113,95127,95095,95101
95166,95186,95206,95215,95258,95177,95197,95212,95172,95182,95191,95191,95204,95217,95185,95191
95258,95278,95297,95307,95345,95269,95287,95303,95263,95273,95283,95283,95295,95308,95277,95283
95345,95364,95383,95393,95432,95355,95373,95389,95349,95359,95369,95369,95381,95394,95363,95369
95432,95452,95472,95481,95524,95443,95462,95478,95437,95447,95457,95457,95470,95483,95451,95457
95524,95544,95563,95573,95615,95535,95554,95569,95530,95539,95549,95549,95561,95574,95543,95549
95615,95635,95654,95663,95706,95626,95644,95660,95620,95630,95640,95640,95652,95665,95634,95640
95706,95728,95747,95757,95800,95719,95738,95753,95713,95723,95733,95733,95745,95759,95726,95733
95800,95821,95840,95850,95889,95812,95830,95846,95806,95816,95826,95826,95838,95851,95820,95826
95889,95908,95928,95937,95979,95900,95918,95934,95894,95904,95913,95913,95926,95940,95907,95913
95979,96000,96020,96029,96074,95991,96010,96026,95985,95995,96005,96005,96018,96031,95998,96005
96074,96095,96114,96125,96166,96087,96105,96121,96081,96091,96101,96101,96113,96127,96095,96101
96166,96186,96206,96215,96258,96178,96197,96212,96172,96182,96192,96192,96204,96217,96185,96192
96258,96280,96300,96309,96354,96271,96291,96306,96265,96275,96286,96286,96298,96312,96279,96286
96354,96375,96395,96405,96444,96367,96386,96401,96361,96371,96382,96382,96393,96405,96375,96382
96444,96464,96484,96493,96532,96455,96474,96489,96449,96459,96470,96470,96481,96494,96463,96470
96532,96552,96572,96580,96625,96544,96563,96578,96538,96548,96558,96558,96570,96582,96551,96558
96625,96645,96664,96673,96714,96636,96655,96670,96631,96640,96650,96650,96662,96675,96644,96650
96714,96733,96752,96761,96799,96724,96743,96758,96719,96729,96738,96738,96750,96764,96732,96738
96799,96824,96843,96851,96901,96815,96834,96849,96809,96819,96829,96829,96842,96853,96822,96829
96901,96921,96941,96950,96993,96913,96932,96947,96907,96917,96927,96927,96939,96952,96920,96927
96993,97012,97032,97041,97083,97004,97023,97038,96998,97008,97018,97018,97030,97043,97011,97018
97083,97104,97124,97132,97177,97096,97115,97131,97090,97100,97110,97110,97123,97136,97103,97110
97177,97198,97218,97227,97268,97190,97209,97224,97184,97194,97204,97204,97216,97230,97198,97204
97268,97287,97307,97316,97357,97279,97297,97312,97273,97283,97292,97292,97305,97317,97286,97292
97357,97377,97397,97407,97450,97369,97387,97403,97363,97373,97383,97383,97396,97408,97376,97383
97450,97470,97489,97499,97539,97461,97480,97495,97456,97465,97475,97475,97487,97500,97469,97475
97539,97559,97578,97588,97631,97551,97569,97584,97545,97555,97565,97565,97576,97589,97558,97565
97631,97652,97671,97680,97728,97643,97662,97677,97637,97647,97657,97657,97669,97682,97650,97657
97728,97749,97769,97778,97822,97740,97759,97774,97734,97744,97755,97755,97767,97779,97748,97755
97822,97842,97861,97870,97915,97834,97852,97867,97828,97838,97848,97848,97859,97872,97841,97848
97915,97935,97955,97963,98013,97927,97946,97961,97921,97931,97941,97941,97953,97965,97934,97941
98013,98034,98053,98061,98110,98025,98044,98060,98019,98029,98039,98039,98051,98065,98032,98039
98110,98135,98154,98163,98211,98126,98145,98160,98121,98131,98141,98141,98153,98164,98134,98141
98211,98232,98251,98260,98308,98223,98242,98257,98217,98227,98237,98237,98249,98262,98231,98237
98308,98330,98349,98358,98408,98321,98340,98356,98315,98325,98335,98335,98347,98361,98328,98335
98408,98429,98449,98459,98506,98420,98440,98455,98415,98425,98435,98435,98447,98461,98428,98435
98506,98526,98545,98556,98599,98518,98536,98552,98512,98522,98532,98532,98543,98558,98526,98532
98599,98619,98638,98648,98694,98610,98629,98644,98604,98614,98624,98624,98636,98649,98618,98624
98694,98715,98735,98744,98793,98706,98725,98740,98700,98710,98720,98720,98733,98745,98713,98720
98793,98814,98833,98841,98893,98804,98824,98840,98799,98809,98819,98819,98831,98845,98812,98819
98893,98914,98933,98940,98986,98905,98924,98939,98899,98909,98920,98920,98931,98944,98913,98920
98986,99008,99026,99032,99081,98997,99017,99031,98991,99001,99009,99009,99024,99035,99004,99009
99081,99103,99121,99128,99181,99092,99112,99127,99085,99096,99104,99104,99119,99132,99099,99104
99181,99204,99222,99227,99284,99193,99213,99226,99186,99197,99209,99209,99220,99231,99203,99209
99284,99305,99323,99329,99376,99295,99314,99328,99289,99299,99308,99308,99321,99333,99303,99308
99376,99398,99415,99422,99472,99388,99407,99421,99381,99392,99402,99402,99413,99426,99396,99402
99472,99494,99513,99519,99571,99484,99504,99518,99478,99489,99499,99499,99511,99523,99492,99499
99571,99593,99612,99620,99673,99584,99604,99619,99578,99588,99599,99599,99611,99625,99592,99599
99673,99694,99713,99720,99765,99685,99704,99719,99679,99689,99700,99700,99711,99724,99693,99700
99765,99785,99804,99813,99855,99776,99795,99810,99771,99780,99791,99791,99802,99814,99784,99791
99855,99875,99895,99904,99950,99866,99886,99901,99860,99870,99881,99881,99893,99906,99874,99881
99950,99970,99990,99999,100047,99961,99981,99995,99956,99965,99975,99975,99988,100000,99969,99975
100047,100068,100088,100098,100144,100059,100079,100094,100054,100064,100074,100074,100086,100099,100067,100074
100144,100164,100183,100192,100233,100155,100173,100188,100149,100159,100169,100169,100181,100193,100163,100169
100233,100253,100273,100283,100328,100245,100263,100278,100239,100249,100259,100259,100271,100283,100252,100259
100328,100348,100368,100377,100420,100339,100358,100373,100334,100343,100354,100354,100366,100378,100347,100354
100420,100447,100467,100477,100528,100438,100457,100473,100433,100443,100453,100453,100465,100478,100446,100453
100528,100549,100569,100579,100625,100540,100559,100575,100535,100544,100556,100556,100567,100580,100548,100556
100625,100645,100664,100675,100715,100637,100654,100670,100631,100641,100651,100651,100662,100676,100645,100651
100715,100734,100754,100763,100805,100726,100744,100759,100720,100730,100741,100741,100752,100764,100734,100741
100805,100825,100845,100853,100900,100816,100836,100851,100811,100820,100831,100831,100843,100856,100824,100831
100900,100920,100940,100949,100997,100912,100931,100946,100906,100916,100927,100927,100939,100951,100919,100927
100997,101016,101035,101044,101089,101008,101026,101041,101002,101012,101023,101023,101033,101046,101016,101023
101089,101109,101129,101138,101179,101101,101120,101135,101095,101105,101115,101115,101127,101140,101108,101115
101179,101206,101226,101235,101284,101198,101217,101232,101192,101202,101213,101213,101224,101237,101205,101213
101284,101304,101324,101333,101376,101296,101314,101329,101290,101300,101311,101311,101322,101334,101304,101311
101376,101395,101415,101425,101469,101387,101405,101421,101381,101391,101402,101402,101413,101426,101395,101402
101469,101489,101509,101518,101563,101481,101500,101515,101475,101485,101496,101496,101507,101521,101489,101496
101563,101583,101603,101612,101652,101575,101593,101608,101569,101579,101590,101590,101601,101614,101583,101590
101652,101672,101691,101700,101741,101663,101682,101697,101658,101668,101678,101678,101689,101702,101671,101678
101741,101761,101781,101790,101833,101753,101772,101786,101747,101757,101767,101767,101779,101791,101760,101767
101833,101853,101873,101882,101927,101845,101864,101879,101839,101849,101859,101859,101871,101884,101853,101859
101927,101947,101966,101975,102018,101938,101957,101971,101933,101943,101953,101953,101964,101976,101946,101953
102018,102038,102058,102068,102116,102030,102049,102064,102024,102034,102044,102044,102056,102069,102037,102044
102116,102136,102156,102165,102216,102128,102147,102162,102122,102132,102142,102142,102154,102168,102135,102142
102216,102235,102255,102266,102308,102227,102245,102261,102222,102231,102242,102242,102253,102267,102235,102242
102308,102328,102348,102359,102402,102320,102339,102354,102314,102324,102334,102334,102346,102359,102328,102334
102402,102423,102443,102452,102496,102414,102433,102449,102409,102418,102429,102429,102441,102454,102422,102429
102496,102516,102536,102546,102585,102508,102526,102542,102502,102512,102522,102522,102534,102546,102516,102522
102585,102604,102623,102633,102674,102595,102614,102629,102589,102599,102609,102609,102621,102634,102603,102609
102674,102694,102713,102722,102771,102685,102704,102719,102679,102689,102699,102699,102711,102724,102693,102699
102771,102792,102811,102819,102859,102783,102802,102817,102777,102787,102796,102796,102809,102822,102790,102796
102859,102885,102903,102912,102958,102876,102895,102910,102871,102880,102890,102890,102902,102915,102884,102890
102958,102980,103000,103007,103059,102971,102990,103005,102965,102975,102985,102985,102998,103010,102979,102985
103059,103081,103100,103107,103157,103072,103091,103106,103066,103076,103086,103086,103098,103111,103080,103086
103157,103178,103197,103206,103251,103169,103188,103202,103163,103173,103183,103183,103195,103208,103177,103183
103251,103271,103291,103300,103345,103262,103281,103296,103256,103266,103277,103277,103289,103301,103270,103277
103345,103365,103385,103395,103438,103357,103376,103391,103351,103361,103371,103371,103383,103396,103364,103371
103438,103457,103477,103486,103525,103449,103467,103482,103443,103453,103463,103463,103475,103487,103457,103463
103525,103544,103564,103573,103614,103536,103554,103569,103530,103540,103550,103550,103562,103575,103543,103550
103614,103634,103653,103663,103707,103625,103644,103659,103620,103629,103639,103639,103651,103664,103633,103639
103707,103726,103745,103754,103795,103717,103736,103751,103712,103721,103731,103731,103743,103755,103725,103731
103795,103814,103833,103842,103884,103806,103824,103839,103800,103810,103820,103820,103831,103844,103813,103820
103884,103905,103924,103932,103977,103896,103915,103931,103890,103900,103911,103911,103922,103936,103904,103911
103977,103997,104016,104025,104067,103989,104007,104023,103983,103993,104003,104003,104014,104028,103997,104003
104067,104086,104106,104114,104159,104078,104096,104111,104072,104082,104092,104092,104103,104116,104085,104092
104159,104179,104199,104208,104255,104170,104189,104205,104165,104174,104185,104185,104197,104210,104178,104185
104255,104275,104295,104305,104345,104267,104285,104301,104261,104271,104281,104281,104293,104307,104275,104281
104345,104365,104384,104394,104434,104357,104375,104390,104351,104361,104371,104371,104382,104395,104364,104371
104434,104454,104474,104483,104522,104445,104464,104480,104440,104450,104460,104460,104472,104485,104453,104460
104522,104542,104561,104571,104607,104533,104551,104567,104528,104537,104547,104547,104559,104572,104541,104547
104607,104626,104645,104654,104696,104618,104636,104651,104612,104622,104632,104632,104643,104657,104626,104632
104696,104716,104735,104744,104791,104707,104726,104741,104702,104711,104721,104721,104733,104746,104715,104721
104791,104811,104831,104840,104883,104803,104821,104836,104797,104807,104817,104817,104829,104841,104810,104817
104883,104902,104921,104931,104973,104894,104912,104927,104888,104898,104908,104908,104919,104932,104901,104908
104973,104994,105014,105024,105070,104986,105005,105020,104980,104990,105000,105000,105012,105026,104993,105000
105070,105090,105109,105119,105160,105081,105099,105115,105076,105086,105096,105096,105107,105120,105089,105096
105160,105179,105198,105208,105249,105171,105189,105204,105165,105175,105185,105185,105196,105210,105178,105185
105249,105269,105289,105299,105342,105260,105279,105295,105255,105264,105275,105275,105287,105301,105268,105275
105342,105361,105381,105390,105428,105353,105371,105386,105347,105357,105367,105367,105379,105391,105360,105367
105428,105447,105467,105476,105514,105439,105457,105472,105433,105443,105453,105453,105465,105477,105446,105453
105514,105533,105552,105561,105602,105524,105543,105558,105519,105528,105538,105538,105550,105564,105532,105538
105602,105622,105642,105651,105691,105613,105632,105647,105608,105617,105628,105628,105640,105652,105621,105628
105691,105710,105729,105738,105778,105701,105720,105734,105696,105705,105715,105715,105726,105739,105709,105715
105778,105798,105817,105827,105873,105789,105808,105823,105784,105793,105803,105803,105815,105827,105797,105803
105873,105893,105913,105923,105971,105885,105904,105919,105879,105889,105899,105899,105911,105925,105892,105899
105971,105992,106011,106020,106064,105983,106002,106017,105978,105987,105997,105997,106009,106022,105991,105997
106064,106085,106104,106113,106160,106076,106095,106110,106070,106080,106090,106090,106102,106115,106084,106090
106160,106180,106199,106208,106255,106172,106191,106206,106166,106176,106186,106186,106198,106211,106179,106186
106255,106275,106294,106302,106341,106266,106284,106300,106260,106270,106281,106281,106292,106306,106274,106281
106341,106361,106379,106388,106427,106352,106370,106385,106346,106356,106365,106365,106377,106390,106359,106365
106427,106446,106465,106474,106512,106437,106456,106471,106431,106441,106451,106451,106463,106476,106445,106451
106512,106532,106551,106559,106602,106523,106542,106556,106517,106527,106536,106536,106549,106562,106530,106536
106602,106621,106641,106650,106692,106613,106631,106646,106607,106617,106627,106627,106638,106651,106620,106627
106692,106711,106730,106740,106782,106703,106721,106736,106697,106707,106716,106716,106728,106741,106710,106716
106782,106801,106820,106830,106878,106793,106811,106826,106787,106797,106806,106806,106818,106832,106800,106806
106878,106898,106917,106926,106981,106889,106908,106923,106884,106893,106903,106903,106915,106928,106897,106903
106981,107001,107020,107029,107076,106992,107011,107026,106986,106996,107006,107006,107018,107031,106999,107006
107076,107096,107115,107125,107165,107088,107106,107121,107082,107092,107102,107102,107113,107126,107096,107102
107165,107184,107204,107212,107251,107176,107195,107210,107170,107180,107190,107190,107201,107215,107184,107190
107251,107270,107290,107297,107338,107262,107281,107296,107256,107266,107276,107276,107288,107301,107269,107276
107338,107357,107376,107384,107429,107348,107368,107382,107342,107352,107363,107363,107374,107388,107356,107363
107429,107448,107467,107477,107521,107440,107459,107473,107434,107443,107453,107453,107465,107478,107447,107453
107521,107540,107559,107569,107613,107532,107550,107565,107526,107536,107546,107546,107557,107570,107539,107546
107613,107632,107652,107661,107707,107624,107643,107657,107619,107628,107638,107638,107650,107662,107632,107638
107707,107727,107747,107756,107807,107719,107738,107753,107713,107723,107733,107733,107745,107758,107726,107733
107807,107827,107847,107856,107906,107819,107837,107853,107813,107823,107833,107833,107845,107857,107826,107833
107906,107927,107947,107957,108001,107919,107937,107953,107913,107923,107933,107933,107945,107958,107926,107933
108001,108021,108040,108051,108090,108013,108030,108046,108007,108017,108027,108027,108038,108051,108020,108027
108090,108109,108129,108139,108179,108101,108119,108135,108095,108105,108115,108115,108127,108140,108108,108115
108179,108199,108219,108229,108274,108190,108209,108225,108185,108194,108205,108205,108217,108230,108198,108205
108274,108295,108315,108325,108374,108286,108305,108321,108281,108290,108301,108301,108313,108326,108294,108301
108374,108394,108414,108424,108467,108386,108404,108420,108381,108390,108400,108400,108412,108425,108394,108400
108467,108487,108506,108516,108558,108479,108497,108512,108473,108483,108493,108493,108504,108517,108486,108493
108558,108578,108597,108607,108651,108569,108588,108603,108564,108573,108584,108584,108595,108608,108577,108584
108651,108671,108691,108701,108746,108663,108682,108697,108657,108667,108677,108677,108689,108702,108670,108677
108746,108766,108786,108796,108837,108757,108776,108791,108752,108761,108772,108772,108784,108796,108765,108772
108837,108856,108875,108885,108926,108848,108865,108880,108842,108852,108862,108862,108873,108885,108855,108862
108926,108945,108965,108975,109019,108937,108956,108971,108931,108941,108951,108951,108963,108976,108945,108951
109019,109039,109059,109069,109117,109031,109050,109065,109025,109035,109045,109045,109057,109070,109039,109045
109117,109137,109157,109168,109213,109129,109148,109163,109123,109133,109144,109144,109155,109168,109137,109144
109213,109233,109251,109262,109302,109224,109242,109257,109218,109229,109239,109239,109249,109262,109232,109239
109302,109321,109341,109351,109392,109313,109331,109346,109307,109317,109328,109328,109339,109351,109321,109328
109392,109412,109432,109442,109485,109403,109422,109437,109397,109407,109418,109418,109430,109443,109411,109418
109485,109504,109524,109534,109574,109496,109514,109529,109490,109500,109511,109511,109522,109534,109504,109511
109574,109593,109612,109623,109667,109585,109603,109618,109579,109589,109600,109600,109610,109623,109593,109600
109667,109686,109706,109716,109763,109678,109697,109712,109672,109682,109693,109693,109704,109717,109686,109693
109763,109782,109802,109812,109854,109774,109793,109808,109769,109779,109789,109789,109800,109814,109782,109789
109854,109873,109893,109903,109945,109865,109883,109898,109859,109869,109880,109880,109891,109903,109873,109880
109945,109964,109985,109995,110039,109956,109975,109990,109951,109960,109971,109971,109983,109995,109964,109971
110039,110059,110079,110089,110129,110050,110069,110085,110045,110055,110065,110065,110077,110090,110058,110065
110129,110148,110168,110178,110217,110140,110158,110173,110135,110144,110154,110154,110165,110178,110148,110154
110217,110236,110256,110266,110308,110228,110246,110261,110222,110232,110242,110242,110254,110267,110235,110242
110308,110329,110349,110359,110402,110321,110339,110355,110315,110325,110335,110335,110347,110360,110328,110335
110402,110422,110442,110452,110493,110414,110432,110447,110409,110418,110428,110428,110440,110453,110422,110428
110493,110512,110532,110541,110583,110503,110522,110537,110498,110508,110518,110518,110530,110542,110511,110518
110583,110603,110623,110632,110678,110595,110613,110629,110589,110599,110610,110610,110621,110633,110603,110610
110678,110698,110718,110727,110768,110690,110708,110724,110684,110694,110705,110705,110716,110729,110698,110705
110768,110788,110807,110817,110859,110780,110798,110813,110774,110784,110794,110794,110805,110819,110788,110794
110859,110878,110898,110908,110951,110870,110888,110904,110864,110874,110884,110884,110896,110909,110878,110884
110951,110971,110990,111001,111041,110962,110981,110997,110957,110966,110976,110976,110988,111002,110970,110976
111041,111060,111079,111090,111127,111052,111069,111085,111046,111056,111066,111066,111077,111090,111060,111066
111127,111145,111165,111176,111213,111137,111155,111171,111131,111141,111151,111151,111162,111177,111145,111151
111213,111232,111252,111263,111301,111224,111242,111258,111218,111228,111239,111239,111250,111263,111232,111239
111301,111320,111340,111350,111387,111312,111330,111346,111307,111316,111327,111327,111338,111351,111320,111327
111387,111406,111425,111437,111475,111398,111416,111431,111393,111402,111412,111412,111423,111437,111406,111412
111475,111495,111514,111525,111566,111486,111505,111520,111481,111491,111500,111500,111512,111525,111494,111500
111566,111586,111605,111616,111653,111577,111596,111611,111572,111582,111592,111592,111603,111617,111585,111592
111653,111671,111691,111701,111738,111663,111681,111696,111658,111668,111677,111677,111688,111701,111671,111677
111738,111756,111776,111786,111825,111748,111766,111782,111743,111752,111763,111763,111774,111787,111756,111763
111825,111844,111864,111875,111914,111836,111855,111870,111831,111840,111851,111851,111862,111875,111844,111851
111914,111933,111952,111963,112000,111925,111942,111958,111919,111929,111939,111939,111950,111963,111933,111939
112000,112019,112038,112049,112088,112011,112029,112043,112005,112015,112025,112025,112036,112048,112019,112025
112088,112107,112126,112136,112178,112099,112117,112132,112093,112103,112113,112113,112124,112137,112106,112113
112178,112198,112217,112227,112271,112189,112208,112223,112184,112193,112204,112204,112215,112228,112197,112204
112271,112290,112309,112320,112361,112282,112300,112315,112276,112286,112296,112296,112307,112319,112290,112296
112361,112380,112399,112410,112448,112372,112390,112405,112367,112376,112386,112386,112397,112411,112380,112386
112448,112473,112493,112503,112549,112465,112483,112499,112459,112469,112480,112480,112491,112504,112473,112480
112549,112569,112589,112600,112641,112561,112579,112595,112555,112565,112575,112575,112587,112600,112569,112575
112641,112661,112680,112690,112731,112653,112670,112685,112647,112657,112667,112667,112678,112691,112660,112667
112731,112751,112770,112781,112824,112742,112761,112776,112737,112747,112757,112757,112768,112782,112750,112757
112824,112843,112863,112874,112914,112835,112854,112869,112829,112839,112850,112850,112861,112874,112843,112850
112914,112933,112952,112963,113001,112925,112943,112958,112920,112929,112939,112939,112950,112963,112933,112939
113001,113020,113040,113050,113091,113012,113030,113045,113006,113016,113027,113027,113038,113051,113020,113027
113091,113111,113131,113140,113183,113102,113121,113136,113097,113106,113117,113117,113129,113140,113110,113117
113183,113202,113221,113232,113271,113193,113212,113227,113188,113198,113208,113208,113219,113233,113201,113208
113271,113290,113309,113318,113357,113281,113299,113314,113275,113285,113296,113296,113307,113319,113289,113296
113357,113377,113396,113404,113451,113368,113387,113401,113362,113372,113382,113382,113393,113405,113375,113382
113451,113472,113491,113499,113550,113463,113482,113496,113457,113467,113477,113477,113489,113502,113471,113477
113550,113571,113590,113597,113643,113562,113581,113596,113556,113567,113577,113577,113588,113602,113570,113577
113643,113663,113681,113690,113732,113654,113672,113687,113648,113658,113668,113668,113679,113692,113662,113668
113732,113752,113771,113779,113822,113743,113762,113777,113737,113747,113757,113757,113769,113782,113751,113757
113822,113843,113862,113870,113913,113834,113853,113868,113828,113838,113849,113849,113860,113873,113842,113849
113913,113932,113951,113961,113998,113923,113941,113957,113918,113928,113938,113938,113949,113963,113931,113938
113998,114018,114036,114043,114084,114009,114027,114042,114003,114013,114023,114023,114034,114047,114017,114023
114084,114104,114124,114131,114173,114095,114115,114129,114089,114100,114110,114110,114122,114135,114103,114110
114173,114193,114212,114220,114259,114184,114202,114217,114178,114188,114199,114199,114210,114222,114192,114199
114259,114279,114298,114306,114348,114270,114288,114303,114264,114275,114285,114285,114296,114308,114278,114285
114348,114368,114387,114396,114441,114360,114378,114393,114354,114364,114374,114374,114385,114400,114367,114374
114441,114461,114480,114490,114532,114452,114471,114486,114446,114456,114466,114466,114478,114491,114460,114466
114532,114551,114570,114580,114619,114543,114561,114576,114537,114547,114557,114557,114568,114581,114551,114557
114619,114638,114657,114667,114707,114630,114647,114663,114624,114634,114643,114643,114655,114667,114637,114643
114707,114727,114746,114756,114798,114718,114736,114752,114712,114722,114732,114732,114744,114757,114726,114732
114798,114817,114837,114847,114885,114809,114827,114842,114803,114813,114823,114823,114835,114847,114817,114823
114885,114904,114923,114933,114972,114895,114913,114928,114890,114900,114909,114909,114921,114933,114903,114909
114972,114991,115010,115021,115062,114983,115001,115016,114977,114987,114997,114997,115008,115022,114990,114997
115062,115081,115101,115111,115155,115073,115091,115107,115067,115077,115087,115087,115099,115112,115081,115087
115155,115175,115194,115205,115246,115167,115185,115200,115162,115171,115181,115181,115192,115206,115175,115181
115246,115265,115284,115294,115333,115257,115274,115290,115251,115261,115271,115271,115282,115295,115265,115271
115333,115353,115372,115383,115426,115344,115362,115378,115339,115349,115359,115359,115370,115383,115352,115359
115426,115446,115466,115476,115517,115438,115456,115472,115432,115442,115453,115453,115464,115478,115446,115453
115517,115536,115555,115565,115601,115528,115545,115560,115522,115532,115542,115542,115552,115566,115535,115542
115601,115621,115640,115650,115689,115612,115630,115646,115606,115616,115626,115626,115638,115651,115620,115626
115689,115709,115727,115734,115776,115699,115718,115733,115693,115704,115712,115712,115725,115738,115707,115712
115776,115796,115813,115820,115859,115786,115804,115818,115780,115790,115798,115798,115811,115822,115793,115798
115859,115879,115895,115901,115941,115868,115887,115900,115862,115872,115880,115880,115893,115905,115875,115880
115941,115961,115978,115984,116024,115951,115970,115982,115944,115955,115963,115963,115976,115986,115958,115963
116024,116044,116060,116066,116102,116034,116052,116065,116027,116038,116046,116046,116058,116069,116041,116046
116102,116121,116138,116142,116175,116111,116129,116141,116105,116115,116123,116123,116135,116144,116119,116123
116175,116194,116211,116217,116249,116184,116203,116216,116178,116188,116196,116196,116209,116220,116191,116196
116249,116269,116287,116293,116329,116259,116278,116291,116253,116263,116272,116272,116284,116295,116266,116272
116329,116348,116364,116375,116411,116338,116356,116370,116332,116341,116349,116349,116361,116378,116344,116349
116411,116433,116448,116454,116496,116420,116440,116453,116414,116423,116430,116434,116446,116458,116426,116434
116496,116512,116532,116546,116578,116504,116521,116537,116499,116508,116517,116517,116529,116542,116512,116517
116578,116596,116614,116623,116660,116587,116605,116618,116582,116591,116599,116599,116611,116623,116594,116599
116660,116679,116696,116705,116742,116669,116687,116700,116663,116672,116679,116681,116693,116706,116675,116681
116742,116762,116779,116786,116822,116750,116770,116782,116744,116754,116762,116762,116776,116786,116757,116762
116822,116841,116859,116864,116897,116830,116850,116863,116824,116834,116843,116843,116856,116867,116837,116843
116897,116916,116932,116937,116972,116906,116925,116936,116900,116911,116920,116920,116930,116938,116914,116920
116972,116992,117008,117013,117049,116981,116999,117012,116974,116985,116992,116992,117005,117017,116987,116992
117049,117069,117086,117091,117129,117058,117078,117090,117052,117062,117070,117070,117084,117093,117065,117070
117129,117149,117166,117173,117215,117138,117156,117172,117132,117143,117150,117150,117163,117177,117146,117150
117215,117234,117251,117256,117293,117224,117243,117255,117218,117228,117238,117238,117248,117261,117232,117238
117293,117312,117328,117336,117366,117302,117320,117335,117295,117306,117313,117313,117326,117340,117309,117313
117366,117386,117404,117410,117439,117376,117394,117407,117369,117380,117386,117386,117401,117411,117383,117386
117439,117457,117474,117481,117507,117447,117466,117478,117441,117451,117460,117460,117471,117482,117454,117460
117507,117524,117541,117546,117575,117516,117532,117545,117510,117520,117528,117528,117538,117552,117523,117528
117575,117594,117612,117620,117648,117584,117602,117616,117578,117588,117595,117595,117610,117620,117591,117595
117648,117666,117684,117691,117727,117656,117676,117687,117650,117660,117670,117670,117681,117693,117663,117670
117727,117745,117760,117770,117809,117735,117752,117765,117729,117739,117747,117747,117757,117769,117742,117747
117809,117827,117843,117853,117889,117817,117835,117848,117811,117821,117829,117829,117841,117858,117824,117829
117889,117907,117923,117933,117966,117897,117914,117928,117892,117901,117908,117908,117920,117934,117904,117908
117966,117984,118000,118009,118045,117974,117991,118005,117968,117978,117985,117985,117996,118010,117980,117985
118045,118064,118081,118087,118125,118053,118072,118083,118047,118056,118066,118066,118079,118088,118060,118066
118125,118144,118161,118168,118208,118133,118152,118164,118128,118137,118145,118145,118158,118169,118140,118145
118208,118228,118245,118252,118293,118217,118236,118248,118211,118222,118233,118233,118242,118252,118227,118233
118293,118313,118329,118337,118373,118303,118320,118333,118297,118306,118314,118314,118326,118339,118309,118314
118373,118393,118408,118418,118451,118382,118400,118414,118376,118386,118393,118393,118406,118420,118389,118393
118451,118471,118489,118495,118531,118460,118481,118492,118454,118464,118473,118473,118487,118496,118467,118473
118531,118550,118568,118574,118612,118539,118559,118572,118533,118543,118557,118557,118566,118577,118547,118557
118612,118630,118648,118654,118691,118620,118640,118653,118614,118624,118634,118636,118645,118659,118628,118636
118691,118709,118726,118734,118767,118700,118718,118733,118694,118704,118713,118713,118723,118739,118708,118713
118767,118784,118800,118806,118840,118775,118792,118804,118769,118779,118788,118788,118798,118810,118782,118788
118840,118860,118873,118879,118914,118848,118866,118878,118842,118852,118858,118861,118870,118884,118854,118861
118914,118935,118947,118952,118992,118922,118940,118951,118916,118926,118931,118935,118945,118956,118928,118935
118992,119013,119028,119034,119073,119001,119020,119032,118995,119005,119013,119013,119026,119037,119008,119013
119073,119093,119109,119115,119153,119082,119101,119113,119076,119086,119095,119095,119107,119117,119089,119095
119153,119172,119187,119197,119230,119162,119179,119195,119155,119166,119174,119174,119184,119200,119169,119174
119230,119249,119265,119269,119308,119238,119258,119268,119232,119242,119250,119252,119263,119271,119245,119252
119308,119327,119344,119351,119387,119316,119334,119347,119310,119320,119328,119328,119341,119352,119323,119328
119387,119407,119423,119431,119469,119396,119415,119426,119390,119400,119409,119409,119421,119431,119403,119409
119469,119488,119505,119513,119549,119478,119497,119508,119472,119481,119489,119493,119503,119513,119484,119493
119549,119568,119584,119588,119625,119558,119576,119587,119552,119562,119570,119572,119581,119593,119565,119572
119625,119644,119661,119668,119699,119633,119652,119664,119627,119637,119644,119647,119658,119669,119639,119647
119699,119717,119734,119741,119771,119707,119725,119738,119701,119711,119719,119719,119731,119743,119714,119719
119771,119790,119808,119815,119844,119780,119799,119812,119774,119783,119791,119794,119806,119816,119786,119794
119844,119863,119880,119884,119915,119852,119871,119883,119846,119856,119864,119864,119877,119887,119859,119864
119915,119934,119950,119955,119984,119924,119941,119953,119918,119928,119936,119936,119947,119957,119932,119936
119984,120003,120019,120022,120055,119993,120011,120021,119987,119997,120004,120004,120016,120026,119999,120004
120055,120075,120089,120095,120129,120063,120082,120094,120057,120067,120074,120076,120087,120102,120070,120076
120129,120148,120164,120169,120205,120137,120157,120168,120131,120141,120149,120151,120162,120177,120144,120151
120205,120224,120241,120246,120281,120214,120232,120245,120208,120218,120227,120227,120239,120249,120222,120227
120281,120300,120315,120323,120355,120290,120307,120320,120284,120294,120301,120301,120312,120325,120296,120301
120355,120374,120389,120393,120427,120363,120382,120392,120357,120367,120375,120376,120386,120395,120370,120376
120427,120446,120461,120466,120499,120435,120453,120465,120429,120440,120448,120448,120459,120469,120443,120448
120499,120518,120535,120540,120571,120508,120527,120539,120502,120512,120522,120522,120533,120542,120516,120522
120571,120591,120607,120616,120643,120580,120599,120612,120574,120584,120592,120592,120605,120617,120587,120592
120643,120662,120676,120682,120711,120651,120668,120681,120645,120655,120662,120662,120673,120687,120658,120662
120711,120730,120745,120750,120780,120719,120737,120749,120713,120723,120731,120731,120742,120754,120726,120731
120780,120798,120814,120820,120854,120788,120805,120817,120782,120791,120799,120799,120811,120822,120794,120799
120854,120873,120890,120896,120929,120863,120883,120893,120856,120867,120875,120879,120888,120898,120870,120879
120929,120949,120964,120969,121007,120938,120956,120968,120932,120942,120950,120950,120962,120972,120945,120950
121007,121026,121041,121046,121083,121016,121033,121045,121010,121021,121026,121026,121038,121056,121025,121026
121083,121101,121119,121126,121156,121092,121108,121122,121085,121096,121105,121105,121116,121126,121100,121105
121156,121175,121191,121195,121229,121165,121183,121194,121159,121169,121176,121176,121188,121204,121171,121176
121229,121248,121264,121271,121303,121238,121256,121267,121232,121242,121250,121250,121261,121271,121245,121250
121303,121323,121338,121346,121381,121312,121330,121343,121306,121316,121324,121324,121335,121351,121319,121324
121381,121401,121416,121420,121460,121390,121408,121419,121383,121394,121402,121402,121413,121423,121397,121402
121460,121480,121494,121499,121540,121469,121487,121498,121463,121472,121480,121480,121492,121503,121475,121480
121540,121561,121575,121585,121619,121550,121568,121580,121544,121554,121562,121562,121573,121586,121556,121562
121619,121639,121655,121660,121696,121628,121646,121659,121622,121631,121638,121638,121650,121663,121634,121638
121696,121718,121731,121736,121778,121706,121725,121735,121700,121710,121717,121719,121729,121742,121713,121719
121778,121798,121815,121823,121861,121787,121806,121820,121781,121791,121800,121800,121812,121825,121794,121800
121861,121881,121898,121905,121944,121870,121890,121901,121864,121874,121883,121883,121895,121906,121877,121883
121944,121963,121979,121985,122023,121952,121970,121981,121946,121956,121963,121963,121976,121985,121959,121963
122023,122043,122057,122062,122100,122031,122050,122060,122025,122035,122043,122043,122054,122063,122038,122043
122100,122121,122135,122141,122179,122108,122128,122140,122102,122112,122119,122123,122132,122147,122115,122123
122179,122201,122216,122222,122262,122189,122208,122219,122182,122193,122200,122200,122214,122223,122195,122200
122262,122284,122297,122305,122350,122271,122290,122302,122265,122274,122281,122284,122295,122309,122277,122284
122350,122373,122386,122392,122439,122360,122379,122391,122354,122364,122371,122373,122383,122397,122367,122373
122439,122460,122473,122478,122526,122448,122466,122477,122441,122452,122460,122460,122470,122486,122455,122460
122526,122548,122563,122570,122613,122536,122555,122566,122529,122539,122546,122548,122560,122570,122542,122548
122613,122633,122650,122657,122701,122622,122642,122653,122616,122626,122634,122638,122647,122657,122629,122638
122701,122724,122736,122741,122787,122710,122729,122740,122704,122713,122719,122724,122734,122751,122716,122721
122787,122808,122822,122832,122869,122795,122815,122827,122789,122799,122806,122810,122820,122834,122802,122810
122869,122890,122904,122912,122949,122879,122897,122908,122873,122883,122890,122891,122902,122913,122885,122891
122949,122972,122985,122991,123029,122959,122978,122988,122953,122963,122969,122972,122983,122993,122965,122972
123029,123051,123067,123072,123115,123039,123058,123070,123032,123042,123049,123052,123064,123074,123045,123052
123115,123136,123150,123155,123205,123124,123144,123154,123118,123128,123138,123138,123148,123157,123132,123138
123205,123228,123240,123244,123290,123214,123234,123243,123207,123218,123225,123229,123238,123248,123221,123229
123290,123312,123325,123332,123374,123299,123318,123329,123293,123303,123309,123312,123323,123334,123305,123312
123374,123396,123408,123414,123456,123383,123402,123411,123377,123386,123393,123397,123406,123415,123389,123397
123456,123474,123491,123500,123534,123464,123483,123495,123459,123468,123475,123479,123489,123500,123471,123479
123534,123554,123569,123577,123608,123542,123561,123571,123537,123546,123553,123556,123566,123576,123548,123556
123608,123628,123642,123648,123678,123616,123634,123646,123610,123620,123626,123629,123639,123652,123622,123629
123678,123698,123714,123718,123744,123686,123705,123717,123680,123690,123696,123696,123712,123721,123693,123696
123744,123763,123779,123784,123809,123752,123771,123782,123746,123756,123765,123765,123777,123786,123759,123765
123809,123829,123844,123850,123880,123818,123836,123849,123812,123821,123828,123828,123842,123859,123824,123828
123880,123900,123915,123920,123960,123889,123907,123919,123882,123892,123900,123900,123912,123924,123895,123900
123960,123979,123995,124004,124041,123969,123988,123999,123962,123973,123982,123982,123993,124004,123976,123982
124041,124060,124075,124080,124120,124050,124067,124079,124043,124054,124061,124061,124072,124085,124057,124061
124120,124141,124156,124160,124203,124129,124148,124159,124123,124133,124141,124141,124153,124163,124136,124141
124203,124224,124239,124245,124289,124212,124231,124242,124206,124216,124224,124224,124236,124247,124219,124224
124289,124312,124326,124331,124381,124299,124319,124330,124293,124303,124311,124311,124323,124336,124306,124311
124381,124401,124416,124422,124468,124391,124409,124419,124384,124395,124403,124403,124414,124426,124398,124403
124468,124489,124504,124511,124562,124477,124496,124507,124471,124482,124490,124490,124502,124512,124485,124490
124562,124584,124600,124607,124661,124572,124592,124603,124566,124576,124585,124585,124597,124609,124579,124585
124661,124684,124699,124704,124764,124672,124691,124703,124666,124676,124685,124685,124697,124708,124679,124685
124764,124785,124802,124807,124866,124775,124794,124806,124768,124779,124787,124787,124800,124812,124782,124787
124866,124887,124903,124910,124959,124877,124895,124908,124871,124881,124889,124889,124901,124913,124884,124889
124959,124979,124996,125001,125050,124969,124988,125000,124963,124973,124982,124982,124993,125005,124976,124982
125050,125071,125088,125093,125140,125060,125079,125092,125054,125065,125074,125074,125086,125098,125068,125074
125140,125161,125178,125184,125234,125150,125170,125183,125144,125155,125165,125165,125176,125188,125158,125165
125234,125256,125273,125278,125331,125245,125265,125277,125239,125250,125259,125259,125271,125281,125253,125259
125331,125352,125369,125374,125424,125341,125361,125373,125335,125345,125355,125355,125367,125377,125349,125355
125424,125444,125461,125466,125515,125434,125453,125465,125428,125438,125448,125448,125459,125470,125442,125448
125515,125536,125553,125558,125609,125526,125546,125557,125520,125530,125540,125540,125551,125562,125534,125540
125609,125631,125648,125654,125704,125621,125641,125653,125614,125625,125635,125635,125646,125659,125629,125635
125704,125725,125743,125749,125794,125715,125735,125748,125709,125720,125729,125729,125741,125753,125723,125729
125794,125815,125833,125839,125875,125805,125825,125838,125799,125809,125819,125819,125831,125842,125813,125819
125875,125906,125925,125930,125972,125896,125917,125929,125890,125901,125913,125913,125923,125934,125905,125913
125972,125992,126009,126016,126048,125982,126001,126015,125976,125986,125996,125996,126007,126021,125990,125996
126048,126067,126085,126090,126119,126057,126076,126089,126051,126061,126070,126070,126082,126092,126065,126070
126119,126138,126156,126161,126190,126128,126147,126160,126122,126132,126141,126141,126153,126164,126135,126141
126190,126209,126225,126231,126261,126199,126217,126230,126193,126203,126211,126211,126223,126236,126207,126211
126261,126280,126298,126302,126333,126270,126288,126301,126264,126275,126284,126284,126295,126305,126278,126284
126333,126352,126369,126375,126402,126342,126361,126374,126336,126346,126355,126355,126366,126380,126349,126355
126402,126420,126437,126442,126470,126411,126428,126441,126405,126415,126423,126423,126434,126447,126419,126423
126470,126488,126506,126513,126538,126478,126496,126510,126472,126483,126492,126492,126503,126514,126486,126492
126538,126556,126571,126577,126607,126546,126563,126576,126540,126550,126557,126557,126568,126582,126553,126557
126607,126625,126643,126648,126677,126616,126633,126647,126609,126621,126630,126630,126640,126650,126630,126645
126677,126698,126714,126723,126750,126689,126706,126722,126683,126693,126699,126699,126711,126725,126695,126699
126750,126769,126786,126794,126821,126760,126776,126789,126754,126765,126770,126770,126783,126794,126770,126788
126821,126838,126855,126861,126889,126830,126845,126859,126823,126834,126843,126843,126852,126868,126843,126857
126889,126907,126923,126931,126958,126899,126914,126927,126892,126903,126913,126913,126920,126932,126913,126925
126958,126977,126992,127000,127026,126968,126984,126996,126962,126972,126978,126978,126989,127001,126976,126978
127026,127044,127060,127068,127092,127035,127050,127064,127029,127041,127049,127049,127056,127069,127049,127063
127092,127109,127125,127132,127155,127101,127115,127129,127095,127106,127113,127113,127120,127136,127113,127126
127155,127172,127189,127196,127218,127164,127178,127193,127158,127169,127175,127175,127185,127199,127175,127192
127218,127235,127250,127260,127280,127226,127241,127254,127220,127232,127240,127240,127246,127264,127240,127252
127280,127296,127311,127318,127339,127288,127302,127317,127281,127293,127301,127301,127306,127323,127301,127310
127339,127356,127373,127381,127400,127348,127362,127376,127342,127354,127359,127359,127368,127381,127359,127376
127400,127416,127433,127441,127459,127409,127422,127435,127402,127414,127419,127419,127429,127440,127419,127434
127459,127475,127491,127499,127518,127468,127481,127494,127462,127472,127478,127478,127487,127499,127478,127492
127518,127535,127550,127559,127579,127527,127541,127553,127521,127532,127538,127538,127547,127560,127538,127551
127579,127595,127611,127618,127640,127588,127601,127614,127582,127592,127600,127600,127607,127619,127600,127612
127640,127657,127672,127680,127704,127650,127663,127676,127643,127655,127662,127662,127669,127684,127662,127673
127704,127721,127735,127745,127767,127712,127726,127739,127706,127717,127726,127726,127731,127747,127726,127736
127767,127783,127799,127808,127827,127775,127789,127802,127768,127779,127788,127788,127794,127807,127788,127800
127827,127844,127859,127866,127888,127836,127849,127861,127830,127841,127848,127848,127855,127866,127848,127859
127888,127904,127920,127929,127950,127897,127910,127923,127891,127901,127908,127908,127916,127929,127908,127921
127950,127967,127982,127993,128014,127958,127973,127987,127952,127963,127973,127973,127979,127993,127973,127983
128014,128030,128046,128054,128077,128021,128036,128049,128015,128026,128036,128036,128042,128054,128036,128047
128077,128094,128108,128121,128139,128085,128099,128115,128079,128091,128097,128097,128103,128121,128097,128106
128139,128156,128170,128179,128202,128148,128161,128173,128142,128153,128161,128161,128166,128185,128161,128170
128202,128217,128233,128239,128259,128210,128223,128235,128204,128214,128223,128223,128229,128239,128223,128233
128259,128280,128296,128307,128326,128271,128287,128306,128264,128277,128286,128286,128293,128309,128286,128297
128326,128343,128358,128368,128389,128335,128349,128361,128329,128339,128344,128344,128355,128365,128343,128344
128389,128404,128419,128425,128453,128397,128410,128421,128391,128401,128411,128411,128415,128425,128411,128419
128453,128469,128484,128493,128519,128461,128475,128487,128455,128466,128476,128476,128481,128493,128476,128486
128519,128536,128551,128559,128590,128528,128542,128554,128523,128533,128538,128538,128548,128561,128538,128552
128590,128606,128621,128631,128661,128599,128611,128625,128593,128603,128609,128609,128618,128629,128609,128624
128661,128678,128693,128702,128732,128670,128684,128696,128664,128675,128684,128684,128690,128700,128684,128694
128732,128749,128764,128773,128802,128741,128755,128767,128736,128746,128752,128752,128761,128772,128752,128766
128802,128818,128834,128843,128871,128811,128825,128837,128805,128815,128821,128821,128830,128844,128820,128821
128871,128888,128903,128913,128941,128880,128894,128907,128875,128885,128893,128893,128900,128913,128893,128905
128941,128958,128974,128983,129011,128950,128964,128977,128944,128955,128962,128962,128970,128982,128962,128976
129011,129028,129044,129053,129081,129020,129034,129047,129014,129024,129030,129030,129041,129052,129030,129046
129081,129097,129113,129122,129149,129090,129103,129116,129084,129094,129099,129099,129110,129122,129099,129115
129149,129166,129182,129191,129218,129158,129172,129185,129152,129163,129168,129168,129178,129191,129168,129184
129218,129234,129249,129259,129286,129227,129240,129253,129221,129231,129239,129239,129246,129259,129239,129251
129286,129303,129319,129329,129355,129295,129309,129323,129289,129300,129307,129307,129315,129328,129307,129321
129355,129371,129387,129397,129422,129364,129377,129390,129358,129369,129376,129376,129383,129397,129376,129389
129422,129439,129455,129465,129488,129432,129445,129458,129426,129436,129441,129441,129452,129463,129441,129457
129488,129505,129521,129529,129554,129498,129511,129524,129492,129503,129509,129509,129517,129529,129509,129522
129554,129570,129586,129595,129617,129563,129576,129588,129557,129567,129575,129575,129582,129594,129575,129586
129617,129633,129649,129658,129679,129626,129639,129652,129620,129631,129636,129636,129645,129657,129636,129651
129679,129695,129711,129720,129739,129688,129701,129715,129682,129693,129699,129699,129707,129721,129699,129712
129739,129755,129771,129780,129799,129748,129761,129774,129742,129752,129758,129758,129767,129779,129758,129773
129799,129815,129831,129840,129860,129808,129821,129834,129802,129813,129819,129819,129826,129840,129819,129832
129860,129877,129892,129901,129923,129869,129882,129895,129863,129874,129880,129880,129888,129900,129880,129894
129923,129939,129955,129964,129985,129932,129944,129958,129926,129936,129942,129942,129951,129963,129942,129956
129985,130002,130018,130027,130049,129995,130008,130021,129989,130000,130006,130006,130014,130026,130006,130019
130049,130066,130081,130090,130113,130058,130072,130084,130053,130063,130070,130070,130077,130090,130070,130083
130113,130130,130145,130154,130176,130122,130135,130148,130116,130127,130133,130133,130142,130153,130133,130147
130176,130193,130209,130218,130239,130186,130198,130212,130180,130191,130196,130196,130205,130217,130196,130211
130239,130255,130271,130279,130300,130248,130261,130274,130242,130252,130258,130258,130267,130278,130258,130273
130300,130316,130332,130341,130361,130309,130322,130335,130303,130314,130320,130320,130328,130340,130320,130333
130361,130378,130393,130402,130425,130370,130384,130396,130365,130375,130382,130382,130390,130401,130382,130395
130425,130442,130457,130466,130490,130434,130447,130460,130429,130439,130446,130446,130453,130465,130446,130459
130490,130507,130523,130532,130557,130500,130513,130526,130494,130504,130510,130510,130519,130531,130510,130524
130557,130574,130589,130599,130625,130566,130580,130593,130560,130571,130579,130579,130586,130598,130579,130591
130625,130642,130658,130667,130695,130635,130648,130661,130629,130640,130647,130647,130654,130666,130647,130659
130695,130712,130728,130737,130764,130704,130718,130731,130699,130709,130716,130716,130724,130737,130716,130730
130764,130782,130797,130807,130832,130775,130788,130801,130769,130780,130787,130787,130794,130807,130787,130799
130832,130849,130864,130873,130896,130842,130855,130867,130836,130847,130853,130853,130860,130872,130853,130866
130896,130913,130928,130937,130959,130905,130919,130931,130899,130910,130918,130918,130925,130936,130918,130930
130959,130975,130991,130999,131021,130968,130981,130994,130962,130973,130979,130979,130987,130998,130979,130993
131021,131038,131053,131061,131084,131030,131044,131056,131024,131035,131042,131042,131049,131061,131042,131054
131084,131101,131116,131125,131148,131094,131107,131119,131088,131098,131105,131105,131112,131124,131105,131117
131148,131164,131180,131189,131211,131157,131170,131184,131151,131162,131168,131168,131176,131189,131168,131182
131211,131228,131243,131251,131275,131221,131234,131246,131215,131225,131231,131231,131240,131251,131231,131244
131275,131292,131307,131316,131339,131284,131298,131310,131278,131289,131297,131297,131303,131316,131297,131308
131339,131356,131371,131380,131402,131348,131361,131374,131342,131353,131359,131359,131367,131380,131359,131372
131402,131419,131435,131443,131466,131412,131425,131438,131406,131417,131422,131422,131431,131443,131422,131437
131466,131482,131498,131507,131526,131475,131488,131501,131469,131479,131485,131485,131494,131506,131485,131499
131526,131543,131559,131567,131586,131535,131548,131561,131530,131540,131546,131546,131554,131567,131546,131560
131586,131603,131618,131627,131647,131595,131608,131621,131589,131600,131606,131606,131614,131626,131606,131620
131647,131663,131679,131687,131709,131656,131669,131682,131650,131661,131666,131666,131675,131687,131666,131680
131709,131726,131742,131750,131773,131718,131732,131745,131712,131723,131729,131729,131738,131750,131729,131743
131773,131789,131805,131814,131838,131782,131796,131809,131776,131787,131792,131792,131802,131814,131792,131807
131838,131854,131870,131878,131903,131847,131860,131873,131841,131852,131857,131857,131866,131878,131857,131872
131903,131920,131935,131943,131968,131912,131926,131938,131907,131917,131923,131923,131932,131943,131923,131937
131968,131984,132000,132008,132030,131977,131990,132002,131971,131982,131988,131988,131996,132007,131988,132001
132030,132046,132062,132071,132091,132039,132053,132065,132033,132044,132052,132052,132059,132069,132052,132063
132091,132108,132123,132132,132152,132101,132114,132126,132095,132105,132112,132112,132119,132131,132112,132124
132152,132168,132184,132192,132213,132161,132174,132187,132155,132166,132174,132174,132180,132191,132174,132185
132213,132230,132246,132254,132276,132223,132236,132248,132217,132228,132235,132235,132242,132253,132235,132247
132276,132292,132308,132316,132338,132285,132298,132311,132279,132290,132296,132296,132304,132315,132296,132309
132338,132354,132370,132379,132400,132347,132360,132373,132341,132352,132359,132359,132366,132380,132359,132371
132400,132416,132431,132439,132462,132409,132422,132434,132403,132414,132421,132421,132427,132439,132421,132432
132462,132478,132493,132502,132525,132471,132484,132496,132465,132476,132483,132483,132490,132501,132483,132494
132525,132541,132556,132564,132587,132534,132547,132559,132527,132538,132546,132546,132553,132563,132546,132557
132587,132603,132618,132627,132649,132596,132609,132621,132590,132600,132607,132607,132614,132626,132607,132619
132649,132665,132680,132688,132710,132657,132671,132683,132651,132662,132666,132666,132677,132688,132666,132681
132710,132727,132742,132749,132771,132719,132732,132744,132713,132724,132729,132729,132738,132750,132729,132743
132771,132788,132804,132811,132835,132781,132794,132807,132774,132786,132792,132792,132800,132811,132792,132805
132835,132852,132867,132875,132900,132844,132858,132870,132839,132849,132856,132856,132863,132875,132856,132869
132900,132917,132932,132941,132966,132909,132922,132935,132904,132914,132920,132920,132929,132940,132920,132934
132966,132983,132998,133008,133033,132976,132989,133002,132970,132980,132985,132985,132995,133007,132985,133000
133033,133050,133065,133074,133099,133043,133056,133069,133037,133047,133053,133053,133062,133074,133053,133067
133099,133116,133132,133141,133165,133109,133122,133135,133103,133114,133121,133121,133129,133140,133121,133134
133165,133181,133197,133206,133228,133174,133187,133200,133168,133179,133185,133185,133193,133205,133185,133199
133228,133245,133260,133269,133291,133237,133251,133263,133232,133242,133250,133250,133256,133268,133250,133261
133291,133307,133323,133331,133353,133300,133313,133325,133294,133305,133312,133312,133319,133330,133312,133324
133353,133370,133385,133393,133416,133362,133375,133387,133356,133367,133373,133373,133381,133392,133373,133386
133416,133433,133448,133456,133480,133425,133438,133451,133420,133430,133437,133437,133444,133456,133437,133449
133480,133496,133511,133519,133544,133489,133502,133514,133483,133493,133501,133501,133507,133519,133501,133512
133544,133560,133575,133583,133609,133553,133566,133578,133547,133557,133565,133565,133571,133583,133565,133577
133609,133626,133640,133648,133676,133618,133631,133643,133612,133623,133631,133631,133637,133649,133631,133641
133676,133693,133708,133716,133745,133685,133698,133710,133679,133690,133697,133697,133704,133716,133697,133710
133745,133761,133776,133785,133812,133753,133767,133779,133748,133758,133766,133766,133772,133785,133766,133777
133812,133830,133844,133853,133879,133822,133835,133847,133816,133826,133835,133835,133841,133853,133835,133846
133879,133896,133911,133919,133946,133889,133902,133914,133883,133893,133900,133900,133908,133919,133898,133900
133946,133962,133977,133985,134011,133955,133968,133980,133949,133959,133966,133966,133974,133985,133966,133979
134011,134028,134043,134051,134077,134020,134034,134046,134014,134025,134030,134030,134039,134051,134030,134044
134077,134094,134109,134118,134144,134087,134100,134112,134081,134091,134097,134097,134106,134118,134097,134111
134144,134161,134177,134185,134211,134154,134167,134180,134148,134158,134164,134164,134173,134185,134164,134178
134211,134228,134244,134252,134278,134221,134234,134247,134215,134226,134231,134231,134241,134251,134231,134246
134278,134295,134310,134319,134344,134288,134301,134313,134282,134293,134299,134299,134307,134318,134299,134312
134344,134361,134377,134386,134409,134354,134367,134380,134348,134359,134365,134365,134373,134385,134365,134378
134409,134426,134442,134451,134472,134419,134432,134444,134413,134424,134430,134430,134438,134449,134430,134443
134472,134489,134504,134513,134534,134482,134495,134507,134476,134486,134494,134494,134500,134512,134494,134505
134534,134550,134566,134574,134595,134543,134556,134568,134537,134548,134554,134554,134562,134573,134554,134567
134595,134612,134627,134636,134658,134605,134618,134630,134599,134609,134615,134615,134624,134635,134615,134629
134658,134674,134690,134698,134720,134667,134680,134693,134661,134672,134680,134680,134686,134697,134680,134691
134720,134737,134752,134761,134784,134730,134743,134755,134724,134734,134742,134742,134749,134760,134742,134753
134784,134801,134817,134826,134851,134794,134807,134820,134788,134799,134807,134807,134813,134825,134807,134818
134851,134868,134883,134892,134918,134861,134874,134887,134855,134865,134873,134873,134880,134892,134873,134885
134918,134935,134951,134960,134985,134928,134942,134954,134923,134933,134942,134942,134948,134959,134942,134952
134985,135002,135017,135026,135051,134995,135008,135021,134989,134999,135007,135007,135014,135025,135007,135019
135051,135068,135083,135091,135116,135060,135074,135086,135055,135065,135071,135071,135080,135091,135071,135085
135116,135133,135149,135157,135182,135126,135139,135152,135120,135130,135138,135138,135145,135157,135138,135150
135182,135199,135214,135223,135247,135191,135205,135217,135185,135196,135201,135201,135211,135222,135201,135216
135247,135264,135279,135288,135312,135257,135270,135282,135251,135261,135268,135268,135275,135288,135268,135281
135312,135328,135344,135353,135376,135321,135334,135347,135315,135326,135332,135332,135340,135351,135332,135346
135376,135393,135408,135417,135439,135385,135399,135411,135380,135390,135397,135397,135405,135416,135397,135409
135439,135456,135472,135481,135503,135449,135462,135475,135443,135454,135461,135461,135468,135480,135461,135473
135503,135520,135535,135545,135565,135512,135526,135538,135507,135517,135524,135524,135532,135543,135524,135537
135565,135582,135597,135606,135625,135575,135588,135600,135569,135580,135587,135587,135593,135605,135587,135598
135625,135642,135657,135666,135684,135635,135647,135660,135629,135639,135646,135646,135653,135665,135646,135658
135684,135700,135716,135724,135742,135693,135706,135718,135688,135698,135705,135705,135712,135723,135705,135716
135742,135758,135774,135782,135802,135751,135764,135776,135745,135756,135762,135762,135770,135781,135762,135775
135802,135818,135834,135841,135865,135811,135824,135836,135805,135816,135822,135822,135830,135841,135822,135834
135865,135881,135896,135904,135929,135874,135887,135899,135868,135878,135886,135886,135893,135904,135886,135897
135929,135947,135961,135969,135997,135939,135952,135965,135933,135944,135950,135950,135958,135970,135950,135963
135997,136014,136028,136035,136065,136006,136019,136031,136000,136010,136019,136019,136025,136036,136019,136029
136065,136082,136096,136105,136133,136074,136087,136099,136068,136078,136086,136086,136093,136106,136086,136097
136133,136150,136164,136173,136200,136142,136155,136167,136136,136146,136155,136155,136161,136174,136155,136166
136200,136217,136232,136240,136264,136209,136223,136234,136203,136214,136222,136222,136228,136240,136222,136232
136264,136281,136296,136304,136327,136273,136287,136299,136267,136278,136286,136286,136292,136305,136286,136297
136327,136343,136359,136366,136388,136336,136349,136361,136330,136340,136346,136346,136355,136366,136346,136360
136388,136404,136419,136426,136449,136396,136410,136422,136390,136401,136408,136408,136415,136427,136408,136420
136449,136465,136480,136488,136511,136457,136471,136483,136451,136462,136470,136470,136476,136488,136470,136481
136511,136528,136543,136550,136574,136520,136534,136545,136514,136525,136533,136533,136539,136550,136533,136544
136574,136591,136606,136614,136638,136584,136597,136609,136578,136588,136594,136594,136602,136614,136594,136608
136638,136655,136670,136678,136701,136647,136661,136673,136641,136652,136658,136658,136667,136677,136658,136672
136701,136718,136733,136741,136764,136710,136724,136736,136705,136715,136721,136721,136730,136741,136721,136735
136764,136780,136796,136803,136824,136773,136786,136798,136767,136778,136784,136784,136791,136803,136784,136796
136824,136841,136856,136864,136885,136834,136846,136859,136828,136838,136844,136844,136853,136863,136844,136858
136885,136901,136917,136924,136946,136894,136907,136919,136888,136898,136904,136904,136913,136924,136904,136918
136946,136962,136977,136984,137007,136955,136968,136980,136949,136959,136965,136965,136973,136984,136965,136978
137007,137024,137039,137047,137071,137016,137029,137042,137011,137021,137027,137027,137035,137047,137027,137040
137071,137088,137103,137110,137136,137080,137093,137105,137074,137085,137093,137093,137099,137110,137093,137104
137136,137153,137168,137176,137202,137145,137159,137171,137140,137150,137158,137158,137164,137176,137158,137169
137202,137219,137234,137242,137267,137211,137225,137237,137206,137216,137221,137221,137231,137242,137221,137236
137267,137283,137299,137308,137331,137276,137289,137302,137270,137281,137287,137287,137295,137307,137287,137301
137331,137347,137364,137372,137393,137340,137354,137367,137334,137345,137349,137349,137360,137372,137349,137365
137393,137410,137425,137433,137453,137402,137416,137428,137397,137407,137416,137416,137421,137433,137416,137426
137453,137470,137485,137493,137513,137462,137476,137488,137456,137468,137474,137474,137481,137493,137474,137486
137513,137529,137544,137552,137572,137522,137535,137547,137516,137527,137534,137534,137540,137551,137534,137545
137572,137588,137604,137612,137632,137581,137594,137607,137575,137586,137592,137592,137600,137612,137592,137605
137632,137648,137663,137671,137693,137641,137654,137666,137635,137646,137652,137652,137659,137671,137652,137664
137693,137709,137725,137733,137754,137702,137715,137728,137696,137707,137713,137713,137721,137732,137713,137726
137754,137771,137786,137794,137817,137763,137776,137789,137758,137768,137775,137775,137782,137793,137775,137787
137817,137833,137849,137856,137879,137826,137839,137851,137820,137830,137836,137836,137845,137856,137836,137849
137879,137896,137911,137919,137943,137889,137902,137914,137883,137893,137900,137900,137908,137918,137900,137912
137943,137959,137974,137981,138005,137952,137965,137977,137946,137956,137964,137964,137970,137981,137964,137975
138005,138021,138036,138044,138067,138014,138027,138039,138008,138019,138026,138026,138033,138043,138026,138037
138067,138083,138098,138107,138130,138076,138089,138101,138070,138081,138089,138089,138095,138106,138089,138099
138130,138147,138162,138171,138195,138139,138152,138165,138134,138144,138151,138151,138158,138170,138151,138163
138195,138211,138227,138235,138259,138204,138217,138230,138198,138208,138213,138213,138223,138235,138213,138227
138259,138276,138291,138300,138324,138269,138282,138294,138263,138273,138280,138280,138287,138299,138280,138292
138324,138340,138356,138365,138387,138333,138346,138359,138327,138338,138345,138345,138352,138364,138345,138357
138387,138403,138419,138428,138448,138396,138409,138422,138390,138401,138408,138408,138415,138426,138408,138420
138448,138464,138480,138488,138507,138457,138470,138482,138451,138461,138468,138468,138475,138487,138468,138480
138507,138523,138539,138547,138566,138516,138529,138541,138510,138521,138528,138528,138535,138546,138528,138540
138566,138582,138597,138605,138624,138575,138587,138600,138569,138579,138585,138585,138593,138605,138585,138598
138624,138640,138655,138662,138683,138633,138646,138658,138627,138638,138644,138644,138651,138662,138644,138656
138683,138700,138714,138720,138743,138692,138705,138717,138686,138696,138704,138704,138710,138721,138704,138715
138743,138759,138774,138780,138804,138752,138764,138776,138746,138756,138762,138762,138769,138781,138762,138774
138804,138820,138834,138840,138867,138813,138826,138837,138807,138817,138825,138825,138830,138841,138825,138834
138867,138883,138898,138905,138931,138876,138889,138900,138870,138880,138888,138888,138894,138905,138888,138899
138931,138946,138961,138967,138993,138939,138952,138963,138933,138943,138951,138951,138957,138968,138951,138961
138993,139009,139024,139030,139055,139002,139015,139026,138996,139006,139011,139011,139020,139031,139011,139025
139055,139072,139087,139094,139119,139064,139078,139090,139058,139069,139077,139077,139084,139094,139077,139089
139119,139136,139151,139158,139183,139128,139141,139153,139122,139132,139138,139138,139147,139158,139138,139153
139183,139200,139215,139222,139247,139192,139206,139217,139186,139196,139205,139205,139211,139222,139205,139216
139247,139264,139279,139286,139310,139256,139270,139282,139250,139260,139269,139269,139275,139287,139269,139281
139310,139327,139342,139350,139374,139319,139333,139345,139313,139324,139332,139332,139338,139350,139332,139343
139374,139390,139406,139413,139436,139383,139396,139408,139377,139387,139393,139393,139402,139413,139393,139407
139436,139452,139468,139475,139497,139445,139458,139470,139439,139449,139453,139453,139464,139474,139453,139469
139497,139513,139528,139535,139555,139505,139518,139530,139499,139510,139516,139516,139524,139535,139516,139529
139555,139571,139586,139593,139613,139564,139577,139588,139558,139569,139576,139576,139582,139595,139576,139586
139613,139628,139644,139651,139669,139621,139634,139646,139616,139626,139632,139632,139639,139651,139632,139644
139669,139685,139701,139707,139725,139678,139690,139702,139672,139682,139688,139688,139696,139707,139688,139701
139725,139740,139756,139763,139781,139733,139746,139758,139727,139738,139744,139744,139751,139764,139744,139756
139781,139796,139812,139819,139838,139789,139802,139814,139784,139794,139801,139801,139808,139820,139801,139812
139838,139854,139870,139877,139897,139847,139860,139873,139841,139851,139856,139856,139866,139877,139856,139871
139897,139914,139929,139937,139959,139907,139919,139932,139901,139911,139917,139917,139925,139936,139917,139931
139959,139976,139991,139999,140021,139969,139982,139994,139963,139973,139980,139980,139987,139999,139980,139992
140021,140037,140053,140060,140082,140030,140043,140055,140024,140034,140039,140039,140049,140059,140039,140054
140082,140098,140113,140121,140142,140091,140104,140116,140085,140095,140102,140102,140110,140120,140102,140114
140142,140159,140174,140181,140204,140151,140164,140177,140146,140156,140162,140162,140170,140181,140162,140175
140204,140220,140236,140243,140266,140213,140226,140238,140207,140217,140223,140223,140232,140243,140223,140237
140266,140283,140298,140306,140329,140275,140289,140301,140269,140280,140285,140285,140295,140306,140285,140300
140329,140346,140362,140369,140393,140339,140352,140364,140333,140343,140348,140348,140358,140368,140348,140363
140393,140410,140425,140434,140456,140402,140415,140429,140397,140407,140413,140413,140421,140433,140413,140427
140456,140472,140488,140496,140517,140465,140478,140491,140459,140470,140476,140476,140484,140495,140476,140489
140517,140533,140548,140556,140576,140526,140539,140551,140520,140530,140537,140537,140544,140555,140537,140549
140576,140592,140608,140616,140635,140585,140598,140610,140579,140590,140596,140596,140604,140615,140596,140608
140635,140651,140667,140674,140696,140644,140657,140669,140638,140649,140655,140655,140663,140674,140655,140668
140696,140712,140728,140735,140757,140705,140718,140730,140699,140709,140714,140714,140724,140735,140714,140729
140757,140774,140789,140797,140820,140767,140780,140792,140761,140771,140779,140779,140786,140797,140779,140791
140820,140837,140852,140860,140884,140830,140843,140855,140824,140834,140842,140842,140848,140860,140842,140853
140884,140901,140916,140924,140948,140893,140906,140919,140888,140898,140905,140905,140912,140924,140905,140917
140948,140964,140980,140988,141010,140957,140970,140982,140951,140962,140970,140970,140976,140987,140970,140980
141010,141026,141042,141050,141071,141019,141032,141044,141013,141024,141032,141032,141038,141049,141032,141042
141071,141088,141103,141111,141133,141081,141093,141106,141075,141085,141090,141090,141100,141111,141090,141105
141133,141150,141165,141173,141196,141142,141155,141168,141137,141147,141155,141155,141161,141173,141155,141166
141196,141213,141228,141236,141261,141206,141219,141231,141200,141210,141218,141218,141224,141236,141218,141229
141261,141278,141293,141302,141327,141271,141284,141296,141265,141275,141283,141283,141289,141302,141283,141294
141327,141344,141359,141369,141395,141337,141350,141363,141332,141342,141349,141349,141356,141368,141349,141361
141395,141412,141427,141437,141463,141405,141418,141431,141399,141410,141416,141416,141424,141436,141416,141429
141463,141480,141495,141504,141527,141473,141486,141498,141467,141477,141485,141485,141491,141504,141485,141496
141527,141545,141560,141568,141591,141537,141550,141563,141532,141542,141550,141550,141556,141567,141550,141561
141591,141607,141622,141631,141652,141600,141613,141625,141594,141605,141612,141612,141618,141630,141612,141623
141652,141668,141684,141692,141713,141661,141674,141686,141655,141666,141674,141674,141680,141691,141674,141685
141713,141730,141745,141753,141775,141722,141736,141748,141717,141727,141735,141735,141741,141753,141735,141746
141775,141792,141807,141816,141839,141785,141798,141810,141779,141790,141797,141797,141804,141815,141797,141808
141839,141855,141871,141879,141902,141848,141862,141874,141843,141853,141858,141858,141867,141879,141858,141872
141902,141920,141935,141942,141965,141912,141926,141938,141907,141917,141926,141926,141931,141942,141926,141936
141965,141982,141997,142006,142027,141975,141988,142000,141969,141980,141988,141988,141993,142006,141988,141998
142027,142044,142059,142067,142089,142037,142050,142062,142031,142042,142049,142049,142055,142066,142049,142060
142089,142106,142121,142129,142153,142099,142112,142124,142093,142103,142111,142111,142118,142129,142111,142122
142153,142170,142185,142192,142218,142163,142176,142188,142157,142167,142173,142173,142181,142193,142173,142186
142218,142236,142251,142258,142286,142229,142242,142254,142223,142233,142238,142238,142247,142259,142238,142252
142286,142303,142318,142325,142353,142296,142309,142321,142290,142300,142306,142306,142315,142326,142306,142320
142353,142371,142385,142390,142422,142363,142377,142388,142357,142367,142376,142376,142382,142393,142376,142386
142422,142440,142453,142457,142491,142431,142445,142456,142426,142435,142441,142441,142450,142463,142440,142441
142491,142507,142522,142529,142557,142500,142513,142524,142494,142504,142510,142510,142518,142532,142508,142510
142557,142573,142588,142595,142621,142566,142579,142590,142560,142570,142579,142579,142584,142594,142579,142589
142621,142638,142652,142660,142685,142630,142643,142655,142624,142635,142643,142643,142649,142660,142643,142653
142685,142701,142716,142723,142748,142693,142707,142718,142688,142698,142706,142706,142712,142726,142706,142716
142748,142764,142779,142786,142811,142757,142770,142782,142751,142761,142767,142767,142776,142786,142766,142767
142811,142827,142842,142848,142875,142820,142833,142844,142814,142824,142829,142829,142838,142848,142829,142843
142875,142891,142906,142913,142938,142883,142897,142908,142878,142888,142895,142895,142902,142914,142895,142906
142938,142955,142970,142978,143000,142947,142960,142973,142941,142952,142959,142959,142966,142978,142959,142971
143000,143016,143031,143038,143060,143009,143022,143033,143003,143014,143022,143022,143027,143038,143022,143032
143060,143077,143091,143097,143120,143069,143082,143093,143063,143074,143080,143080,143087,143099,143080,143092
143120,143136,143151,143157,143180,143129,143142,143153,143123,143133,143139,143139,143147,143158,143139,143152
143180,143196,143211,143217,143242,143189,143202,143213,143183,143193,143199,143199,143208,143218,143199,143213
143242,143259,143274,143280,143306,143251,143264,143276,143245,143256,143261,143261,143270,143281,143261,143275
143306,143323,143338,143344,143372,143315,143329,143340,143310,143320,143325,143325,143334,143345,143325,143339
143372,143388,143404,143410,143439,143381,143394,143406,143375,143385,143390,143390,143400,143411,143390,143405
143439,143456,143471,143478,143507,143448,143462,143474,143442,143453,143458,143458,143468,143479,143458,143473
143507,143523,143539,143546,143573,143516,143529,143541,143510,143520,143526,143526,143535,143546,143526,143540
143573,143589,143605,143612,143636,143582,143595,143607,143576,143586,143591,143591,143601,143612,143591,143606
143636,143653,143668,143676,143700,143646,143659,143671,143640,143650,143658,143658,143665,143676,143658,143669
143700,143716,143732,143739,143763,143709,143722,143735,143703,143713,143719,143719,143728,143739,143719,143733
143763,143779,143794,143801,143825,143771,143785,143797,143766,143776,143782,143782,143790,143802,143782,143795
143825,143841,143857,143865,143887,143834,143847,143859,143828,143839,143845,143845,143853,143864,143845,143857
143887,143904,143919,143927,143949,143896,143909,143922,143890,143901,143908,143908,143915,143926,143908,143920
143949,143965,143981,143989,144010,143958,143971,143984,143953,143963,143969,143969,143977,143988,143969,143982
144010,144026,144042,144051,144070,144019,144032,144045,144014,144024,144030,144030,144038,144050,144030,144043
144070,144086,144102,144110,144130,144079,144092,144105,144074,144084,144090,144090,144098,144109,144090,144103
144130,144147,144162,144170,144192,144139,144153,144165,144134,144144,144149,144149,144159,144169,144149,144163
144192,144208,144224,144232,144254,144201,144214,144227,144195,144205,144212,144212,144220,144232,144212,144224
144254,144271,144287,144296,144319,144264,144277,144290,144258,144268,144273,144273,144283,144295,144273,144288
144319,144336,144352,144360,144384,144329,144342,144355,144323,144333,144340,144340,144348,144360,144339,144340
144384,144400,144416,144423,144446,144393,144406,144419,144387,144398,144404,144404,144412,144424,144404,144417
144446,144463,144479,144487,144509,144456,144469,144482,144450,144461,144467,144467,144475,144487,144467,144480
144509,144526,144541,144549,144572,144518,144532,144545,144513,144523,144530,144530,144537,144549,144530,144542
144572,144588,144604,144613,144634,144581,144594,144607,144575,144585,144591,144591,144600,144612,144591,144606
144634,144651,144666,144675,144696,144643,144657,144670,144637,144648,144654,144654,144663,144675,144654,144667
144696,144712,144728,144737,144756,144705,144718,144731,144699,144710,144717,144717,144724,144737,144717,144729
144756,144772,144788,144796,144815,144765,144778,144791,144759,144770,144777,144777,144784,144796,144777,144789
144815,144831,144847,144855,144873,144824,144837,144849,144818,144828,144835,144835,144842,144854,144835,144847
144873,144889,144905,144912,144932,144882,144895,144907,144876,144886,144893,144893,144901,144911,144893,144905
144932,144948,144963,144971,144991,144941,144954,144966,144935,144945,144952,144952,144959,144971,144952,144964
144991,145007,145022,145030,145051,145000,145013,145025,144994,145005,145011,145011,145018,145031,145011,145023
145051,145067,145082,145089,145111,145060,145072,145085,145054,145065,145071,145071,145078,145090,145071,145083
145111,145127,145143,145150,145172,145120,145133,145145,145114,145125,145131,145131,145138,145151,145131,145143
145172,145189,145204,145210,145234,145181,145194,145207,145175,145186,145192,145192,145200,145211,145192,145205
145234,145250,145265,145272,145296,145243,145256,145268,145237,145248,145254,145254,145261,145273,145254,145266
145296,145313,145327,145334,145361,145305,145318,145330,145299,145310,145317,145317,145323,145335,145317,145328
145361,145377,145392,145398,145428,145369,145383,145395,145364,145374,145381,145381,145388,145400,145381,145393
145428,145445,145460,145466,145497,145437,145451,145463,145432,145442,145449,145449,145456,145468,145449,145461
145497,145514,145529,145536,145567,145506,145520,145532,145500,145511,145517,145517,145525,145537,145517,145530
145567,145584,145599,145606,145636,145576,145589,145602,145570,145581,145587,145587,145595,145607,145587,145600
145636,145653,145668,145677,145705,145646,145659,145672,145640,145650,145658,145658,145665,145677,145658,145670
145705,145722,145737,145747,145772,145714,145728,145741,145709,145719,145727,145727,145734,145747,145727,145739
145772,145788,145804,145813,145836,145781,145795,145807,145775,145786,145794,145794,145800,145812,145794,145805
145836,145852,145868,145875,145896,145845,145858,145870,145839,145849,145856,145856,145863,145875,145856,145868
145896,145913,145928,145937,145956,145905,145919,145931,145900,145910,145917,145917,145924,145936,145917,145929
145956,145973,145988,145997,146018,145966,145979,145991,145960,145970,145975,145975,145985,145996,145975,145989
146018,146034,146050,146058,146079,146027,146040,146052,146021,146031,146039,146039,146046,146057,146039,146050
146079,146096,146111,146119,146141,146088,146102,146114,146083,146093,146099,146099,146107,146119,146099,146112
146141,146158,146173,146182,146205,146151,146164,146176,146145,146155,146163,146163,146170,146182,146163,146174
146205,146222,146237,146246,146271,146215,146228,146241,146209,146219,146227,146227,146234,146246,146227,146239
146271,146288,146304,146313,146339,146281,146295,146307,146276,146286,146295,146295,146300,146312,146295,146305
146339,146356,146372,146380,146406,146349,146362,146375,146344,146354,146362,146362,146368,146380,146362,146373
146406,146423,146438,146447,146472,146416,146429,146441,146410,146420,146428,146428,146435,146446,146428,146439
146472,146489,146504,146513,146538,146481,146495,146508,146476,146486,146490,146490,146501,146513,146490,146506
146538,146555,146571,146579,146605,146548,146562,146574,146542,146553,146558,146558,146568,146579,146558,146572
146605,146622,146638,146645,146672,146615,146628,146641,146609,146620,146625,146625,146634,146645,146625,146639
146672,146689,146705,146714,146739,146682,146695,146708,146677,146687,146692,146692,146701,146714,146692,146706
146739,146757,146772,146781,146806,146749,146763,146775,146744,146754,146762,146762,146769,146781,146762,146774
146806,146824,146839,146848,146873,146817,146830,146843,146811,146821,146830,146830,146836,146848,146830,146841
146873,146890,146905,146914,146937,146883,146896,146908,146877,146887,146895,146895,146902,146913,146895,146907
146937,146953,146968,146977,146997,146946,146959,146971,146940,146951,146958,146958,146965,146975,146958,146969
146997,147014,147029,147037,147058,147007,147020,147032,147001,147011,147019,147019,147025,147036,147019,147030
147058,147075,147090,147097,147120,147067,147080,147093,147062,147072,147079,147079,147086,147097,147079,147091
147120,147136,147151,147158,147182,147129,147142,147154,147123,147134,147140,147140,147147,147159,147140,147152
147182,147200,147214,147218,147247,147192,147205,147217,147186,147196,147203,147203,147210,147221,147203,147215
147247,147265,147279,147284,147315,147257,147270,147281,147251,147261,147269,147269,147275,147286,147269,147279
147315,147332,147346,147352,147384,147324,147337,147349,147318,147328,147336,147336,147342,147355,147336,147347
147384,147401,147415,147418,147451,147392,147406,147417,147386,147397,147404,147404,147411,147422,147404,147416
147451,147468,147482,147488,147517,147460,147473,147484,147454,147465,147471,147471,147478,147489,147471,147483
147517,147533,147548,147554,147582,147526,147539,147550,147520,147530,147539,147539,147544,147555,147539,147549
147582,147599,147613,147620,147648,147591,147604,147616,147585,147595,147601,147601,147609,147621,147601,147614
147648,147664,147679,147685,147713,147656,147670,147682,147651,147661,147666,147666,147676,147686,147666,147681
147713,147730,147745,147751,147779,147722,147735,147748,147716,147727,147733,147733,147741,147753,147733,147746
147779,147796,147811,147816,147844,147788,147801,147813,147782,147792,147799,147799,147807,147818,147799,147812
147844,147860,147875,147881,147906,147853,147866,147878,147847,147857,147863,147863,147871,147882,147863,147877
147906,147923,147938,147944,147968,147916,147928,147940,147910,147920,147926,147926,147934,147945,147926,147938
147968,147984,147999,148006,148028,147976,147989,148001,147971,147981,147989,147989,147995,148005,147989,147999
148028,148044,148059,148066,148089,148037,148050,148061,148031,148042,148048,148048,148055,148066,148048,148060
148089,148106,148121,148127,148153,148099,148112,148124,148093,148103,148110,148110,148117,148128,148110,148122
148153,148169,148185,148192,148217,148162,148175,148188,148156,148167,148172,148172,148181,148194,148172,148185
148217,148234,148249,148256,148283,148227,148240,148252,148221,148231,148239,148239,148246,148257,148239,148251
148283,148300,148315,148321,148348,148292,148306,148318,148287,148297,148303,148303,148311,148322,148303,148316
148348,148365,148380,148386,148414,148358,148371,148383,148352,148362,148368,148368,148376,148387,148368,148381
148414,148430,148446,148452,148480,148423,148436,148448,148417,148427,148432,148432,148442,148454,148432,148447
148480,148497,148511,148518,148546,148489,148502,148515,148483,148493,148500,148500,148508,148520,148500,148512
148546,148563,148578,148585,148612,148555,148568,148581,148549,148560,148566,148566,148574,148587,148566,148579
148612,148629,148644,148653,148678,148622,148635,148648,148616,148626,148631,148631,148641,148653,148631,148646
148678,148694,148710,148718,148741,148687,148700,148713,148681,148692,148697,148697,148706,148718,148697,148711
148741,148757,148773,148781,148802,148750,148763,148776,148745,148755,148761,148761,148769,148780,148761,148774
148802,148818,148834,148841,148862,148811,148824,148836,148805,148816,148822,148822,148829,148841,148822,148834
148862,148878,148893,148901,148921,148871,148883,148896,148865,148876,148881,148881,148889,148901,148881,148894
148921,148938,148953,148960,148981,148931,148943,148956,148925,148935,148941,148941,148949,148960,148941,148954
148981,148998,149013,149020,149043,148991,149004,149016,148985,148995,149001,149001,149009,149020,149001,149014
149043,149060,149075,149082,149106,149052,149066,149078,149046,149057,149063,149063,149071,149083,149063,149076
149106,149123,149138,149143,149171,149115,149129,149140,149109,149120,149127,149127,149134,149144,149127,149139
149171,149187,149201,149208,149234,149179,149192,149204,149174,149184,149189,149189,149197,149208,149189,149202
149234,149250,149265,149271,149296,149242,149256,149267,149236,149247,149253,149253,149262,149272,149251,149253
149296,149313,149327,149331,149360,149305,149318,149330,149299,149310,149317,149317,149323,149335,149317,149327
149360,149377,149391,149397,149425,149368,149382,149395,149362,149373,149380,149380,149387,149400,149380,149393
149425,149442,149457,149464,149492,149434,149448,149460,149428,149439,149448,149448,149453,149467,149448,149458
149492,149509,149524,149532,149559,149501,149514,149526,149495,149506,149513,149513,149520,149532,149513,149525
149559,149576,149590,149598,149626,149568,149582,149593,149562,149572,149582,149582,149587,149599,149582,149591
149626,149643,149658,149665,149692,149635,149648,149661,149629,149640,149647,149647,149654,149666,149647,149659
149692,149709,149724,149731,149756,149701,149714,149726,149695,149706,149712,149712,149720,149732,149712,149726
149756,149772,149787,149793,149818,149764,149778,149789,149759,149769,149778,149778,149783,149794,149778,149788
149818,149834,149848,149855,149879,149826,149839,149851,149820,149831,149839,149839,149844,149856,149839,149849
149879,149895,149910,149915,149940,149888,149900,149912,149882,149893,149899,149899,149905,149918,149899,149910
149940,149957,149972,149978,150002,149949,149962,149975,149943,149953,149959,149959,149968,149980,149959,149973
150002,150019,150033,150039,150064,150011,150024,150036,150005,150016,150022,150022,150030,150041,150022,150034
150064,150081,150096,150103,150128,150074,150087,150099,150068,150079,150085,150085,150092,150104,150085,150097
150128,150145,150160,150166,150192,150137,150150,150162,150132,150142,150148,150148,150156,150167,150148,150161
150192,150209,150224,150231,150257,150202,150215,150227,150196,150207,150213,150213,150220,150232,150213,150225
150257,150274,150289,150297,150323,150266,150279,150292,150261,150271,150277,150277,150285,150297,150277,150290
150323,150340,150355,150362,150389,150332,150346,150358,150327,150337,150343,150343,150351,150364,150343,150356
150389,150407,150422,150430,150457,150399,150412,150425,150394,150404,150409,150409,150418,150430,150409,150423
150457,150474,150489,150498,150523,150467,150480,150493,150461,150471,150477,150477,150486,150498,150477,150491
150523,150540,150556,150565,150588,150533,150546,150559,150527,150538,150543,150543,150552,150564,150543,150558
150588,150605,150620,150629,150651,150597,150611,150623,150592,150602,150608,150608,150617,150628,150608,150622
150651,150667,150683,150691,150712,150660,150673,150685,150654,150664,150670,150670,150679,150690,150670,150684
150712,150728,150743,150752,150773,150720,150734,150746,150715,150725,150733,150733,150739,150751,150733,150744
150773,150789,150804,150812,150834,150782,150795,150807,150776,150786,150793,150793,150800,150812,150793,150805
150834,150850,150866,150874,150896,150843,150856,150869,150838,150848,150855,150855,150862,150873,150855,150867
150896,150913,150928,150936,150958,150906,150918,150931,150900,150910,150917,150917,150924,150936,150917,150929
150958,150974,150990,150998,151019,150967,150980,150992,150962,150972,150980,150980,150986,150997,150980,150990
151019,151036,151051,151059,151081,151029,151041,151053,151023,151033,151041,151041,151047,151058,151041,151051
151081,151098,151113,151120,151145,151090,151104,151116,151085,151095,151101,151101,151109,151121,151101,151114
151145,151162,151177,151183,151212,151155,151168,151181,151149,151159,151166,151166,151174,151185,151166,151178
151212,151229,151244,151250,151280,151222,151235,151247,151216,151226,151232,151232,151240,151252,151232,151245
151280,151298,151312,151320,151351,151290,151304,151316,151285,151295,151302,151302,151309,151321,151302,151314
151351,151368,151383,151390,151420,151361,151374,151387,151355,151365,151374,151374,151380,151391,151374,151385
151420,151438,151453,151460,151489,151430,151444,151456,151424,151435,151440,151440,151450,151461,151440,151455
151489,151506,151521,151529,151554,151498,151512,151524,151493,151503,151509,151509,151517,151529,151509,151523
151554,151571,151586,151593,151617,151563,151576,151589,151557,151568,151574,151574,151582,151593,151574,151587
151617,151633,151648,151655,151678,151626,151639,151651,151620,151631,151637,151637,151644,151656,151637,151649
151678,151694,151709,151716,151739,151687,151700,151712,151681,151692,151698,151698,151706,151717,151698,151710
151739,151756,151771,151778,151802,151748,151762,151774,151742,151753,151761,151761,151767,151779,151761,151772
151802,151818,151834,151841,151865,151811,151824,151837,151805,151816,151823,151823,151830,151842,151823,151834
151865,151882,151897,151905,151929,151874,151887,151900,151869,151879,151886,151886,151893,151905,151886,151898
151929,151946,151961,151968,151993,151939,151952,151964,151933,151943,151950,151950,151957,151968,151950,151962
151993,152009,152024,152032,152056,152002,152015,152027,151996,152007,152013,152013,152020,152032,152013,152025
152056,152072,152087,152095,152119,152065,152078,152090,152059,152070,152077,152077,152084,152096,152077,152088
152119,152136,152151,152159,152185,152129,152142,152154,152123,152133,152140,152140,152147,152159,152140,152152
152185,152202,152217,152225,152251,152194,152208,152220,152189,152199,152205,152205,152213,152225,152205,152218
152251,152268,152283,152291,152318,152261,152274,152287,152255,152266,152272,152272,152280,152291,152272,152285
152318,152335,152351,152359,152384,152328,152341,152354,152323,152333,152339,152339,152347,152359,152339,152352
152384,152401,152416,152425,152449,152394,152407,152420,152388,152399,152406,152406,152413,152424,152406,152417
152449,152466,152481,152489,152512,152458,152472,152484,152453,152463,152471,152471,152477,152489,152471,152482
152512,152529,152545,152553,152575,152522,152535,152548,152516,152526,152531,152531,152541,152552,152531,152546
152575,152592,152608,152616,152638,152585,152598,152611,152579,152589,152596,152596,152604,152615,152596,152609
152638,152655,152671,152679,152701,152648,152661,152674,152642,152652,152660,152660,152667,152679,152660,152672
152701,152718,152734,152742,152763,152711,152724,152737,152705,152715,152721,152721,152730,152741,152721,152735
152763,152780,152795,152804,152824,152773,152786,152798,152767,152778,152784,152784,152792,152803,152784,152796
152824,152840,152856,152864,152884,152833,152846,152858,152828,152838,152845,152845,152852,152862,152845,152856
152884,152900,152915,152923,152943,152893,152905,152918,152887,152898,152904,152904,152911,152922,152904,152916
152943,152959,152975,152982,153004,152952,152965,152977,152946,152957,152963,152963,152971,152982,152963,152975
153004,153021,153036,153043,153066,153013,153026,153039,153008,153018,153024,153024,153032,153043,153024,153037
153066,153083,153097,153103,153128,153075,153088,153101,153069,153080,153086,153086,153093,153106,153086,153097
153128,153144,153159,153166,153189,153136,153149,153161,153130,153141,153147,153147,153154,153167,153147,153159
153189,153205,153220,153231,153251,153198,153211,153224,153191,153203,153209,153209,153216,153231,153209,153220
153251,153266,153281,153288,153309,153259,153271,153283,153253,153263,153267,153267,153277,153289,153267,153282
153309,153325,153340,153350,153370,153318,153331,153342,153313,153322,153328,153328,153336,153346,153327,153328
153370,153384,153400,153406,153428,153378,153389,153401,153372,153382,153386,153386,153395,153406,153386,153400
153428,153444,153458,153466,153489,153437,153448,153460,153431,153441,153447,153447,153453,153466,153447,153458
153489,153504,153518,153525,153550,153497,153509,153520,153492,153502,153506,153506,153514,153524,153506,153519
153550,153566,153580,153588,153613,153559,153571,153583,153553,153563,153570,153570,153576,153587,153570,153581
153613,153629,153643,153649,153678,153622,153634,153645,153617,153627,153633,153633,153639,153649,153633,153643
153678,153694,153708,153718,153745,153687,153699,153712,153681,153692,153697,153697,153704,153718,153697,153709
153745,153761,153777,153784,153810,153754,153766,153779,153748,153758,153763,153763,153773,153784,153763,153778
153810,153827,153841,153849,153878,153820,153832,153844,153814,153825,153830,153830,153838,153848,153830,153843
153878,153894,153908,153916,153943,153886,153899,153910,153880,153891,153898,153898,153905,153915,153898,153909
153943,153959,153974,153982,154007,153951,153965,153977,153945,153956,153960,153960,153971,153982,153960,153975
154007,154023,154038,154046,154072,154016,154029,154041,154010,154020,154028,154028,154034,154047,154028,154039
154072,154088,154103,154112,154137,154080,154094,154106,154075,154085,154092,154092,154099,154112,154092,154104
154137,154153,154167,154174,154200,154145,154158,154170,154140,154150,154157,154157,154163,154174,154157,154168
154200,154217,154231,154239,154264,154209,154222,154234,154203,154214,154222,154222,154228,154238,154222,154232
154264,154280,154296,154303,154326,154273,154286,154298,154267,154278,154284,154284,154292,154303,154284,154297
154326,154344,154358,154367,154389,154336,154350,154361,154330,154341,154349,154349,154355,154367,154349,154360
154389,154406,154421,154428,154451,154398,154412,154424,154392,154403,154410,154410,154418,154428,154410,154423
154451,154467,154482,154488,154511,154460,154473,154484,154454,154464,154470,154470,154478,154489,154470,154483
154511,154528,154542,154549,154571,154520,154533,154544,154514,154525,154531,154531,154538,154550,154531,154543
154571,154588,154602,154609,154632,154580,154593,154604,154574,154585,154591,154591,154598,154609,154591,154603
154632,154649,154663,154669,154695,154641,154654,154666,154635,154646,154652,154652,154660,154670,154652,154664
154695,154712,154727,154733,154759,154704,154717,154729,154698,154709,154716,154716,154723,154734,154716,154728
154759,154777,154791,154799,154826,154769,154782,154794,154763,154774,154781,154781,154788,154800,154781,154793
154826,154843,154858,154865,154893,154835,154848,154861,154830,154840,154846,154846,154854,154866,154846,154859
154893,154910,154925,154933,154961,154903,154916,154928,154897,154908,154913,154913,154922,154933,154913,154927
154961,154978,154993,155002,155027,154971,154984,154996,154965,154976,154983,154983,154990,155002,154983,154994
155027,155044,155059,155067,155091,155037,155050,155062,155031,155042,155048,155048,155055,155067,155048,155060
155091,155107,155123,155130,155152,155100,155113,155125,155095,155105,155110,155110,155119,155129,155110,155124
155152,155169,155184,155192,155214,155162,155175,155187,155156,155167,155173,155173,155180,155191,155173,155185
155214,155230,155245,155253,155276,155223,155236,155248,155217,155228,155235,155235,155241,155254,155235,155246
155276,155293,155308,155315,155340,155286,155299,155311,155280,155291,155298,155298,155304,155315,155298,155309
155340,155357,155371,155379,155406,155350,155362,155374,155344,155354,155360,155360,155368,155379,155360,155372
155406,155422,155437,155445,155472,155415,155428,155440,155410,155420,155426,155426,155434,155445,155426,155438
155472,155489,155504,155512,155538,155482,155495,155507,155476,155486,155493,155493,155500,155511,155493,155505
155538,155555,155570,155577,155603,155548,155561,155573,155542,155552,155560,155560,155566,155577,155560,155571
155603,155620,155635,155643,155669,155613,155626,155638,155608,155618,155624,155624,155632,155643,155624,155637
155669,155686,155702,155710,155735,155679,155693,155705,155674,155683,155690,155690,155698,155711,155688,155690
155735,155753,155768,155777,155801,155746,155759,155772,155740,155751,155758,155758,155765,155776,155758,155770
155801,155818,155833,155842,155866,155811,155824,155837,155805,155816,155823,155823,155830,155841,155823,155835
155866,155882,155898,155907,155929,155875,155888,155901,155870,155880,155885,155885,155894,155906,155885,155899
155929,155945,155961,155969,155990,155938,155951,155964,155933,155943,155951,155951,155957,155968,155951,155962
155990,156006,156022,156029,156049,155999,156012,156024,155993,156004,156010,156010,156018,156028,156010,156022
156049,156065,156081,156089,156108,156058,156071,156083,156052,156063,156070,156070,156077,156088,156070,156081
156108,156124,156139,156145,156166,156117,156129,156141,156111,156121,156128,156128,156135,156146,156128,156139
156166,156183,156197,156204,156226,156175,156188,156200,156169,156180,156187,156187,156193,156204,156187,156198
156226,156243,156256,156260,156288,156235,156248,156259,156229,156240,156245,156245,156252,156264,156245,156257
156288,156305,156319,156325,156354,156297,156310,156321,156290,156301,156309,156309,156315,156327,156309,156320
156354,156372,156385,156390,156426,156363,156377,156387,156357,156367,156376,156376,156381,156392,156376,156386
156426,156443,156457,156462,156497,156434,156449,156459,156428,156438,156445,156445,156454,156463,156443,156445
156497,156514,156528,156535,156568,156506,156519,156530,156500,156511,156518,156518,156525,156534,156518,156529
156568,156585,156599,156608,156636,156577,156590,156602,156571,156582,156589,156589,156595,156608,156589,156600
156636,156653,156667,156675,156704,156645,156658,156670,156639,156649,156658,156658,156664,156676,156658,156669
156704,156720,156734,156742,156770,156712,156726,156737,156706,156717,156725,156725,156731,156745,156725,156735
156770,156787,156802,156808,156834,156779,156792,156804,156773,156784,156790,156790,156798,156809,156790,156803
156834,156851,156865,156873,156898,156843,156857,156868,156838,156848,156855,156855,156862,156873,156855,156867
156898,156915,156929,156936,156960,156907,156920,156932,156901,156912,156918,156918,156925,156937,156918,156930
156960,156976,156992,156999,157020,156969,156982,156994,156963,156974,156980,156980,156988,156999,156980,156993
157020,157036,157051,157059,157078,157029,157041,157053,157023,157033,157041,157041,157047,157058,157041,157052
157078,157094,157109,157117,157137,157087,157100,157112,157081,157092,157099,157099,157105,157117,157099,157110
157137,157152,157168,157175,157194,157145,157158,157170,157139,157150,157155,157155,157163,157174,157155,157168
157194,157211,157226,157233,157254,157203,157216,157229,157198,157208,157213,157213,157222,157233,157213,157227
157254,157270,157286,157292,157314,157263,157276,157288,157257,157268,157273,157273,157282,157292,157273,157286
157314,157331,157346,157354,157377,157324,157337,157349,157318,157329,157334,157334,157342,157354,157334,157347
157377,157394,157409,157416,157441,157387,157400,157411,157381,157391,157399,157399,157405,157416,157399,157410
157441,157458,157473,157480,157504,157451,157463,157475,157445,157455,157461,157461,157469,157480,157461,157474
157504,157520,157535,157543,157566,157513,157526,157538,157508,157518,157524,157524,157532,157542,157524,157536
157566,157582,157597,157605,157626,157575,157587,157599,157569,157579,157586,157586,157593,157605,157586,157597
157626,157643,157657,157664,157687,157635,157648,157660,157630,157640,157646,157646,157653,157664,157646,157658
157687,157703,157719,157725,157748,157696,157709,157721,157691,157700,157705,157705,157715,157725,157705,157719
157748,157764,157780,157787,157809,157757,157770,157782,157751,157762,157769,157769,157776,157787,157769,157780
157809,157825,157841,157848,157867,157817,157830,157843,157812,157822,157828,157828,157836,157847,157828,157841
157867,157883,157898,157906,157924,157876,157888,157900,157870,157880,157886,157886,157894,157905,157886,157898
157924,157940,157955,157962,157980,157933,157945,157957,157927,157937,157944,157944,157951,157961,157944,157955
157980,157996,158011,158018,158036,157989,158001,158013,157983,157994,158000,158000,158007,158018,158000,158012
158036,158051,158067,158074,158092,158045,158057,158069,158039,158049,158055,158055,158062,158074,158055,158067
158092,158108,158123,158129,158148,158101,158113,158125,158095,158105,158111,158111,158119,158130,158111,158123
158148,158165,158180,158187,158208,158157,158170,158182,158152,158162,158168,158168,158176,158187,158168,158181
158208,158224,158238,158244,158269,158216,158229,158240,158210,158221,158226,158226,158235,158244,158226,158239
158269,158285,158300,158306,158332,158277,158289,158302,158271,158281,158286,158286,158295,158307,158286,158301
158332,158348,158362,158368,158395,158341,158353,158365,158334,158345,158351,158351,158358,158370,158351,158362
158395,158411,158426,158434,158458,158404,158417,158428,158398,158408,158417,158417,158422,158434,158417,158426
158458,158473,158488,158497,158521,158466,158478,158491,158460,158470,158475,158475,158484,158497,158475,158489
158521,158536,158550,158558,158584,158529,158541,158552,158523,158533,158541,158541,158547,158557,158541,158551
158584,158600,158615,158623,158649,158593,158605,158617,158587,158597,158601,158601,158611,158624,158601,158615
158649,158664,158679,158685,158711,158657,158669,158681,158651,158661,158666,158666,158675,158686,158666,158680
158711,158727,158742,158750,158772,158719,158732,158745,158713,158724,158730,158730,158737,158751,158730,158742
158772,158788,158803,158812,158833,158781,158794,158806,158775,158785,158793,158793,158799,158812,158793,158804
158833,158848,158863,158870,158891,158841,158853,158865,158835,158846,158852,158852,158858,158873,158852,158862
158891,158907,158921,158929,158949,158899,158912,158924,158893,158904,158911,158911,158917,158931,158911,158921
158949,158964,158980,158986,159006,158957,158970,158982,158951,158961,158967,158967,158975,158987,158967,158981
159006,159021,159036,159044,159063,159014,159026,159038,159008,159019,159025,159025,159031,159044,159025,159036
159063,159079,159093,159100,159122,159071,159084,159095,159065,159076,159083,159083,159089,159101,159083,159093
159122,159137,159154,159160,159181,159130,159143,159156,159124,159134,159140,159140,159149,159161,159140,159155
159181,159197,159212,159219,159242,159190,159203,159214,159184,159194,159202,159202,159208,159219,159202,159213
159242,159259,159274,159280,159304,159251,159264,159276,159246,159256,159262,159262,159270,159281,159262,159275
159304,159321,159336,159343,159366,159314,159326,159338,159308,159318,159324,159324,159332,159344,159324,159337
159366,159382,159397,159404,159427,159375,159387,159399,159369,159380,159386,159386,159392,159404,159386,159397
159427,159443,159457,159463,159488,159435,159448,159459,159429,159440,159446,159446,159453,159464,159446,159457
159488,159504,159518,159526,159552,159497,159509,159521,159491,159502,159508,159508,159515,159525,159508,159519
159552,159568,159583,159591,159619,159561,159574,159585,159555,159565,159573,159573,159579,159589,159573,159583
159619,159635,159650,159658,159690,159628,159640,159652,159622,159632,159637,159637,159646,159657,159637,159651
159690,159707,159721,159730,159760,159700,159713,159724,159694,159705,159712,159712,159718,159729,159712,159722
159760,159776,159790,159799,159827,159769,159781,159793,159763,159773,159777,159777,159787,159797,159777,159791
159827,159843,159857,159865,159893,159836,159848,159860,159830,159840,159848,159848,159854,159865,159848,159858
159893,159909,159924,159931,159956,159902,159914,159926,159896,159906,159911,159911,159921,159931,159911,159925
159956,159973,159987,159995,160019,159965,159978,159990,159960,159970,159974,159974,159984,159994,159974,159988
160019,160035,160049,160057,160081,160028,160040,160052,160022,160033,160039,160039,160046,160056,160039,160050
160081,160096,160111,160118,160140,160089,160101,160113,160083,160094,160100,160100,160107,160119,160100,160111
160140,160156,160170,160173,160201,160148,160161,160172,160142,160153,160160,160160,160166,160180,160160,160170
160201,160218,160231,160237,160265,160210,160222,160233,160204,160215,160220,160220,160227,160238,160220,160231
160265,160281,160294,160303,160331,160273,160286,160297,160267,160279,160284,160284,160290,160304,160284,160295
160331,160348,160362,160370,160404,160340,160353,160365,160334,160345,160351,160351,160359,160370,160351,160364
160404,160421,160435,160444,160478,160414,160426,160438,160408,160418,160425,160425,160432,160444,160425,160437
160478,160495,160510,160518,160551,160488,160501,160513,160482,160492,160499,160499,160506,160518,160499,160511
160551,160568,160583,160590,160623,160560,160574,160586,160554,160565,160569,160569,160580,160590,160569,160584
160623,160640,160654,160663,160693,160632,160645,160658,160626,160636,160645,160645,160651,160664,160645,160656
160693,160710,160725,160734,160761,160702,160715,160728,160696,160707,160713,160713,160721,160734,160713,160727
160761,160778,160792,160800,160826,160770,160783,160795,160764,160775,160783,160783,160789,160800,160783,160794
160826,160842,160857,160865,160888,160835,160848,160860,160829,160840,160846,160846,160853,160865,160846,160858
160888,160904,160919,160927,160948,160897,160909,160921,160891,160902,160908,160908,160915,160926,160908,160920
160948,160964,160979,160986,161008,160957,160969,160981,160951,160962,160968,160968,160975,160986,160968,160979
161008,161024,161039,161046,161070,161017,161029,161041,161011,161021,161028,161028,161035,161046,161028,161040
161070,161086,161101,161108,161137,161079,161092,161103,161074,161084,161090,161090,161097,161108,161090,161102
161137,161154,161169,161176,161209,161147,161160,161172,161141,161151,161158,161158,161166,161176,161158,161170
161209,161226,161241,161249,161280,161219,161232,161244,161213,161223,161230,161230,161237,161249,161230,161242
161280,161297,161313,161321,161350,161290,161303,161315,161284,161294,161299,161299,161309,161320,161299,161314
161350,161368,161383,161391,161419,161360,161374,161386,161354,161365,161373,161373,161380,161391,161373,161385
161419,161437,161452,161460,161486,161429,161443,161455,161424,161434,161441,161441,161448,161461,161441,161453
161486,161504,161519,161527,161552,161497,161510,161522,161491,161501,161509,161509,161516,161528,161509,161520
161552,161569,161584,161593,161616,161562,161575,161587,161557,161567,161574,161574,161581,161593,161574,161586
161616,161633,161648,161656,161677,161625,161639,161651,161620,161630,161638,161638,161644,161655,161638,161649
161677,161694,161710,161717,161738,161687,161700,161712,161681,161692,161697,161697,161706,161717,161697,161711
161738,161755,161770,161778,161800,161748,161760,161772,161742,161753,161759,161759,161766,161777,161759,161770
161800,161816,161831,161839,161861,161809,161821,161833,161803,161814,161820,161820,161827,161838,161820,161831
161861,161877,161892,161900,161926,161870,161882,161895,161864,161875,161881,161881,161888,161900,161881,161893
161926,161942,161957,161964,161992,161935,161948,161960,161929,161940,161945,161945,161954,161965,161945,161958
161992,162010,162024,162030,162061,162002,162015,162027,161996,162006,162013,162013,162021,162031,162013,162025
162061,162079,162093,162096,162129,162070,162084,162095,162064,162075,162082,162082,162089,162100,162082,162094
162129,162145,162159,162165,162195,162138,162150,162161,162132,162142,162147,162147,162156,162165,162147,162160
162195,162212,162227,162235,162264,162205,162218,162229,162200,162209,162216,162216,162223,162234,162216,162228
162264,162279,162294,162303,162330,162272,162285,162296,162267,162276,162285,162285,162291,162300,162285,162295
162330,162345,162360,162370,162395,162339,162351,162362,162333,162343,162351,162351,162356,162368,162351,162360
162395,162411,162426,162434,162461,162404,162416,162428,162399,162408,162416,162416,162422,162432,162413,162416
162461,162476,162491,162499,162526,162470,162481,162493,162464,162474,162478,162478,162487,162496,162478,162492
162526,162542,162556,162568,162595,162535,162547,162559,162530,162540,162547,162547,162553,162563,162547,162557
162595,162608,162624,162632,162664,162602,162614,162626,162597,162606,162614,162614,162621,162629,162609,162614
162664,162679,162695,162703,162733,162672,162685,162697,162666,162676,162680,162680,162691,162702,162680,162696
162733,162749,162763,162772,162801,162741,162753,162766,162736,162745,162751,162751,162759,162772,162751,162766
162801,162817,162834,162846,162868,162810,162825,162838,162804,162814,162820,162820,162831,162845,162817,162820
162868,162885,162899,162907,162935,162877,162891,162902,162871,162882,162890,162890,162896,162908,162890,162901
162935,162951,162966,162974,162999,162944,162956,162968,162938,162948,162955,162955,162962,162974,162955,162967
162999,163016,163031,163039,163063,163008,163021,163034,163002,163014,163020,163020,163027,163038,163020,163033
163063,163079,163094,163101,163124,163071,163084,163096,163066,163076,163084,163084,163090,163100,163084,163094
163124,163139,163154,163159,163182,163132,163145,163155,163126,163137,163144,163144,163150,163159,163144,163154
163182,163199,163213,163221,163244,163192,163204,163216,163186,163197,163203,163203,163209,163220,163203,163214
163244,163259,163274,163281,163306,163252,163265,163276,163246,163256,163264,163264,163270,163280,163264,163274
163306,163322,163337,163344,163372,163314,163328,163339,163309,163319,163327,163327,163333,163345,163327,163338
163372,163389,163404,163411,163442,163381,163394,163406,163375,163386,163391,163391,163400,163411,163391,163406
163442,163459,163473,163480,163512,163451,163465,163476,163446,163456,163464,163464,163470,163480,163464,163474
163512,163529,163543,163551,163582,163521,163535,163546,163515,163525,163534,163534,163540,163553,163534,163544
163582,163599,163614,163620,163652,163591,163604,163616,163585,163596,163601,163601,163610,163622,163601,163616
163652,163669,163684,163690,163722,163662,163674,163686,163656,163666,163671,163671,163680,163691,163671,163686
163722,163739,163754,163761,163791,163732,163745,163756,163726,163736,163742,163742,163750,163762,163742,163755
163791,163809,163823,163830,163859,163801,163814,163826,163795,163806,163813,163813,163819,163830,163813,163824
163859,163876,163891,163899,163926,163869,163882,163894,163863,163874,163880,163880,163887,163899,163880,163892
163926,163942,163957,163964,163991,163935,163948,163960,163929,163940,163946,163946,163953,163965,163946,163958
163991,164008,164023,164030,164055,164000,164014,164026,163995,164005,164012,164012,164019,164030,164012,164024
164055,164073,164087,164094,164121,164065,164078,164090,164060,164070,164076,164076,164084,164095,164076,164088
164121,164139,164153,164161,164190,164131,164144,164157,164126,164136,164142,164142,164150,164161,164142,164155
164190,164208,164222,164229,164259,164200,164213,164225,164195,164205,164212,164212,164219,164231,164212,164223
164259,164277,164291,164299,164330,164270,164283,164294,164264,164274,164282,164282,164288,164300,164282,164292
164330,164347,164362,164370,164400,164340,164353,164365,164334,164344,164352,164352,164358,164370,164352,164363
164400,164417,164432,164440,164469,164410,164423,164435,164404,164415,164420,164420,164428,164440,164420,164434
164469,164487,164502,164510,164538,164480,164493,164505,164474,164484,164490,164490,164499,164510,164490,164503
164538,164555,164570,164579,164603,164548,164561,164573,164542,164552,164559,164559,164567,164578,164559,164572
164603,164620,164635,164643,164666,164613,164625,164638,164607,164618,164624,164624,164631,164642,164624,164636
164666,164683,164698,164706,164728,164676,164688,164701,164670,164680,164687,164687,164694,164706,164687,164699
164728,164745,164760,164767,164790,164737,164750,164762,164731,164742,164749,164749,164756,164766,164749,164761
164790,164807,164822,164830,164855,164800,164813,164824,164794,164805,164811,164811,164818,164829,164811,164823
164855,164872,164887,164894,164922,164865,164878,164889,164859,164869,164877,164877,164883,164894,164877,164888
164922,164940,164955,164961,164990,164932,164946,164958,164927,164937,164941,164941,164951,164963,164941,164956
164990,165008,165023,165030,165059,165001,165014,165026,164995,165006,165013,165013,165020,165032,165013,165024
165059,165077,165091,165099,165127,165069,165083,165094,165063,165074,165082,165082,165088,165099,165082,165092
165127,165145,165160,165168,165196,165138,165151,165163,165132,165142,165149,165149,165156,165168,165149,165161
165196,165214,165229,165237,165264,165207,165220,165232,165201,165211,165218,165218,165225,165237,165218,165230
165264,165283,165297,165305,165332,165275,165289,165301,165270,165280,165287,165287,165294,165306,165287,165299
165332,165350,165365,165373,165398,165343,165356,165368,165337,165347,165354,165354,165361,165373,165354,165366
165398,165414,165430,165437,165460,165407,165420,165432,165401,165412,165420,165420,165426,165436,165420,165431
165460,165477,165492,165500,165522,165470,165483,165495,165464,165475,165482,165482,165489,165500,165482,165493
165522,165539,165554,165561,165584,165532,165545,165556,165526,165536,165543,165543,165550,165561,165543,165555
165584,165600,165616,165623,165645,165593,165606,165619,165587,165598,165604,165604,165612,165623,165604,165617
165645,165662,165677,165684,165709,165655,165668,165680,165649,165659,165664,165664,165674,165684,165664,165678
165709,165725,165740,165747,165772,165718,165731,165743,165712,165723,165730,165730,165736,165748,165730,165741
165772,165789,165804,165811,165836,165782,165795,165806,165776,165787,165794,165794,165800,165811,165794,165805
165836,165853,165868,165875,165900,165845,165859,165870,165840,165850,165858,165858,165864,165875,165858,165869
165900,165918,165932,165940,165966,165910,165923,165936,165905,165915,165922,165922,165929,165940,165922,165934
165966,165984,165998,166006,166033,165976,165989,166001,165970,165981,165989,165989,165995,166006,165989,165999
166033,166050,166065,166073,166100,166043,166056,166069,166037,166048,166055,166055,166062,166073,166055,166067
166100,166118,166133,166141,166167,166110,166124,166136,166105,166115,166123,166123,166129,166141,166123,166134
166167,166185,166200,166208,166235,166178,166191,166203,166172,166182,166190,166190,166196,166208,166190,166201
166235,166252,166267,166275,166301,166244,166258,166270,166239,166249,166257,166257,166263,166275,166257,166268
166301,166318,166333,166341,166366,166311,166324,166336,166305,166315,166323,166323,166329,166341,166323,166334
166366,166383,166398,166406,166429,166375,166389,166401,166370,166380,166389,166389,166394,166406,166389,166399
166429,166446,166461,166470,166493,166439,166452,166464,166434,166444,166451,166451,166458,166469,166451,166463
166493,166509,166524,166532,166554,166502,166515,166527,166496,166507,166513,166513,166520,166531,166513,166525
166554,166571,166585,166593,166614,166564,166576,166588,166558,166568,166575,166575,166581,166592,166575,166586
166614,166631,166646,166653,166675,166624,166636,166648,166618,166629,166634,166634,166641,166654,166634,166646
166675,166692,166707,166714,166739,166685,166698,166710,166680,166690,166696,166696,166703,166715,166696,166708
166739,166756,166771,166778,166806,166749,166762,166773,166743,166754,166759,166759,166767,166778,166759,166772
166806,166824,166838,166846,166878,166817,166830,166842,166812,166822,166827,166827,166835,166846,166827,166840
166878,166895,166910,166917,166943,166888,166901,166913,166883,166893,166899,166899,166906,166919,166899,166911
166943,166969,166982,166992,167024,166962,166974,166987,166956,166966,166972,166972,166980,166992,166972,166985
167024,167042,167057,167066,167097,167035,167048,167061,167030,167040,167045,167045,167054,167066,167045,167059
167097,167115,167130,167139,167166,167108,167121,167133,167102,167112,167118,167118,167127,167138,167118,167131
167166,167184,167199,167208,167233,167177,167190,167203,167171,167182,167189,167189,167196,167208,167189,167201
167233,167249,167265,167273,167295,167242,167255,167267,167236,167247,167255,167255,167261,167271,167255,167265
167295,167311,167327,167335,167355,167304,167317,167329,167298,167308,167316,167316,167322,167334,167316,167327
167355,167371,167386,167395,167414,167364,167377,167389,167358,167368,167376,167376,167382,167394,167376,167387
167414,167430,167445,167453,167473,167423,167436,167448,167417,167428,167435,167435,167441,167453,167435,167446
167473,167489,167504,167512,167529,167481,167494,167507,167476,167486,167494,167494,167500,167512,167494,167504
167529,167546,167561,167567,167587,167539,167552,167563,167533,167544,167550,167550,167557,167570,167550,167561
167587,167603,167618,167624,167642,167595,167608,167620,167589,167600,167606,167606,167614,167625,167606,167619
167642,167658,167673,167678,167696,167650,167663,167674,167644,167655,167662,167662,167668,167680,167662,167672
167696,167712,167727,167732,167751,167705,167717,167729,167699,167709,167715,167715,167722,167734,167715,167728
167751,167766,167781,167784,167807,167759,167772,167783,167753,167764,167770,167770,167776,167788,167770,167781
167807,167823,167837,167842,167867,167815,167828,167839,167809,167820,167826,167826,167833,167844,167826,167838
167867,167882,167897,167900,167928,167875,167888,167899,167869,167879,167886,167886,167893,167903,167886,167897
167928,167945,167959,167963,167993,167937,167951,167961,167931,167941,167950,167950,167956,167966,167950,167960
167993,168011,168025,168030,168062,168003,168016,168027,167997,168007,168015,168015,168021,168032,168015,168025
168062,168079,168094,168101,168130,168071,168085,168096,168066,168076,168083,168083,168090,168101,168083,168095
168130,168147,168161,168168,168196,168139,168152,168164,168134,168144,168151,168151,168158,168170,168151,168163
168196,168215,168229,168234,168260,168207,168221,168233,168201,168212,168218,168218,168226,168238,168218,168230
168260,168278,168293,168301,168322,168271,168284,168296,168266,168276,168283,168283,168290,168300,168283,168294
168322,168339,168355,168363,168383,168332,168345,168357,168326,168336,168343,168343,168351,168362,168343,168356
168383,168398,168413,168419,168440,168391,168403,168415,168385,168395,168400,168400,168408,168420,168400,168413
168440,168455,168469,168475,168495,168447,168460,168471,168441,168452,168460,168460,168465,168474,168460,168469
168495,168510,168526,168529,168550,168503,168516,168528,168498,168508,168512,168512,168522,168533,168512,168527
168550,168566,168581,168585,168606,168558,168571,168583,168553,168563,168570,168570,168576,168587,168570,168581
168606,168622,168637,168641,168666,168614,168627,168640,168609,168618,168622,168622,168633,168646,168622,168638
168666,168683,168698,168703,168740,168675,168689,168700,168669,168679,168683,168683,168695,168705,168683,168700
168740,168757,168772,168781,168832,168749,168763,168775,168743,168753,168756,168756,168769,168781,168756,168774
168832,168851,168864,168871,168923,168842,168856,168868,168836,168845,168853,168853,168862,168873,168849,168853
168923,168943,168956,168962,169008,168933,168950,168960,168927,168937,168944,168944,168953,168967,168940,168944
169008,169028,169041,169045,169096,169016,169033,169044,169010,169020,169027,169027,169038,169049,169023,169027
169096,169117,169130,169134,169183,169105,169123,169132,169099,169109,169116,169116,169127,169137,169111,169116
169183,169205,169217,169222,169266,169192,169212,169222,169186,169196,169203,169203,169215,169228,169199,169203
169266,169289,169302,169306,169353,169276,169295,169305,169270,169280,169287,169287,169299,169310,169282,169287
169353,169376,169389,169394,169442,169363,169383,169393,169357,169366,169374,169376,169387,169397,169369,169376
169442,169463,169478,169482,169526,169451,169470,169481,169445,169455,169463,169463,169475,169485,169458,169463
169526,169547,169562,169566,169610,169535,169554,169565,169529,169539,169547,169547,169559,169570,169542,169547
169610,169633,169647,169652,169699,169621,169640,169651,169614,169625,169633,169633,169645,169656,169628,169633
169699,169722,169737,169742,169787,169710,169730,169741,169703,169714,169721,169721,169735,169745,169716,169721
169787,169809,169823,169829,169872,169797,169816,169828,169791,169801,169809,169809,169821,169834,169804,169809
169872,169894,169910,169915,169962,169883,169903,169914,169876,169887,169895,169895,169908,169918,169891,169895
169962,169986,170001,170007,170055,169974,169994,170006,169967,169978,169986,169986,169999,170010,169981,169986
170055,170077,170093,170099,170143,170065,170086,170098,170059,170069,170078,170078,170091,170103,170072,170078
170143,170165,170180,170186,170231,170154,170173,170185,170148,170158,170166,170166,170178,170191,170161,170166
170231,170252,170269,170275,170319,170241,170261,170274,170235,170245,170255,170255,170266,170279,170249,170255
170319,170341,170358,170363,170410,170330,170350,170362,170324,170335,170344,170344,170356,170367,170338,170344
170410,170431,170448,170454,170496,170421,170440,170453,170415,170425,170434,170434,170446,170458,170429,170434
170496,170517,170533,170539,170582,170506,170525,170538,170500,170511,170519,170519,170531,170543,170514,170519
170582,170603,170621,170626,170671,170593,170612,170625,170587,170597,170606,170606,170619,170630,170600,170606
170671,170693,170710,170716,170761,170682,170702,170715,170676,170686,170695,170695,170708,170719,170690,170695
170761,170783,170800,170806,170848,170772,170792,170805,170766,170776,170785,170785,170798,170809,170780,170785
170848,170869,170886,170892,170934,170859,170877,170891,170852,170863,170871,170871,170883,170896,170866,170871
170934,170956,170973,170979,171023,170945,170965,170978,170939,170950,170958,170958,170971,170982,170954,170958
171023,171046,171063,171070,171112,171035,171055,171069,171028,171039,171048,171048,171061,171075,171043,171048
171112,171135,171152,171157,171200,171124,171144,171156,171118,171129,171138,171138,171150,171160,171132,171138
171200,171222,171238,171246,171287,171211,171230,171245,171205,171215,171223,171223,171236,171250,171218,171223
171287,171309,171326,171332,171375,171298,171317,171331,171291,171302,171310,171310,171324,171335,171305,171310
171375,171397,171414,171422,171464,171387,171406,171421,171380,171391,171399,171399,171412,171426,171394,171399
171464,171486,171504,171510,171555,171476,171495,171509,171470,171480,171490,171490,171502,171514,171484,171490
171555,171577,171594,171602,171643,171567,171586,171601,171560,171571,171579,171579,171592,171606,171574,171579
171643,171664,171681,171687,171728,171654,171673,171686,171648,171658,171666,171666,171679,171690,171661,171666
171728,171749,171767,171773,171817,171739,171759,171772,171733,171743,171752,171752,171765,171777,171747,171752
171817,171838,171856,171863,171909,171828,171847,171862,171822,171832,171841,171841,171854,171867,171836,171841
171909,171931,171949,171957,171998,171921,171940,171954,171915,171925,171934,171934,171947,171959,171928,171934
171998,172019,172037,172045,172085,172009,172028,172042,172003,172014,172022,172022,172035,172046,172017,172022
172085,172106,172124,172132,172176,172097,172116,172130,172091,172101,172109,172109,172122,172136,172104,172109
172176,172199,172216,172225,172271,172189,172208,172222,172183,172193,172201,172201,172215,172227,172196,172201
172271,172293,172311,172319,172361,172283,172302,172316,172277,172287,172295,172295,172309,172321,172290,172295
172361,172383,172400,172410,172451,172373,172392,172406,172367,172377,172386,172386,172398,172412,172381,172386
172451,172471,172490,172499,172542,172462,172481,172495,172456,172466,172475,172475,172488,172500,172469,172475
172542,172565,172583,172592,172637,172555,172575,172589,172549,172559,172568,172568,172581,172594,172563,172568
172637,172659,172677,172686,172728,172650,172669,172683,172644,172654,172662,172662,172675,172688,172657,172662
172728,172749,172767,172776,172816,172740,172759,172773,172734,172744,172753,172753,172765,172778,172748,172753
172816,172838,172856,172865,172908,172828,172847,172861,172822,172832,172841,172841,172854,172866,172836,172841
172908,172931,172949,172957,173003,172921,172941,172955,172915,172925,172935,172935,172947,172959,172929,172935
173003,173025,173043,173052,173093,173015,173035,173049,173010,173020,173029,173029,173041,173055,173023,173029
173093,173114,173133,173142,173182,173105,173124,173138,173099,173109,173118,173118,173131,173143,173112,173118
173182,173205,173223,173232,173276,173195,173215,173229,173189,173199,173208,173208,173221,173234,173202,173208
173276,173298,173317,173323,173370,173288,173308,173322,173282,173292,173302,173302,173315,173326,173296,173302
173370,173392,173410,173418,173459,173382,173402,173415,173376,173386,173396,173396,173408,173420,173390,173396
173459,173481,173499,173506,173551,173471,173491,173505,173466,173476,173485,173485,173497,173510,173479,173485
173551,173575,173593,173600,173647,173565,173585,173599,173559,173569,173579,173579,173591,173604,173573,173579
173647,173669,173687,173693,173738,173659,173678,173692,173653,173663,173673,173673,173685,173696,173667,173673
173738,173759,173777,173785,173830,173749,173769,173783,173744,173754,173763,173763,173775,173788,173757,173763
173830,173852,173871,173878,173922,173842,173862,173876,173837,173847,173856,173856,173869,173881,173850,173856
173922,173947,173966,173974,174020,173937,173957,173971,173932,173942,173951,173951,173964,173976,173945,173951
174020,174041,174060,174069,174110,174032,174051,174065,174026,174036,174045,174045,174058,174070,174039,174045
174110,174131,174150,174158,174201,174122,174141,174155,174116,174126,174136,174136,174148,174161,174129,174136
174201,174227,174246,174254,174301,174218,174238,174252,174212,174222,174232,174232,174245,174257,174225,174232
174301,174323,174342,174351,174394,174314,174333,174347,174309,174319,174328,174328,174340,174352,174322,174328
174394,174415,174434,174443,174487,174405,174425,174439,174400,174410,174419,174419,174432,174444,174413,174419
174487,174510,174530,174538,174585,174501,174521,174535,174495,174505,174515,174515,174528,174541,174509,174515
174585,174606,174625,174635,174677,174597,174616,174631,174591,174601,174611,174611,174623,174636,174605,174611
174677,174697,174716,174725,174770,174688,174707,174722,174682,174692,174702,174702,174714,174727,174696,174702
174770,174791,174811,174819,174866,174782,174802,174816,174776,174786,174797,174797,174809,174821,174790,174797
174866,174888,174906,174915,174959,174879,174898,174912,174873,174883,174892,174892,174905,174916,174886,174892
174959,174980,174998,175007,175054,174970,174989,175004,174965,174974,174984,174984,174996,175008,174978,174984
175054,175076,175095,175103,175153,175067,175086,175101,175061,175071,175081,175081,175093,175106,175074,175081
175153,175174,175194,175201,175245,175165,175185,175199,175159,175169,175179,175179,175192,175204,175172,175179
175245,175266,175284,175292,175336,175257,175276,175289,175251,175261,175271,175271,175282,175294,175264,175271
175336,175358,175377,175384,175433,175349,175368,175382,175343,175353,175363,175363,175375,175387,175356,175363
175433,175454,175473,175481,175525,175444,175464,175478,175438,175449,175459,175459,175471,175483,175452,175459
175525,175546,175565,175574,175618,175537,175557,175571,175532,175542,175552,175552,175563,175576,175545,175552
175618,175639,175658,175666,175710,175630,175650,175664,175624,175634,175644,175644,175657,175669,175638,175644
175710,175737,175756,175765,175811,175727,175748,175762,175722,175732,175742,175742,175754,175768,175735,175742
175811,175831,175850,175860,175901,175822,175841,175856,175817,175826,175836,175836,175848,175860,175830,175836
175901,175923,175943,175951,176000,175914,175933,175948,175908,175918,175928,175928,175941,175953,175922,175928
176000,176022,176041,176050,176096,176013,176033,176047,176007,176017,176027,176027,176040,176053,176020,176027
176096,176118,176137,176146,176190,176109,176129,176143,176103,176113,176123,176123,176136,176149,176117,176123
176190,176211,176229,176238,176279,176202,176221,176235,176196,176206,176216,176216,176227,176241,176209,176216
176279,176301,176320,176327,176370,176291,176311,176326,176285,176296,176305,176305,176318,176331,176299,176305
176370,176396,176415,176423,176473,176386,176407,176422,176380,176391,176401,176401,176413,176426,176394,176401
176473,176495,176513,176520,176565,176485,176504,176519,176478,176490,176499,176499,176511,176525,176493,176499
176565,176588,176606,176613,176660,176578,176597,176612,176572,176582,176591,176591,176604,176617,176585,176591
176660,176683,176701,176708,176756,176673,176693,176707,176667,176677,176688,176688,176700,176714,176681,176688
176756,176777,176796,176804,176848,176768,176787,176801,176762,176772,176781,176781,176794,176806,176775,176781
176848,176870,176889,176897,176946,176861,176880,176895,176855,176865,176874,176874,176887,176899,176868,176874
176946,176967,176987,176994,177040,176958,176978,176993,176952,176962,176972,176972,176986,176997,176966,176972
177040,177062,177081,177090,177133,177053,177072,177087,177047,177057,177067,177067,177079,177092,177061,177067
177133,177154,177173,177180,177228,177145,177164,177179,177139,177149,177159,177159,177171,177186,177153,177159
177228,177250,177270,177279,177323,177241,177261,177276,177235,177245,177256,177256,177268,177282,177249,177256
177323,177347,177366,177376,177419,177339,177357,177373,177333,177343,177353,177353,177365,177378,177346,177353
177419,177439,177458,177468,177512,177430,177449,177464,177424,177434,177444,177444,177456,177470,177438,177444
177512,177534,177553,177561,177608,177524,177544,177559,177519,177529,177539,177539,177551,177564,177532,177539
177608,177629,177649,177659,177702,177620,177640,177655,177614,177624,177634,177634,177647,177660,177628,177634
177702,177722,177741,177750,177791,177713,177732,177746,177707,177717,177727,177727,177739,177751,177720,177727
177791,177812,177831,177840,177880,177803,177822,177837,177797,177807,177817,177817,177829,177842,177810,177817
177880,177906,177926,177934,177980,177897,177918,177932,177891,177901,177911,177911,177924,177937,177905,177911
177980,178001,178021,178030,178071,177992,178011,178026,177987,177996,178007,178007,178019,178031,178000,178007
178071,178092,178111,178120,178164,178083,178103,178117,178077,178087,178097,178097,178110,178122,178091,178097
178164,178186,178205,178214,178255,178177,178196,178211,178171,178181,178191,178191,178204,178216,178184,178191
178255,178282,178301,178311,178356,178273,178293,178308,178268,178277,178288,178288,178300,178313,178281,178288
178356,178377,178396,178406,178447,178368,178387,178402,178362,178372,178383,178383,178394,178407,178376,178383
178447,178467,178486,178496,178541,178458,178477,178492,178452,178462,178472,178472,178484,178497,178466,178472
178541,178562,178582,178589,178637,178553,178573,178587,178547,178557,178567,178567,178580,178592,178560,178567
178637,178658,178677,178686,178727,178649,178668,178683,178643,178653,178663,178663,178675,178688,178656,178663
178727,178748,178768,178776,178823,178740,178759,178773,178734,178744,178754,178754,178766,178778,178747,178754
178823,178845,178864,178871,178916,178836,178855,178870,178830,178840,178849,178849,178862,178875,178843,178849
178916,178942,178962,178971,179017,178934,178953,178969,178928,178938,178948,178948,178960,178975,178941,178948
179017,179038,179057,179066,179109,179029,179048,179063,179024,179033,179043,179043,179055,179068,179037,179043
179109,179130,179150,179159,179201,179121,179141,179156,179116,179125,179135,179135,179148,179161,179129,179135
179201,179227,179246,179256,179298,179218,179238,179253,179212,179222,179232,179232,179245,179258,179226,179232
179298,179324,179342,179353,179395,179315,179334,179349,179309,179319,179329,179329,179341,179354,179323,179329
179395,179415,179434,179444,179486,179406,179425,179440,179400,179410,179420,179420,179432,179446,179413,179420
179486,179511,179531,179540,179586,179502,179522,179537,179497,179506,179516,179516,179529,179541,179510,179516
179586,179607,179626,179635,179677,179598,179617,179632,179592,179602,179612,179612,179624,179636,179606,179612
179677,179697,179716,179725,179768,179688,179707,179722,179683,179692,179702,179702,179714,179727,179696,179702
179768,179790,179810,179816,179866,179781,179801,179815,179775,179785,179795,179795,179808,179819,179788,179795
179866,179886,179906,179914,179957,179877,179897,179911,179871,179881,179891,179891,179904,179916,179885,179891
179957,179978,179997,180006,180048,179969,179988,180003,179964,179973,179983,179983,179995,180007,179977,179983
180048,180069,180089,180098,180145,180060,180080,180094,180054,180064,180074,180074,180087,180099,180068,180074
180145,180166,180185,180194,180241,180157,180176,180191,180151,180161,180171,180171,180183,180196,180164,180171
180241,180261,180279,180288,180332,180252,180270,180285,180246,180256,180265,180265,180277,180290,180259,180265
180332,180352,180372,180380,180428,180343,180363,180377,180337,180347,180357,180357,180370,180382,180351,180357
180428,180449,180469,180477,180525,180440,180460,180475,180434,180444,180454,180454,180467,180480,180448,180454
180525,180545,180565,180574,180617,180537,180555,180570,180531,180541,180550,180550,180563,180575,180544,180550
180617,180637,180657,180665,180712,180628,180647,180662,180622,180632,180643,180643,180655,180667,180636,180643
180712,180733,180753,180760,180808,180724,180743,180758,180718,180728,180738,180738,180751,180763,180732,180738
180808,180829,180848,180857,180897,180820,180839,180854,180814,180824,180834,180834,180846,180859,180828,180834
180897,180922,180941,180949,180998,180913,180933,180947,180908,180917,180928,180928,180939,180952,180921,180928
180998,181018,181038,181046,181086,181009,181029,181044,181004,181013,181023,181023,181036,181049,181017,181023
181086,181114,181133,181142,181180,181105,181125,181139,181100,181109,181119,181119,181131,181144,181113,181119
181180,181207,181225,181234,181281,181198,181217,181231,181192,181202,181212,181212,181224,181237,181205,181212
181281,181302,181321,181328,181379,181292,181312,181327,181287,181297,181306,181306,181319,181332,181300,181306
181379,181401,181419,181427,181477,181392,181412,181426,181386,181396,181406,181406,181417,181434,181399,181406
181477,181498,181516,181522,181569,181488,181507,181521,181482,181492,181501,181501,181514,181526,181496,181501
181569,181591,181609,181616,181666,181581,181601,181615,181574,181585,181595,181595,181607,181620,181589,181595
181666,181689,181707,181714,181764,181678,181698,181713,181672,181683,181692,181692,181705,181717,181686,181692
181764,181785,181804,181810,181856,181776,181795,181809,181770,181781,181791,181791,181802,181815,181784,181791
181856,181876,181895,181902,181947,181867,181886,181901,181861,181872,181882,181882,181893,181906,181875,181882
181947,181972,181991,181998,182047,181963,181983,181997,181957,181967,181977,181977,181989,182001,181970,181977
182047,182067,182087,182093,182140,182058,182078,182092,182052,182062,182073,182073,182085,182097,182066,182073
182140,182160,182179,182187,182232,182151,182170,182184,182145,182155,182165,182165,182177,182189,182158,182165
182232,182252,182271,182278,182326,182243,182263,182277,182237,182247,182257,182257,182269,182282,182250,182257
182326,182347,182366,182373,182421,182338,182358,182372,182332,182342,182352,182352,182364,182378,182345,182352
182421,182443,182462,182471,182513,182434,182453,182468,182428,182438,182447,182447,182460,182472,182441,182447
182513,182534,182554,182563,182610,182526,182545,182559,182520,182530,182539,182539,182552,182565,182533,182539
182610,182631,182651,182659,182702,182622,182642,182656,182616,182626,182636,182636,182649,182661,182630,182636
182702,182728,182747,182757,182795,182720,182739,182753,182714,182724,182734,182734,182746,182759,182727,182734
182795,182821,182840,182850,182891,182812,182831,182847,182807,182816,182827,182827,182838,182852,182820,182827
182891,182918,182938,182947,182994,182909,182929,182944,182904,182914,182924,182924,182936,182949,182917,182924
182994,183015,183034,183043,183087,183006,183026,183041,183001,183011,183021,183021,183032,183047,183014,183021
183087,183107,183126,183135,183177,183098,183117,183131,183093,183103,183113,183113,183124,183136,183106,183113
183177,183197,183217,183223,183273,183188,183208,183222,183182,183192,183202,183202,183215,183227,183196,183202
183273,183295,183314,183321,183368,183286,183305,183320,183280,183290,183299,183299,183312,183324,183293,183299
183368,183395,183414,183421,183466,183386,183406,183420,183381,183391,183401,183401,183413,183425,183394,183401
183466,183488,183507,183516,183556,183479,183498,183512,183473,183483,183493,183493,183505,183518,183487,183493
183556,183583,183601,183609,183655,183574,183593,183608,183568,183578,183588,183588,183600,183613,183581,183588
183655,183683,183702,183709,183754,183674,183694,183708,183668,183678,183689,183689,183701,183714,183682,183689
183754,183777,183796,183804,183846,183768,183787,183802,183762,183772,183782,183782,183794,183807,183776,183782
183846,183867,183886,183893,183940,183858,183877,183891,183852,183862,183872,183872,183884,183897,183865,183872
183940,183961,183980,183987,184034,183951,183971,183986,183945,183956,183966,183966,183978,183991,183959,183966
184034,184056,184075,184082,184126,184046,184066,184081,184041,184051,184060,184060,184074,184085,184054,184060
184126,184147,184165,184172,184216,184138,184156,184171,184132,184142,184151,184151,184163,184176,184146,184151
184216,184237,184255,184262,184312,184228,184247,184261,184222,184232,184241,184241,184253,184268,184235,184241
184312,184334,184352,184359,184409,184324,184344,184358,184318,184328,184338,184338,184350,184364,184332,184338
184409,184431,184449,184456,184503,184421,184440,184455,184416,184426,184435,184435,184447,184460,184429,184435
184503,184524,184543,184550,184598,184515,184534,184549,184509,184519,184529,184529,184541,184555,184523,184529
184598,184620,184639,184648,184695,184611,184630,184646,184605,184615,184625,184625,184637,184652,184618,184625
184695,184716,184735,184745,184787,184707,184726,184741,184701,184711,184721,184721,184733,184747,184715,184721
184787,184807,184826,184835,184875,184798,184817,184832,184792,184802,184812,184812,184824,184837,184806,184812
184875,184902,184922,184931,184979,184894,184913,184928,184888,184898,184908,184908,184921,184933,184901,184908
184979,184999,185019,185029,185069,184990,185009,185024,184985,184994,185004,185004,185017,185029,184998,185004
185069,185091,185110,185120,185166,185082,185101,185117,185076,185086,185096,185096,185108,185122,185090,185096
185166,185187,185207,185217,185260,185178,185198,185213,185172,185182,185193,185193,185205,185218,185186,185193
185260,185280,185300,185309,185350,185272,185291,185306,185266,185276,185286,185286,185298,185310,185279,185286
185350,185370,185390,185399,185444,185362,185381,185396,185356,185366,185376,185376,185388,185402,185369,185376
185444,185464,185484,185493,185538,185455,185475,185490,185450,185460,185470,185470,185482,185495,185463,185470
185538,185558,185578,185588,185629,185550,185569,185584,185544,185554,185564,185564,185576,185589,185557,185564
185629,185650,185670,185679,185719,185641,185661,185675,185636,185645,185655,185655,185668,185680,185649,185655
185719,185745,185765,185774,185821,185736,185756,185771,185731,185740,185751,185751,185764,185776,185744,185751
185821,185841,185860,185871,185912,185832,185851,185867,185827,185837,185846,185846,185858,185872,185840,185846
185912,185932,185952,185962,186006,185924,185943,185958,185918,185928,185938,185938,185950,185962,185931,185938
186006,186026,186047,186056,186100,186018,186037,186052,186012,186022,186032,186032,186045,186057,186025,186032
186100,186120,186140,186149,186192,186112,186130,186145,186106,186116,186126,186126,186138,186150,186119,186126
186192,186212,186232,186241,186285,186203,186222,186237,186198,186207,186217,186217,186230,186242,186211,186217
186285,186305,186325,186334,186378,186296,186316,186331,186291,186300,186311,186311,186323,186336,186304,186311
186378,186398,186418,186427,186468,186390,186409,186423,186384,186394,186404,186404,186416,186428,186397,186404
186468,186487,186507,186516,186559,186479,186498,186512,186473,186483,186493,186493,186505,186517,186486,186493
186559,186580,186599,186608,186654,186571,186590,186605,186565,186575,186585,186585,186597,186610,186578,186585
186654,186674,186694,186703,186747,186666,186685,186700,186660,186670,186680,186680,186692,186705,186673,186680
186747,186767,186786,186796,186838,186759,186777,186792,186753,186763,186773,186773,186784,186797,186766,186773
186838,186858,186877,186886,186931,186849,186868,186883,186843,186853,186863,186863,186875,186887,186856,186863
186931,186952,186972,186981,187024,186943,186963,186977,186938,186947,186958,186958,186970,186981,186951,186958
187024,187044,187064,187073,187113,187036,187054,187069,187030,187040,187050,187050,187062,187074,187043,187050
187113,187133,187152,187161,187203,187124,187143,187157,187118,187128,187138,187138,187150,187162,187132,187138
187203,187224,187243,187252,187298,187215,187234,187249,187209,187219,187229,187229,187241,187254,187222,187229
187298,187318,187338,187347,187390,187309,187329,187343,187304,187313,187323,187323,187336,187349,187317,187323
187390,187410,187429,187439,187481,187402,187421,187435,187396,187406,187416,187416,187427,187440,187409,187416
187481,187502,187522,187530,187568,187493,187513,187527,187488,187498,187508,187508,187520,187531,187501,187508
187568,187598,187617,187627,187672,187589,187609,187624,187584,187593,187603,187603,187616,187629,187597,187603
187672,187692,187711,187721,187764,187684,187702,187717,187678,187688,187698,187698,187709,187722,187691,187698
187764,187784,187803,187812,187857,187775,187794,187808,187769,187779,187789,187789,187801,187813,187782,187789
187857,187878,187898,187907,187953,187870,187889,187904,187864,187874,187884,187884,187896,187909,187877,187884
187953,187974,187993,188003,188045,187965,187984,187999,187960,187969,187980,187980,187991,188004,187973,187980
188045,188065,188084,188094,188139,188057,188075,188090,188051,188061,188070,188070,188082,188095,188064,188070
188139,188159,188179,188187,188233,188150,188169,188184,188144,188154,188165,188165,188177,188189,188158,188165
188233,188253,188273,188281,188323,188244,188264,188278,188239,188248,188258,188258,188271,188284,188252,188258
188323,188343,188362,188370,188411,188334,188352,188366,188328,188338,188348,188348,188359,188371,188342,188348
188411,188431,188450,188459,188503,188422,188441,188456,188417,188426,188436,188436,188448,188461,188430,188436
188503,188523,188542,188551,188599,188514,188534,188547,188509,188518,188528,188528,188540,188553,188522,188528
188599,188619,188638,188646,188690,188610,188629,188644,188604,188614,188624,188624,188636,188650,188617,188624
188690,188710,188728,188735,188778,188701,188720,188734,188695,188705,188713,188713,188726,188739,188708,188713
188778,188799,188816,188822,188868,188788,188807,188821,188782,188793,188801,188801,188813,188825,188796,188801
188868,188890,188907,188914,188963,188879,188899,188913,188873,188883,188892,188892,188905,188919,188887,188892
188963,188985,189002,189007,189058,188974,188994,189006,188968,188978,188988,188988,189000,189012,188981,188988
189058,189080,189097,189102,189152,189068,189089,189101,189061,189071,189082,189082,189095,189111,189075,189082
189152,189172,189189,189195,189239,189161,189181,189193,189155,189165,189175,189175,189187,189197,189168,189175
189239,189259,189277,189285,189334,189248,189269,189281,189243,189252,189263,189263,189275,189286,189256,189263
189334,189355,189372,189379,189431,189343,189364,189377,189337,189346,189357,189357,189370,189383,189350,189357
189431,189453,189469,189476,189527,189441,189463,189475,189434,189445,189456,189456,189467,189486,189449,189456
189527,189550,189566,189572,189620,189537,189558,189571,189531,189542,189550,189550,189564,189576,189545,189550
189620,189642,189659,189664,189715,189630,189649,189663,189623,189634,189641,189641,189656,189668,189636,189641
189715,189737,189753,189758,189812,189724,189744,189757,189718,189729,189735,189735,189751,189761,189731,189735
189812,189836,189850,189855,189908,189822,189844,189855,189816,189826,189834,189834,189848,189864,189829,189834
189908,189930,189946,189951,190000,189918,189937,189950,189911,189922,189930,189930,189943,189957,189925,189930
190000,190023,190040,190044,190093,190010,190030,190043,190003,190014,190020,190020,190037,190050,190017,190020
190093,190117,190131,190137,190188,190104,190124,190136,190098,190108,190116,190116,190129,190141,190111,190116
190188,190212,190228,190233,190282,190199,190219,190232,190193,190203,190211,190211,190226,190236,190206,190211
190282,190304,190321,190327,190374,190293,190313,190326,190287,190297,190305,190305,190319,190332,190300,190305
190374,190397,190414,190420,190470,190385,190406,190419,190379,190389,190398,190398,190412,190424,190392,190398
190470,190493,190510,190516,190567,190482,190502,190515,190476,190486,190495,190495,190508,190522,190489,190495
190567,190589,190606,190614,190660,190579,190598,190613,190572,190583,190591,190591,190604,190619,190586,190591
190660,190682,190699,190706,190753,190671,190691,190705,190665,190676,190685,190685,190697,190709,190679,190685
190753,190774,190792,190800,190848,190765,190784,190799,190758,190769,190777,190777,190790,190805,190772,190777
190848,190869,190887,190894,190939,190859,190878,190892,190853,190864,190873,190873,190885,190897,190867,190873
190939,190960,190978,190987,191032,190950,190969,190984,190944,190954,190964,190964,190976,190989,190958,190964
191032,191053,191071,191078,191125,191043,191062,191077,191037,191047,191056,191056,191069,191083,191050,191056
191125,191146,191165,191173,191216,191137,191156,191170,191131,191141,191150,191150,191163,191176,191144,191150
191216,191236,191254,191264,191307,191227,191246,191260,191222,191231,191241,191241,191252,191266,191235,191241
191307,191328,191347,191355,191396,191319,191338,191352,191313,191323,191332,191332,191345,191358,191326,191332
191396,191425,191443,191452,191498,191415,191435,191449,191409,191419,191429,191429,191441,191454,191423,191429
191498,191519,191538,191547,191590,191510,191528,191542,191504,191514,191524,191524,191536,191547,191518,191524
191590,191610,191629,191637,191684,191601,191620,191634,191595,191605,191615,191615,191627,191640,191609,191615
191684,191705,191724,191732,191777,191696,191716,191729,191690,191700,191710,191710,191722,191734,191703,191710
191777,191797,191816,191826,191869,191789,191807,191822,191783,191793,191803,191803,191814,191827,191796,191803
191869,191888,191908,191917,191962,191880,191899,191913,191874,191884,191894,191894,191906,191918,191888,191894
191962,191982,192002,192010,192056,191973,191992,192006,191967,191977,191987,191987,192000,192011,191981,191987
192056,192077,192096,192104,192148,192067,192087,192100,192062,192072,192081,192081,192094,192105,192075,192081
192148,192168,192186,192195,192240,192159,192177,192191,192153,192163,192172,192172,192184,192195,192166,192172
192240,192261,192279,192285,192335,192251,192271,192284,192245,192255,192265,192265,192277,192289,192259,192265
192335,192356,192375,192381,192428,192346,192366,192380,192340,192351,192360,192360,192373,192386,192354,192360
192428,192449,192467,192473,192518,192439,192458,192472,192433,192443,192452,192452,192464,192477,192447,192452
192518,192540,192556,192563,192611,192529,192549,192562,192523,192533,192542,192542,192554,192567,192537,192542
192611,192634,192651,192657,192707,192622,192643,192656,192616,192627,192635,192635,192649,192660,192630,192635
192707,192730,192746,192751,192797,192717,192738,192750,192711,192722,192729,192729,192744,192756,192724,192729
192797,192820,192835,192842,192888,192807,192828,192841,192801,192812,192820,192820,192833,192847,192815,192820
192888,192911,192928,192934,192982,192900,192920,192933,192893,192904,192911,192911,192926,192938,192907,192911
192982,193004,193021,193027,193073,192993,193013,193026,192987,192998,193005,193005,193019,193031,193001,193005
193073,193094,193112,193118,193165,193084,193103,193117,193077,193088,193097,193097,193110,193122,193092,193097
193165,193187,193205,193212,193258,193177,193196,193211,193171,193181,193190,193190,193203,193217,193185,193190
193258,193280,193298,193307,193352,193271,193290,193304,193265,193275,193284,193284,193296,193310,193278,193284
193352,193373,193391,193399,193444,193364,193382,193397,193358,193368,193377,193377,193389,193402,193372,193377
193444,193464,193483,193492,193538,193455,193473,193488,193449,193459,193469,193469,193481,193494,193463,193469
193538,193559,193579,193588,193634,193550,193569,193584,193544,193555,193565,193565,193578,193589,193558,193565
193634,193655,193673,193684,193725,193646,193664,193679,193640,193650,193659,193659,193671,193685,193653,193659
193725,193745,193764,193774,193818,193736,193755,193770,193730,193741,193751,193751,193762,193775,193744,193751
193818,193839,193858,193867,193912,193829,193849,193864,193824,193834,193844,193844,193856,193869,193837,193844
193912,193934,193953,193963,194005,193925,193944,193958,193919,193929,193939,193939,193951,193964,193933,193939
194005,194025,194044,194054,194099,194017,194035,194050,194011,194021,194031,194031,194042,194055,194025,194031
194099,194120,194139,194149,194193,194111,194130,194145,194105,194115,194125,194125,194137,194152,194119,194125
194193,194213,194232,194242,194282,194204,194222,194237,194198,194208,194218,194218,194230,194242,194212,194218
194282,194301,194320,194330,194372,194293,194311,194325,194287,194297,194306,194306,194318,194331,194300,194306
194372,194392,194411,194421,194466,194383,194402,194417,194377,194388,194398,194398,194409,194422,194391,194398
194466,194486,194506,194515,194559,194478,194497,194512,194472,194482,194492,194492,194504,194517,194485,194492
194559,194579,194597,194607,194644,194570,194588,194603,194564,194574,194584,194584,194595,194608,194578,194584
194644,194664,194683,194693,194733,194655,194674,194688,194649,194660,194670,194670,194681,194694,194663,194670
194733,194753,194772,194781,194827,194744,194763,194778,194738,194748,194758,194758,194770,194783,194752,194758
194827,194847,194866,194877,194918,194839,194857,194873,194833,194843,194853,194853,194864,194879,194846,194853
194918,194938,194956,194966,195004,194929,194947,194962,194923,194933,194942,194942,194954,194967,194937,194942
195004,195024,195043,195053,195093,195015,195034,195049,195010,195019,195030,195030,195041,195054,195023,195030
195093,195113,195132,195142,195181,195104,195123,195138,195098,195108,195118,195118,195130,195143,195112,195118
195181,195201,195219,195230,195267,195192,195210,195225,195186,195196,195206,195206,195217,195230,195200,195206
195267,195286,195305,195316,195357,195277,195296,195311,195272,195281,195291,195291,195303,195317,195285,195291
195357,195377,195396,195406,195453,195368,195387,195402,195362,195372,195382,195382,195394,195407,195376,195382
195453,195473,195492,195502,195546,195464,195483,195497,195458,195468,195478,195478,195490,195502,195472,195478
195546,195566,195585,195595,195641,195557,195576,195590,195551,195561,195571,195571,195583,195596,195565,195571
195641,195662,195681,195690,195739,195653,195672,195686,195647,195657,195667,195667,195679,195691,195660,195667
195739,195759,195779,195789,195832,195751,195769,195784,195745,195755,195765,195765,195777,195789,195759,195765
195832,195851,195871,195881,195923,195843,195861,195876,195837,195847,195857,195857,195869,195882,195850,195857
195923,195944,195964,195974,196021,195935,195954,195969,195929,195939,195950,195950,195962,195974,195943,195950
196021,196041,196060,196070,196110,196032,196051,196066,196026,196036,196046,196046,196058,196071,196040,196046
196110,196130,196149,196159,196201,196121,196140,196154,196115,196125,196135,196135,196147,196159,196129,196135
196201,196221,196241,196250,196296,196213,196232,196246,196207,196217,196226,196226,196239,196251,196220,196226
196296,196316,196335,196345,196388,196308,196327,196341,196302,196312,196322,196322,196333,196346,196315,196322
196388,196408,196428,196437,196482,196400,196419,196433,196394,196404,196414,196414,196426,196437,196408,196414
196482,196503,196522,196532,196576,196494,196513,196528,196488,196498,196508,196508,196521,196533,196502,196508
196576,196598,196617,196626,196668,196589,196608,196623,196583,196593,196604,196604,196615,196628,196597,196604
196668,196688,196707,196716,196760,196679,196698,196712,196673,196684,196693,196693,196705,196717,196687,196693
196760,196781,196800,196808,196856,196772,196792,196806,196766,196776,196786,196786,196798,196810,196780,196786
196856,196876,196896,196906,196948,196867,196887,196901,196862,196871,196881,196881,196894,196907,196875,196881
196948,196967,196986,196996,197034,196958,196977,196991,196953,196963,196972,196972,196984,196997,196966,196972
197034,197054,197073,197083,197125,197045,197064,197078,197039,197049,197059,197059,197071,197084,197053,197059
197125,197145,197165,197175,197220,197137,197156,197171,197131,197141,197151,197151,197163,197176,197144,197151
197220,197241,197260,197269,197313,197232,197251,197266,197226,197236,197245,197245,197258,197271,197239,197245
197313,197333,197351,197358,197401,197324,197342,197356,197318,197328,197337,197337,197348,197361,197332,197337
197401,197422,197440,197447,197494,197412,197431,197446,197406,197417,197426,197426,197438,197451,197420,197426
197494,197517,197534,197541,197589,197506,197526,197540,197500,197511,197519,197519,197532,197545,197514,197519
197589,197610,197628,197634,197676,197600,197619,197633,197594,197605,197613,197613,197625,197639,197608,197613
197676,197697,197715,197722,197764,197688,197706,197721,197682,197692,197701,197701,197712,197726,197696,197701
197764,197785,197803,197810,197853,197775,197794,197809,197769,197780,197789,197789,197801,197815,197783,197789
197853,197873,197892,197901,197942,197864,197883,197898,197858,197868,197878,197878,197890,197903,197872,197878
197942,197962,197980,197990,198031,197953,197971,197986,197947,197957,197966,197966,197978,197991,197961,197966
198031,198051,198070,198080,198127,198042,198061,198076,198037,198047,198056,198056,198068,198081,198050,198056
198127,198148,198167,198177,198221,198139,198158,198173,198133,198143,198153,198153,198166,198178,198147,198153
198221,198240,198259,198271,198308,198232,198250,198265,198226,198236,198246,198246,198257,198271,198240,198246
198308,198328,198347,198358,198400,198319,198338,198353,198314,198324,198333,198333,198345,198358,198327,198333
198400,198420,198440,198449,198492,198412,198431,198445,198406,198416,198426,198426,198438,198450,198419,198426
198492,198512,198531,198542,198580,198504,198522,198537,198498,198508,198518,198518,198529,198542,198512,198518
198580,198599,198618,198629,198664,198591,198609,198624,198585,198595,198605,198605,198616,198629,198598,198605
198664,198683,198703,198712,198755,198675,198694,198708,198669,198679,198689,198689,198701,198713,198683,198689
198755,198775,198794,198800,198852,198766,198785,198799,198760,198770,198780,198780,198791,198804,198773,198780
198852,198873,198891,198898,198943,198863,198882,198897,198857,198867,198876,198876,198889,198903,198870,198876
198943,198965,198981,198988,199031,198954,198973,198987,198948,198958,198966,198966,198978,198992,198961,198966
199031,199051,199067,199074,199120,199040,199060,199073,199034,199044,199053,199053,199065,199083,199048,199053
199120,199140,199157,199164,199213,199129,199149,199162,199123,199133,199142,199142,199155,199167,199136,199142
199213,199234,199252,199259,199306,199223,199243,199256,199217,199227,199236,199236,199250,199267,199231,199236
199306,199326,199344,199352,199395,199316,199335,199349,199310,199320,199330,199330,199341,199354,199324,199330
199395,199416,199433,199439,199485,199405,199425,199438,199399,199410,199418,199418,199430,199444,199413,199418
199485,199506,199523,199529,199578,199495,199515,199528,199489,199499,199508,199508,199521,199533,199502,199508
199578,199599,199616,199623,199669,199588,199608,199622,199582,199593,199601,199601,199614,199627,199596,199601
199669,199690,199708,199716,199755,199680,199698,199713,199674,199684,199692,199692,199706,199718,199688,199692
199755,199775,199792,199798,199837,199765,199784,199797,199759,199769,199777,199777,199790,199802,199772,199777
199837,199858,199876,199882,199918,199848,199867,199881,199841,199852,199862,199862,199873,199885,199856,199862
199918,199937,199953,199960,199996,199927,199945,199959,199921,199931,199939,199939,199950,199964,199934,199939
199996,200015,200033,200040,200073,200005,200023,200037,199999,200009,200017,200017,200030,200041,200012,200017
200073,200092,200109,200117,200147,200082,200101,200113,200076,200086,200094,200094,200106,200119,200089,200094
200147,200165,200183,200189,200216,200156,200174,200188,200150,200160,200168,200168,200180,200194,200163,200168
200216,200234,200251,200257,200284,200225,200242,200256,200219,200229,200236,200236,200248,200260,200233,200236
200284,200302,200319,200326,200356,200292,200311,200324,200286,200296,200304,200304,200316,200329,200299,200304
200356,200376,200391,200398,200437,200366,200384,200397,200359,200369,200377,200377,200389,200403,200372,200377
200437,200458,200475,200481,200523,200447,200467,200480,200441,200451,200461,200461,200473,200484,200454,200461
200523,200542,200558,200565,200603,200532,200551,200563,200526,200536,200545,200545,200556,200565,200539,200545
200603,200623,200640,200648,200684,200612,200631,200645,200606,200616,200624,200624,200638,200650,200619,200624
200684,200704,200720,200728,200765,200694,200712,200727,200688,200698,200706,200706,200718,200738,200701,200706
200765,200785,200801,200807,200843,200774,200792,200806,200768,200778,200786,200786,200798,200810,200781,200786
200843,200863,200878,200886,200919,200852,200870,200883,200846,200856,200863,200863,200875,200888,200859,200863
200919,200938,200954,200962,200995,200928,200945,200959,200921,200932,200939,200939,200951,200965,200935,200939
200995,201014,201031,201036,201073,201004,201023,201035,200998,201008,201016,201016,201028,201043,201011,201016
201073,201094,201110,201115,201155,201082,201101,201114,201076,201087,201094,201094,201107,201118,201089,201094
201155,201175,201191,201197,201238,201164,201183,201196,201158,201169,201177,201177,201189,201200,201172,201177
201238,201258,201274,201280,201317,201248,201266,201279,201242,201252,201260,201260,201271,201284,201255,201260
201317,201337,201354,201359,201394,201326,201344,201358,201320,201330,201337,201337,201351,201363,201333,201337
201394,201413,201430,201438,201469,201403,201422,201435,201397,201406,201415,201415,201427,201444,201409,201415
201469,201487,201504,201512,201544,201478,201495,201510,201472,201482,201489,201489,201500,201515,201485,201489
201544,201564,201580,201587,201626,201554,201572,201585,201548,201557,201565,201565,201577,201590,201560,201565
201626,201645,201662,201669,201711,201635,201653,201666,201629,201639,201650,201650,201660,201670,201642,201650
201711,201730,201747,201756,201793,201720,201737,201752,201715,201724,201733,201733,201745,201757,201728,201733
201793,201812,201828,201836,201877,201802,201820,201832,201796,201807,201815,201815,201826,201836,201810,201815
201877,201897,201913,201920,201961,201886,201904,201917,201879,201889,201897,201897,201910,201921,201892,201897
201961,201982,201997,202003,202044,201970,201990,202000,201963,201974,201984,201984,201995,202005,201978,201984
202044,202064,202080,202086,202129,202054,202072,202085,202048,202058,202067,202067,202077,202091,202061,202067
202129,202148,202164,202170,202207,202138,202156,202169,202132,202142,202149,202149,202161,202174,202145,202149
202207,202226,202243,202248,202285,202216,202235,202246,202209,202220,202229,202229,202240,202252,202223,202229
202285,202305,202321,202327,202366,202295,202313,202326,202288,202299,202308,202308,202319,202332,202302,202308
202366,202386,202402,202407,202447,202375,202394,202406,202368,202378,202386,202386,202400,202410,202381,202386
202447,202467,202483,202488,202528,202457,202476,202487,202451,202461,202469,202469,202481,202499,202464,202469
202528,202548,202564,202570,202607,202537,202556,202567,202531,202542,202551,202551,202562,202572,202545,202551
202607,202626,202640,202646,202687,202616,202633,202645,202610,202619,202627,202627,202637,202649,202622,202627
202687,202707,202722,202732,202770,202696,202715,202731,202690,202700,202708,202708,202719,202736,202703,202708
202770,202791,202807,202812,202854,202780,202799,202811,202773,202784,202792,202792,202805,202816,202787,202792
202854,202875,202890,202899,202940,202864,202882,202896,202858,202868,202876,202876,202888,202901,202871,202876
202940,202959,202977,202984,203020,202949,202967,202981,202944,202953,202962,202962,202975,202985,202956,202962
203020,203040,203054,203061,203095,203029,203047,203060,203023,203032,203038,203041,203051,203067,203035,203041
203095,203114,203130,203135,203169,203104,203123,203134,203098,203108,203117,203117,203128,203145,203111,203117
203169,203189,203205,203210,203243,203178,203196,203209,203172,203182,203189,203189,203203,203213,203185,203189
203243,203263,203279,203286,203317,203252,203270,203283,203246,203256,203262,203262,203276,203288,203258,203262
203317,203337,203352,203359,203392,203326,203344,203356,203320,203330,203337,203337,203350,203360,203333,203337
203392,203410,203427,203435,203468,203400,203418,203432,203394,203404,203411,203411,203423,203438,203407,203411
203468,203488,203504,203510,203550,203477,203496,203508,203471,203481,203488,203488,203502,203517,203483,203488
203550,203571,203586,203590,203636,203560,203579,203589,203554,203563,203571,203571,203583,203593,203566,203571
203636,203656,203672,203679,203717,203646,203664,203677,203640,203650,203657,203657,203670,203687,203653,203657
203717,203736,203752,203757,203793,203726,203744,203756,203720,203730,203739,203739,203750,203761,203734,203739
203793,203814,203829,203836,203872,203804,203821,203835,203797,203808,203814,203814,203827,203845,203811,203814
203872,203892,203908,203913,203952,203882,203900,203912,203876,203886,203894,203894,203905,203922,203889,203894
203952,203973,203988,203993,204035,203962,203980,203992,203956,203966,203973,203973,203986,203995,203968,203973
204035,204056,204073,204079,204121,204045,204064,204076,204039,204049,204058,204058,204071,204080,204052,204058
204121,204140,204155,204162,204200,204129,204148,204158,204123,204133,204142,204142,204153,204162,204136,204142
204200,204221,204236,204241,204279,204210,204228,204239,204204,204214,204221,204222,204233,204242,204216,204222
204279,204299,204315,204319,204359,204288,204307,204318,204282,204292,204299,204299,204312,204323,204295,204299
204359,204379,204396,204401,204441,204369,204388,204399,204362,204372,204381,204381,204393,204404,204375,204381
204441,204462,204477,204482,204525,204450,204469,204481,204444,204453,204460,204461,204474,204485,204456,204461
204525,204545,204560,204567,204606,204534,204553,204564,204528,204538,204547,204547,204558,204570,204541,204547
204606,204625,204639,204645,204683,204615,204632,204644,204609,204619,204626,204626,204637,204653,204621,204626
204683,204703,204719,204724,204757,204692,204710,204723,204686,204696,204702,204702,204716,204727,204698,204702
204757,204777,204792,204800,204832,204766,204785,204797,204760,204770,204776,204780,204790,204802,204773,204780
204832,204852,204867,204874,204910,204841,204859,204871,204834,204845,204852,204852,204865,204876,204847,204852
204910,204931,204946,204953,204995,204919,204938,204950,204913,204923,204931,204931,204944,204957,204926,204931
204995,205017,205032,205037,205083,205005,205024,205036,204998,205009,205016,205016,205030,205042,205012,205016
205083,205105,205119,205126,205170,205093,205112,205123,205087,205097,205105,205105,205117,205129,205100,205105
205170,205190,205205,205213,205252,205179,205198,205209,205173,205183,205192,205192,205203,205214,205186,205192
205252,205272,205288,205294,205330,205261,205280,205292,205254,205265,205272,205272,205286,205297,205268,205272
205330,205351,205366,205371,205410,205340,205358,205370,205333,205344,205352,205352,205363,205375,205347,205352
205410,205431,205446,205451,205493,205419,205438,205450,205413,205423,205431,205431,205444,205455,205426,205431
205493,205514,205528,205533,205579,205502,205521,205532,205496,205505,205512,205514,205526,205538,205508,205514
205579,205600,205617,205624,205665,205588,205608,205620,205582,205593,205603,205603,205615,205624,205596,205603
205665,205686,205701,205709,205747,205674,205694,205705,205669,205678,205685,205688,205699,205713,205681,205688
205747,205767,205782,205787,205828,205756,205774,205786,205750,205760,205767,205767,205780,205793,205763,205767
205828,205849,205864,205870,205907,205837,205857,205868,205831,205840,205847,205850,205862,205872,205843,205850
205907,205928,205943,205947,205983,205916,205935,205946,205910,205920,205926,205930,205940,205950,205922,205930
205983,206004,206019,206023,206060,205993,206011,206022,205986,205997,206003,206003,206016,206028,205999,206003
206060,206081,206096,206100,206139,206070,206088,206099,206063,206074,206081,206081,206094,206104,206077,206081
206139,206160,206175,206180,206222,206149,206167,206179,206143,206153,206160,206160,206173,206184,206156,206160
206222,206244,206258,206262,206306,206231,206250,206261,206225,206236,206244,206244,206255,206265,206239,206244
206306,206327,206342,206348,206387,206316,206334,206346,206310,206320,206328,206328,206340,206351,206323,206328
206387,206408,206422,206427,206468,206396,206415,206426,206390,206400,206406,206409,206420,206431,206403,206409
206468,206490,206504,206509,206551,206478,206497,206508,206472,206482,206489,206489,206502,206512,206484,206489
206551,206573,206587,206593,206636,206561,206580,206591,206555,206564,206571,206574,206585,206596,206567,206574
206636,206657,206671,206679,206717,206645,206664,206676,206639,206649,206657,206658,206669,206682,206652,206658
206717,206739,206753,206758,206802,206727,206746,206757,206721,206731,206738,206741,206751,206760,206734,206741
206802,206822,206838,206843,206889,206811,206830,206842,206805,206815,206824,206824,206836,206847,206819,206824
206889,206911,206926,206931,206978,206898,206918,206930,206892,206902,206909,206911,206924,206934,206905,206911
206978,207001,207014,207019,207065,206987,207007,207018,206981,206991,206997,207001,207012,207023,206994,207001
207065,207086,207101,207107,207146,207074,207093,207105,207068,207078,207084,207086,207099,207111,207080,207086
207146,207169,207183,207187,207228,207157,207176,207186,207151,207161,207168,207168,207181,207190,207163,207168
207228,207251,207264,207268,207308,207238,207257,207267,207231,207241,207247,207250,207262,207272,207244,207250
207308,207331,207344,207350,207389,207319,207337,207349,207313,207323,207329,207331,207342,207355,207325,207331
207389,207411,207425,207432,207470,207400,207418,207428,207394,207403,207409,207412,207422,207433,207406,207412
207470,207489,207504,207511,207546,207479,207496,207507,207473,207483,207491,207491,207502,207511,207486,207491
207546,207567,207581,207586,207629,207555,207574,207585,207549,207559,207565,207569,207579,207589,207561,207569
207629,207652,207666,207670,207719,207640,207659,207669,207633,207643,207651,207653,207664,207674,207646,207653
207719,207741,207756,207764,207808,207729,207748,207760,207723,207733,207741,207741,207754,207765,207736,207741
207808,207830,207845,207850,207891,207817,207838,207848,207811,207821,207828,207833,207843,207852,207824,207830
207891,207912,207927,207935,207972,207902,207919,207932,207896,207906,207914,207914,207925,207938,207909,207914
207972,207989,208005,208012,208047,207980,207997,208008,207974,207983,207992,207992,208003,208012,207986,207992
208047,208067,208082,208088,208121,208055,208075,208084,208049,208059,208066,208070,208079,208089,208062,208070
208121,208141,208156,208161,208194,208130,208148,208158,208124,208133,208141,208143,208153,208163,208136,208143
208194,208216,208228,208232,208272,208203,208221,208231,208196,208206,208212,208216,208225,208234,208209,208216
208272,208294,208307,208312,208360,208281,208300,208311,208275,208285,208293,208293,208305,208317,208288,208293
208360,208383,208395,208401,208459,208369,208389,208400,208363,208373,208379,208382,208393,208404,208375,208382
208459,208483,208496,208502,208554,208469,208490,208500,208463,208472,208480,208484,208494,208505,208476,208484
208554,208577,208590,208597,208648,208564,208583,208594,208558,208568,208576,208576,208588,208600,208570,208576
208648,208671,208684,208690,208743,208658,208678,208690,208651,208662,208668,208668,208682,208695,208665,208668
208743,208766,208780,208787,208840,208754,208773,208784,208748,208758,208766,208766,208778,208789,208761,208766
208840,208863,208878,208884,208938,208850,208870,208881,208844,208854,208863,208863,208876,208886,208857,208863
208938,208960,208975,208982,209028,208949,208968,208979,208942,208953,208961,208961,208973,208984,208956,208961
209028,209049,209065,209072,209118,209038,209056,209068,209032,209041,209050,209050,209062,209074,209044,209050
209118,209139,209156,209161,209214,209129,209149,209160,209123,209133,209142,209142,209154,209165,209136,209142
209214,209235,209252,209257,209309,209224,209244,209256,209218,209228,209237,209238,209250,209261,209231,209238
209309,209330,209347,209354,209406,209320,209340,209352,209314,209324,209333,209335,209345,209357,209327,209335
209406,209426,209444,209450,209501,209416,209436,209449,209411,209420,209430,209430,209442,209454,209424,209430
209501,209521,209539,209546,209594,209511,209532,209543,209505,209515,209525,209526,209537,209548,209518,209526
209594,209614,209632,209639,209685,209605,209624,209636,209599,209609,209618,209618,209629,209641,209612,209618
209685,209705,209724,209731,209780,209695,209715,209728,209689,209699,209710,209710,209722,209733,209703,209710
209780,209800,209819,209825,209875,209791,209811,209824,209785,209795,209805,209805,209817,209828,209798,209805
209875,209895,209914,209922,209967,209886,209906,209918,209880,209890,209900,209900,209912,209923,209893,209900
209967,209987,210004,210012,210056,209977,209996,210009,209972,209982,209991,209991,210002,210013,209985,209991
210056,210076,210094,210101,210148,210066,210085,210098,210061,210071,210080,210080,210092,210103,210074,210080
210148,210170,210187,210194,210242,210160,210180,210193,210154,210164,210173,210173,210185,210198,210167,210173
210242,210263,210281,210287,210335,210253,210273,210286,210247,210258,210267,210267,210279,210290,210261,210267
210335,210355,210372,210378,210419,210345,210364,210376,210339,210349,210358,210358,210370,210381,210353,210358
210419,210440,210456,210463,210507,210430,210448,210462,210423,210434,210442,210442,210454,210468,210437,210442
210507,210530,210544,210550,210595,210517,210537,210549,210510,210521,210528,210531,210542,210553,210524,210531
210595,210617,210631,210635,210670,210605,210624,210634,210598,210609,210618,210618,210628,210637,210612,210618
210670,210690,210706,210714,210739,210679,210698,210711,210673,210683,210692,210692,210704,210720,210686,210692
210739,210757,210774,210782,210805,210747,210765,210777,210741,210752,210760,210760,210771,210781,210755,210760
210805,210822,210839,210844,210871,210813,210830,210843,210807,210818,210826,210826,210836,210848,210821,210826
210871,210889,210906,210918,210941,210881,210898,210911,210875,210885,210894,210894,210904,210915,210889,210894
210941,210958,210974,210981,211008,210949,210965,210977,210942,210953,210960,210960,210971,210983,210957,210960
211008,211026,211041,211049,211078,211017,211033,211046,211011,211021,211027,211027,211038,211053,211024,211027
211078,211097,211113,211120,211149,211087,211103,211116,211081,211092,211100,211100,211110,211121,211096,211100
211149,211166,211183,211191,211219,211158,211173,211187,211152,211162,211169,211169,211179,211192,211166,211169
211219,211236,211253,211257,211284,211228,211243,211256,211222,211232,211236,211236,211250,211260,211236,211255
211284,211303,211319,211329,211354,211295,211310,211324,211289,211300,211310,211310,211316,211328,211310,211321
211354,211371,211388,211397,211421,211363,211377,211391,211356,211367,211373,211373,211384,211397,211373,211391
211421,211438,211455,211463,211488,211430,211445,211459,211424,211435,211443,211443,211451,211464,211443,211458
211488,211506,211523,211532,211556,211498,211513,211526,211492,211502,211508,211508,211519,211532,211508,211525
211556,211572,211589,211598,211618,211564,211580,211592,211558,211568,211575,211575,211585,211597,211572,211575
211618,211636,211652,211660,211682,211628,211643,211655,211622,211633,211640,211640,211649,211665,211638,211640
211682,211699,211715,211723,211746,211691,211705,211718,211685,211696,211702,211702,211711,211723,211702,211718
211746,211762,211778,211787,211810,211754,211769,211782,211748,211759,211768,211768,211774,211787,211768,211779
211810,211827,211844,211852,211876,211820,211833,211848,211814,211824,211829,211829,211840,211854,211829,211846
211876,211893,211909,211918,211942,211885,211899,211913,211879,211890,211899,211899,211905,211919,211899,211911
211942,211960,211975,211984,212009,211952,211966,211979,211946,211957,211966,211966,211972,211984,211966,211977
212009,212027,212042,212052,212075,212019,212033,212047,212013,212024,212032,212032,212039,212052,212032,212045
212075,212092,212108,212117,212139,212084,212098,212111,212078,212089,212096,212096,212104,212116,212096,212110
212139,212156,212171,212181,212202,212148,212162,212175,212142,212153,212160,212160,212167,212180,212160,212173
212202,212218,212234,212242,212264,212211,212224,212237,212205,212216,212222,212222,212230,212242,212222,212235
212264,212280,212296,212305,212328,212273,212286,212299,212267,212278,212284,212284,212292,212304,212284,212298
212328,212344,212359,212368,212392,212337,212350,212362,212331,212341,212348,212348,212356,212367,212348,212361
212392,212408,212424,212433,212456,212401,212414,212427,212395,212405,212412,212412,212420,212432,212412,212425
212456,212473,212489,212498,212522,212466,212480,212492,212460,212471,212478,212478,212486,212496,212478,212491
212522,212539,212554,212564,212587,212531,212545,212557,212526,212536,212544,212544,212551,212562,212544,212556
212587,212603,212619,212628,212650,212596,212609,212622,212590,212600,212606,212606,212615,212627,212606,212621
212650,212666,212682,212690,212713,212659,212672,212684,212653,212664,212670,212670,212678,212689,212670,212683
212713,212730,212745,212754,212778,212722,212735,212748,212717,212727,212733,212733,212742,212752,212733,212747
212778,212794,212810,212819,212843,212787,212800,212813,212781,212792,212798,212798,212806,212818,212798,212811
212843,212860,212875,212884,212909,212853,212866,212878,212847,212857,212864,212864,212872,212883,212864,212877
212909,212926,212941,212951,212975,212919,212932,212945,212913,212923,212931,212931,212938,212950,212931,212943
212975,212992,213007,213017,213041,212984,212998,213011,212979,212989,212995,212995,213004,213016,212995,213009
213041,213057,213073,213082,213106,213050,213063,213076,213044,213055,213061,213061,213069,213081,213061,213075
213106,213123,213139,213148,213171,213116,213129,213142,213110,213121,213126,213126,213135,213147,213126,213140
213171,213188,213204,213213,213235,213181,213194,213207,213175,213186,213192,213192,213200,213212,213192,213205
213235,213251,213267,213277,213297,213244,213257,213270,213239,213249,213255,213255,213263,213275,213255,213269
213297,213314,213329,213339,213359,213306,213320,213333,213301,213311,213318,213318,213326,213338,213318,213331
213359,213376,213392,213401,213422,213369,213382,213395,213363,213373,213381,213381,213388,213400,213381,213393
213422,213439,213455,213464,213487,213432,213445,213458,213426,213436,213441,213441,213451,213463,213441,213457
213487,213504,213520,213529,213553,213497,213510,213523,213491,213501,213506,213506,213516,213528,213506,213522
213553,213570,213586,213595,213621,213563,213576,213589,213557,213568,213574,213574,213582,213594,213574,213587
213621,213638,213653,213663,213689,213630,213644,213657,213625,213635,213641,213641,213650,213662,213641,213655
213689,213707,213723,213732,213759,213700,213714,213726,213694,213705,213713,213713,213719,213731,213713,213724
213759,213777,213792,213802,213827,213769,213783,213796,213764,213774,213781,213781,213789,213801,213781,213795
213827,213844,213860,213869,213892,213837,213850,213863,213831,213841,213849,213849,213856,213868,213849,213861
213892,213909,213925,213935,213955,213901,213916,213928,213896,213906,213914,213914,213922,213934,213910,213914
213955,213972,213988,213996,214016,213965,213979,213991,213959,213970,213979,213979,213984,213996,213979,213989
214016,214033,214049,214057,214077,214026,214039,214052,214020,214031,214038,214038,214045,214056,214038,214050
214077,214094,214109,214119,214138,214087,214100,214112,214081,214092,214099,214099,214105,214117,214099,214110
214138,214154,214170,214178,214198,214147,214160,214172,214141,214152,214159,214159,214166,214176,214159,214171
214198,214215,214231,214240,214259,214208,214221,214234,214202,214213,214220,214220,214227,214239,214220,214232
214259,214275,214291,214299,214318,214268,214281,214293,214262,214272,214280,214280,214287,214298,214280,214292
214318,214334,214350,214358,214376,214326,214340,214352,214320,214332,214339,214339,214346,214357,214339,214351
214376,214393,214408,214417,214436,214385,214398,214411,214379,214390,214397,214397,214404,214416,214397,214409
214436,214452,214468,214477,214496,214445,214458,214470,214439,214450,214457,214457,214463,214475,214457,214468
214496,214512,214528,214537,214559,214505,214518,214531,214499,214510,214516,214516,214524,214536,214516,214530
214559,214575,214590,214598,214623,214568,214581,214593,214562,214573,214579,214579,214586,214598,214579,214591
214623,214640,214655,214664,214688,214632,214645,214658,214626,214637,214644,214644,214651,214663,214644,214656
214688,214705,214720,214729,214753,214697,214711,214724,214691,214702,214709,214709,214717,214728,214709,214722
214753,214769,214785,214795,214817,214762,214775,214788,214756,214767,214775,214775,214782,214793,214775,214787
214817,214833,214849,214859,214879,214826,214839,214852,214820,214831,214837,214837,214846,214857,214837,214850
214879,214895,214911,214921,214940,214888,214901,214914,214882,214893,214899,214899,214907,214919,214899,214913
214940,214956,214972,214981,215000,214949,214962,214975,214943,214954,214959,214959,214968,214979,214959,214973
215000,215016,215032,215041,215060,215009,215022,215035,215003,215014,215019,215019,215028,215040,215019,215033
215060,215076,215092,215101,215119,215069,215082,215095,215063,215074,215080,215080,215087,215101,215080,215092
215119,215135,215151,215160,215178,215128,215141,215154,215122,215133,215140,215140,215146,215160,215140,215151
215178,215194,215210,215220,215235,215187,215200,215213,215181,215192,215198,215198,215205,215220,215198,215210
215235,215251,215267,215277,215292,215245,215257,215270,215239,215250,215256,215256,215263,215276,215256,215268
215292,215308,215324,215333,215348,215301,215314,215326,215295,215306,215313,215313,215319,215332,215313,215324
215348,215363,215379,215387,215404,215356,215369,215381,215351,215361,215368,215368,215374,215386,215368,215379
215404,215419,215435,215443,215458,215412,215424,215437,215406,215417,215423,215423,215430,215443,215423,215434
215458,215474,215490,215499,215515,215467,215480,215493,215461,215472,215478,215478,215485,215499,215478,215490
215515,215530,215546,215554,215573,215523,215536,215549,215517,215528,215534,215534,215541,215555,215534,215546
215573,215588,215604,215611,215630,215581,215594,215606,215575,215585,215591,215591,215599,215611,215591,215604
215630,215647,215662,215670,215692,215640,215653,215665,215634,215644,215649,215649,215658,215670,215649,215663
215692,215708,215723,215730,215753,215700,215713,215725,215694,215705,215710,215710,215719,215730,215710,215724
215753,215769,215785,215792,215814,215761,215774,215787,215755,215766,215770,215770,215781,215793,215770,215786
215814,215830,215846,215854,215875,215823,215836,215849,215817,215827,215835,215835,215842,215854,215835,215847
215875,215890,215907,215915,215934,215883,215896,215909,215877,215888,215892,215892,215903,215914,215892,215908
215934,215950,215966,215974,215993,215942,215955,215969,215937,215947,215952,215952,215962,215974,215952,215967
215993,216009,216024,216032,216052,216001,216014,216026,215995,216006,216013,216013,216020,216031,216013,216025
216052,216067,216084,216092,216110,216060,216073,216086,216054,216064,216073,216073,216079,216091,216073,216085
216110,216126,216141,216151,216169,216118,216131,216144,216113,216123,216130,216130,216137,216153,216130,216141
216169,216184,216200,216209,216227,216177,216190,216202,216171,216182,216189,216189,216196,216210,216189,216200
216227,216242,216258,216266,216284,216235,216248,216260,216229,216240,216246,216246,216253,216266,216246,216259
216284,216300,216315,216324,216341,216292,216305,216318,216286,216297,216303,216303,216311,216324,216303,216316
216341,216356,216372,216380,216397,216349,216362,216374,216343,216354,216359,216359,216368,216379,216359,216373
216397,216412,216428,216435,216452,216405,216417,216430,216399,216410,216415,216415,216423,216435,216415,216429
216452,216468,216484,216491,216509,216461,216473,216486,216455,216466,216472,216472,216479,216492,216472,216484
216509,216524,216540,216548,216566,216517,216530,216542,216511,216522,216528,216528,216535,216550,216528,216540
216566,216581,216597,216606,216625,216575,216587,216600,216569,216579,216585,216585,216592,216606,216585,216598
216625,216640,216656,216664,216684,216633,216646,216658,216628,216638,216643,216643,216651,216665,216643,216656
216684,216700,216715,216724,216745,216693,216705,216718,216687,216697,216703,216703,216711,216724,216703,216716
216745,216760,216776,216784,216806,216753,216766,216778,216748,216758,216764,216764,216771,216783,216764,216776
216806,216821,216837,216845,216866,216814,216827,216839,216809,216819,216826,216826,216833,216844,216826,216837
216866,216883,216898,216907,216928,216876,216888,216901,216870,216880,216887,216887,216894,216906,216887,216899
216928,216944,216960,216969,216991,216937,216950,216963,216932,216942,216947,216947,216956,216968,216947,216962
216991,217007,217023,217032,217054,217000,217013,217025,216994,217005,217011,217011,217019,217030,217011,217024
217054,217070,217086,217096,217115,217063,217076,217089,217057,217068,217073,217073,217082,217094,217073,217087
217115,217131,217147,217157,217176,217124,217137,217150,217118,217129,217135,217135,217143,217155,217135,217148
217176,217191,217207,217216,217235,217184,217197,217210,217178,217189,217195,217195,217203,217215,217195,217208
217235,217250,217267,217276,217294,217244,217256,217269,217238,217248,217254,217254,217263,217274,217254,217268
217294,217309,217326,217335,217353,217303,217315,217328,217297,217307,217313,217313,217321,217333,217313,217327
217353,217368,217385,217394,217411,217361,217374,217387,217356,217366,217372,217372,217380,217393,217372,217386
217411,217427,217442,217451,217469,217420,217432,217444,217414,217424,217431,217431,217438,217450,217431,217442
217469,217484,217500,217508,217526,217477,217490,217502,217472,217482,217487,217487,217496,217507,217487,217501
217526,217542,217557,217566,217584,217535,217547,217560,217529,217540,217545,217545,217553,217565,217545,217558
217584,217600,217615,217623,217643,217593,217605,217617,217587,217597,217603,217603,217611,217622,217603,217615
217643,217659,217674,217683,217704,217652,217665,217677,217647,217657,217663,217663,217670,217682,217663,217675
217704,217720,217735,217743,217765,217713,217725,217738,217707,217717,217723,217723,217731,217742,217723,217736
217765,217781,217796,217805,217828,217774,217787,217799,217769,217779,217785,217785,217792,217805,217785,217797
217828,217844,217859,217868,217892,217837,217850,217862,217831,217841,217848,217848,217855,217868,217848,217860
217892,217908,217924,217933,217956,217901,217914,217927,217896,217906,217911,217911,217920,217932,217911,217926
217956,217973,217989,217998,218020,217966,217978,217991,217960,217970,217975,217975,217985,217996,217975,217990
218020,218036,218052,218061,218082,218029,218042,218055,218023,218034,218040,218040,218048,218059,218040,218053
218082,218098,218114,218122,218143,218091,218104,218116,218085,218096,218103,218103,218110,218121,218103,218115
218143,218158,218174,218183,218202,218151,218164,218176,218146,218156,218163,218163,218170,218181,218163,218175
218202,218218,218234,218243,218262,218212,218224,218237,218206,218216,218223,218223,218230,218241,218223,218235
218262,218279,218295,218303,218323,218272,218285,218297,218266,218276,218283,218283,218291,218302,218281,218283
218323,218340,218355,218363,218384,218333,218346,218358,218327,218338,218346,218346,218352,218362,218346,218356
218384,218401,218416,218425,218446,218394,218407,218419,218388,218399,218407,218407,218412,218424,218407,218417
218446,218463,218478,218486,218507,218456,218469,218481,218450,218461,218468,218468,218474,218485,218468,218479
218507,218524,218539,218548,218568,218517,218529,218542,218511,218522,218528,218528,218535,218547,218528,218540
218568,218584,218600,218608,218628,218577,218590,218602,218572,218582,218589,218589,218596,218607,218589,218601
218628,218644,218660,218667,218687,218637,218650,218662,218632,218642,218648,218648,218656,218667,218648,218660
218687,218704,218719,218727,218747,218696,218709,218721,218691,218701,218708,218708,218715,218726,218708,218719
218747,218763,218778,218786,218806,218756,218768,218781,218750,218760,218766,218766,218774,218785,218766,218779
218806,218822,218838,218845,218866,218815,218828,218841,218809,218820,218826,218826,218834,218845,218826,218839
218866,218882,218897,218905,218925,218874,218887,218900,218869,218879,218884,218884,218893,218905,218884,218898
218925,218942,218958,218966,218986,218934,218947,218960,218929,218939,218945,218945,218953,218966,218945,218959
218986,219002,219018,219027,219047,218995,219008,219021,218989,219000,219005,219005,219014,219026,219005,219020
219047,219063,219079,219087,219107,219056,219069,219082,219050,219061,219066,219066,219075,219087,219066,219080
219107,219123,219139,219147,219166,219116,219129,219141,219110,219121,219127,219127,219135,219146,219127,219140
219166,219182,219198,219206,219224,219175,219188,219200,219169,219180,219186,219186,219193,219205,219186,219198
219224,219240,219256,219264,219282,219233,219246,219258,219227,219238,219244,219244,219251,219263,219244,219256
219282,219297,219313,219321,219339,219290,219303,219315,219285,219295,219302,219302,219309,219321,219302,219313
219339,219355,219370,219378,219396,219348,219360,219373,219342,219353,219359,219359,219366,219378,219359,219371
219396,219412,219428,219437,219453,219405,219417,219431,219399,219410,219416,219416,219423,219437,219416,219428
219453,219469,219485,219493,219510,219462,219474,219487,219456,219467,219473,219473,219480,219493,219473,219486
219510,219525,219542,219549,219566,219518,219531,219544,219513,219523,219529,219529,219537,219548,219529,219542
219566,219581,219597,219606,219621,219575,219587,219600,219569,219579,219586,219586,219593,219605,219586,219597
219621,219637,219652,219660,219676,219630,219642,219654,219624,219635,219641,219641,219647,219660,219641,219651
219676,219692,219708,219716,219731,219685,219697,219710,219679,219690,219696,219696,219703,219715,219696,219708
219731,219747,219762,219770,219788,219740,219752,219764,219734,219745,219751,219751,219757,219770,219751,219762
219788,219803,219819,219827,219845,219796,219809,219821,219791,219801,219808,219808,219814,219827,219808,219819
219845,219862,219877,219885,219906,219855,219867,219880,219849,219860,219866,219866,219873,219885,219866,219877
219906,219922,219938,219947,219969,219915,219928,219941,219910,219920,219926,219926,219934,219946,219926,219939
219969,219985,220001,220010,220031,219978,219991,220004,219972,219983,219989,219989,219997,220009,219989,220002
220031,220048,220064,220074,220093,220041,220054,220067,220035,220046,220052,220052,220060,220072,220052,220065
220093,220109,220125,220135,220153,220102,220115,220128,220097,220107,220114,220114,220121,220133,220114,220126
220153,220169,220185,220195,220213,220162,220175,220188,220156,220167,220173,220173,220181,220193,220173,220186
220213,220228,220244,220253,220272,220221,220234,220247,220216,220226,220232,220232,220240,220253,220232,220245
220272,220287,220304,220313,220330,220280,220293,220306,220275,220285,220291,220291,220299,220312,220291,220304
220330,220346,220363,220372,220389,220339,220352,220366,220334,220344,220350,220350,220358,220371,220350,220364
220389,220405,220421,220431,220447,220398,220410,220424,220392,220403,220409,220409,220416,220430,220409,220422
220447,220463,220479,220488,220504,220456,220469,220482,220450,220461,220467,220467,220475,220487,220467,220480
220504,220520,220536,220545,220560,220513,220525,220538,220507,220518,220524,220524,220531,220544,220524,220537
220560,220575,220591,220599,220615,220568,220581,220593,220563,220573,220580,220580,220586,220599,220580,220591
220615,220630,220646,220655,220669,220624,220636,220648,220618,220629,220635,220635,220641,220654,220635,220646
220669,220684,220700,220708,220724,220678,220690,220702,220672,220683,220689,220689,220695,220708,220689,220700
220724,220739,220755,220763,220779,220732,220744,220757,220726,220737,220743,220743,220750,220763,220743,220754
220779,220794,220810,220818,220835,220787,220799,220812,220782,220792,220798,220798,220805,220817,220798,220809
220835,220851,220866,220875,220893,220844,220856,220869,220838,220849,220855,220855,220862,220874,220855,220866
220893,220909,220924,220933,220952,220902,220914,220927,220896,220907,220912,220912,220920,220932,220912,220924
220952,220968,220984,220993,221013,220962,220974,220987,220956,220966,220972,220972,220980,220992,220972,220985
221013,221029,221045,221054,221075,221022,221035,221048,221017,221027,221033,221033,221041,221053,221033,221046
221075,221091,221106,221115,221136,221084,221096,221109,221078,221089,221094,221094,221102,221113,221094,221107
221136,221152,221167,221176,221195,221145,221157,221170,221139,221149,221155,221155,221163,221175,221155,221168
221195,221211,221227,221236,221255,221204,221217,221230,221199,221209,221217,221217,221223,221235,221217,221228
221255,221271,221287,221296,221315,221264,221277,221290,221259,221269,221274,221274,221283,221294,221274,221288
221315,221330,221346,221355,221375,221324,221336,221349,221318,221328,221334,221334,221342,221354,221334,221347
221375,221390,221406,221416,221433,221383,221396,221409,221378,221388,221395,221395,221402,221414,221395,221407
221433,221449,221465,221475,221491,221442,221454,221468,221436,221446,221453,221453,221460,221474,221453,221465
221491,221506,221522,221531,221547,221499,221512,221525,221494,221504,221511,221511,221518,221530,221511,221522
221547,221562,221578,221585,221602,221555,221568,221580,221549,221560,221566,221566,221574,221585,221566,221579
221602,221617,221633,221640,221656,221610,221622,221634,221604,221615,221620,221620,221628,221639,221620,221633
221656,221671,221686,221693,221710,221664,221676,221688,221658,221668,221675,221675,221681,221692,221675,221686
221710,221725,221741,221749,221765,221718,221730,221743,221712,221723,221729,221729,221736,221748,221729,221741
221765,221779,221795,221802,221818,221773,221784,221797,221767,221777,221782,221782,221790,221802,221782,221795
221818,221833,221849,221857,221873,221826,221838,221851,221821,221831,221836,221836,221844,221857,221836,221848
221873,221887,221903,221911,221926,221880,221892,221905,221875,221885,221890,221890,221898,221912,221890,221902
221926,221941,221956,221966,221982,221934,221947,221959,221929,221939,221947,221947,221952,221968,221947,221956
221982,221996,222012,222019,222036,221989,222001,222013,221984,221994,222000,222000,222007,222018,222000,222012
222036,222051,222066,222073,222093,222045,222055,222067,222039,222049,222053,222053,222061,222072,222053,222066
222093,222107,222122,222130,222151,222101,222112,222124,222095,222105,222110,222110,222117,222128,222110,222121
222151,222165,222180,222187,222210,222159,222171,222181,222153,222162,222169,222169,222176,222185,222167,222169
222210,222226,222240,222248,222279,222219,222231,222243,222214,222223,222228,222228,222237,222247,222228,222241
222279,222294,222308,222318,222351,222287,222299,222311,222282,222292,222296,222296,222304,222317,222296,222309
222351,222367,222381,222390,222427,222360,222372,222383,222354,222364,222371,222371,222377,222389,222371,222382
222427,222442,222456,222465,222504,222435,222448,222459,222430,222439,222446,222446,222453,222464,222444,222446
222504,222518,222533,222544,222577,222511,222524,222537,222506,222515,222519,222519,222530,222543,222519,222535
222577,222593,222607,222616,222649,222585,222599,222610,222580,222589,222595,222595,222604,222617,222592,222595
222649,222666,222679,222689,222717,222658,222670,222683,222652,222663,222669,222669,222675,222690,222669,222680
222717,222734,222748,222757,222783,222727,222740,222752,222721,222731,222739,222739,222745,222758,222739,222749
222783,222799,222815,222823,222846,222792,222805,222818,222786,222797,222803,222803,222812,222822,222803,222817
222846,222862,222879,222886,222907,222855,222868,222881,222849,222859,222864,222864,222875,222885,222864,222880
222907,222923,222939,222947,222966,222915,222929,222941,222909,222920,222928,222928,222934,222945,222928,222939
222966,222981,222998,223006,223024,222974,222987,223000,222968,222979,222986,222986,222993,223006,222986,222998
223024,223039,223055,223063,223081,223032,223044,223057,223026,223036,223042,223042,223050,223063,223042,223056
223081,223096,223111,223119,223138,223089,223102,223114,223083,223093,223101,223101,223107,223121,223101,223111
223138,223153,223169,223176,223195,223146,223159,223170,223140,223150,223156,223156,223164,223175,223156,223169
223195,223211,223226,223234,223255,223204,223216,223229,223198,223208,223214,223214,223222,223234,223214,223227
223255,223270,223285,223292,223315,223263,223275,223287,223257,223268,223274,223274,223281,223292,223274,223286
223315,223330,223346,223352,223375,223323,223336,223347,223318,223328,223333,223333,223342,223352,223333,223347
223375,223391,223405,223412,223434,223383,223396,223407,223378,223388,223395,223395,223401,223412,223395,223406
223434,223450,223465,223473,223495,223443,223456,223468,223437,223448,223454,223454,223461,223472,223454,223466
223495,223511,223526,223533,223557,223504,223517,223529,223498,223508,223513,223513,223523,223533,223513,223528
223557,223573,223588,223595,223618,223566,223579,223590,223560,223570,223576,223576,223584,223595,223576,223589
223618,223635,223650,223656,223680,223628,223640,223652,223622,223632,223637,223637,223646,223656,223637,223651
223680,223696,223711,223719,223741,223689,223702,223714,223683,223693,223702,223702,223708,223719,223702,223712
223741,223757,223773,223781,223802,223750,223762,223775,223744,223754,223759,223759,223768,223780,223759,223774
223802,223818,223833,223840,223861,223811,223823,223835,223805,223815,223821,223821,223829,223840,223821,223834
223861,223877,223893,223900,223920,223870,223883,223895,223865,223875,223880,223880,223889,223899,223880,223893
223920,223936,223951,223958,223978,223929,223941,223953,223923,223933,223939,223939,223947,223958,223939,223952
223978,223994,224009,224016,224036,223987,223999,224011,223981,223991,223998,223998,224005,224015,223998,224009
224036,224052,224067,224074,224095,224045,224057,224069,224039,224049,224055,224055,224063,224074,224055,224068
224095,224111,224126,224134,224155,224104,224116,224129,224098,224108,224114,224114,224122,224134,224114,224127
224155,224171,224186,224193,224214,224164,224177,224188,224158,224169,224176,224176,224182,224193,224176,224187
224214,224231,224246,224253,224273,224223,224236,224248,224218,224228,224235,224235,224242,224253,224235,224247
224273,224289,224305,224312,224331,224282,224295,224307,224276,224287,224293,224293,224300,224312,224293,224305
224331,224348,224363,224370,224390,224341,224353,224365,224335,224345,224351,224351,224359,224369,224351,224364
224390,224406,224421,224428,224448,224398,224411,224423,224393,224403,224410,224410,224416,224429,224410,224421
224448,224464,224479,224486,224508,224457,224470,224481,224451,224462,224468,224468,224475,224486,224468,224480
224508,224523,224538,224546,224567,224516,224529,224540,224510,224521,224529,224529,224534,224545,224529,224539
224567,224583,224598,224605,224626,224575,224589,224600,224570,224580,224589,224589,224594,224604,224589,224598
224626,224642,224657,224664,224685,224635,224648,224659,224629,224640,224648,224648,224653,224663,224648,224657
224685,224701,224716,224724,224744,224694,224707,224719,224688,224699,224706,224706,224712,224724,224706,224717
224744,224760,224775,224783,224803,224753,224766,224777,224748,224758,224765,224765,224771,224782,224765,224776
224803,224818,224833,224841,224861,224811,224824,224835,224806,224816,224823,224823,224829,224840,224823,224834
224861,224876,224891,224899,224919,224869,224882,224893,224864,224874,224881,224881,224887,224898,224881,224891
224919,224935,224950,224957,224978,224928,224940,224952,224922,224932,224939,224939,224945,224957,224939,224950
224978,224995,225009,225018,225041,224988,225000,225012,224982,224993,224999,224999,225006,225016,224999,225010
225041,225057,225072,225080,225106,225050,225063,225075,225045,225055,225061,225061,225068,225080,225061,225073
225106,225122,225137,225145,225170,225115,225128,225139,225110,225120,225126,225126,225133,225144,225126,225138
225170,225188,225203,225212,225237,225181,225194,225206,225176,225186,225193,225193,225199,225211,225193,225204
225237,225254,225269,225278,225303,225247,225260,225273,225242,225252,225259,225259,225266,225278,225259,225270
225303,225320,225335,225344,225366,225313,225325,225338,225307,225317,225324,225324,225331,225342,225324,225336
225366,225382,225397,225406,225427,225375,225388,225400,225370,225380,225387,225387,225394,225405,225387,225398
225427,225443,225458,225466,225486,225436,225448,225460,225430,225441,225447,225447,225454,225465,225447,225458
225486,225501,225517,225525,225543,225494,225507,225520,225489,225499,225505,225505,225512,225526,225505,225517
225543,225559,225575,225583,225601,225552,225565,225577,225547,225557,225563,225563,225570,225584,225563,225575
225601,225617,225633,225641,225659,225610,225623,225635,225605,225615,225621,225621,225628,225640,225621,225633
225659,225675,225690,225699,225716,225668,225681,225693,225662,225673,225679,225679,225686,225699,225679,225691
225716,225732,225747,225754,225774,225725,225738,225749,225719,225730,225737,225737,225743,225753,225737,225748
225774,225790,225804,225810,225832,225782,225795,225806,225776,225787,225794,225794,225800,225810,225794,225804
225832,225848,225862,225869,225892,225840,225853,225865,225834,225845,225852,225852,225858,225869,225852,225862
225892,225909,225922,225929,225957,225901,225914,225925,225895,225906,225914,225914,225919,225931,225914,225923
225957,225974,225987,225995,226024,225966,225979,225990,225960,225970,225977,225977,225983,225996,225977,225988
226024,226040,226054,226061,226089,226032,226045,226057,226026,226036,226043,226043,226050,226063,226043,226055
226089,226105,226119,226126,226154,226098,226110,226121,226092,226102,226107,226107,226115,226127,226107,226120
226154,226169,226184,226194,226217,226162,226175,226187,226157,226166,226172,226172,226180,226192,226172,226185
226217,226232,226248,226256,226277,226225,226238,226250,226219,226229,226237,226237,226243,226255,226237,226248
226277,226292,226307,226316,226336,226285,226298,226309,226279,226289,226298,226298,226303,226315,226298,226307
226336,226350,226366,226375,226392,226344,226356,226368,226338,226348,226353,226353,226361,226377,226353,226366
226392,226408,226423,226431,226451,226402,226413,226426,226396,226406,226411,226411,226419,226430,226411,226424
226451,226465,226480,226490,226507,226458,226471,226482,226452,226463,226471,226471,226476,226491,226471,226479
226507,226522,226537,226544,226563,226515,226527,226539,226509,226520,226525,226525,226532,226543,226525,226537
226563,226578,226594,226601,226620,226572,226584,226595,226566,226576,226583,226583,226589,226600,226583,226594
226620,226636,226651,226658,226678,226629,226641,226654,226623,226633,226639,226639,226646,226659,226639,226651
226678,226694,226709,226714,226736,226686,226700,226711,226680,226691,226699,226699,226705,226715,226699,226710
226736,226752,226767,226773,226794,226744,226757,226769,226738,226749,226757,226757,226763,226776,226757,226767
226794,226809,226824,226830,226853,226802,226815,226826,226796,226807,226814,226814,226820,226833,226814,226824
226853,226870,226884,226890,226916,226862,226876,226887,226857,226867,226875,226875,226881,226892,226875,226885
226916,226932,226947,226951,226979,226924,226939,226950,226918,226928,226935,226935,226944,226955,226932,226935
226979,226996,227011,227017,227044,226988,227001,227014,226982,226993,226999,226999,227007,227019,226999,227013
227044,227061,227075,227081,227109,227053,227066,227077,227047,227058,227064,227064,227071,227082,227064,227076
227109,227125,227140,227147,227172,227117,227130,227142,227111,227121,227128,227128,227135,227147,227128,227141
227172,227188,227204,227210,227235,227181,227194,227206,227175,227186,227191,227191,227200,227210,227191,227205
227235,227251,227266,227274,227296,227243,227256,227269,227237,227248,227254,227254,227262,227274,227254,227268
227296,227312,227327,227335,227355,227304,227317,227330,227299,227309,227317,227317,227323,227335,227317,227328
227355,227371,227386,227393,227413,227364,227376,227388,227358,227368,227374,227374,227382,227393,227374,227387
227413,227429,227444,227451,227471,227422,227434,227446,227416,227426,227433,227433,227440,227451,227433,227445
227471,227487,227502,227510,227529,227480,227492,227504,227474,227484,227490,227490,227498,227510,227490,227503
227529,227545,227560,227568,227590,227538,227551,227563,227532,227542,227551,227551,227557,227567,227551,227561
227590,227605,227621,227628,227652,227598,227611,227623,227592,227603,227609,227609,227617,227627,227609,227622
227652,227668,227683,227690,227719,227661,227674,227686,227655,227666,227674,227674,227680,227691,227674,227684
227719,227737,227751,227758,227791,227729,227742,227754,227723,227734,227739,227739,227748,227759,227739,227753
227791,227810,227823,227828,227865,227802,227815,227826,227796,227806,227815,227815,227820,227831,227815,227825
227865,227883,227897,227904,227936,227875,227888,227900,227869,227880,227887,227887,227893,227906,227887,227898
227936,227954,227968,227975,228004,227946,227959,227971,227940,227951,227957,227957,227964,227976,227957,227970
228004,228021,228036,228043,228069,228013,228027,228038,228008,228018,228026,228026,228032,228044,228026,228037
228069,228086,228101,228108,228131,228078,228091,228103,228072,228083,228090,228090,228097,228108,228090,228101
228131,228148,228163,228171,228193,228141,228154,228166,228135,228146,228152,228152,228159,228172,228152,228165
228193,228210,228225,228233,228255,228202,228215,228228,228197,228207,228214,228214,228221,228233,228214,228227
228255,228271,228287,228294,228316,228264,228277,228289,228258,228269,228276,228276,228283,228294,228276,228288
228316,228332,228347,228354,228377,228325,228338,228350,228319,228330,228336,228336,228343,228354,228336,228348
228377,228393,228408,228415,228437,228386,228399,228410,228380,228391,228399,228399,228404,228415,228399,228409
228437,228454,228469,228477,228498,228446,228459,228471,228441,228451,228459,228459,228465,228475,228459,228469
228498,228514,228529,228537,228557,228506,228519,228531,228501,228511,228519,228519,228524,228535,228519,228529
228557,228573,228588,228595,228618,228566,228579,228590,228560,228571,228579,228579,228584,228594,228579,228588
228618,228634,228649,228657,228681,228627,228640,228651,228621,228632,228640,228640,228645,228656,228640,228650
228681,228697,228712,228720,228746,228690,228703,228715,228685,228695,228702,228702,228708,228720,228702,228713
228746,228763,228777,228786,228812,228756,228768,228780,228750,228760,228768,228768,228774,228785,228768,228778
228812,228829,228844,228853,228878,228822,228835,228847,228816,228827,228834,228834,228840,228852,228834,228845
228878,228895,228910,228919,228942,228888,228900,228913,228882,228892,228900,228900,228906,228918,228900,228911
228942,228958,228974,228982,229003,228951,228964,228976,228946,228956,228964,228964,228970,228981,228964,228975
229003,229020,229035,229043,229063,229012,229025,229037,229007,229017,229025,229025,229031,229041,229025,229035
229063,229078,229094,229102,229121,229071,229084,229096,229066,229076,229084,229084,229090,229100,229084,229094
229121,229137,229151,229159,229178,229130,229142,229154,229124,229134,229141,229141,229147,229160,229141,229151
229178,229194,229209,229217,229235,229187,229199,229212,229181,229192,229198,229198,229205,229218,229198,229209
229235,229251,229266,229273,229293,229244,229257,229269,229238,229249,229256,229256,229262,229273,229256,229266
229293,229309,229324,229331,229351,229302,229315,229327,229296,229306,229313,229313,229320,229332,229313,229325
229351,229367,229382,229388,229410,229360,229373,229385,229354,229364,229372,229372,229378,229389,229372,229383
229410,229426,229441,229446,229468,229418,229431,229442,229412,229423,229429,229429,229436,229447,229429,229441
229468,229484,229499,229505,229527,229477,229489,229501,229471,229481,229487,229487,229494,229506,229487,229499
229527,229543,229558,229564,229588,229535,229549,229560,229530,229540,229547,229547,229555,229564,229544,229547
229588,229604,229619,229626,229650,229597,229610,229621,229591,229601,229606,229606,229615,229626,229606,229620
229650,229667,229682,229688,229713,229659,229672,229684,229653,229663,229668,229668,229678,229690,229668,229683
229713,229729,229744,229750,229774,229721,229735,229746,229716,229726,229734,229734,229740,229751,229734,229745
229774,229790,229805,229811,229833,229782,229796,229807,229777,229787,229794,229794,229801,229811,229794,229806
229833,229849,229865,229871,229892,229842,229854,229867,229836,229846,229851,229851,229860,229872,229851,229866
229892,229908,229923,229929,229950,229900,229913,229925,229894,229905,229911,229911,229919,229930,229911,229924
229950,229966,229981,229988,230008,229958,229971,229983,229953,229963,229969,229969,229976,229989,229969,229982
230008,230024,230039,230047,230066,230017,230029,230042,230011,230021,230026,230026,230035,230048,230026,230040
230066,230082,230098,230105,230124,230075,230088,230100,230069,230080,230087,230087,230094,230105,230087,230098
230124,230139,230155,230161,230180,230132,230145,230157,230126,230137,230143,230143,230150,230162,230143,230154
230180,230196,230211,230218,230236,230189,230201,230213,230183,230193,230200,230200,230207,230219,230200,230211
230236,230252,230268,230274,230293,230245,230258,230269,230239,230250,230256,230256,230263,230274,230256,230268
230293,230309,230325,230332,230352,230302,230315,230327,230297,230307,230314,230314,230321,230331,230314,230325
230352,230368,230383,230389,230412,230361,230374,230385,230355,230366,230373,230373,230379,230389,230373,230384
230412,230429,230443,230449,230474,230421,230434,230445,230416,230426,230433,230433,230439,230450,230433,230443
230474,230491,230506,230513,230538,230484,230497,230509,230478,230489,230495,230495,230502,230514,230495,230506
230538,230555,230569,230576,230601,230548,230560,230572,230542,230552,230559,230559,230566,230577,230559,230570
230601,230617,230632,230639,230663,230610,230623,230635,230605,230615,230622,230622,230628,230639,230622,230633
230663,230679,230694,230701,230725,230672,230685,230697,230667,230677,230684,230684,230690,230701,230684,230695
230725,230741,230756,230763,230787,230734,230747,230758,230728,230739,230745,230745,230752,230763,230745,230756
230787,230803,230819,230824,230848,230796,230809,230821,230790,230800,230807,230807,230815,230826,230807,230819
230848,230865,230881,230888,230911,230858,230871,230884,230852,230862,230868,230868,230877,230888,230868,230882
230911,230927,230942,230949,230972,230920,230932,230945,230914,230924,230930,230930,230938,230949,230930,230943
230972,230988,231003,231010,231033,230981,230994,231006,230975,230985,230993,230993,231000,231010,230993,231004
231033,231049,231064,231070,231092,231041,231054,231066,231036,231046,231053,231053,231060,231071,231053,231064
231092,231108,231123,231130,231151,231101,231113,231125,231095,231105,231112,231112,231118,231130,231112,231123
231151,231167,231182,231188,231211,231160,231173,231184,231154,231165,231171,231171,231178,231188,231171,231182
231211,231227,231242,231249,231272,231220,231233,231244,231214,231225,231232,231232,231238,231249,231232,231243
231272,231288,231303,231310,231334,231281,231294,231305,231275,231285,231294,231294,231299,231310,231294,231304
231334,231350,231365,231373,231396,231343,231356,231368,231337,231348,231355,231355,231361,231373,231355,231366
231396,231413,231427,231435,231459,231406,231419,231430,231400,231411,231418,231418,231424,231436,231418,231428
231459,231476,231490,231497,231521,231468,231481,231493,231463,231473,231480,231480,231486,231498,231480,231491
231521,231537,231552,231559,231581,231530,231543,231554,231524,231535,231542,231542,231548,231558,231542,231553
231581,231598,231612,231620,231641,231590,231603,231615,231585,231595,231603,231603,231609,231619,231603,231613
231641,231657,231672,231680,231700,231650,231663,231675,231644,231655,231662,231662,231668,231679,231662,231673
231700,231716,231731,231738,231760,231709,231722,231734,231704,231714,231721,231721,231727,231738,231721,231732
231760,231776,231791,231798,231820,231769,231781,231793,231763,231774,231780,231780,231787,231797,231780,231791
231820,231836,231851,231858,231880,231829,231841,231853,231823,231834,231839,231839,231847,231857,231839,231851
231880,231897,231912,231919,231941,231890,231902,231915,231884,231894,231900,231900,231908,231920,231900,231912
231941,231958,231973,231980,232002,231951,231964,231976,231945,231956,231961,231961,231969,231981,231961,231974
232002,232019,232034,232041,232061,232011,232024,232037,232006,232016,232022,232022,232030,232041,232022,232035
232061,232078,232093,232100,232121,232071,232084,232096,232065,232075,232082,232082,232089,232100,232082,232094
232121,232137,232153,232160,232181,232130,232143,232155,232124,232134,232142,232142,232149,232160,232142,232153
232181,232198,232213,232220,232243,232191,232204,232216,232185,232195,232202,232202,232209,232221,232202,232214
232243,232260,232275,232280,232305,232252,232265,232278,232246,232257,232263,232263,232271,232285,232263,232275
232305,232321,232336,232341,232364,232313,232326,232338,232307,232318,232325,232325,232331,232342,232325,232336
232364,232380,232395,232400,232422,232372,232385,232397,232367,232377,232381,232381,232391,232402,232381,232396
232422,232438,232454,232458,232479,232431,232443,232456,232425,232435,232440,232440,232450,232460,232440,232455
232479,232495,232510,232516,232537,232488,232501,232512,232482,232493,232500,232500,232506,232517,232500,232510
232537,232552,232567,232574,232594,232545,232558,232570,232539,232549,232557,232557,232563,232575,232557,232567
232594,232609,232625,232633,232650,232602,232615,232627,232596,232607,232613,232613,232620,232634,232613,232625
232650,232666,232681,232689,232707,232659,232672,232684,232653,232664,232671,232671,232677,232690,232671,232681
232707,232722,232738,232743,232762,232715,232728,232740,232709,232720,232726,232726,232733,232745,232726,232738
232762,232777,232792,232798,232816,232770,232782,232793,232763,232774,232780,232780,232787,232798,232780,232792
232816,232831,232846,232852,232870,232824,232836,232848,232818,232829,232835,232835,232841,232852,232835,232846
232870,232886,232900,232906,232927,232879,232891,232902,232873,232884,232889,232889,232896,232912,232889,232900
232927,232943,232958,232963,232985,232936,232948,232960,232930,232940,232945,232945,232953,232965,232945,232958
232985,233001,233017,233023,233046,232994,233007,233019,232988,232998,233004,233004,233013,233024,233004,233017
233046,233063,233077,233080,233109,233055,233068,233079,233049,233060,233066,233066,233073,233084,233066,233077
233109,233126,233140,233145,233174,233118,233132,233143,233113,233123,233131,233131,233137,233147,233131,233141
233174,233191,233206,233212,233238,233183,233196,233208,233178,233188,233193,233193,233202,233212,233193,233207
233238,233254,233268,233276,233301,233247,233259,233272,233241,233251,233258,233258,233265,233278,233258,233269
233301,233317,233332,233339,233363,233310,233322,233334,233304,233314,233321,233321,233328,233339,233321,233333
233363,233380,233394,233400,233426,233372,233385,233397,233367,233377,233384,233384,233390,233401,233384,233395
233426,233442,233457,233464,233488,233435,233448,233460,233429,233440,233447,233447,233453,233464,233447,233458
233488,233505,233520,233527,233550,233497,233510,233522,233492,233502,233508,233508,233516,233527,233508,233521
233550,233567,233582,233590,233611,233559,233572,233585,233554,233564,233571,233571,233578,233590,233571,233583
233611,233628,233643,233650,233670,233620,233633,233645,233615,233625,233632,233632,233639,233650,233632,233644
233670,233687,233702,233710,233730,233680,233693,233704,233674,233685,233692,233692,233698,233709,233692,233703
233730,233745,233761,233768,233787,233738,233751,233763,233733,233743,233749,233749,233757,233768,233749,233761
233787,233803,233818,233826,233844,233796,233808,233820,233790,233801,233808,233808,233814,233825,233808,233818
233844,233860,233875,233883,233902,233853,233866,233878,233847,233858,233865,233865,233871,233882,233865,233876
233902,233918,233933,233940,233962,233911,233924,233935,233905,233916,233922,233922,233929,233939,233922,233933
233962,233977,233992,234000,234022,233970,233983,233994,233964,233975,233982,233982,233988,233999,233982,233992
234022,234038,234052,234060,234083,234031,234043,234055,234025,234035,234042,234042,234048,234059,234042,234053
234083,234100,234114,234122,234146,234093,234105,234117,234087,234097,234103,234103,234110,234122,234103,234115
234146,234163,234178,234186,234210,234156,234169,234181,234151,234161,234167,234167,234174,234185,234167,234179
234210,234226,234241,234249,234272,234219,234232,234243,234214,234224,234231,234231,234237,234248,234231,234241
234272,234288,234303,234311,234334,234281,234294,234306,234276,234286,234293,234293,234299,234310,234293,234304
234334,234350,234365,234372,234395,234343,234356,234368,234338,234348,234355,234355,234361,234372,234355,234366
234395,234411,234426,234434,234456,234404,234417,234429,234399,234409,234415,234415,234423,234433,234415,234427
234456,234472,234487,234496,234515,234465,234478,234490,234459,234470,234476,234476,234483,234497,234476,234487
234515,234531,234546,234553,234572,234524,234536,234548,234518,234528,234535,234535,234542,234553,234535,234546
234572,234588,234603,234610,234629,234581,234593,234605,234575,234586,234593,234593,234599,234609,234593,234603
234629,234644,234659,234667,234686,234637,234650,234662,234632,234642,234648,234648,234655,234667,234648,234659
234686,234701,234717,234724,234744,234694,234706,234719,234688,234699,234705,234705,234712,234723,234705,234716
234744,234760,234775,234782,234805,234753,234765,234778,234747,234757,234763,234763,234771,234782,234763,234776
234805,234822,234837,234844,234869,234814,234827,234840,234809,234819,234825,234825,234833,234844,234825,234838
234869,234885,234900,234907,234933,234878,234891,234903,234872,234883,234890,234890,234896,234909,234890,234900
234933,234950,234965,234972,234998,234943,234956,234968,234937,234948,234953,234953,234961,234973,234953,234967
234998,235015,235030,235037,235062,235008,235021,235033,235002,235013,235019,235019,235026,235038,235019,235032
235062,235079,235094,235101,235125,235072,235084,235097,235066,235076,235083,235083,235090,235101,235083,235095
235125,235142,235156,235161,235187,235135,235147,235158,235129,235139,235145,235145,235152,235163,235145,235156
235187,235204,235218,235224,235250,235197,235209,235221,235191,235202,235208,235208,235214,235225,235208,235219
235250,235266,235281,235288,235313,235259,235272,235283,235254,235264,235269,235269,235277,235288,235269,235282
235313,235329,235344,235349,235375,235322,235335,235346,235316,235327,235333,235333,235340,235351,235333,235345
235375,235393,235407,235413,235439,235385,235398,235409,235379,235390,235396,235396,235403,235413,235396,235408
235439,235456,235470,235477,235501,235449,235461,235472,235443,235453,235460,235460,235466,235477,235460,235471
235501,235518,235532,235540,235565,235511,235524,235535,235505,235516,235523,235523,235529,235540,235523,235533
235565,235581,235596,235603,235628,235574,235587,235598,235568,235579,235585,235585,235592,235602,235585,235597
235628,235645,235660,235667,235694,235638,235651,235662,235633,235643,235649,235649,235656,235667,235649,235661
235694,235711,235726,235733,235761,235704,235717,235729,235699,235709,235714,235714,235722,235734,235714,235727
235761,235778,235793,235800,235828,235771,235784,235796,235765,235776,235782,235782,235789,235800,235782,235794
235828,235845,235859,235867,235892,235838,235850,235862,235832,235843,235849,235849,235856,235868,235849,235860
235892,235910,235924,235933,235956,235903,235915,235927,235897,235908,235914,235914,235921,235932,235914,235925
235956,235973,235987,235996,236017,235966,235978,235990,235960,235971,235977,235977,235983,235995,235977,235988
236017,236033,236048,236056,236076,236026,236038,236050,236020,236031,236037,236037,236044,236055,236037,236048
236076,236091,236107,236115,236134,236085,236097,236109,236079,236089,236095,236095,236102,236114,236095,236107
236134,236150,236165,236173,236193,236143,236155,236168,236138,236148,236154,236154,236161,236172,236154,236166
236193,236209,236224,236232,236251,236202,236214,236227,236196,236207,236212,236212,236220,236232,236212,236224
236251,236267,236282,236290,236309,236261,236273,236285,236255,236265,236271,236271,236278,236290,236271,236283
236309,236325,236340,236347,236366,236318,236330,236342,236313,236323,236329,236329,236335,236347,236329,236340
236366,236382,236397,236404,236424,236376,236387,236399,236370,236380,236386,236386,236393,236403,236386,236397
236424,236440,236455,236462,236483,236433,236445,236457,236428,236438,236444,236444,236451,236461,236444,236456
236483,236499,236514,236521,236543,236492,236505,236517,236487,236497,236503,236503,236510,236521,236503,236514
236543,236560,236575,236582,236606,236553,236565,236577,236547,236558,236564,236564,236571,236582,236564,236575
236606,236622,236637,236646,236668,236615,236628,236641,236609,236620,236626,236626,236633,236646,236626,236638
236668,236685,236700,236708,236729,236678,236690,236703,236672,236683,236688,236688,236696,236708,236688,236701
236729,236745,236760,236769,236789,236738,236751,236764,236733,236743,236749,236749,236756,236769,236749,236761
236789,236805,236820,236828,236847,236798,236810,236823,236792,236803,236809,236809,236816,236828,236809,236821
236847,236863,236879,236886,236905,236856,236868,236881,236850,236860,236866,236866,236874,236886,236866,236879
236905,236921,236937,236944,236963,236914,236926,236939,236908,236918,236924,236924,236932,236945,236924,236937
236963,236979,236995,237003,237021,236972,236984,236997,236966,236976,236982,236982,236990,237002,236982,236996
237021,237037,237053,237061,237079,237030,237043,237055,237024,237035,237041,237041,237048,237060,237041,237053
237079,237094,237110,237117,237134,237087,237100,237112,237082,237092,237098,237098,237105,237118,237098,237110
237134,237150,237166,237173,237189,237143,237156,237168,237138,237148,237153,237153,237161,237173,237153,237166
237189,237205,237221,237228,237244,237198,237210,237223,237192,237203,237209,237209,237216,237228,237209,237221
237244,237260,237275,237283,237300,237253,237265,237278,237247,237258,237263,237263,237271,237283,237263,237276
237300,237315,237331,237338,237357,237309,237321,237333,237303,237313,237319,237319,237327,237338,237319,237331
237357,237373,237388,237394,237418,237366,237379,237391,237360,237371,237377,237377,237384,237395,237377,237389
237418,237434,237449,237452,237480,237426,237439,237451,237420,237431,237436,237436,237444,237456,237436,237450
237480,237497,237510,237514,237545,237489,237502,237513,237483,237494,237500,237500,237507,237516,237500,237511
237545,237561,237575,237582,237608,237554,237566,237577,237548,237558,237564,237564,237572,237582,237564,237576
237608,237626,237640,237647,237674,237618,237631,237644,237612,237623,237629,237629,237637,237649,237629,237642
237674,237690,237705,237712,237737,237682,237695,237707,237677,237687,237693,237693,237701,237711,237693,237706
237737,237751,237767,237774,237795,237744,237756,237769,237739,237749,237754,237754,237762,237774,237754,237767
237795,237811,237826,237833,237853,237803,237816,237828,237798,237808,237815,237815,237822,237834,237815,237826
237853,237869,237884,237890,237909,237861,237875,237886,237856,237865,237875,237875,237880,237891,237875,237884
237909,237925,237941,237947,237966,237918,237930,237943,237912,237923,237929,237929,237936,237949,237929,237941
237966,237981,237997,238005,238022,237974,237987,238000,237968,237980,237986,237986,237992,238005,237986,237996
238022,238037,238053,238057,238078,238030,238043,238054,238024,238034,238043,238043,238049,238058,238043,238053
238078,238093,238108,238112,238135,238086,238099,238111,238080,238090,238097,238097,238104,238119,238097,238108
238135,238150,238166,238173,238192,238143,238156,238169,238137,238147,238154,238154,238162,238175,238154,238166
238192,238207,238224,238229,238250,238200,238213,238226,238195,238205,238209,238209,238219,238230,238209,238224
238250,238266,238281,238287,238311,238259,238272,238283,238253,238263,238269,238269,238277,238288,238267,238269
238311,238327,238342,238348,238372,238320,238333,238345,238314,238324,238333,238333,238338,238349,238333,238342
238372,238388,238403,238408,238431,238380,238393,238405,238374,238385,238392,238392,238399,238409,238392,238403
238431,238446,238462,238468,238490,238439,238452,238464,238433,238444,238452,238452,238458,238468,238452,238462
238490,238506,238521,238528,238552,238499,238512,238524,238494,238504,238510,238510,238517,238528,238510,238522
238552,238568,238583,238591,238616,238561,238574,238586,238555,238566,238573,238573,238579,238591,238573,238584
238616,238632,238647,238654,238679,238625,238638,238650,238619,238629,238636,238636,238643,238654,238636,238648
238679,238695,238711,238719,238742,238688,238701,238713,238683,238693,238700,238700,238707,238718,238700,238712
238742,238759,238774,238782,238804,238751,238765,238777,238746,238756,238763,238763,238770,238782,238763,238775
238804,238820,238836,238844,238864,238813,238826,238838,238807,238818,238824,238824,238832,238843,238824,238837
238864,238880,238895,238903,238922,238872,238885,238897,238867,238877,238884,238884,238891,238903,238884,238896
238922,238938,238953,238961,238978,238931,238943,238955,238925,238935,238942,238942,238949,238960,238942,238953
238978,238994,239009,239017,239034,238987,238999,239011,238981,238992,238999,238999,239005,239015,238999,239010
239034,239050,239065,239073,239091,239043,239056,239067,239037,239048,239055,239055,239061,239072,239055,239066
239091,239107,239122,239129,239149,239100,239113,239125,239094,239105,239112,239112,239118,239129,239112,239122
239149,239165,239180,239187,239208,239158,239170,239182,239152,239162,239168,239168,239175,239187,239168,239179
239208,239224,239238,239241,239267,239216,239229,239240,239210,239221,239227,239227,239234,239247,239227,239238
239267,239283,239298,239304,239330,239276,239289,239301,239269,239280,239283,239283,239295,239307,239283,239300
239330,239346,239359,239366,239394,239338,239351,239361,239332,239342,239348,239348,239356,239366,239347,239348
239394,239409,239421,239429,239458,239402,239413,239423,239396,239406,239411,239411,239417,239433,239411,239421
239458,239474,239487,239492,239528,239467,239479,239489,239462,239471,239478,239478,239484,239492,239478,239487
239528,239543,239557,239565,239603,239537,239548,239560,239532,239541,239545,239545,239554,239564,239545,239558
239603,239619,239633,239643,239679,239612,239625,239635,239607,239616,239625,239625,239630,239640,239625,239634
239679,239696,239711,239719,239758,239689,239701,239713,239684,239693,239697,239697,239707,239718,239697,239713
239758,239774,239788,239798,239834,239767,239779,239792,239761,239771,239775,239775,239784,239798,239775,239791
239834,239851,239865,239874,239906,239843,239856,239868,239838,239848,239855,239855,239861,239873,239855,239867
239906,239923,239938,239947,239974,239915,239929,239941,239910,239920,239929,239929,239934,239946,239929,239939
239974,239990,240005,240014,240039,239983,239996,240008,239977,239988,239993,239993,240001,240015,239993,240006
240039,240055,240070,240076,240101,240047,240061,240072,240042,240052,240061,240061,240066,240076,240061,240070
240101,240117,240132,240139,240162,240109,240123,240135,240103,240113,240122,240122,240128,240141,240122,240133
240162,240178,240194,240201,240224,240171,240184,240197,240164,240175,240181,240181,240189,240202,240181,240196
240224,240240,240255,240260,240286,240232,240245,240257,240226,240237,240242,240242,240251,240261,240242,240256
240286,240301,240316,240324,240349,240294,240307,240319,240288,240298,240307,240307,240313,240324,240307,240317
240349,240364,240379,240386,240412,240357,240370,240381,240351,240361,240366,240366,240375,240387,240366,240380
240412,240428,240443,240449,240476,240421,240434,240445,240415,240425,240433,240433,240439,240450,240433,240443
240476,240493,240508,240515,240541,240485,240498,240510,240480,240490,240496,240496,240504,240516,240496,240509
240541,240558,240573,240579,240605,240551,240564,240575,240545,240555,240562,240562,240569,240580,240562,240573
240605,240622,240637,240644,240669,240615,240627,240639,240609,240619,240626,240626,240633,240644,240626,240638
240669,240685,240700,240708,240732,240677,240691,240703,240672,240682,240689,240689,240696,240708,240689,240701
240732,240748,240763,240770,240795,240741,240754,240766,240735,240745,240752,240752,240759,240771,240752,240764
240795,240811,240826,240833,240858,240804,240817,240829,240798,240808,240816,240816,240823,240834,240816,240827
240858,240875,240890,240897,240920,240867,240880,240892,240861,240872,240880,240880,240886,240897,240880,240890
240920,240937,240952,240959,240982,240930,240942,240954,240924,240934,240941,240941,240948,240958,240941,240952
240982,240998,241013,241020,241042,240990,241003,241015,240985,240995,241002,241002,241009,241020,241002,241014
241042,241057,241073,241080,241101,241050,241063,241075,241044,241055,241062,241062,241068,241079,241062,241073
241101,241116,241131,241139,241161,241109,241122,241134,241104,241114,241119,241119,241127,241138,241119,241132
241161,241177,241191,241198,241221,241169,241182,241194,241164,241174,241181,241181,241187,241199,241181,241192
241221,241238,241253,241259,241284,241230,241243,241255,241225,241235,241239,241239,241249,241259,241239,241254
241284,241300,241315,241321,241346,241293,241305,241317,241287,241297,241303,241303,241311,241322,241303,241316
241346,241362,241377,241383,241406,241354,241367,241379,241349,241359,241364,241364,241372,241384,241364,241378
241406,241422,241437,241443,241465,241415,241427,241439,241409,241419,241425,241425,241432,241443,241425,241437
241465,241481,241496,241502,241525,241474,241487,241498,241468,241478,241486,241486,241492,241502,241486,241496
241525,241541,241555,241562,241585,241533,241546,241558,241528,241538,241543,241543,241551,241564,241543,241556
241585,241602,241615,241622,241647,241594,241607,241618,241588,241599,241606,241606,241611,241623,241606,241616
241647,241663,241677,241684,241709,241656,241668,241679,241650,241660,241668,241668,241673,241685,241668,241678
241709,241725,241740,241747,241773,241718,241731,241743,241712,241723,241728,241728,241737,241747,241728,241742
241773,241789,241804,241810,241835,241782,241795,241806,241776,241786,241792,241792,241800,241811,241792,241805
241835,241851,241866,241874,241897,241844,241856,241868,241838,241849,241855,241855,241862,241873,241855,241866
241897,241912,241927,241935,241957,241905,241917,241930,241899,241910,241916,241916,241923,241935,241916,241928
241957,241973,241988,241995,242016,241965,241978,241990,241960,241970,241978,241978,241984,241995,241978,241988
242016,242032,242048,242055,242076,242025,242038,242050,242019,242029,242035,242035,242044,242055,242035,242049
242076,242091,242107,242115,242136,242085,242097,242110,242079,242089,242094,242094,242103,242115,242094,242108
242136,242151,242167,242174,242194,242144,242157,242169,242138,242148,242155,242155,242162,242173,242155,242167
242194,242210,242225,242233,242253,242203,242215,242227,242197,242207,242215,242215,242221,242231,242215,242226
242253,242269,242284,242291,242311,242261,242274,242285,242256,242266,242274,242274,242280,242290,242274,242284
242311,242326,242342,242350,242367,242319,242332,242344,242314,242324,242332,242332,242338,242349,242332,242342
242367,242382,242398,242405,242423,242376,242388,242400,242370,242380,242387,242387,242393,242404,242387,242398
242423,242438,242453,242461,242478,242431,242444,242455,242426,242436,242443,242443,242449,242461,242443,242453
242478,242493,242508,242516,242535,242487,242499,242510,242481,242491,242498,242498,242504,242516,242498,242508
242535,242551,242566,242572,242594,242544,242556,242568,242538,242549,242556,242556,242562,242572,242556,242566
242594,242611,242625,242631,242657,242604,242616,242627,242598,242608,242615,242615,242621,242631,242615,242625
242657,242674,242688,242694,242723,242666,242679,242690,242661,242671,242679,242679,242684,242694,242679,242689
242723,242740,242754,242758,242790,242733,242745,242757,242727,242737,242743,242743,242750,242762,242743,242755
242790,242808,242822,242828,242858,242800,242813,242824,242794,242804,242813,242813,242818,242829,242813,242823
242858,242874,242889,242895,242922,242866,242878,242891,242861,242871,242875,242875,242884,242896,242875,242890
242922,242939,242953,242959,242986,242931,242944,242955,242925,242936,242944,242944,242950,242959,242944,242954
242986,243001,243017,243024,243046,242994,243007,243019,242988,242998,243006,243006,243013,243024,243002,243006
243046,243063,243078,243085,243107,243055,243069,243080,243049,243059,243068,243068,243074,243084,243068,243078
243107,243123,243138,243146,243167,243116,243128,243141,243110,243121,243127,243127,243134,243146,243127,243138
243167,243183,243198,243205,243225,243175,243188,243200,243169,243181,243187,243187,243193,243207,243187,243197
243225,243242,243256,243263,243284,243234,243247,243259,243229,243240,243246,243246,243252,243268,243246,243256
243284,243300,243315,243322,243341,243293,243305,243317,243287,243298,243303,243303,243310,243323,243303,243316
243341,243357,243372,243377,243397,243349,243362,243373,243343,243354,243360,243360,243367,243378,243360,243372
243397,243412,243427,243432,243451,243405,243417,243428,243399,243409,243416,243416,243422,243434,243416,243426
243451,243467,243481,243487,243508,243460,243471,243483,243455,243464,243469,243469,243476,243487,243469,243481
243508,243522,243536,243543,243565,243516,243527,243538,243511,243520,243525,243525,243531,243542,243525,243536
243565,243581,243594,243601,243629,243574,243585,243596,243568,243578,243583,243583,243591,243600,243583,243595
243629,243644,243659,243667,243698,243637,243649,243661,243632,243641,243646,243646,243655,243667,243646,243660
243698,243715,243729,243737,243768,243708,243720,243732,243702,243712,243716,243716,243726,243736,243716,243731
243768,243785,243800,243809,243837,243777,243791,243803,243772,243781,243788,243788,243797,243810,243784,243788
243837,243853,243869,243877,243905,243847,243858,243871,243841,243851,243855,243855,243866,243876,243855,243871
243905,243922,243936,243943,243971,243915,243927,243938,243910,243920,243926,243926,243933,243941,243926,243937
243971,243988,244002,244010,244037,243981,243993,244004,243976,243986,243991,243991,243998,244008,243991,244003
244037,244052,244067,244075,244099,244046,244057,244069,244041,244050,244055,244055,244063,244074,244055,244068
244099,244114,244129,244137,244160,244107,244119,244131,244102,244112,244118,244118,244125,244135,244118,244129
244160,244174,244189,244196,244219,244168,244179,244191,244162,244172,244177,244177,244185,244195,244177,244189
244219,244235,244249,244256,244285,244228,244240,244251,244222,244232,244241,244241,244245,244255,244241,244249
244285,244299,244315,244323,244355,244292,244304,244317,244287,244296,244301,244301,244310,244323,244301,244318
244355,244371,244386,244394,244430,244364,244377,244389,244359,244368,244375,244375,244383,244394,244372,244375
244430,244446,244461,244468,244502,244438,244451,244463,244432,244443,244449,244449,244457,244468,244449,244463
244502,244520,244534,244540,244576,244512,244525,244537,244506,244516,244524,244524,244530,244542,244524,244535
244576,244594,244608,244613,244649,244586,244600,244612,244580,244590,244600,244600,244605,244619,244600,244608
244649,244667,244681,244690,244720,244659,244672,244684,244653,244664,244671,244671,244678,244690,244671,244683
244720,244737,244752,244760,244787,244730,244742,244755,244724,244734,244741,244741,244748,244760,244741,244753
244787,244804,244819,244827,244852,244796,244810,244822,244791,244801,244809,244809,244816,244826,244809,244821
244852,244868,244883,244890,244912,244860,244873,244886,244854,244865,244872,244872,244879,244891,244872,244885
244912,244928,244943,244951,244971,244921,244933,244945,244915,244925,244932,244932,244939,244950,244932,244944
244971,244986,245002,245009,245029,244979,244992,245004,244974,244984,244990,244990,244997,245008,244990,245002
245029,245044,245059,245065,245088,245037,245050,245061,245031,245041,245049,245049,245055,245065,245049,245059
245088,245104,245119,245126,245150,245096,245109,245121,245091,245101,245108,245108,245115,245126,245108,245120
245150,245167,245181,245187,245217,245159,245172,245184,245154,245164,245171,245171,245177,245189,245171,245182
245217,245235,245248,245253,245288,245227,245240,245251,245221,245231,245238,245238,245245,245256,245238,245249
245288,245306,245320,245324,245362,245298,245312,245323,245293,245303,245310,245310,245317,245327,245310,245321
245362,245380,245393,245399,245435,245372,245385,245396,245366,245376,245384,245384,245390,245403,245384,245393
245435,245453,245467,245475,245506,245445,245459,245470,245439,245449,245458,245458,245464,245475,245458,245469
245506,245524,245538,245547,245575,245516,245529,245542,245510,245520,245526,245526,245535,245547,245526,245541
245575,245592,245607,245616,245642,245585,245598,245611,245579,245589,245598,245598,245604,245617,245598,245609
245642,245658,245673,245681,245704,245650,245663,245675,245644,245655,245660,245660,245669,245681,245660,245674
245704,245720,245735,245742,245766,245713,245726,245738,245707,245717,245723,245723,245732,245742,245723,245736
245766,245782,245797,245802,245827,245775,245787,245799,245769,245779,245785,245785,245792,245803,245785,245797
245827,245843,245858,245865,245890,245836,245848,245860,245830,245840,245846,245846,245854,245866,245846,245859
245890,245906,245921,245929,245955,245899,245912,245924,245894,245903,245908,245908,245917,245929,245908,245922
245955,245971,245987,245995,246021,245964,245977,245990,245958,245968,245972,245972,245983,245995,245972,245988
246021,246037,246052,246060,246088,246030,246043,246055,246024,246034,246043,246043,246049,246059,246043,246053
246088,246104,246119,246127,246154,246096,246110,246121,246091,246101,246110,246110,246115,246127,246110,246120
246154,246171,246186,246195,246222,246164,246177,246189,246158,246169,246177,246177,246183,246194,246177,246187
246222,246240,246254,246263,246290,246232,246246,246257,246227,246237,246246,246246,246251,246262,246246,246256
246290,246307,246322,246330,246356,246300,246313,246324,246294,246304,246313,246313,246318,246329,246313,246323
246356,246372,246387,246396,246418,246365,246378,246390,246359,246370,246377,246377,246383,246395,246377,246388
246418,246434,246450,246458,246479,246427,246440,246452,246422,246432,246439,246439,246446,246457,246439,246451
246479,246495,246510,246518,246539,246488,246501,246512,246482,246493,246500,246500,246506,246516,246500,246510
246539,246555,246570,246577,246599,246548,246560,246572,246542,246553,246559,246559,246566,246576,246559,246570
246599,246615,246630,246637,246661,246608,246620,246632,246602,246613,246619,246619,246626,246636,246619,246630
246661,246678,246692,246700,246727,246671,246684,246695,246666,246676,246684,246684,246689,246699,246684,246693
246727,246744,246758,246765,246794,246737,246750,246761,246731,246741,246750,246750,246755,246765,246750,246759
246794,246811,246825,246831,246862,246804,246817,246828,246798,246809,246816,246816,246822,246833,246816,246826
246862,246880,246894,246901,246930,246872,246886,246897,246867,246877,246885,246885,246891,246902,246885,246895
246930,246947,246962,246969,246997,246940,246953,246965,246934,246945,246952,246952,246959,246970,246952,246963
246997,247014,247029,247036,247062,247007,247020,247032,247001,247012,247019,247019,247026,247037,247019,247030
247062,247079,247094,247101,247125,247072,247085,247097,247066,247077,247084,247084,247091,247101,247084,247095
247125,247142,247157,247164,247186,247134,247148,247159,247129,247139,247147,247147,247153,247163,247147,247158
247186,247203,247218,247225,247246,247195,247208,247220,247189,247200,247207,247207,247214,247225,247207,247219
247246,247262,247277,247283,247304,247254,247267,247278,247248,247259,247267,247267,247273,247283,247267,247277
247304,247320,247335,247341,247364,247313,247325,247337,247307,247318,247324,247324,247331,247341,247324,247335
247364,247380,247394,247400,247426,247372,247385,247397,247366,247377,247383,247383,247390,247401,247383,247395
247426,247442,247456,247461,247489,247434,247447,247458,247429,247439,247445,247445,247452,247463,247445,247456
247489,247506,247520,247526,247554,247498,247512,247525,247492,247503,247509,247509,247516,247530,247509,247521
247554,247572,247585,247588,247622,247563,247576,247587,247557,247568,247574,247574,247581,247592,247574,247585
247622,247639,247652,247658,247689,247630,247644,247655,247625,247635,247643,247643,247649,247659,247643,247653
247689,247707,247721,247725,247757,247699,247712,247724,247693,247703,247708,247708,247718,247730,247708,247722
247757,247774,247788,247795,247824,247767,247780,247791,247761,247771,247778,247778,247785,247796,247778,247789
247824,247840,247855,247862,247889,247833,247846,247857,247828,247838,247843,247843,247851,247862,247843,247856
247889,247905,247920,247927,247951,247897,247910,247922,247891,247902,247908,247908,247916,247926,247908,247921
247951,247967,247982,247988,248011,247960,247973,247984,247954,247965,247972,247972,247978,247989,247972,247982
248011,248028,248042,248049,248071,248020,248033,248044,248014,248025,248031,248031,248039,248049,248031,248043
248071,248087,248101,248108,248131,248079,248092,248103,248073,248084,248091,248091,248097,248108,248091,248102
248131,248147,248162,248169,248193,248140,248153,248165,248134,248144,248150,248150,248158,248169,248150,248164
248193,248209,248224,248232,248255,248202,248215,248227,248196,248206,248212,248212,248220,248232,248212,248225
248255,248272,248287,248294,248317,248264,248277,248289,248259,248269,248276,248276,248283,248294,248276,248288
248317,248334,248349,248357,248380,248327,248339,248351,248321,248331,248338,248338,248345,248356,248338,248350
248380,248396,248411,248419,248442,248389,248401,248414,248383,248393,248400,248400,248407,248419,248400,248412
248442,248458,248473,248481,248503,248450,248463,248475,248445,248455,248462,248462,248468,248480,248462,248473
248503,248519,248534,248542,248563,248512,248525,248536,248506,248516,248524,248524,248530,248541,248524,248535
248563,248579,248594,248602,248622,248572,248585,248596,248566,248577,248584,248584,248590,248601,248584,248595
248622,248639,248653,248661,248682,248631,248644,248655,248626,248636,248644,248644,248650,248660,248644,248654
248682,248697,248712,248719,248741,248690,248703,248714,248684,248695,248702,248702,248708,248719,248702,248713
248741,248756,248771,248778,248801,248749,248762,248773,248743,248754,248761,248761,248767,248777,248761,248772
248801,248817,248832,248839,248865,248810,248823,248834,248804,248815,248821,248821,248828,248839,248821,248832
248865,248881,248895,248903,248931,248874,248887,248898,248868,248878,248886,248886,248892,248903,248886,248896
248931,248948,248963,248971,248999,248940,248954,248965,248935,248945,248955,248955,248960,248970,248955,248964
248999,249016,249031,249039,249068,249009,249022,249034,249003,249013,249023,249023,249028,249038,249023,249032
249068,249084,249100,249107,249135,249077,249090,249102,249071,249082,249088,249088,249096,249107,249088,249101
249135,249153,249167,249176,249202,249145,249158,249170,249140,249150,249157,249157,249163,249176,249157,249168
249202,249219,249233,249240,249267,249211,249225,249236,249206,249216,249224,249224,249230,249241,249224,249234
249267,249284,249298,249302,249329,249276,249289,249301,249270,249281,249288,249288,249294,249305,249288,249299
249329,249346,249360,249367,249389,249339,249351,249362,249333,249344,249350,249350,249356,249367,249350,249361
249389,249406,249421,249427,249448,249399,249412,249423,249393,249403,249411,249411,249417,249427,249411,249421
249448,249464,249479,249485,249506,249457,249470,249481,249451,249462,249469,249469,249475,249486,249469,249479
249506,249522,249537,249543,249563,249515,249528,249540,249509,249520,249526,249526,249533,249545,249526,249537
249563,249580,249594,249598,249622,249572,249585,249597,249566,249577,249583,249583,249590,249601,249583,249595
249622,249638,249653,249656,249682,249630,249643,249655,249624,249635,249642,249642,249648,249659,249642,249653
249682,249700,249712,249763,249790,249691,249705,249716,249685,249696,249703,249703,249709,249721,249703,249714
249790,249832,249847,249854,249891,249800,249840,249853,249822,249832,249840,249840,249846,249858,249840,249850
249891,249910,249923,249932,249967,249902,249915,249927,249897,249907,249911,249911,249921,249932,249911,249926
249967,249983,249996,250004,250039,249975,249989,250000,249970,249979,249989,249989,249994,250005,249989,249999
250039,250055,250067,250077,250108,250047,250059,250072,250042,250052,250056,250056,250065,250077,250056,250071
250108,250124,250139,250147,250175,250117,250130,250142,250111,250121,250126,250126,250136,250148,250126,250141
250175,250191,250205,250216,250239,250184,250197,250210,250178,250189,250196,250196,250202,250216,250196,250205
250239,250255,250270,250278,250300,250248,250261,250272,250242,250253,250261,250261,250266,250277,250261,250271
250300,250316,250331,250339,250358,250308,250321,250334,250303,250313,250320,250320,250327,250340,250320,250332
250358,250374,250389,250395,250415,250367,250379,250390,250361,250371,250377,250377,250384,250395,250377,250389
250415,250431,250446,250452,250472,250424,250436,250448,250418,250428,250435,250435,250442,250453,250435,250446
250472,250488,250503,250509,250532,250481,250493,250505,250475,250486,250492,250492,250499,250509,250492,250504
250532,250548,250562,250569,250595,250541,250553,250564,250535,250545,250552,250552,250559,250569,250552,250563
250595,250611,250625,250631,250660,250604,250616,250627,250598,250608,250614,250614,250622,250632,250614,250626
250660,250678,250692,250697,250729,250670,250683,250695,250665,250675,250680,250680,250689,250699,250680,250693
250729,250747,250761,250767,250801,250740,250753,250764,250734,250744,250752,250752,250758,250767,250752,250762
250801,250819,250833,250840,250872,250811,250824,250836,250806,250816,250824,250824,250830,250841,250824,250834
250872,250890,250905,250912,250942,250883,250896,250908,250877,250887,250891,250891,250902,250912,250891,250906
250942,250960,250975,250983,251011,250952,250965,250978,250947,250957,250962,250962,250971,250983,250962,250976
251011,251028,251043,251050,251076,251020,251034,251045,251015,251025,251030,251030,251039,251050,251030,251044
251076,251092,251107,251115,251138,251085,251098,251110,251080,251090,251097,251097,251104,251114,251097,251108
251138,251155,251170,251177,251199,251148,251160,251172,251142,251152,251159,251159,251166,251176,251159,251170
251199,251216,251231,251237,251261,251208,251221,251233,251203,251213,251220,251220,251227,251237,251220,251232
251261,251277,251292,251300,251324,251270,251283,251295,251265,251275,251281,251281,251288,251300,251281,251293
251324,251341,251356,251364,251390,251334,251347,251359,251329,251339,251345,251345,251352,251364,251345,251357
251390,251407,251422,251430,251457,251400,251413,251425,251395,251405,251412,251412,251418,251430,251412,251423
251457,251475,251489,251497,251523,251468,251480,251492,251462,251472,251478,251478,251485,251498,251478,251489
251523,251540,251554,251563,251586,251533,251545,251557,251527,251538,251544,251544,251550,251562,251544,251555
251586,251602,251617,251626,251647,251595,251608,251620,251590,251600,251607,251607,251613,251625,251607,251617
251647,251663,251679,251686,251707,251656,251669,251681,251650,251661,251667,251667,251675,251686,251667,251680
251707,251723,251738,251745,251765,251716,251729,251741,251710,251720,251729,251729,251734,251745,251729,251738
251765,251782,251796,251803,251823,251774,251787,251798,251768,251779,251786,251786,251792,251803,251786,251797
251823,251838,251853,251859,251880,251831,251843,251855,251825,251835,251840,251840,251849,251860,251840,251853
251880,251894,251910,251918,251934,251887,251900,251912,251881,251891,251898,251898,251906,251916,251894,251898
251934,251949,251964,251969,251990,251942,251954,251965,251936,251946,251952,251952,251959,251975,251950,251952
251990,252005,252019,252024,252046,251998,252009,252020,251992,252002,252006,252006,252015,252024,252006,252019
252046,252060,252075,252086,252101,252053,252065,252078,252048,252058,252062,252062,252069,252082,252062,252074
252101,252116,252128,252141,252194,252164,,,252126,252135,,,252126,,252136,
252194,252225,252240,252264,252326,252219,252232,252252,252215,252224,252228,252228,252239,252256,252228,252243
252326,252339,252384,252394,252434,252334,252345,252388,252328,252339,252349,252367,252383,252392,252344,252362
252434,252449,252461,252472,252489,252442,252454,252466,252436,252446,252453,252453,252460,252474,252450,252453
252489,252505,252520,252524,252545,252497,252510,252521,252491,252501,252509,252509,252515,252526,252509,252520
252545,252562,252578,252581,252607,252554,252568,252580,252549,252559,252563,252563,252574,252584,252563,252579
252607,252622,252673,252685,252737,252678,252690,252682,252609,252619,252637,252653,252672,252682,252623,252647
252737,252750,252768,252773,252802,252743,252757,252772,252738,252747,252750,252750,252762,252777,252750,252772
252802,252820,252833,252838,252873,252812,252826,252837,252806,252816,252822,252822,252830,252844,252820,252822
252873,252890,252905,252908,252945,252882,252897,252907,252877,252886,252895,252895,252902,252911,252890,252895
252945,252964,252979,252983,253017,252955,252971,252982,252949,252959,252967,252967,252976,252986,252963,252967
253017,253036,253051,253056,253091,253027,253043,253054,253021,253031,253039,253039,253048,253059,253034,253039
253091,253109,253123,253127,253163,253099,253115,253126,253093,253103,253109,253109,253120,253132,253107,253109
253163,253182,253197,253202,253237,253172,253189,253201,253166,253176,253183,253183,253194,253209,253179,253183
253237,253256,253271,253275,253310,253246,253263,253274,253240,253250,253259,253259,253268,253279,253253,253259
253310,253330,253345,253349,253386,253319,253337,253348,253313,253323,253330,253330,253342,253352,253326,253330
253386,253405,253421,253426,253456,253395,253414,253425,253389,253399,253408,253408,253418,253433,253402,253408
253456,253479,253494,253500,253531,253469,253487,253499,253463,253473,253481,253481,253492,253504,253476,253481
253531,253550,253566,253571,253602,253540,253558,253570,253533,253544,253552,253552,253564,253575,253547,253552
253602,253621,253637,253642,253675,253610,253629,253641,253604,253615,253622,253622,253634,253646,253618,253622
253675,253695,253711,253717,253751,253684,253703,253716,253678,253688,253697,253697,253708,253721,253692,253697
253751,253770,253786,253792,253826,253760,253778,253791,253754,253765,253772,253772,253783,253796,253768,253772
253826,253845,253862,253868,253901,253835,253854,253867,253829,253839,253848,253848,253860,253871,253842,253848
253901,253921,253936,253941,253981,253911,253929,253940,253905,253916,253923,253923,253934,253942,253921,253923
253981,254001,254017,254023,254061,253991,254009,254022,253984,253995,254003,254003,254015,254027,253998,254003
254061,254080,254097,254102,254139,254070,254088,254101,254064,254075,254084,254084,254095,254106,254078,254084
254139,254159,254176,254182,254220,254149,254167,254181,254143,254153,254162,254162,254173,254186,254157,254162
254220,254241,254258,254264,254305,254231,254250,254263,254225,254235,254243,254243,254255,254268,254238,254243
254305,254326,254343,254349,254391,254316,254335,254348,254310,254320,254329,254329,254341,254352,254324,254329
254391,254412,254429,254434,254476,254402,254421,254433,254396,254407,254415,254415,254426,254437,254410,254415
254476,254496,254513,254519,254563,254486,254505,254518,254480,254490,254499,254499,254511,254523,254494,254499
254563,254584,254601,254607,254654,254574,254593,254606,254568,254578,254587,254587,254599,254611,254581,254587
254654,254675,254692,254699,254740,254665,254684,254698,254659,254669,254678,254678,254690,254703,254672,254678
254740,254761,254778,254785,254823,254751,254769,254783,254745,254755,254763,254763,254775,254788,254759,254763
254823,254843,254860,254867,254906,254833,254852,254866,254827,254837,254846,254846,254858,254870,254841,254846
254906,254928,254945,254952,254997,254918,254937,254950,254912,254922,254930,254930,254943,254955,254925,254930
254997,255018,255036,255044,255085,255009,255027,255041,255003,255013,255021,255021,255034,255046,255016,255021
255085,255106,255124,255132,255176,255097,255116,255129,255091,255101,255110,255110,255122,255134,255105,255110
255176,255198,255216,255222,255270,255188,255207,255221,255182,255193,255201,255201,255214,255226,255196,255201
255270,255291,255309,255318,255357,255281,255300,255314,255275,255285,255294,255294,255307,255318,255289,255294
255357,255378,255395,255404,255443,255368,255387,255400,255363,255373,255381,255381,255393,255405,255376,255381
255443,255465,255482,255491,255534,255455,255474,255488,255449,255459,255467,255467,255480,255494,255462,255467
255534,255555,255573,255582,255622,255546,255565,255579,255540,255550,255559,255559,255571,255584,255553,255559
255622,255642,255660,255668,255710,255633,255652,255665,255627,255637,255646,255646,255658,255670,255640,255646
255710,255732,255750,255758,255801,255722,255741,255755,255716,255726,255735,255735,255748,255760,255729,255735
255801,255823,255841,255850,255889,255813,255832,255846,255807,255817,255826,255826,255839,255851,255821,255826
255889,255909,255928,255937,255978,255900,255919,255933,255894,255904,255913,255913,255926,255938,255907,255913
255978,256000,256019,256027,256071,255991,256011,256024,255985,255995,256005,256005,256017,256028,255999,256005
256071,256092,256110,256120,256158,256083,256102,256116,256077,256087,256096,256096,256108,256121,256090,256096
256158,256179,256197,256206,256247,256170,256189,256202,256164,256174,256183,256183,256195,256208,256177,256183
256247,256269,256287,256295,256336,256259,256279,256293,256254,256263,256273,256273,256285,256297,256267,256273
256336,256360,256379,256388,256426,256351,256370,256384,256345,256355,256364,256364,256377,256389,256358,256364
256426,256449,256467,256476,256517,256440,256459,256472,256434,256444,256453,256453,256465,256477,256447,256453
256517,256537,256556,256564,256603,256528,256547,256561,256522,256532,256541,256541,256554,256566,256535,256541
256603,256630,256649,256658,256702,256621,256640,256654,256615,256625,256634,256634,256647,256659,256628,256634
256702,256722,256741,256750,256790,256713,256732,256746,256708,256717,256727,256727,256739,256751,256721,256727
256790,256811,256829,256839,256880,256802,256821,256835,256796,256806,256815,256815,256827,256840,256809,256815
256880,256904,256923,256931,256972,256895,256915,256928,256890,256900,256910,256910,256921,256933,256903,256910
256972,256998,257017,257027,257067,256989,257008,257022,256984,256993,257003,257003,257015,257027,256997,257003
257067,257088,257107,257116,257158,257079,257098,257112,257073,257083,257092,257092,257105,257117,257086,257092
257158,257180,257199,257208,257247,257171,257190,257204,257165,257175,257184,257184,257197,257209,257178,257184
257247,257272,257291,257301,257341,257264,257283,257297,257258,257268,257278,257278,257290,257301,257271,257278
257341,257362,257381,257390,257429,257353,257372,257386,257347,257357,257366,257366,257379,257391,257360,257366
257429,257456,257475,257484,257530,257447,257467,257481,257442,257451,257461,257461,257473,257485,257455,257461
257530,257551,257569,257579,257614,257542,257561,257574,257536,257546,257555,257555,257567,257579,257549,257555
257614,257641,257659,257669,257706,257632,257651,257665,257626,257636,257645,257645,257657,257670,257639,257645
257706,257734,257753,257762,257802,257725,257745,257759,257720,257729,257739,257739,257752,257763,257733,257739
257802,257830,257848,257858,257899,257821,257839,257854,257815,257825,257834,257834,257847,257858,257828,257834
257899,257920,257939,257948,257986,257911,257930,257944,257905,257915,257925,257925,257937,257948,257918,257925
257986,258014,258032,258042,258089,258005,258024,258038,257999,258009,258018,258018,258031,258043,258012,258018
258089,258111,258130,258139,258178,258102,258121,258135,258096,258106,258116,258116,258128,258139,258109,258116
258178,258200,258219,258229,258267,258192,258211,258224,258186,258196,258205,258205,258217,258229,258199,258205
258267,258294,258313,258322,258362,258285,258305,258319,258280,258289,258299,258299,258311,258324,258293,258299
258362,258389,258408,258418,258454,258381,258400,258414,258375,258385,258394,258394,258407,258419,258388,258394
258454,258481,258499,258509,258547,258472,258491,258505,258466,258476,258486,258486,258498,258510,258480,258486
258547,258575,258594,258602,258652,258566,258586,258600,258561,258570,258581,258581,258593,258605,258574,258581
258652,258673,258692,258701,258737,258665,258684,258698,258659,258669,258678,258678,258690,258703,258672,258678
258737,258765,258783,258793,258831,258757,258775,258789,258751,258761,258770,258770,258782,258794,258764,258770
258831,258858,258876,258885,258926,258849,258868,258882,258843,258853,258862,258862,258875,258888,258856,258862
258926,258956,258974,258983,259025,258947,258967,258981,258941,258951,258961,258961,258973,258986,258954,258961
259025,259051,259070,259079,259122,259043,259062,259076,259037,259047,259057,259057,259068,259081,259050,259057
259122,259143,259162,259171,259211,259135,259154,259167,259129,259139,259149,259149,259160,259172,259142,259149
259211,259238,259256,259264,259313,259229,259248,259262,259223,259233,259243,259243,259255,259267,259236,259243
259313,259333,259352,259361,259407,259324,259344,259358,259319,259328,259338,259338,259351,259363,259332,259338
259407,259428,259447,259455,259495,259419,259438,259452,259413,259423,259433,259433,259445,259456,259427,259433
259495,259522,259540,259547,259600,259512,259532,259546,259507,259517,259527,259527,259538,259551,259520,259527
259600,259621,259640,259648,259693,259612,259631,259646,259606,259616,259626,259626,259638,259651,259619,259626
259693,259714,259732,259740,259785,259705,259724,259737,259699,259709,259718,259718,259730,259742,259712,259718
259785,259805,259825,259833,259881,259796,259816,259830,259791,259800,259810,259810,259823,259835,259804,259810
259881,259901,259920,259929,259977,259892,259912,259926,259886,259896,259906,259906,259918,259931,259900,259906
259977,259997,260015,260025,260068,259988,260007,260021,259982,259992,260001,260001,260013,260026,259995,260001
260068,260088,260107,260116,260163,260079,260098,260113,260073,260083,260093,260093,260105,260118,260086,260093
260163,260183,260202,260211,260259,260174,260193,260208,260168,260178,260187,260187,260200,260214,260181,260187
260259,260278,260298,260308,260350,260270,260289,260303,260264,260274,260283,260283,260296,260308,260277,260283
260350,260371,260390,260399,260441,260362,260382,260397,260357,260366,260376,260376,260389,260402,260370,260376
260441,260469,260487,260496,260546,260460,260479,260495,260454,260464,260473,260473,260486,260501,260467,260473
260546,260567,260586,260595,260639,260558,260577,260591,260552,260562,260572,260572,260584,260596,260565,260572
260639,260659,260678,260688,260728,260650,260669,260683,260644,260654,260664,260664,260676,260688,260657,260664
260728,260754,260773,260783,260832,260746,260765,260780,260740,260750,260759,260759,260772,260785,260753,260759
260832,260852,260871,260881,260925,260843,260863,260877,260837,260847,260857,260857,260869,260882,260850,260857
260925,260945,260964,260974,261018,260936,260954,260969,260930,260940,260950,260950,260961,260974,260943,260950
261018,261038,261057,261066,261116,261029,261048,261063,261023,261033,261043,261043,261055,261067,261036,261043
261116,261136,261155,261164,261213,261127,261146,261161,261121,261131,261141,261141,261153,261166,261134,261141
261213,261232,261251,261261,261295,261224,261242,261256,261218,261228,261238,261238,261249,261261,261231,261238
261295,261322,261340,261350,261389,261313,261332,261346,261307,261317,261327,261327,261339,261352,261320,261327
261389,261418,261437,261446,261487,261409,261428,261443,261403,261413,261423,261423,261435,261448,261416,261423
261487,261513,261533,261543,261588,261505,261524,261539,261499,261509,261519,261519,261531,261544,261512,261519
261588,261608,261627,261636,261679,261599,261618,261632,261594,261603,261613,261613,261625,261636,261607,261613
261679,261699,261719,261728,261775,261691,261710,261724,261685,261695,261705,261705,261717,261728,261698,261705
261775,261795,261815,261821,261869,261786,261806,261820,261781,261790,261801,261801,261813,261825,261794,261801
261869,261890,261909,261918,261954,261882,261901,261914,261876,261886,261896,261896,261908,261919,261889,261896
261954,261982,262000,262010,262055,261973,261992,262006,261968,261977,261987,261987,261999,262011,261981,261987
262055,262075,262094,262102,262140,262066,262085,262100,262060,262070,262080,262080,262092,262105,262074,262080
262140,262169,262189,262197,262245,262161,262181,262195,262155,262165,262175,262175,262187,262200,262168,262175
262245,262264,262284,262293,262336,262256,262275,262289,262250,262260,262270,262270,262282,262294,262264,262270
262336,262355,262375,262384,262423,262347,262366,262380,262341,262351,262361,262361,262373,262385,262354,262361
262423,262449,262469,262478,262525,262441,262460,262475,262435,262445,262455,262455,262467,262479,262448,262455
262525,262545,262565,262574,262617,262537,262556,262570,262531,262540,262550,262550,262563,262575,262544,262550
262617,262636,262655,262665,262706,262628,262647,262661,262622,262632,262642,262642,262653,262666,262636,262642
262706,262725,262744,262753,262795,262717,262736,262749,262711,262721,262731,262731,262742,262754,262724,262731
262795,262815,262835,262843,262888,262807,262826,262840,262801,262810,262820,262820,262833,262845,262814,262820
262888,262907,262927,262935,262980,262899,262918,262932,262893,262903,262912,262912,262924,262937,262906,262912
262980,263000,263019,263028,263076,262991,263010,263024,262985,262995,263004,263004,263017,263029,262998,263004
263076,263095,263115,263124,263174,263087,263106,263120,263081,263090,263100,263100,263113,263125,263094,263100
263174,263194,263214,263221,263267,263185,263205,263219,263179,263189,263199,263199,263212,263223,263192,263199
263267,263286,263305,263315,263354,263278,263296,263311,263272,263282,263291,263291,263303,263316,263285,263291
263354,263373,263392,263402,263440,263364,263383,263397,263359,263368,263378,263378,263390,263402,263371,263378
263440,263460,263479,263489,263530,263451,263471,263485,263446,263455,263465,263465,263477,263490,263459,263465
263530,263550,263570,263579,263618,263542,263560,263574,263536,263546,263555,263555,263567,263579,263549,263555
263618,263637,263657,263666,263707,263629,263647,263661,263623,263633,263643,263643,263654,263666,263636,263643
263707,263726,263746,263755,263800,263718,263737,263751,263712,263722,263731,263731,263744,263756,263725,263731
263800,263820,263839,263848,263893,263811,263830,263844,263805,263815,263824,263824,263837,263849,263818,263824
263893,263912,263931,263940,263981,263904,263922,263936,263898,263908,263918,263918,263929,263941,263911,263918
263981,264000,264019,264029,264069,263992,264010,264025,263986,263996,264006,264006,264017,264029,263999,264006
264069,264089,264108,264117,264158,264080,264099,264113,264075,264084,264094,264094,264106,264118,264088,264094
264158,264177,264196,264205,264242,264169,264187,264201,264163,264173,264182,264182,264194,264206,264176,264182
264242,264260,264279,264287,264327,264252,264270,264284,264246,264256,264266,264266,264277,264289,264259,264266
264327,264346,264364,264371,264416,264337,264356,264370,264331,264341,264350,264350,264362,264375,264344,264350
264416,264436,264454,264462,264510,264427,264446,264459,264421,264430,264440,264440,264452,264465,264434,264440
264510,264530,264549,264554,264603,264521,264540,264553,264516,264525,264535,264535,264546,264558,264529,264535
264603,264623,264642,264649,264700,264614,264634,264647,264608,264618,264628,264628,264640,264652,264621,264628
264700,264720,264739,264745,264798,264711,264730,264744,264705,264715,264725,264725,264737,264749,264718,264725
264798,264817,264835,264842,264889,264808,264827,264841,264803,264812,264822,264822,264833,264846,264816,264822
264889,264909,264928,264933,264981,264900,264919,264932,264894,264904,264914,264914,264926,264937,264907,264914
264981,265001,265020,265025,265074,264992,265011,265024,264986,264996,265006,265006,265018,265029,264999,265006
265074,265094,265112,265121,265163,265085,265104,265118,265079,265089,265098,265098,265110,265122,265092,265098
265163,265182,265201,265209,265251,265173,265192,265206,265167,265177,265187,265187,265199,265211,265181,265187
265251,265271,265289,265295,265340,265261,265281,265294,265256,265265,265275,265275,265287,265299,265269,265275
265340,265360,265379,265387,265433,265351,265371,265384,265346,265355,265365,265365,265377,265389,265359,265365
265433,265453,265471,265480,265525,265444,265462,265476,265438,265448,265457,265457,265469,265481,265451,265457
265525,265544,265563,265572,265622,265536,265555,265569,265530,265540,265549,265549,265561,265574,265543,265549
265622,265641,265661,265668,265720,265633,265652,265666,265627,265637,265647,265647,265659,265670,265640,265647
265720,265739,265758,265768,265810,265731,265749,265763,265725,265735,265745,265745,265756,265768,265738,265745
265810,265829,265849,265858,265901,265821,265840,265854,265815,265825,265835,265835,265847,265859,265828,265835
265901,265921,265941,265949,265994,265912,265932,265946,265907,265916,265927,265927,265939,265951,265920,265927
265994,266014,266033,266043,266083,266005,266024,266039,266000,266009,266020,266020,266031,266044,266013,266020
266083,266102,266122,266131,266173,266094,266113,266127,266088,266098,266108,266108,266120,266132,266102,266108
266173,266193,266213,266221,266268,266185,266204,266218,266179,266189,266199,266199,266211,266223,266192,266199
266268,266288,266307,266316,266357,266279,266298,266313,266274,266283,266294,266294,266305,266317,266287,266294
266357,266376,266395,266405,266447,266368,266387,266401,266362,266372,266382,266382,266393,266406,266375,266382
266447,266466,266486,266495,266539,266458,266477,266492,266452,266462,266472,266472,266484,266497,266465,266472
266539,266559,266578,266587,266630,266550,266570,266584,266545,266554,266564,266564,266576,266588,266558,266564
266630,266649,266668,266677,266716,266641,266659,266673,266635,266645,266655,266655,266666,266678,266648,266655
266716,266735,266754,266764,266805,266727,266746,266760,266721,266731,266741,266741,266752,266766,266734,266741
266805,266825,266845,266853,266897,266817,266836,266851,266811,266821,266831,266831,266843,266855,266824,266831
266897,266917,266936,266945,266985,266908,266927,266942,266903,266912,266923,266923,266934,266946,266916,266923
266985,267004,267024,267033,267070,266996,267015,267029,266990,267000,267010,267010,267021,267034,267004,267010
267070,267090,267108,267115,267159,267081,267100,267114,267075,267085,267094,267094,267106,267119,267088,267094
267159,267179,267198,267205,267253,267170,267190,267204,267165,267174,267184,267184,267196,267209,267178,267184
267253,267273,267292,267301,267344,267264,267284,267298,267259,267268,267279,267279,267290,267303,267272,267279
267344,267363,267382,267392,267434,267355,267373,267388,267349,267359,267369,267369,267380,267393,267362,267369
267434,267454,267473,267482,267526,267445,267464,267479,267440,267449,267459,267459,267471,267484,267453,267459
267526,267546,267566,267575,267614,267538,267557,267571,267532,267542,267552,267552,267564,267576,267545,267552
267614,267633,267653,267663,267701,267625,267643,267658,267620,267629,267639,267639,267650,267663,267633,267639
267701,267720,267739,267749,267790,267712,267730,267745,267706,267716,267726,267726,267737,267750,267719,267726
267790,267809,267829,267838,267882,267801,267820,267834,267795,267805,267815,267815,267827,267839,267808,267815
267882,267901,267921,267931,267970,267893,267911,267927,267888,267897,267907,267907,267919,267931,267901,267907
267970,267990,268009,268019,268061,267981,268000,268015,267976,267985,267995,267995,268007,268020,267989,267995
268061,268080,268100,268110,268153,268072,268091,268106,268067,268076,268086,268086,268098,268111,268079,268086
268153,268172,268192,268202,268245,268164,268183,268198,268158,268168,268178,268178,268190,268203,268172,268178
268245,268264,268283,268294,268335,268256,268274,268289,268251,268260,268270,268270,268281,268295,268264,268270
268335,268355,268374,268384,268423,268346,268365,268380,268341,268350,268360,268360,268372,268384,268354,268360
268423,268449,268469,268479,268522,268441,268459,268475,268435,268445,268455,268455,268467,268479,268448,268455
268522,268541,268561,268571,268609,268533,268551,268566,268527,268537,268547,268547,268558,268571,268540,268547
268609,268629,268648,268659,268700,268620,268639,268654,268615,268625,268635,268635,268646,268659,268628,268635
268700,268720,268740,268750,268794,268712,268731,268746,268707,268716,268726,268726,268739,268751,268720,268726
268794,268814,268834,268844,268885,268806,268825,268839,268801,268810,268820,268820,268832,268844,268813,268820
268885,268904,268924,268934,268977,268896,268914,268929,268890,268900,268910,268910,268922,268934,268904,268910
268977,268997,269016,269026,269075,268988,269007,269022,268983,268992,269003,269003,269014,269026,268996,269003
269075,269095,269114,269124,269168,269087,269105,269120,269081,269091,269101,269101,269112,269125,269094,269101
269168,269187,269206,269216,269261,269179,269197,269212,269173,269183,269193,269193,269204,269218,269186,269193
269261,269280,269299,269308,269349,269272,269291,269305,269266,269276,269286,269286,269297,269310,269279,269286
269349,269377,269396,269407,269442,269369,269388,269403,269363,269373,269383,269383,269395,269409,269376,269383
269442,269470,269488,269499,269543,269462,269480,269494,269456,269466,269476,269476,269487,269500,269469,269476
269543,269563,269583,269592,269641,269554,269574,269588,269549,269558,269569,269569,269581,269593,269562,269569
269641,269661,269680,269689,269726,269652,269672,269685,269647,269656,269667,269667,269678,269690,269660,269667
269726,269752,269771,269781,269819,269743,269762,269776,269738,269748,269758,269758,269769,269781,269751,269758
269819,269844,269864,269873,269913,269836,269856,269869,269830,269840,269851,269851,269863,269874,269844,269851
269913,269940,269959,269969,270012,269931,269950,269965,269926,269935,269946,269946,269957,269969,269939,269946
270012,270031,270051,270060,270104,270023,270042,270056,270017,270027,270037,270037,270049,270061,270031,270037
270104,270123,270143,270153,270199,270115,270134,270149,270109,270119,270130,270130,270141,270155,270123,270130
270199,270218,270238,270247,270287,270210,270228,270243,270204,270214,270224,270224,270236,270248,270217,270224
270287,270306,270325,270336,270374,270298,270316,270331,270292,270302,270311,270311,270323,270336,270305,270311
270374,270394,270414,270423,270470,270386,270405,270419,270380,270390,270400,270400,270412,270424,270393,270400
270470,270489,270509,270519,270562,270481,270500,270514,270475,270485,270495,270495,270507,270519,270488,270495
270562,270581,270601,270610,270654,270573,270592,270606,270567,270577,270587,270587,270599,270610,270580,270587
270654,270674,270693,270703,270749,270665,270684,270699,270660,270669,270679,270679,270691,270705,270673,270679
270749,270768,270787,270797,270838,270760,270778,270793,270754,270764,270773,270773,270785,270798,270767,270773
270838,270857,270876,270886,270929,270848,270867,270881,270843,270852,270862,270862,270874,270886,270856,270862
270929,270948,270968,270977,271023,270940,270959,270973,270934,270944,270954,270954,270966,270978,270947,270954
271023,271043,271063,271073,271115,271035,271053,271068,271029,271039,271049,271049,271061,271073,271042,271049
271115,271134,271153,271163,271209,271126,271144,271159,271120,271130,271139,271139,271151,271163,271133,271139
271209,271229,271249,271258,271302,271220,271240,271254,271215,271224,271235,271235,271247,271259,271228,271235
271302,271322,271342,271352,271392,271314,271333,271347,271309,271318,271328,271328,271340,271352,271322,271328
271392,271411,271431,271441,271477,271403,271422,271436,271397,271407,271417,271417,271429,271441,271410,271417
271477,271504,271523,271532,271577,271496,271515,271529,271490,271499,271509,271509,271522,271533,271503,271509
271577,271597,271616,271626,271667,271589,271607,271622,271583,271593,271603,271603,271614,271627,271596,271603
271667,271687,271706,271715,271762,271679,271697,271711,271673,271683,271692,271692,271704,271716,271686,271692
271762,271782,271802,271811,271850,271774,271793,271807,271768,271778,271788,271788,271800,271812,271781,271788
271850,271880,271899,271910,271953,271872,271891,271905,271867,271876,271887,271887,271898,271910,271880,271887
271953,271972,271992,272002,272043,271964,271983,271997,271958,271968,271978,271978,271990,272002,271971,271978
272043,272063,272083,272092,272133,272055,272074,272088,272049,272059,272069,272069,272081,272093,272063,272069
272133,272153,272172,272182,272220,272144,272163,272177,272139,272148,272159,272159,272170,272182,272152,272159
272220,272238,272258,272267,272308,272230,272249,272263,272224,272234,272244,272244,272256,272268,272237,272244
272308,272329,272348,272357,272396,272320,272339,272353,272314,272324,272334,272334,272346,272358,272327,272334
272396,272422,272441,272450,272493,272414,272433,272446,272408,272417,272428,272428,272439,272451,272421,272428
272493,272512,272532,272541,272579,272504,272523,272537,272498,272508,272517,272517,272530,272541,272511,272517
272579,272608,272627,272636,272687,272599,272619,272632,272594,272603,272614,272614,272625,272637,272607,272614
272687,272707,272727,272736,272780,272699,272718,272732,272693,272703,272713,272713,272725,272736,272706,272713
272780,272800,272820,272829,272867,272792,272811,272825,272786,272796,272806,272806,272818,272829,272799,272806
272867,272893,272913,272922,272966,272885,272904,272919,272879,272889,272899,272899,272911,272923,272892,272899
272966,272985,273006,273015,273054,272977,272996,273011,272972,272981,272992,272992,273004,273015,272985,272992
273054,273073,273093,273103,273141,273065,273083,273098,273059,273069,273080,273080,273091,273103,273073,273080
273141,273160,273180,273190,273230,273152,273171,273185,273146,273156,273166,273166,273178,273190,273159,273166
273230,273249,273269,273279,273317,273241,273260,273275,273235,273245,273255,273255,273267,273280,273248,273255
273317,273336,273355,273366,273402,273328,273346,273361,273322,273332,273342,273342,273353,273365,273335,273342
273402,273421,273441,273451,273490,273413,273432,273446,273407,273417,273427,273427,273439,273451,273421,273427
273490,273509,273529,273539,273582,273501,273521,273535,273495,273505,273516,273516,273527,273539,273509,273516
273582,273602,273622,273632,273672,273594,273612,273627,273589,273598,273609,273609,273620,273632,273602,273609
273672,273692,273711,273721,273763,273683,273701,273717,273678,273688,273698,273698,273709,273721,273691,273698
273763,273782,273802,273811,273855,273774,273792,273807,273768,273778,273788,273788,273800,273811,273781,273788
273855,273874,273894,273904,273944,273866,273885,273899,273860,273870,273880,273880,273892,273905,273874,273880
273944,273963,273982,273992,274031,273955,273973,273987,273950,273959,273969,273969,273980,273993,273963,273969
274031,274049,274069,274079,274119,274041,274060,274074,274036,274045,274056,274056,274067,274079,274049,274056
274119,274139,274159,274168,274213,274131,274149,274164,274125,274135,274145,274145,274157,274168,274138,274145
274213,274232,274252,274263,274306,274224,274242,274257,274218,274228,274238,274238,274250,274262,274231,274238
274306,274325,274344,274354,274395,274317,274334,274349,274311,274321,274330,274330,274342,274354,274324,274330
274395,274415,274434,274444,274487,274406,274425,274439,274401,274410,274421,274421,274432,274444,274414,274421
274487,274506,274526,274535,274578,274498,274517,274531,274492,274502,274512,274512,274524,274536,274505,274512
274578,274598,274617,274628,274668,274589,274608,274623,274584,274593,274604,274604,274615,274628,274597,274604
274668,274688,274707,274718,274754,274680,274697,274713,274674,274684,274693,274693,274705,274718,274687,274693
274754,274773,274792,274802,274839,274764,274783,274797,274759,274769,274779,274779,274790,274802,274772,274779
274839,274858,274877,274887,274925,274849,274868,274883,274844,274853,274863,274863,274875,274888,274857,274863
274925,274945,274964,274972,275018,274936,274955,274970,274930,274940,274950,274950,274962,274975,274944,274950
275018,275038,275056,275064,275108,275029,275047,275062,275023,275033,275042,275042,275054,275068,275036,275042
275108,275128,275145,275153,275197,275119,275137,275152,275113,275123,275132,275132,275143,275157,275127,275132
275197,275218,275235,275242,275287,275208,275227,275241,275202,275212,275222,275222,275233,275246,275216,275222
275287,275308,275326,275333,275377,275299,275318,275332,275293,275303,275312,275312,275324,275338,275306,275312
275377,275397,275415,275424,275462,275388,275406,275420,275382,275392,275402,275402,275413,275425,275395,275402
275462,275482,275500,275506,275549,275473,275491,275505,275467,275477,275487,275487,275498,275510,275481,275487
275549,275568,275587,275596,275638,275559,275578,275593,275553,275563,275573,275573,275585,275597,275567,275573
275638,275658,275677,275686,275727,275649,275667,275682,275643,275653,275662,275662,275675,275687,275656,275662
275727,275746,275765,275775,275816,275738,275756,275770,275732,275742,275752,275752,275763,275775,275745,275752
275816,275835,275854,275863,275905,275826,275844,275859,275820,275830,275840,275840,275851,275864,275834,275840
275905,275925,275944,275954,275995,275916,275935,275949,275910,275920,275930,275930,275942,275955,275924,275930
275995,276014,276033,276043,276083,276005,276024,276039,276000,276010,276020,276020,276031,276044,276013,276020
276083,276101,276120,276131,276166,276093,276111,276125,276087,276097,276107,276107,276118,276131,276100,276107
276166,276185,276204,276214,276252,276176,276194,276209,276171,276181,276190,276190,276202,276215,276184,276190
276252,276271,276290,276300,276341,276263,276281,276296,276257,276267,276277,276277,276288,276300,276270,276277
276341,276360,276380,276390,276432,276352,276370,276386,276346,276356,276366,276366,276378,276391,276360,276366
276432,276451,276470,276481,276518,276443,276461,276476,276437,276447,276457,276457,276468,276481,276451,276457
276518,276537,276556,276566,276604,276529,276547,276561,276523,276533,276543,276543,276554,276566,276536,276543
276604,276622,276642,276653,276690,276614,276633,276648,276608,276618,276628,276628,276640,276653,276622,276628
276690,276709,276728,276739,276775,276700,276718,276734,276695,276704,276715,276715,276726,276739,276708,276715
276775,276794,276812,276823,276857,276786,276803,276818,276780,276790,276800,276800,276810,276823,276793,276800
276857,276876,276895,276906,276941,276868,276886,276901,276862,276872,276882,276882,276893,276907,276875,276882
276941,276961,276980,276990,277028,276952,276971,276985,276947,276956,276966,276966,276978,276991,276960,276966
277028,277047,277067,277077,277113,277039,277057,277072,277033,277043,277054,277054,277064,277077,277047,277054
277113,277131,277150,277160,277195,277123,277140,277155,277117,277127,277137,277137,277147,277160,277130,277137
277195,277214,277233,277243,277281,277205,277224,277238,277200,277209,277219,277219,277231,277244,277213,277219
277281,277301,277320,277331,277372,277293,277311,277326,277287,277297,277306,277306,277318,277332,277300,277306
277372,277391,277410,277421,277458,277383,277401,277415,277377,277387,277397,277397,277408,277420,277390,277397
277458,277477,277496,277506,277544,277468,277486,277501,277463,277473,277482,277482,277494,277506,277476,277482
277544,277563,277582,277592,277632,277555,277573,277587,277549,277559,277568,277568,277580,277592,277562,277568
277632,277651,277670,277680,277719,277643,277661,277676,277637,277647,277657,277657,277668,277681,277650,277657
277719,277737,277756,277767,277808,277729,277748,277762,277724,277733,277743,277743,277754,277767,277737,277743
277808,277827,277846,277857,277900,277819,277837,277852,277813,277823,277833,277833,277844,277857,277826,277833
277900,277919,277939,277949,277992,277911,277930,277945,277906,277915,277925,277925,277937,277949,277919,277925
277992,278011,278031,278041,278079,278003,278021,278036,277998,278007,278017,278017,278028,278041,278011,278017
278079,278098,278117,278128,278167,278090,278108,278123,278084,278094,278104,278104,278115,278128,278097,278104
278167,278186,278206,278216,278256,278178,278196,278211,278172,278182,278192,278192,278204,278216,278185,278192
278256,278275,278294,278305,278344,278266,278285,278300,278261,278270,278280,278280,278292,278304,278274,278280
278344,278363,278382,278392,278430,278355,278373,278388,278349,278359,278369,278369,278380,278392,278363,278369
278430,278448,278468,278478,278517,278440,278458,278473,278434,278444,278454,278454,278466,278478,278447,278454
278517,278535,278555,278565,278603,278527,278546,278561,278521,278531,278541,278541,278553,278566,278534,278541
278603,278622,278641,278652,278685,278614,278632,278647,278608,278618,278627,278627,278639,278651,278621,278627
278685,278704,278724,278734,278768,278696,278714,278729,278691,278700,278710,278710,278722,278734,278704,278710
278768,278786,278806,278817,278851,278778,278797,278811,278772,278782,278792,278792,278804,278816,278786,278792
278851,278869,278889,278900,278937,278861,278880,278896,278856,278865,278876,278876,278887,278901,278869,278876
278937,278956,278975,278985,279019,278947,278965,278980,278942,278952,278962,278962,278973,278985,278955,278962
279019,279038,279057,279068,279101,279029,279047,279063,279024,279034,279043,279043,279055,279067,279037,279043
279101,279120,279139,279149,279185,279112,279130,279145,279106,279116,279126,279126,279137,279150,279119,279126
279185,279204,279223,279233,279270,279196,279214,279229,279190,279200,279210,279210,279221,279235,279203,279210
279270,279289,279308,279319,279353,279281,279298,279314,279275,279285,279294,279294,279306,279319,279288,279294
279353,279371,279390,279401,279436,279363,279381,279396,279358,279367,279377,279377,279388,279401,279371,279377
279436,279454,279474,279484,279520,279446,279464,279479,279441,279450,279460,279460,279472,279483,279454,279460
279520,279539,279558,279569,279607,279531,279549,279564,279525,279535,279544,279544,279556,279569,279538,279544
279607,279626,279646,279657,279695,279618,279636,279651,279612,279622,279632,279632,279644,279657,279625,279632
279695,279713,279732,279743,279778,279705,279723,279737,279699,279709,279719,279719,279730,279742,279713,279719
279778,279796,279815,279826,279863,279788,279806,279821,279782,279792,279801,279801,279813,279826,279795,279801
279863,279881,279901,279910,279948,279873,279892,279907,279868,279877,279888,279888,279899,279911,279881,279888
279948,279969,279988,279999,280038,279961,279979,279994,279955,279965,279974,279974,279986,279999,279968,279974
280038,280057,280076,280087,280123,280049,280067,280081,280043,280053,280063,280063,280073,280087,280057,280063
280123,280142,280161,280172,280209,280134,280152,280166,280128,280138,280147,280147,280159,280172,280141,280147
280209,280229,280248,280257,280301,280220,280239,280253,280214,280224,280234,280234,280245,280258,280228,280234
280301,280320,280340,280349,280390,280312,280331,280345,280306,280316,280326,280326,280338,280350,280320,280326
280390,280409,280427,280438,280474,280400,280418,280432,280394,280404,280414,280414,280425,280438,280408,280414
280474,280493,280512,280521,280560,280484,280502,280517,280479,280489,280499,280499,280510,280522,280492,280499
280560,280579,280598,280608,280646,280571,280589,280604,280565,280575,280585,280585,280596,280609,280578,280585
280646,280665,280684,280694,280730,280657,280675,280689,280651,280661,280671,280671,280681,280695,280665,280671
280730,280749,280767,280777,280815,280740,280758,280772,280734,280744,280754,280754,280765,280777,280748,280754
280815,280834,280853,280863,280903,280826,280844,280859,280820,280830,280840,280840,280851,280864,280833,280840
280903,280923,280942,280952,280992,280914,280933,280947,280909,280918,280928,280928,280940,280953,280922,280928
280992,281010,281029,281040,281076,281002,281020,281034,280996,281006,281016,281016,281027,281039,281010,281016
281076,281095,281114,281125,281162,281087,281105,281120,281081,281091,281101,281101,281112,281125,281095,281101
281162,281183,281202,281213,281254,281174,281193,281208,281169,281178,281188,281188,281200,281213,281182,281188
281254,281273,281292,281302,281341,281265,281282,281297,281259,281269,281279,281279,281290,281302,281272,281279
281341,281359,281378,281389,281426,281351,281369,281383,281345,281355,281365,281365,281376,281389,281358,281365
281426,281446,281465,281476,281516,281438,281456,281471,281432,281442,281451,281451,281463,281476,281445,281451
281516,281536,281555,281565,281603,281527,281546,281560,281522,281531,281541,281541,281553,281565,281535,281541
281603,281621,281641,281651,281688,281613,281631,281646,281607,281617,281627,281627,281638,281651,281621,281627
281688,281707,281726,281736,281776,281698,281717,281731,281693,281702,281712,281712,281724,281736,281706,281712
281776,281795,281815,281825,281864,281787,281806,281820,281781,281791,281801,281801,281813,281825,281794,281801
281864,281883,281902,281912,281950,281875,281893,281907,281869,281879,281889,281889,281900,281912,281882,281889
281950,281968,281988,281998,282038,281960,281979,281993,281954,281964,281974,281974,281986,281998,281968,281974
282038,282057,282077,282087,282128,282049,282068,282083,282043,282053,282063,282063,282075,282087,282056,282063
282128,282146,282166,282176,282212,282138,282156,282171,282133,282142,282152,282152,282163,282176,282146,282152
282212,282230,282249,282259,282296,282222,282240,282254,282216,282226,282236,282236,282247,282259,282229,282236
282296,282315,282335,282345,282383,282307,282326,282340,282301,282311,282321,282321,282333,282345,282314,282321
282383,282402,282421,282431,282468,282393,282412,282427,282388,282397,282407,282407,282419,282431,282401,282407
282468,282486,282505,282515,282549,282478,282496,282510,282472,282482,282492,282492,282503,282515,282486,282492
282549,282568,282587,282597,282634,282560,282579,282593,282554,282564,282574,282574,282585,282599,282567,282574
282634,282654,282672,282679,282722,282645,282664,282677,282639,282649,282659,282659,282670,282682,282652,282659
282722,282742,282761,282769,282807,282733,282752,282766,282728,282738,282747,282747,282759,282771,282741,282747
282807,282827,282845,282853,282892,282818,282836,282850,282812,282822,282832,282832,282842,282855,282826,282832
282892,282911,282930,282938,282978,282903,282921,282935,282897,282907,282916,282916,282928,282940,282910,282916
282978,282998,283017,283024,283066,282989,283008,283022,282983,282993,283003,283003,283015,283027,282997,283003
283066,283085,283104,283114,283150,283077,283095,283110,283071,283081,283090,283090,283102,283116,283084,283090
283150,283170,283188,283198,283234,283161,283179,283194,283156,283165,283174,283174,283186,283199,283169,283174
283234,283253,283272,283282,283318,283244,283263,283277,283239,283248,283258,283258,283270,283282,283252,283258
283318,283337,283356,283366,283405,283329,283347,283362,283323,283333,283342,283342,283354,283368,283336,283342
283405,283423,283442,283453,283489,283415,283433,283448,283409,283419,283429,283429,283440,283453,283422,283429
283489,283508,283526,283535,283574,283499,283517,283531,283493,283503,283513,283513,283524,283536,283507,283513
283574,283592,283612,283621,283660,283584,283602,283617,283578,283588,283598,283598,283610,283622,283591,283598
283660,283679,283699,283708,283748,283671,283689,283704,283665,283675,283685,283685,283697,283709,283678,283685
283748,283767,283786,283796,283834,283758,283777,283792,283753,283762,283772,283772,283784,283797,283766,283772
283834,283852,283871,283881,283916,283844,283862,283876,283838,283848,283857,283857,283869,283881,283851,283857
283916,283934,283954,283963,283998,283926,283944,283959,283921,283930,283940,283940,283952,283964,283934,283940
283998,284016,284036,284046,284081,284008,284026,284041,284002,284012,284022,284022,284034,284046,284015,284022
284081,284100,284119,284130,284167,284092,284110,284125,284086,284096,284106,284106,284117,284130,284099,284106
284167,284186,284205,284215,284253,284177,284196,284210,284172,284181,284191,284191,284202,284215,284185,284191
284253,284272,284291,284302,284339,284264,284282,284296,284258,284268,284278,284278,284289,284302,284272,284278
284339,284357,284376,284386,284424,284349,284367,284381,284343,284353,284363,284363,284374,284386,284356,284363
284424,284443,284463,284473,284512,284435,284454,284468,284430,284439,284449,284449,284461,284473,284443,284449
284512,284531,284551,284561,284600,284523,284542,284556,284517,284527,284537,284537,284549,284561,284531,284537
284600,284619,284638,284649,284687,284611,284629,284644,284605,284615,284625,284625,284636,284649,284619,284625
284687,284706,284725,284736,284771,284697,284715,284730,284692,284702,284711,284711,284722,284736,284705,284711
284771,284790,284809,284820,284858,284782,284800,284815,284777,284786,284796,284796,284807,284820,284790,284796
284858,284877,284896,284905,284945,284869,284887,284901,284863,284873,284882,284882,284894,284906,284876,284882
284945,284965,284983,284991,285036,284956,284975,284990,284950,284960,284969,284969,284981,284995,284963,284969
285036,285056,285074,285083,285122,285047,285065,285079,285041,285051,285059,285059,285072,285084,285054,285059
285122,285143,285159,285166,285209,285132,285151,285165,285126,285136,285144,285144,285156,285171,285139,285144
285209,285230,285247,285254,285299,285219,285239,285252,285213,285223,285232,285232,285245,285258,285226,285232
285299,285319,285337,285343,285387,285310,285328,285342,285303,285314,285323,285323,285335,285346,285317,285323
285387,285406,285423,285429,285475,285396,285415,285428,285390,285400,285409,285409,285421,285432,285403,285409
285475,285494,285512,285520,285566,285484,285504,285516,285478,285488,285498,285498,285510,285520,285492,285498
285566,285585,285604,285611,285664,285575,285594,285608,285569,285579,285589,285589,285602,285612,285583,285589
285664,285683,285702,285710,285760,285673,285693,285706,285667,285677,285687,285687,285700,285710,285681,285687
285760,285779,285797,285806,285853,285770,285789,285802,285764,285773,285783,285783,285795,285807,285777,285783
285853,285873,285891,285899,285940,285862,285882,285895,285856,285866,285875,285875,285889,285900,285870,285875
285940,285959,285977,285983,286022,285949,285969,285982,285943,285954,285964,285964,285975,285988,285957,285964
286022,286042,286059,286067,286103,286032,286050,286064,286026,286036,286044,286044,286057,286070,286039,286044
286103,286123,286140,286145,286181,286112,286132,286144,286106,286116,286125,286125,286137,286150,286119,286125
286181,286202,286220,286225,286263,286191,286210,286224,286185,286196,286203,286203,286217,286229,286199,286203
286263,286283,286300,286307,286352,286273,286292,286305,286266,286277,286285,286285,286298,286310,286280,286285
286352,286373,286390,286396,286454,286362,286382,286395,286356,286366,286375,286375,286388,286400,286370,286375
286454,286476,286493,286499,286557,286465,286484,286498,286459,286470,286479,286479,286491,286502,286473,286479
286557,286579,286597,286604,286656,286569,286588,286602,286563,286573,286581,286581,286595,286607,286576,286581
286656,286678,286695,286702,286750,286668,286686,286701,286662,286672,286680,286680,286693,286710,286675,286680
286750,286770,286788,286798,286836,286761,286779,286794,286755,286766,286775,286775,286786,286799,286769,286775
286836,286855,286873,286883,286916,286846,286864,286878,286840,286850,286860,286860,286871,286883,286854,286860
286916,286935,286954,286963,286996,286926,286945,286959,286920,286930,286940,286940,286952,286964,286934,286940
286996,287015,287034,287044,287081,287006,287024,287039,287000,287010,287020,287020,287032,287044,287014,287020
287081,287100,287119,287129,287179,287091,287110,287124,287085,287095,287106,287106,287117,287129,287099,287106
287179,287200,287219,287228,287282,287191,287210,287224,287185,287195,287206,287206,287217,287229,287199,287206
287282,287302,287321,287331,287382,287293,287311,287327,287287,287297,287308,287308,287319,287331,287301,287308
287382,287403,287422,287433,287482,287394,287413,287428,287389,287399,287409,287409,287420,287433,287402,287409
287482,287502,287522,287533,287576,287494,287512,287527,287488,287498,287509,287509,287520,287532,287502,287509
287576,287596,287615,287627,287664,287587,287605,287621,287581,287591,287601,287601,287613,287626,287595,287601
287664,287683,287703,287714,287751,287675,287693,287709,287669,287679,287689,287689,287701,287714,287683,287689
287751,287770,287790,287800,287839,287761,287780,287795,287756,287766,287776,287776,287788,287800,287769,287776
287839,287859,287879,287889,287934,287851,287869,287884,287845,287855,287865,287865,287877,287889,287858,287865
287934,287955,287975,287986,288027,287947,287965,287980,287941,287951,287962,287962,287973,287985,287954,287962
288027,288054,288074,288085,288132,288046,288064,288080,288040,288050,288061,288061,288073,288085,288054,288061
288132,288153,288173,288184,288229,288144,288163,288178,288138,288148,288160,288160,288171,288185,288152,288160
288229,288249,288269,288281,288320,288241,288258,288274,288235,288245,288256,288256,288267,288280,288249,288256
288320,288340,288359,288371,288407,288331,288349,288365,288326,288336,288346,288346,288356,288371,288339,288346
288407,288426,288446,288457,288492,288418,288436,288452,288412,288422,288432,288432,288444,288457,288426,288432
288492,288510,288530,288541,288576,288502,288521,288536,288496,288506,288516,288516,288528,288540,288510,288516
288576,288595,288615,288626,288667,288587,288606,288621,288581,288591,288602,288602,288613,288626,288595,288602
288667,288687,288707,288717,288765,288678,288697,288712,288672,288682,288693,288693,288705,288717,288686,288693
288765,288785,288805,288816,288861,288777,288795,288811,288771,288781,288791,288791,288803,288816,288784,288791
288861,288882,288901,288914,288955,288873,288892,288908,288868,288878,288888,288888,288900,288913,288881,288888
288955,288975,288994,289007,289044,288967,288984,289000,288961,288971,288981,288981,288992,289006,288974,288981
289044,289063,289082,289094,289128,289055,289072,289088,289049,289059,289068,289068,289080,289093,289062,289068
289128,289147,289166,289177,289211,289138,289156,289171,289133,289143,289152,289152,289164,289176,289146,289152
289211,289230,289249,289261,289297,289222,289240,289255,289216,289226,289237,289237,289247,289261,289230,289237
289297,289316,289335,289346,289387,289307,289325,289341,289302,289312,289322,289322,289333,289346,289315,289322
289387,289406,289426,289436,289480,289398,289416,289431,289392,289402,289412,289412,289424,289436,289405,289412
289480,289500,289520,289532,289571,289492,289510,289526,289486,289496,289507,289507,289518,289532,289499,289507
289571,289596,289615,289627,289669,289587,289606,289621,289582,289591,289602,289602,289614,289626,289595,289602
289669,289690,289710,289721,289761,289682,289700,289715,289676,289686,289697,289697,289708,289721,289689,289697
289761,289780,289799,289812,289845,289772,289789,289805,289766,289776,289786,289786,289797,289810,289780,289786
289845,289864,289883,289895,289927,289856,289873,289889,289850,289860,289870,289870,289881,289894,289864,289870
289927,289945,289965,289975,290009,289937,289955,289970,289931,289941,289951,289951,289962,289975,289945,289951
290009,290028,290047,290057,290095,290020,290038,290053,290014,290024,290033,290033,290045,290058,290027,290033
290095,290116,290134,290142,290193,290106,290125,290138,290100,290110,290120,290120,290132,290143,290114,290120
290193,290214,290231,290236,290298,290203,290223,290235,290197,290207,290216,290216,290228,290240,290210,290216
290298,290318,290337,290343,290401,290308,290328,290341,290302,290312,290323,290323,290335,290347,290316,290323
290401,290422,290440,290447,290501,290411,290432,290444,290405,290416,290427,290427,290438,290449,290420,290427
290501,290522,290539,290546,290593,290512,290531,290544,290506,290516,290524,290524,290537,290548,290519,290524
290593,290613,290631,290638,290680,290603,290622,290635,290597,290607,290616,290616,290628,290640,290610,290616
290680,290701,290718,290726,290765,290690,290710,290723,290684,290695,290704,290704,290716,290727,290698,290704
290765,290785,290803,290811,290852,290775,290795,290808,290769,290780,290789,290789,290801,290813,290783,290789
290852,290872,290890,290899,290947,290862,290881,290896,290856,290867,290876,290876,290888,290901,290870,290876
290947,290967,290986,290994,291047,290958,290977,290991,290952,290962,290972,290972,290984,290997,290966,290972
291047,291068,291087,291096,291146,291059,291078,291092,291053,291063,291073,291073,291085,291097,291067,291073
291146,291171,291190,291200,291250,291162,291182,291196,291157,291167,291177,291177,291188,291202,291170,291177
291250,291271,291290,291300,291344,291262,291280,291295,291256,291267,291277,291277,291288,291300,291270,291277
291344,291364,291383,291393,291432,291355,291372,291388,291349,291359,291370,291370,291380,291392,291363,291370
291432,291451,291470,291481,291518,291442,291461,291476,291437,291447,291457,291457,291468,291483,291450,291457
291518,291538,291558,291568,291608,291530,291549,291563,291524,291534,291544,291544,291556,291569,291538,291544
291608,291629,291647,291657,291701,291620,291638,291653,291614,291624,291634,291634,291645,291660,291627,291634
291701,291721,291740,291749,291792,291712,291730,291745,291706,291716,291726,291726,291737,291750,291720,291726
291792,291813,291831,291841,291886,291804,291822,291836,291798,291808,291819,291819,291829,291842,291812,291819
291886,291906,291925,291934,291980,291897,291915,291930,291891,291901,291911,291911,291923,291935,291905,291911
291980,292001,292020,292029,292076,291992,292011,292025,291986,291996,292007,292007,292018,292030,292000,292007
292076,292095,292115,292125,292167,292087,292105,292120,292081,292091,292100,292100,292112,292126,292094,292100
292167,292188,292206,292218,292255,292179,292197,292212,292173,292183,292194,292194,292204,292218,292187,292194
292255,292275,292293,292304,292340,292266,292284,292299,292260,292271,292281,292281,292291,292305,292274,292281
292340,292360,292379,292389,292427,292351,292369,292384,292345,292355,292365,292365,292377,292389,292359,292365
292427,292446,292466,292475,292516,292438,292456,292471,292432,292442,292452,292452,292464,292476,292446,292452
292516,292535,292555,292565,292607,292527,292546,292560,292521,292531,292541,292541,292553,292565,292534,292541
292607,292627,292646,292657,292696,292618,292637,292651,292613,292623,292632,292632,292644,292657,292626,292632
292696,292716,292735,292746,292786,292707,292725,292740,292702,292712,292722,292722,292733,292746,292715,292722
292786,292805,292824,292834,292874,292797,292814,292830,292791,292801,292811,292811,292822,292835,292805,292811
292874,292894,292914,292924,292962,292886,292905,292919,292880,292890,292900,292900,292912,292925,292894,292900
292962,292982,293002,293012,293052,292973,292992,293007,292968,292978,292988,292988,293000,293012,292981,292988
293052,293071,293090,293101,293142,293062,293081,293096,293057,293067,293077,293077,293088,293102,293070,293077
293142,293161,293181,293191,293229,293153,293171,293186,293147,293157,293167,293167,293179,293191,293161,293167
293229,293248,293267,293278,293316,293240,293258,293273,293234,293244,293253,293253,293265,293278,293247,293253
293316,293335,293355,293365,293404,293327,293345,293360,293321,293331,293341,293341,293352,293365,293334,293341
293404,293424,293443,293454,293495,293415,293434,293449,293409,293420,293430,293430,293441,293454,293423,293430
293495,293515,293534,293544,293587,293506,293525,293540,293500,293510,293520,293520,293532,293545,293514,293520
293587,293608,293627,293638,293679,293599,293618,293633,293594,293604,293614,293614,293625,293639,293607,293614
293679,293698,293717,293728,293766,293690,293708,293723,293684,293694,293704,293704,293715,293728,293698,293704
293766,293786,293805,293815,293854,293777,293796,293811,293772,293782,293792,293792,293803,293816,293785,293792
293854,293874,293893,293903,293943,293865,293884,293899,293859,293869,293880,293880,293891,293905,293873,293880
293943,293963,293982,293994,294031,293954,293973,293988,293949,293959,293969,293969,293980,293994,293962,293969
294031,294051,294070,294080,294120,294042,294060,294075,294037,294047,294057,294057,294067,294080,294050,294057
294120,294140,294159,294169,294209,294131,294150,294164,294126,294135,294146,294146,294157,294169,294139,294146
294209,294229,294248,294259,294300,294221,294239,294254,294215,294225,294235,294235,294246,294259,294228,294235
294300,294320,294339,294350,294388,294312,294330,294344,294306,294316,294326,294326,294337,294350,294319,294326
294388,294407,294425,294436,294472,294398,294416,294430,294393,294403,294412,294412,294423,294436,294406,294412
294472,294491,294510,294521,294560,294482,294501,294515,294477,294486,294496,294496,294508,294521,294490,294496
294560,294580,294599,294610,294651,294571,294590,294605,294566,294575,294585,294585,294597,294609,294579,294585
294651,294671,294690,294702,294743,294663,294681,294696,294657,294667,294677,294677,294688,294703,294671,294677
294743,294762,294781,294792,294830,294754,294772,294786,294748,294758,294768,294768,294779,294791,294762,294768
294830,294850,294869,294880,294918,294841,294860,294874,294836,294845,294856,294856,294867,294880,294849,294856
294918,294938,294957,294969,295006,294930,294948,294963,294924,294934,294944,294944,294955,294969,294937,294944
295006,295025,295044,295056,295090,295017,295035,295050,295011,295021,295031,295031,295042,295055,295024,295031
295090,295109,295128,295139,295171,295101,295118,295133,295095,295105,295115,295115,295126,295138,295108,295115
295171,295190,295210,295221,295254,295182,295200,295215,295176,295186,295196,295196,295207,295220,295189,295196
295254,295273,295293,295304,295337,295265,295284,295298,295259,295269,295279,295279,295291,295304,295272,295279
