on,sp,dn,dp,off,u,v,w,a,b,c,d,e,f,p1,p2
0,37,62,70,110,30,40,66,25,34,44,52,60,74,37,49
110,127,148,158,194,119,141,151,112,123,132,138,146,157,127,135
194,210,237,243,283,203,214,240,197,206,217,222,235,243,210,219
283,299,324,331,371,291,302,327,285,295,304,311,322,330,299,307
371,386,406,400,447,378,390,399,373,383,388,388,393,400,388,396
447,473,496,500,544,464,489,499,458,468,479,486,494,504,474,482
544,561,572,585,632,553,565,579,547,556,560,560,569,584,560,572
632,647,672,681,716,640,651,664,633,644,649,649,656,664,649,661
716,733,756,778,802,724,750,758,718,728,736,746,754,761,731,738
802,817,829,852,889,811,822,833,805,815,820,820,826,833,820,829
889,904,927,933,973,896,908,916,891,900,910,918,925,935,904,915
973,990,1011,1015,1061,981,994,1001,976,985,991,991,996,1003,991,1000
1061,1079,1097,1107,1150,1070,1091,1103,1064,1074,1083,1087,1095,1110,1077,1087
1150,1169,1190,1193,1234,1160,1185,1193,1153,1164,1174,1180,1188,1196,1169,1177
1234,1251,1273,1261,1324,1243,1255,1261,1237,1246,1250,1250,1257,1264,1250,1261
1324,1343,1363,1371,1417,1334,1358,1367,1328,1339,1348,1354,1361,1372,1343,1351
1417,1435,1458,1464,1504,1426,1452,1461,1420,1429,1439,1447,1456,1464,1433,1443
1504,1521,1544,1552,1596,1513,1524,1531,1508,1517,1521,1521,1526,1534,1521,1530
1596,1613,1633,1647,1692,1605,1616,1623,1599,1608,1618,1624,1631,1647,1612,1621
1692,1707,1715,1730,1781,1700,1710,1718,1695,1704,1707,1707,1712,1718,1707,1715
1781,1796,1808,1827,1869,1789,1800,1811,1783,1792,1797,1797,1805,1813,1797,1809
1869,1889,1900,1907,1965,1881,1893,1903,1876,1884,1888,1888,1897,1907,1888,1903
1965,1985,2003,2011,2055,1976,1988,1993,1970,1981,1989,1995,2002,2012,1985,1992
2055,2073,2095,2098,2144,2063,2090,2098,2057,2066,2079,2085,2093,2101,2069,2082
2144,2164,2179,2186,2240,2155,2168,2182,2150,2159,2170,2173,2177,2185,2163,2173
2240,2256,2280,2288,2328,2249,2259,2266,2243,2253,2257,2257,2261,2269,2257,2265
2328,2347,2359,2374,2422,2337,2354,2363,2331,2340,2348,2349,2356,2363,2343,2349
2422,2441,2450,2452,2519,2432,2445,2453,2426,2436,2441,2441,2447,2453,2441,2450
2519,2538,2558,2560,2608,2528,2553,2560,2522,2531,2543,2549,2556,2563,2535,2546
2608,2625,2647,2637,2698,2616,2630,2638,2610,2619,2624,2624,2632,2638,2624,2635
2698,2718,2740,2744,2792,2709,2736,2745,2703,2713,2724,2731,2739,2745,2717,2727
2792,2810,2832,2840,2880,2802,2813,2820,2796,2807,2815,2822,2830,2840,2811,2819
2880,2897,2922,2927,2969,2889,2902,2910,2883,2893,2905,2913,2920,2927,2898,2909
2969,2988,2997,3003,3061,2979,2991,2999,2973,2983,2986,2986,2993,3002,2986,2998
3061,3080,3103,3112,3152,3072,3097,3108,3066,3076,3086,3093,3102,3112,3080,3089
3152,3175,3193,3199,3253,3161,3185,3196,3155,3165,3174,3178,3191,3200,3168,3178
3253,3284,3293,3298,3345,3261,3289,3296,3256,3265,3274,3284,3291,3300,3269,3279
3345,3372,3397,3406,3441,3364,3390,3401,3359,3368,3377,3387,3396,3407,3371,3379
3441,3467,3476,3479,3548,3459,3471,3479,3454,3463,3467,3467,3474,3482,3467,3477
3548,3569,3592,3599,3652,3560,3586,3595,3554,3564,3573,3581,3590,3598,3568,3576
3652,3680,3691,3699,3743,3660,3685,3695,3654,3664,3673,3680,3690,3700,3668,3677
3743,3762,3783,3790,3831,3752,3777,3787,3747,3756,3766,3773,3781,3792,3759,3770
3831,3860,3883,3889,3941,3850,3878,3886,3845,3854,3867,3874,3881,3890,3858,3871
3941,3971,3981,3987,4034,3951,3976,3984,3945,3955,3963,3971,3979,3988,3959,3967
4034,4052,4074,4079,4133,4043,4056,4064,4037,4046,4050,4050,4059,4066,4050,4062
4133,4153,4194,4162,4237,4144,4157,4162,4138,4149,4153,4153,4158,4164,4153,4161
4237,4253,4275,4283,4328,4246,4256,4265,4240,4250,4254,4254,4259,4266,4254,4262
4328,4346,4385,4354,4407,4337,4349,4354,4332,4341,4344,4344,4350,4356,4344,4352
4407,4443,4451,4454,4515,4436,4446,4453,4430,4440,4444,4444,4449,4456,4444,4453
4515,4543,4552,4571,4617,4535,4563,4571,4529,4539,4550,4558,4567,4575,4543,4554
4617,4637,4663,4665,4706,4627,4658,4665,4621,4631,4640,4652,4661,4670,4635,4643
4706,4737,4757,4768,4815,4727,4752,4765,4722,4731,4741,4748,4756,4769,4736,4744
4815,4835,4861,4865,4904,4826,4853,4864,4820,4830,4841,4848,4860,4868,4834,4844
4904,4929,4949,4954,5000,4919,4944,4954,4913,4923,4932,4939,4947,4960,4927,4935
5000,5030,5049,5053,5107,5019,5045,5053,5013,5022,5032,5039,5048,5055,5026,5035
5107,5126,5149,5154,5196,5117,5144,5152,5112,5121,5133,5140,5147,5156,5126,5136
5196,5216,5244,5247,5293,5207,5233,5246,5201,5211,5220,5227,5242,5250,5215,5224
5293,5312,5334,5322,5391,5303,5315,5322,5297,5308,5313,5313,5318,5325,5313,5321
5391,5410,5429,5434,5475,5401,5424,5434,5395,5406,5414,5420,5427,5444,5410,5417
5475,5513,5524,5527,5572,5494,5519,5527,5488,5498,5506,5514,5522,5531,5502,5510
5572,5602,5612,5615,5678,5591,5608,5615,5585,5594,5603,5603,5610,5618,5597,5603
5678,5698,5717,5725,5768,5688,5711,5721,5682,5692,5704,5708,5716,5725,5696,5708
5768,5786,5794,5817,5860,5778,5790,5796,5772,5782,5786,5786,5792,5799,5786,5795
5860,5879,5899,5916,5954,5870,5892,5916,5864,5873,5883,5888,5912,5918,5877,5885
5954,5971,5989,5996,6033,5962,5981,5994,5956,5965,5975,5975,5987,6000,5968,5975
6033,6056,6079,6082,6130,6048,6074,6082,6042,6052,6062,6069,6077,6085,6056,6066
6130,6157,6174,6179,6230,6141,6167,6177,6135,6144,6152,6157,6172,6179,6147,6154
6230,6249,6268,6276,6324,6239,6252,6258,6233,6243,6254,6259,6266,6276,6247,6259
6324,6340,6361,6367,6416,6331,6354,6365,6326,6334,6347,6351,6358,6370,6338,6351
6416,6438,6458,6462,6517,6427,6453,6462,6421,6430,6443,6448,6456,6468,6434,6448
6517,6535,6556,6560,6599,6526,6550,6560,6520,6531,6539,6545,6554,6564,6534,6542
6599,6627,6650,6655,6702,6618,6645,6655,6613,6622,6630,6639,6648,6661,6625,6635
6702,6727,6736,6756,6806,6718,6731,6738,6713,6722,6726,6726,6733,6740,6726,6737
6806,6824,6847,6850,6886,6815,6842,6850,6809,6819,6830,6838,6846,6853,6823,6834
6886,6921,6942,6946,7028,6906,6935,6945,6900,6909,6920,6927,6940,6947,6912,6923
7028,7041,7055,,7081,7034,7048,7060,7027,7042,7046,7046,7053,7060,7046,7056
7081,7097,7122,7126,7161,7090,7101,7126,7084,7094,7104,7111,7120,7128,7099,7107
7161,7188,7209,7213,7249,7177,7200,7212,7171,7181,7191,7191,7208,7216,7184,7191
7249,7278,7284,7305,7345,7269,7293,7304,7263,7273,7282,7288,7297,7311,7277,7285
7345,7370,7382,7393,7423,7361,7376,7386,7356,7365,7372,7372,7380,7386,7368,7372
7423,7458,7481,7472,7506,7448,7468,7473,7442,7451,7461,7461,7469,7473,7455,7461
7506,7550,7570,7575,7618,7540,7563,7574,7534,7545,7557,7561,7569,7581,7551,7561
7618,7638,7661,7665,7704,7630,7643,7664,7624,7635,7646,7651,7660,7668,7639,7651
7704,7731,7748,7754,7797,7715,7741,7753,7709,7719,7728,7736,7747,7756,7723,7732
7797,7844,7857,,7885,7803,7852,7872,7798,7806,7814,7846,7856,7876,7810,7843
7885,7931,7955,,7969,7892,7938,7961,7886,7895,7902,7931,7956,7963,7898,7928
7969,7984,8005,8009,8043,7977,7999,8008,7971,7980,7989,7995,8003,8017,7984,7992
8043,8074,8081,8100,8137,8064,8094,8100,8058,8068,8079,8088,8096,8104,8073,8083
8137,8157,8178,8189,8224,8148,8171,8182,8143,8152,8160,8167,8177,8187,8155,8163
8224,8240,8249,8281,8399,8233,8243,8318,8228,8237,8247,8278,8314,8322,8242,8274
8399,8415,8438,8443,8486,8407,8432,8442,8402,8411,8422,8429,8436,8447,8416,8425
8486,8506,8528,8515,8573,8497,8509,8515,8492,8501,8505,8505,8511,8518,8505,8514
8573,8592,8613,8624,8657,8585,8595,8601,8580,8589,8592,8592,8597,8603,8592,8600
8657,8677,8697,8687,8745,8669,8680,8686,8663,8673,8678,8678,8683,8689,8678,8686
8745,8767,8792,8796,8841,8759,8786,8796,8753,8763,8772,8778,8791,8800,8767,8775
8841,8858,8881,8886,8921,8849,8876,8884,8843,8853,8865,8872,8879,8886,8856,8869
8921,8942,8951,8955,9010,8936,8946,8954,8930,8940,8944,8944,8949,8958,8944,8953
9010,9034,9056,9044,9084,9026,9038,9044,9021,9030,9035,9035,9040,9047,9035,9043
9084,9121,9142,9151,9173,9114,9125,9133,9109,9118,9122,9122,9128,9133,9122,9130
9173,9207,9214,9223,9269,9200,9210,9218,9195,9204,9208,9208,9213,9218,9208,9215
9269,9298,9308,9328,9369,9290,9303,9323,9284,9293,9306,9312,9318,9329,9296,9309
9369,9383,9406,9417,9450,9376,9386,9410,9371,9380,9390,9397,9404,9418,9384,9393
9450,9467,9490,9499,9527,9459,9482,9494,9454,9464,9473,9479,9489,9500,9468,9476
9527,9553,9578,9583,9617,9545,9559,9583,9540,9549,9562,9569,9576,9584,9554,9566
9617,9637,9660,9670,9785,9629,9640,9715,9625,9634,9645,9668,9710,9718,9637,9663
9785,9808,9831,9842,9881,9802,9812,9835,9797,9806,9815,9820,9830,9839,9810,9817
9881,9899,9917,9928,9965,9889,9911,9924,9883,9893,9901,9906,9914,9931,9896,9903
9965,9995,10003,10004,10046,9975,10000,10004,9970,9979,9987,9994,10001,10007,9983,9990
10046,10072,10082,10102,10131,10065,10075,10085,10060,10069,10073,10073,10080,10088,10073,10084
10131,10155,10168,10190,10231,10149,10160,10173,10144,10153,10157,10157,10166,10175,10157,10171
10231,10246,10255,10258,10294,10239,10249,10257,10234,10243,10247,10247,10253,10260,10247,10256
10294,10338,10347,10350,10400,10331,10341,10349,10326,10335,10340,10340,10345,10352,10340,10348
10400,10426,10435,10439,10501,10417,10429,10437,10412,10421,10425,10425,10432,10440,10425,10437
10501,10518,10544,10548,10588,10510,10536,10546,10504,10514,10523,10530,10542,10550,10518,10526
10588,10610,10616,10617,10673,10602,10613,10617,10596,10605,10609,10609,10614,10619,10609,10616
10673,10695,10716,10705,10762,10687,10699,10705,10681,10692,10696,10696,10701,10707,10696,10704
10762,10787,10804,10806,10857,10777,10800,10806,10772,10781,10791,10796,10802,10808,10785,10793
10857,10874,10896,10885,10939,10867,10877,10884,10862,10871,10876,10876,10881,10887,10876,10884
10939,10960,10984,10989,11035,10952,10979,10988,10946,10956,10965,10973,10983,10993,10960,10969
11035,11055,11076,11082,11124,11045,11071,11080,11039,11050,11060,11066,11074,11084,11055,11063
11124,11155,11166,11171,11214,11137,11161,11170,11132,11140,11149,11156,11164,11174,11144,11152
11214,11233,11255,11260,11289,11224,11250,11258,11218,11228,11238,11246,11254,11263,11233,11242
11289,11323,11337,11338,11364,11312,11324,11329,11306,11316,11320,11320,11325,11329,11320,11327
11364,11407,11417,11436,11473,11400,11411,11420,11395,11404,11408,11408,11415,11422,11408,11419
11473,11489,11499,11501,11548,11483,11493,11500,11477,11487,11491,11491,11496,11503,11491,11499
11548,11584,11592,11595,11653,11575,11588,11595,11569,11579,11584,11584,11591,11597,11584,11594
11653,11680,11688,11691,11740,11671,11683,11690,11666,11675,11680,11680,11686,11693,11680,11689
11740,11770,11790,11797,11839,11762,11784,11796,11757,11765,11773,11779,11789,11803,11769,11776
11839,11868,11886,11889,11930,11859,11881,11888,11853,11863,11871,11877,11884,11890,11867,11874
11930,11961,11970,11993,12031,11954,11965,11989,11948,11957,11968,11975,11982,11995,11962,11971
12031,12048,12069,12075,12113,12040,12052,12058,12035,12045,12054,12061,12067,12077,12049,12057
12113,12136,12144,12152,12212,12129,12140,12149,12124,12133,12137,12137,12142,12152,12137,12146
12212,12226,12235,12260,12295,12220,12229,12239,12214,12224,12228,12228,12233,12241,12228,12236
12295,12313,12333,12343,12382,12304,12327,12337,12298,12308,12319,12324,12331,12337,12312,12324
12382,12403,12422,12429,12472,12392,12417,12429,12386,12397,12407,12412,12421,12434,12401,12409
12472,12490,12511,12517,12556,12482,12506,12517,12476,12486,12494,12500,12509,12522,12489,12497
12556,12577,12601,12607,12648,12569,12594,12606,12564,12573,12583,12590,12599,12611,12576,12586
12648,12668,12690,12679,12736,12659,12672,12679,12653,12663,12668,12668,12674,12681,12668,12678
12736,12755,12775,12779,12812,12746,12769,12777,12740,12750,12759,12765,12773,12782,12754,12762
12812,12839,12865,12870,12900,12831,12845,12853,12826,12835,12838,12838,12849,12856,12838,12853
12900,12932,12941,12958,13006,12923,12950,12958,12917,12927,12939,12945,12952,12963,12931,12942
13006,13023,13044,13048,13090,13015,13040,13048,13009,13019,13029,13035,13043,13052,13023,13032
13090,13108,13129,13132,13175,13100,13124,13132,13094,13104,13113,13120,13127,13137,13108,13116
13175,13200,13222,13226,13269,13191,13216,13225,13185,13195,13206,13213,13220,13236,13200,13209
13269,13290,13311,13319,13360,13281,13304,13315,13276,13285,13293,13298,13310,13321,13288,13295
13360,13379,13401,13404,13450,13370,13383,13390,13365,13374,13385,13392,13399,13407,13379,13389
13450,13472,13494,13496,13540,13461,13489,13496,13455,13465,13479,13485,13492,13499,13469,13482
13540,13556,13580,13587,13626,13548,13572,13584,13542,13552,13560,13566,13578,13589,13555,13563
13626,13644,13655,13658,13716,13636,13649,13658,13630,13640,13644,13644,13652,13660,13644,13656
13716,13737,13758,13764,13803,13725,13753,13761,13720,13729,13740,13748,13756,13764,13733,13745
13803,13820,13842,13851,13891,13812,13835,13846,13807,13816,13826,13832,13840,13853,13820,13829
13891,13910,13935,13919,13979,13901,13913,13919,13895,13905,13909,13909,13915,13923,13909,13918
13979,14003,14024,14030,14072,13991,14016,14028,13985,13994,14005,14010,14022,14032,13998,14007
14072,14090,14112,14119,14158,14081,14094,14116,14075,14086,14096,14102,14110,14119,14092,14099
14158,14176,14198,14204,14243,14168,14192,14201,14162,14172,14181,14188,14196,14205,14176,14185
14243,14272,14281,14303,14332,14263,14276,14284,14257,14267,14270,14270,14279,14286,14270,14283
14332,14364,14373,14395,14435,14356,14369,14391,14350,14361,14372,14377,14385,14396,14365,14374
14435,14452,14474,14481,14524,14443,14467,14479,14437,14447,14455,14461,14473,14484,14450,14458
14524,14543,14567,14572,14620,14535,14548,14556,14529,14538,14552,14559,14566,14573,14541,14555
14620,14638,14660,14664,14708,14630,14643,14664,14624,14634,14646,14651,14658,14666,14638,14648
14708,14725,14745,14754,14790,14717,14737,14753,14712,14720,14730,14733,14743,14759,14724,14733
14790,14818,14840,14843,14892,14809,14835,14843,14804,14813,14823,14831,14838,14846,14816,14828
14892,14911,14935,14939,14982,14903,14915,14938,14897,14907,14918,14925,14933,14941,14911,14922
14982,14999,15021,15024,15068,14992,15003,15024,14986,14996,15005,15011,15019,15026,14999,15008
15068,15093,15101,15104,15168,15084,15096,15103,15079,15089,15094,15094,15099,15107,15094,15102
15168,15185,15207,15215,15254,15176,15200,15210,15171,15180,15189,15196,15205,15214,15184,15192
15254,15274,15298,15300,15335,15266,15280,15289,15260,15269,15284,15290,15296,15304,15273,15290
15335,15369,15378,15381,15445,15361,15373,15381,15355,15365,15369,15369,15376,15383,15369,15379
15445,15461,15471,15492,15529,15454,15465,15475,15448,15457,15461,15461,15469,15478,15461,15473
15529,15554,15562,15564,15627,15545,15558,15564,15540,15549,15553,15553,15560,15567,15553,15563
15627,15650,15671,15676,15720,15642,15664,15675,15636,15646,15655,15661,15669,15679,15650,15658
15720,15739,15759,15764,15811,15731,15745,15762,15725,15735,15749,15749,15757,15765,15738,15749
15811,15831,15854,15858,15907,15822,15848,15857,15816,15826,15836,15844,15852,15865,15831,15840
15907,15924,15945,15951,15995,15916,15928,15948,15910,15920,15930,15936,15943,15952,15923,15933
15995,16013,16036,16024,16088,16005,16017,16024,15998,16009,16014,16014,16019,16026,16014,16023
16088,16107,16127,16116,16183,16098,16110,16116,16092,16103,16108,16108,16112,16118,16108,16115
16183,16202,16225,16230,16276,16194,16206,16212,16188,16198,16202,16202,16207,16214,16202,16210
16276,16294,16315,16319,16363,16284,16311,16319,16278,16288,16299,16306,16313,16321,16292,16302
16363,16400,16412,16415,16466,16380,16407,16415,16374,16384,16393,16401,16409,16420,16388,16397
16466,16485,16507,16511,16557,16476,16502,16511,16470,16480,16490,16497,16505,16519,16485,16494
16557,16578,16598,16602,16653,16567,16593,16601,16561,16570,16586,16590,16596,16605,16573,16579
16653,16683,16695,16700,16738,16666,16690,16699,16660,16669,16678,16685,16694,16706,16673,16681
16738,16770,16790,16797,16842,16761,16784,16794,16756,16765,16774,16780,16789,16797,16769,16776
16842,16864,16884,16888,16923,16855,16878,16887,16849,16859,16868,16874,16883,16893,16862,16871
16923,16959,16967,16987,17022,16950,16962,16969,16945,16954,16959,16959,16966,16973,16959,16969
17022,17045,17054,17059,17116,17038,17049,17057,17032,17041,17045,17045,17052,17059,17045,17055
17116,17137,17147,17157,17209,17129,17141,17156,17124,17134,17138,17138,17144,17158,17138,17146
17209,17225,17236,17256,17278,17218,17230,17252,17212,17222,17234,17241,17247,17255,17226,17238
17278,17310,17334,17339,17367,17302,17318,17324,17297,17306,17309,17309,17320,17326,17309,17323
17367,17400,17424,17432,17453,17392,17404,17408,17386,17395,17399,17399,17405,17414,17399,17408
17453,17481,17492,17516,17547,17476,17485,17497,17471,17480,17484,17484,17490,17501,17484,17493
17547,17563,17574,17577,17627,17557,17567,17576,17552,17560,17565,17565,17571,17578,17565,17575
17627,17648,17673,17679,17714,17640,17667,17678,17635,17644,17653,17662,17672,17683,17647,17658
17714,17729,17739,17748,17793,17722,17732,17742,17717,17726,17729,17729,17735,17748,17729,17740
17793,17811,17820,17823,17881,17804,17814,17822,17799,17808,17812,17812,17817,17825,17812,17820
17881,17912,17921,17948,18003,17890,17938,17947,17884,17893,17903,17911,17942,17950,17897,17906
18003,18018,18035,,18049,18011,18023,18025,18004,18016,18019,18019,18024,18025,18019,18025
18049,18065,18091,18096,18134,18057,18071,18095,18052,18061,18076,18083,18090,18101,18064,18079
18134,18155,18163,18166,18225,18145,18159,18166,18140,18150,18154,18154,18161,18168,18154,18164
18225,18241,18263,18251,18282,18234,18248,18251,18228,18238,18241,18241,18249,18253,18241,18251
18282,18304,18316,18322,18368,18294,18309,18319,18287,18303,18309,18309,18314,18322,18309,18318
18368,18414,18438,18478,18509,18406,18429,18441,18400,18410,18420,18423,18436,18444,18414,18423
18509,18526,18544,,18566,18520,18538,,18508,18531,18537,18537,18542,18552,18537,18546
18566,18581,18591,18596,18652,18574,18585,18592,18569,18578,18583,18583,18588,18595,18583,18592
18652,18684,18699,,18718,18660,18692,18714,18655,18663,18673,18685,18701,18715,18667,18681
18718,18756,18776,18764,18814,18748,18760,18764,18742,18752,18756,18756,18761,18766,18756,18763
18814,18841,18860,18864,18905,18829,18853,18863,18824,18834,18844,18849,18858,18867,18839,18846
18905,18925,18952,18955,18992,18915,18946,18954,18909,18918,18928,18942,18950,18959,18922,18930
18992,19013,19033,19038,19076,19002,19026,19036,18996,19006,19017,19018,19032,19040,19010,19018
19076,19094,19116,19122,19148,19086,19109,19121,19080,19090,19101,19105,19115,19130,19094,19105
19148,19181,19196,19200,19252,19173,19189,19200,19168,19177,19187,19187,19194,19200,19180,19187
19252,19272,19291,19295,19336,19262,19284,19293,19256,19267,19277,19281,19289,19297,19272,19281
19336,19358,19376,19383,19424,19346,19370,19382,19340,19351,19361,19365,19374,19387,19356,19365
19424,19453,19465,19470,19517,19435,19461,19470,19429,19439,19448,19455,19464,19481,19443,19451
19517,19534,19553,19561,19594,19526,19547,19557,19520,19530,19539,19544,19552,19561,19534,19541
19594,19620,19643,19647,19688,19611,19628,19646,19605,19615,19631,19635,19642,19652,19619,19635
19688,19713,19735,19738,19781,19700,19728,19737,19695,19705,19717,19724,19733,19741,19710,19720
19781,19821,19837,19837,19863,19790,19801,19807,19785,19794,19802,19808,19822,19828,19797,19805
19863,19885,19905,19910,19949,19875,19899,19909,19869,19879,19889,19895,19904,19915,19883,19892
19949,19973,19986,20000,20041,19963,19980,19990,19957,19966,19974,19974,19984,19990,19969,19974
20041,20060,20080,20084,20111,20051,20074,20083,20045,20055,20066,20071,20079,20087,20059,20068
20111,20143,20167,20152,20200,20135,20149,20152,20130,20140,20145,20145,20150,20155,20145,20152
20200,20234,20253,20260,20304,20224,20248,20259,20219,20229,20238,20244,20252,20264,20233,20241
20304,20323,20344,20349,20379,20313,20336,20348,20308,20318,20329,20332,20343,20353,20322,20332
20379,20408,20434,20436,20473,20399,20421,20436,20393,20403,20412,20417,20432,20439,20407,20414
20473,20498,20525,20528,20565,20487,20511,20528,20481,20492,20504,20508,20524,20532,20497,20508
20565,20585,20603,20608,20646,20575,20596,20607,20569,20579,20588,20592,20601,20613,20583,20592
20646,20669,20690,20698,20731,20660,20674,20698,20654,20665,20676,20681,20688,20703,20671,20681
20731,20759,20765,20766,20823,20750,20762,20766,20744,20754,20758,20758,20763,20769,20758,20766
20823,20846,20867,20870,20901,20837,20852,20870,20831,20841,20854,20859,20865,20872,20844,20859
20901,20930,20944,20957,20991,20921,20939,20948,20915,20924,20934,20934,20942,20948,20927,20934
20991,21020,21038,21043,21082,21008,21032,21042,21002,21012,21021,21027,21036,21047,21016,21027
21082,21102,21124,21127,21163,21093,21107,21127,21087,21097,21110,21116,21123,21130,21101,21113
21163,21182,21201,21206,21241,21174,21195,21205,21168,21178,21186,21191,21200,21207,21181,21191
21241,21261,21282,21289,21321,21253,21277,21288,21247,21257,21267,21273,21281,21295,21262,21270
21321,21347,21367,21369,21408,21338,21363,21369,21332,21342,21353,21359,21365,21372,21347,21356
21408,21434,21456,21461,21493,21426,21441,21460,21420,21430,21444,21444,21455,21465,21434,21444
21493,21521,21547,21527,21584,21511,21525,21527,21506,21516,21520,21520,21526,21531,21520,21528
21584,21613,21634,21638,21679,21603,21629,21638,21597,21607,21616,21623,21632,21642,21611,21619
21679,21700,21723,21727,21766,21690,21707,21711,21684,21694,21708,21713,21721,21730,21698,21710
21766,21784,21804,21810,21852,21775,21798,21809,21770,21779,21789,21794,21803,21814,21783,21791
21852,21876,21915,21888,21943,21865,21882,21889,21859,21869,21873,21873,21883,21889,21873,21886
21943,21963,21981,21993,22032,21955,21967,21972,21950,21959,21968,21973,21980,21994,21963,21970
22032,22050,22073,22076,22103,22041,22066,22075,22036,22045,22054,22061,22071,22080,22049,22057
22103,22138,22160,22165,22205,22128,22154,22164,22122,22132,22144,22150,22158,22168,22137,22147
22205,22225,22247,22253,22292,22216,22229,22236,22211,22220,22231,22238,22245,22253,22224,22235
22292,22308,22324,22332,22363,22300,22317,22331,22295,22304,22314,22314,22323,22334,22307,22314
22363,22397,22405,22424,22462,22388,22414,22423,22383,22392,22404,22410,22417,22429,22397,22407
22462,22489,22511,22521,22557,22481,22495,22515,22475,22484,22500,22500,22510,22523,22488,22500
22557,22575,22598,22601,22646,22567,22594,22601,22561,22571,22581,22589,22597,22605,22575,22585
22646,22666,22687,22690,22729,22657,22672,22679,22651,22661,22674,22679,22685,22694,22666,22676
22729,22756,22776,22780,22820,22748,22760,22779,22742,22752,22762,22768,22774,22780,22756,22765
22820,22842,22865,22868,22907,22833,22847,22853,22828,22838,22849,22855,22863,22872,22842,22851
22907,22932,22942,22944,22996,22923,22938,22944,22918,22927,22930,22930,22940,22947,22930,22944
22996,23023,23044,23048,23087,23013,23037,23047,23008,23018,23030,23034,23042,23051,23023,23034
23087,23108,23130,23135,23169,23099,23113,23134,23093,23103,23116,23121,23128,23139,23107,23118
23169,23197,23205,23207,23256,23188,23201,23207,23182,23192,23197,23197,23203,23209,23197,23206
23256,23298,23310,23316,23357,23279,23304,23313,23273,23283,23292,23299,23308,23317,23287,23295
23357,23373,23382,23385,23429,23364,23377,23385,23359,23368,23374,23374,23379,23388,23374,23383
23429,23465,23482,23483,23528,23453,23479,23483,23447,23458,23470,23472,23480,23486,23464,23472
23528,23556,23574,23578,23623,23545,23570,23579,23539,23550,23559,23565,23572,23579,23554,23562
23623,23642,23650,23670,23708,23634,23659,23668,23628,23638,23648,23655,23663,23673,23643,23652
23708,23740,23765,23767,23806,23729,23759,23766,23724,23734,23743,23755,23763,23770,23738,23746
23806,23832,23854,23841,23883,23823,23835,23841,23818,23827,23831,23831,23837,23845,23831,23841
23883,23918,23925,23928,23983,23910,23921,23927,23904,23914,23918,23918,23924,23930,23918,23927
23983,24012,24020,24022,24085,24002,24016,24022,23997,24006,24010,24010,24018,24026,24010,24022
24085,24106,24128,24134,24176,24096,24113,24131,24090,24100,24115,24119,24126,24134,24103,24106
24176,24192,24201,24204,24252,24185,24196,24203,24179,24189,24193,24193,24199,24206,24193,24202
24252,24283,24291,24294,24345,24274,24287,24294,24268,24278,24283,24283,24289,24296,24283,24292
24345,24379,24385,24405,24443,24369,24395,24404,24363,24374,24383,24390,24399,24409,24378,24386
24443,24467,24479,24483,24523,24459,24473,24482,24454,24463,24471,24471,24477,24483,24466,24471
24523,24554,24564,24569,24617,24547,24558,24568,24542,24551,24556,24556,24563,24571,24556,24567
24617,24649,24670,24657,24707,24640,24654,24657,24634,24643,24647,24647,24655,24661,24647,24658
24707,24738,24750,24779,24804,24731,24744,24754,24725,24737,24742,24742,24748,24754,24742,24751
24804,24826,24851,24855,24897,24818,24830,24837,24813,24822,24832,24841,24849,24858,24826,24836
24897,24917,24941,24950,24994,24908,24936,24945,24902,24911,24923,24931,24939,24951,24915,24928
24994,25010,25023,25042,25085,25003,25015,25026,24997,25006,25021,25028,25035,25044,25010,25025
25085,25103,25124,25113,25166,25094,25108,25113,25089,25099,25104,25104,25109,25115,25104,25112
25166,25202,25225,25229,25278,25192,25219,25228,25186,25196,25207,25215,25224,25233,25200,25212
25278,25296,25319,25330,25370,25287,25311,25323,25282,25292,25302,25308,25317,25327,25295,25305
25370,25388,25411,25399,25449,25380,25392,25399,25374,25384,25388,25388,25394,25402,25388,25398
25449,25487,25510,25513,25554,25477,25505,25512,25471,25481,25494,25501,25508,25520,25486,25498
25554,25578,25601,25606,25640,25570,25587,25605,25565,25574,25592,25592,25599,25609,25578,25592
25640,25673,25680,25688,25735,25664,25676,25684,25658,25668,25672,25672,25679,25689,25672,25684
25735,25771,25793,25799,25845,25761,25788,25799,25755,25765,25778,25784,25792,25804,25769,25781
25845,25863,25885,25894,25923,25855,25878,25890,25849,25859,25869,25874,25885,25895,25863,25874
25923,25954,25977,25980,26019,25945,25971,25979,25939,25950,25961,25967,25975,25983,25955,25964
26019,26054,26072,26076,26163,26041,26067,26076,26035,26045,26057,26063,26071,26081,26051,26060
26163,26176,26205,,26209,26170,26188,26196,26164,26175,26192,26198,26205,26204,26179,26195
26209,26234,26257,26261,26307,26226,26239,26261,26220,26230,26242,26248,26255,26263,26236,26245
26307,26334,26353,26355,26394,26318,26345,26355,26312,26322,26330,26336,26351,26358,26325,26333
26394,26425,26448,26452,26492,26415,26440,26451,26409,26419,26429,26435,26446,26456,26423,26432
26492,26516,26539,26543,26593,26508,26533,26543,26502,26512,26523,26529,26537,26548,26516,26526
26593,26612,26634,26638,26684,26602,26628,26637,26596,26606,26617,26624,26632,26641,26611,26620
26684,26711,26731,26736,26774,26701,26725,26735,26695,26705,26716,26721,26730,26740,26709,26718
26774,26801,26822,26826,26865,26792,26809,26814,26787,26796,26810,26814,26821,26829,26799,26814
26865,26892,26913,26917,26954,26882,26907,26916,26877,26886,26898,26904,26911,26920,26890,26901
26954,26989,27011,27015,27060,26979,27006,27015,26974,26983,26995,27001,27009,27019,26987,26998
27060,27080,27100,27109,27138,27072,27092,27104,27066,27076,27085,27088,27099,27109,27079,27088
27138,27166,27187,27193,27232,27158,27181,27192,27152,27162,27172,27178,27186,27197,27166,27175
27232,27261,27282,27285,27327,27249,27278,27285,27244,27253,27267,27273,27280,27288,27256,27270
27327,27354,27378,27387,27420,27346,27358,27383,27341,27350,27361,27369,27377,27387,27354,27366
27420,27445,27467,27473,27514,27437,27449,27470,27432,27442,27452,27458,27465,27474,27446,27455
27514,27531,27557,27563,27597,27523,27534,27560,27518,27527,27539,27548,27555,27564,27531,27545
27597,27626,27639,27653,27697,27615,27634,27643,27610,27619,27628,27628,27637,27643,27622,27628
27697,27721,27743,27747,27792,27710,27737,27747,27705,27714,27727,27733,27741,27752,27717,27730
27792,27810,27829,27835,27873,27801,27823,27834,27796,27805,27814,27820,27827,27840,27809,27817
27873,27902,27924,27927,27967,27892,27918,27926,27887,27896,27907,27913,27922,27929,27901,27910
27967,27999,28019,28022,28071,27987,28011,28022,27982,27991,28001,28004,28017,28027,27994,28004
28071,28089,28107,28116,28159,28081,28103,28116,28075,28085,28094,28099,28106,28120,28089,28096
28159,28184,28206,28209,28262,28175,28202,28209,28169,28179,28191,28198,28204,28211,28182,28194
28262,28281,28304,28309,28352,28272,28299,28308,28266,28276,28287,28294,28303,28313,28280,28291
28352,28373,28393,28402,28439,28365,28377,28402,28359,28370,28380,28385,28392,28406,28375,28382
28439,28470,28481,28485,28535,28462,28474,28484,28457,28466,28471,28471,28479,28487,28471,28484
28535,28568,28586,28591,28636,28560,28580,28590,28555,28564,28574,28578,28585,28598,28568,28578
28636,28661,28686,28672,28717,28652,28668,28672,28647,28657,28661,28661,28669,28676,28661,28673
28717,28756,28781,28786,28835,28748,28775,28784,28742,28753,28762,28770,28779,28788,28757,28766
28835,28854,28875,28884,28924,28845,28868,28880,28839,28849,28858,28864,28874,28886,28853,28861
28924,28944,28957,28971,29014,28936,28952,28969,28930,28939,28955,28960,28965,28973,28943,28957
29014,29031,29040,29063,29101,29023,29035,29042,29017,29027,29033,29033,29038,29044,29033,29041
29101,29118,29139,29144,29185,29110,29122,29129,29104,29114,29119,29119,29124,29131,29119,29127
29185,29206,29228,29235,29273,29197,29221,29231,29191,29201,29213,29218,29226,29234,29207,29218
29273,29292,29314,29320,29361,29283,29307,29316,29278,29287,29298,29304,29312,29320,29290,29304
29361,29377,29390,29413,29454,29370,29383,29393,29365,29376,29382,29382,29387,29393,29382,29390
29454,29467,29495,29501,29534,29462,29471,29483,29457,29466,29469,29469,29475,29486,29469,29483
29534,29564,29572,29575,29625,29557,29567,29574,29552,29561,29565,29565,29570,29577,29565,29574
29625,29652,29661,29666,29705,29644,29656,29665,29638,29649,29653,29653,29659,29669,29653,29663
29705,29742,29749,29751,29800,29733,29746,29751,29727,29737,29742,29742,29747,29753,29742,29750
29800,29830,29838,29841,29898,29821,29834,29841,29815,29825,29830,29830,29836,29844,29830,29840
29898,29916,29924,29927,29980,29909,29919,29926,29903,29913,29917,29917,29922,29929,29917,29925
29980,29999,30022,30028,30069,29991,30002,30025,29986,29995,30005,30013,30020,30028,29999,30009
30069,30086,30107,30115,30140,30077,30102,30114,30071,30081,30090,30097,30106,30119,30085,30093
30140,30176,30183,30200,30250,30168,30180,30186,30162,30171,30181,30188,30195,30204,30175,30185
30250,30266,30287,30297,30331,30259,30282,30293,30253,30263,30271,30277,30285,30298,30267,30274
30331,30352,30360,30363,30415,30344,30356,30363,30339,30348,30352,30352,30358,30366,30352,30361
30415,30443,30468,30472,30510,30435,30446,30472,30430,30439,30449,30457,30466,30475,30442,30453
30510,30536,30545,30565,30605,30529,30539,30563,30524,30533,30542,30550,30557,30566,30537,30546
30605,30623,30650,30654,30695,30616,30629,30638,30610,30619,30632,30639,30648,30656,30623,30636
30695,30711,30719,30723,30774,30704,30715,30722,30698,30708,30712,30712,30717,30725,30712,30721
30774,30805,30813,30833,30868,30797,30808,30831,30792,30801,30811,30818,30826,30835,30804,30814
30868,30893,30914,30917,30954,30885,30909,30916,30880,30889,30899,30906,30912,30919,30893,30902
30954,30977,30988,30991,31042,30969,30981,30990,30964,30973,30977,30977,30985,30993,30977,30990
31042,31067,31075,31080,31132,31058,31070,31077,31052,31062,31067,31067,31073,31080,31067,31076
31132,31152,31173,31179,31221,31144,31157,31163,31138,31148,31159,31165,31172,31180,31152,31162
31221,31240,31260,31263,31300,31230,31256,31263,31225,31234,31247,31252,31258,31266,31237,31249
31300,31331,31338,31340,31395,31321,31335,31340,31315,31326,31330,31330,31336,31343,31330,31339
31395,31419,31440,31447,31479,31411,31422,31443,31406,31415,31425,31431,31438,31447,31420,31428
31479,31505,31513,31534,31569,31498,31507,31515,31493,31502,31506,31506,31511,31518,31506,31514
31569,31596,31606,31628,31667,31590,31600,31610,31584,31594,31599,31599,31604,31612,31599,31608
31667,31687,31708,31716,31758,31679,31704,31712,31673,31682,31692,31699,31706,31722,31686,31696
31758,31775,31801,31790,31847,31767,31779,31790,31761,31771,31780,31782,31786,31793,31774,31782
31847,31866,31888,31890,31919,31857,31882,31889,31851,31861,31873,31879,31886,31893,31864,31876
31919,31948,31971,31977,32015,31940,31964,31976,31934,31944,31956,31962,31969,31985,31947,31959
32015,32038,32057,32059,32098,32025,32053,32059,32019,32029,32040,32047,32055,32065,32032,32044
32098,32117,32127,32139,32182,32110,32121,32131,32104,32114,32118,32118,32124,32131,32118,32127
32182,32199,32220,32227,32261,32190,32214,32226,32184,32195,32204,32211,32218,32234,32200,32207
32261,32283,32304,32308,32346,32273,32299,32306,32268,32277,32289,32295,32302,32309,32282,32292
32346,32362,32384,32392,32420,32355,32377,32387,32350,32359,32367,32374,32382,32392,32362,32370
32420,32441,32469,32471,32503,32433,32454,32462,32428,32437,32446,32451,32457,32462,32441,32448
32503,32525,32546,32550,32591,32516,32541,32550,32510,32519,32529,32536,32545,32553,32523,32533
32591,32607,32628,32632,32661,32599,32622,32631,32593,32602,32612,32618,32626,32635,32606,32615
32661,32697,32709,32713,32752,32678,32705,32713,32672,32681,32691,32699,32708,32717,32685,32695
32752,32774,32796,32798,32833,32763,32792,32798,32757,32767,32781,32787,32794,32802,32770,32784
32833,32855,32877,32881,32922,32848,32858,32881,32842,32851,32861,32868,32875,32889,32855,32864
32922,32939,32949,32974,33006,32931,32944,32952,32926,32935,32941,32941,32947,32952,32941,32950
33006,33027,33048,33051,33093,33017,33043,33051,33011,33021,33033,33039,33047,33054,33024,33036
33093,33113,33132,33137,33182,33105,33126,33134,33099,33109,33118,33123,33130,33137,33113,33120
33182,33198,33207,33208,33245,33190,33202,33208,33184,33194,33199,33199,33204,33210,33199,33207
33245,33282,33306,33313,33349,33274,33300,33309,33268,33278,33290,33297,33304,33314,33284,33293
33349,33366,33386,33399,33425,33357,33380,33394,33352,33361,33373,33377,33385,33399,33364,33377
33425,33443,33465,33470,33504,33435,33459,33469,33429,33439,33449,33456,33464,33474,33443,33453
33504,33525,33549,33532,33583,33513,33527,33532,33507,33517,33523,33523,33528,33535,33523,33532
33583,33609,33622,33628,33661,33592,33615,33626,33587,33596,33604,33611,33620,33635,33599,33607
33661,33679,33696,33700,33739,33668,33692,33700,33663,33672,33683,33687,33694,33708,33676,33687
33739,33758,33778,33780,33820,33747,33775,33780,33741,33750,33762,33769,33776,33783,33754,33766
33820,33845,33862,33868,33901,33829,33856,33865,33823,33832,33846,33853,33861,33869,33835,33850
33901,33919,33939,33946,33976,33910,33924,33942,33905,33914,33927,33931,33937,33945,33918,33931
33976,33995,34021,34026,34052,33986,33998,34005,33981,33990,33994,33994,33999,34005,33994,34002
34052,34077,34099,34106,34141,34067,34084,34103,34062,34070,34087,34089,34097,34109,34073,34079
34141,34158,34178,34185,34215,34149,34171,34181,34144,34153,34163,34167,34175,34185,34157,34167
34215,34234,34252,34263,34291,34226,34246,34254,34221,34230,34238,34243,34250,34254,34233,34240
34291,34308,34331,34338,34368,34300,34323,34334,34294,34304,34313,34319,34329,34339,34308,34315
34368,34391,34412,34416,34448,34378,34406,34414,34373,34382,34392,34400,34411,34419,34385,34395
34448,34466,34489,34497,34522,34457,34479,34492,34451,34460,34470,34474,34488,34497,34464,34474
34522,34538,34558,34566,34596,34530,34549,34562,34524,34534,34543,34545,34556,34569,34537,34545
34596,34614,34632,34640,34674,34605,34627,34639,34599,34609,34617,34623,34630,34645,34613,34620
34674,34695,34711,34714,34750,34684,34705,34713,34678,34687,34698,34700,34709,34717,34691,34700
34750,34767,34786,34792,34824,34759,34781,34789,34753,34763,34771,34777,34784,34793,34767,34774
34824,34842,34861,34865,34900,34832,34856,34864,34827,34836,34848,34852,34859,34867,34839,34852
34900,34929,34938,34943,34979,34908,34934,34941,34903,34911,34924,34930,34936,34943,34914,34927
34979,34994,35013,35022,35048,34985,35007,35016,34979,34988,34998,35004,35011,35023,34992,35001
35048,35067,35081,35086,35122,35058,35073,35085,35053,35062,35070,35070,35078,35096,35065,35070
35122,35142,35158,35166,35195,35130,35152,35161,35124,35133,35144,35149,35156,35170,35137,35149
35195,35225,35236,35240,35275,35204,35230,35239,35198,35208,35216,35225,35234,35247,35211,35219
35275,35316,35335,,35349,35282,35321,35336,35275,35286,35295,35318,35334,35341,35291,35314
35349,35371,35381,35387,35422,35355,35376,35385,35350,35358,35365,35371,35379,35388,35362,35368
35422,35448,35458,35459,35500,35430,35455,35459,35424,35432,35439,35445,35456,35462,35435,35441
35500,35526,35538,35542,35578,35508,35533,35541,35502,35513,35523,35528,35536,35545,35519,35528
35578,35605,35615,35619,35654,35587,35610,35618,35581,35590,35598,35604,35613,35621,35594,35601
35654,35671,35691,35695,35730,35661,35687,35695,35655,35665,35676,35682,35690,35698,35668,35679
35730,35759,35771,35775,35809,35738,35765,35774,35733,35741,35749,35758,35769,35779,35744,35753
35809,35833,35848,35853,35885,35816,35841,35850,35810,35820,35832,35836,35846,35854,35822,35826
35885,35904,35917,35931,35959,35892,35909,35919,35886,35895,35902,35902,35914,35922,35897,35902
35959,35985,35995,35998,36034,35966,35990,35997,35960,35969,35977,35985,35993,36000,35972,35981
36034,36062,36076,36078,36115,36043,36068,36078,36037,36046,36054,36061,36074,36082,36050,36057
36115,36147,36154,36155,36191,36122,36151,36155,36116,36126,36137,36145,36152,36160,36132,36141
36191,36219,36226,36231,36266,36199,36222,36229,36193,36202,36210,36217,36224,36233,36205,36213
36266,36284,36303,36307,36337,36275,36297,36306,36269,36279,36287,36293,36301,36309,36283,36290
36337,36362,36385,36443,36504,36353,36395,36434,36348,36357,36368,36391,36429,36437,36361,36387
36504,36517,36539,36543,36578,36510,36535,36542,36505,36513,36522,36530,36537,36544,36517,36526
36578,36602,36614,36616,36654,36586,36609,36616,36581,36589,36596,36602,36612,36620,36592,36598
36654,36678,36693,36696,36734,36663,36687,36695,36657,36667,36676,36682,36691,36699,36670,36679
36734,36754,36770,36781,36810,36741,36763,36774,36735,36745,36754,36760,36768,36782,36749,36757
36810,36832,36847,36853,36886,36818,36841,36851,36811,36822,36834,36834,36845,36855,36827,36834
36886,36911,36923,36926,36964,36894,36917,36925,36888,36897,36903,36912,36921,36928,36900,36905
36964,36984,37013,37007,37044,36973,36999,37006,36967,36977,36987,36994,37002,37006,36981,36991
37044,37071,37082,37088,37121,37053,37076,37085,37047,37056,37065,37072,37080,37090,37060,37068
37121,37146,37158,37162,37201,37129,37153,37162,37123,37133,37143,37149,37156,37169,37138,37146
37201,37215,37224,37234,37282,37208,37218,37229,37203,37212,37216,37216,37222,37233,37216,37228
37282,37296,37303,37329,37360,37290,37299,37325,37285,37293,37301,37308,37318,37330,37297,37304
37360,37374,37398,37404,37438,37367,37377,37401,37362,37371,37380,37388,37396,37404,37375,37384
37438,37460,37476,37480,37515,37446,37470,37480,37439,37449,37459,37464,37474,37484,37453,37461
37515,37539,37557,37560,37595,37525,37552,37559,37519,37529,37541,37548,37555,37562,37532,37545
37595,37622,37633,37640,37674,37604,37627,37637,37598,37607,37615,37622,37631,37644,37610,37619
37674,37690,37712,37720,37751,37681,37705,37716,37675,37684,37693,37699,37710,37727,37688,37696
37751,37777,37793,37797,37834,37759,37787,37796,37754,37762,37770,37783,37791,37800,37765,37772
37834,37861,37871,37876,37914,37842,37866,37873,37836,37846,37856,37862,37869,37876,37851,37859
37914,37931,37954,37961,37994,37923,37935,37942,37917,37928,37933,37933,37938,37945,37933,37941
37994,38024,38035,38043,38081,38004,38029,38038,37998,38007,38016,38025,38033,38043,38011,38020
38081,38110,38117,38121,38165,38089,38113,38119,38084,38093,38103,38109,38115,38121,38096,38106
38165,38191,38202,38211,38245,38174,38196,38206,38168,38177,38185,38191,38199,38211,38181,38188
38245,38263,38283,38287,38329,38254,38277,38286,38248,38258,38268,38274,38281,38289,38264,38271
38329,38360,38370,38374,38412,38338,38365,38373,38333,38342,38352,38360,38369,38377,38345,38357
38412,38432,38451,38456,38494,38423,38447,38454,38417,38427,38436,38442,38449,38457,38431,38439
38494,38525,38534,38537,38572,38503,38530,38536,38498,38507,38517,38525,38533,38540,38511,38521
38572,38608,38619,38622,38659,38586,38613,38621,38580,38589,38598,38607,38617,38625,38593,38601
38659,38673,38696,38706,38736,38666,38677,38700,38661,38670,38681,38687,38694,38704,38675,38684
38736,38751,38772,38781,38810,38743,38765,38776,38738,38747,38754,38761,38771,38780,38750,38757
38810,38826,38849,38859,38890,38819,38843,38852,38814,38823,38832,38840,38847,38855,38827,38836
38890,38904,38928,38936,38971,38897,38907,38914,38892,38901,38905,38905,38910,38918,38905,38914
38971,38986,39007,39010,39043,38978,39001,39008,38972,38981,38992,38998,39005,39011,38985,38995
39043,39063,39086,39089,39151,39054,39079,39089,39049,39058,39067,39074,39084,39092,39062,39070
39151,39206,39214,39219,39270,39200,39209,39216,39195,39203,39207,39207,39211,39220,39207,39215
39270,39317,39349,39361,39444,39353,39378,39357,39271,39280,39290,39315,39347,39357,39283,39310
39444,39509,39527,39539,39569,39504,39514,39538,39498,39507,39518,39519,39534,39543,39511,39519
39569,39599,39646,39657,39715,39577,39608,39649,39571,39581,39589,39597,39644,39653,39585,39593
39715,39733,39752,39755,39790,39724,39747,39755,39719,39727,39736,39741,39750,39760,39731,39738
39790,39807,39827,39834,39864,39798,39820,39830,39792,39802,39810,39816,39825,39834,39806,39813
39864,39881,39904,39912,39943,39872,39897,39907,39867,39876,39885,39893,39902,39914,39879,39889
39943,39968,39981,39987,40023,39951,39975,39986,39945,39955,39964,39971,39979,39995,39959,39968
40023,40040,40065,40092,40113,40032,40043,40051,40027,40036,40040,40040,40045,40054,40040,40049
40113,40157,40177,,40192,40118,40163,40184,40147,40156,40165,40167,40177,40186,40160,40167
40192,40207,40227,40236,40300,40278,,,40272,40281,,,40213,,40284,
40300,40315,40346,40354,40412,40350,40357,40353,40301,40315,40326,40335,40344,40353,40320,40332
40412,40428,40448,40452,40480,40420,40442,40451,40414,40424,40433,40439,40446,40459,40428,40436
40480,40497,40519,40528,40549,40488,40501,40523,40482,40492,40504,40510,40517,40526,40496,40507
40549,40566,40587,40592,40622,40557,40580,40591,40551,40562,40570,40576,40585,40596,40566,40573
40622,40651,40662,40666,40705,40630,40656,40665,40625,40634,40643,40652,40660,40666,40637,40648
40705,40725,40742,40751,40793,40712,40735,40746,40706,40715,40726,40730,40740,40751,40718,40730
40793,40809,40834,40843,40888,40802,40812,40822,40796,40806,40816,40825,40832,40843,40809,40821
40888,40917,40927,40930,40982,40897,40922,40929,40892,40901,40910,40917,40925,40932,40904,40914
40982,41002,41029,41031,41080,40993,41024,41031,40987,40997,41006,41012,41027,41035,41001,41009
41080,41096,41117,41126,41169,41088,41100,41108,41082,41093,41097,41097,41102,41108,41097,41105
41169,41186,41207,41213,41266,41178,41202,41210,41172,41181,41190,41197,41205,41213,41186,41194
41266,41283,41304,41316,41363,41274,41299,41309,41268,41277,41287,41295,41302,41319,41281,41291
41363,41381,41401,41408,41455,41371,41395,41406,41365,41374,41384,41390,41399,41410,41378,41386
41455,41484,41494,41500,41555,41463,41489,41497,41457,41466,41477,41484,41492,41500,41471,41480
41555,41576,41598,41603,41664,41564,41592,41601,41559,41568,41578,41584,41596,41605,41572,41580
41664,41692,41707,41709,41759,41674,41702,41709,41668,41678,41686,41692,41705,41714,41681,41689
41759,41787,41805,41809,41867,41776,41800,41810,41770,41780,41791,41795,41803,41810,41783,41795
41867,41900,41908,41911,41967,41877,41904,41911,41870,41880,41892,41899,41906,41913,41884,41896
41967,41998,42007,42017,42059,41977,42003,42011,41971,41980,41992,41998,42005,42011,41988,41995
42059,42110,42119,,42159,42072,42094,42155,42067,42076,42084,42108,42151,42156,42079,42103
42159,42179,42203,42211,42250,42170,42197,42207,42164,42173,42184,42192,42201,42212,42177,42188
42250,42285,42293,42301,42345,42263,42289,42297,42257,42266,42275,42282,42292,42305,42270,42278
42345,42377,42392,42395,42441,42356,42383,42395,42350,42360,42369,42376,42390,42398,42364,42372
42441,42471,42479,42486,42538,42449,42475,42484,42443,42453,42464,42470,42478,42489,42459,42467
42538,42569,42579,42586,42663,42548,42574,42582,42542,42551,42561,42569,42577,42585,42555,42565
42663,42679,42695,42698,42727,42674,42689,42697,42670,42678,42685,42685,42693,42699,42681,42685
42727,42746,42768,42770,42818,42735,42763,42770,42729,42739,42755,42759,42766,42773,42743,42751
42818,42835,42856,42860,42908,42827,42837,42844,42821,42831,42835,42835,42840,42847,42835,42844
42908,42925,42946,42953,42995,42916,42940,42950,42910,42920,42932,42937,42944,42953,42924,42937
42995,43014,43033,43038,43073,43005,43029,43036,42998,43009,43018,43024,43031,43039,43014,43021
43073,43103,43112,43136,43181,43097,43108,43116,43091,43100,43105,43105,43110,43116,43105,43113
43181,43202,43219,43223,43274,43189,43213,43222,43183,43193,43203,43208,43217,43227,43197,43205
43274,43293,43314,43316,43370,43283,43308,43316,43277,43288,43298,43304,43312,43319,43291,43301
43370,43388,43405,43415,43460,43378,43398,43410,43372,43382,43394,43394,43403,43415,43386,43394
43460,43478,43486,43496,43555,43470,43482,43489,43464,43474,43478,43478,43484,43489,43478,43486
43555,43573,43593,43599,43646,43563,43585,43597,43557,43567,43581,43581,43591,43601,43571,43581
43646,43665,43681,43688,43735,43655,43674,43685,43648,43659,43669,43669,43679,43689,43663,43669
43735,43755,43772,43776,43826,43744,43766,43775,43738,43748,43760,43762,43770,43780,43752,43762
43826,43844,43859,43870,43917,43836,43847,43867,43829,43840,43850,43851,43857,43872,43844,43851
43917,43933,43950,43958,44001,43925,43938,43954,43918,43929,43940,43940,43948,43962,43933,43940
44001,44020,44035,44040,44085,44009,44028,44037,44003,44013,44024,44024,44033,44041,44017,44024
44085,44104,44118,44130,44175,44094,44109,44122,44088,44098,44101,44101,44115,44122,44101,44120
44175,44195,44211,44215,44268,44183,44224,44230,44177,44187,44209,44218,44226,44232,44190,44214
44268,44286,44302,44309,44359,44276,44292,44306,44270,44281,44293,44293,44300,44310,44285,44293
44359,44376,44396,44401,44450,44368,44380,44385,44361,44372,44381,44387,44394,44404,44376,44384
44450,44470,44488,44493,44546,44460,44476,44491,44454,44465,44477,44478,44486,44494,44469,44478
44546,44563,44582,44590,44638,44554,44574,44586,44548,44558,44568,44571,44580,44590,44562,44571
44638,44654,44672,44679,44729,44645,44658,44666,44639,44650,44654,44654,44662,44666,44654,44664
44729,44745,44766,44772,44819,44737,44751,44769,44731,44740,44753,44757,44764,44772,44744,44757
44819,44838,44855,44860,44911,44828,44848,44857,44823,44832,44842,44845,44853,44860,44836,44845
44911,44928,44944,44954,44997,44920,44935,44948,44914,44923,44931,44931,44942,44954,44927,44931
44997,45015,45027,45039,45081,45006,45019,45034,45000,45010,45018,45018,45024,45039,45018,45027
45081,45098,45119,45125,45167,45090,45103,45111,45084,45094,45105,45111,45117,45127,45098,45108
45167,45185,45223,45210,45254,45176,45197,45210,45171,45180,45190,45193,45204,45214,45184,45193
45254,45271,45288,45295,45340,45264,45275,45290,45258,45268,45277,45279,45286,45294,45271,45279
45340,45356,45374,45380,45407,45349,45362,45377,45343,45353,45366,45366,45371,45387,45357,45366
45407,45441,45453,45458,45510,45432,45447,45457,45426,45436,45443,45443,45452,45460,45439,45443
45510,45527,45544,45554,45598,45519,45535,45547,45514,45523,45532,45534,45542,45552,45526,45534
45598,45614,45633,45641,45684,45607,45619,45635,45601,45611,45622,45622,45631,45639,45615,45622
45684,45700,45720,45726,45767,45692,45705,45723,45686,45696,45706,45710,45717,45726,45700,45710
45767,45783,45802,45813,45853,45776,45796,45808,45770,45780,45788,45793,45800,45814,45783,45790
45853,45870,45885,45896,45938,45861,45876,45891,45855,45865,45875,45875,45882,45897,45869,45875
45938,45955,45972,45981,46027,45947,45963,45974,45942,45951,45961,45961,45969,45978,45955,45961
46027,46041,46060,46067,46110,46035,46045,46061,46030,46038,46049,46051,46057,46066,46042,46051
46110,46127,46148,46154,46197,46119,46132,46149,46114,46124,46136,46139,46146,46154,46128,46139
46197,46213,46230,46233,46284,46205,46217,46233,46199,46209,46219,46223,46228,46235,46213,46223
46284,46301,46317,46325,46372,46293,46305,46319,46287,46297,46309,46309,46315,46324,46301,46309
46372,46388,46404,46413,46457,46380,46394,46408,46375,46384,46394,46394,46402,46412,46388,46394
46457,46474,46489,46496,46541,46465,46481,46492,46460,46469,46473,46473,46486,46495,46473,46491
46541,46558,46577,46580,46626,46549,46571,46580,46543,46553,46562,46567,46575,46583,46557,46564
46626,46643,46659,46666,46710,46634,46653,46662,46628,46637,46646,46649,46656,46665,46641,46649
46710,46728,46746,46754,46800,46720,46733,46750,46713,46724,46736,46736,46743,46755,46728,46736
46800,46815,46828,46841,46886,46808,46820,46836,46803,46812,46816,46816,46823,46842,46816,46826
46886,46902,46913,46928,46971,46894,46906,46917,46889,46898,46903,46903,46910,46917,46903,46913
46971,46988,47006,47013,47059,46981,47000,47010,46975,46984,46992,46996,47003,47017,46988,46996
47059,47075,47093,47100,47142,47066,47078,47095,47060,47071,47081,47085,47091,47099,47076,47085
47142,47157,47174,47184,47220,47150,47162,47177,47145,47154,47164,47164,47171,47183,47158,47164
47220,47237,47255,47260,47300,47230,47241,47249,47224,47234,47238,47238,47245,47249,47238,47246
47300,47317,47338,47330,47380,47309,47321,47329,47304,47313,47317,47317,47324,47331,47317,47327
47380,47396,47414,47417,47459,47389,47405,47416,47384,47393,47403,47403,47411,47419,47396,47403
47459,47477,47494,47502,47540,47469,47482,47497,47464,47473,47478,47478,47489,47502,47478,47498
47540,47556,47574,47582,47617,47548,47562,47576,47542,47552,47565,47565,47572,47581,47555,47565
47617,47634,47655,47660,47698,47626,47637,47646,47620,47631,47635,47635,47640,47647,47635,47643
47698,47713,47730,47739,47780,47706,47718,47734,47701,47709,47719,47719,47727,47739,47713,47719
47780,47796,47813,47821,47859,47789,47802,47816,47783,47793,47802,47802,47810,47821,47796,47802
47859,47874,47892,47899,47936,47866,47885,47895,47861,47870,47878,47882,47889,47898,47873,47882
47936,47952,47966,47979,48016,47944,47957,47971,47938,47948,47952,47952,47963,47971,47952,47968
48016,48030,48045,48057,48091,48023,48037,48048,48018,48027,48035,48035,48042,48051,48030,48035
48091,48106,48121,48130,48165,48098,48111,48124,48092,48102,48109,48109,48117,48129,48109,48125
48165,48182,48198,48205,48244,48174,48191,48200,48169,48178,48187,48187,48195,48203,48182,48187
48244,48259,48278,48284,48324,48252,48261,48281,48246,48255,48264,48269,48276,48284,48259,48266
48324,48340,48354,48362,48403,48332,48345,48357,48326,48335,48340,48340,48351,48362,48338,48340
48403,48419,48434,48441,48485,48411,48424,48436,48406,48415,48424,48424,48431,48442,48418,48424
48485,48500,48512,48525,48567,48493,48505,48516,48487,48496,48501,48501,48509,48516,48501,48512
48567,48584,48603,48610,48655,48576,48596,48606,48570,48579,48588,48592,48601,48610,48583,48592
48655,48670,48686,48694,48738,48663,48679,48688,48658,48666,48674,48677,48684,48692,48669,48677
48738,48755,48769,48780,48822,48746,48761,48774,48740,48750,48756,48756,48767,48779,48753,48756
48822,48838,48857,48865,48907,48830,48842,48861,48824,48834,48843,48847,48855,48866,48837,48847
48907,48923,48941,48947,48991,48916,48927,48943,48911,48920,48931,48934,48938,48948,48924,48934
48991,49007,49021,49034,49075,48999,49013,49023,48994,49003,49008,49008,49018,49026,49007,49008
49075,49091,49108,49116,49159,49083,49095,49111,49078,49087,49098,49098,49106,49117,49091,49098
49159,49179,49193,49202,49246,49169,49185,49196,49163,49172,49178,49178,49191,49207,49175,49178
49246,49261,49275,49285,49312,49253,49266,49279,49247,49257,49265,49265,49271,49286,49260,49265
49312,49346,49366,49373,49419,49339,49360,49369,49333,49342,49352,49357,49364,49372,49345,49357
49419,49434,49444,49457,49504,49426,49438,49452,49420,49429,49437,49437,49442,49457,49437,49445
49504,49519,49534,49549,49615,49512,49525,49562,49507,49516,49531,49550,49557,49563,49519,49546
49615,49635,49657,49661,49679,49622,49642,49650,49614,49636,49641,49641,49645,49650,49641,49648
49679,49719,49730,49733,49790,49773,,,49680,49690,49698,49719,49728,49735,49694,49713
49790,49805,49820,49824,49852,49798,49814,49823,49789,49807,49815,49815,49819,49826,49815,49822
49852,49874,49904,49908,49943,49860,49899,49907,49854,49863,49870,49895,49903,49909,49866,49883
49943,49959,49966,49978,50025,49951,49962,49968,49945,49955,49958,49958,49964,49968,49958,49966
50025,50048,50064,50072,50121,50041,50053,50066,50036,50045,50054,50054,50062,50071,50048,50054
50121,50138,50150,50159,50207,50129,50142,50154,50123,50133,50140,50140,50146,50158,50140,50154
50207,50223,50242,50248,50295,50216,50226,50235,50211,50220,50224,50224,50230,50235,50224,50232
50295,50310,50325,50329,50381,50302,50318,50327,50297,50306,50315,50315,50323,50331,50309,50315
50381,50395,50413,50420,50464,50388,50400,50415,50383,50392,50403,50403,50410,50419,50396,50403
50464,50481,50495,50503,50548,50472,50487,50498,50467,50476,50483,50483,50492,50503,50479,50483
50548,50564,50580,50588,50619,50556,50570,50582,50550,50560,50569,50569,50577,50586,50564,50569
50619,50647,50656,50674,50706,50640,50651,50660,50634,50644,50649,50649,50654,50660,50649,50657
50706,50731,50747,50757,50798,50722,50739,50751,50717,50726,50735,50735,50745,50754,50729,50735
50798,50813,50829,50840,50881,50805,50821,50834,50800,50809,50819,50819,50827,50843,50812,50819
50881,50895,50907,50920,50961,50887,50900,50914,50881,50891,50899,50899,50906,50919,50899,50915
50961,50975,50994,51000,51030,50969,50979,50995,50963,50973,50983,50986,50991,51000,50977,50986
51030,51052,51070,51078,51099,51045,51058,51073,51040,51049,51059,51059,51069,51078,51052,51059
51099,51124,51134,51144,51178,51118,51128,51139,51113,51122,51126,51126,51131,51139,51126,51134
51178,51198,51213,51218,51254,51190,51206,51216,51185,51193,51203,51203,51211,51222,51197,51203
51254,51270,51307,51293,51330,51262,51275,51293,51257,51266,51284,51284,51288,51297,51269,51284
51330,51346,51359,51374,51416,51339,51351,51369,51334,51344,51348,51348,51355,51376,51348,51360
51416,51430,51446,51458,51495,51423,51435,51450,51418,51428,51432,51432,51443,51453,51432,51448
51495,51511,51528,51538,51575,51503,51517,51533,51496,51507,51518,51518,51526,51538,51511,51518
51575,51591,51611,51617,51656,51583,51595,51613,51577,51587,51600,51602,51609,51617,51590,51602
51656,51671,51691,51698,51739,51665,51682,51693,51660,51668,51676,51680,51688,51697,51671,51680
51739,51754,51772,51781,51815,51747,51758,51774,51742,51751,51760,51763,51770,51778,51755,51763
51815,51832,51849,51857,51879,51824,51837,51852,51818,51829,51833,51833,51846,51858,51833,51852
51879,51908,51923,51932,51967,51900,51916,51928,51894,51904,51912,51912,51921,51934,51907,51912
51967,51983,51998,52006,52045,51975,51990,52002,51969,51979,51988,51988,51996,52013,51982,51988
52045,52060,52075,52082,52122,52053,52063,52077,52047,52056,52066,52067,52073,52081,52060,52067
52122,52138,52153,52159,52200,52130,52142,52154,52124,52134,52139,52139,52149,52158,52139,52154
52200,52217,52232,52238,52281,52208,52223,52235,52202,52211,52215,52215,52229,52240,52215,52234
52281,52298,52313,52320,52363,52290,52306,52317,52284,52293,52303,52303,52311,52325,52297,52303
52363,52379,52397,52403,52441,52371,52387,52399,52366,52375,52384,52384,52394,52404,52378,52384
52441,52455,52474,52490,52515,52448,52462,52476,52442,52452,52458,52458,52471,52480,52456,52458
52515,52532,52551,52559,52594,52523,52539,52555,52517,52527,52531,52531,52548,52560,52531,52556
52594,52608,52623,52631,52667,52601,52613,52625,52596,52605,52609,52609,52620,52629,52609,52625
52667,52683,52700,52706,52739,52675,52688,52702,52670,52679,52684,52684,52697,52706,52684,52702
52739,52755,52769,52776,52810,52747,52761,52770,52741,52750,52758,52758,52766,52774,52753,52758
52810,52826,52845,52851,52883,52819,52831,52848,52813,52823,52833,52835,52843,52851,52826,52835
52883,52900,52915,52922,52961,52891,52905,52918,52885,52895,52906,52906,52912,52922,52899,52906
52961,52975,52989,52999,53035,52967,52981,52992,52962,52971,52978,52978,52986,53001,52974,52978
53035,53052,53063,53073,53108,53043,53057,53067,53037,53046,53056,53056,53060,53079,53056,53063
53108,53125,53141,53149,53189,53118,53129,53144,53113,53122,53132,53132,53139,53148,53125,53132
53189,53207,53219,53222,53273,53197,53213,53221,53191,53201,53208,53208,53217,53225,53204,53208
53273,53288,53303,53310,53356,53280,53296,53306,53275,53284,53293,53293,53301,53308,53287,53293
53356,53370,53386,53392,53424,53362,53380,53389,53357,53366,53373,53377,53384,53392,53369,53377
53424,53451,53465,53472,53518,53444,53458,53471,53438,53447,53456,53456,53463,53477,53451,53456
53518,53536,53553,53558,53603,53527,53541,53555,53521,53531,53546,53546,53550,53560,53538,53546
53603,53619,53638,53643,53679,53611,53623,53640,53606,53615,53624,53629,53635,53643,53619,53629
53679,53702,53719,53727,53762,53695,53707,53722,53689,53699,53709,53709,53717,53726,53702,53709
53762,53779,53791,53801,53838,53772,53783,53796,53766,53776,53781,53781,53787,53801,53781,53796
53838,53857,53872,53876,53919,53849,53862,53876,53844,53853,53863,53863,53869,53881,53856,53863
53919,53938,53951,53953,54005,53928,53946,53953,53923,53932,53942,53942,53949,53956,53935,53942
54005,54020,54039,54047,54088,54013,54024,54041,54007,54017,54028,54031,54036,54045,54022,54031
54088,54103,54119,54128,54161,54096,54110,54122,54090,54100,54104,54104,54116,54127,54104,54121
54161,54183,54202,54209,54246,54176,54188,54192,54171,54180,54189,54192,54200,54209,54183,54192
54246,54262,54282,54286,54324,54254,54266,54275,54249,54258,54262,54262,54269,54275,54262,54272
54324,54341,54351,54362,54404,54333,54345,54354,54327,54337,54342,54342,54348,54354,54342,54350
54404,54418,54458,54431,54486,54411,54422,54431,54406,54415,54420,54420,54425,54433,54420,54428
54486,54501,54517,54526,54567,54494,54505,54520,54488,54497,54501,54501,54514,54525,54501,54521
54567,54584,54600,54610,54649,54577,54592,54603,54571,54580,54588,54588,54597,54608,54583,54588
54649,54663,54680,54692,54710,54656,54670,54682,54650,54660,54669,54669,54677,54686,54663,54669
54710,54737,54746,54765,54795,54730,54741,54750,54725,54734,54739,54739,54744,54750,54739,54747
54795,54813,54825,54838,54896,54804,54819,54835,54798,54809,54817,54817,54823,54839,54817,54826
54896,54909,54924,,54945,54906,54918,54937,54903,54911,54923,54923,54932,54939,54914,54923
54945,54962,54977,54984,55022,54953,54966,54980,54948,54958,54962,54962,54973,54985,54962,54980
55022,55039,55053,55059,55096,55030,55045,55057,55024,55034,55040,55040,55049,55062,55036,55040
55096,55114,55132,55135,55179,55106,55118,55123,55100,55110,55119,55124,55129,55137,55115,55121
55179,55197,55211,55216,55266,55187,55205,55214,55182,55191,55199,55200,55208,55216,55194,55200
55266,55280,55298,55327,55356,55273,55283,55289,55268,55277,55280,55280,55284,55289,55280,55287
55356,55370,55390,55400,55444,55363,55374,55383,55358,55367,55371,55371,55377,55383,55371,55380
55444,55462,55478,55485,55531,55454,55467,55481,55447,55458,55463,55463,55475,55485,55463,55481
55531,55548,55572,55574,55620,55540,55567,55574,55534,55543,55553,55564,55570,55577,55547,55561
55620,55637,55652,55663,55709,55628,55642,55658,55623,55632,55635,55635,55648,55663,55635,55660
55709,55724,55741,55750,55795,55717,55732,55744,55711,55720,55729,55729,55738,55747,55724,55729
55795,55809,55839,55844,55875,55802,55815,55826,55797,55806,55816,55816,55822,55830,55810,55816
55875,55891,55905,55909,55955,55883,55897,55908,55877,55887,55891,55891,55902,55918,55891,55906
55955,55972,55992,55997,56034,55963,55986,55995,55957,55966,55976,55982,55990,55998,55971,55979
56034,56050,56061,56064,56115,56042,56053,56063,56036,56046,56050,56050,56057,56066,56050,56061
56115,56128,56144,56151,56196,56122,56131,56138,56117,56125,56129,56129,56134,56138,56129,56136
56196,56211,56251,56224,56280,56204,56215,56224,56198,56208,56212,56212,56217,56224,56212,56220
56280,56298,56313,56317,56368,56289,56308,56315,56284,56293,56300,56304,56310,56317,56296,56304
56368,56386,56401,56410,56455,56376,56391,56404,56371,56380,56384,56384,56397,56408,56382,56384
56455,56471,56485,56490,56540,56463,56478,56488,56458,56466,56475,56475,56482,56492,56469,56475
56540,56556,56573,56575,56626,56548,56562,56575,56542,56551,56565,56567,56571,56579,56555,56567
56626,56642,56660,56672,56715,56635,56651,56665,56629,56638,56647,56647,56657,56670,56641,56647
56715,56731,56748,56755,56801,56724,56737,56750,56718,56727,56737,56737,56745,56754,56731,56737
56801,56816,56834,56843,56882,56808,56820,56837,56803,56812,56825,56825,56832,56842,56816,56825
56882,56899,56917,56924,56967,56892,56903,56920,56887,56896,56905,56908,56915,56924,56900,56908
56967,56981,56993,57003,57049,56975,56985,56997,56969,56978,56982,56982,56989,57000,56982,56995
57049,57066,57082,57092,57134,57058,57073,57086,57053,57061,57070,57070,57079,57092,57064,57070
57134,57149,57169,57175,57216,57142,57153,57170,57137,57147,57156,57161,57167,57175,57151,57161
57216,57231,57240,57245,57299,57224,57235,57244,57218,57228,57232,57232,57237,57244,57232,57240
57299,57316,57332,57337,57386,57307,57327,57336,57302,57311,57319,57323,57330,57340,57315,57323
57386,57401,57415,57422,57473,57393,57406,57417,57388,57397,57400,57400,57412,57422,57400,57416
57473,57489,57505,57510,57558,57481,57496,57507,57475,57484,57494,57494,57502,57511,57488,57494
57558,57572,57609,57614,57642,57565,57576,57586,57560,57568,57572,57572,57580,57586,57572,57583
57642,57657,57675,57679,57729,57649,57668,57678,57643,57652,57661,57665,57673,57683,57656,57662
57729,57743,57785,57790,57817,57736,57748,57763,57730,57740,57750,57754,57758,57767,57744,57754
57817,57832,57850,57858,57889,57824,57842,57852,57819,57828,57837,57840,57847,57858,57832,57840
57889,57915,57929,57940,57978,57908,57922,57934,57902,57911,57918,57918,57927,57941,57914,57918
57978,57998,58012,58019,58065,57990,58004,58016,57985,57994,58004,58004,58010,58020,57997,58004
58065,58081,58096,58107,58149,58073,58087,58100,58068,58077,58081,58081,58094,58102,58081,58098
58149,58165,58183,58189,58230,58158,58168,58185,58153,58162,58170,58175,58181,58191,58165,58172
58230,58250,58262,58273,58318,58243,58254,58268,58238,58248,58253,58253,58259,58273,58253,58261
58318,58335,58352,58359,58404,58327,58340,58356,58321,58331,58342,58345,58350,58362,58336,58345
58404,58420,58456,58438,58488,58412,58423,58438,58406,58415,58425,58427,58433,58444,58419,58427
58488,58506,58520,58529,58577,58498,58512,58524,58493,58502,58511,58511,58517,58530,58506,58511
58577,58593,58624,58627,58660,58585,58596,58627,58580,58589,58599,58615,58622,58630,58593,58611
58660,58679,58694,58698,58746,58669,58685,58697,58664,58673,58676,58676,58692,58700,58676,58697
58746,58762,58780,58785,58833,58754,58766,58782,58749,58758,58768,58772,58777,58786,58762,58772
58833,58848,58866,58874,58921,58841,58852,58887,58835,58844,58863,58874,58882,58892,58848,58870
58921,58936,58953,58963,59008,58929,58940,58955,58923,58933,58944,58946,58951,58960,58938,58946
59008,59023,59037,59044,59078,59016,59028,59043,59010,59019,59024,59024,59033,59048,59024,59037
59078,59108,59116,59133,59181,59102,59111,59117,59097,59105,59109,59109,59114,59119,59109,59116
59181,59196,59213,59220,59270,59189,59200,59215,59183,59193,59204,59204,59210,59219,59197,59204
59270,59286,59304,59314,59359,59277,59291,59306,59272,59280,59297,59297,59301,59311,59284,59297
59359,59373,59389,59400,59445,59366,59377,59394,59361,59370,59380,59380,59386,59400,59373,59380
59445,59461,59476,59486,59521,59453,59468,59480,59447,59457,59465,59465,59473,59488,59460,59465
59521,59545,59562,59569,59611,59537,59555,59566,59532,59541,59550,59553,59560,59570,59545,59553
59611,59631,59648,59655,59705,59624,59641,59650,59619,59628,59635,59639,59646,59653,59631,59639
59705,59720,59735,59740,59792,59713,59723,59736,59707,59716,59725,59727,59732,59739,59720,59727
59792,59807,59823,59832,59878,59799,59815,59826,59794,59803,59812,59812,59820,59830,59806,59812
59878,59894,59912,59919,59965,59886,59898,59903,59881,59890,59899,59903,59909,59919,59894,59903
59965,59980,60016,60001,60049,59972,59984,59993,59967,59976,59980,59980,59989,59993,59980,59991
60049,60063,60076,60090,60129,60057,60067,60086,60052,60061,60065,60065,60072,60091,60065,60076
60129,60143,60158,60169,60208,60137,60148,60164,60132,60141,60145,60145,60154,60170,60145,60166
60208,60225,60244,60248,60290,60217,60229,60238,60212,60221,60226,60226,60232,60238,60226,60235
60290,60306,60324,60330,60397,60380,,,60293,60303,60312,60316,60322,60330,60307,60316
60397,60411,60435,60426,60452,60403,60418,60425,60396,60405,60408,60414,60422,60428,60407,60414
60452,60467,60483,60486,60522,60460,60471,60479,60454,60463,60467,60467,60474,60479,60467,60476
60522,60574,60589,60617,60647,60543,60583,60590,60538,60546,60553,60571,60587,60593,60549,60567
60647,60691,60705,60712,60768,60680,60697,60707,60674,60685,60699,60699,60703,60711,60699,60707
60768,60796,60813,60821,60864,60788,60799,60817,60783,60792,60801,60805,60811,60820,60796,60805
60864,60877,60897,60905,60945,60871,60881,60899,60865,60874,60883,60888,60894,60905,60878,60885
60945,60960,60972,60985,61024,60953,60964,60979,60947,60957,60961,60961,60969,60984,60961,60980
61024,61037,61057,61065,61097,61031,61044,61060,61026,61034,61044,61044,61055,61065,61037,61044
61097,61114,61133,61140,61176,61107,61118,61135,61102,61111,61123,61126,61131,61139,61115,61126
61176,61192,61209,61214,61253,61185,61195,61203,61180,61189,61193,61193,61199,61203,61193,61200
61253,61268,61283,61291,61326,61261,61274,61285,61255,61265,61273,61273,61280,61290,61268,61273
61326,61341,61360,61365,61385,61335,61344,61362,61330,61338,61346,61351,61357,61365,61342,61351
61385,61417,61434,61444,61482,61411,61420,61438,61406,61415,61422,61426,61433,61441,61418,61426
61482,61497,61515,61523,61564,61491,61501,61518,61485,61494,61503,61506,61512,61523,61498,61506
61564,61579,61594,61599,61645,61572,61584,61597,61566,61576,61580,61580,61591,61601,61580,61596
61645,61660,61679,61685,61722,61652,61664,61682,61646,61656,61666,61669,61677,61685,61660,61669
61722,61741,61753,61757,61802,61731,61747,61757,61725,61734,61742,61742,61751,61762,61737,61742
61802,61819,61836,61842,61884,61810,61824,61839,61804,61814,61827,61827,61834,61843,61818,61827
61884,61900,61915,61924,61964,61892,61906,61918,61886,61896,61905,61905,61913,61923,61900,61905
61964,61980,61997,62005,62043,61973,61986,61999,61967,61976,61987,61987,61994,62004,61980,61987
62043,62059,62071,62082,62122,62051,62064,62078,62046,62056,62060,62060,62068,62083,62060,62071
62122,62140,62155,62162,62193,62132,62143,62157,62126,62136,62148,62148,62152,62168,62140,62148
62193,62220,62235,62243,62285,62212,62225,62237,62207,62216,62226,62226,62233,62241,62220,62226
62285,62301,62319,62328,62364,62294,62305,62323,62289,62298,62307,62310,62317,62326,62301,62310
62364,62381,62396,62400,62447,62373,62385,62399,62367,62378,62383,62383,62389,62402,62383,62391
62447,62461,62476,62488,62526,62454,62467,62482,62448,62458,62461,62461,62473,62488,62461,62477
62526,62544,62557,62569,62607,62534,62550,62564,62529,62538,62545,62545,62555,62568,62541,62545
62607,62624,62639,62648,62689,62616,62629,62642,62610,62621,62626,62626,62636,62648,62626,62643
62689,62707,62720,62725,62772,62697,62714,62723,62691,62700,62709,62709,62718,62726,62703,62709
62772,62790,62805,62811,62844,62782,62795,62807,62775,62786,62791,62791,62803,62811,62791,62807
62844,62872,62890,62895,62942,62865,62884,62894,62860,62868,62875,62879,62889,62897,62871,62879
62942,62960,62974,62979,63031,62951,62966,62976,62945,62955,62966,62966,62972,62980,62959,62966
63031,63045,63060,63067,63113,63038,63052,63062,63032,63041,63048,63048,63057,63068,63044,63048
63113,63128,63146,63156,63197,63121,63139,63152,63115,63124,63132,63136,63144,63156,63127,63136
63197,63215,63246,63232,63275,63205,63221,63232,63199,63209,63212,63212,63226,63237,63212,63234
63275,63292,63308,63313,63353,63285,63302,63312,63279,63288,63296,63299,63306,63319,63292,63299
63353,63371,63386,63391,63435,63363,63380,63391,63357,63366,63375,63376,63384,63391,63370,63376
63435,63451,63494,63461,63515,63443,63454,63461,63437,63447,63450,63450,63455,63461,63450,63458
63515,63530,63542,63555,63591,63523,63535,63545,63518,63527,63533,63533,63539,63545,63533,63541
63591,63605,63625,63633,63668,63599,63609,63618,63593,63603,63607,63607,63612,63618,63607,63614
63668,63685,63720,63708,63745,63676,63692,63700,63670,63679,63695,63699,63704,63711,63682,63689
63745,63761,63781,63788,63827,63755,63765,63773,63749,63759,63762,63762,63768,63773,63762,63770
63827,63842,63860,63866,63908,63835,63846,63861,63830,63839,63849,63852,63857,63866,63843,63852
63908,63922,63941,63950,63987,63916,63925,63944,63910,63919,63928,63932,63939,63954,63923,63932
63987,64003,64021,64026,64051,63996,64009,64023,63991,64000,64012,64012,64018,64027,64004,64012
64051,64084,64094,64107,64148,64076,64088,64103,64070,64080,64086,64086,64092,64108,64086,64095
64148,64163,64178,64187,64221,64156,64169,64181,64151,64160,64169,64169,64176,64188,64163,64169
64221,64238,64256,64262,64283,64232,64242,64259,64226,64235,64244,64247,64254,64262,64239,64247
64283,64314,64324,64334,64367,64308,64319,64329,64302,64311,64315,64315,64322,64329,64315,64325
64367,64392,64407,64413,64454,64386,64396,64410,64381,64390,64399,64399,64405,64416,64393,64399
64454,64470,64485,64490,64534,64463,64474,64488,64458,64467,64475,64478,64483,64492,64470,64478
64534,64548,64563,64577,64608,64541,64555,64567,64536,64545,64552,64552,64561,64570,64548,64552
64608,64622,64657,64643,64681,64615,64633,64643,64609,64618,64628,64628,64637,64648,64622,64628
64681,64696,64713,64735,64758,64689,64705,64715,64683,64693,64702,64704,64711,64720,64696,64704
64758,64773,64788,64794,64827,64766,64780,64790,64760,64770,64778,64778,64785,64795,64773,64778
64827,64850,64860,64875,64904,64844,64854,64863,64839,64848,64852,64852,64857,64863,64852,64860
64904,64929,64944,64953,64987,64922,64934,64948,64916,64926,64931,64931,64942,64953,64931,64948
64987,65002,65019,65029,65058,64994,65008,65022,64989,64998,65007,65007,65016,65028,65001,65007
65058,65074,65097,65103,65134,65068,65079,65091,65063,65072,65075,65075,65086,65091,65075,65089
65134,65149,65167,65174,65208,65142,65159,65170,65137,65146,65154,65156,65165,65174,65149,65156
65208,65222,65238,65248,65282,65216,65226,65242,65211,65220,65224,65224,65231,65248,65224,65244
65282,65295,65315,65320,65348,65289,65299,65308,65284,65293,65297,65297,65302,65308,65297,65305
65348,65369,65386,65398,65424,65362,65375,65390,65357,65366,65376,65376,65384,65397,65370,65376
65424,65442,65458,65467,65499,65435,65447,65460,65430,65439,65448,65448,65456,65464,65443,65448
65499,65514,65534,65540,65572,65507,65518,65529,65502,65511,65515,65515,65522,65529,65515,65525
65572,65587,65604,65612,65644,65580,65590,65609,65574,65584,65592,65595,65602,65614,65587,65595
65644,65660,65676,65683,65720,65653,65666,65678,65648,65657,65666,65666,65673,65682,65660,65666
65720,65734,65751,65760,65792,65727,65742,65755,65722,65731,65740,65740,65748,65760,65734,65740
65792,65808,65821,65824,65868,65800,65813,65823,65795,65804,65811,65811,65818,65833,65807,65811
65868,65885,65924,65903,65946,65877,65890,65903,65872,65881,65894,65894,65898,65906,65884,65894
65946,65962,65978,65985,66028,65955,65967,65980,65950,65958,65968,65968,65975,65985,65961,65968
66028,66043,66061,66071,66106,66036,66052,66063,66030,66040,66049,66050,66058,66068,66043,66050
66106,66123,66143,66167,66186,66116,66129,66145,66111,66119,66136,66136,66141,66150,66123,66136
66186,66202,66218,66225,66266,66195,66207,66220,66189,66199,66208,66208,66215,66225,66202,66208
66266,66284,66301,66307,66350,66276,66293,66304,66271,66280,66289,66290,66299,66307,66283,66290
66350,66365,66380,66392,66428,66358,66370,66383,66353,66362,66365,66365,66377,66392,66365,66381
66428,66443,66457,66464,66531,66511,,,66430,66440,66449,66449,66455,66463,66444,66449
66531,66545,66568,,66581,66538,66554,66564,66532,66541,66545,66550,66558,66564,66543,66547
66581,66595,66614,66620,66660,66588,66600,66608,66582,66593,66598,66598,66605,66608,66598,66606
66660,66702,66745,66755,66822,66667,66709,66715,66662,66670,66678,66703,66743,66753,66674,66700
66822,66838,66856,66863,66931,66831,66842,66859,66825,66834,66844,66846,66854,66863,66838,66846
66931,66972,66989,67025,67061,66994,67001,66996,66931,66945,66956,66975,66987,66996,66950,66971
67061,67076,67088,67106,67140,67069,67080,67097,67064,67074,67079,67079,67085,67107,67079,67088
67140,67157,67190,67197,67224,67149,67159,67165,67143,67152,67156,67156,67161,67167,67156,67164
67224,67238,67255,67265,67309,67231,67249,67261,67226,67234,67241,67245,67255,67266,67237,67245
67309,67324,67337,67344,67388,67317,67328,67339,67311,67321,67325,67325,67333,67342,67325,67338
67388,67408,67424,67432,67512,67490,,,67396,67404,67413,67413,67422,67431,67407,67413
67512,67526,67563,67545,67573,67519,67532,67538,67513,67524,67528,67528,67534,67538,67528,67535
67573,67588,67630,67608,67663,67581,67592,67599,67575,67585,67588,67588,67595,67599,67588,67597
67663,67678,67692,67704,67744,67671,67682,67699,67666,67675,67679,67679,67688,67705,67679,67692
67744,67768,67785,67794,67840,67762,67778,67788,67757,67765,67772,67775,67783,67792,67768,67775
67840,67853,67873,67880,67923,67847,67856,67876,67841,67850,67858,67864,67870,67879,67854,67861
67923,67940,67954,67965,68008,67932,67947,67960,67927,67936,67944,67944,67952,67966,67939,67944
68008,68023,68042,68050,68093,68017,68027,68045,68012,68021,68029,68033,68040,68049,68024,68033
68093,68108,68125,68134,68173,68101,68117,68128,68096,68105,68113,68115,68122,68134,68108,68115
68173,68189,68204,68207,68254,68181,68198,68206,68176,68184,68194,68194,68202,68209,68188,68194
68254,68271,68290,68296,68340,68263,68276,68293,68256,68267,68278,68282,68288,68297,68272,68282
68340,68358,68370,68374,68425,68348,68363,68372,68343,68351,68358,68358,68367,68374,68354,68358
68425,68444,68459,68467,68514,68436,68450,68463,68430,68439,68443,68443,68457,68467,68443,68462
68514,68531,68549,68556,68601,68524,68535,68543,68519,68528,68532,68532,68538,68543,68532,68540
68601,68616,68628,68642,68681,68609,68620,68632,68603,68613,68617,68617,68625,68642,68617,68629
68681,68698,68717,68723,68765,68690,68703,68712,68683,68694,68699,68699,68707,68712,68699,68709
68765,68781,68797,68808,68850,68773,68787,68803,68768,68777,68787,68787,68795,68811,68781,68787
68850,68866,68886,68892,68934,68858,68870,68879,68853,68862,68867,68867,68873,68879,68867,68876
68934,68949,68964,68972,69015,68941,68955,68966,68936,68945,68952,68952,68961,68971,68948,68952
69015,69030,69047,69055,69079,69024,69039,69049,69018,69027,69035,69037,69044,69054,69030,69037
69079,69109,69124,69134,69171,69102,69116,69128,69096,69105,69114,69114,69122,69134,69108,69114
69171,69187,69204,69211,69243,69178,69195,69206,69172,69182,69191,69191,69201,69211,69185,69191
69243,69263,69277,69282,69320,69256,69266,69279,69251,69260,69270,69270,69275,69283,69263,69270
69320,69339,69359,69365,69401,69333,69343,69351,69328,69336,69340,69340,69345,69351,69340,69348
69401,69419,69433,69443,69484,69411,69425,69435,69406,69415,69422,69422,69430,69440,69418,69422
69484,69501,69518,69525,69565,69493,69507,69520,69487,69497,69508,69508,69516,69525,69500,69508
69565,69581,69598,69606,69646,69573,69589,69601,69568,69577,69586,69586,69595,69606,69580,69586
69646,69660,69700,69670,69729,69653,69663,69670,69647,69657,69660,69660,69665,69672,69660,69668
69729,69743,69781,69788,69811,69737,69747,69752,69731,69740,69743,69743,69749,69752,69743,69750
69811,69828,69841,69854,69897,69821,69832,69850,69815,69825,69829,69829,69837,69856,69829,69842
69897,69912,69929,69936,69977,69905,69922,69932,69899,69908,69918,69918,69927,69935,69912,69918
69977,69991,70008,70016,70050,69985,69995,70010,69980,69989,69998,70000,70005,70019,69992,70000
70050,70070,70089,70093,70133,70062,70074,70092,70057,70066,70077,70081,70086,70097,70070,70081
70133,70148,70168,70174,70212,70141,70152,70157,70135,70144,70153,70159,70166,70173,70148,70156
70212,70226,70243,70251,70289,70219,70236,70246,70214,70223,70231,70233,70241,70249,70226,70233
70289,70305,70323,70329,70351,70298,70309,70324,70292,70302,70314,70314,70320,70329,70307,70314
70351,70380,70392,70402,70440,70374,70384,70396,70369,70378,70381,70381,70390,70401,70381,70395
70440,70456,70473,70478,70519,70449,70460,70476,70443,70452,70461,70465,70471,70487,70455,70465
70519,70534,70553,70559,70596,70526,70539,70543,70520,70530,70539,70544,70551,70559,70534,70541
70596,70615,70635,70640,70680,70607,70620,70629,70602,70611,70615,70615,70624,70629,70615,70627
70680,70695,70713,70722,70761,70689,70698,70715,70684,70692,70700,70704,70711,70720,70696,70704
70761,70775,70792,70801,70839,70769,70780,70794,70763,70772,70783,70783,70789,70799,70776,70783
70839,70855,70873,70879,70907,70848,70859,70867,70843,70852,70857,70857,70864,70867,70857,70865
70907,70936,70952,70962,71005,70930,70941,70956,70924,70933,70942,70944,70951,70959,70937,70944
71005,71018,71033,71045,71083,71012,71024,71037,71006,71015,71024,71024,71030,71037,71018,71024
71083,71099,71114,71120,71161,71092,71104,71119,71086,71096,71106,71106,71112,71120,71099,71106
71161,71177,71195,71186,71243,71171,71179,71185,71166,71174,71177,71177,71182,71187,71177,71184
71243,71258,71275,71283,71322,71251,71263,71277,71245,71256,71266,71266,71272,71281,71260,71266
71322,71337,71355,71363,71401,71330,71340,71357,71325,71334,71344,71347,71352,71362,71338,71347
71401,71416,71434,71440,71483,71409,71419,71437,71404,71413,71422,71426,71432,71440,71417,71426
71483,71498,71513,71522,71561,71490,71504,71515,71484,71494,71501,71501,71510,71521,71498,71501
71561,71578,71591,71597,71641,71569,71583,71592,71563,71573,71584,71584,71588,71596,71584,71592
71641,71657,71675,71683,71719,71649,71667,71678,71643,71653,71662,71662,71672,71683,71656,71662
71719,71739,71757,71763,71804,71731,71751,71762,71726,71734,71742,71745,71755,71767,71737,71745
71804,71822,71838,71845,71869,71815,71830,71840,71809,71819,71827,71827,71836,71846,71822,71827
71869,71903,71919,71924,71969,71896,71912,71923,71891,71900,71910,71910,71918,71925,71904,71910
71969,71988,72004,72011,72057,71980,71993,72007,71975,71984,71994,71994,72001,72010,71987,71994
72057,72070,72081,72096,72126,72063,72073,72085,72058,72067,72070,72070,72079,72087,72070,72083
72126,72151,72165,72173,72215,72144,72156,72169,72138,72147,72151,72151,72163,72174,72151,72169
72215,72230,72246,72254,72296,72223,72238,72249,72217,72226,72234,72236,72244,72254,72229,72236
72296,72310,72322,72333,72378,72303,72315,72328,72297,72307,72313,72313,72319,72333,72313,72322
72378,72391,72409,72416,72459,72385,72395,72402,72379,72389,72392,72392,72398,72402,72392,72399
72459,72475,72490,72498,72540,72467,72481,72494,72462,72471,72481,72481,72487,72498,72474,72481
72540,72557,72573,72579,72624,72550,72565,72575,72545,72554,72563,72563,72571,72580,72557,72563
72624,72639,72657,72665,72705,72633,72644,72659,72628,72637,72645,72647,72654,72663,72640,72647
72705,72722,72739,72747,72788,72714,72728,72742,72709,72718,72729,72729,72737,72746,72722,72729
72788,72807,72822,72831,72874,72798,72815,72825,72793,72802,72810,72810,72820,72831,72805,72810
72874,72888,72907,72914,72960,72882,72891,72909,72877,72886,72894,72899,72905,72913,72890,72896
72960,72974,72994,73003,73044,72968,72979,72996,72963,72971,72981,72981,72991,73001,72975,72981
73044,73060,73075,73084,73125,73052,73067,73079,73047,73056,73063,73063,73073,73083,73058,73063
73125,73141,73158,73167,73230,73133,73151,73162,73127,73136,73145,73147,73156,73167,73139,73147
73230,73244,73269,73300,73382,73367,,,73230,73242,73247,73247,73267,73280,73245,73247
73382,73411,73440,73450,73516,73444,73457,73447,73402,73410,73417,73422,73438,73447,73413,73419
73516,73532,73544,73555,73599,73524,73537,73547,73519,73528,73532,73532,73541,73549,73532,73545
73599,73612,73632,73641,73681,73606,73615,73636,73601,73609,73617,73622,73630,73640,73613,73622
73681,73695,73714,73722,73763,73688,73700,73717,73682,73692,73702,73704,73712,73721,73696,73704
73763,73777,73796,73805,73839,73771,73789,73799,73765,73774,73782,73787,73794,73804,73778,73784
73839,73860,73876,73884,73921,73853,73863,73879,73848,73857,73868,73869,73874,73885,73861,73869
73921,73936,73951,73966,73997,73929,73943,73955,73924,73933,73941,73941,73949,73958,73937,73941
73997,74012,74031,74037,74075,74005,74022,74033,74000,74009,74018,74019,74029,74037,74012,74019
74075,74088,74126,74106,74148,74081,74092,74105,74075,74084,74094,74094,74100,74107,74088,74094
74148,74161,74194,74180,74219,74154,74166,74172,74148,74158,74163,74163,74168,74172,74163,74170
74219,74233,74250,74254,74293,74227,74237,74253,74221,74230,74241,74243,74247,74257,74234,74243
74293,74307,74323,74332,74367,74301,74317,74326,74296,74304,74311,74314,74321,74335,74307,74314
74367,74383,74395,74403,74442,74375,74387,74398,74370,74379,74383,74383,74392,74402,74383,74397
74442,74456,74471,74484,74512,74449,74464,74475,74444,74452,74460,74461,74469,74475,74455,74461
74512,74528,74543,74556,74588,74522,74532,74549,74517,74526,74530,74530,74538,74556,74530,74544
74588,74603,74620,74625,74662,74596,74607,74622,74589,74601,74610,74613,74618,74626,74605,74613
74662,74678,74694,74702,74737,74670,74687,74696,74665,74674,74681,74684,74692,74700,74677,74684
74737,74752,74819,74829,74893,74822,74833,74826,74740,74750,74759,74809,74817,74826,74753,74806
74893,74906,74922,74963,75010,74974,,,74969,74979,,,74919,,74982,
75010,75053,75071,75078,75103,75046,75063,75077,75030,75039,75043,75052,75070,75080,75041,75048
75103,75133,75147,75148,75185,75122,75143,75148,75116,75126,75136,75139,75145,75153,75130,75139
75185,75198,75208,75219,75280,75259,,,75186,75195,75205,75223,75239,75246,75199,75218
75280,75293,75321,75331,75378,75325,75337,75328,75281,75291,75299,75306,75319,75328,75295,75302
75378,75400,75422,75427,75457,75393,75403,75411,75387,75397,75401,75401,75407,75413,75401,75410
75457,75472,75490,75495,75531,75464,75477,75492,75459,75468,75472,75472,75481,75496,75472,75483
75531,75548,75561,75566,75607,75539,75554,75562,75533,75541,75547,75550,75558,75566,75544,75550
75607,75620,75638,75646,75667,75614,75624,75640,75609,75618,75626,75630,75635,75645,75621,75630
75667,75698,75715,75723,75758,75692,75702,75718,75687,75695,75704,75707,75714,75723,75699,75707
75758,75772,75788,75795,75829,75765,75782,75791,75760,75769,75776,75780,75787,75794,75772,75780
75829,75842,75852,75856,75888,75836,75846,75855,75831,75840,75844,75844,75850,75856,75844,75853
75888,75913,75920,75936,75967,75906,75915,75922,75900,75909,75913,75913,75918,75924,75913,75921
75967,75983,76000,76003,76035,75975,75991,76002,75969,75978,75988,75988,75997,76007,75982,75988
76035,76050,76068,76076,76103,76043,76055,76070,76037,76047,76050,76050,76064,76076,76050,76071
76103,76118,76134,76139,76173,76111,76126,76138,76106,76114,76123,76123,76131,76147,76117,76123
76173,76189,76207,76209,76249,76182,76193,76201,76177,76186,76190,76190,76195,76201,76190,76198
76249,76265,76280,76293,76332,76258,76272,76287,76252,76261,76269,76269,76278,76292,76264,76269
76332,76346,76363,76372,76415,76340,76355,76366,76334,76343,76351,76353,76361,76371,76346,76353
76415,76429,76447,76459,76492,76423,76433,76451,76418,76427,76437,76437,76444,76459,76430,76437
76492,76506,76524,76533,76558,76500,76510,76526,76495,76503,76508,76508,76515,76531,76508,76517
76558,76578,76595,76605,76631,76571,76582,76598,76566,76576,76587,76587,76593,76603,76580,76587
76631,76646,76664,76672,76698,76639,76652,76667,76634,76643,76654,76654,76661,76672,76647,76654
76698,76714,76730,76736,76762,76707,76719,76732,76701,76710,76714,76714,76727,76737,76714,76731
76762,76778,76801,76788,76829,76771,76781,76787,76765,76774,76778,76778,76783,76788,76778,76785
76829,76846,76860,76866,76901,76838,76853,76863,76831,76841,76851,76851,76858,76866,76845,76851
76901,76923,76935,76941,76982,76908,76929,76938,76903,76912,76919,76924,76932,76942,76915,76921
76982,77001,77016,77022,77071,76992,77009,77018,76986,76995,77003,77005,77013,77023,76998,77005
77071,77088,77104,77111,77161,77080,77095,77107,77074,77083,77093,77093,77102,77111,77087,77093
77161,77177,77192,77202,77248,77169,77186,77196,77163,77172,77180,77182,77190,77201,77175,77182
77248,77264,77283,77290,77330,77257,77268,77285,77251,77261,77270,77275,77281,77289,77265,77275
77330,77344,77362,77376,77405,77338,77348,77370,77332,77341,77351,77353,77359,77375,77345,77353
77405,77421,77436,77445,77478,77413,77426,77440,77408,77417,77421,77421,77432,77445,77421,77440
77478,77493,77511,77522,77550,77486,77497,77515,77481,77490,77499,77502,77509,77523,77494,77502
77550,77566,77582,77585,77625,77558,77575,77584,77552,77561,77571,77571,77579,77587,77565,77571
77625,77641,77662,77669,77708,77633,77645,77654,77627,77638,77643,77643,77648,77654,77643,77651
77708,77725,77746,77753,77801,77718,77729,77749,77713,77722,77732,77737,77744,77752,77726,77737
77801,77815,77833,77840,77890,77808,77818,77835,77802,77811,77821,77825,77831,77839,77815,77825
77890,77906,77923,77936,77972,77900,77912,77929,77894,77903,77913,77913,77921,77934,77907,77913
77972,77993,78013,78022,78039,77986,77997,78007,77981,77990,77994,77994,78001,78007,77994,78004
78039,78070,78086,78093,78127,78063,78075,78089,78058,78068,78079,78079,78084,78093,78072,78079
78127,78142,78156,78167,78197,78135,78145,78161,78130,78139,78150,78150,78155,78167,78142,78150
78197,78211,78225,78234,78265,78204,78217,78229,78198,78208,78217,78217,78223,78234,78211,78217
78265,78287,78317,78297,78336,78272,78293,78297,78266,78276,78284,78288,78294,78300,78280,78288
78336,78359,78369,78372,78417,78344,78364,78370,78338,78348,78356,78360,78366,78373,78351,78360
78417,78439,78450,78463,78510,78427,78445,78459,78421,78430,78438,78438,78448,78463,78433,78438
78510,78529,78543,78553,78606,78520,78536,78548,78515,78524,78532,78532,78541,78553,78527,78532
78606,78622,78640,78649,78700,78614,78626,78643,78609,78618,78628,78632,78638,78647,78621,78632
78700,78714,78729,78738,78783,78707,78719,78732,78702,78711,78714,78714,78726,78737,78714,78733
78783,78798,78816,78821,78861,78791,78802,78818,78785,78795,78805,78808,78814,78821,78799,78808
78861,78876,78896,78903,78935,78869,78880,78890,78864,78873,78878,78878,78884,78890,78878,78887
78935,78950,78966,78973,79008,78943,78954,78968,78938,78947,78957,78957,78963,78973,78950,78957
79008,79023,79040,79047,79081,79016,79029,79043,79011,79020,79030,79030,79037,79048,79023,79030
79081,79097,79108,79113,79164,79090,79102,79112,79084,79094,79098,79098,79105,79112,79098,79109
79164,79182,79197,79206,79256,79173,79190,79200,79167,79176,79185,79187,79195,79203,79180,79187
79256,79273,79292,79299,79350,79266,79276,79295,79260,79269,79278,79282,79290,79299,79272,79282
79350,79365,79383,79387,79442,79359,79368,79376,79353,79362,79366,79366,79371,79376,79366,79373
79442,79458,79475,79486,79529,79452,79461,79479,79447,79455,79463,79466,79473,79487,79459,79466
79529,79543,79558,79571,79606,79536,79548,79566,79531,79540,79544,79544,79554,79571,79544,79557
79606,79621,79640,79645,79679,79614,79624,79642,79608,79618,79627,79632,79638,79645,79622,79629
79679,79694,79712,79718,79748,79686,79698,79714,79680,79690,79699,79702,79709,79717,79693,79702
79748,79766,79776,79780,79829,79758,79771,79780,79752,79762,79766,79766,79774,79780,79766,79777
79829,79855,79863,79866,79922,79837,79859,79866,79831,79840,79848,79854,79861,79871,79844,79850
79922,79939,79957,79962,80013,79931,79942,79947,79925,79934,79943,79948,79955,79963,79938,79945
80013,80037,80049,80063,80121,80030,80041,80082,80025,80034,80046,80064,80073,80086,80038,80060
80121,80136,80167,80175,80216,80129,80141,80171,80124,80133,80149,80158,80165,80173,80137,80155
80216,80231,80249,80257,80302,80224,80237,80252,80219,80228,80239,80239,80246,80256,80232,80239
80302,80315,80334,80346,80380,80309,80319,80337,80304,80313,80321,80324,80332,80341,80316,80324
80380,80394,80410,80417,80451,80388,80400,80414,80383,80391,80401,80401,80407,80421,80395,80401
80451,80468,80480,80497,80529,80461,80473,80483,80456,80466,80471,80471,80477,80483,80471,80479
80529,80543,80560,80565,80590,80536,80546,80562,80531,80540,80548,80551,80557,80567,80543,80551
80590,80622,80629,80645,80696,80615,80626,80632,80609,80619,80623,80623,80627,80632,80623,80630
80696,80716,80733,80737,80796,80708,80728,80736,80702,80711,80721,80725,80731,80739,80715,80725
80796,80811,80826,80830,80891,80804,80815,80829,80799,80807,80817,80817,80823,80829,80811,80817
80891,80905,80914,80932,80968,80899,80909,80918,80893,80903,80907,80907,80912,80918,80907,80915
80968,80996,81008,81024,81062,80990,81000,81018,80985,80994,80997,80997,81007,81022,80997,81009
81062,81077,81095,81104,81137,81070,81082,81097,81064,81074,81086,81086,81092,81102,81078,81086
81137,81153,81169,81176,81212,81146,81159,81172,81140,81150,81161,81161,81166,81175,81154,81161
81212,81227,81246,81252,81319,81301,,,81214,81223,81231,81237,81243,81251,81227,81234
81319,81332,81360,81349,81391,81327,81338,81348,81320,81333,81338,81338,81343,81351,81338,81347
81391,81408,81424,81430,81487,81399,81418,81428,81393,81402,81409,81414,81422,81432,81405,81411
81487,81503,81512,81533,81567,81498,81506,81513,81493,81501,81505,81505,81509,81516,81505,81512
81567,81595,81612,81623,81666,81589,81598,81616,81584,81592,81600,81604,81610,81618,81596,81604
81666,81683,81706,81711,81748,81677,81687,81697,81672,81681,81685,81685,81691,81698,81685,81695
81748,81778,81788,81806,81859,81772,81782,81793,81767,81777,81781,81781,81786,81793,81781,81789
81859,81874,81889,81902,81951,81867,81879,81895,81862,81871,81880,81880,81887,81901,81874,81880
81951,81964,81983,81988,82040,81958,81967,81985,81952,81961,81969,81975,81981,81988,81965,81972
82040,82054,82074,82083,82130,82048,82058,82067,82042,82052,82056,82056,82061,82067,82056,82063
82130,82143,82159,82167,82245,82222,,,82131,82141,82155,82166,82183,82190,82144,82162
82245,82270,82282,82287,82303,82252,82276,82286,82247,82256,82263,82270,82280,82294,82259,82266
82303,82317,82351,82340,82355,82310,82321,82326,82304,82313,82317,82317,82322,82326,82317,82324
82355,82410,82422,82425,82470,82397,82417,82424,82391,82400,82406,82410,82420,82427,82402,82410
82470,82508,82520,82523,82539,82485,82513,82522,82479,82488,82496,82510,82518,82524,82491,82506
82539,82583,82593,82597,82653,82577,82587,82596,82572,82581,82584,82584,82590,82598,82584,82594
82653,82671,82688,82694,82743,82663,82680,82690,82658,82667,82675,82677,82685,82694,82670,82677
82743,82757,82781,82788,82837,82751,82763,82782,82746,82754,82769,82774,82778,82787,82757,82771
82837,82850,82858,82864,82928,82844,82853,82860,82839,82848,82851,82851,82856,82862,82851,82859
82928,82944,82965,82965,82979,82937,82948,82958,82931,82941,82945,82945,82952,82958,82945,82954
82979,82998,83024,83035,83096,82988,83004,83027,82980,82998,83008,83015,83022,83032,83003,83011
83096,83122,83133,83140,83195,83117,83126,83136,83112,83121,83125,83125,83130,83139,83125,83134
83195,83217,83234,83243,83289,83209,83221,83225,83203,83213,83221,83226,83232,83243,83216,83223
83289,83304,83321,83327,83374,83298,83309,83324,83293,83302,83305,83305,83317,83326,83305,83323
83374,83388,83406,83414,83453,83381,83392,83396,83374,83384,83393,83397,83403,83414,83388,83397
83453,83468,83488,83494,83534,83461,83473,83490,83455,83464,83476,83481,83486,83494,83467,83481
83534,83548,83566,83574,83608,83542,83552,83568,83536,83545,83555,83557,83564,83572,83549,83557
83608,83623,83641,83648,83681,83616,83627,83643,83611,83620,83630,83633,83638,83647,83624,83633
83681,83695,83712,83718,83752,83688,83705,83714,83683,83692,83699,83703,83710,83718,83695,83703
83752,83770,83785,83798,83834,83762,83776,83790,83757,83766,83773,83773,83782,83798,83769,83773
83834,83847,83863,83873,83907,83840,83850,83866,83834,83843,83853,83853,83860,83874,83847,83853
83907,83927,83936,83948,83995,83920,83931,83940,83915,83924,83929,83929,83934,83940,83929,83936
83995,84011,84027,84035,84067,84004,84016,84030,83998,84008,84017,84017,84024,84035,84011,84017
84067,84094,84103,84113,84164,84088,84097,84108,84083,84092,84096,84096,84101,84113,84096,84105
84164,84178,84192,84203,84245,84171,84183,84196,84165,84175,84180,84180,84188,84202,84180,84193
84245,84261,84279,84288,84334,84254,84265,84282,84249,84258,84267,84270,84277,84288,84261,84270
84334,84347,84386,84393,84418,84341,84351,84358,84336,84344,84348,84348,84353,84358,84348,84355
84418,84433,84450,84456,84506,84426,84437,84453,84421,84430,84441,84441,84447,84458,84433,84441
84506,84519,84537,84547,84592,84513,84523,84540,84508,84517,84526,84528,84534,84546,84520,84528
84592,84607,84624,84632,84676,84600,84612,84627,84595,84604,84616,84616,84621,84630,84608,84616
84676,84690,84710,84717,84756,84683,84695,84713,84678,84687,84698,84702,84708,84716,84690,84702
84756,84775,84793,84796,84842,84766,84779,84784,84760,84771,84780,84785,84791,84800,84775,84782
84842,84858,84931,84941,85002,84851,84925,84935,84846,84854,84863,84922,84930,84939,84857,84919
85002,85021,85031,85041,85092,85015,85025,85038,85010,85019,85022,85022,85028,85041,85022,85030
85092,85109,85130,85139,85180,85100,85125,85134,85094,85105,85114,85121,85128,85140,85109,85117
85180,85195,85218,85223,85265,85187,85200,85210,85181,85190,85194,85194,85204,85210,85194,85207
85265,85280,85301,85309,85348,85273,85295,85306,85267,85276,85285,85291,85299,85312,85279,85287
85348,85364,85388,85394,85440,85357,85367,85374,85351,85360,85364,85364,85369,85377,85364,85373
85440,85457,85483,85487,85542,85450,85461,85469,85445,85454,85457,85457,85463,85472,85457,85467
85542,85559,85582,85590,85642,85552,85574,85585,85547,85556,85564,85570,85580,85590,85559,85567
85642,85657,85681,85691,85736,85650,85673,85685,85644,85653,85662,85670,85679,85689,85657,85666
85736,85750,85758,85783,85830,85744,85753,85760,85739,85748,85751,85751,85756,85762,85751,85758
85830,85846,85870,85882,85913,85838,85864,85874,85833,85842,85853,85861,85868,85875,85846,85857
85913,85941,85948,85973,86014,85934,85944,85951,85929,85938,85942,85942,85946,85954,85942,85950
86014,86035,86058,86061,86108,86028,86039,86048,86022,86031,86042,86049,86056,86065,86035,86045
86108,86125,86145,86150,86187,86117,86129,,86112,86121,86125,86125,86131,86138,86125,86135
86187,86221,86229,86233,86289,86213,86224,86232,86207,86216,86220,86220,86227,86235,86220,86231
86289,86320,86341,86328,86374,86312,86324,86328,86306,86316,86320,86320,86325,86331,86320,86328
86374,86415,86423,86425,86473,86407,86419,86425,86401,86411,86414,86414,86420,86428,86414,86424
86473,86508,86527,86530,86567,86498,86521,86529,86493,86502,86512,86518,86525,86533,86506,86515
86567,86615,86624,86627,86663,86594,86619,86626,86589,86598,86607,86615,86622,86630,86602,86611
86663,86699,86707,86723,86761,86691,86715,86722,86685,86695,86705,86711,86718,86724,86699,86708
86761,86793,86801,86806,86863,86785,86796,86804,86779,86789,86793,86793,86799,86808,86793,86802
86863,86886,86909,86913,86943,86878,86903,86911,86872,86882,86891,86898,86907,86915,86885,86894
86943,86975,86983,86987,87039,86969,86979,86986,86964,86972,86976,86976,86981,86989,86976,86984
87039,87069,87087,87090,87131,87058,87082,87090,87052,87062,87075,87075,87085,87094,87065,87075
87131,87161,87185,87188,87222,87151,87170,87177,87146,87154,87163,87167,87171,87177,87158,87167
87222,87252,87260,87262,87310,87244,87256,87262,87239,87248,87252,87252,87258,87265,87252,87261
87310,87346,87353,87356,87419,87338,87350,87356,87332,87342,87346,87346,87351,87360,87346,87355
87419,87436,87459,87446,87492,87428,87440,87446,87423,87432,87436,87436,87441,87449,87436,87445
87492,87518,87525,87530,87578,87510,87521,87528,87505,87514,87518,87518,87523,87531,87518,87527
87578,87618,87635,,87666,87599,87627,87637,87593,87603,87611,87619,87662,87661,87606,87614
87666,87697,87705,87710,87753,87689,87701,87708,87683,87693,87697,87697,87703,87711,87697,87707
87753,87785,87792,87795,87837,87778,87789,87795,87773,87782,87785,87785,87790,87797,87785,87794
87837,87870,87878,87883,87923,87863,87873,87881,87858,87866,87871,87871,87877,87885,87871,87881
87923,87959,87965,87966,88020,87950,87962,87966,87945,87954,87958,87958,87963,87969,87958,87966
88020,88059,88068,88071,88110,88039,88065,88071,88034,88042,88052,88060,88066,88080,88046,88056
88110,88135,88155,88159,88190,88126,88150,88158,88121,88130,88139,88146,88154,88163,88134,88143
88190,88220,88228,88233,88274,88212,88224,88231,88206,88216,88221,88221,88226,88234,88221,88230
88274,88321,88335,,88372,88301,88330,88365,88295,88304,88313,88343,88353,88366,88307,88338
88372,88398,88405,88407,88465,88390,88401,88407,88385,88394,88398,88398,88403,88409,88398,88406
88465,88482,88508,88493,88536,88475,88485,88492,88470,88479,88483,88483,88488,88496,88483,88491
88536,88569,88576,88580,88624,88560,88572,88578,88554,88564,88569,88569,88574,88581,88569,88578
88624,88658,88663,88666,88716,88649,88660,88666,88644,88653,88657,88657,88662,88668,88657,88664
88716,88749,88770,88774,88806,88741,88752,88758,88736,88745,88748,88748,88754,88761,88748,88758
88806,88839,88846,88849,88899,88832,88843,88849,88827,88836,88839,88839,88844,88854,88839,88847
88899,88941,88955,,88988,88923,88950,88982,88917,88926,88934,88942,88977,88983,88930,88937
88988,89031,89040,89041,89078,89012,89037,89041,89006,89016,89024,89031,89038,89044,89020,89027
89078,89109,89116,89119,89163,89101,89111,89118,89095,89105,89109,89109,89114,89121,89109,89117
89163,89197,89208,89212,89256,89189,89201,89211,89184,89194,89198,89198,89207,89215,89198,89211
89256,89283,89303,89307,89342,89276,89287,89307,89270,89280,89289,89295,89302,89310,89284,89292
89342,89374,89381,89387,89435,89365,89377,89384,89360,89369,89374,89374,89379,89386,89374,89383
89435,89464,89473,89477,89517,89456,89467,89475,89451,89460,89464,89464,89471,89478,89464,89475
89517,89548,89555,89560,89609,89541,89551,89558,89536,89545,89548,89548,89554,89561,89548,89557
89609,89642,89651,89655,89700,89633,89646,89653,89628,89637,89640,89640,89649,89656,89640,89653
89700,89732,89739,89743,89800,89725,89735,89741,89719,89728,89732,89732,89737,89744,89732,89740
89800,89818,89842,89846,89880,89811,89837,89845,89805,89814,89825,89833,89840,89848,89818,89829
89880,89910,89916,89920,89979,89901,89912,89919,89895,89905,89908,89908,89914,89923,89908,89918
89979,89999,90006,90008,90052,89992,90003,90008,89986,89995,89999,89999,90004,90011,89999,90007
90052,90082,90093,90096,90142,90075,90087,90095,90070,90079,90083,90083,90091,90099,90083,90095
90142,90172,90177,90181,90229,90163,90174,90179,90158,90167,90171,90171,90175,90182,90171,90178
90229,90262,90268,90286,90326,90253,90277,90286,90247,90257,90266,90272,90280,90292,90261,90269
90326,90344,90352,90354,90396,90337,90347,90353,90331,90341,90345,90345,90350,90356,90345,90353
90396,90434,90456,90460,90502,90425,90450,90459,90420,90429,90439,90446,90455,90463,90432,90443
90502,90521,90541,90547,90580,90513,90537,90545,90507,90517,90526,90532,90540,90549,90521,90529
90580,90610,90618,90620,90679,90603,90614,90620,90597,90606,90610,90610,90616,90623,90610,90620
90679,90705,90726,90730,90763,90696,90720,90729,90690,90699,90708,90715,90724,90734,90703,90712
90763,90803,90815,90817,90853,90783,90810,90816,90777,90787,90796,90804,90813,90821,90791,90799
90853,90891,90902,90904,90941,90872,90899,90904,90866,90875,90886,90893,90901,90909,90878,90890
90941,90969,90988,90991,91029,90958,90983,90991,90952,90962,90972,90978,90986,90994,90966,90975
91029,91049,91069,91075,91107,91040,91062,91072,91034,91045,91053,91059,91067,91079,91049,91056
91107,91123,91130,91132,91182,91116,91127,91132,91111,91119,91123,91123,91128,91134,91123,91131
91182,91203,91225,91228,91261,91195,91219,91227,91189,91199,91209,91216,91223,91229,91203,91212
91261,91301,91313,91316,91361,91280,91308,91316,91275,91284,91294,91302,91311,91320,91288,91298
91361,91380,91399,91403,91433,91372,91394,91402,91367,91376,91384,91390,91398,91406,91379,91387
91433,91465,91472,91473,91526,91457,91469,91473,91452,91461,91465,91465,91470,91475,91465,91472
91526,91557,91564,91566,91611,91548,91560,91566,91542,91551,91555,91555,91562,91571,91555,91567
91611,91646,91667,91675,91716,91638,91661,91671,91632,91642,91652,91658,91666,91675,91646,91655
91716,91735,91758,91761,91794,91725,91753,91761,91720,91729,91740,91747,91756,91765,91734,91744
91794,91823,91842,91843,91888,91812,91838,91843,91806,91816,91826,91832,91840,91848,91820,91829
91888,91907,91915,91918,91972,91899,91910,91917,91894,91903,91907,91907,91913,91921,91907,91917
91972,91992,92017,92021,92057,91984,92010,92020,91978,91988,91997,92005,92015,92023,91992,92001
92057,92091,92102,92106,92146,92072,92097,92105,92066,92075,92084,92092,92101,92111,92079,92089
92146,92171,92192,92199,92232,92163,92186,92195,92158,92167,92177,92183,92191,92201,92171,92180
92232,92257,92278,92286,92320,92249,92270,92281,92244,92253,92261,92266,92276,92286,92256,92263
92320,92347,92355,92359,92410,92339,92350,92357,92333,92343,92348,92348,92353,92360,92348,92356
92410,92439,92447,92467,92504,92431,92457,92466,92425,92435,92445,92453,92462,92471,92439,92448
92504,92528,92551,92555,92598,92520,92546,92554,92515,92524,92533,92542,92549,92557,92527,92536
92598,92614,92622,92626,92675,92607,92618,92625,92602,92610,92614,92614,92620,92628,92614,92624
92675,92712,92729,,92765,92696,92723,92757,92690,92700,92708,92735,92749,92758,92703,92732
92765,92798,92805,92807,92855,92789,92802,92807,92784,92793,92797,92797,92803,92810,92797,92806
92855,92890,92896,92917,92954,92882,92907,92916,92876,92886,92895,92902,92911,92920,92890,92898
92954,92987,92994,92996,93043,92979,92991,92996,92973,92983,92987,92987,92992,92999,92987,92995
93043,93080,93103,93088,93146,93072,93083,93088,93066,93076,93080,93080,93084,93092,93080,93088
93146,93174,93182,93186,93231,93166,93177,93185,93161,93170,93174,93174,93180,93188,93174,93184
93231,93265,93272,93275,93326,93257,93269,93275,93252,93261,93265,93265,93271,93279,93265,93275
93326,93360,93367,93372,93426,93352,93363,93370,93347,93356,93360,93360,93365,93374,93360,93370
93426,93456,93462,93463,93522,93447,93459,93463,93442,93451,93455,93455,93460,93466,93455,93463
93522,93546,93569,93573,93618,93538,93564,93573,93532,93541,93550,93559,93568,93576,93545,93554
93618,93642,93650,93654,93713,93634,93645,93652,93628,93638,93642,93642,93647,93655,93642,93651
93713,93740,93761,93765,93802,93730,93755,93764,93724,93734,93744,93751,93759,93769,93738,93747
93802,93829,93838,93840,93897,93821,93833,93840,93815,93825,93830,93830,93836,93843,93830,93839
93897,93938,93951,93953,93989,93918,93946,93952,93912,93921,93929,93941,93949,93956,93925,93932
93989,94023,94044,94048,94089,94014,94038,94047,94009,94018,94027,94034,94042,94052,94021,94031
94089,94115,94122,94127,94179,94107,94118,94124,94102,94111,94115,94115,94120,94128,94115,94123
94179,94216,94240,94223,94275,94205,94218,94223,94199,94210,94214,94214,94220,94228,94214,94223
94275,94310,94319,94323,94378,94303,94313,94321,94298,94307,94311,94311,94317,94324,94311,94320
94378,94401,94424,94427,94461,94392,94418,94426,94386,94396,94406,94414,94422,94430,94400,94411
94461,94507,94519,,94559,94488,94513,94549,94483,94492,94501,94508,94544,94550,94496,94504
94559,94592,94600,94622,94650,94583,94597,94602,94577,94589,94594,94594,94598,94605,94594,94601
94650,94678,94685,94689,94740,94670,94694,94702,94663,94674,94683,94690,94698,94707,94678,94686
94740,94788,94817,94798,94849,94766,94794,94798,94761,94770,94779,94787,94795,94807,94774,94783
94849,94873,94895,94899,94925,94864,94876,94883,94858,94868,94872,94872,94877,94883,94872,94879
94925,94963,94987,94971,95025,94956,94966,94971,94951,94959,94963,94963,94967,94975,94963,94970
95025,95063,95085,95070,95116,95054,95065,95070,95049,95058,95061,95061,95066,95075,95061,95070
95116,95155,95177,95164,95205,95148,95159,95164,95143,95152,95156,95156,95160,95167,95156,95163
95205,95247,95255,95257,95307,95239,95250,95257,95234,95243,95247,95247,95252,95260,95247,95256
95307,95341,95349,95355,95397,95334,95345,95353,95329,95338,95342,95342,95347,95358,95342,95352
95397,95433,95441,95446,95493,95426,95436,95445,95421,95430,95434,95434,95439,95447,95434,95443
95493,95524,95533,95536,95585,95516,95528,95535,95511,95519,95523,95523,95531,95539,95523,95535
95585,95618,95625,95630,95673,95610,95621,95628,95605,95614,95618,95618,95623,95631,95618,95627
95673,95711,95733,95737,95778,95703,95725,95736,95697,95706,95715,95720,95731,95745,95710,95717
95778,95807,95829,95832,95871,95798,95824,95832,95793,95802,95811,95819,95827,95835,95806,95815
95871,95900,95909,95912,95958,95893,95903,95911,95888,95897,95901,95901,95907,95915,95901,95911
95958,95991,95998,96001,96053,95983,95995,96001,95978,95987,95991,95991,95997,96004,95991,96000
96053,96088,96093,96096,96150,96079,96103,96111,96073,96082,96091,96099,96107,96119,96086,96095
96150,96183,96204,96208,96250,96174,96199,96207,96169,96178,96188,96195,96203,96212,96182,96192
96250,96274,96280,96299,96334,96266,96291,96298,96261,96269,96278,96286,96294,96309,96273,96281
96334,96372,96392,96395,96432,96362,96375,96383,96357,96366,96369,96369,96376,96383,96369,96379
96432,96465,96485,96489,96521,96456,96468,96476,96451,96460,96463,96463,96469,96476,96463,96472
96521,96549,96557,96560,96606,96542,96552,96559,96537,96546,96550,96550,96555,96563,96550,96559
96606,96645,96667,96648,96703,96635,96646,96648,96630,96639,96642,96642,96647,96653,96642,96649
96703,96742,96750,96752,96804,96734,96745,96751,96728,96738,96742,96742,96747,96755,96742,96751
96804,96834,96841,96844,96892,96824,96837,96843,96819,96829,96835,96835,96839,96846,96835,96842
96892,96935,96952,96954,96987,96920,96934,96942,96914,96923,96927,96927,96935,96942,96927,96939
96987,97024,97031,97034,97078,97016,97027,97033,97011,97020,97024,97024,97028,97036,97024,97032
97078,97113,97117,97120,97170,97104,97114,97119,97098,97107,97111,97111,97115,97122,97111,97119
97170,97209,97229,97216,97267,97199,97211,97216,97193,97203,97207,97207,97213,97219,97207,97216
97267,97302,97321,97326,97367,97294,97315,97325,97288,97297,97309,97314,97320,97336,97301,97314
97367,97389,97397,97400,97458,97381,97392,97400,97376,97385,97389,97389,97395,97403,97389,97399
97458,97485,97505,97510,97540,97477,97500,97509,97471,97481,97490,97496,97503,97517,97484,97493
97540,97581,97591,97593,97638,97573,97586,97593,97568,97577,97580,97580,97589,97595,97580,97592
97638,97669,97676,97682,97732,97662,97672,97680,97657,97666,97669,97669,97674,97684,97669,97678
97732,97779,97789,97792,97826,97759,97784,97791,97754,97763,97772,97780,97787,97794,97767,97776
97826,97861,97868,97886,97925,97854,97876,97885,97848,97858,97867,97873,97880,97891,97862,97870
97925,97950,97958,97961,98009,97943,97953,97960,97938,97946,97950,97950,97956,97963,97950,97959
98009,98048,98054,98058,98108,98040,98050,98056,98034,98044,98047,98047,98052,98059,98047,98055
98108,98143,98151,98154,98200,98135,98147,98154,98129,98139,98144,98144,98149,98157,98144,98152
98200,98233,98240,98244,98298,98226,98236,98243,98220,98229,98233,98233,98238,98246,98233,98242
98298,98332,98340,98344,98389,98325,98335,98343,98320,98329,98333,98333,98338,98346,98333,98342
98389,98427,98437,98441,98487,98419,98432,98441,98414,98423,98427,98427,98434,98446,98427,98441
98487,98524,98533,98535,98586,98516,98528,98535,98511,98520,98525,98525,98531,98538,98525,98534
98586,98621,98630,98633,98678,98613,98625,98633,98608,98617,98620,98620,98628,98635,98620,98632
98678,98712,98720,98724,98771,98705,98716,98722,98700,98709,98713,98713,98718,98726,98713,98722
98771,98810,98817,98819,98873,98801,98813,98819,98796,98806,98810,98810,98815,98822,98810,98818
98873,98901,98908,98912,98963,98893,98904,98910,98888,98897,98901,98901,98906,98913,98901,98910
98963,98996,99002,99009,99062,98988,98999,99004,98983,98991,98995,98995,99001,99004,98995,99002
99062,99089,99096,99100,99150,99082,99092,99098,99076,99086,99090,99090,99094,99101,99090,99097
99150,99178,99185,99188,99237,99170,99182,99188,99164,99174,99178,99178,99183,99190,99178,99186
99237,99286,99313,99297,99337,99264,99293,99297,99258,99268,99278,99286,99294,99303,99272,99282
99337,99365,99373,99376,99428,99358,99368,99375,99352,99361,99365,99365,99371,99378,99365,99375
99428,99456,99463,99482,99522,99448,99475,99482,99443,99452,99461,99469,99477,99487,99455,99466
99522,99556,99561,99564,99614,99547,99558,99562,99542,99551,99554,99554,99559,99566,99554,99561
99614,99651,99673,99678,99713,99643,99655,99662,99638,99646,99650,99650,99657,99664,99650,99661
99713,99754,99764,,99797,99733,99766,99770,99728,99737,99746,99754,99793,99792,99741,99750
99797,99841,99847,99851,99899,99831,99843,99849,99825,99835,99840,99840,99845,99852,99840,99848
99899,99935,99942,99945,99992,99927,99939,99945,99922,99931,99935,99935,99941,99949,99935,99945
99992,100024,100031,100036,100086,100015,100027,100034,100010,100020,100025,100025,100029,100037,100025,100033
100086,100121,100128,100131,100179,100112,100124,100130,100106,100116,100120,100120,100126,100133,100120,100129
100179,100215,100222,100227,100271,100208,100218,100225,100202,100211,100215,100215,100221,100229,100215,100225
100271,100304,100313,100316,100370,100296,100308,100315,100291,100300,100305,100305,100311,100318,100305,100314
100370,100396,100403,100407,100460,100388,100399,100405,100382,100391,100395,100395,100401,100408,100395,100404
100460,100493,100516,100501,100554,100484,100496,100501,100478,100487,100491,100491,100497,100506,100491,100502
100554,100583,100591,100596,100646,100576,100586,100594,100570,100579,100583,100583,100589,100596,100583,100592
100646,100679,100685,100702,100747,100670,100695,100702,100665,100674,100683,100690,100697,100707,100678,100686
100747,100775,100782,100787,100832,100766,100777,100784,100761,100770,100774,100774,100779,100788,100774,100783
100832,100863,100871,100873,100919,100855,100867,100873,100849,100859,100863,100863,100869,100876,100863,100872
100919,100956,100983,100964,101020,100947,100959,100964,100942,100951,100955,100955,100960,100969,100955,100964
101020,101056,101074,101059,101110,101043,101056,101059,101038,101047,101052,101052,101057,101064,101052,101060
101110,101143,101150,101168,101212,101135,101158,101167,101130,101139,101148,101155,101162,101172,101143,101151
101212,101243,101253,101256,101293,101223,101249,101256,101217,101226,101236,101244,101251,101259,101231,101240
101293,101339,101351,,101390,101318,101346,101381,101313,101322,101331,101339,101374,101382,101326,101335
101390,101424,101442,101445,101493,101414,101438,101445,101409,101418,101428,101434,101441,101450,101422,101431
101493,101524,101535,101539,101580,101504,101531,101539,101498,101508,101517,101524,101533,101544,101512,101520
101580,101610,101617,101621,101671,101600,101627,101634,101594,101604,101615,101623,101630,101638,101608,101619
101671,101699,101706,101708,101769,101691,101702,101707,101686,101695,101699,101699,101704,101710,101699,101707
101769,101789,101796,101799,101854,101780,101792,101798,101775,101784,101789,101789,101793,101801,101789,101797
101854,101882,101890,101895,101946,101873,101885,101892,101868,101877,101881,101881,101888,101895,101881,101891
101946,101977,101984,101988,102041,101969,101980,101986,101964,101974,101978,101978,101982,101989,101978,101985
102041,102071,102077,102078,102131,102061,102073,102078,102055,102064,102069,102069,102075,102082,102069,102078
102131,102166,102172,102175,102228,102156,102182,102189,102150,102159,102170,102177,102186,102194,102163,102174
102228,102254,102261,102280,102308,102246,102269,102279,102241,102250,102259,102265,102273,102291,102254,102262
102308,102342,102371,102354,102410,102333,102350,102354,102328,102337,102340,102340,102351,102357,102340,102354
102410,102434,102440,102444,102497,102425,102452,102460,102420,102429,102438,102446,102454,102464,102433,102442
102497,102525,102533,102534,102589,102515,102529,102534,102510,102519,102525,102525,102530,102537,102525,102534
102589,102606,102613,102617,102669,102598,102609,102615,102592,102602,102606,102606,102611,102618,102606,102614
102669,102696,102708,102713,102741,102678,102702,102712,102672,102682,102690,102697,102706,102719,102685,102693
102741,102779,102795,102798,102846,102763,102789,102798,102758,102766,102774,102783,102793,102802,102770,102777
102846,102871,102891,102894,102930,102860,102887,102894,102854,102864,102875,102881,102889,102901,102868,102878
102930,102969,102992,102995,103035,102962,102986,102994,102957,102966,102974,102982,102990,103000,102969,102978
103035,103064,103072,103074,103121,103056,103067,103074,103051,103060,103064,103064,103069,103077,103064,103073
103121,103161,103184,103169,103217,103152,103164,103169,103146,103155,103159,103159,103165,103174,103159,103170
103217,103260,103283,103268,103322,103251,103263,103268,103246,103255,103259,103259,103264,103272,103259,103268
103322,103353,103373,103381,103419,103344,103367,103377,103339,103348,103356,103363,103372,103382,103351,103359
103419,103459,103470,103473,103514,103438,103465,103473,103433,103442,103451,103459,103468,103476,103446,103455
103514,103557,103567,103569,103605,103536,103561,103568,103530,103540,103550,103557,103565,103573,103544,103554
103605,103639,103645,103662,103697,103631,103654,103661,103625,103635,103644,103650,103657,103665,103639,103647
103697,103741,103753,103757,103796,103721,103748,103756,103716,103725,103733,103742,103751,103760,103728,103737
103796,103837,103851,103855,103897,103819,103847,103855,103813,103822,103830,103841,103849,103861,103825,103838
103897,103926,103935,103953,103994,103916,103944,103952,103911,103921,103933,103940,103947,103961,103926,103936
103994,104019,104039,104042,104081,104008,104034,104042,104003,104012,104021,104029,104037,104047,104016,104025
104081,104120,104130,104132,104184,104098,104125,104131,104093,104102,104112,104120,104128,104135,104107,104116
104184,104216,104231,104232,104276,104195,104228,104232,104189,104199,104209,104217,104229,104235,104202,104213
104276,104309,104317,104319,104372,104296,104314,104319,104291,104300,104308,104308,104315,104322,104303,104308
104372,104400,104407,104413,104475,104392,104403,104410,104387,104396,104400,104400,104405,104413,104400,104409
104475,104495,104502,104503,104573,104487,104498,104503,104481,104491,104494,104494,104499,104507,104494,104503
104573,104597,104619,104623,104661,104587,104614,104622,104582,104592,104602,104609,104617,104630,104596,104605
104661,104696,104717,104721,104767,104686,104713,104721,104680,104690,104700,104707,104716,104724,104694,104704
104767,104787,104805,104809,104852,104777,104799,104808,104771,104781,104790,104794,104802,104811,104785,104794
104852,104887,104926,104900,104950,104872,104897,104900,104867,104876,104887,104887,104898,104902,104879,104887
104950,104978,104986,104992,105048,104970,104981,104989,104964,104973,104978,104978,104984,104992,104978,104987
105048,105073,105093,105096,105131,105062,105087,105095,105057,105066,105081,105085,105091,105099,105069,105074
105131,105168,105190,105176,105229,105158,105173,105176,105152,105161,105165,105165,105174,105181,105165,105178
105229,105265,105283,105292,105329,105256,105278,105284,105251,105260,105268,105274,105282,105284,105264,105271
105329,105358,105366,105368,105427,105350,105362,105368,105345,105354,105359,105359,105364,105371,105359,105367
105427,105456,105463,105478,105514,105446,105471,105477,105440,105450,105461,105467,105474,105480,105456,105464
105514,105555,105575,105562,105613,105547,105558,105562,105542,105551,105554,105554,105559,105565,105554,105562
105613,105649,105657,105662,105715,105641,105652,105659,105635,105645,105650,105650,105656,105663,105650,105659
105715,105750,105767,105769,105810,105739,105762,105769,105734,105743,105754,105756,105765,105772,105746,105756
105810,105847,105870,105854,105911,105837,105849,105854,105832,105841,105844,105844,105850,105861,105844,105858
105911,105942,105963,105947,105997,105932,105943,105947,105927,105936,105939,105939,105944,105952,105939,105947
105997,106043,106062,106065,106116,106032,106057,106065,106026,106035,106045,106052,106060,106069,106039,106048
106116,106144,106159,106162,106207,106127,106153,106161,106121,106130,106138,106148,106157,106164,106133,106141
106207,106237,106257,106259,106301,106225,106254,106259,106220,106229,106239,106247,106255,106264,106233,106243
106301,106333,106353,106359,106409,106323,106349,106359,106318,106327,106337,106344,106352,106364,106331,106340
106409,106439,106451,106454,106494,106420,106447,106454,106414,106423,106434,106441,106449,106456,106427,106438
106494,106536,106552,106556,106593,106519,106545,106555,106514,106523,106533,106540,106550,106559,106526,106537
106593,106631,106645,106648,106695,106615,106638,106647,106609,106619,106627,106634,106643,106653,106622,106630
106695,106717,106738,106740,106788,106708,106734,106740,106702,106711,106721,106728,106736,106743,106715,106725
106788,106822,106837,106840,106890,106805,106833,106840,106799,106808,106816,106821,106836,106843,106811,106818
106890,106911,106930,106933,106975,106900,106925,106933,106894,106904,106915,106921,106928,106936,106908,106918
106975,107012,107024,107028,107070,106994,107019,107028,106989,106998,107006,107014,107022,107032,107002,107010
107070,107112,107126,107128,107168,107093,107121,107128,107087,107097,107106,107113,107124,107131,107100,107109
107168,107201,107208,107226,107264,107191,107217,107225,107185,107195,107206,107213,107221,107230,107200,107209
107264,107293,107299,107302,107358,107285,107308,107317,107280,107288,107297,107304,107312,107328,107292,107300
107358,107398,107413,,107449,107379,107409,107440,107373,107383,107392,107402,107435,107441,107386,107395
107449,107482,107488,107492,107545,107474,107484,107490,107468,107478,107482,107482,107486,107493,107482,107489
107545,107581,107600,107606,107647,107570,107595,107603,107565,107574,107585,107591,107598,107611,107578,107588
107647,107670,107696,107705,107734,107663,107689,107701,107658,107667,107676,107684,107695,107708,107671,107679
107734,107763,107780,,107805,107744,107774,107797,107738,107748,107754,107763,107789,107798,107751,107758
107805,107863,107887,107897,107938,107855,107866,107869,107850,107858,107862,107862,107867,107874,107862,107869
107938,107951,107974,107962,108009,107944,107954,107961,107939,107948,107952,107952,107957,107965,107952,107961
108009,108046,108069,108058,108121,108038,108051,108058,108032,108041,108045,108045,108053,108060,108045,108057
108121,108151,108163,108170,108205,108132,108157,108167,108126,108136,108145,108151,108161,108172,108139,108148
108205,108231,108250,108253,108285,108223,108244,108252,108218,108227,108236,108241,108248,108255,108231,108241
108285,108326,108342,108390,108425,108313,108337,108368,108307,108317,108327,108332,108362,108369,108321,108329
108425,108448,108495,108503,108669,108586,,,108493,108503,,,108493,,108507,
108669,108704,108730,,108753,108681,108710,,108673,108684,108691,108700,108711,108718,108688,108695
108753,108806,108818,,108841,108769,108809,108834,108763,108772,108781,108806,108829,108835,108776,108800
108841,108860,108880,108883,108914,108852,108872,108882,108847,108856,108864,108868,108878,108887,108859,108868
108914,108935,108954,108960,108990,108926,108949,108957,108920,108929,108938,108945,108952,108961,108932,108941
108990,109006,109014,109019,109065,108999,109008,109015,108994,109003,109007,109007,109011,109019,109007,109014
109065,109095,109106,109109,109143,109074,109101,109109,109068,109077,109087,109095,109104,109116,109081,109091
109143,109179,109186,109188,109238,109155,109183,109188,109149,109158,109169,109178,109185,109193,109162,109174
109238,109270,109280,109281,109322,109246,109277,109281,109241,109250,109260,109270,109278,109286,109253,109266
109322,109364,109395,109373,109421,109342,109370,109373,109336,109346,109356,109364,109371,109377,109350,109360
109421,109443,109462,109465,109510,109435,109457,109465,109429,109439,109448,109453,109460,109469,109443,109450
109510,109528,109546,109550,109592,109520,109531,109536,109514,109524,109528,109528,109532,109538,109528,109535
109592,109619,109642,109645,109692,109609,109636,109645,109603,109612,109621,109629,109640,109649,109616,109624
109692,109722,109733,109737,109781,109702,109729,109737,109696,109706,109716,109723,109732,109740,109710,109719
109781,109800,109821,109825,109907,109792,109816,109824,109786,109796,109805,109811,109819,109826,109800,109808
109907,109937,109961,109983,110062,109971,110007,109976,109929,109937,109944,109950,109960,109976,109940,109947
110062,110080,110102,110108,110158,110071,110096,110105,110066,110075,110086,110092,110100,110107,110078,110092
110158,110177,110201,110204,110250,110168,110190,110204,110163,110172,110180,110185,110199,110207,110175,110182
110250,110270,110289,110292,110335,110260,110285,110292,110254,110264,110274,110280,110288,110303,110268,110277
110335,110370,110376,110395,110430,110360,110385,110394,110354,110364,110374,110381,110389,110399,110368,110378
110430,110465,110473,110491,110537,110455,110470,110476,110449,110460,110472,110478,110486,110493,110467,110475
110537,110565,110572,110575,110630,110556,110581,110589,110550,110560,110570,110577,110584,110597,110564,110573
110630,110665,110671,110674,110737,110656,110668,110674,110651,110660,110664,110664,110669,110676,110664,110672
110737,110768,110788,110791,110839,110756,110784,110791,110751,110760,110772,110779,110786,110795,110765,110776
110839,110870,110890,110893,110952,110860,110885,110893,110854,110864,110875,110881,110888,110897,110870,110878
110952,110979,110991,110997,111035,110961,110985,110996,110955,110964,110973,110980,110989,111003,110968,110977
111035,111075,111098,111101,111163,111067,111092,111101,111062,111070,111079,111085,111096,111105,111074,111081
111163,111182,111205,111211,111253,111173,111200,111209,111167,111177,111187,111196,111203,111213,111181,111192
111253,111288,111311,111313,111354,111278,111307,111313,111272,111282,111295,111302,111310,111317,111285,111299
111354,111390,111412,111416,111466,111381,111406,111416,111376,111385,111394,111400,111411,111419,111388,111396
111466,111499,111508,111511,111562,111476,111504,111511,111471,111481,111490,111498,111506,111514,111485,111494
111562,111590,111611,111614,111658,111581,111606,111614,111575,111585,111596,111602,111609,111620,111589,111599
111658,111696,111711,111713,111730,111684,111696,111703,111679,111688,111691,111691,111697,111703,111691,111701
111730,111797,111808,111822,111888,111792,111802,111813,111787,111796,111800,111800,111805,111813,111800,111808
111888,111906,111932,111949,111972,111899,111925,111936,111893,111903,111911,111920,111930,111936,111907,111915
111972,112006,112015,112037,112082,111999,112011,112019,111994,112003,112013,112021,112030,112038,112006,112017
112082,112114,112136,112139,112181,112104,112130,112138,112098,112108,112119,112126,112134,112142,112115,112123
112181,112224,112263,112234,112306,112201,112228,112234,112195,112205,112216,112223,112230,112239,112210,112220
112306,112336,112345,112351,112410,112314,112341,112351,112308,112318,112329,112336,112343,112356,112324,112332
112410,112440,112449,112452,112503,112419,112446,112452,112413,112422,112431,112439,112448,112458,112425,112435
112503,112532,112543,112546,112592,112512,112538,112546,112506,112516,112524,112533,112541,112549,112519,112528
112592,112625,112637,112640,112681,112608,112632,112640,112602,112611,112620,112627,112635,112643,112614,112624
112681,112725,112735,112737,112793,112704,112731,112737,112699,112708,112718,112725,112733,112744,112712,112721
112793,112822,112832,112841,112883,112802,112829,112836,112796,112806,112816,112823,112831,112836,112810,112819
112883,112912,112920,112922,112993,112903,112916,112922,112898,112907,112911,112911,112918,112925,112911,112921
112993,113025,113049,113035,113081,113002,113031,113035,112996,113006,113017,113025,113032,113039,113011,113021
113081,113123,113134,,113170,113102,113129,113166,113096,113106,113116,113124,113159,113167,113109,113121
113170,113213,113235,113221,113278,113203,113217,113221,113197,113207,113211,113211,113218,113225,113211,113222
113278,113309,113318,113325,113392,113301,113313,113321,113296,113305,113309,113309,113316,113324,113309,113320
113392,113409,113432,113435,113474,113401,113426,113434,113395,113404,113415,113422,113430,113439,113408,113418
113474,113514,113526,113546,113569,113494,113521,113533,113488,113497,113506,113515,113524,113533,113501,113511
113569,113612,113623,,113660,113591,113618,113625,113585,113595,113604,113612,113657,113656,113599,113608
113660,113698,113710,113711,113764,113688,113707,113711,113682,113691,113699,113703,113708,113714,113694,113703
113764,113806,113816,113818,113873,113784,113812,113818,113780,113788,113797,113806,113814,113821,113791,113802
113873,113892,113915,113918,113960,113883,113911,113918,113877,113888,113897,113906,113913,113921,113892,113902
113960,113987,113995,114002,114066,113980,113991,113999,113975,113983,113987,113987,113993,114001,113987,113997
114066,114091,114113,114115,114153,114081,114109,114115,114075,114085,114095,114103,114111,114119,114088,114099
114153,114187,114192,114195,114261,114179,114201,114210,114173,114182,114190,114196,114204,114218,114186,114193
114261,114291,114305,114310,114360,114272,114301,114310,114267,114275,114284,114295,114304,114314,114279,114287
114360,114378,114400,114403,114457,114369,114396,114403,114363,114373,114384,114391,114399,114407,114377,114388
114457,114474,114494,114500,114550,114466,114490,114498,114460,114470,114478,114485,114493,114502,114474,114481
114550,114567,114587,114576,114646,114558,114570,114576,114552,114562,114566,114566,114572,114578,114566,114575
114646,114675,114689,114692,114729,114656,114683,114692,114650,114660,114668,114676,114687,114696,114664,114672
114729,114763,114784,114788,114834,114754,114778,114787,114748,114758,114767,114774,114782,114792,114761,114771
114834,114856,114877,114881,114926,114846,114873,114881,114840,114850,114861,114868,114876,114885,114855,114864
114926,114962,114974,114978,115023,114943,114969,114978,114937,114946,114955,114963,114973,114982,114950,114959
115023,115051,115072,115076,115118,115041,115066,115075,115036,115045,115054,115062,115070,115076,115048,115059
115118,115146,115165,115170,115220,115137,115161,115169,115131,115140,115149,115155,115163,115169,115144,115152
115220,115255,115292,115264,115320,115236,115261,115264,115230,115239,115249,115255,115262,115268,115243,115252
115320,115338,115346,115349,115407,115331,115342,115349,115325,115335,115339,115339,115344,115351,115339,115347
115407,115423,115443,115446,115494,115415,115438,115446,115410,115419,115428,115434,115441,115448,115422,115431
115494,115524,115532,115534,115586,115504,115529,115535,115497,115507,115516,115523,115530,115535,115511,115519
115586,115616,115627,115632,115679,115596,115622,115632,115590,115600,115609,115616,115625,115637,115604,115613
115679,115699,115721,115725,115772,115690,115715,115724,115684,115694,115705,115712,115719,115727,115700,115709
115772,115800,115810,115812,115855,115781,115806,115813,115775,115784,115793,115801,115808,115813,115788,115797
115855,115892,115904,115906,115960,115876,115901,115906,115870,115879,115888,115894,115902,115909,115883,115891
115960,115987,116001,116005,116045,115970,115995,116005,115965,115974,115982,115989,116000,116009,115978,115985
116045,116067,116074,116079,116128,116059,116070,116076,116054,116063,116067,116067,116072,116079,116067,116075
116128,116163,116169,116170,116237,116153,116166,116170,116148,116157,116160,116160,116167,116174,116160,116170
116237,116253,116261,116266,116322,116245,116257,116264,116240,116249,116254,116254,116259,116266,116254,116263
116322,116342,116364,116368,116404,116333,116346,116353,116327,116337,116348,116355,116362,116372,116341,116352
116404,116433,116439,116444,116504,116424,116435,116441,116418,116428,116432,116432,116437,116444,116432,116440
116504,116522,116542,116548,116590,116513,116537,116546,116507,116517,116525,116532,116540,116549,116520,116528
116590,116608,116631,116638,116672,116600,116625,116635,116594,116603,116613,116620,116629,116642,116608,116616
116672,116697,116704,116708,116769,116689,116700,116706,116684,116693,116697,116697,116702,116709,116697,116705
116769,116786,116807,116796,116844,116778,116789,116795,116772,116782,116787,116787,116792,116798,116787,116795
116844,116876,116884,116902,116937,116868,116892,116901,116863,116872,116882,116889,116896,116907,116876,116885
116937,116970,116977,116982,117037,116962,116973,116980,116957,116966,116970,116970,116975,116984,116970,116979
117037,117073,117082,117122,117155,117053,117098,117109,117047,117056,117065,117072,117103,117109,117060,117069
117155,117176,117220,117231,117293,117224,117233,117239,117218,117228,,,117218,,117232,
117293,117309,117316,117320,117368,117301,117312,117320,117296,117305,117308,117308,117314,117323,117308,117317
117368,117399,117408,117413,117447,117378,117404,117411,117372,117381,117390,117398,117407,117417,117385,117394
117447,117463,117471,117476,117524,117455,117479,117487,117450,117459,117469,117476,117483,117491,117464,117472
117524,117552,117562,117568,117601,117532,117556,117565,117526,117536,117544,117551,117560,117569,117539,117547
117601,117617,117643,117648,117683,117609,117638,117646,117604,117613,117623,117633,117641,117649,117617,117629
117683,117702,117723,117727,117763,117693,117717,117726,117687,117696,117705,117713,117721,117730,117700,117709
117763,117805,117816,117819,117876,117786,117811,117819,117780,117790,117799,117806,117814,117823,117794,117803
117876,117908,117918,117948,117971,117885,117914,117921,117880,117888,117897,117908,117916,117929,117892,117901
117971,117992,118001,118004,118057,117986,117995,118003,117980,117989,117994,117994,117999,118006,117994,118002
118057,118081,118103,118108,118141,118071,118097,118106,118066,118075,118090,118094,118101,118110,118078,118094
118141,118159,118178,118185,118217,118150,118172,118182,118144,118154,118164,118169,118176,118185,118158,118166
118217,118241,118252,118260,118290,118226,118246,118256,118220,118229,118236,118242,118250,118264,118232,118239
118290,118308,118327,118330,118364,118298,118321,118329,118292,118302,118311,118318,118325,118332,118306,118314
118364,118385,118405,118411,118454,118375,118400,118411,118369,118379,118388,118395,118403,118416,118383,118391
118454,118484,118498,118501,118549,118462,118493,118501,118456,118466,118474,118484,118496,118505,118469,118478
118549,118575,118589,118591,118643,118558,118584,118591,118552,118561,118571,118579,118587,118594,118565,118575
118643,118664,118682,118689,118729,118654,118677,118688,118648,118658,118667,118672,118681,118694,118662,118669
118729,118756,118774,118779,118821,118747,118769,118777,118742,118751,118760,118765,118772,118781,118755,118762
118821,118841,118860,118864,118900,118832,118853,118863,118826,118836,118844,118849,118858,118868,118839,118846
118900,118921,118942,118948,118979,118911,118934,118945,118905,118915,118923,118928,118940,118950,118919,118928
118979,119009,119019,119024,119057,118988,119014,119021,118982,118991,119000,119009,119017,119026,118995,119004
119057,119075,119097,119102,119136,119065,119092,119100,119059,119068,119079,119087,119095,119104,119072,119083
119136,119162,119176,119180,119227,119145,119171,119180,119139,119148,119157,119165,119174,119185,119151,119161
119227,119257,119268,119272,119319,119237,119262,119271,119231,119240,119249,119257,119266,119275,119244,119253
119319,119360,119400,119370,119428,119341,119366,119370,119336,119345,119353,119359,119367,119372,119348,119356
119428,119460,119473,119476,119530,119445,119469,119476,119439,119448,119457,119461,119472,119484,119452,119461
119530,119551,119571,119574,119614,119540,119566,119574,119534,119544,119554,119561,119569,119582,119548,119558
119614,119635,119653,119661,119700,119626,119648,119658,119620,119630,119639,119644,119652,119664,119634,119644
119700,119722,119736,119744,119781,119709,119730,119742,119704,119713,119720,119725,119734,119747,119716,119725
119781,119810,119838,119824,119865,119790,119821,119824,119784,119794,119805,119812,119822,119828,119799,119808
119865,119893,119903,119910,119955,119874,119898,119907,119868,119877,119886,119893,119901,119912,119881,119889
119955,119986,119998,120002,120049,119965,119994,120002,119959,119969,119978,119988,119997,120005,119972,119984
120049,120080,120090,120093,120136,120060,120086,120093,120054,120064,120074,120081,120088,120095,120067,120078
120136,120168,120187,120190,120239,120157,120181,120190,120151,120162,120173,120177,120185,120195,120166,120177
120239,120261,120280,120285,120327,120251,120275,120284,120245,120255,120264,120270,120278,120289,120259,120267
120327,120349,120369,120373,120409,120339,120364,120373,120333,120343,120353,120359,120367,120378,120347,120356
120409,120431,120450,120456,120489,120420,120443,120453,120414,120424,120435,120440,120448,120457,120427,120437
120489,120510,120528,120530,120574,120498,120524,120530,120492,120502,120514,120519,120526,120540,120505,120519
120574,120602,120618,120621,120673,120583,120610,120621,120577,120587,120597,120603,120616,120625,120590,120600
120673,120699,120715,120718,120767,120682,120711,120718,120676,120685,120699,120705,120713,120721,120688,120696
120767,120805,120818,120820,120872,120785,120812,120820,120779,120789,120798,120805,120816,120825,120793,120801
120872,120894,120914,120917,120957,120883,120908,120917,120877,120888,120897,120901,120913,120921,120891,120901
120957,120994,121016,121020,121068,120985,121010,121020,120979,120988,121001,121006,121014,121023,120992,121006
121068,121087,121107,121112,121153,121078,121101,121111,121072,121082,121091,121096,121106,121114,121085,121093
121153,121172,121193,121198,121228,121163,121188,121197,121157,121167,121178,121184,121192,121202,121171,121181
121228,121256,121279,121282,121315,121246,121273,121281,121240,121249,121259,121268,121277,121288,121253,121261
121315,121341,121355,121358,121398,121323,121350,121358,121317,121326,121338,121344,121353,121362,121330,121344
121398,121431,121442,121446,121504,121410,121437,121446,121405,121414,121422,121430,121440,121454,121417,121425
121504,121538,121549,121582,121617,121517,121563,121569,121512,121521,121531,121558,121566,121569,121525,121554
121617,121637,121658,121660,121708,121628,121653,121660,121622,121632,121642,121649,121656,121664,121636,121646
121708,121744,121750,121752,121806,121735,121747,121752,121729,121739,121743,121743,121748,121754,121743,121751
121806,121835,121853,121857,121898,121826,121846,121856,121821,121830,121841,121844,121851,121861,121834,121844
121898,121917,121937,121941,121975,121908,121932,121940,121902,121912,121921,121928,121936,121949,121915,121925
121975,122006,122016,122020,122057,121987,122012,122020,121981,121990,121999,122006,122014,122025,121995,122003
122057,122086,122097,122100,122143,122066,122092,122100,122060,122069,122078,122086,122096,122104,122073,122082
122143,122172,122185,122188,122232,122152,122179,122188,122146,122156,122165,122172,122183,122193,122160,122168
122232,122275,122298,122301,122351,122255,122294,122301,122249,122258,122267,122275,122297,122304,122262,122271
122351,122371,122395,122398,122436,122362,122390,122398,122357,122366,122375,122385,122393,122401,122370,122381
122436,122479,122501,122504,122546,122470,122495,122503,122465,122474,122484,122491,122499,122507,122477,122488
122546,122568,122588,122592,122631,122560,122584,122592,122554,122564,122573,122579,122587,122596,122567,122576
122631,122649,122667,122674,122708,122639,122662,122672,122634,122643,122651,122657,122666,122677,122646,122654
122708,122726,122745,122749,122784,122716,122740,122748,122710,122720,122729,122736,122743,122759,122723,122732
122784,122813,122825,122829,122875,122793,122820,122829,122787,122797,122807,122814,122823,122833,122800,122811
122875,122905,122915,122921,122968,122884,122910,122919,122878,122887,122898,122905,122913,122925,122891,122902
122968,123005,123028,123031,123073,122993,123022,123030,122988,122996,123005,123018,123026,123034,122999,123015
123073,123112,123135,123122,123191,123104,123115,123122,123099,123108,123112,123112,123117,123125,123112,123121
123191,123223,123230,123234,123287,123214,123226,123232,123208,123218,123223,123223,123228,123235,123223,123231
123287,123331,123348,123350,123395,123317,123343,123350,123311,123321,123331,123337,123346,123354,123325,123334
123395,123414,123436,123439,123488,123404,123430,123439,123399,123408,123418,123425,123434,123444,123412,123421
123488,123506,123533,123535,123579,123497,123529,123535,123492,123501,123510,123524,123531,123538,123505,123521
123579,123601,123618,123624,123665,123589,123612,123622,123583,123592,123604,123607,123617,123626,123596,123607
123665,123698,123709,123712,123764,123675,123705,123712,123669,123679,123688,123699,123708,123715,123683,123693
123764,123786,123805,123808,123857,123775,123801,123808,123770,123779,123791,123797,123804,123813,123782,123794
123857,123883,123905,123911,123950,123875,123899,123908,123870,123879,123887,123895,123904,123913,123883,123891
123950,123984,123992,123998,124050,123975,123986,123994,123970,123979,123983,123983,123990,123998,123983,123994
124050,124091,124109,124115,124155,124083,124103,124114,124077,124086,124095,124100,124107,124122,124090,124097
124155,124187,124194,124197,124254,124179,124191,124197,124173,124183,124186,124186,124192,124199,124186,124195
124254,124290,124297,124299,124364,124282,124293,124299,124276,124286,124289,124289,124295,124303,124289,124298
124364,124400,124413,124417,124458,124381,124407,124416,124376,124385,124393,124402,124412,124421,124388,124397
124458,124493,124499,124517,124559,124484,124510,124517,124478,124488,124497,124505,124513,124521,124492,124501
124559,124596,124619,124605,124658,124588,124599,124605,124583,124592,124595,124595,124601,124609,124595,124604
124658,124697,124706,124709,124778,124690,124701,124709,124684,124694,124698,124698,124703,124711,124698,124707
124778,124813,124822,124826,124861,124793,124817,124825,124787,124796,124804,124812,124821,124832,124800,124808
124861,124901,124923,124927,124981,124893,124918,124927,124888,124896,124907,124914,124921,124932,124900,124910
124981,125015,125025,125027,125065,124992,125021,125027,124986,124996,125007,125015,125023,125032,125000,125012
125065,125103,125111,125115,125177,125095,125106,125113,125089,125099,125103,125103,125108,125116,125103,125112
125177,125200,125222,125227,125273,125191,125218,125226,125186,125195,125206,125213,125221,125229,125200,125209
125273,125311,125323,125326,125381,125291,125318,125326,125286,125295,125304,125312,125321,125331,125298,125308
125381,125400,125407,125412,125477,125391,125403,125409,125385,125395,125400,125400,125405,125412,125400,125408
125477,125497,125518,125521,125575,125487,125513,125521,125482,125491,125502,125508,125516,125524,125495,125505
125575,125593,125598,125603,125658,125584,125595,125600,125578,125588,125591,125591,125596,125604,125591,125600
125658,125686,125693,125711,125753,125677,125704,125711,125672,125681,125691,125699,125707,125715,125685,125695
125753,125772,125795,125802,125835,125762,125789,125798,125757,125766,125777,125785,125793,125803,125771,125781
125835,125851,125876,125862,125913,125844,125855,125862,125839,125848,125852,125852,125857,125865,125852,125861
125913,125940,125952,125959,125993,125922,125946,125956,125916,125925,125933,125940,125950,125959,125929,125936
125993,126012,126038,126051,126090,126006,126016,126044,126001,126010,126019,126028,126036,126048,126014,126024
126090,126106,126130,126139,126179,126099,126122,126134,126093,126102,126110,126116,126128,126139,126106,126113
126179,126202,126210,126214,126266,126195,126205,126213,126190,126199,126203,126203,126208,126215,126203,126211
126266,126296,126304,126307,126368,126288,126299,126307,126283,126292,126296,126296,126302,126310,126296,126306
126368,126401,126412,126419,126491,126381,126407,126416,126376,126385,126394,126402,126411,126420,126388,126398
126491,126513,126531,126536,126562,126496,126526,126535,126504,126512,126517,126522,126530,126539,126514,126519
126562,126580,126588,126593,126661,126572,126583,126590,126566,126575,126579,126579,126586,126593,126579,126589
126661,126676,126685,126711,126750,126669,126680,126706,126663,126672,126683,126690,126703,126710,126676,126687
126750,126765,126790,126796,126832,126758,126770,126784,126753,126762,126766,126766,126776,126784,126766,126781
126832,126847,126870,126875,126914,126841,126851,126873,126835,126844,126854,126861,126868,126876,126848,126858
126914,126930,126952,126958,126989,126922,126934,126955,126917,126926,126937,126942,126950,126958,126930,126942
126989,127011,127037,127046,127084,127005,127016,127039,127000,127009,127019,127026,127035,127043,127013,127022
127084,127104,127123,127125,127158,127093,127118,127125,127088,127097,127110,127114,127121,127131,127100,127114
127158,127186,127203,127214,127252,127179,127193,127208,127174,127183,127193,127193,127202,127212,127186,127193
127252,127268,127283,127295,127323,127260,127276,127289,127255,127264,127273,127273,127281,127296,127267,127273
127323,127343,127366,127373,127403,127337,127355,127368,127332,127340,127348,127352,127364,127373,127343,127352
127403,127421,127443,127447,127479,127412,127425,127446,127407,127416,127428,127434,127441,127450,127421,127431
127479,127496,127516,127521,127557,127488,127509,127518,127482,127491,127501,127506,127514,127522,127495,127506
127557,127573,127591,127597,127635,127566,127584,127593,127560,127569,127577,127582,127588,127597,127573,127579
127635,127655,127674,127681,127720,127648,127661,127677,127642,127652,127662,127663,127672,127681,127655,127663
127720,127737,127755,127766,127800,127729,127743,127759,127724,127733,127737,127737,127753,127765,127737,127759
127800,127814,127833,127840,127870,127807,127817,127826,127802,127811,127816,127816,127821,127826,127816,127823
127870,127890,127907,127918,127950,127882,127897,127914,127877,127886,127890,127890,127905,127919,127890,127915
127950,127966,127977,127991,128025,127959,127969,127981,127953,127963,127967,127967,127973,127981,127967,127976
128025,128042,128060,128067,128097,128036,128046,128061,128031,128040,128048,128051,128057,128065,128043,128051
128097,128120,128137,128146,128185,128113,128124,128140,128108,128117,128127,128130,128135,128149,128121,128130
128185,128200,128218,128226,128265,128193,128204,128221,128188,128197,128206,128210,128216,128225,128201,128210
128265,128283,128300,128308,128349,128275,128291,128303,128270,128279,128289,128289,128298,128307,128283,128289
128349,128366,128382,128389,128433,128358,128371,128384,128352,128363,128375,128375,128379,128388,128367,128375
128433,128449,128464,128474,128512,128441,128454,128468,128435,128445,128449,128449,128460,128474,128449,128469
128512,128529,128546,128552,128585,128521,128537,128550,128516,128525,128535,128535,128543,128554,128528,128535
128585,128609,128625,128628,128665,128600,128618,128628,128595,128605,128615,128615,128623,128632,128608,128615
128665,128714,128725,,128752,128681,128720,128746,128675,128684,128693,128714,128741,128747,128687,128710
128752,128766,128782,128795,128829,128760,128770,128786,128755,128764,128775,128775,128780,128792,128768,128775
128829,128845,128856,128873,128909,128839,128849,128866,128833,128843,128848,128848,128854,128871,128848,128856
128909,128923,128941,128951,128983,128915,128934,128946,128910,128919,128926,128930,128939,128950,128922,128930
128983,128998,129009,129012,129060,128991,129001,129011,128985,128994,128998,128998,129005,129012,128998,129009
129060,129074,129092,129082,129106,129067,129076,129081,129062,129071,129074,129074,129078,129082,129074,129080
129106,129130,129143,129146,129164,129116,129137,129145,129108,129131,129136,129136,129141,129149,129136,129145
129164,129202,129220,129228,129290,129178,129212,129222,129171,129181,129187,129203,129218,129227,129184,129199
129290,129332,129372,129385,129426,129299,129351,129361,129293,129302,129318,129335,129355,129361,129305,129331
129426,129459,129476,129485,129517,129452,129465,129481,129447,129457,129467,129467,129475,129488,129461,129467
129517,129544,129556,129561,129602,129530,129550,129559,129522,129535,129546,129546,129554,129565,129539,129546
129602,129616,129632,129641,129658,129609,129622,129635,129603,129613,129618,129618,129628,129640,129617,129618
129658,129691,129705,129715,129751,129684,129697,129708,129679,129688,129696,129696,129703,129712,129691,129696
129751,129766,129784,129789,129825,129759,129770,129776,129753,129763,129771,129777,129782,129790,129767,129774
129825,129842,129857,129862,129902,129834,129848,129859,129828,129838,129848,129848,129855,129863,129842,129848
129902,129919,129934,129937,129981,129911,129924,129935,129905,129915,129925,129925,129931,129939,129919,129925
129981,129998,130012,130021,130091,129989,130036,130044,129984,129993,130009,130033,130040,130047,129997,130030
130091,130104,130128,130132,130147,130097,130112,130123,130091,130105,130111,130111,130116,130123,130111,130119
130147,130160,130177,130187,130224,130154,130166,130181,130148,130157,130167,130167,130175,130186,130160,130167
130224,130240,130254,130264,130299,130232,130246,130258,130227,130236,130242,130242,130251,130266,130239,130242
130299,130316,130333,130339,130380,130308,130327,130336,130303,130312,130319,130323,130330,130339,130315,130323
130380,130396,130410,130421,130456,130387,130402,130414,130382,130391,130398,130398,130407,130421,130394,130398
130456,130476,130491,130499,130537,130467,130482,130494,130462,130471,130479,130479,130488,130498,130475,130479
130537,130555,130570,130579,130616,130548,130562,130574,130542,130552,130558,130558,130567,130580,130555,130558
130616,130631,130647,130655,130692,130624,130639,130650,130619,130627,130636,130636,130644,130653,130631,130636
130692,130708,130724,130735,130773,130700,130712,130728,130695,130704,130713,130716,130722,130736,130708,130716
130773,130787,130805,130813,130848,130780,130792,130808,130775,130784,130795,130795,130802,130813,130788,130795
130848,130864,130882,130889,130929,130857,130876,130884,130852,130861,130868,130873,130880,130889,130864,130873
130929,130944,130961,130968,131011,130936,130951,130964,130931,130939,130950,130950,130959,130967,130943,130950
131011,131026,131039,131045,131094,131019,131029,131041,131013,131022,131026,131026,131034,131045,131026,131040
131094,131110,131123,131130,131176,131102,131115,131125,131096,131106,131110,131110,131120,131130,131110,131125
131176,131193,131210,131212,131289,131185,131205,131212,131179,131189,131197,131201,131208,131215,131192,131201
131289,131306,131338,131315,131341,131297,131311,131315,131291,131304,131308,131308,131312,131318,131308,131315
131341,131354,131372,131381,131412,131348,131358,131374,131342,131351,131360,131362,131370,131379,131355,131362
131412,131430,131445,131451,131486,131422,131438,131449,131417,131426,131435,131435,131443,131453,131429,131435
131486,131501,131521,131526,131555,131494,131505,131514,131487,131498,131502,131502,131509,131514,131502,131511
131555,131572,131588,131595,131627,131564,131580,131592,131559,131568,131577,131577,131585,131597,131571,131577
131627,131643,131657,131667,131698,131635,131649,131660,131629,131638,131645,131645,131653,131667,131641,131645
131698,131714,131730,131768,131801,131707,131722,131735,131702,131711,131720,131720,131728,131744,131714,131720
131801,131831,131841,131857,131879,131826,131835,131846,131821,131830,131834,131834,131839,131846,131834,131842
131879,131894,131932,131943,132002,131935,131950,131960,131930,131938,,,131930,,131941,
132002,132015,132025,132041,132062,132010,132019,132029,132005,132014,132018,132018,132023,132029,132018,132025
132062,132093,132107,132119,132152,132087,132099,132114,132081,132091,132096,132096,132107,132117,132096,132113
132152,132167,132181,132191,132225,132160,132172,132185,132155,132164,132169,132169,132177,132193,132169,132181
132225,132240,132254,132263,132296,132232,132246,132257,132227,132236,132243,132243,132251,132265,132239,132243
132296,132311,132322,132336,132356,132305,132316,132331,132300,132309,132313,132313,132322,132337,132313,132327
132356,132389,132401,132412,132452,132381,132395,132405,132375,132385,132391,132391,132400,132408,132388,132391
132452,132469,132501,132486,132535,132460,132475,132486,132454,132464,132469,132469,132478,132491,132467,132469
132535,132550,132567,132574,132617,132542,132554,132558,132536,132546,132555,132557,132564,132573,132549,132557
132617,132631,132647,132656,132697,132624,132634,132649,132619,132628,132637,132638,132645,132654,132631,132638
132697,132711,132731,132738,132766,132705,132715,132733,132700,132709,132712,132712,132722,132738,132712,132725
132766,132792,132809,132816,132858,132785,132796,132812,132780,132789,132799,132799,132807,132816,132792,132799
132858,132873,132889,132897,132941,132866,132876,132892,132861,132870,132877,132880,132887,132896,132873,132880
132941,132955,132972,132979,133024,132948,132960,132974,132943,132952,132963,132963,132969,132979,132955,132963
133024,133038,133055,133065,133104,133031,133045,133058,133025,133034,133043,133043,133052,133062,133037,133043
133104,133119,133136,133142,133183,133112,133122,133128,133107,133116,133119,133119,133124,133128,133119,133126
133183,133198,133234,133210,133264,133191,133202,133210,133185,133195,133199,133199,133204,133212,133199,133208
133264,133280,133299,133306,133348,133273,133283,133289,133267,133276,133284,133289,133296,133306,133280,133289
133348,133364,133402,133382,133434,133357,133367,133382,133351,133360,133364,133364,133369,133392,133364,133371
133434,133450,133465,133475,133520,133442,133455,133468,133437,133446,133456,133456,133463,133472,133450,133456
133520,133534,133548,133556,133597,133527,133537,133550,133521,133530,133534,133534,133539,133555,133534,133541
133597,133612,133628,133639,133677,133605,133616,133631,133600,133608,133619,133619,133625,133638,133612,133619
133677,133691,133707,133715,133744,133685,133695,133709,133679,133688,133692,133692,133699,133716,133692,133709
133744,133771,133789,133794,133818,133764,133774,133780,133759,133768,133772,133772,133776,133782,133772,133779
133818,133851,133859,133878,133918,133846,133855,133872,133840,133849,133858,133863,133868,133876,133853,133860
133918,133934,133951,133958,134000,133926,133945,133954,133920,133929,133938,133942,133949,133958,133933,133942
134000,134017,134031,134050,134084,134008,134042,134049,134002,134011,134018,134037,134045,134052,134014,134033
134084,134099,134117,134124,134172,134092,134102,134120,134087,134095,134104,134108,134114,134122,134099,134108
134172,134185,134227,134234,134256,134179,134189,134198,134174,134183,134187,134187,134193,134198,134187,134195
134256,134272,134288,134296,134343,134266,134276,134292,134261,134270,134274,134274,134280,134300,134274,134281
134343,134357,134376,134384,134428,134351,134360,134379,134345,134354,134363,134367,134373,134382,134358,134367
134428,134443,134462,134469,134513,134437,134446,134454,134432,134440,134444,134444,134448,134454,134444,134451
134513,134528,134548,134556,134599,134521,134532,134550,134516,134525,134535,134540,134546,134554,134529,134540
134599,134613,134624,134639,134684,134607,134617,134632,134602,134611,134615,134615,134621,134638,134615,134623
134684,134697,134715,134723,134766,134691,134701,134707,134686,134695,134698,134698,134702,134707,134698,134705
134766,134782,134801,134810,134852,134774,134793,134805,134769,134778,134786,134791,134799,134810,134781,134788
134852,134866,134903,134875,134933,134859,134868,134876,134853,134862,134865,134865,134870,134876,134865,134872
134933,134948,134965,134971,135015,134940,134951,134961,134934,134944,134948,134948,134955,134961,134948,134957
135015,135030,135067,135052,135098,135023,135034,135040,135018,135027,135035,135041,135048,135057,135030,135038
135098,135115,135131,135137,135180,135106,135122,135134,135101,135110,135120,135120,135128,135137,135113,135120
135180,135194,135208,135217,135259,135188,135197,135212,135183,135191,135195,135195,135201,135218,135195,135214
135259,135274,135291,135298,135341,135267,135284,135294,135262,135271,135279,135282,135289,135297,135274,135282
135341,135355,135374,135381,135421,135349,135358,135376,135343,135352,135360,135365,135372,135380,135356,135365
135421,135437,135456,135462,135501,135429,135442,135450,135424,135433,135437,135437,135445,135450,135437,135447
135501,135516,135536,135542,135579,135510,135519,135528,135505,135513,135517,135517,135522,135528,135517,135525
135579,135595,135612,135617,135639,135589,135597,135605,135584,135592,135595,135595,135600,135605,135595,135602
135639,135673,135680,135699,135736,135667,135676,135695,135663,135671,135678,135683,135690,135698,135674,135683
135736,135752,135819,135828,135886,135822,135831,135825,135740,135749,135758,135809,135817,135825,135752,135806
135886,135902,135911,135914,135963,135895,135905,135913,135890,135899,135903,135903,135908,135915,135903,135911
135963,135976,135984,136002,136020,135970,135979,135986,135965,135973,135977,135977,135982,135986,135977,135984
136020,136048,136065,136073,136102,136042,136053,136068,136037,136046,136056,136056,136064,136072,136050,136056
136102,136118,136133,136140,136173,136111,136123,136134,136106,136115,136124,136124,136130,136139,136118,136124
136173,136187,136204,136212,136244,136181,136192,136207,136176,136184,136195,136195,136200,136213,136188,136195
136244,136259,136275,136282,136315,136252,136262,136277,136247,136256,136267,136267,136272,136282,136259,136267
136315,136332,136349,136357,136391,136325,136337,136351,136320,136329,136339,136339,136346,136356,136333,136339
136391,136405,136421,136437,136466,136399,136409,136423,136394,136403,136412,136412,136418,136426,136406,136412
136466,136480,136496,136501,136539,136473,136488,136498,136468,136477,136484,136487,136494,136501,136480,136487
136539,136555,136571,136578,136599,136548,136560,136573,136542,136552,136556,136556,136567,136577,136556,136573
136599,136630,136644,136654,136691,136623,136634,136648,136618,136627,136639,136639,136643,136654,136631,136639
136691,136706,136725,136732,136759,136699,136710,136720,136694,136703,136707,136707,136714,136720,136707,136717
136759,136782,136790,136802,136845,136776,136785,136793,136772,136780,136783,136783,136788,136793,136783,136790
136845,136859,136868,136881,136918,136852,136862,136876,136847,136856,136860,136860,136866,136879,136860,136868
136918,136932,136951,136958,136983,136926,136936,136954,136921,136930,136938,136942,136948,136957,136933,136942
136983,137006,137015,137029,137064,136999,137009,137018,136993,137003,137007,137007,137013,137018,137007,137015
137064,137080,137094,137101,137136,137072,137087,137096,137066,137075,137081,137084,137092,137099,137078,137084
137136,137151,137168,137176,137211,137144,137155,137170,137138,137148,137152,137152,137165,137175,137152,137171
137211,137226,137241,137248,137285,137219,137232,137243,137213,137222,137231,137231,137238,137247,137225,137231
137285,137299,137335,137320,137363,137293,137303,137309,137288,137296,137304,137308,137315,137325,137300,137308
137363,137377,137391,137398,137445,137370,137380,137393,137365,137374,137383,137383,137389,137397,137377,137383
137445,137458,137475,137483,137529,137452,137461,137466,137447,137455,137462,137467,137473,137483,137458,137464
137529,137542,137557,137564,137608,137536,137546,137559,137530,137539,137548,137548,137554,137563,137542,137548
137608,137621,137640,137647,137688,137615,137625,137642,137610,137619,137628,137631,137637,137647,137622,137631
137688,137704,137722,137729,137773,137698,137708,137724,137692,137702,137711,137715,137720,137727,137706,137715
137773,137787,137824,137808,137855,137781,137792,137808,137776,137785,137788,137788,137795,137814,137788,137810
137855,137868,137884,137892,137933,137862,137872,137886,137857,137866,137870,137870,137880,137891,137870,137886
137933,137947,137962,137972,138088,138017,138026,138021,137935,137944,137960,138005,138012,138021,137947,138002
138088,138102,138119,138126,138165,138096,138107,138121,138090,138099,138102,138102,138115,138126,138102,138122
138165,138203,138216,,138242,138173,138209,138221,138168,138176,138185,138202,138215,138221,138180,138198
138242,138260,138274,138283,138322,138252,138265,138276,138247,138256,138264,138264,138271,138284,138260,138264
138322,138336,138353,138362,138400,138329,138339,138356,138324,138333,138342,138347,138352,138360,138336,138344
138400,138416,138424,138441,138482,138409,138420,138427,138404,138413,138417,138417,138422,138427,138417,138424
138482,138497,138514,138518,138564,138490,138509,138516,138485,138493,138500,138505,138511,138519,138496,138502
138564,138578,138596,138603,138641,138571,138581,138589,138566,138575,138579,138579,138585,138589,138579,138587
138641,138658,138675,138679,138718,138651,138662,138677,138646,138654,138664,138667,138672,138681,138658,138667
138718,138739,138756,138762,138806,138732,138742,138758,138727,138736,138745,138748,138754,138762,138740,138748
138806,138820,138854,138840,138866,138813,138823,138832,138808,138817,138820,138820,138826,138832,138820,138829
138866,138893,138902,138917,138952,138887,138896,138905,138883,138891,138895,138895,138900,138905,138895,138902
138952,138965,138982,138996,139021,138959,138970,138986,138954,138963,138974,138974,138980,138993,138967,138974
139021,139034,139053,139058,139094,139029,139044,139057,139024,139033,139042,139042,139050,139058,139036,139042
139094,139125,139139,139187,139222,139101,139133,139150,139095,139104,139111,139128,139137,139152,139108,139125
139222,139256,139265,139279,139302,139251,139260,139273,139246,139255,139259,139259,139264,139273,139259,139268
139302,139335,139348,139356,139373,139328,139341,139355,139323,139332,139336,139336,139347,139361,139336,139351
139373,139412,139429,139439,139473,139407,139416,139432,139402,139410,139419,139422,139427,139436,139414,139422
139473,139492,139507,139514,139552,139485,139496,139510,139480,139489,139500,139500,139504,139516,139493,139500
139552,139570,139585,139593,139633,139564,139576,139587,139559,139568,139576,139576,139583,139592,139571,139576
139633,139647,139657,139673,139706,139640,139650,139660,139635,139644,139647,139647,139654,139660,139647,139657
139706,139721,139739,139745,139782,139714,139725,139730,139709,139718,139726,139730,139737,139745,139721,139730
139782,139798,139832,139814,139861,139790,139803,139814,139784,139794,139802,139802,139807,139822,139802,139811
139861,139877,139891,139899,139937,139868,139883,139893,139862,139872,139877,139877,139888,139897,139876,139877
139937,139956,139967,139974,140016,139946,139961,139970,139940,139949,139955,139955,139965,139974,139952,139955
140016,140033,140048,140052,140096,140024,140043,140050,140018,140027,140035,140039,140046,140054,140030,140039
140096,140113,140128,140136,140177,140104,140119,140130,140099,140107,140115,140115,140125,140135,140110,140115
140177,140191,140209,140216,140251,140184,140202,140212,140179,140188,140196,140199,140207,140215,140191,140199
140251,140268,140285,140287,140327,140260,140273,140279,140255,140264,140268,140268,140276,140279,140268,140277
140327,140343,140360,140364,140404,140335,140353,140361,140329,140338,140347,140350,140357,140365,140342,140350
140404,140418,140456,140427,140479,140412,140421,140428,140407,140415,140418,140418,140423,140428,140418,140425
140479,140493,140508,140516,140550,140486,140499,140510,140481,140490,140498,140498,140505,140514,140493,140498
140550,140565,140580,140588,140621,140558,140568,140582,140553,140561,140571,140571,140577,140588,140565,140571
140621,140637,140658,140660,140695,140629,140647,140660,140623,140632,140639,140642,140656,140664,140635,140642
140695,140731,140746,140751,140773,140703,140740,140750,140697,140706,140713,140732,140745,140752,140709,140727
140773,140787,140803,140810,140849,140780,140790,140805,140775,140784,140793,140796,140801,140809,140788,140796
140849,140863,140878,140884,140921,140856,140867,140881,140850,140859,140869,140869,140876,140885,140863,140869
140921,140936,140952,140959,140995,140929,140939,140954,140924,140932,140942,140945,140950,140960,140936,140945
140995,141010,141026,141033,141070,141003,141020,141029,140998,141006,141013,141016,141024,141034,141009,141016
141070,141086,141099,141104,141146,141078,141091,141102,141073,141082,141091,141091,141097,141105,141085,141091
141146,141161,141177,141184,141220,141154,141166,141179,141149,141158,141162,141162,141173,141184,141162,141180
141220,141234,141250,141257,141288,141228,141242,141252,141223,141231,141239,141240,141247,141256,141234,141240
141288,141305,141323,141325,141360,141297,141310,141313,141292,141301,141310,141313,141320,141328,141304,141313
141360,141376,141391,141397,141433,141369,141384,141394,141364,141372,141379,141381,141389,141400,141375,141381
141433,141447,141464,141471,141493,141440,141457,141465,141435,141444,141450,141455,141461,141468,141447,141452
141493,141520,141535,141543,141576,141514,141524,141538,141509,141518,141527,141527,141533,141543,141521,141527
141576,141593,141608,141616,141651,141585,141598,141611,141579,141589,141593,141593,141605,141616,141593,141612
141651,141666,141681,141686,141728,141659,141669,141682,141654,141662,141673,141673,141678,141686,141666,141673
141728,141744,141759,141769,141805,141736,141748,141763,141731,141740,141744,141744,141751,141770,141744,141753
141805,141821,141839,141845,141884,141815,141825,141840,141810,141819,141828,141832,141836,141844,141823,141832
141884,141900,141916,141921,141964,141892,141908,141918,141887,141896,141905,141905,141913,141923,141899,141905
141964,141978,141996,142004,142044,141972,141980,141987,141967,141975,141978,141978,141983,141988,141978,141985
142044,142060,142072,142085,142126,142053,142064,142080,142048,142058,142062,142062,142069,142087,142062,142072
142126,142142,142159,142168,142208,142135,142146,142161,142129,142138,142149,142149,142157,142166,142142,142149
142208,142222,142236,142243,142284,142215,142228,142237,142209,142218,142224,142224,142233,142242,142221,142224
142284,142299,142317,142322,142362,142292,142303,142320,142287,142295,142306,142306,142313,142324,142299,142306
142362,142377,142393,142398,142442,142370,142380,142385,142364,142373,142381,142385,142391,142398,142376,142385
142442,142457,142490,142498,142519,142449,142464,142473,142443,142452,142461,142461,142468,142479,142455,142461
142519,142535,142549,142559,142596,142527,142541,142551,142521,142530,142538,142538,142546,142555,142533,142538
142596,142611,142646,142622,142674,142603,142614,142622,142597,142607,142610,142610,142616,142622,142610,142618
142674,142692,142705,142714,142752,142683,142699,142707,142678,142687,142696,142696,142702,142707,142690,142696
142752,142772,142787,142796,142837,142765,142778,142791,142760,142768,142778,142778,142784,142797,142771,142778
142837,142853,142869,142875,142919,142845,142861,142871,142839,142849,142857,142857,142866,142875,142852,142857
142919,142933,142950,142954,143001,142927,142936,142952,142922,142930,142938,142942,142948,142955,142934,142942
143001,143015,143028,143034,143077,143008,143020,143030,143002,143012,143016,143016,143025,143035,143016,143029
143077,143094,143109,143115,143155,143086,143103,143112,143081,143089,143097,143100,143107,143115,143093,143100
143155,143170,143188,143191,143232,143163,143179,143190,143158,143167,143175,143178,143185,143194,143170,143178
143232,143247,143266,143273,143310,143241,143253,143268,143235,143244,143255,143255,143263,143272,143248,143255
143310,143324,143340,143347,143384,143318,143327,143342,143313,143322,143333,143333,143336,143347,143325,143333
143384,143397,143415,143423,143456,143391,143401,143418,143386,143394,143402,143406,143413,143422,143398,143406
143456,143470,143490,143497,143529,143463,143473,143492,143458,143467,143477,143482,143488,143497,143471,143479
143529,143544,143559,143570,143602,143538,143547,143562,143533,143541,143550,143550,143556,143571,143544,143550
143602,143618,143634,143642,143701,143611,143622,143637,143606,143615,143619,143619,143631,143642,143619,143638
143701,143714,143745,143756,143807,143749,143764,143775,143743,143753,,,143743,,143757,
143807,143825,143844,143848,143879,143818,143829,143836,143812,143821,143831,143836,143842,143850,143825,143833
143879,143894,143910,143913,143946,143886,143904,143912,143881,143890,143898,143901,143908,143915,143893,143901
143946,143964,143981,143985,144023,143957,143976,143983,143951,143960,143967,143973,143979,143986,143963,143970
144023,144036,144063,144080,144121,144105,,,144024,144033,144045,144053,144073,144081,144036,144049
144121,144139,144180,144188,144240,144183,144192,144209,144178,144186,,,144178,,144190,
144240,144318,144344,,144368,144301,144322,,144251,144260,144269,144317,144351,144361,144264,144311
144368,144431,144445,144446,144484,144397,144431,144433,144391,144400,144407,144424,144432,144433,144403,144420
144484,144557,144591,144598,144640,144505,144570,144577,144540,144550,144551,144558,144573,144581,144550,144555
144640,144697,144717,,144730,144665,144697,144720,144659,144669,144680,144697,144716,144723,144672,144693
144730,144744,144761,144763,144804,144737,144748,144762,144732,144741,144750,144752,144759,144767,144744,144752
144804,144820,144835,144842,144873,144811,144827,144836,144806,144815,144823,144823,144832,144840,144818,144823
144873,144892,144905,144909,144947,144882,144900,144909,144876,144886,144894,144894,144903,144915,144889,144894
144947,144970,144994,,145012,144956,144976,,144950,144959,144967,144970,144977,144983,144962,144970
145012,145043,145054,145061,145101,145032,145049,145057,145026,145035,145042,145045,145052,145061,145038,145045
145101,145138,145157,,145176,145107,145143,145160,145102,145110,145118,145138,145155,145163,145113,145133
145176,145195,145206,145209,145253,145183,145202,145209,145178,145187,145196,145196,145204,145214,145190,145196
145253,145271,145283,145291,145329,145261,145275,145286,145255,145265,145274,145274,145281,145292,145274,145286
145329,145348,145362,145370,145407,145339,145356,145366,145333,145342,145349,145349,145359,145372,145345,145349
145407,145423,145438,145445,145481,145415,145427,145441,145410,145419,145423,145423,145434,145446,145423,145442
145481,145500,145514,145519,145556,145490,145508,145516,145484,145493,145502,145502,145511,145520,145496,145502
145556,145574,145587,145596,145635,145564,145582,145591,145559,145568,145575,145577,145585,145597,145571,145577
145635,145673,145690,145695,145713,145642,145683,145694,145636,145645,145660,145670,145689,145698,145648,145664
145713,145728,145744,145751,145789,145720,145739,145747,145715,145723,145731,145735,145742,145751,145727,145735
145789,145805,145820,145826,145862,145796,145811,145823,145791,145800,145803,145803,145818,145827,145803,145823
145862,145879,145896,145900,145938,145870,145889,145899,145865,145874,145883,145883,145893,145903,145877,145883
145938,145954,145968,145976,146016,145946,145961,145971,145941,145949,145958,145958,145966,145977,145952,145958
146016,146034,146045,146053,146120,146102,,,146018,146027,146035,146035,146043,146055,146030,146035
146120,146133,146156,146148,146177,146128,146139,146147,146122,146132,146136,146136,146142,146147,146136,146144
146177,146214,146233,146237,146256,146185,146224,146236,146180,146188,146204,146213,146232,146240,146192,146208
146256,146271,146279,146295,146336,146264,146274,146281,146259,146268,146271,146271,146277,146281,146271,146278
146336,146353,146368,146374,146417,146344,146361,146370,146339,146347,146354,146356,146365,146374,146350,146356
146417,146431,146446,146455,146495,146424,146437,146450,146418,146427,146437,146437,146444,146454,146430,146437
146495,146510,146526,146532,146572,146503,146513,146528,146497,146506,146515,146518,146524,146532,146510,146518
146572,146587,146604,146611,146650,146580,146590,146607,146575,146584,146592,146596,146602,146613,146587,146596
146650,146664,146682,146686,146698,146658,146666,146674,146652,146661,146665,146665,146669,146674,146665,146671
146698,146718,146733,146741,146806,146736,146744,146739,146701,146709,146712,146720,146730,146739,146711,146716
146806,146819,146851,146854,146880,146813,146823,146831,146808,146816,146820,146820,146825,146831,146820,146828
146880,146897,146910,146913,146941,146889,146904,146912,146883,146892,146899,146899,146908,146916,146895,146899
146941,146974,146987,146994,147060,146965,146982,146990,146960,146968,146976,146978,146985,146997,146971,146978
147060,147076,147119,147110,147143,147123,,,147059,147072,147085,147090,147105,147110,147074,147087
147143,147157,147166,147169,147195,147151,147161,147168,147144,147156,147160,147160,147164,147170,147160,147167
147195,147211,147227,147229,147273,147202,147222,147229,147196,147206,147214,147217,147225,147232,147210,147217
147273,147290,147306,147311,147353,147282,147301,147309,147277,147286,147294,147297,147304,147313,147289,147297
147353,147370,147392,147396,147414,147364,147373,147381,147359,147368,147372,147372,147376,147384,147372,147380
147414,147445,147464,147475,147497,147439,147453,147469,147414,147421,147424,147444,147463,147472,147423,147440
147497,147525,147532,147537,147587,147518,147527,147535,147513,147522,147526,147526,147530,147536,147526,147533
147587,147600,147615,147620,147647,147595,147606,147619,147591,147599,147609,147609,147613,147627,147602,147609
147647,147693,147712,,147736,147668,147703,,147661,147672,147679,147699,147712,147719,147675,147693
147736,147796,147812,147822,147884,147743,147804,147815,147737,147745,147753,147799,147810,147818,147748,147795
147884,147922,147938,,147956,147891,147929,147943,147885,147894,147902,147920,147938,147947,147897,147916
147956,147983,148014,,148035,147965,147999,148005,147959,147968,147975,147982,148000,148005,147971,147978
148035,148074,148090,148093,148115,148042,148078,148083,148036,148045,148052,148072,148080,148083,148048,148068
148115,148130,148145,148153,148196,148122,148138,148148,148117,148125,148133,148134,148142,148154,148128,148134
148196,148211,148225,148232,148273,148203,148218,148228,148197,148206,148214,148214,148223,148232,148209,148214
148273,148289,148308,148312,148355,148282,148292,148310,148277,148286,148294,148300,148306,148313,148290,148297
148355,148369,148389,148395,148437,148363,148372,148377,148357,148366,148373,148379,148387,148395,148369,148376
148437,148451,148468,148479,148517,148445,148455,148472,148440,148448,148458,148458,148465,148478,148452,148458
148517,148530,148548,148555,148590,148524,148540,148550,148519,148527,148535,148538,148545,148554,148531,148538
148590,148610,148623,148629,148666,148599,148618,148626,148594,148602,148610,148614,148621,148629,148606,148611
148666,148680,148700,148708,148739,148673,148692,148702,148668,148676,148684,148689,148697,148707,148680,148686
148739,148755,148773,148777,148812,148747,148768,148777,148741,148750,148757,148763,148771,148784,148753,148760
148812,148833,148844,148850,148883,148819,148839,148847,148813,148822,148829,148834,148842,148850,148825,148831
148883,148899,148920,148923,148960,148892,148916,148923,148887,148895,148904,148911,148918,148926,148899,148908
148960,148987,148997,148998,149034,148970,148993,148998,148965,148974,148982,148988,148994,149001,148978,148985
149034,149060,149081,149083,149124,149053,149066,149082,149047,149056,149070,149074,149079,149086,149060,149074
149124,149139,149157,149159,149183,149132,149152,149158,149126,149135,149143,149149,149155,149164,149139,149146
149183,149215,149233,149237,149277,149207,149227,149236,149202,149211,149221,149224,149232,149239,149215,149224
149277,149294,149313,149319,149356,149286,149307,149317,149280,149291,149299,149304,149312,149321,149294,149301
149356,149372,149390,149398,149433,149365,149376,149380,149360,149369,149377,149381,149388,149397,149372,149381
149433,149447,149466,149474,149501,149441,149451,149469,149435,149445,149453,149457,149465,149474,149448,149457
149501,149521,149539,149547,149582,149514,149525,149543,149509,149518,149526,149530,149537,149546,149522,149530
149582,149597,149632,149620,149655,149588,149608,149620,149583,149591,149600,149602,149611,149623,149595,149602
149655,149670,149687,149690,149727,149663,149680,149689,149658,149666,149674,149677,149685,149693,149669,149677
149727,149742,149758,149766,149794,149734,149749,149761,149729,149738,149747,149747,149755,149765,149741,149747
149794,149809,149825,149829,149858,149802,149818,149828,149796,149805,149813,149814,149822,149829,149808,149814
149858,149875,149894,149900,149929,149868,149887,149896,149863,149871,149879,149884,149891,149900,149875,149884
149929,149948,149963,149965,149998,149937,149956,149964,149931,149940,149947,149952,149960,149968,149943,149952
149998,150015,150034,150039,150070,150005,150021,150036,149999,150008,150025,150028,150032,150040,150011,150015
150070,150086,150104,150110,150148,150078,150097,150106,150072,150081,150088,150093,150101,150110,150084,150093
150148,150164,150185,150189,150229,150157,150178,150188,150152,150161,150169,150174,150183,150191,150164,150171
150229,150247,150265,150270,150302,150240,150257,150267,150235,150244,150252,150254,150263,150270,150247,150254
150302,150323,150342,150350,150383,150317,150329,150345,150312,150321,150332,150332,150340,150348,150325,150332
150383,150400,150414,150422,150460,150392,150408,150419,150386,150395,150404,150404,150411,150426,150399,150404
150460,150473,150491,150494,150535,150467,150476,150484,150462,150470,150474,150474,150479,150484,150474,150481
150535,150550,150571,150579,150612,150543,150553,150574,150538,150547,150555,150562,150569,150577,150551,150558
150612,150628,150645,150662,150688,150622,150638,150648,150617,150625,150632,150635,150642,150649,150628,150635
150688,150706,150719,150725,150764,150698,150712,150722,150693,150702,150706,150706,150716,150726,150706,150721
150764,150779,150813,150799,150840,150772,150782,150786,150766,150775,150783,150788,150794,150804,150778,150785
150840,150855,150873,150875,150920,150848,150868,150875,150842,150851,150859,150865,150871,150878,150855,150862
150920,150936,150951,150958,151003,150927,150944,150954,150922,150931,150939,150939,150948,150957,150934,150939
151003,151019,151033,151040,151085,151011,151027,151036,151005,151014,151023,151023,151031,151040,151017,151023
151085,151103,151119,151123,151169,151094,151113,151121,151089,151097,151105,151109,151116,151124,151100,151109
151169,151187,151202,151212,151254,151178,151196,151208,151172,151181,151189,151191,151200,151214,151184,151191
151254,151272,151288,151291,151341,151264,151281,151290,151258,151268,151278,151278,151286,151294,151271,151278
151341,151360,151372,151377,151427,151349,151367,151375,151343,151352,151360,151362,151370,151379,151355,151362
151427,151442,151457,151463,151509,151434,151450,151459,151429,151437,151446,151447,151454,151461,151441,151447
151509,151525,151539,151545,151593,151518,151531,151542,151512,151521,151530,151530,151537,151545,151524,151530
151593,151610,151626,151631,151677,151601,151621,151628,151595,151604,151612,151617,151623,151631,151608,151614
151677,151692,151710,151718,151765,151685,151696,151702,151680,151689,151697,151702,151708,151716,151693,151702
151765,151780,151796,151799,151852,151772,151792,151799,151767,151775,151782,151788,151794,151801,151778,151785
151852,151867,151882,151888,151935,151859,151877,151885,151854,151862,151870,151874,151880,151888,151866,151874
151935,151950,151967,151975,152022,151943,151954,151958,151938,151947,151954,151959,151965,151977,151950,151956
152022,152038,152056,152060,152112,152030,152041,152046,152025,152034,152042,152048,152054,152061,152038,152045
152112,152128,152144,152153,152198,152120,152138,152147,152115,152124,152131,152134,152141,152149,152127,152134
152198,152213,152227,152237,152276,152206,152219,152230,152200,152209,152217,152217,152224,152239,152212,152217
152276,152315,152332,,152352,152285,152324,152335,152280,152288,152296,152320,152345,152344,152292,152312
152352,152395,152406,,152435,152364,152402,152422,152358,152367,152374,152380,152416,152424,152370,152377
152435,152450,152467,152475,152520,152443,152461,152471,152438,152446,152453,152458,152465,152476,152449,152458
152520,152534,152542,152551,152607,152527,152537,152545,152521,152531,152534,152534,152539,152545,152534,152542
152607,152621,152639,152647,152694,152615,152633,152642,152609,152618,152626,152631,152638,152647,152622,152628
152694,152708,152729,152732,152786,152772,,,152696,152705,152714,152718,152727,152735,152708,152718
152786,152799,152820,152825,152897,152884,,,152789,152797,152805,152811,152818,152826,152801,152808
152897,152914,152932,152934,152959,152908,152921,152933,152904,152913,152923,152923,152930,152936,152917,152923
152959,152974,152992,152999,153041,152966,152978,152995,152960,152970,152979,152983,152989,152999,152974,152983
153041,153062,153098,153083,153132,153054,153067,153083,153049,153058,153067,153069,153079,153087,153061,153069
153132,153147,153166,153158,153215,153141,153150,153157,153135,153144,153148,153148,153153,153159,153148,153156
153215,153232,153245,153258,153295,153224,153236,153250,153219,153228,153232,153232,153242,153257,153232,153247
153295,153308,153326,153330,153369,153302,153320,153329,153296,153305,153313,153317,153324,153331,153309,153317
153369,153407,153443,153452,153476,153378,153413,153426,153372,153381,153397,153406,153418,153427,153384,153401
153476,153529,153552,,153571,153516,153536,,153511,153520,153527,153534,153552,153557,153523,153530
153571,153601,153610,153616,153651,153586,153606,153613,153581,153590,153596,153600,153608,153623,153593,153600
153651,153689,153698,153706,153725,153658,153693,153705,153653,153661,153668,153688,153697,153712,153664,153684
153725,153740,153758,153764,153787,153733,153751,153759,153727,153736,153744,153748,153755,153765,153740,153748
153787,153813,153829,153842,153860,153807,153822,153838,153802,153811,153818,153818,153832,153841,153814,153818
153860,153887,153902,153905,153942,153879,153897,153905,153874,153883,153893,153893,153900,153908,153886,153893
153942,153959,153976,153978,154018,153951,153971,153978,153946,153955,153963,153968,153974,153981,153958,153965
154018,154034,154049,154056,154096,154027,154038,154052,154021,154030,154039,154041,154047,154056,154033,154041
154096,154114,154129,154134,154178,154105,154124,154131,154099,154109,154116,154120,154127,154134,154112,154120
154178,154195,154211,154216,154257,154186,154204,154213,154181,154189,154199,154201,154208,154217,154193,154201
154257,154273,154289,154293,154336,154267,154279,154292,154261,154270,154274,154274,154286,154296,154274,154291
154336,154352,154367,154377,154408,154344,154359,154371,154339,154347,154356,154356,154364,154377,154351,154356
154408,154423,154439,154445,154479,154416,154429,154441,154411,154419,154429,154429,154436,154445,154423,154429
154479,154502,154513,154515,154550,154487,154508,154515,154481,154490,154497,154503,154511,154518,154493,154500
154550,154565,154581,154587,154618,154557,154576,154584,154551,154560,154567,154572,154579,154587,154563,154569
154618,154639,154651,154657,154691,154627,154645,154654,154622,154631,154637,154641,154648,154657,154633,154641
154691,154706,154726,154730,154768,154698,154720,154729,154693,154701,154709,154715,154724,154732,154704,154711
154768,154791,154802,154805,154849,154776,154796,154804,154770,154779,154785,154792,154800,154807,154782,154789
154849,154875,154885,154890,154932,154861,154880,154887,154855,154864,154870,154876,154883,154891,154867,154873
154932,154952,154967,154972,155022,154943,154962,154970,154938,154947,154954,154958,154965,154973,154950,154958
155022,155045,155055,155058,155107,155029,155049,155057,155024,155032,155039,155045,155053,155060,155036,155042
155107,155125,155144,155149,155196,155118,155138,155146,155113,155121,155129,155135,155142,155151,155125,155132
155196,155211,155231,155238,155280,155204,155224,155233,155199,155208,155215,155221,155229,155237,155211,155218
155280,155295,155312,155317,155362,155287,155305,155315,155281,155290,155299,155300,155310,155318,155293,155300
155362,155375,155396,155384,155439,155369,155378,155384,155364,155372,155375,155375,155380,155387,155375,155383
155439,155455,155471,155476,155513,155448,155459,155473,155442,155451,155461,155461,155468,155478,155455,155461
155513,155528,155545,155550,155583,155521,155539,155548,155516,155524,155531,155535,155543,155553,155527,155535
155583,155610,155618,155619,155654,155591,155614,155619,155585,155594,155602,155609,155615,155623,155598,155605
155654,155693,155706,,155727,155661,155699,155710,155656,155664,155672,155692,155705,155714,155667,155688
155727,155749,155774,155760,155805,155735,155754,155760,155729,155738,155746,155748,155756,155764,155741,155748
155805,155821,155837,155840,155878,155813,155833,155840,155807,155816,155823,155828,155835,155843,155819,155825
155878,155911,155916,155918,155962,155892,155902,155907,155887,155896,155903,155909,155914,155921,155899,155906
155962,156004,156028,,156042,155969,156012,,155963,155972,155980,156001,156032,156035,155975,155997
156042,156065,156074,156076,156124,156050,156070,156076,156044,156053,156059,156065,156072,156079,156056,156062
156124,156159,156180,156186,156213,156133,156164,156170,156127,156137,156145,156160,156165,156170,156140,156157
156213,156228,156245,156251,156265,156221,156230,156247,156215,156224,156232,156235,156241,156254,156227,156235
156265,156311,156321,,156346,156307,156316,156333,156302,156311,156320,156322,156327,156336,156314,156322
156346,156398,156412,156418,156460,156388,156406,156414,156382,156391,156398,156402,156410,156420,156394,156402
156460,156475,156514,156499,156536,156467,156479,156484,156461,156471,156480,156485,156492,156504,156475,156482
156536,156552,156570,156574,156613,156545,156565,156572,156539,156548,156557,156561,156567,156576,156552,156561
156613,156628,156646,156653,156692,156622,156631,156638,156617,156625,156628,156628,156633,156638,156628,156635
156692,156707,156725,156733,156768,156700,156718,156726,156695,156704,156711,156716,156722,156730,156707,156713
156768,156781,156798,156805,156831,156775,156784,156790,156769,156778,156781,156781,156785,156790,156781,156787
156831,156859,156873,156876,156920,156850,156868,156876,156845,156854,156862,156864,156871,156879,156857,156864
156920,156934,156952,156958,156981,156928,156939,156954,156923,156931,156942,156942,156949,156958,156935,156942
156981,157012,157028,157040,157079,157006,157015,157030,157001,157009,157017,157021,157026,157033,157013,157021
157079,157093,157110,157121,157156,157086,157096,157114,157081,157090,157099,157103,157108,157123,157094,157100
157156,157171,157189,157197,157236,157164,157183,157193,157159,157167,157175,157180,157187,157196,157170,157177
157236,157276,157286,,157318,157243,157281,157303,157238,157246,157254,157276,157297,157304,157250,157272
157318,157331,157349,157357,157400,157324,157342,157352,157319,157327,157335,157339,157347,157356,157331,157339
157400,157416,157433,157435,157481,157408,157428,157435,157402,157412,157420,157424,157431,157438,157416,157424
157481,157499,157513,157519,157561,157489,157507,157516,157483,157492,157500,157502,157510,157521,157495,157502
157561,157601,157612,,157645,157570,157607,157625,157564,157573,157582,157602,157619,157625,157576,157598
157645,157660,157667,157671,157723,157653,157663,157670,157648,157656,157660,157660,157664,157670,157660,157667
157723,157741,157755,157760,157798,157732,157750,157758,157726,157735,157745,157745,157753,157761,157739,157745
157798,157814,157829,157836,157872,157806,157824,157833,157801,157810,157818,157820,157828,157839,157813,157820
157872,157889,157904,157909,157947,157880,157899,157907,157874,157883,157890,157894,157901,157914,157886,157894
157947,157962,157978,157982,158021,157955,157972,157980,157949,157958,157967,157969,157975,157983,157961,157969
158021,158060,158075,,158094,158029,158067,158078,158023,158032,158050,158058,158073,158080,158036,158054
158094,158109,158122,158128,158163,158101,158117,158125,158095,158104,158111,158112,158120,158128,158106,158112
158163,158180,158195,158200,158238,158171,158190,158198,158166,158174,158181,158186,158193,158201,158177,158183
158238,158257,158288,158272,158318,158246,158264,158272,158240,158249,158256,158259,158267,158278,158252,158259
158318,158335,158352,158355,158399,158327,158346,158353,158322,158330,158338,158342,158349,158357,158333,158342
158399,158418,158432,158439,158483,158409,158424,158436,158404,158413,158423,158423,158429,158441,158416,158423
158483,158498,158514,158521,158565,158492,158502,158516,158487,158495,158505,158505,158511,158520,158498,158505
158565,158580,158595,158601,158642,158572,158584,158598,158567,158576,158579,158579,158591,158603,158579,158600
158642,158657,158671,158678,158708,158650,158662,158674,158645,158654,158659,158659,158668,158679,158659,158673
158708,158729,158747,158750,158787,158722,158733,158740,158717,158726,158730,158730,158735,158740,158730,158737
158787,158824,158844,,158858,158794,158831,158849,158789,158797,158806,158822,158844,158851,158801,158817
158858,158873,158889,158895,158929,158865,158883,158891,158860,158869,158876,158880,158887,158894,158872,158880
158929,158947,158963,158967,159007,158939,158959,158966,158934,158943,158950,158955,158961,158968,158946,158955
159007,159022,159037,159043,159084,159015,159025,159039,159010,159019,159027,159029,159035,159042,159022,159029
159084,159098,159116,159118,159160,159091,159112,159118,159085,159094,159102,159107,159114,159121,159097,159104
159160,159176,159193,159195,159241,159169,159179,159195,159163,159172,159180,159185,159191,159197,159176,159182
159241,159258,159274,159280,159346,159250,159267,159276,159245,159254,159262,159265,159272,159280,159257,159265
159346,159361,159380,159382,159397,159356,159366,159381,159351,159360,159372,159372,159375,159385,159364,159372
159397,159412,159432,159434,159455,159405,159417,159420,159400,159409,159412,159412,159418,159420,159412,159419
159455,159486,159491,159494,159538,159478,159497,159503,159473,159481,159489,159494,159500,159508,159485,159491
159538,159558,159587,159596,159616,159550,159568,159575,159545,159553,159561,159565,159571,159578,159556,159565
159616,159630,159649,159656,159680,159623,159643,159652,159617,159626,159635,159640,159648,159657,159630,159637
159680,159703,159716,159728,159764,159696,159710,159718,159691,159699,159714,159719,159724,159730,159702,159709
159764,159778,159785,159805,159822,159772,159781,159787,159767,159776,159779,159779,159783,159789,159779,159786
159822,159855,159869,159874,159907,159848,159860,159873,159843,159851,159855,159855,159868,159876,159855,159873
159907,159929,159943,159953,159985,159922,159934,159946,159917,159925,159933,159933,159940,159952,159928,159933
159985,159999,160014,160022,160052,159993,160003,160017,159989,159997,160006,160006,160012,160022,160000,160006
160052,160065,160082,160090,160111,160059,160069,160085,160054,160063,160071,160075,160081,160089,160066,160075
160111,160131,160147,160152,160179,160124,160141,160150,160119,160127,160134,160138,160145,160153,160130,160138
160179,160194,160243,160257,160304,160248,160257,160251,160181,160190,160206,160215,160242,160251,160193,160211
160304,160327,160353,160339,160372,160311,160335,160339,160305,160314,160321,160328,160336,160344,160317,160324
160372,160395,160404,160405,160447,160379,160399,160405,160373,160381,160388,160393,160401,160409,160384,160390
160447,160471,160480,160482,160530,160456,160476,160482,160450,160459,160465,160470,160478,160486,160462,160467
160530,160552,160562,160567,160616,160538,160557,160564,160533,160541,160548,160552,160560,160568,160544,160552
160616,160634,160649,160654,160701,160624,160660,160671,160618,160628,160646,160655,160664,160674,160631,160651
160701,160721,160735,160741,160787,160712,160729,160737,160707,160715,160722,160726,160733,160741,160718,160726
160787,160801,160815,160825,160848,160794,160807,160819,160789,160798,160807,160807,160813,160825,160801,160807
160848,160875,160890,160893,160931,160868,160882,160892,160863,160872,160882,160882,160888,160895,160876,160882
160931,160948,160964,160954,161001,160939,160949,160954,160933,160943,160946,160946,160950,160956,160946,160953
161001,161015,161033,161036,161068,161008,161029,161036,161003,161011,161019,161024,161031,161041,161015,161021
161068,161090,161101,161105,161136,161076,161095,161102,161070,161079,161085,161091,161098,161105,161082,161088
161136,161160,161169,161171,161213,161145,161165,161171,161139,161148,161155,161160,161167,161174,161151,161157
161213,161235,161245,161249,161294,161220,161240,161248,161215,161223,161230,161235,161242,161251,161226,161232
161294,161309,161325,161333,161376,161301,161313,161328,161296,161305,161314,161316,161323,161333,161308,161316
161376,161392,161406,161433,161460,161385,161398,161407,161379,161388,161397,161397,161403,161410,161391,161397
161460,161476,161490,161497,161537,161468,161482,161493,161463,161471,161480,161480,161487,161498,161475,161480
161537,161552,161566,161572,161609,161545,161556,161568,161539,161548,161558,161558,161563,161572,161552,161558
161609,161623,161638,161643,161678,161616,161626,161640,161610,161619,161628,161629,161635,161643,161622,161629
161678,161695,161709,161714,161746,161686,161704,161711,161680,161690,161698,161700,161707,161714,161693,161700
161746,161762,161780,161782,161816,161753,161774,161782,161748,161757,161764,161770,161777,161787,161760,161767
161816,161837,161852,161855,161891,161823,161846,161854,161817,161826,161835,161840,161850,161858,161829,161837
161891,161916,161925,161930,161975,161899,161920,161927,161893,161902,161909,161915,161922,161930,161906,161912
161975,162013,162022,162025,162059,161982,162018,162024,161976,161985,161991,161996,162020,162026,161988,161996
162059,162075,162090,162099,162144,162067,162084,162093,162062,162070,162079,162080,162089,162096,162073,162080
162144,162159,162168,162175,162217,162151,162162,162171,162145,162154,162158,162158,162166,162176,162158,162171
162217,162236,162251,162257,162357,162228,162285,162297,162223,162232,162249,162257,162292,162301,162235,162253
162357,162372,162389,162391,162423,162366,162382,162390,162361,162369,162377,162379,162386,162395,162372,162379
162423,162450,162472,162459,162489,162432,162455,162459,162426,162435,162442,162449,162456,162463,162438,162445
162489,162513,162537,162522,162554,162496,162518,162522,162490,162499,162506,162512,162519,162527,162503,162509
162554,162575,162588,162590,162628,162562,162583,162590,162555,162565,162571,162571,162586,162593,162568,162571
162628,162653,162664,162666,162713,162636,162658,162666,162630,162638,162643,162650,162662,162669,162640,162646
162713,162737,162773,162790,162819,162721,162768,162779,162715,162724,162730,162735,162772,162779,162726,162732
162819,162839,162859,162864,162886,162835,162845,162852,162831,162839,162843,162843,162848,162852,162843,162850
162886,162923,162941,162945,162972,162894,162930,162944,162889,162898,162914,162923,162939,162947,162901,162918
162972,162987,163003,163012,163050,162979,162996,163006,162973,162982,162989,162993,163001,163010,162985,162993
163050,163065,163079,163082,163121,163058,163071,163082,163052,163061,163071,163071,163077,163086,163065,163071
163121,163140,163155,163163,163192,163130,163147,163157,163125,163134,163143,163143,163152,163163,163137,163143
163192,163215,163240,163227,163257,163201,163223,163227,163195,163204,163211,163217,163224,163230,163207,163214
163257,163280,163291,163296,163325,163267,163285,163293,163261,163270,163277,163280,163288,163297,163273,163280
163325,163346,163357,163359,163390,163333,163352,163359,163326,163336,163342,163346,163354,163362,163339,163346
163390,163415,163423,163425,163464,163398,163419,163425,163392,163401,163407,163413,163421,163430,163404,163410
163464,163487,163495,163507,163541,163471,163490,163499,163465,163473,163480,163485,163492,163499,163476,163482
163541,163558,163571,163579,163619,163548,163565,163575,163542,163552,163559,163559,163569,163584,163554,163559
163619,163639,163650,163652,163710,163627,163644,163651,163622,163631,163637,163639,163647,163653,163633,163639
163710,163730,163763,163774,163827,163767,163785,163796,163761,163770,,,163761,,163774,
163827,163844,163861,163863,163894,163835,163857,163863,163829,163838,163847,163852,163859,163867,163842,163849
163894,163910,163933,163937,163963,163902,163925,163936,163896,163905,163914,163920,163931,163940,163909,163916
163963,163980,163996,164004,164034,163971,163989,164003,163965,163974,163983,163983,163993,164006,163977,163983
164034,164048,164084,164061,164106,164042,164052,164061,164036,164045,164049,164049,164055,164063,164049,164059
164106,164120,164138,164144,164173,164113,164132,164140,164107,164116,164124,164128,164135,164144,164120,164128
164173,164189,164246,164255,164339,164315,,,164310,164318,,,164244,,164321,
164339,164358,164376,164385,164399,164380,,,164338,164360,164368,164368,164374,164384,164368,164379
164399,164447,164466,164472,164494,164440,164456,164471,164434,164444,164460,164460,164465,164472,164448,164460
164494,164517,164532,164538,164559,164503,164525,164535,164498,164507,164514,164519,164531,164540,164510,164516
164559,164573,164592,164597,164623,164566,164586,164594,164560,164569,164577,164583,164590,164599,164572,164580
164623,164643,164673,164676,164695,164631,164658,164665,164625,164634,164650,164653,164659,164665,164637,164643
164695,164718,164729,164732,164772,164703,164723,164731,164697,164706,164713,164719,164726,164734,164709,164716
164772,164787,164806,164809,164851,164779,164800,164808,164774,164782,164790,164796,164804,164813,164785,164793
164851,164868,164880,164895,164925,164859,164872,164883,164853,164863,164871,164871,164878,164885,164866,164871
164925,164940,164960,164962,164986,164933,164954,164961,164928,164937,164945,164950,164958,164966,164940,164947
164986,165076,165106,165086,165182,165117,,,164999,165007,165015,165076,165084,165093,165010,165071
165182,165216,165236,165240,165276,165209,165230,165239,165205,165213,165221,165226,165234,165242,165216,165223
165276,165340,165360,165395,165436,165284,165353,165364,165278,165288,165296,165348,165358,165367,165292,165337
165436,165450,165467,165476,165508,165443,165453,165470,165437,165447,165454,165458,165465,165474,165450,165458
165508,165527,165543,165553,165584,165520,165530,165546,165515,165524,165535,165535,165541,165553,165528,165535
165584,165605,165617,,165636,165592,165612,165620,165584,165596,165602,165606,165633,165632,165598,165606
165636,165673,165683,165690,165709,165659,165677,165686,165654,165663,165670,165674,165682,165692,165666,165674
165709,165733,165743,,165765,165714,165737,165744,165723,165731,165740,165752,165762,165761,165735,165748
165765,165801,165810,165825,165923,165794,165849,165861,165789,165798,165809,165827,165856,165865,165802,165817
165923,165936,165954,165957,165994,165930,165948,165957,165924,165933,165940,165945,165951,165960,165936,165942
165994,166018,166027,166029,166070,166002,166023,166029,165996,166005,166012,166018,166025,166032,166008,166015
166070,166090,166102,166112,166155,166079,166097,166109,166074,166082,166091,166091,166100,166114,166086,166091
166155,166177,166186,166190,166238,166162,166181,166188,166157,166165,166173,166176,166183,166190,166168,166176
166238,166256,166272,166279,166357,166248,166265,166275,166242,166252,166261,166261,166269,166279,166255,166261
166357,166380,166413,166424,166490,166370,166388,166416,166363,166379,166392,166403,166411,166420,166385,166395
166490,166505,166572,166582,166647,166497,166539,166546,166492,166501,166511,166531,166571,166580,166505,166526
166647,166662,166680,166686,166727,166656,166671,166684,166651,166659,166669,166669,166678,166686,166663,166669
166727,166741,166758,166766,166799,166734,166749,166761,166729,166737,166747,166747,166756,166765,166741,166747
166799,166820,166832,166835,166875,166807,166828,166835,166802,166811,166819,166823,166830,166843,166814,166823
166875,166892,166924,166934,166954,166883,166905,166911,166877,166886,166894,166900,166907,166914,166890,166897
166954,166975,166985,166990,167034,166961,166980,166988,166955,166965,166972,166976,166983,166991,166968,166976
167034,167048,167082,167093,167118,167041,167051,167086,167036,167045,167053,167072,167080,167089,167048,167068
167118,167155,167172,167177,167199,167125,167163,167176,167118,167128,167136,167154,167170,167181,167132,167151
167199,167215,167222,167237,167280,167208,167218,167226,167202,167211,167215,167215,167220,167226,167215,167223
167280,167296,167311,167321,167363,167289,167304,167315,167284,167292,167300,167302,167309,167322,167295,167302
167363,167378,167394,167401,167442,167369,167388,167397,167364,167372,167380,167385,167393,167401,167375,167382
167442,167458,167471,167475,167521,167450,167463,167475,167445,167454,167457,167457,167468,167477,167457,167472
167521,167538,167554,167559,167597,167529,167548,167556,167524,167533,167541,167543,167551,167560,167536,167543
167597,167611,167626,167630,167696,167604,167614,167618,167599,167607,167615,167618,167623,167634,167610,167618
167696,167710,167737,167727,167746,167704,167716,167726,167695,167709,167719,167719,167723,167730,167713,167720
167746,167762,167805,167772,167821,167754,167765,167773,167748,167758,167762,167762,167767,167773,167762,167769
167821,167839,167856,167861,167900,167831,167842,167848,167826,167835,167843,167847,167854,167861,167838,167847
167900,167916,167934,167938,167979,167909,167919,167937,167904,167913,167921,167926,167931,167939,167916,167923
167979,167995,168013,168019,168061,167988,168008,168016,167983,167991,167999,168004,168011,168020,167995,168001
168061,168075,168096,168100,168130,168068,168078,168085,168063,168072,168076,168076,168081,168087,168076,168083
168130,168158,168176,168182,168221,168149,168162,168179,168144,168153,168164,168169,168175,168181,168157,168169
168221,168238,168253,168255,168275,168230,168242,168254,168224,168234,168243,168243,168250,168257,168238,168243
168275,168313,168332,168342,168372,168308,168321,168335,168303,168311,168319,168319,168330,168339,168314,168319
168372,168386,168401,168409,168431,168380,168391,168404,168375,168384,168394,168394,168399,168411,168387,168394
168431,168454,168470,168473,168499,168447,168459,168472,168442,168451,168461,168461,168468,168478,168454,168461
168499,168531,168542,168545,168576,168515,168537,168544,168510,168518,168525,168532,168541,168548,168521,168528
168576,168592,168610,168613,168649,168585,168605,168612,168579,168588,168596,168601,168608,168616,168592,168601
168649,168666,168683,168688,168727,168658,168678,168686,168653,168661,168669,168674,168682,168689,168665,168674
168727,168741,168758,168767,168806,168735,168745,168762,168729,168739,168746,168750,168756,168765,168742,168750
168806,168820,168839,168846,168874,168813,168832,168840,168808,168816,168824,168829,168836,168845,168820,168826
168874,168898,168918,168924,168966,168892,168900,168921,168887,168895,168903,168909,168916,168924,168898,168906
168966,168980,169000,169005,169045,168973,168993,169002,168967,168976,168984,168990,168998,169005,168979,168987
169045,169072,169082,169084,169130,169054,169078,169084,169049,169057,169065,169073,169080,169088,169061,169068
169130,169158,169167,169171,169213,169138,169163,169171,169132,169141,169149,169157,169165,169180,169145,169153
169213,169229,169235,169239,169288,169221,169231,169236,169216,169225,169228,169228,169232,169239,169228,169236
169288,169308,169329,169315,169355,169300,169311,169315,169295,169304,169307,169307,169312,169319,169307,169315
169355,169381,169400,169404,169436,169373,169395,169403,169368,169377,169384,169391,169398,169408,169380,169387
169436,169462,169471,169473,169504,169442,169468,169473,169437,169446,169454,169462,169469,169475,169449,169458
169504,169530,169542,169546,169575,169512,169536,169545,169507,169516,169524,169531,169540,169548,169519,169527
169575,169604,169614,169616,169650,169585,169609,169615,169580,169588,169596,169604,169612,169618,169592,169600
169650,169679,169710,169688,169726,169658,169684,169688,169653,169661,169669,169677,169685,169695,169665,169673
169726,169760,169789,,169804,169739,169765,,169733,169743,169751,169758,169766,169779,169746,169754
169804,169845,169871,,169890,169825,169858,,169819,169828,169835,169861,169871,169877,169831,169857
169890,169931,169960,,169975,169913,169935,,169907,169917,169925,169931,169936,169940,169920,169927
169975,170015,170045,170023,170058,169995,170020,170023,169990,169999,170007,170014,170021,170028,170002,170010
170058,170101,170131,,170146,170082,170114,,170077,170085,170093,170100,170143,170142,170088,170096
170146,170188,170200,,170237,170171,170204,,170166,170175,170183,170190,170224,170230,170178,170186
170237,170279,170300,,170325,170259,170293,170303,170254,170263,170271,170280,170317,170316,170266,170276
170325,170362,170391,,170412,170343,170371,170381,170338,170347,170355,170362,170372,170381,170350,170359
170412,170439,170465,170451,170481,170420,170446,170451,170415,170424,170431,170439,170448,170455,170427,170435
170481,170534,170554,170560,170593,170491,170545,170556,170485,170494,170501,170536,170552,170560,170497,170533
170593,170635,170687,170655,170749,170625,170649,170655,170620,170629,170638,170644,170651,170658,170633,170641
170749,170773,170788,170793,170820,170757,170780,170792,170751,170759,170766,170773,170785,170794,170762,170769
170820,170833,170858,170864,170879,170826,170836,170843,170821,170829,170833,170833,170838,170848,170833,170844
170879,170921,170949,,170969,170902,170927,,170897,170905,170913,170921,170928,170937,170909,170916
170969,171005,171012,171014,171058,170984,171010,171014,170979,170987,170994,171002,171011,171023,170990,170998
171058,171086,171098,171101,171132,171067,171093,171100,171062,171071,171079,171087,171096,171104,171074,171083
171132,171172,171195,171180,171218,171152,171178,171180,171147,171156,171163,171171,171179,171185,171159,171167
171218,171257,171269,171272,171308,171239,171264,171271,171234,171243,171250,171257,171267,171278,171246,171254
171308,171345,171359,,171394,171326,171354,171385,171320,171330,171339,171346,171379,171386,171333,171342
171394,171435,171445,171445,171483,171414,171442,171445,171408,171418,171428,171435,171443,171450,171421,171432
171483,171525,171552,,171572,171505,171539,,171499,171508,171516,171524,171553,171561,171512,171519
171572,171613,171623,171625,171659,171594,171618,171624,171589,171598,171606,171613,171621,171628,171602,171610
171659,171703,171737,,171756,171684,171721,,171678,171687,171695,171701,171736,171747,171691,171698
171756,171797,171809,,171843,171777,171803,171830,171772,171781,171789,171797,171826,171831,171784,171792
171843,171887,171900,171905,171941,171870,171894,171904,171865,171873,171880,171887,171898,171911,171876,171883
171941,171982,171993,171996,172026,171965,171987,171995,171959,171968,171976,171983,171991,172000,171972,171980
172026,172071,172082,,172114,172053,172078,172107,172047,172056,172066,172073,172103,172108,172059,172070
172114,172160,172173,,172211,172141,172167,172206,172135,172144,172152,172161,172201,172207,172148,172157
172211,172241,172251,172256,172289,172222,172244,172254,172216,172225,172233,172240,172248,172260,172229,172237
172289,172312,172343,172326,172357,172296,172319,172326,172291,172299,172306,172312,172321,172334,172302,172309
172357,172386,172431,172454,172503,172368,172421,172435,172361,172372,172380,172386,172430,172439,172375,172383
172503,172539,172571,172598,172627,172575,172582,172577,172516,172526,172532,172541,172569,172577,172529,172537
172627,172653,172676,,172696,172647,172656,172664,172642,172650,172653,172653,172657,172664,172653,172660
172696,172740,172787,172754,172821,172720,172745,172753,172714,172723,172732,172740,172748,172755,172727,172736
172821,172834,172860,172871,172935,172864,172874,172882,172858,172869,,,172858,,172873,
172935,172961,172971,172978,173017,172942,172966,172974,172937,172945,172953,172961,172969,172978,172949,172957
173017,173047,173055,173060,173102,173025,173051,173057,173019,173028,173037,173045,173053,173061,173032,173040
173102,173130,173142,173145,173182,173110,173136,173145,173105,173114,173122,173129,173140,173150,173117,173125
173182,173215,173226,173232,173272,173195,173222,173232,173190,173199,173207,173216,173225,173237,173202,173211
173272,173297,173324,173334,173353,173280,173299,173303,173275,173283,173290,173295,173300,173306,173286,173292
173353,173370,173392,173397,173435,173361,173385,173396,173355,173365,173373,173380,173391,173401,173368,173376
173435,173469,173477,173479,173522,173447,173474,173479,173441,173451,173460,173468,173476,173483,173455,173464
173522,173550,173560,173564,173611,173533,173556,173564,173527,173536,173544,173549,173558,173571,173539,173546
173611,173638,173649,173650,173690,173621,173646,173650,173615,173625,173635,173641,173647,173652,173628,173638
173690,173733,173764,173768,173795,173712,173748,173755,173706,173715,173723,173730,173749,173755,173718,173726
173795,173827,173836,173841,173879,173803,173830,173839,173798,173806,173816,173824,173834,173844,173810,173820
173879,173919,173947,173932,173980,173898,173925,173932,173893,173901,173911,173919,173927,173938,173905,173916
173980,174008,174019,174022,174068,173992,174015,174022,173986,173995,174004,174010,174017,174026,173999,174006
174068,174109,174123,174127,174162,174090,174118,174126,174084,174093,174104,174112,174121,174131,174097,174109
174162,174205,174239,174218,174258,174185,174212,174218,174179,174189,174197,174204,174213,174226,174193,174200
174258,174298,174316,174318,174360,174277,174312,174318,174272,174281,174289,174297,174314,174320,174284,174293
174360,174389,174399,174402,174429,174369,174395,174401,174363,174373,174382,174389,174397,174407,174378,174386
174429,174483,174497,,174529,174461,174491,174499,174456,174465,174473,174483,174520,174519,174469,174477
174529,174571,174592,174594,174639,174553,174588,174595,174547,174556,174564,174571,174590,174595,174560,174567
174639,174668,174676,174677,174724,174648,174672,174677,174642,174652,174660,174666,174673,174680,174656,174663
174724,174760,174790,,174812,174740,174766,,174734,174744,174753,174760,174767,174770,174749,174756
174812,174840,174855,174870,174902,174824,174849,174869,174818,174828,174836,174842,174855,174874,174831,174839
174902,174931,174941,174942,174989,174911,174937,174942,174906,174915,174923,174931,174939,174945,174918,174928
174989,175018,175028,175031,175073,174999,175024,175031,174993,175003,175011,175018,175026,175035,175007,175015
175073,175107,175167,175191,175251,175084,175127,175171,175077,175087,175096,175106,175166,175174,175090,175102
175251,175269,175289,175290,175318,175260,175286,175290,175255,175264,175274,175281,175287,175293,175267,175277
175318,175364,175428,175437,175494,175346,175372,175388,175340,175349,175355,175364,175378,175388,175352,175360
175494,175526,175533,175538,175591,175519,175529,175535,175514,175522,175526,175526,175531,175539,175526,175535
175591,175619,175627,175633,175670,175600,175623,175630,175595,175604,175612,175618,175625,175639,175607,175615
175670,175686,175705,175708,175742,175678,175700,175708,175671,175682,175691,175696,175703,175711,175686,175693
175742,175774,175788,175792,175829,175755,175782,175791,175749,175758,175766,175777,175786,175794,175761,175774
175829,175887,175898,175899,175919,175839,175886,175898,175834,175842,175849,175888,175896,175903,175845,175885
175919,175965,175982,,175998,175924,175969,175982,175933,175944,175954,175972,175980,175986,175949,175959
175998,176042,176076,176087,176142,176005,176068,176079,175999,176009,176017,176041,176074,176083,176012,176037
176142,176170,176180,176186,176214,176151,176174,176183,176146,176154,176162,176170,176178,176188,176158,176166
176214,176227,176251,176256,176285,176221,176244,176253,176215,176224,176233,176240,176249,176257,176228,176236
176285,176311,176324,176330,176361,176293,176317,176327,176288,176296,176303,176312,176322,176331,176299,176307
176361,176390,176400,176402,176443,176370,176396,176402,176364,176373,176380,176387,176398,176410,176376,176383
176443,176476,176483,176491,176532,176454,176479,176487,176449,176458,176466,176473,176481,176495,176461,176469
176532,176561,176572,176579,176622,176540,176568,176579,176535,176544,176551,176559,176570,176585,176547,176554
176622,176652,176661,176663,176706,176632,176656,176663,176626,176635,176642,176650,176659,176667,176638,176645
176706,176744,176775,176752,176801,176723,176749,176752,176718,176727,176735,176743,176750,176758,176730,176738
176801,176827,176836,176845,176884,176809,176831,176840,176804,176812,176820,176826,176834,176848,176816,176823
176884,176901,176924,176928,176961,176892,176918,176927,176887,176895,176903,176913,176922,176931,176899,176906
176961,177001,177011,177013,177058,176980,177006,177013,176974,176984,176992,177000,177008,177017,176987,176996
177058,177090,177098,177100,177145,177068,177094,177100,177063,177072,177080,177088,177096,177103,177076,177084
177145,177181,177189,177191,177238,177160,177184,177190,177155,177164,177173,177180,177187,177194,177168,177176
177238,177271,177280,177286,177326,177250,177276,177284,177244,177254,177263,177270,177278,177291,177258,177267
177326,177352,177359,177365,177425,177345,177355,177362,177339,177348,177352,177352,177357,177364,177352,177360
177425,177454,177465,177471,177509,177434,177459,177469,177428,177438,177446,177454,177463,177472,177442,177450
177509,177545,177555,177558,177610,177526,177550,177557,177521,177530,177539,177545,177553,177561,177534,177542
177610,177656,177670,,177695,177619,177664,177686,177614,177623,177631,177654,177680,177688,177626,177650
177695,177710,177742,177729,177761,177703,177725,177729,177698,177707,177716,177720,177726,177731,177711,177720
177761,177816,177845,177855,177901,177778,177829,177834,177772,177781,177789,177816,177832,177834,177785,177810
177901,177946,177981,177985,178040,177925,177975,177984,177919,177928,177936,177944,177979,177987,177932,177940
178040,178063,178090,178097,178166,178093,178101,178096,178042,178048,178049,178059,178088,178096,178048,178055
178166,178194,178215,178204,178239,178187,178198,178204,178181,178191,178195,178195,178199,178206,178195,178203
178239,178288,178361,178374,178448,178279,178322,178365,178274,178283,178293,178317,178359,178368,178286,178314
178448,178463,178487,178490,178522,178455,178482,178489,178450,178459,178466,178477,178486,178494,178462,178469
178522,178552,178571,178586,178619,178542,178564,178581,178536,178546,178559,178562,178570,178586,178548,178550
178619,178646,178659,178662,178707,178628,178653,178661,178622,178631,178641,178648,178657,178665,178635,178645
178707,178738,178746,178749,178795,178717,178742,178749,178711,178720,178729,178737,178744,178752,178724,178733
178795,178822,178831,178835,178886,178803,178827,178834,178797,178806,178814,178822,178829,178835,178810,178818
178886,178916,178925,178928,178978,178895,178922,178928,178889,178899,178906,178914,178924,178938,178902,178910
178978,179022,179043,,179065,178986,179033,179052,178981,178989,178998,179008,179042,179057,178993,179003
179065,179092,179100,179102,179153,179072,179096,179102,179066,179075,179083,179090,179098,179105,179078,179086
179153,179200,179217,,179239,179162,179207,179235,179156,179165,179175,179204,179230,179236,179169,179200
179239,179269,179282,179284,179319,179249,179276,179284,179244,179252,179261,179269,179280,179288,179256,179265
179319,179354,179362,179363,179402,179331,179359,179363,179325,179335,179346,179353,179360,179368,179339,179350
179402,179443,179470,179451,179499,179420,179448,179451,179414,179424,179432,179440,179449,179459,179427,179436
179499,179526,179535,179538,179578,179505,179529,179537,179500,179508,179516,179524,179533,179540,179512,179519
179578,179606,179616,179623,179664,179586,179612,179620,179581,179590,179598,179606,179615,179624,179593,179601
179664,179708,179719,,179747,179686,179715,179735,179664,179672,179680,179690,179730,179736,179676,179684
179747,179776,179785,179787,179823,179755,179781,179787,179749,179757,179766,179776,179783,179790,179761,179772
179823,179860,179872,179876,179916,179841,179866,179875,179836,179845,179852,179860,179870,179884,179848,179856
179916,179964,179978,,180002,179927,179970,179996,179921,179930,179938,179966,179993,179997,179934,179960
180002,180030,180041,180044,180075,180010,180034,180043,180004,180013,180021,180029,180039,180048,180016,180025
180075,180113,180149,180123,180164,180090,180121,180123,180085,180093,180101,180110,180122,180129,180097,180105
180164,180210,180243,,180257,180175,180223,,180169,180178,180187,180195,180243,180250,180182,180190
180257,180302,180320,,180341,180264,180308,180323,180259,180268,180275,180284,180319,180326,180271,180279
180341,180359,180379,180381,180414,180350,180374,180381,180345,180353,180361,180368,180376,180384,180357,180365
180414,180467,180490,,180499,180429,180468,,180424,180432,180442,180467,180497,180496,180436,180461
180499,180543,180569,180580,180635,180506,180561,180572,180533,180542,180553,180558,180567,180576,180545,180558
180635,180651,180675,180678,180707,180643,180670,180677,180637,180646,180655,180665,180673,180680,180649,180662
180707,180752,180766,,180787,180715,180757,180780,180708,180717,180724,180755,180776,180781,180721,180749
180787,180829,180846,180837,180873,180794,180834,180837,180788,180796,180804,180813,180835,180839,180800,180809
180873,180887,180911,180896,180933,180880,180890,180896,180875,180883,180886,180886,180891,180901,180886,180896
180933,180987,180998,,181038,180967,180994,180999,180961,180971,180980,181025,181035,181034,180974,181021
181038,181077,181100,181086,181135,181055,181084,181086,181050,181060,181069,181077,181085,181091,181063,181073
181135,181161,181170,181173,181225,181142,181166,181173,181136,181145,181152,181159,181168,181176,181148,181155
181225,181268,181292,,181324,181236,181284,181298,181230,181239,181249,181271,181291,181298,181242,181267
181324,181376,181385,,181424,181333,181381,181414,181327,181336,181345,181368,181409,181417,181340,181363
181424,181438,181462,181467,181505,181431,181455,181465,181426,181435,181444,181451,181460,181470,181439,181448
181505,181543,181553,181556,181607,181525,181547,181555,181519,181528,181536,181543,181551,181558,181531,181539
181607,181634,181647,181650,181691,181617,181642,181650,181612,181620,181628,181636,181645,181653,181624,181631
181691,181725,181732,181734,181778,181703,181729,181734,181697,181707,181716,181723,181731,181739,181711,181720
181778,181809,181820,181827,181866,181790,181816,181827,181784,181793,181801,181809,181819,181832,181796,181804
181866,181898,181909,181924,182003,181880,181904,181918,181874,181883,181890,181897,181907,181922,181886,181893
182003,182031,182056,182067,182127,182060,182082,182091,182054,182064,,,182054,,182067,
182127,182170,182181,182183,182223,182151,182176,182182,182146,182154,182162,182170,182179,182196,182157,182165
182223,182262,182324,182328,182394,182243,182268,182328,182237,182247,182256,182263,182322,182332,182252,182260
182394,182409,182430,182443,182467,182403,182416,182434,182397,182408,182421,182421,182428,182437,182413,182421
182467,182496,182506,182510,182544,182476,182501,182509,182470,182479,182486,182494,182504,182512,182482,182489
182544,182571,182581,182589,182627,182551,182575,182588,182546,182554,182562,182570,182579,182593,182558,182566
182627,182657,182666,182669,182720,182635,182662,182669,182629,182639,182650,182657,182664,182672,182644,182654
182720,182766,182802,,182816,182730,182770,,182723,182733,182746,182752,182771,182777,182736,182749
182816,182852,182858,182860,182914,182828,182855,182860,182822,182831,182843,182849,182856,182864,182834,182849
182914,182942,182953,182956,182991,182922,182949,182956,182916,182925,182933,182941,182951,182965,182928,182937
182991,183033,183045,183047,183091,183015,183041,183047,183010,183019,183029,183035,183043,183056,183022,183032
183091,183129,183138,183140,183188,183108,183133,183140,183103,183112,183120,183127,183136,183145,183115,183124
183188,183222,183252,183239,183282,183203,183235,183239,183196,183206,183214,183221,183236,183243,183210,183218
183282,183313,183323,183325,183367,183293,183318,183325,183287,183296,183305,183313,183321,183328,183300,183309
183367,183402,183413,183417,183455,183382,183409,183417,183376,183385,183392,183402,183412,183419,183388,183397
183455,183495,183506,183507,183544,183474,183502,183507,183468,183477,183484,183492,183504,183512,183480,183487
183544,183585,183597,,183629,183567,183591,183602,183561,183570,183579,183586,183624,183623,183574,183583
183629,183677,183705,,183732,183656,183684,,183651,183659,183668,183676,183685,183694,183663,183672
183732,183765,183776,183780,183817,183745,183771,183779,183739,183748,183757,183766,183774,183784,183751,183763
183817,183857,183881,183887,183910,183837,183866,183870,183831,183841,183850,183859,183867,183870,183845,183854
183910,183943,183951,183956,184005,183920,183947,183954,183914,183923,183932,183941,183949,183956,183927,183936
184005,184035,184044,184048,184093,184013,184040,184048,184007,184016,184023,184034,184043,184055,184019,184026
184093,184144,184174,,184194,184107,184155,184179,184102,184110,184120,184128,184173,184180,184114,184125
184194,184235,184261,,184272,184201,184243,184266,184195,184204,184211,184219,184261,184267,184207,184215
184272,184309,184323,,184357,184292,184318,184328,184286,184295,184303,184312,184352,184351,184299,184307
184357,184403,184414,184416,184462,184384,184410,184416,184379,184388,184396,184403,184412,184420,184391,184399
184462,184478,184502,184506,184554,184471,184493,184505,184466,184474,184482,184488,184500,184508,184478,184484
184554,184582,184594,184600,184645,184562,184590,184600,184556,184566,184575,184582,184592,184612,184570,184578
184645,184676,184686,184688,184727,184656,184682,184688,184650,184659,184667,184674,184684,184692,184663,184670
184727,184750,184770,184774,184825,184741,184765,184774,184735,184745,184754,184760,184768,184779,184748,184756
184825,184856,184865,184869,184917,184834,184860,184868,184829,184838,184847,184855,184863,184875,184842,184851
184917,184936,184959,184963,184999,184926,184954,184963,184920,184930,184941,184949,184957,184967,184933,184945
184999,185056,185077,,185101,185020,185064,185095,185015,185024,185033,185058,185090,185096,185028,185053
185101,185152,185175,,185195,185111,185160,185178,185104,185115,185123,185152,185174,185182,185119,185148
185195,185211,185234,185237,185267,185203,185229,185236,185197,185207,185217,185225,185232,185239,185210,185222
185267,185308,185331,185343,185392,185300,185315,185335,185295,185304,185319,185323,185329,185339,185308,185323
185392,185434,185461,,185483,185399,185450,185465,185408,185418,185427,185436,185460,185467,185422,185432
185483,185504,185522,185528,185554,185492,185516,185527,185486,185496,185505,185511,185520,185532,185500,185508
185554,185588,185607,185616,185655,185580,185601,185615,185575,185585,185593,185597,185606,185620,185588,185597
185655,185685,185697,185698,185748,185666,185694,185698,185661,185670,185680,185688,185695,185702,185674,185685
185748,185782,185790,185792,185837,185759,185787,185792,185753,185763,185773,185781,185789,185795,185767,185777
185837,185856,185876,185879,185930,185847,185872,185879,185841,185851,185861,185867,185874,185882,185854,185863
185930,185957,185988,185972,186023,185939,185968,185972,185933,185942,185952,185959,185969,185978,185946,185955
186023,186058,186068,186070,186116,186036,186065,186070,186029,186039,186047,186056,186066,186082,186042,186051
186116,186143,186155,186159,186204,186125,186149,186158,186118,186128,186136,186143,186153,186161,186132,186139
186204,186234,186245,186248,186297,186214,186241,,186208,186218,186229,186236,186243,186249,186220,186233
186297,186331,186341,186345,186399,186310,186337,186345,186304,186314,186324,186331,186339,186350,186318,186328
186399,186426,186439,186442,186477,186408,186433,186441,186402,186412,186421,186428,186437,186444,186416,186425
186477,186513,186535,,186565,186500,186514,186523,186494,186505,186509,186509,186515,186523,186509,186519
186565,186614,186635,186624,186679,186596,186621,186624,186590,186600,186608,186614,186622,186626,186604,186611
186679,186707,186723,186726,186772,186693,186717,186725,186687,186697,186706,186712,186722,186729,186701,186709
186772,186793,186833,186812,186864,186781,186808,186812,186775,186785,186795,186802,186809,186816,186789,186799
186864,186898,186915,186920,186972,186881,186910,186920,186875,186885,186895,186901,186914,186923,186888,186898
186972,187002,187012,187015,187060,186982,187008,187015,186975,186986,186995,187001,187010,187024,186991,186998
187060,187094,187106,187109,187160,187078,187101,187108,187071,187082,187090,187096,187104,187112,187085,187093
187160,187189,187200,187203,187254,187169,187196,187203,187162,187173,187183,187190,187198,187206,187178,187186
187254,187287,187300,187303,187351,187268,187296,187303,187261,187273,187283,187290,187298,187308,187277,187286
187351,187386,187398,187400,187448,187367,187394,187400,187361,187371,187379,187383,187396,187404,187374,187380
187448,187482,187492,187495,187537,187461,187488,187495,187455,187465,187474,187482,187491,187502,187469,187478
187537,187574,187586,187588,187637,187555,187581,187588,187549,187559,187567,187573,187584,187592,187563,187570
187637,187667,187677,187679,187727,187648,187673,187679,187641,187651,187660,187666,187675,187683,187655,187663
187727,187757,187770,187774,187818,187738,187765,187774,187732,187741,187751,187758,187769,187777,187745,187754
187818,187846,187860,187863,187905,187828,187853,187863,187822,187832,187840,187846,187858,187867,187836,187843
187905,187934,187949,187953,187989,187915,187943,187953,187909,187919,187928,187935,187948,187956,187922,187932
187989,188014,188028,188033,188066,187999,188021,188032,187992,188002,188010,188016,188026,188038,188006,188013
188066,188086,188107,188109,188154,188076,188102,188109,188070,188080,188089,188096,188105,188113,188083,188092
188154,188183,188198,188201,188239,188165,188192,188201,188159,188169,188178,188185,188196,188205,188173,188181
188239,188274,188287,188289,188336,188254,188282,188289,188248,188258,188268,188275,188285,188293,188262,188272
188336,188363,188376,188379,188420,188347,188372,188379,188341,188351,188361,188361,188374,188386,188354,188361
188420,188448,188465,188468,188511,188432,188457,188468,188426,188436,188444,188449,188463,188474,188439,188449
188511,188537,188555,188558,188601,188523,188549,188557,188517,188527,188536,188543,188553,188562,188530,188539
188601,188633,188654,,188679,188615,188647,188674,188609,188619,188627,188635,188669,188675,188622,188631
188679,188717,188753,188738,188784,188706,188731,188738,188700,188710,188720,188724,188734,188743,188714,188724
188784,188812,188821,188823,188875,188794,188818,188823,188788,188798,188806,188812,188819,188825,188802,188809
188875,188909,188919,188921,188971,188888,188915,188921,188883,188892,188901,188909,188917,188926,188896,188904
188971,189000,189011,189019,189068,188982,189006,189018,188976,188986,188994,189000,189009,189022,188989,188997
189068,189097,189110,189113,189156,189078,189105,189113,189072,189082,189090,189097,189108,189117,189086,189093
189156,189194,189231,189206,189260,189174,189202,189206,189168,189179,189188,189195,189203,189210,189183,189191
189260,189290,189305,189307,189344,189271,189302,189307,189264,189275,189284,189292,189303,189310,189278,189287
189344,189383,189395,189398,189443,189365,189391,189398,189358,189371,189380,189386,189393,189403,189376,189383
189443,189476,189490,189493,189538,189456,189485,189493,189450,189460,189469,189476,189488,189497,189464,189472
189538,189565,189576,189584,189629,189547,189572,189584,189542,189551,189560,189566,189580,189589,189555,189563
189629,189655,189672,189675,189723,189640,189664,189675,189633,189644,189653,189658,189670,189680,189648,189655
189723,189754,189766,189769,189817,189734,189761,189769,189728,189738,189749,189756,189764,189772,189742,189752
189817,189849,189862,189866,189907,189828,189858,189866,189822,189832,189844,189851,189860,189869,189839,189848
189907,189943,189953,189956,190008,189923,189950,189956,189917,189927,189938,189944,189952,189960,189933,189941
190008,190036,190047,190049,190102,190018,190044,190049,190012,190022,190032,190037,190045,190054,190025,190034
190102,190132,190164,190143,190194,190112,190138,190143,190106,190115,190124,190131,190139,190147,190119,190127
190194,190217,190234,190238,190283,190204,190229,190238,190198,190208,190218,190223,190232,190242,190212,190220
190283,190308,190324,190328,190376,190293,190320,190328,190286,190297,190308,190314,190323,190334,190304,190311
190376,190405,190418,190423,190468,190387,190413,190423,190380,190391,190400,190407,190416,190429,190396,190404
190468,190498,190510,190514,190559,190480,190505,190514,190474,190484,190493,190499,190508,190518,190487,190496
190559,190580,190600,190605,190646,190570,190596,190605,190564,190574,190585,190590,190599,190611,190578,190587
190646,190675,190687,190691,190737,190657,190682,190691,190650,190661,190670,190676,190685,190697,190665,190673
190737,190766,190780,190783,190826,190748,190776,190783,190741,190752,190762,190767,190778,190787,190756,190764
190826,190865,190889,190872,190914,190841,190868,190872,190834,190843,190851,190861,190869,190879,190847,190856
190914,190952,190978,,190997,190929,190957,,190922,190934,190943,190950,190958,190966,190938,190946
190997,191036,191046,191055,191096,191018,191043,191048,191012,191022,191030,191036,191044,191048,191026,191033
191096,191123,191137,191140,191182,191107,191132,191140,191101,191110,191117,191123,191135,191143,191113,191120
191182,191209,191227,191229,191263,191193,191222,191229,191188,191197,191205,191210,191225,191233,191200,191207
191263,191298,191312,191315,191360,191281,191308,191315,191275,191285,191293,191299,191310,191319,191288,191296
191360,191382,191398,191401,191483,191370,191393,191401,191364,191374,191382,191388,191396,191403,191377,191385
191483,191498,191524,,191539,191489,191512,191516,191483,191497,191505,191505,191513,191516,191500,191505
191539,191571,191594,191579,191619,191547,191576,191579,191541,191550,191558,191565,191577,191585,191554,191561
191619,191647,191653,191654,191701,191637,191649,191654,191632,191641,191645,191645,191650,191658,191645,191654
191701,191734,191740,191759,191798,191724,191748,191758,191718,191729,191738,191744,191752,191764,191733,191741
191798,191831,191845,191853,191886,191814,191840,191852,191808,191817,191825,191832,191845,191858,191820,191828
191886,191915,191936,191938,191984,191904,191930,191938,191898,191907,191916,191921,191934,191942,191911,191918
191984,192016,192024,192026,192071,191994,192020,192026,191987,191997,192008,192015,192022,192029,192003,192011
192071,192098,192109,192119,192148,192081,192104,192112,192075,192085,192094,192099,192107,192112,192089,192096
192148,192185,192199,192202,192243,192166,192194,192202,192161,192170,192178,192185,192197,192207,192173,192181
192243,192275,192286,192290,192329,192254,192282,192290,192248,192258,192266,192274,192285,192295,192261,192270
192329,192357,192367,192370,192409,192339,192363,192370,192333,192342,192350,192356,192365,192375,192346,192353
192409,192438,192450,192452,192494,192420,192446,192452,192414,192424,192433,192439,192448,192458,192427,192439
192494,192526,192537,192543,192670,192506,192583,192594,192500,192509,192518,192580,192589,192599,192513,192576
192670,192689,192707,192712,192744,192678,192701,192711,192673,192682,192690,192696,192706,192716,192685,192693
192744,192784,192798,192801,192842,192764,192793,192801,192758,192767,192775,192783,192796,192806,192771,192778
192842,192875,192885,192887,192925,192852,192881,192887,192846,192855,192865,192875,192883,192891,192859,192869
192925,192946,192969,192971,193012,192936,192963,192971,192930,192940,192948,192954,192967,192974,192943,192950
193012,193044,193052,193056,193099,193022,193048,193054,193016,193025,193035,193043,193050,193059,193030,193039
193099,193127,193137,193140,193180,193107,193133,193140,193101,193111,193120,193127,193135,193146,193114,193124
193180,193214,193239,193241,193261,193189,193216,193227,193183,193192,193202,193211,193217,193227,193196,193207
193261,193291,193306,193309,193347,193272,193300,193309,193266,193276,193286,193293,193304,193314,193280,193290
193347,193379,193388,193391,193434,193359,193384,193391,193353,193362,193371,193378,193386,193395,193366,193374
193434,193454,193473,193477,193515,193442,193467,193476,193437,193446,193455,193461,193471,193479,193449,193457
193515,193531,193538,193546,193593,193522,193534,193542,193517,193526,193530,193530,193536,193545,193530,193540
193593,193625,193636,193641,193679,193605,193631,193641,193599,193608,193617,193625,193635,193645,193612,193621
193679,193705,193717,193721,193755,193688,193711,193720,193682,193691,193700,193706,193715,193724,193695,193703
193755,193790,193802,193803,193838,193769,193798,193803,193764,193772,193781,193791,193800,193807,193776,193784
193838,193875,193885,193888,193929,193853,193880,193888,193848,193857,193866,193874,193883,193892,193861,193870
193929,193946,193967,193973,194004,193938,193960,193970,193932,193941,193950,193956,193965,193975,193945,193952
194004,194038,194049,194053,194092,194017,194045,194053,194012,194021,194030,194038,194047,194062,194025,194034
194092,194122,194130,194131,194177,194102,194127,194131,194096,194106,194116,194121,194128,194136,194110,194118
194177,194206,194218,194220,194251,194188,194212,194219,194182,194191,194199,194207,194216,194224,194195,194203
194251,194277,194295,194302,194338,194269,194290,194299,194264,194273,194282,194287,194294,194309,194277,194284
194338,194374,194386,194390,194424,194353,194380,194389,194348,194357,194367,194375,194385,194395,194361,194371
194424,194461,194471,194473,194510,194440,194466,194473,194434,194443,194452,194460,194468,194478,194448,194456
194510,194542,194555,194559,194596,194525,194549,194558,194519,194528,194537,194544,194554,194562,194532,194541
194596,194626,194637,194638,194677,194606,194633,194638,194601,194610,194618,194625,194635,194642,194614,194621
194677,194707,194718,194721,194762,194688,194713,194721,194683,194692,194700,194706,194716,194733,194695,194703
194762,194779,194801,194787,194819,194771,194782,194787,194765,194775,194778,194778,194783,194790,194778,194786
194819,194859,194882,194870,194921,194851,194864,194870,194846,194855,194859,194859,194866,194873,194859,194869
194921,194956,194965,194967,195006,194936,194962,194967,194929,194940,194949,194956,194963,194972,194944,194952
195006,195026,195040,195047,195083,195015,195035,195046,195010,195019,195026,195031,195039,195052,195022,195028
195083,195117,195128,195129,195172,195098,195124,195129,195092,195101,195112,195119,195126,195132,195105,195116
195172,195205,195215,195218,195257,195183,195211,195218,195178,195187,195196,195204,195213,195223,195191,195200
195257,195280,195300,195303,195344,195270,195294,195302,195264,195274,195286,195291,195298,195305,195277,195291
195344,195372,195385,195388,195423,195353,195380,195387,195347,195356,195365,195374,195383,195396,195360,195370
195423,195459,195468,195477,195517,195442,195466,,195436,195446,195454,195459,195467,195470,195449,195456
195517,195552,195561,195562,195604,195530,195558,195562,195525,195535,195545,195552,195559,195566,195539,195548
195604,195639,195656,195659,195696,195623,195648,195658,195618,195627,195635,195640,195654,195662,195630,195637
195696,195740,195751,195754,195798,195718,195747,195754,195713,195722,195733,195741,195749,195757,195726,195737
195798,195825,195841,195844,195878,195813,195835,195843,195808,195817,195826,195832,195839,195851,195821,195829
195878,195919,195940,195969,195999,195908,195934,195943,195903,195911,195920,195929,195938,195946,195915,195926
195999,196047,196087,196094,196144,196004,196062,196069,196018,196025,196032,196057,196065,196069,196028,196054
196144,196184,196209,196220,196250,196179,196189,196197,196175,196183,196187,196187,196192,196199,196187,196196
196250,196270,196290,196310,196335,196261,196285,196293,196255,196266,196276,196281,196288,196296,196272,196281
196335,196355,196376,196362,196405,196345,196360,196362,196340,196350,196354,196354,196361,196367,196354,196364
196405,196439,196460,196449,196490,196431,196445,196449,196426,196435,196440,196440,196446,196451,196440,196448
196490,196525,196545,196549,196583,196514,196528,196536,196509,196518,196522,196522,196529,196536,196522,196533
196583,196614,196632,196634,196676,196601,196628,196634,196595,196605,196616,196622,196630,196638,196609,196619
196676,196703,196717,196722,196752,196689,196711,196721,196683,196692,196699,196706,196716,196724,196695,196702
196752,196780,196801,196803,196837,196772,196798,196803,196767,196776,196786,196792,196799,196808,196779,196789
196837,196880,196893,196897,196937,196861,196888,196897,196855,196865,196873,196880,196891,196902,196868,196876
196937,196957,196978,196982,197012,196948,196972,196981,196942,196952,196960,196966,196976,196984,196955,196963
197012,197041,197047,197049,197099,197032,197044,197049,197026,197036,197040,197040,197045,197052,197040,197049
197099,197137,197151,197153,197201,197120,197147,197153,197114,197124,197133,197140,197149,197157,197128,197136
197201,197226,197241,197268,197288,197209,197234,197244,197203,197213,197221,197229,197239,197247,197217,197225
197288,197305,197325,197312,197362,197296,197308,197312,197289,197300,197304,197304,197309,197315,197304,197312
197362,197397,197417,197420,197455,197384,197397,197404,197379,197388,197391,197391,197398,197404,197391,197401
197455,197494,197504,197506,197548,197472,197499,197505,197466,197476,197487,197494,197502,197509,197479,197491
197548,197567,197585,197592,197626,197558,197580,197591,197552,197562,197569,197575,197584,197602,197565,197572
197626,197655,197670,197673,197706,197638,197664,197672,197633,197642,197650,197657,197668,197676,197645,197653
197706,197739,197752,197756,197789,197720,197746,197755,197714,197724,197735,197742,197751,197760,197727,197738
197789,197814,197831,197834,197871,197800,197826,197833,197795,197804,197817,197821,197829,197836,197807,197821
197871,197893,197909,197915,197941,197878,197903,197914,197872,197881,197891,197898,197908,197918,197885,197895
197941,197980,197992,197995,198031,197961,197988,197995,197955,197965,197974,197981,197990,197999,197970,197978
198031,198053,198075,198076,198106,198042,198072,198076,198036,198046,198055,198060,198073,198080,198050,198057
198106,198127,198148,198151,198184,198118,198142,198150,198111,198122,198131,198138,198146,198154,198127,198135
198184,198216,198230,198233,198271,198200,198226,198233,198194,198203,198213,198220,198229,198237,198207,198217
198271,198305,198314,198316,198355,198283,198310,198316,198276,198287,198296,198304,198312,198319,198291,198300
198355,198376,198392,198400,198437,198366,198387,198399,198359,198370,198378,198383,198391,198405,198374,198380
198437,198457,198477,198482,198521,198446,198472,198482,198440,198450,198460,198467,198476,198485,198454,198463
198521,198548,198563,198566,198608,198531,198558,198566,198525,198535,198545,198551,198561,198571,198539,198548
198608,198633,198648,198651,198692,198618,198644,198651,198612,198623,198633,198637,198646,198653,198626,198637
198692,198711,198730,198734,198764,198701,198723,198733,198695,198705,198713,198719,198728,198737,198708,198716
198764,198801,198819,198821,198856,198785,198805,198808,198779,198789,198799,198799,198806,198808,198793,198801
198856,198893,198906,198911,198945,198874,198902,198910,198868,198877,198890,198896,198904,198910,198880,198893
198945,198973,198993,198995,199039,198962,198983,198995,198957,198966,198985,198985,198991,198998,198969,198985
199039,199064,199079,199083,199124,199048,199073,199082,199042,199052,199060,199067,199077,199087,199056,199064
199124,199152,199165,199169,199207,199137,199160,199168,199131,199141,199150,199156,199163,199179,199145,199153
199207,199241,199260,199265,199289,199228,199240,199246,199222,199232,199236,199236,199241,199246,199236,199243
199289,199331,199349,199353,199398,199319,199342,199352,199314,199324,199332,199337,199347,199355,199327,199337
199398,199449,199474,,199487,199405,199454,,199398,199408,199421,199445,199473,199478,199412,199441
199487,199516,199527,199533,199572,199495,199521,199530,199488,199499,199509,199516,199524,199534,199503,199512
199572,199593,199610,199613,199660,199583,199604,199612,199577,199587,199596,199600,199608,199616,199591,199600
199660,199691,199703,199705,199742,199673,199700,199705,199668,199677,199687,199694,199701,199709,199681,199690
199742,199788,199799,199802,199843,199769,199795,199801,199763,199774,199782,199789,199797,199805,199778,199785
199843,199875,199881,199882,199945,199866,199878,199882,199860,199870,199874,199874,199879,199885,199874,199882
199945,199965,199972,199973,200027,199955,199968,199973,199949,199960,199964,199964,199969,199976,199964,199972
200027,200069,200097,,200117,200050,200077,200088,200043,200054,200062,200069,200078,200088,200058,200065
200117,200151,200170,200174,200217,200142,200165,200173,200136,200146,200155,200161,200168,200176,200151,200158
200217,200236,200257,200243,200292,200227,200238,200243,200221,200230,200234,200234,200239,200247,200234,200243
200292,200337,200350,200353,200383,200318,200345,200352,200313,200322,200331,200340,200348,200356,200326,200336
200383,200420,200439,200443,200480,200409,200431,200442,200403,200413,200424,200424,200438,200447,200416,200424
200480,200500,200523,200526,200564,200492,200518,200526,200487,200496,200504,200512,200522,200530,200499,200507
200564,200595,200612,200616,200645,200578,200607,200615,200573,200582,200591,200602,200611,200619,200585,200599
200645,200673,200693,200701,200730,200664,200686,200698,200658,200668,200676,200682,200692,200702,200672,200679
200730,200751,200778,200781,200820,200744,200768,200780,200739,200748,200757,200763,200776,200785,200752,200760
200820,200849,200870,,200901,200829,200854,200861,200823,200833,200841,200848,200855,200861,200836,200845
200901,200922,200943,200932,200976,200914,200925,200931,200909,200918,200922,200922,200928,200934,200922,200931
200976,201001,201021,201024,201060,200993,201016,201023,200988,200997,201005,201012,201020,201028,201001,201008
201060,201096,201108,201113,201142,201076,201103,201112,201071,201080,201089,201097,201106,201118,201084,201093
201142,201181,201191,201194,201232,201160,201187,201194,201155,201164,201173,201180,201189,201198,201168,201176
201232,201258,201270,201273,201304,201241,201263,201272,201235,201244,201251,201258,201268,201278,201247,201254
201304,201343,201353,201356,201387,201323,201348,201355,201317,201326,201336,201344,201351,201359,201330,201340
201387,201410,201431,201437,201470,201402,201425,201434,201397,201406,201415,201421,201429,201438,201410,201418
201470,201490,201497,201498,201547,201482,201493,201498,201476,201486,201490,201490,201495,201501,201490,201498
201547,201588,201596,201598,201642,201567,201592,201598,201562,201571,201580,201587,201594,201603,201575,201583
201642,201661,201668,201671,201713,201652,201664,201670,201646,201656,201661,201661,201666,201674,201661,201670
201713,201743,201749,201750,201798,201734,201746,201750,201729,201738,201742,201742,201747,201754,201742,201750
201798,201830,201837,201841,201886,201821,201833,201839,201816,201825,201829,201829,201835,201843,201829,201839
201886,201926,201940,201944,201980,201909,201934,201943,201904,201913,201922,201929,201938,201949,201916,201926
201980,202001,202008,202014,202053,201994,202004,202010,201989,201997,202001,202001,202006,202013,202001,202009
202053,202085,202094,202111,202149,202077,202089,202097,202072,202081,202092,202098,202105,202113,202085,202095
202149,202187,202198,202202,202242,202166,202192,202200,202160,202170,202179,202187,202196,202204,202174,202182
202242,202261,202281,202287,202320,202253,202276,202284,202247,202256,202264,202271,202279,202288,202259,202267
202320,202348,202370,202373,202406,202340,202365,202372,202335,202344,202353,202361,202368,202374,202347,202357
202406,202451,202459,202461,202501,202428,202456,202461,202423,202432,202441,202449,202457,202467,202436,202445
202501,202523,202544,202552,202582,202516,202526,202548,202511,202520,202529,202535,202543,202551,202523,202532
202582,202606,202612,202617,202666,202599,202608,202614,202595,202602,202606,202606,202610,202617,202606,202612
202666,202695,202702,202707,202752,202686,202698,202704,202680,202690,202694,202694,202700,202708,202694,202704
202752,202780,202787,202790,202837,202773,202783,202789,202767,202776,202780,202780,202785,202791,202780,202788
202837,202878,202917,202886,202961,202945,,,202851,202860,202870,202878,202884,202890,202864,202874
202961,202980,203013,203004,203047,203032,,,202972,202981,202985,202985,202993,203004,202985,202995
203047,203060,203092,203083,203106,203052,203077,203082,203046,203054,203061,203071,203079,203084,203057,203065
203106,203124,203146,203152,203189,203116,203140,203148,203111,203120,203129,203136,203144,203153,203124,203132
203189,203221,203229,203230,203265,203200,203226,203230,203194,203203,203213,203221,203227,203232,203207,203217
203265,203308,203319,203321,203369,203288,203315,203321,203282,203291,203300,203309,203317,203324,203295,203304
203369,203385,203404,203410,203452,203376,203388,203394,203371,203380,203390,203396,203402,203411,203384,203393
203452,203468,203476,203478,203525,203461,203470,203477,203455,203464,203468,203468,203473,203481,203468,203477
203525,203572,203583,,203614,203550,203578,203584,203545,203554,203563,203590,203611,203610,203557,203586
203614,203648,203655,203661,203711,203640,203651,203658,203634,203644,203649,203649,203654,203661,203649,203657
203711,203749,203756,203758,203823,203726,203752,203758,203721,203730,203739,203747,203754,203761,203734,203743
203823,203845,203859,203864,203878,203838,203851,203863,203833,203846,203851,203851,203856,203869,203851,203865
203878,203916,203951,203959,204016,203883,203928,203954,203894,203903,203911,203918,203949,203958,203907,203914
204016,204030,204050,204053,204085,204023,204045,204052,204018,204026,204034,204040,204048,204054,204029,204037
204085,204115,204123,204124,204156,204092,204119,204124,204087,204095,204102,204111,204121,204129,204098,204105
204156,204202,204236,204243,204302,204239,204246,204242,204157,204164,204172,204216,204234,204242,204168,204213
204302,204336,204352,204357,204397,204322,204346,204356,204317,204325,204332,204342,204351,204362,204328,204334
204397,204428,204437,204442,204473,204408,204432,204441,204402,204411,204419,204427,204435,204451,204415,204423
204473,204495,204517,204522,204553,204487,204511,204520,204483,204491,204500,204507,204515,204526,204495,204504
204553,204600,204633,204644,204701,204564,204609,204636,204559,204568,204577,204601,204631,204640,204571,204596
204701,204728,204739,204740,204774,204708,204736,204740,204703,204712,204720,204728,204737,204745,204715,204723
204774,204800,204812,204819,204854,204782,204806,204816,204776,204786,204794,204800,204810,204820,204789,204797
204854,204880,204890,204900,204941,204861,204885,204895,204856,204865,204873,204880,204888,204900,204869,204876
204941,204969,204978,204981,205031,204949,204974,204981,204944,204953,204961,204968,204976,204984,204956,204964
205031,205059,205069,205072,205126,205041,205065,205072,205035,205045,205053,205060,205067,205075,205048,205056
205126,205154,205164,205171,205209,205135,205159,205167,205129,205139,205148,205154,205162,205176,205143,205151
205209,205245,205256,205262,205307,205228,205252,205260,205223,205231,205239,205247,205254,205262,205234,205243
205307,205337,205347,205351,205399,205315,205342,205349,205310,205319,205327,205336,205345,205353,205322,205332
205399,205431,205440,205444,205492,205409,205435,205442,205403,205412,205421,205430,205438,205447,205416,205425
205492,205521,205530,205533,205586,205502,205526,205533,205496,205506,205514,205521,205529,205536,205509,205517
205586,205616,205628,205631,205678,205595,205623,205631,205590,205599,205606,205614,205626,205634,205602,205609
205678,205705,205716,205723,205762,205687,205711,205720,205681,205690,205698,205705,205714,205723,205694,205702
205762,205791,205801,205807,205849,205772,205797,205805,205766,205777,205785,205792,205799,205811,205781,205788
205849,205883,205901,205904,205947,205863,205897,205904,205857,205866,205874,205882,205899,205913,205870,205878
205947,205978,206015,205994,206040,205956,205990,205994,205950,205959,205967,205974,205991,205998,205962,205970
206040,206070,206080,206083,206127,206049,206076,206083,206044,206053,206061,206070,206078,206085,206056,206065
206127,206159,206167,206173,206215,206138,206162,206169,206133,206142,206150,206157,206165,206174,206146,206154
206215,206230,206251,206254,206291,206223,206245,206253,206217,206226,206235,206241,206249,206256,206230,206238
206291,206323,206331,206333,206377,206301,206328,206333,206296,206304,206313,206322,206330,206336,206308,206319
206377,206406,206415,206420,206466,206384,206410,206418,206379,206387,206396,206405,206413,206426,206391,206401
206466,206495,206504,206511,206556,206475,206499,206507,206469,206477,206485,206493,206502,206518,206481,206488
206556,206599,206612,,206644,206565,206606,206635,206559,206568,206576,206600,206628,206636,206571,206596
206644,206673,206684,206686,206727,206652,206679,206686,206647,206656,206664,206672,206682,206689,206659,206667
206727,206761,206768,206770,206816,206737,206765,206770,206731,206741,206752,206759,206767,206775,206745,206756
206816,206846,206855,206858,206903,206825,206851,206858,206820,206828,206836,206845,206854,206861,206832,206840
206903,206931,206940,206943,206984,206912,206935,206942,206907,206915,206923,206930,206938,206945,206919,206927
206984,207014,207025,207027,207059,206993,207020,207027,206987,206996,207004,207012,207023,207030,207000,207007
207059,207085,207101,207112,207135,207069,207094,207111,207063,207073,207081,207089,207100,207116,207076,207085
207135,207149,207171,207185,207206,207142,207165,207179,207136,207145,207154,207161,207170,207183,207149,207157
207206,207231,207242,207246,207271,207212,207236,207244,207207,207216,207224,207232,207240,207248,207220,207228
207271,207301,207314,,207334,207283,207309,207321,207278,207286,207294,207302,207313,207323,207289,207297
207334,207362,207388,207404,207430,207394,207395,,207334,207345,207352,207361,207387,207398,207349,207357
207430,207456,207468,207474,207515,207439,207463,207473,207432,207442,207451,207457,207467,207477,207446,207454
207515,207544,207554,207556,207604,207522,207548,207555,207517,207526,207535,207544,207552,207559,207529,207539
207604,207620,207639,207644,207679,207611,207634,207640,207605,207614,207625,207631,207637,207643,207617,207628
207679,207708,207717,207723,207824,207702,207711,207719,207698,207706,207710,207710,207715,207723,207710,207719
207824,207845,207861,,207881,207831,207854,207872,207824,207835,207841,207848,207869,207875,207838,207845
207881,207908,207919,207921,207968,207888,207914,207921,207882,207891,207899,207907,207917,207924,207894,207903
207968,207985,208006,208012,208058,207977,208001,208009,207972,207981,207989,207996,208004,208012,207984,207992
208058,208074,208094,208100,208142,208065,208088,208097,208060,208069,208077,208084,208092,208099,208072,208080
208142,208166,208177,208183,208226,208151,208173,208183,208146,208155,208162,208167,208175,208188,208158,208164
208226,208256,208264,208266,208310,208236,208260,208266,208230,208240,208248,208255,208262,208268,208243,208252
208310,208335,208345,208349,208387,208318,208341,208349,208313,208322,208330,208335,208343,208354,208325,208332
208387,208405,208424,208428,208466,208395,208417,208427,208389,208398,208406,208413,208422,208430,208402,208409
208466,208495,208506,208509,208555,208476,208502,208509,208470,208479,208488,208496,208504,208512,208483,208493
208555,208583,208594,208597,208649,208564,208589,208597,208558,208567,208575,208582,208592,208601,208570,208578
208649,208676,208689,208696,208750,208658,208684,208694,208653,208661,208669,208677,208687,208698,208664,208672
208750,208767,208810,208796,208846,208759,208784,208796,208753,208762,208770,208776,208791,208800,208766,208773
208846,208864,208882,208890,208929,208855,208877,208886,208848,208859,208867,208873,208880,208893,208863,208870
208929,208946,208966,208971,209006,208938,208960,208968,208932,208942,208949,208956,208964,208972,208945,208953
209006,209035,209045,209050,209087,209014,209040,209049,209008,209018,209028,209035,209043,209059,209022,209031
209087,209117,209128,209131,209175,209096,209122,209130,209090,209100,209110,209118,209126,209135,209103,209115
209175,209206,209216,209219,209270,209185,209212,209219,209179,209188,209195,209204,209214,209223,209191,209199
209270,209300,209309,209312,209360,209279,209305,209312,209273,209282,209291,209299,209307,209318,209286,209295
209360,209389,209399,209402,209461,209371,209395,209402,209366,209374,209382,209389,209397,209404,209378,209385
209461,209490,209500,209504,209563,209470,209496,209504,209463,209474,209483,209490,209498,209508,209479,209487
209563,209596,209604,209610,209662,209574,209600,209608,209568,209577,209585,209594,209603,209612,209580,209589
209662,209694,209702,209705,209754,209671,209698,209705,209665,209675,209685,209692,209700,209710,209680,209688
209754,209782,209793,209798,209848,209762,209787,209797,209756,209765,209774,209782,209791,209801,209770,209778
209848,209876,209885,209888,209942,209857,209881,209888,209852,209861,209869,209876,209883,209891,209865,209872
209942,209971,209981,209984,210038,209952,209976,209984,209947,209956,209963,209970,209979,209989,209959,209967
210038,210065,210075,210078,210121,210046,210071,210078,210040,210050,210059,210066,210073,210082,210055,210062
210121,210160,210172,210183,210217,210139,210166,210182,210135,210142,210150,210160,210170,210189,210146,210155
210217,210248,210265,210271,210318,210236,210260,210270,210230,210240,210249,210255,210263,210274,210245,210252
210318,210338,210360,210363,210414,210328,210355,210363,210322,210332,210345,210350,210358,210366,210335,210350
210414,210445,210454,210457,210509,210422,210450,210457,210416,210425,210438,210445,210452,210459,210428,210442
210509,210540,210549,210555,210604,210519,210544,210552,210512,210523,210533,210540,210547,210554,210528,210536
210604,210632,210641,210644,210698,210613,210637,210644,210607,210617,210626,210632,210639,210647,210621,210629
210698,210721,210738,210742,210796,210707,210732,210742,210701,210710,210719,210727,210736,210749,210713,210721
210796,210817,210833,210836,210897,210806,210823,210836,210800,210810,210825,210827,210830,210846,210815,210827
210897,210918,210936,210942,210985,210908,210928,210941,210902,210912,210923,210923,210934,210946,210916,210923
210985,211013,211030,211035,211083,211003,211024,211034,210998,211007,211018,211020,211028,211041,211011,211020
211083,211102,211120,211128,211174,211091,211113,211123,211085,211095,211103,211108,211118,211127,211098,211108
211174,211191,211209,211213,211266,211182,211204,211212,211176,211186,211195,211201,211207,211214,211190,211198
211266,211285,211304,211312,211355,211275,211297,211307,211269,211279,211288,211293,211302,211311,211283,211293
211355,211376,211391,211394,211438,211364,211386,211394,211358,211368,211377,211381,211389,211397,211372,211381
211438,211459,211476,211483,211529,211450,211470,211479,211444,211454,211463,211467,211474,211485,211458,211467
211529,211550,211564,211574,211623,211539,211557,211569,211533,211543,211551,211551,211562,211576,211546,211551
211623,211641,211657,211665,211716,211632,211650,211661,211626,211636,211646,211646,211655,211665,211640,211646
211716,211734,211751,211761,211805,211725,211742,211754,211719,211729,211738,211738,211749,211762,211732,211738
211805,211823,211841,211849,211897,211815,211831,211845,211810,211819,211829,211829,211838,211849,211822,211829
211897,211915,211931,211938,211990,211906,211923,211935,211900,211910,211919,211919,211928,211942,211913,211919
211990,212008,212025,212032,212085,211999,212020,212028,211994,212003,212012,212016,212023,212032,212007,212016
212085,212101,212116,212122,212176,212093,212106,212118,212087,212097,212102,212102,212113,212122,212102,212118
212176,212193,212208,212218,212262,212185,212201,212212,212179,212188,212196,212196,212206,212219,212191,212196
212262,212282,212296,212301,212350,212271,212290,212301,212265,212275,212283,212283,212294,212307,212278,212283
212350,212369,212385,212392,212437,212359,212379,212387,212353,212363,212372,212375,212382,212391,212367,212375
212437,212455,212467,212475,212524,212447,212460,212473,212441,212451,212456,212456,212464,212479,212456,212467
212524,212544,212559,212565,212612,212533,212553,212562,212527,212536,212548,212548,212557,212567,212540,212548
212612,212630,212647,212656,212701,212621,212635,212651,212616,212625,212637,212637,212645,212655,212629,212637
212701,212718,212733,212744,212777,212710,212726,212740,212704,212713,212722,212722,212730,212749,212716,212722
212777,212817,212858,212847,212893,212793,212842,212847,212788,212797,212809,212831,212843,212850,212802,212827
212893,212911,212922,212928,212954,212904,212916,212925,212897,212911,212916,212916,212921,212928,212916,212925
212954,212969,212989,212998,213034,212961,212974,212981,212955,212965,212976,212981,212987,213000,212971,212978
213034,213056,213066,213074,213126,213046,213060,213070,213041,213050,213053,213053,213064,213076,213053,213068
213126,213141,213158,213168,213191,213133,213147,213161,213127,213137,213146,213146,213154,213167,213140,213146
213191,213223,213230,213253,213292,213216,213226,213242,213211,213220,213228,213233,213240,213243,213224,213230
213292,213309,213328,213335,213375,213301,213322,213332,213295,213305,213315,213319,213326,213338,213309,213319
213375,213394,213411,213418,213459,213386,213404,213414,213380,213389,213397,213400,213409,213419,213392,213400
213459,213478,213496,213503,213544,213469,213489,213500,213463,213473,213484,213486,213494,213504,213477,213486
213544,213563,213577,213581,213628,213553,213571,213580,213547,213557,213566,213566,213575,213586,213561,213566
213628,213646,213662,213669,213710,213637,213656,213665,213631,213641,213649,213652,213660,213668,213644,213652
213710,213728,213743,213749,213792,213720,213734,213746,213714,213724,213733,213733,213740,213751,213728,213733
213792,213811,213828,213833,213880,213803,213815,213830,213797,213808,213817,213819,213826,213834,213811,213819
213880,213898,213911,213919,213967,213888,213904,213915,213882,213892,213900,213900,213908,213921,213895,213900
213967,213983,214020,213994,214053,213974,213986,213994,213969,213978,213982,213982,213989,213997,213982,213993
214053,214071,214085,214091,214141,214061,214079,214088,214055,214065,214074,214074,214083,214092,214069,214074
214141,214157,214175,214183,214229,214150,214161,214168,214144,214154,214158,214158,214163,214168,214158,214165
214229,214245,214262,214267,214315,214238,214255,214264,214232,214241,214249,214252,214259,214267,214245,214252
214315,214334,214347,214357,214402,214324,214340,214351,214318,214327,214335,214335,214345,214356,214330,214335
214402,214417,214435,214438,214463,214410,214427,214437,214405,214414,214424,214424,214432,214440,214418,214424
214463,214504,214534,214568,214613,214491,214526,214555,214485,214498,214504,214508,214533,214555,214501,214508
214613,214646,214666,214670,214704,214641,214659,214669,214636,214644,214652,214657,214664,214672,214647,214654
214704,214750,214761,,214782,214714,214753,214764,214708,214717,214728,214751,214760,214766,214721,214746
214782,214796,214831,214803,214856,214788,214799,214803,214783,214792,214795,214795,214800,214805,214795,214802
214856,214886,214916,,214942,214869,214891,214898,214863,214873,214880,214886,214892,214898,214876,214883
214942,214962,214978,214989,215029,214954,214966,214983,214948,214958,214967,214970,214976,214983,214961,214970
215029,215050,215063,215073,215122,215042,215056,215067,215037,215046,215054,215054,215061,215075,215049,215054
215122,215140,215153,215160,215208,215130,215147,215156,215124,215133,215141,215142,215151,215161,215136,215142
215208,215226,215239,215241,215288,215218,215233,215241,215212,215221,215230,215230,215236,215245,215224,215230
215288,215313,215328,215332,215382,215304,215323,215332,215299,215308,215316,215318,215326,215341,215311,215318
215382,215399,215413,215420,215465,215391,215404,215416,215385,215395,215399,215399,215410,215418,215399,215414
215465,215482,215498,215506,215535,215474,215490,215501,215469,215478,215486,215486,215496,215506,215481,215486
215535,215565,215580,215591,215632,215558,215569,215585,215553,215562,215571,215571,215578,215591,215565,215571
215632,215649,215663,215670,215711,215640,215654,215665,215634,215644,215652,215652,215660,215669,215652,215665
215711,215729,215740,215752,215793,215720,215734,215748,215714,215724,215732,215732,215737,215752,215732,215740
215793,215809,215824,215834,215870,215801,215815,215828,215795,215804,215808,215808,215821,215835,215808,215831
215870,215889,215901,215909,215948,215879,215895,215904,215872,215883,215891,215891,215899,215914,215886,215891
215948,215969,215978,215980,216027,215956,215974,215980,215950,215960,215966,215966,215976,215982,215962,215966
216027,216049,216059,216064,216107,216035,216054,216062,216029,216039,216047,216047,216057,216066,216042,216047
216107,216127,216138,216141,216184,216115,216132,216141,216109,216118,216126,216126,216135,216148,216121,216126
216184,216202,216217,216220,216262,216192,216212,216220,216187,216196,216204,216208,216215,216224,216199,216208
216262,216282,216318,216287,216343,216271,216283,216287,216265,216275,216279,216279,216284,216290,216279,216287
216343,216365,216376,216381,216426,216352,216371,216380,216345,216355,216363,216366,216374,216388,216359,216366
216426,216452,216482,216462,216512,216434,216457,216462,216428,216438,216449,216449,216458,216471,216441,216449
216512,216527,216537,216547,216593,216519,216531,216542,216513,216522,216526,216526,216535,216545,216526,216541
216593,216609,216624,216636,216673,216601,216615,216627,216596,216605,216612,216612,216621,216638,216608,216612
216673,216688,216708,216718,216752,216681,216699,216712,216676,216685,216693,216697,216706,216717,216688,216697
216752,216770,216784,216795,216830,216762,216776,216791,216756,216766,216771,216771,216781,216796,216771,216784
216830,216847,216863,216870,216906,216838,216854,216865,216832,216842,216851,216851,216860,216869,216846,216851
216906,216922,216942,216951,216984,216914,216926,216945,216909,216918,216928,216928,216937,216950,216922,216928
216984,217002,217015,217024,217064,216992,217007,217018,216986,216996,217001,217001,217012,217023,217000,217001
217064,217080,217092,217103,217143,217072,217085,217099,217066,217076,217082,217082,217088,217104,217082,217091
217143,217159,217172,217179,217223,217151,217165,217174,217145,217154,217162,217162,217170,217176,217157,217162
217223,217240,217253,217264,217304,217231,217245,217257,217225,217235,217239,217239,217250,217265,217239,217254
217304,217320,217336,217344,217386,217313,217325,217339,217307,217316,217327,217327,217333,217343,217320,217327
217386,217401,217416,217423,217468,217393,217409,217419,217387,217396,217405,217407,217414,217422,217400,217407
217468,217483,217501,217507,217549,217475,217495,217504,217470,217479,217487,217492,217499,217507,217482,217489
217549,217566,217581,217588,217631,217557,217570,217583,217551,217561,217572,217572,217578,217588,217565,217572
217631,217648,217662,217669,217714,217639,217654,217664,217633,217643,217651,217651,217660,217669,217647,217651
217714,217731,217771,217748,217798,217722,217736,217748,217716,217726,217729,217729,217739,217753,217729,217741
217798,217814,217830,217836,217878,217805,217818,217833,217800,217809,217819,217820,217828,217836,217812,217820
217878,217895,217910,217920,217987,217968,,,217881,217891,217900,217900,217908,217920,217894,217900
217987,218001,218022,218025,218038,217995,218012,218024,217986,218002,218011,218011,218019,218029,218006,218011
218038,218055,218071,218078,218113,218046,218060,218074,218040,218051,218062,218062,218068,218078,218055,218062
218113,218133,218163,218145,218187,218122,218137,218145,218115,218126,218135,218135,218139,218154,218135,218142
218187,218205,218217,218224,218252,218194,218209,218219,218188,218199,218208,218208,218214,218225,218208,218219
218252,218277,218293,218297,218336,218268,218287,218297,218262,218271,218279,218279,218291,218301,218274,218279
218336,218378,218398,,218410,218344,218382,218401,218338,218348,218366,218376,218397,218402,218351,218371
218410,218429,218444,218446,218483,218418,218437,218446,218412,218422,218437,218437,218442,218450,218426,218437
218483,218521,218539,,218559,218491,218531,218545,218485,218494,218502,218520,218538,218552,218497,218515
218559,218574,218589,218596,218631,218566,218582,218591,218560,218569,218577,218577,218587,218596,218572,218577
218631,218646,218661,218671,218703,218639,218650,218666,218633,218643,218652,218654,218660,218673,218646,218654
218703,218718,218732,218743,218773,218710,218726,218739,218704,218713,218722,218722,218731,218744,218716,218722
218773,218789,218805,218807,218843,218781,218801,218807,218775,218784,218792,218797,218803,218810,218788,218797
218843,218862,218876,218882,218917,218852,218868,218879,218847,218856,218866,218866,218873,218883,218860,218866
218917,218934,218949,218957,218992,218925,218942,218954,218919,218929,218937,218937,218946,218960,218932,218937
218992,219010,219023,219031,219068,219000,219016,219027,218994,219004,219010,219010,219020,219033,219006,219010
219068,219083,219099,219106,219140,219075,219089,219101,219069,219079,219086,219086,219095,219105,219084,219086
219140,219156,219171,219178,219211,219148,219163,219174,219143,219152,219159,219159,219168,219178,219154,219159
219211,219227,219244,219255,219283,219220,219231,219247,219214,219224,219233,219235,219242,219256,219227,219235
219283,219299,219314,219319,219358,219291,219306,219316,219286,219295,219304,219304,219311,219320,219298,219304
219358,219374,219389,219398,219432,219366,219380,219393,219360,219369,219379,219379,219387,219398,219373,219379
219432,219449,219462,219470,219507,219440,219455,219464,219434,219444,219450,219450,219459,219468,219447,219450
219507,219526,219540,219546,219585,219515,219534,219542,219509,219519,219528,219528,219537,219546,219522,219528
219585,219606,219616,219623,219668,219593,219611,219619,219587,219597,219605,219605,219614,219623,219600,219605
219668,219688,219697,219701,219754,219677,219692,219701,219670,219680,219686,219686,219695,219710,219683,219686
219754,219772,219787,219793,219840,219762,219778,219789,219756,219766,219777,219777,219784,219793,219770,219777
219840,219859,219872,219878,219927,219848,219865,219874,219842,219852,219861,219861,219869,219878,219855,219861
219927,219947,219961,219966,220017,219937,219953,219963,219931,219941,219952,219952,219958,219968,219945,219952
220017,220037,220050,220057,220103,220025,220044,220053,220019,220029,220037,220037,220047,220058,220032,220037
220103,220122,220137,220143,220186,220112,220130,220140,220106,220116,220126,220126,220134,220145,220120,220126
220186,220208,220220,220226,220269,220196,220215,220226,220189,220200,220210,220210,220217,220233,220204,220210
220269,220290,220301,220307,220351,220278,220294,220304,220273,220282,220290,220290,220298,220310,220285,220290
220351,220371,220384,220389,220431,220359,220377,220386,220353,220363,220373,220373,220381,220390,220367,220373
220431,220447,220462,220469,220503,220438,220454,220465,220432,220442,220451,220451,220459,220468,220445,220451
220503,220519,220535,220544,220575,220511,220526,220538,220505,220515,220522,220522,220532,220543,220519,220522
220575,220594,220608,220611,220647,220583,220603,220611,220577,220587,220595,220598,220606,220616,220590,220598
220647,220668,220681,220683,220717,220655,220675,220683,220648,220659,220665,220665,220678,220687,220661,220665
220717,220743,220773,220756,220793,220727,220750,220756,220722,220730,220737,220743,220752,220763,220733,220740
220793,220810,220830,220850,220871,220801,220817,220834,220795,220805,220817,220817,220827,220837,220809,220817
220871,220895,220930,220905,220946,220878,220902,220905,220872,220881,220888,220894,220903,220910,220884,220891
220946,220992,221009,,221034,220957,221002,221022,220950,220961,220969,220992,221019,221026,220965,220987
221034,221053,221068,221072,221117,221042,221062,221072,221036,221046,221054,221056,221066,221075,221049,221056
221117,221136,221150,221155,221206,221128,221144,221156,221122,221131,221141,221141,221148,221156,221135,221141
221206,221223,221241,221249,221290,221214,221234,221245,221208,221218,221226,221230,221239,221249,221221,221230
221290,221307,221325,221334,221371,221299,221318,221329,221294,221302,221310,221314,221322,221336,221306,221314
221371,221389,221404,221412,221451,221380,221396,221408,221374,221384,221391,221391,221402,221415,221387,221391
221451,221469,221488,221494,221529,221459,221482,221491,221453,221462,221471,221477,221486,221495,221466,221474
221529,221548,221565,221571,221607,221538,221558,221568,221532,221542,221554,221554,221563,221572,221546,221554
221607,221631,221658,221649,221672,221619,221630,221636,221613,221624,221627,221627,221631,221636,221627,221634
221672,221710,221735,221724,221774,221696,221720,221725,221691,221701,221708,221713,221721,221725,221704,221710
221774,221787,221802,221826,221856,221809,221826,,221774,221785,221795,221795,221800,221814,221795,221806
221856,221880,221908,,221921,221865,221888,,221858,221874,221880,221880,221889,221897,221880,221893
221921,221969,221995,221974,222031,221950,221970,221974,221943,221954,221962,221962,221971,221979,221957,221962
222031,222053,222091,222068,222121,222039,222060,222068,222033,222043,222054,222054,222063,222076,222047,222054
222121,222140,222153,222157,222173,222130,222147,222156,222123,222134,222141,222141,222151,222161,222137,222141
222173,222192,222216,222252,222301,222220,222255,222224,222177,222193,222204,222204,222214,222224,222199,222204
222301,222325,222336,222339,222391,222310,222331,222339,222304,222313,222320,222325,222334,222342,222316,222325
222391,222410,222425,222432,222477,222399,222418,222428,222393,222403,222413,222413,222423,222431,222407,222413
222477,222496,222509,222514,222562,222485,222503,222512,222479,222489,222499,222499,222507,222516,222493,222499
222562,222585,222598,222604,222648,222571,222591,222600,222565,222575,222584,222584,222595,222604,222578,222584
222648,222668,222681,222688,222734,222657,222673,222685,222651,222661,222666,222666,222679,222689,222664,222666
222734,222753,222768,222771,222818,222742,222763,222771,222736,222746,222755,222758,222766,222776,222749,222758
222818,222841,222851,222858,222903,222826,222846,222854,222820,222830,222836,222840,222848,222860,222833,222840
222903,222945,222958,222961,222986,222911,222952,222960,222905,222915,222923,222946,222956,222961,222919,222939
222986,223002,223019,223026,223068,222994,223005,223021,222988,222998,223008,223012,223017,223025,223003,223012
223068,223084,223099,223105,223148,223076,223093,223102,223070,223080,223089,223089,223097,223105,223083,223089
223148,223165,223179,223186,223266,223157,223169,223182,223151,223160,223169,223171,223177,223185,223164,223171
223266,223288,223320,223332,223401,223324,223335,223328,223268,223277,223280,223288,223319,223328,223278,223284
223401,223418,223432,223444,223487,223409,223423,223437,223403,223414,223419,223419,223429,223449,223419,223434
223487,223502,223520,223526,223570,223495,223513,223522,223490,223498,223506,223510,223518,223526,223501,223510
223570,223587,223603,223613,223650,223579,223595,223607,223573,223582,223591,223591,223601,223613,223586,223591
223650,223666,223685,223689,223727,223658,223680,223687,223653,223662,223670,223676,223683,223690,223665,223673
223727,223743,223763,223752,223805,223736,223746,223752,223730,223739,223743,223743,223748,223754,223743,223751
223805,223823,223840,223846,223884,223815,223827,223842,223809,223819,223828,223832,223837,223845,223823,223832
223884,223901,223918,223925,223958,223893,223907,223920,223886,223898,223903,223903,223915,223924,223903,223920
223958,223975,223991,223999,224033,223968,223981,223993,223962,223972,223981,223981,223989,223998,223975,223981
224033,224051,224070,224077,224115,224043,224064,224074,224038,224047,224055,224059,224068,224079,224050,224059
224115,224132,224147,224155,224198,224123,224139,224150,224117,224126,224135,224135,224144,224157,224130,224135
224198,224216,224229,224244,224285,224207,224223,224232,224201,224210,224218,224218,224226,224232,224213,224218
224285,224303,224338,224318,224369,224293,224309,224318,224286,224297,224303,224303,224312,224322,224300,224303
224369,224387,224400,224408,224451,224377,224392,224404,224371,224381,224387,224387,224397,224409,224384,224387
224451,224467,224483,224492,224527,224459,224472,224486,224453,224464,224472,224474,224481,224495,224467,224474
224527,224544,224561,224568,224606,224536,224553,224566,224531,224540,224550,224550,224558,224571,224543,224550
224606,224623,224637,224644,224683,224613,224631,224641,224607,224617,224625,224625,224635,224647,224620,224625
224683,224699,224715,224720,224761,224691,224702,224707,224685,224695,224703,224707,224713,224720,224698,224707
224761,224779,224794,224801,224835,224769,224786,224796,224763,224773,224780,224782,224792,224800,224776,224782
224835,224851,224868,224874,224911,224844,224855,224871,224838,224848,224857,224859,224865,224876,224851,224859
224911,224927,224944,224950,224987,224919,224929,224934,224913,224922,224930,224935,224942,224949,224926,224935
224987,225003,225025,225027,225067,224995,225008,225026,224990,224999,225012,225017,225023,225030,225002,225014
225067,225082,225099,225106,225142,225075,225090,225101,225069,225078,225088,225088,225096,225105,225082,225088
225142,225161,225174,225180,225214,225151,225168,225177,225145,225154,225162,225162,225172,225182,225157,225162
225214,225234,225251,225258,225296,225227,225238,225243,225222,225230,225239,225243,225249,225261,225234,225240
225296,225313,225327,225334,225372,225303,225320,225330,225297,225307,225315,225315,225324,225340,225310,225315
225372,225393,225405,225409,225446,225380,225399,225408,225374,225383,225390,225395,225403,225415,225386,225392
225446,225463,225489,225492,225523,225455,225483,225491,225449,225459,225468,225481,225487,225494,225463,225470
225523,225539,225558,225562,225604,225532,225543,225549,225526,225536,225544,225550,225556,225564,225540,225547
225604,225619,225638,225642,225684,225611,225631,225641,225605,225615,225624,225628,225635,225645,225619,225628
225684,225699,225717,225723,225762,225692,225703,225708,225687,225695,225704,225708,225715,225725,225699,225708
225762,225779,225797,225804,225840,225771,225789,225799,225766,225775,225785,225786,225795,225803,225779,225786
225840,225856,225871,225881,225917,225848,225863,225873,225843,225851,225859,225859,225868,225876,225854,225859
225917,225931,225949,225955,225991,225925,225934,225942,225919,225928,225932,225932,225937,225942,225932,225939
225991,226009,226025,226034,226070,226002,226017,226028,225997,226006,226014,226014,226022,226033,226009,226014
226070,226085,226102,226109,226136,226078,226089,226104,226072,226082,226087,226087,226099,226108,226087,226104
226136,226162,226176,226184,226220,226153,226169,226179,226147,226156,226164,226164,226174,226189,226159,226164
226220,226239,226257,226262,226305,226231,226251,226259,226226,226235,226243,226248,226255,226262,226238,226245
226305,226321,226334,226345,226386,226313,226328,226337,226307,226316,226325,226325,226332,226337,226319,226325
226386,226405,226422,226429,226470,226396,226410,226425,226390,226400,226404,226404,226418,226430,226404,226426
226470,226486,226504,226510,226553,226479,226498,226507,226473,226482,226491,226495,226502,226510,226486,226495
226553,226576,226587,226592,226640,226561,226581,226589,226555,226565,226572,226577,226584,226594,226568,226574
226640,226660,226674,226681,226728,226648,226666,226677,226642,226652,226661,226661,226671,226682,226655,226661
226728,226746,226758,226767,226811,226736,226751,226762,226730,226741,226749,226749,226755,226767,226749,226761
226811,226831,226844,226848,226897,226820,226837,226847,226814,226824,226836,226836,226842,226852,226828,226836
226897,226916,226928,226936,226982,226906,226922,226931,226899,226910,226917,226917,226926,226935,226913,226917
226982,227004,227016,227021,227066,226991,227011,227019,226985,226996,227005,227006,227014,227023,226999,227006
227066,227085,227098,227105,227144,227075,227092,227102,227069,227078,227086,227086,227096,227106,227081,227086
227144,227165,227177,227181,227222,227153,227171,227180,227146,227156,227164,227165,227175,227189,227159,227165
227222,227261,227284,,227300,227231,227271,227290,227224,227235,227244,227263,227284,227291,227239,227259
227300,227341,227352,,227378,227309,227348,227362,227303,227313,227332,227341,227359,227365,227316,227337
227378,227398,227411,227414,227453,227386,227405,227414,227380,227389,227396,227396,227408,227417,227392,227396
227453,227472,227485,227493,227525,227461,227479,227488,227455,227464,227472,227474,227483,227493,227467,227474
227525,227544,227557,227562,227598,227535,227550,227561,227529,227538,227545,227545,227555,227570,227541,227545
227598,227616,227631,227635,227671,227606,227622,227632,227600,227610,227621,227621,227628,227636,227614,227621
227671,227692,227708,227711,227748,227680,227704,227711,227673,227683,227693,227698,227706,227714,227687,227695
227748,227766,227782,227768,227799,227756,227766,227768,227750,227759,227763,227763,227767,227772,227763,227770
227799,227821,227834,227841,227913,227810,227828,227837,227803,227821,227827,227827,227832,227840,227827,227836
227913,227929,227946,227956,228026,227921,227933,227950,227916,227925,227936,227936,227944,227954,227929,227936
228026,228039,228047,228049,228078,228033,228044,228049,228026,228037,228041,228041,228045,228052,228041,228049
228078,228093,228111,228127,228159,228086,228098,228117,228081,228090,228102,228102,228107,228129,228094,228102
228159,228173,228191,228201,228235,228166,228180,228193,228160,228170,228179,228179,228188,228198,228173,228179
228235,228250,228262,228275,228337,228243,228255,228269,228237,228247,228251,228251,228259,228277,228251,228268
228337,228351,228373,,228388,228345,228357,228362,228338,228350,228354,228354,228360,228362,228354,228361
228388,228406,228420,228424,228466,228396,228414,228422,228390,228399,228407,228410,228417,228425,228403,228410
228466,228484,228496,228504,228553,228475,228490,228500,228468,228479,228486,228486,228494,228507,228483,228486
228553,228572,228584,228589,228636,228561,228578,228586,228554,228564,228572,228572,228581,228590,228567,228572
228636,228656,228668,228675,228722,228645,228662,228671,228639,228649,228658,228658,228666,228675,228652,228658
228722,228747,228757,228759,228812,228730,228753,228759,228724,228734,228744,228748,228755,228764,228738,228748
228812,228841,228869,228881,228904,228821,228844,228854,228814,228824,228833,228839,228845,228854,228828,228836
228904,228928,228939,228942,228995,228913,228934,228942,228907,228917,228926,228926,228937,228946,228920,228926
228995,229016,229027,229033,229085,229004,229022,229033,228997,229008,229015,229015,229025,229040,229011,229015
229085,229108,229120,229125,229174,229094,229115,229123,229088,229098,229108,229108,229118,229127,229102,229108
229174,229195,229206,229211,229260,229183,229200,229209,229177,229188,229197,229197,229204,229212,229192,229197
229260,229281,229294,229297,229344,229270,229289,229297,229263,229273,229283,229283,229292,229301,229277,229283
229344,229365,229377,229383,229424,229353,229370,229380,229347,229357,229366,229366,229375,229385,229366,229381
229424,229444,229457,229462,229502,229433,229451,229460,229427,229437,229445,229445,229454,229464,229440,229445
229502,229523,229535,229540,229583,229511,229530,229540,229505,229515,229523,229523,229533,229547,229518,229523
229583,229604,229620,229626,229671,229593,229610,229623,229587,229597,229613,229613,229618,229627,229606,229613
229671,229691,229704,229711,229756,229679,229696,229708,229673,229682,229689,229689,229701,229714,229685,229689
229756,229776,229789,229796,229842,229765,229782,229792,229759,229768,229776,229776,229786,229796,229771,229776
229842,229863,229897,229881,229930,229851,229869,229875,229845,229855,229864,229864,229872,229875,229858,229864
229930,229950,229962,229969,230014,229938,229956,229965,229932,229941,229950,229950,229960,229968,229944,229950
230014,230035,230047,230054,230092,230022,230040,230050,230016,230026,230034,230034,230045,230054,230029,230034
230092,230112,230125,230130,230168,230100,230119,230128,230094,230103,230111,230114,230122,230134,230106,230114
230168,230191,230205,230209,230247,230177,230199,230207,230171,230180,230196,230196,230203,230211,230183,230196
230247,230267,230282,230286,230328,230256,230276,230284,230250,230260,230270,230273,230279,230287,230264,230273
230328,230349,230361,230372,230408,230336,230354,230364,230329,230339,230345,230349,230358,230369,230341,230349
230408,230426,230437,230444,230483,230415,230432,230441,230409,230418,230424,230426,230435,230445,230420,230426
230483,230504,230516,230522,230557,230491,230510,230518,230485,230494,230502,230505,230513,230522,230498,230505
230557,230573,230587,230594,230626,230564,230578,230589,230558,230568,230578,230578,230583,230594,230578,230589
230626,230645,230663,230669,230701,230636,230650,230666,230630,230640,230653,230656,230661,230670,230646,230656
230701,230718,230732,230741,230776,230709,230723,230735,230703,230713,230717,230717,230729,230740,230717,230735
230776,230792,230807,230811,230853,230784,230801,230809,230778,230787,230797,230797,230804,230812,230791,230797
230853,230871,230936,230949,231003,230861,230907,230940,230856,230865,230883,230903,230935,230944,230869,230900
231003,231029,231045,231053,231117,231020,231032,231047,231015,231024,231035,231038,231042,231052,231028,231038
231117,231134,231153,,231168,231125,231145,231155,231118,231133,231143,231143,231151,231160,231137,231143
231168,231183,231201,231208,231245,231175,231191,231204,231170,231179,231188,231188,231196,231209,231182,231188
231245,231261,231277,231286,231322,231253,231266,231281,231247,231257,231260,231260,231274,231286,231260,231281
231322,231338,231355,231363,231399,231330,231345,231357,231325,231334,231344,231344,231352,231364,231338,231344
231399,231416,231453,231432,231482,231408,231420,231432,231403,231412,231423,231423,231427,231434,231416,231423
231482,231497,231510,231521,231564,231490,231503,231514,231484,231493,231497,231497,231507,231521,231497,231511
231564,231579,231596,231602,231646,231572,231584,231599,231566,231576,231586,231589,231594,231603,231580,231589
231646,231662,231677,231685,231730,231654,231671,231681,231649,231658,231666,231669,231675,231689,231661,231669
231730,231768,231786,231791,231814,231738,231779,231790,231732,231741,231749,231768,231784,231792,231744,231763
231814,231853,231870,231873,231896,231821,231835,231847,231815,231825,231842,231851,231857,231862,231828,231846
231896,231913,231930,231935,231979,231904,231918,231933,231899,231908,231920,231920,231928,231937,231912,231920
231979,231996,232010,232019,232059,231987,232003,232015,231981,231990,231998,231998,232007,232019,231993,231998
232059,232078,232092,232099,232136,232067,232086,232095,232061,232071,232079,232081,232090,232099,232074,232081
232136,232152,232168,232179,232207,232144,232159,232170,232138,232148,232156,232156,232165,232173,232151,232156
232207,232245,232261,232263,232282,232217,232254,232262,232211,232221,232237,232246,232260,232267,232225,232241
232282,232295,232312,232314,232331,232288,232298,232303,232282,232292,232295,232295,232299,232303,232295,232301
232331,232366,232388,,232408,232347,232379,,232332,232349,232353,232362,232403,232402,232351,232357
232408,232464,232480,,232495,232429,232463,232483,232423,232433,232442,232464,232479,232486,232437,232459
232495,232508,232525,232532,232572,232501,232518,232529,232496,232505,232512,232515,232522,232536,232508,232515
232572,232612,232645,232654,232715,232592,232638,232648,232585,232592,232595,232604,232643,232652,232594,232600
232715,232729,232747,232758,232788,232722,232740,232752,232717,232726,232733,232737,232745,232757,232729,232737
232788,232807,232825,232835,232861,232800,232812,232829,232795,232804,232814,232815,232823,232833,232807,232815
232861,232882,232902,232905,232935,232876,232886,232905,232872,232880,232888,232893,232900,232908,232883,232893
232935,232963,232978,233049,233084,232953,232999,233018,232947,232957,232976,232994,233013,233019,232961,232980
233084,233116,233127,233141,233179,233111,233121,233139,233105,233114,233127,233128,233134,233144,233118,233128
233179,233195,233209,233220,233254,233188,233200,233213,233182,233192,233202,233202,233207,233217,233195,233202
233254,233271,233286,233295,233330,233262,233276,233291,233256,233268,233273,233273,233285,233296,233273,233290
233330,233347,233364,233371,233408,233339,233355,233366,233333,233343,233353,233353,233361,233370,233347,233353
233408,233425,233438,233444,233485,233416,233430,233439,233411,233420,233427,233427,233435,233444,233423,233427
233485,233502,233516,233522,233563,233493,233508,233518,233487,233497,233507,233507,233513,233521,233501,233507
233563,233582,233594,233601,233647,233572,233587,233597,233565,233576,233584,233584,233591,233602,233584,233596
233647,233666,233678,233681,233730,233655,233671,233681,233649,233659,233663,233663,233675,233686,233663,233682
233730,233751,233764,233770,233819,233740,233758,233767,233735,233744,233754,233754,233762,233771,233747,233754
233819,233837,233849,233858,233904,233827,233843,233854,233820,233831,233836,233836,233846,233861,233836,233849
233904,233925,233937,233944,233991,233914,233931,233941,233907,233918,233926,233926,233935,233945,233921,233926
233991,234011,234024,234030,234078,234001,234017,234027,233994,234005,234015,234015,234021,234030,234009,234015
234078,234098,234111,234119,234162,234087,234104,234115,234080,234092,234100,234100,234108,234121,234095,234100
234162,234182,234195,234202,234245,234172,234188,234198,234165,234176,234183,234183,234192,234202,234180,234183
234245,234263,234276,234285,234321,234253,234269,234281,234247,234258,234266,234266,234273,234288,234266,234279
234321,234340,234353,234359,234394,234330,234346,234357,234324,234334,234342,234342,234350,234362,234338,234342
234394,234414,234428,234432,234468,234403,234422,234432,234397,234408,234415,234415,234426,234436,234411,234415
234468,234490,234502,234504,234548,234477,234496,234504,234471,234481,234490,234490,234499,234508,234484,234490
234548,234567,234580,234584,234630,234556,234573,234583,234550,234560,234567,234567,234577,234588,234564,234567
234630,234650,234664,234668,234710,234639,234657,234668,234633,234643,234650,234650,234661,234673,234646,234650
234710,234730,234742,234749,234789,234720,234735,234747,234713,234725,234733,234733,234739,234754,234733,234743
234789,234809,234827,234830,234869,234798,234822,234830,234791,234802,234817,234817,234825,234833,234807,234817
234869,234889,234903,234908,234949,234880,234895,234907,234874,234884,234893,234893,234900,234912,234893,234907
234949,234969,234980,234984,235029,234959,234975,234984,234953,234962,234968,234968,234978,234993,234965,234968
235029,235046,235062,235068,235105,235037,235053,235065,235031,235041,235053,235053,235060,235069,235045,235053
235105,235124,235138,235144,235185,235114,235131,235141,235108,235118,235128,235128,235136,235144,235122,235128
235185,235200,235220,235228,235256,235193,235205,235214,235187,235197,235201,235201,235211,235214,235201,235212
235256,235282,235296,235303,235372,235273,235289,235299,235268,235277,235286,235286,235294,235303,235280,235286
235372,235430,235449,235456,235493,235426,235438,235452,235420,235429,235439,235439,235447,235456,235433,235439
235493,235511,235526,235535,235573,235502,235515,235529,235496,235507,235512,235512,235523,235535,235512,235530
235573,235589,235605,235613,235650,235581,235596,235608,235574,235586,235591,235591,235602,235614,235591,235607
235650,235668,235683,235692,235735,235660,235677,235687,235655,235664,235673,235673,235681,235691,235667,235673
235735,235751,235766,235779,235819,235743,235758,235768,235737,235747,235756,235756,235763,235771,235750,235756
235819,235832,235849,235860,235900,235826,235837,235851,235820,235830,235841,235841,235846,235855,235834,235841
235900,235916,235932,235940,235982,235908,235921,235935,235903,235912,235923,235923,235930,235939,235916,235923
235982,235999,236015,236020,236064,235990,236005,236017,235984,235993,236006,236006,236013,236020,235997,236006
236064,236083,236097,236105,236147,236072,236091,236101,236066,236075,236084,236084,236095,236106,236078,236084
236147,236165,236178,236184,236231,236155,236171,236181,236149,236159,236170,236170,236176,236188,236163,236170
236231,236249,236264,236269,236317,236240,236258,236266,236234,236243,236253,236253,236262,236270,236246,236253
236317,236346,236379,,236401,236325,236363,236370,236318,236328,236348,236356,236364,236370,236331,236353
236401,236421,236434,236442,236485,236410,236427,236438,236404,236415,236421,236421,236431,236445,236419,236421
236485,236504,236518,236521,236567,236494,236512,236521,236488,236497,236507,236507,236515,236525,236501,236507
236567,236588,236603,236606,236653,236577,236599,236606,236571,236581,236590,236594,236601,236609,236585,236594
236653,236691,236707,,236736,236661,236702,236731,236655,236664,236681,236690,236727,236732,236668,236685
236736,236755,236770,236776,236821,236746,236762,236773,236740,236749,236758,236758,236767,236777,236752,236758
236821,236839,236850,236861,236904,236830,236843,236856,236824,236835,236842,236842,236848,236862,236842,236857
236904,236920,236936,236943,236987,236912,236931,236939,236906,236916,236924,236927,236934,236944,236919,236927
236987,237003,237040,237024,237066,236994,237009,237024,236988,236998,237010,237010,237020,237029,237001,237010
237066,237082,237095,237105,237138,237073,237088,237100,237068,237077,237083,237083,237092,237106,237079,237083
237138,237153,237165,237170,237210,237146,237157,237168,237140,237149,237153,237153,237160,237174,237153,237166
237210,237228,237244,237253,237286,237219,237237,237248,237213,237222,237231,237233,237241,237254,237226,237233
237286,237303,237319,237327,237363,237294,237313,237322,237288,237297,237305,237309,237317,237330,237301,237309
237363,237382,237398,237403,237442,237373,237389,237401,237367,237376,237388,237388,237396,237404,237380,237388
237442,237459,237475,237483,237524,237451,237467,237479,237445,237455,237464,237464,237473,237483,237458,237464
237524,237542,237557,237561,237608,237533,237547,237560,237527,237538,237551,237551,237554,237563,237542,237551
237608,237626,237639,237650,237691,237616,237633,237647,237610,237619,237627,237627,237637,237653,237622,237627
237691,237707,237722,237734,237772,237699,237714,237725,237693,237703,237712,237712,237719,237728,237707,237712
237772,237791,237806,237815,237856,237782,237798,237810,237776,237786,237790,237790,237803,237817,237790,237808
237856,237873,237889,237896,237935,237864,237878,237892,237858,237868,237881,237881,237887,237903,237872,237881
237935,237954,237966,237972,238013,237944,237959,237969,237938,237947,237954,237954,237963,237974,237950,237954
238013,238033,238046,238054,238090,238022,238039,238048,238016,238025,238031,238035,238043,238052,238028,238035
238090,238106,238121,238124,238189,238099,238112,238124,238093,238102,238113,238113,238119,238128,238106,238113
238189,238209,238227,,238240,238199,238220,,238192,238204,238213,238213,238225,238231,238208,238213
238240,238253,238269,238274,238299,238246,238263,238273,238240,238249,238257,238260,238267,238278,238252,238260
238299,238331,238344,238349,238392,238322,238339,238349,238316,238326,238334,238334,238342,238353,238329,238334
238392,238409,238430,238434,238472,238400,238413,238420,238395,238404,238416,238422,238428,238435,238407,238419
238472,238511,238538,,238555,238482,238524,238543,238477,238486,238493,238512,238538,238546,238489,238508
238555,238571,238587,238590,238636,238563,238582,238590,238557,238566,238574,238578,238585,238593,238569,238578
238636,238651,238668,238674,238743,238724,,,238638,238647,238665,238675,238697,238704,238651,238671
238743,238757,238772,238774,238797,238750,238766,238773,238743,238757,238762,238762,238770,238778,238762,238775
238797,238813,238826,238836,238874,238804,238818,238828,238799,238808,238815,238815,238823,238833,238811,238815
238874,238889,238905,238914,238954,238882,238896,238909,238876,238886,238894,238894,238902,238916,238889,238894
238954,238972,238984,238991,239034,238963,238978,238987,238957,238967,238973,238973,238981,238989,238970,238973
239034,239052,239067,239072,239118,239043,239061,239070,239038,239047,239056,239058,239065,239075,239050,239058
239118,239157,239171,,239202,239127,239166,239189,239121,239131,239148,239157,239184,239193,239135,239152
239202,239221,239232,239239,239284,239209,239226,239235,239203,239213,239219,239219,239229,239240,239215,239219
239284,239303,239312,239320,239365,239292,239307,239315,239286,239297,239304,239304,239309,239325,239304,239313
239365,239383,239398,239404,239444,239374,239391,239401,239368,239378,239387,239387,239396,239405,239382,239387
239444,239466,239477,239482,239524,239454,239472,239480,239448,239457,239464,239466,239474,239489,239460,239466
239524,239545,239559,239564,239601,239533,239551,239562,239527,239536,239544,239544,239557,239566,239539,239544
239601,239622,239635,239639,239677,239610,239629,239637,239604,239614,239622,239623,239632,239640,239617,239623
239677,239699,239710,239714,239752,239686,239705,239713,239679,239690,239699,239699,239708,239718,239693,239699
239752,239775,239786,239788,239831,239763,239782,239788,239756,239768,239773,239773,239784,239793,239773,239788
239831,239852,239865,239868,239910,239841,239859,239868,239834,239845,239854,239854,239862,239871,239848,239854
239910,239930,239943,239948,239985,239919,239936,239946,239912,239925,239933,239933,239940,239950,239933,239945
239985,240008,240019,240021,240062,239995,240014,240021,239988,239999,240005,240005,240016,240027,240003,240005
240062,240083,240095,240100,240139,240072,240088,240099,240065,240078,240086,240086,240092,240105,240086,240099
240139,240160,240173,240177,240212,240148,240167,240176,240142,240152,240160,240160,240170,240179,240156,240160
240212,240231,240244,240249,240282,240221,240236,240246,240214,240225,240230,240230,240241,240252,240228,240230
240282,240301,240314,240322,240351,240290,240307,240321,240284,240295,240301,240301,240311,240328,240298,240301
240351,240373,240385,240389,240422,240360,240379,240388,240354,240364,240371,240372,240383,240394,240367,240372
240422,240441,240455,240457,240491,240430,240446,240457,240423,240436,240449,240449,240452,240461,240440,240449
240491,240512,240523,240528,240562,240500,240517,240526,240494,240504,240510,240510,240521,240529,240507,240510
240562,240581,240593,240598,240627,240570,240586,240595,240564,240574,240585,240585,240590,240599,240585,240594
240627,240645,240660,240664,240693,240636,240652,240663,240630,240640,240649,240649,240657,240670,240644,240649
240693,240714,240728,240731,240762,240703,240721,240730,240696,240707,240716,240716,240726,240734,240711,240716
240762,240783,240795,240798,240833,240771,240790,240798,240765,240775,240785,240785,240793,240806,240779,240785
240833,240852,240866,240872,240905,240841,240859,240869,240835,240845,240853,240853,240863,240873,240848,240853
240905,240924,240936,240943,240977,240914,240929,240940,240908,240918,240928,240928,240933,240949,240928,240937
240977,240997,241013,241019,241053,240986,241002,241016,240980,240991,241005,241005,241011,241020,240998,241005
241053,241072,241087,241091,241131,241063,241078,241090,241057,241068,241072,241072,241084,241094,241072,241088
241131,241148,241162,241168,241202,241139,241155,241165,241133,241143,241151,241151,241159,241170,241147,241151
241202,241220,241234,241241,241272,241210,241227,241237,241204,241214,241223,241223,241231,241240,241218,241223
241272,241287,241302,241304,241340,241279,241294,241303,241274,241282,241291,241291,241299,241307,241285,241291
241340,241359,241370,241373,241407,241348,241364,241373,241341,241352,241355,241355,241367,241379,241354,241355
241407,241425,241442,241446,241475,241416,241434,241444,241410,241420,241431,241431,241439,241450,241424,241431
241475,241493,241507,241513,241543,241483,241499,241510,241478,241487,241496,241496,241504,241517,241490,241496
241543,241561,241575,241578,241613,241550,241569,241578,241544,241553,241561,241561,241572,241583,241556,241561
241613,241630,241645,241650,241688,241621,241637,241647,241615,241624,241632,241632,241642,241651,241627,241632
241688,241706,241724,241733,241767,241697,241715,241728,241691,241700,241709,241709,241722,241733,241703,241709
241767,241784,241803,241809,241848,241776,241788,241805,241770,241779,241790,241795,241800,241811,241783,241795
241848,241864,241880,241890,241930,241856,241872,241884,241850,241859,241869,241869,241878,241890,241863,241869
241930,241944,241961,241970,242008,241937,241950,241964,241932,241941,241945,241945,241958,241969,241945,241964
242008,242026,242041,242051,242089,242019,242032,242043,242013,242022,242030,242030,242038,242048,242026,242030
242089,242105,242117,242127,242152,242097,242109,242120,242091,242102,242108,242108,242113,242120,242108,242116
242152,242181,242197,242200,242241,242173,242193,242200,242167,242177,242185,242189,242196,242203,242181,242189
242241,242262,242273,242280,242322,242251,242267,242276,242245,242255,242263,242263,242271,242280,242258,242263
242322,242338,242353,242361,242379,242331,242346,242356,242325,242335,242343,242343,242352,242361,242338,242343
242379,242417,242434,242439,242483,242388,242425,242438,242406,242415,242425,242425,242432,242441,242419,242425
242483,242506,242517,242525,242573,242495,242511,242521,242489,242499,242505,242505,242515,242528,242502,242505
242573,242592,242606,242613,242660,242582,242598,242609,242576,242586,242596,242596,242603,242614,242589,242596
242660,242680,242692,242696,242747,242669,242686,242696,242663,242673,242682,242682,242690,242699,242677,242682
242747,242768,242780,242786,242835,242757,242775,242784,242750,242761,242769,242769,242778,242789,242764,242769
242835,242856,242868,242871,242923,242845,242862,242871,242838,242849,242853,242853,242865,242877,242853,242872
242923,242944,242957,242960,243015,242933,242951,242960,242927,242938,242949,242949,242955,242968,242941,242949
243015,243034,243048,243052,243101,243024,243040,243051,243018,243028,243035,243035,243046,243056,243033,243035
243101,243121,243135,243141,243184,243111,243128,243139,243105,243116,243124,243124,243132,243143,243124,243137
243184,243204,243219,243223,243266,243193,243212,243223,243187,243198,243202,243202,243216,243228,243202,243222
243266,243285,243298,243305,243342,243275,243290,243301,243268,243279,243285,243285,243296,243306,243283,243285
243342,243362,243376,243380,243416,243352,243368,243379,243346,243356,243361,243361,243373,243385,243361,243378
243416,243435,243449,243453,243487,243425,243441,243452,243419,243430,243441,243441,243446,243460,243441,243450
243487,243507,243520,243523,243557,243496,243512,243522,243489,243501,243510,243510,243517,243527,243510,243521
243557,243576,243591,243595,243628,243566,243584,243594,243560,243570,243579,243579,243589,243599,243574,243579
243628,243648,243661,243664,243699,243636,243655,243663,243630,243640,243649,243649,243659,243666,243644,243649
243699,243719,243733,243735,243777,243708,243728,243735,243702,243712,243722,243724,243731,243739,243715,243724
243777,243796,243808,243815,243857,243785,243802,243811,243779,243789,243797,243797,243805,243816,243792,243797
243857,243873,243889,243894,243925,243865,243879,243891,243860,243869,243879,243879,243886,243895,243873,243879
243925,243950,243968,243983,244012,243944,243955,243972,243939,243948,243959,243959,243967,243977,243951,243959
244012,244027,244043,244051,244078,244021,244035,244046,244016,244025,244032,244032,244041,244049,244028,244032
244078,244100,244114,244122,244152,244092,244106,244117,244087,244096,244105,244105,244112,244121,244100,244105
244152,244166,244181,244191,244217,244159,244171,244185,244154,244163,244173,244173,244180,244190,244166,244173
244217,244232,244250,244258,244283,244225,244236,244252,244219,244229,244241,244241,244247,244256,244233,244241
244283,244298,244315,244320,244348,244291,244304,244316,244285,244294,244304,244304,244312,244321,244298,244304
244348,244362,244377,244386,244410,244355,244367,244382,244349,244359,244362,244362,244373,244388,244362,244376
244410,244427,244443,244449,244481,244419,244436,244446,244414,244423,244432,244432,244441,244451,244426,244432
244481,244496,244514,244520,244560,244489,244506,244518,244483,244492,244502,244502,244511,244523,244496,244502
244560,244577,244594,244601,244647,244569,244581,244596,244564,244573,244583,244587,244592,244601,244577,244587
244647,244662,244677,244688,244734,244655,244668,244680,244649,244658,244667,244667,244674,244684,244662,244667
244734,244749,244765,244774,244800,244742,244755,244770,244736,244746,244756,244756,244761,244776,244749,244756
244800,244829,244844,244854,244888,244821,244836,244848,244816,244825,244834,244834,244843,244853,244829,244834
244888,244903,244919,244926,244954,244896,244908,244921,244890,244900,244910,244910,244916,244925,244903,244910
244954,244975,244990,244995,245030,244967,244980,244994,244962,244971,244975,244975,244988,244999,244975,244995
245030,245048,245059,245071,245099,245037,245053,245062,245032,245041,245048,245048,245056,245062,245044,245048
245099,245117,245130,245133,245170,245108,245123,245132,245102,245112,245118,245118,245128,245136,245115,245118
245170,245187,245202,245208,245246,245179,245193,245206,245173,245183,245187,245187,245200,245209,245187,245205
245246,245263,245277,245283,245324,245254,245270,245280,245248,245257,245265,245265,245274,245283,245260,245265
245324,245343,245357,245362,245405,245334,245350,245360,245328,245338,245347,245347,245355,245363,245341,245347
245405,245423,245439,245443,245486,245415,245430,245442,245409,245419,245430,245430,245437,245445,245422,245430
245486,245501,245519,245526,245557,245494,245507,245522,245488,245498,245509,245509,245517,245527,245502,245509
245557,245575,245590,245595,245625,245566,245580,245592,245560,245571,245575,245575,245587,245596,245575,245591
245625,245642,245656,245663,245689,245633,245648,245659,245627,245637,245643,245643,245653,245664,245640,245643
245689,245707,245721,245725,245753,245698,245714,245724,245692,245702,245709,245709,245718,245731,245705,245709
245753,245770,245784,245789,245816,245761,245776,245786,245755,245765,245775,245775,245780,245793,245775,245784
245816,245835,245848,245851,245883,245824,245841,245850,245818,245828,245836,245836,245845,245859,245831,245836
245883,245907,245939,245915,245968,245892,245911,245915,245886,245896,245903,245904,245912,245919,245898,245904
245968,245990,246002,246006,246063,245977,245997,246004,245971,245980,245988,245992,246000,246007,245983,245992
246063,246082,246095,246097,246154,246071,246090,246097,246066,246075,246082,246085,246092,246104,246078,246085
246154,246175,246187,246195,246248,246166,246180,246191,246160,246170,246174,246174,246184,246198,246174,246189
246248,246266,246280,246290,246335,246257,246271,246286,246251,246261,246265,246265,246276,246290,246265,246287
246335,246350,246365,246373,246414,246342,246358,246369,246337,246346,246355,246355,246362,246376,246349,246355
246414,246430,246444,246453,246488,246421,246436,246448,246416,246425,246430,246430,246441,246453,246430,246448
246488,246505,246520,246525,246561,246496,246515,246525,246491,246500,246507,246510,246517,246531,246503,246510
246561,246583,246624,246603,246643,246570,246600,246603,246564,246574,246583,246587,246601,246608,246578,246587
246643,246665,246676,246678,246735,246652,246672,246678,246646,246656,246664,246664,246674,246682,246659,246664
246735,246757,246768,246771,246830,246745,246763,246771,246739,246749,246757,246757,246766,246774,246753,246757
246830,246848,246861,246869,246920,246838,246854,246865,246832,246842,246850,246850,246859,246869,246845,246850
246920,246936,246954,246961,247006,246928,246942,246957,246922,246932,246946,246946,246951,246962,246937,246946
247006,247024,247040,247048,247084,247015,247029,247043,247010,247019,247031,247031,247038,247048,247023,247031
247084,247101,247116,247123,247157,247092,247108,247118,247087,247096,247104,247104,247113,247122,247099,247104
247157,247176,247189,247196,247226,247165,247181,247192,247159,247169,247176,247176,247186,247199,247172,247176
247226,247245,247260,247266,247295,247235,247252,247262,247229,247240,247248,247248,247257,247267,247243,247248
247295,247314,247329,247331,247363,247304,247321,247331,247297,247308,247313,247313,247326,247336,247313,247332
247363,247384,247398,247401,247441,247372,247391,247401,247366,247376,247382,247382,247396,247405,247380,247382
247441,247462,247475,247478,247530,247450,247469,247478,247444,247454,247463,247463,247472,247484,247458,247463
247530,247552,247564,247567,247622,247541,247558,247567,247535,247546,247550,247550,247561,247577,247550,247565
247622,247643,247657,247663,247715,247633,247651,247660,247627,247637,247646,247646,247655,247663,247640,247646
247715,247734,247747,247751,247791,247725,247741,247751,247719,247729,247735,247735,247744,247756,247733,247735
247791,247818,247831,247839,247878,247808,247824,247834,247803,247812,247820,247820,247829,247839,247815,247820
247878,247894,247910,247918,247949,247886,247902,247915,247880,247890,247901,247901,247909,247920,247894,247901
247949,247967,247984,247990,248020,247959,247973,247986,247953,247963,247974,247974,247982,247991,247967,247974
248020,248038,248054,248059,248090,248029,248046,248056,248023,248033,248043,248043,248051,248063,248037,248043
248090,248108,248125,248127,248161,248098,248120,248127,248092,248102,248111,248115,248123,248131,248106,248115
248161,248183,248197,248200,248241,248170,248191,248200,248164,248173,248183,248183,248195,248203,248177,248183
248241,248259,248273,248279,248333,248250,248264,248275,248244,248254,248259,248259,248271,248280,248259,248275
248333,248350,248364,248372,248426,248342,248356,248368,248337,248346,248350,248350,248362,248371,248350,248366
248426,248444,248458,248467,248512,248435,248449,248461,248430,248439,248443,248443,248456,248466,248443,248461
248512,248531,248545,248555,248593,248522,248537,248549,248517,248526,248534,248534,248543,248555,248530,248534
248593,248609,248625,248634,248668,248602,248616,248628,248596,248606,248615,248615,248622,248633,248609,248615
248668,248684,248702,248708,248740,248676,248693,248704,248670,248680,248689,248692,248699,248708,248684,248692
248740,248757,248771,248779,248811,248748,248762,248774,248742,248752,248758,248758,248768,248783,248755,248758
248811,248827,248841,248843,248882,248819,248833,248843,248813,248822,248826,248826,248837,248847,248826,248844
248882,248904,248916,248919,248961,248891,248911,248919,248885,248895,248904,248906,248914,248924,248898,248906
248961,248979,248992,248996,249050,248970,248986,248996,248964,248974,248982,248982,248990,248999,248977,248982
249050,249070,249083,249087,249143,249060,249077,249086,249053,249063,249072,249072,249081,249091,249067,249072
249143,249161,249176,249185,249231,249152,249167,249180,249146,249157,249161,249161,249174,249185,249161,249180
249231,249255,249269,249279,249327,249246,249261,249276,249241,249250,249261,249261,249267,249282,249254,249261
249327,249345,249359,249370,249408,249336,249351,249363,249330,249340,249349,249349,249357,249370,249343,249349
249408,249427,249442,249447,249489,249418,249434,249447,249413,249423,249428,249428,249439,249452,249428,249447
249489,249510,249523,249526,249573,249499,249517,249526,249493,249503,249510,249510,249520,249530,249507,249510
249573,249594,249606,249611,249659,249583,249600,249610,249576,249587,249594,249594,249603,249616,249591,249594
249659,249679,249692,249697,249743,249668,249686,249697,249662,249672,249676,249676,249690,249702,249676,249696
249743,249763,249776,249779,249827,249753,249770,249779,249746,249758,249764,249764,249774,249784,249764,249778
249827,249849,249862,249865,249916,249837,249856,249865,249831,249842,249851,249851,249860,249871,249845,249851
249916,249937,249950,249954,250006,249927,249944,249954,249921,249932,249936,249936,249948,249958,249936,249953
250006,250026,250040,250045,250094,250016,250032,250043,250010,250021,250031,250031,250037,250048,250031,250042
250094,250114,250128,250132,250180,250103,250122,250131,250097,250108,250116,250116,250125,250135,250111,250116
250180,250201,250214,250219,250268,250190,250209,250219,250184,250194,250203,250203,250212,250225,250198,250203
250268,250288,250302,250306,250357,250278,250296,250306,250272,250282,250291,250291,250299,250311,250285,250291
250357,250377,250391,250396,250445,250367,250384,250395,250360,250372,250380,250380,250389,250400,250376,250380
250445,250464,250477,250486,250530,250454,250470,250483,250448,250458,250467,250467,250474,250488,250467,250482
250530,250550,250564,250567,250616,250540,250558,250567,250534,250544,250554,250554,250562,250573,250548,250554
250616,250636,250651,250661,250697,250626,250642,250658,250620,250631,250637,250637,250648,250663,250637,250659
250697,250716,250730,250734,250771,250706,250722,250733,250699,250711,250718,250718,250728,250739,250715,250718
250771,250792,250808,250812,250847,250781,250802,250812,250775,250786,250796,250796,250806,250817,250790,250796
250847,250869,250903,250886,250923,250856,250880,250886,250850,250861,250869,250869,250883,250892,250869,250888
250923,250946,250985,250962,251000,250932,250956,250962,250926,250937,250947,250947,250959,250968,250940,250947
251000,251020,251037,251040,251083,251009,251031,251040,251003,251013,251026,251026,251035,251044,251017,251026
251083,251102,251117,251121,251167,251092,251111,251121,251086,251096,251105,251105,251114,251126,251099,251105
251167,251186,251200,251204,251254,251177,251193,251204,251171,251181,251185,251185,251197,251212,251185,251202
251254,251271,251287,251295,251340,251263,251276,251291,251258,251267,251271,251271,251284,251296,251271,251291
251340,251357,251377,251384,251426,251349,251362,251380,251344,251354,251366,251370,251375,251384,251358,251370
251426,251442,251460,251469,251509,251435,251448,251464,251430,251439,251449,251449,251457,251471,251442,251449
251509,251526,251541,251552,251589,251518,251533,251546,251512,251522,251529,251529,251539,251551,251525,251529
251589,251604,251622,251630,251664,251597,251609,251624,251592,251601,251612,251612,251619,251628,251605,251612
251664,251679,251697,251705,251735,251672,251684,251699,251666,251676,251681,251681,251693,251704,251681,251700
251735,251751,251766,251774,251806,251743,251757,251769,251737,251747,251752,251752,251762,251775,251752,251770
251806,251823,251838,251844,251882,251814,251831,251841,251808,251818,251826,251826,251835,251846,251821,251826
251882,251899,251915,251922,251964,251890,251903,251917,251884,251894,251898,251898,251912,251923,251898,251918
251964,251981,251994,252001,252049,251972,251986,251997,251967,251976,251980,251980,251991,252004,251980,251997
252049,252067,252082,252093,252121,252058,252074,252085,252053,252062,252070,252070,252079,252092,252065,252070
252121,252154,252166,252175,252226,252146,252159,252170,252140,252149,252159,252159,252164,252174,252153,252159
252226,252241,252260,252267,252337,252234,252244,252254,252229,252238,252242,252242,252248,252254,252242,252250
252337,252351,252366,252368,252395,252345,252361,252368,252340,252349,252352,252352,252364,252370,252352,252367
252395,252411,252427,252435,252477,252403,252419,252430,252397,252406,252416,252416,252425,252433,252409,252416
252477,252493,252509,252519,252556,252486,252497,252513,252480,252490,252494,252494,252506,252518,252494,252513
252556,252571,252590,252598,252636,252564,252575,252592,252559,252568,252579,252581,252588,252597,252571,252581
252636,252650,252669,252676,252714,252643,252655,252672,252638,252647,252658,252658,252667,252676,252650,252658
252714,252728,252749,252757,252794,252722,252732,252742,252717,252726,252730,252730,252736,252742,252730,252738
252794,252809,252829,252837,252864,252802,252822,252832,252797,252806,252814,252819,252827,252836,252810,252819
252864,252892,252902,252916,252963,252886,252897,252915,252880,252890,252900,252905,252910,252919,252894,252902
252963,252977,252998,253008,253047,252971,252981,252989,252965,252974,252978,252978,252984,252989,252978,252986
253047,253061,253082,253091,253130,253054,253064,253086,253049,253058,253067,253073,253080,253091,253062,253070
253130,253145,253165,253170,253210,253138,253148,253156,253132,253141,253145,253145,253150,253156,253145,253153
253210,253225,253248,253256,253291,253218,253241,253251,253212,253222,253230,253238,253246,253255,253226,253234
253291,253315,253322,253325,253393,253308,253318,253325,253303,253311,253315,253315,253320,253329,253315,253324
253393,253410,253434,253421,253462,253404,253414,253421,253398,253407,253411,253411,253416,253424,253411,253420
253462,253507,253515,253518,253592,253501,253511,253518,253495,253504,253508,253508,253513,253520,253508,253515
253592,253611,253618,253621,253689,253603,253614,253621,253598,253607,253611,253611,253616,253624,253611,253620
253689,253710,253731,253735,253769,253702,253724,253735,253696,253705,253714,253718,253729,253740,253709,253718
253769,253820,253852,,253871,253800,253834,,253795,253803,253811,253823,253852,253860,253806,253813
253871,253919,253933,,253973,253902,253936,,253896,253905,253917,253923,253959,253966,253908,253920
253973,254017,254048,254027,254068,254000,254024,254027,253995,254003,254011,254017,254025,254033,254007,254014
254068,254117,254148,,254164,254098,254129,,254092,254101,254110,254118,254157,254156,254105,254114
254164,254216,254230,,254263,254196,254225,254230,254190,254199,254209,254217,254254,254253,254203,254213
254263,254307,254340,,254356,254291,254322,,254285,254294,254304,254310,254344,254352,254298,254307
254356,254403,254433,,254454,254384,254411,254447,254378,254388,254396,254403,254443,254448,254392,254400
254454,254512,254531,,254566,254495,254525,254534,254489,254500,254509,254515,254550,254549,254503,254512
254566,254614,254627,,254662,254597,254623,254628,254591,254601,254609,254615,254659,254658,254604,254612
254662,254714,254727,,254759,254697,254723,254754,254691,254700,254708,254716,254750,254755,254703,254712
254759,254807,254846,254824,254861,254796,254808,,254789,254800,254804,254804,254809,254815,254804,254812
254861,254910,254923,,254959,254893,254919,254947,254888,254897,254906,254912,254941,254948,254901,254909
254959,255005,255017,,255049,254989,255013,255044,254983,254993,255000,255007,255035,255045,254996,255003
255049,255097,255108,,255142,255080,255103,255109,255074,255083,255092,255098,255134,255133,255087,255095
255142,255193,255219,,255241,255175,255205,,255169,255178,255186,255194,255230,255236,255182,255190
255241,255290,255300,,255336,255270,255296,255328,255264,255274,255283,255291,255322,255329,255278,255287
255336,255375,255394,255399,255427,255365,255376,255383,255359,255368,255372,255372,255377,255383,255372,255380
255427,255465,255471,255473,255522,255456,255468,255473,255451,255460,255464,255464,255469,255477,255464,255473
255522,255573,255589,,255620,255554,255582,255610,255549,255558,255568,255576,255605,255611,255562,255572
255620,255662,255682,255669,255716,255653,255665,255669,255648,255656,255660,255660,255666,255673,255660,255670
255716,255754,255774,255777,255817,255744,255769,255776,255739,255748,255756,255764,255772,255779,255751,255760
255817,255851,255863,255864,255899,255833,255859,255864,255828,255837,255846,255853,255861,255867,255840,255850
255899,255947,255960,,255999,255929,255963,,255923,255933,255944,255950,255981,255987,255938,255947
255999,256043,256074,256056,256099,256025,256051,256056,256019,256029,256037,256044,256052,256064,256033,256040
256099,256135,256154,256157,256198,256120,256148,256157,256113,256124,256132,256136,256153,256160,256127,256136
256198,256223,256240,256244,256276,256210,256233,256243,256204,256214,256223,256226,256238,256247,256218,256226
256276,256314,256335,,256367,256298,256328,256358,256292,256303,256312,256316,256354,256359,256306,256316
256367,256409,256424,256430,256467,256394,256418,256429,256387,256398,256406,256411,256423,256434,256402,256408
256467,256500,256515,,256550,256485,256510,256521,256479,256490,256498,256503,256547,256546,256493,256500
256550,256588,256602,,256638,256572,256597,256607,256565,256577,256584,256590,256634,256633,256580,256587
256638,256674,256688,256691,256721,256659,256673,256677,256653,256664,256668,256668,256674,256677,256668,256676
256721,256758,256773,256776,256815,256745,256767,256775,256739,256749,256757,256762,256771,256779,256752,256762
256815,256843,256858,256861,256892,256827,256853,256860,256821,256831,256839,256846,256856,256865,256834,256843
256892,256930,256968,,256983,256917,256929,,256912,256921,256925,256925,256930,256935,256925,256932
256983,257019,257036,257040,257072,257006,257030,257039,257000,257009,257018,257024,257035,257043,257013,257021
257072,257098,257119,257107,257151,257090,257103,257107,257084,257094,257098,257098,257104,257110,257098,257107
257151,257184,257190,257194,257240,257176,257187,257192,257170,257179,257183,257183,257188,257196,257183,257192
257240,257279,257300,257287,257335,257268,257281,257287,257263,257272,257276,257276,257283,257291,257276,257288
257335,257383,257408,,257427,257362,257393,,257356,257366,257376,257383,257414,257422,257369,257380
257427,257474,257505,257483,257555,257451,257478,257483,257446,257455,257465,257472,257479,257493,257460,257469
257555,257632,257652,257666,257703,257626,257635,257642,257621,257630,257633,257633,257638,257643,257633,257640
257703,257734,257760,257764,257782,257712,257738,257746,257706,257715,257724,257732,257739,257746,257719,257728
257782,257819,257852,257831,257869,257801,257827,257831,257796,257805,257813,257820,257828,257835,257808,257816
257869,257897,257918,257920,257957,257887,257914,257920,257882,257891,257902,257910,257916,257924,257894,257906
257957,257996,258007,258009,258043,257976,258002,258008,257971,257980,257990,257997,258005,258013,257985,257994
258043,258089,258119,258099,258145,258068,258094,258099,258063,258072,258081,258089,258095,258103,258076,258085
258145,258162,258185,258170,258212,258155,258166,258170,258149,258158,258162,258162,258167,258173,258162,258170
258212,258247,258268,258254,258297,258239,258250,258254,258233,258242,258246,258246,258251,258258,258246,258255
258297,258345,258359,,258390,258327,258356,258358,258322,258330,258338,258349,258384,258383,258334,258341
258390,258441,258465,,258486,258419,258451,,258414,258423,258433,258442,258476,258483,258427,258438
258486,258532,258556,,258572,258511,258540,,258505,258515,258524,258547,258568,258567,258519,258544
258572,258610,258632,258618,258663,258600,258613,258618,258594,258603,258607,258607,258614,258622,258607,258619
258663,258695,258714,258717,258758,258686,258709,258716,258680,258690,258698,258705,258712,258719,258694,258701
258758,258779,258798,258801,258839,258768,258791,258800,258762,258772,258779,258785,258795,258804,258775,258782
258839,258867,258879,258881,258912,258849,258875,258881,258843,258853,258862,258869,258877,258884,258856,258866
258912,258954,258969,,259001,258937,258964,258972,258932,258941,258950,258958,258994,258993,258944,258955
259001,259046,259056,,259090,259027,259052,259057,259022,259031,259040,259047,259080,259079,259035,259043
259090,259121,259128,259131,259171,259114,259125,259131,259109,259118,259122,259122,259126,259133,259122,259130
259171,259208,259215,259217,259263,259200,259212,259217,259195,259204,259207,259207,259213,259221,259207,259217
259263,259301,259310,259312,259357,259290,259306,259312,259285,259294,259298,259298,259308,259331,259298,259311
259357,259393,259400,259405,259463,259384,259396,259403,259378,259387,259392,259392,259398,259406,259392,259403
259463,259481,259502,259505,259536,259472,259496,259504,259467,259476,259484,259491,259500,259509,259480,259487
259536,259575,259581,259582,259629,259564,259578,259582,259558,259568,259572,259572,259579,259587,259572,259583
259629,259682,259705,,259723,259658,259689,,259652,259661,259671,259681,259718,259717,259665,259676
259723,259768,259781,259784,259828,259750,259777,259784,259744,259754,259763,259770,259779,259789,259758,259767
259828,259852,259870,259873,259916,259839,259863,259872,259834,259843,259854,259859,259867,259876,259846,259856
259916,259950,259962,259964,260000,259931,259959,259964,259925,259935,259944,259951,259961,259967,259939,259947
260000,260045,260057,260058,260098,260028,260054,260058,260021,260032,260042,260047,260055,260061,260037,260044
260098,260143,260157,260159,260202,260126,260153,260159,260119,260130,260140,260146,260155,260163,260133,260143
260202,260238,260253,260257,260303,260223,260248,260256,260216,260227,260236,260242,260252,260260,260231,260239
260303,260329,260346,260349,260388,260315,260341,260348,260308,260320,260332,260336,260344,260351,260323,260336
260388,260424,260440,260446,260483,260408,260435,260445,260402,260412,260422,260427,260439,260449,260416,260427
260483,260515,260531,260541,260578,260500,260525,260540,260494,260505,260514,260519,260534,260542,260509,260516
260578,260601,260619,260625,260663,260590,260613,260624,260583,260595,260604,260607,260618,260627,260598,260607
260663,260690,260706,260711,260745,260675,260700,260710,260668,260680,260688,260693,260705,260714,260683,260693
260745,260784,260811,,260829,260766,260798,,260760,260770,260778,260785,260824,260823,260773,260781
260829,260875,260888,,260922,260857,260883,260916,260851,260861,260870,260877,260911,260917,260866,260874
260922,260960,260978,260982,261009,260950,260962,260969,260944,260954,260958,260958,260963,260969,260958,260966
261009,261051,261069,261074,261105,261040,261052,261058,261034,261044,261048,261048,261053,261058,261048,261055
261105,261146,261165,261169,261201,261133,261148,261154,261128,261137,261141,261141,261149,261154,261141,261152
261201,261235,261272,261257,261288,261223,261240,261246,261217,261227,261230,261230,261241,261246,261230,261243
261288,261323,261358,,261374,261313,261325,,261307,261317,261321,261321,261326,261332,261321,261329
261374,261420,261432,,261464,261402,261427,261457,261396,261406,261415,261422,261452,261458,261409,261418
261464,261499,261520,261523,261549,261489,261501,261508,261483,261493,261497,261497,261502,261508,261497,261505
261549,261589,261629,,261641,261578,261590,,261572,261582,261586,261586,261591,261598,261586,261594
261641,261684,261698,,261733,261667,261693,261700,261662,261671,261682,261688,261720,261719,261674,261685
261733,261776,261789,261791,261837,261758,261785,261791,261752,261761,261769,261777,261787,261794,261765,261772
261837,261864,261877,261882,261916,261848,261871,261881,261841,261852,261860,261866,261875,261882,261855,261863
261916,261954,261967,261970,262015,261937,261963,261970,261931,261941,261951,261957,261965,261973,261944,261954
262015,262046,262070,,262099,262027,262056,,262020,262030,262037,262046,262057,262060,262033,262040
262099,262128,262144,262147,262180,262111,262139,262146,262105,262115,262123,262128,262143,262150,262118,262125
262180,262213,262228,262232,262268,262197,262223,262231,262191,262202,262211,262216,262226,262234,262206,262213
262268,262300,262315,,262347,262285,262310,262318,262278,262289,262313,262320,262344,262343,262293,262316
262347,262384,262401,262405,262438,262370,262395,262404,262363,262374,262382,262386,262399,262406,262377,262386
262438,262467,262482,262486,262518,262453,262477,262485,262446,262457,262465,262469,262480,262490,262460,262469
262518,262555,262583,262567,262603,262537,262564,262567,262531,262541,262549,262555,262565,262572,262544,262551
262603,262636,262650,262652,262688,262620,262645,262651,262614,262623,262632,262639,262648,262655,262627,262635
262688,262713,262728,262732,262763,262697,262722,262731,262692,262701,262709,262715,262726,262737,262704,262712
262763,262795,262826,,262844,262778,262801,,262772,262782,262790,262794,262802,262806,262785,262794
262844,262878,262892,262894,262929,262859,262888,262894,262854,262863,262872,262880,262890,262898,262867,262876
262929,262954,262968,262971,263006,262939,262964,262971,262933,262943,262951,262958,262966,262974,262947,262954
263006,263033,263045,263047,263085,263016,263041,263047,263010,263020,263029,263035,263043,263051,263024,263032
263085,263115,263126,263127,263168,263097,263123,263127,263091,263101,263109,263116,263124,263133,263104,263112
263168,263201,263213,,263242,263181,263208,263234,263175,263184,263193,263202,263230,263235,263188,263198
263242,263271,263276,263279,263326,263262,263273,263277,263256,263266,263270,263270,263274,263281,263270,263277
263326,263356,263369,263372,263403,263339,263364,263371,263334,263343,263352,263359,263367,263376,263347,263355
263403,263439,263452,263455,263488,263421,263447,263454,263415,263425,263432,263439,263451,263460,263428,263435
263488,263516,263528,263531,263563,263499,263522,263530,263493,263503,263511,263518,263526,263535,263506,263514
263563,263581,263601,263604,263633,263572,263595,263603,263566,263575,263585,263591,263599,263607,263580,263588
263633,263669,263680,263683,263718,263649,263675,263682,263643,263652,263662,263670,263679,263686,263656,263667
263718,263748,263759,263762,263791,263729,263754,263761,263723,263733,263742,263749,263757,263765,263737,263746
263791,263824,263835,263838,263869,263807,263830,263837,263801,263810,263819,263826,263833,263841,263814,263822
263869,263910,263941,,263952,263890,263921,,263884,263894,263903,263912,263948,263947,263898,263907
263952,263999,264021,,264042,263976,264009,,263970,263979,263993,264012,264030,264034,263982,264009
264042,264083,264092,264094,264127,264063,264088,264093,264057,264066,264074,264082,264090,264100,264070,264078
264127,264161,264167,264169,264215,264152,264164,264169,264146,264156,264159,264159,264165,264172,264159,264169
264215,264251,264255,264258,264306,264241,264252,264257,264236,264245,264249,264249,264253,264260,264249,264256
264306,264340,264347,264349,264400,264331,264343,264349,264326,264335,264339,264339,264345,264352,264339,264348
264400,264431,264437,264438,264487,264422,264434,264438,264416,264426,264430,264430,264435,264443,264430,264438
264487,264534,264546,,264581,264515,264541,264572,264509,264519,264527,264535,264568,264573,264523,264531
264581,264623,264663,264636,264686,264610,264633,264636,264604,264614,264623,264627,264634,264639,264618,264627
264686,264706,264723,264727,264772,264696,264716,264726,264690,264700,264711,264712,264721,264731,264704,264712
264772,264800,264813,264816,264849,264782,264808,264815,264776,264786,264796,264803,264811,264820,264789,264799
264849,264891,264904,,264940,264874,264900,264905,264868,264878,264887,264894,264935,264934,264882,264890
264940,264978,264991,264993,265035,264962,264987,264993,264956,264966,264975,264981,264989,264996,264969,264978
265035,265058,265075,265082,265115,265045,265070,265081,265039,265049,265057,265064,265074,265087,265052,265060
265115,265145,265157,265159,265195,265126,265153,265159,265120,265130,265139,265147,265155,265162,265133,265143
265195,265229,265246,265255,265289,265213,265238,265252,265207,265217,265225,265232,265245,265266,265220,265228
265289,265317,265329,265332,265359,265299,265324,265331,265293,265303,265313,265320,265327,265335,265309,265316
265359,265396,265409,265412,265452,265381,265404,265411,265375,265384,265393,265399,265407,265412,265388,265396
265452,265480,265492,265494,265529,265462,265489,265494,265456,265466,265474,265481,265490,265504,265469,265477
265529,265569,265582,265583,265620,265551,265579,265583,265546,265555,265563,265571,265580,265589,265558,265565
265620,265659,265692,,265704,265642,265673,,265636,265646,265656,265662,265695,265694,265649,265659
265704,265742,265757,265760,265790,265729,265741,265747,265724,265733,265736,265736,265742,265747,265736,265745
265790,265838,265868,,265888,265819,265852,,265813,265823,265832,265839,265868,265873,265827,265835
265888,265932,265942,265944,265982,265915,265939,265944,265909,265919,265926,265932,265940,265950,265922,265929
265982,266020,266037,266039,266087,266008,266033,266039,266002,266012,266023,266028,266035,266042,266017,266025
266087,266108,266126,266129,266163,266098,266120,266128,266091,266102,266110,266116,266123,266135,266106,266113
266163,266207,266226,,266260,266191,266220,266246,266185,266195,266205,266212,266240,266247,266199,266209
266260,266301,266336,266316,266364,266285,266312,266316,266279,266289,266298,266302,266313,266318,266293,266302
266364,266389,266409,266411,266454,266376,266399,266411,266370,266380,266389,266391,266407,266415,266384,266391
266454,266481,266498,266503,266539,266465,266492,266502,266459,266469,266478,266482,266496,266510,266472,266482
266539,266578,266598,,266636,266563,266589,266599,266556,266567,266596,266603,266623,266622,266570,266600
266636,266674,266690,266694,266736,266660,266684,266693,266654,266665,266674,266678,266688,266697,266668,266678
266736,266759,266774,266788,266825,266747,266768,266780,266741,266751,266760,266760,266772,266780,266754,266760
266825,266850,266869,266877,266906,266837,266862,266876,266831,266842,266851,266855,266868,266877,266846,266855
266906,266942,266961,266967,267006,266931,266954,266966,266924,266936,266946,266948,266960,266970,266940,266948
267006,267029,267048,267054,267093,267018,267040,267053,267012,267023,267035,267035,267046,267062,267027,267035
267093,267118,267136,267141,267177,267106,267130,267140,267099,267110,267123,267123,267134,267143,267115,267123
267177,267212,267229,267233,267273,267198,267224,267232,267192,267203,267213,267217,267227,267236,267207,267217
267273,267303,267321,267327,267364,267291,267314,267326,267284,267295,267305,267305,267320,267330,267298,267305
267364,267393,267411,267415,267446,267379,267404,267414,267373,267383,267391,267397,267410,267419,267387,267394
267446,267488,267509,,267546,267474,267499,267511,267468,267478,267487,267491,267540,267539,267482,267491
267546,267582,267597,267604,267649,267569,267592,267603,267563,267574,267582,267587,267596,267609,267577,267584
267649,267676,267692,267696,267731,267660,267687,267695,267654,267664,267674,267679,267691,267700,267669,267676
267731,267769,267788,,267827,267755,267781,267819,267749,267760,267786,267794,267814,267820,267765,267790
267827,267861,267876,267882,267925,267848,267870,267881,267841,267853,267864,267864,267875,267885,267857,267864
267925,267948,267964,267970,268014,267936,267958,267969,267930,267941,267950,267952,267963,267975,267944,267952
268014,268043,268060,268066,268100,268028,268053,268065,268021,268032,268040,268044,268059,268069,268036,268044
268100,268131,268148,268155,268192,268118,268142,268154,268111,268123,268134,268134,268147,268158,268127,268134
268192,268215,268234,268239,268279,268203,268226,268238,268197,268208,268220,268220,268232,268241,268212,268220
268279,268305,268324,268330,268364,268293,268317,268329,268286,268298,268310,268310,268322,268337,268303,268310
268364,268402,268419,,268457,268389,268412,268421,268382,268393,268417,268424,268450,268449,268397,268421
268457,268492,268510,268516,268556,268480,268504,268515,268474,268484,268494,268497,268509,268519,268488,268497
268556,268583,268602,268605,268640,268569,268596,268604,268563,268573,268583,268589,268600,268608,268577,268586
268640,268683,268717,268697,268741,268667,268693,268697,268661,268672,268680,268685,268694,268707,268676,268685
268741,268776,268795,268799,268837,268764,268789,268798,268757,268769,268779,268784,268793,268801,268774,268784
268837,268870,268885,268888,268931,268856,268881,268888,268850,268861,268871,268874,268883,268893,268865,268874
268931,268970,268984,268987,269029,268952,268979,268986,268946,268956,268964,268970,268982,268989,268960,268967
269029,269055,269072,269076,269118,269042,269065,269075,269036,269047,269059,269059,269070,269079,269051,269059
269118,269145,269162,269168,269205,269132,269156,269167,269125,269136,269146,269149,269160,269173,269140,269149
269205,269242,269258,269263,269299,269227,269252,269262,269220,269231,269240,269245,269256,269266,269235,269245
269299,269330,269347,269354,269393,269318,269340,269353,269312,269323,269332,269334,269345,269357,269326,269334
269393,269418,269436,269441,269483,269404,269428,269440,269398,269409,269419,269419,269434,269442,269412,269419
269483,269506,269525,269531,269551,269494,269508,269511,269488,269499,269503,269503,269509,269511,269503,269510
269551,269594,269616,269621,269659,269586,269600,269605,269580,269590,269595,269595,269601,269605,269595,269603
269659,269684,269702,269708,269747,269673,269695,269707,269666,269677,269688,269688,269700,269711,269681,269688
269747,269771,269789,269795,269831,269757,269782,269794,269750,269761,269771,269774,269788,269800,269765,269774
269831,269861,269876,269881,269920,269846,269870,269880,269840,269851,269861,269861,269875,269885,269854,269861
269920,269949,269965,269970,270014,269935,269959,269969,269929,269939,269949,269953,269963,269975,269943,269953
270014,270042,270055,270056,270109,270026,270051,270056,270019,270030,270039,270044,270053,270058,270033,270041
270109,270134,270148,270151,270196,270119,270143,270150,270113,270123,270132,270138,270146,270154,270127,270135
270196,270222,270237,270240,270284,270209,270233,270240,270202,270213,270222,270227,270235,270242,270217,270224
270284,270320,270334,270338,270379,270305,270330,270338,270299,270309,270319,270320,270333,270342,270312,270320
270379,270414,270429,270433,270477,270400,270424,270432,270394,270405,270414,270419,270427,270436,270409,270419
270477,270504,270518,270521,270562,270488,270513,270521,270482,270492,270501,270505,270516,270525,270496,270505
270562,270602,270616,270618,270656,270586,270613,270618,270579,270590,270602,270606,270614,270621,270594,270606
270656,270698,270714,270717,270760,270684,270708,270716,270678,270689,270698,270702,270712,270720,270693,270702
270760,270785,270799,270805,270831,270771,270793,270804,270764,270775,270782,270788,270797,270805,270779,270785
270831,270865,270882,270888,270919,270853,270874,270887,270847,270856,270863,270866,270881,270895,270859,270866
270919,270946,270960,270965,270996,270931,270953,270964,270924,270935,270944,270944,270958,270971,270938,270944
270996,271019,271032,271037,271066,271005,271026,271036,270998,271009,271016,271020,271031,271040,271012,271020
271066,271091,271111,,271142,271077,271102,271137,271071,271081,271090,271095,271135,271138,271085,271092
271142,271170,271183,271190,271230,271152,271177,271189,271146,271156,271164,271170,271181,271194,271159,271167
271230,271258,271270,271274,271312,271239,271265,271273,271233,271243,271251,271259,271268,271284,271246,271255
271312,271353,271369,271371,271411,271335,271365,271371,271330,271338,271347,271354,271367,271375,271342,271349
271411,271453,271465,271468,271506,271436,271461,271468,271430,271439,271448,271454,271463,271475,271442,271451
271506,271539,271558,271561,271594,271528,271542,271548,271523,271533,271536,271536,271543,271548,271536,271546
271594,271632,271652,271654,271693,271619,271647,271654,271614,271623,271632,271639,271650,271659,271627,271635
271693,271735,271755,271757,271795,271721,271737,271745,271715,271725,271729,271729,271738,271745,271729,271742
271795,271838,271858,271861,271903,271828,271854,271861,271822,271832,271843,271849,271856,271865,271836,271846
271903,271941,271954,271955,272003,271925,271951,271955,271919,271929,271938,271944,271952,271958,271932,271941
272003,272036,272054,272061,272094,272025,272049,272060,272019,272029,272039,272045,272053,272066,272032,272042
272094,272135,272151,272155,272200,272120,272145,272155,272114,272124,272133,272139,272149,272159,272128,272136
272200,272238,272251,272253,272295,272221,272248,272253,272214,272224,272233,272238,272249,272258,272228,272235
272295,272336,272353,272358,272406,272322,272346,272357,272316,272326,272336,272340,272351,272362,272330,272340
272406,272430,272448,272451,272500,272416,272441,272450,272409,272420,272431,272434,272445,272454,272424,272434
272500,272525,272542,272546,272592,272512,272536,272545,272505,272517,272526,272530,272540,272549,272521,272530
272592,272615,272633,272638,272683,272603,272626,272637,272596,272607,272618,272618,272631,272642,272611,272618
272683,272708,272726,272731,272773,272695,272720,272730,272688,272699,272710,272714,272724,272737,272704,272714
272773,272803,272821,272826,272870,272789,272814,272825,272783,272794,272804,272807,272819,272829,272798,272807
272870,272896,272911,272915,272956,272882,272906,272914,272875,272887,272895,272900,272909,272917,272890,272900
272956,272993,273013,273016,273058,272979,273006,273015,272973,272984,272994,272998,273012,273020,272988,272998
273058,273096,273112,273117,273164,273082,273107,273117,273076,273086,273096,273098,273110,273121,273089,273098
273164,273196,273214,273218,273254,273182,273209,273217,273176,273186,273198,273202,273213,273222,273190,273202
273254,273300,273318,273321,273358,273285,273301,273306,273278,273290,273294,273294,273302,273306,273294,273304
273358,273393,273409,273417,273465,273381,273404,273417,273375,273386,273398,273398,273407,273421,273390,273398
273465,273494,273508,273509,273561,273476,273505,273509,273469,273480,273490,273492,273506,273513,273483,273492
273561,273593,273602,273605,273649,273573,273598,273605,273565,273577,273586,273591,273601,273610,273581,273588
273649,273682,273696,273700,273756,273668,273692,273700,273662,273673,273684,273684,273694,273708,273676,273684
273756,273789,273821,,273838,273766,273798,273804,273760,273770,273777,273784,273799,273804,273773,273780
273838,273877,273889,273893,273943,273859,273883,273892,273853,273862,273869,273876,273887,273895,273865,273873
273943,273963,273983,273991,274039,273953,273976,273990,273947,273958,273970,273972,273982,273994,273962,273972
274039,274065,274082,274086,274135,274050,274076,274086,274044,274054,274065,274069,274080,274089,274058,274069
274135,274163,274177,274181,274233,274146,274171,274180,274139,274150,274159,274165,274175,274183,274154,274162
274233,274257,274275,274278,274326,274244,274269,274278,274237,274248,274260,274263,274273,274283,274251,274263
274326,274348,274368,274373,274412,274337,274362,274372,274331,274341,274351,274357,274366,274377,274344,274354
274412,274436,274452,274457,274490,274423,274447,274456,274416,274427,274437,274442,274451,274464,274431,274439
274490,274514,274528,274532,274567,274500,274524,274532,274493,274504,274513,274518,274527,274535,274508,274515
274567,274592,274609,274612,274647,274577,274603,274611,274571,274581,274592,274598,274607,274615,274586,274595
274647,274676,274690,274695,274732,274658,274685,274694,274652,274662,274672,274678,274688,274697,274666,274675
274732,274756,274769,274779,274818,274742,274764,274771,274736,274746,274754,274758,274767,274771,274749,274758
274818,274843,274857,274860,274900,274827,274852,274860,274821,274831,274840,274844,274855,274863,274834,274844
274900,274924,274938,274940,274980,274908,274935,274940,274902,274912,274923,274928,274936,274945,274916,274925
274980,275000,275016,275019,275054,274989,275009,275018,274983,274993,275005,275005,275014,275020,274997,275005
275054,275075,275094,275097,275140,275065,275087,275096,275059,275070,275079,275084,275092,275099,275074,275084
275140,275168,275205,275182,275225,275149,275180,275182,275143,275153,275162,275166,275181,275188,275157,275166
275225,275245,275265,275267,275307,275235,275260,275267,275229,275239,275249,275256,275263,275270,275243,275252
275307,275332,275349,275352,275399,275319,275344,275352,275313,275322,275332,275338,275347,275356,275326,275335
275399,275422,275441,275444,275487,275410,275437,275444,275404,275414,275424,275431,275439,275449,275419,275428
275487,275523,275532,275534,275586,275503,275528,275534,275497,275507,275516,275523,275530,275538,275511,275519
275586,275609,275627,275631,275673,275596,275621,275631,275590,275600,275611,275616,275625,275637,275604,275613
275673,275698,275716,275720,275760,275685,275710,275719,275680,275689,275700,275705,275714,275723,275692,275705
275760,275784,275797,275803,275845,275770,275791,275802,275764,275774,275781,275786,275795,275808,275777,275786
275845,275870,275886,275891,275932,275854,275880,275891,275848,275858,275868,275873,275884,275895,275862,275870
275932,275958,275970,275979,276023,275943,275964,275978,275936,275947,275954,275958,275968,275983,275949,275958
276023,276051,276082,276062,276113,276031,276058,276062,276025,276034,276042,276049,276059,276070,276037,276045
276113,276136,276155,276158,276209,276126,276150,276158,276120,276130,276140,276145,276153,276162,276134,276142
276209,276247,276275,,276300,276218,276250,276258,276212,276221,276228,276234,276251,276258,276224,276231
276300,276335,276372,,276391,276314,276339,276351,276309,276318,276328,276334,276340,276351,276322,276331
276391,276419,276441,276445,276487,276409,276436,276445,276403,276414,276424,276431,276440,276449,276418,276427
276487,276522,276535,276539,276579,276505,276531,276539,276499,276509,276518,276524,276534,276544,276512,276521
276579,276620,276635,276636,276674,276603,276632,276636,276597,276606,276615,276618,276633,276639,276610,276618
276674,276715,276727,276729,276784,276698,276723,276729,276692,276702,276710,276716,276725,276732,276706,276713
276784,276811,276826,276829,276867,276794,276821,276829,276789,276798,276807,276814,276824,276834,276801,276811
276867,276912,276922,276925,276970,276893,276917,276924,276886,276897,276906,276913,276920,276928,276902,276909
276970,277010,277022,277025,277080,276993,277017,277025,276987,276997,277006,277012,277020,277028,277002,277012
277080,277109,277119,277121,277175,277090,277116,277121,277084,277094,277103,277110,277117,277123,277098,277106
277175,277203,277216,277222,277264,277186,277211,277222,277180,277190,277199,277204,277215,277227,277194,277201
277264,277293,277308,277312,277362,277279,277304,277312,277273,277283,277292,277298,277306,277316,277287,277295
277362,277387,277401,277408,277436,277372,277397,277407,277366,277376,277384,277390,277400,277412,277379,277387
277436,277481,277495,277497,277536,277464,277490,277497,277457,277468,277478,277483,277493,277501,277473,277480
277536,277564,277580,277583,277622,277550,277576,277583,277544,277554,277564,277570,277579,277587,277557,277567
277622,277651,277664,277667,277712,277633,277659,277667,277627,277636,277646,277653,277662,277670,277640,277650
277712,277738,277752,277756,277794,277723,277749,277756,277717,277727,277737,277743,277751,277766,277732,277740
277794,277830,277843,277846,277888,277816,277839,277846,277810,277820,277829,277833,277841,277850,277823,277833
277888,277925,277938,277941,277979,277908,277934,277941,277902,277912,277920,277927,277936,277945,277915,277923
277979,278013,278030,278034,278074,278002,278026,278034,277996,278006,278015,278020,278028,278041,278010,278020
278074,278107,278125,278130,278175,278095,278119,278130,278089,278100,278110,278113,278124,278134,278104,278113
278175,278199,278217,278221,278258,278187,278211,278220,278181,278191,278201,278207,278216,278225,278195,278204
278258,278290,278309,278313,278354,278278,278304,278313,278272,278282,278295,278298,278307,278317,278285,278298
278354,278379,278393,278397,278440,278365,278388,278396,278359,278369,278377,278383,278391,278400,278373,278380
278440,278467,278482,278488,278524,278452,278477,278488,278446,278456,278466,278470,278481,278492,278460,278470
278524,278554,278570,278573,278611,278541,278565,278572,278535,278545,278555,278561,278568,278584,278549,278558
278611,278642,278662,278664,278701,278631,278656,278663,278625,278635,278644,278651,278660,278668,278638,278647
278701,278738,278752,,278786,278720,278747,278754,278714,278724,278733,278759,278781,278780,278727,278754
278786,278824,278838,278842,278881,278810,278831,278841,278804,278813,278821,278826,278836,278852,278816,278823
278881,278906,278928,278931,278974,278896,278924,278931,278890,278900,278910,278918,278927,278934,278904,278912
278974,278999,279016,279019,279050,278984,279008,279018,278978,278988,278995,279000,279014,279022,278991,279000
279050,279082,279100,279102,279143,279071,279096,279102,279066,279075,279087,279091,279098,279105,279079,279091
279143,279166,279181,279195,279225,279155,279174,279188,279150,279160,279168,279171,279180,279193,279163,279171
279225,279240,279256,279261,279295,279232,279251,279260,279226,279236,279244,279248,279254,279263,279239,279248
279295,279312,279333,279338,279358,279305,279317,279322,279299,279309,279312,279312,279320,279322,279312,279321
279358,279385,279409,279394,279433,279376,279390,279394,279371,279381,279386,279386,279391,279399,279386,279395
279433,279469,279480,279483,279512,279448,279475,279482,279442,279451,279463,279470,279478,279486,279455,279467
279512,279527,279551,279561,279585,279519,279543,279560,279513,279523,279532,279536,279550,279566,279526,279536
279585,279604,279624,279629,279662,279593,279619,279627,279587,279597,279608,279614,279622,279631,279601,279611
279662,279684,279702,279709,279747,279673,279695,279708,279667,279677,279687,279687,279700,279713,279680,279687
279747,279765,279774,279776,279828,279756,279769,279776,279751,279760,279764,279764,279771,279779,279764,279775
279828,279852,279870,279873,279910,279840,279865,279873,279834,279844,279853,279859,279868,279877,279848,279856
279910,279939,279957,279962,280004,279928,279953,279962,279922,279932,279942,279948,279956,279967,279937,279945
280004,280031,280044,280047,280096,280017,280039,280047,280011,280021,280030,280033,280042,280049,280025,280033
280096,280119,280138,280141,280184,280108,280133,280141,280102,280112,280123,280129,280136,280145,280118,280126
280184,280204,280224,280227,280272,280194,280217,280227,280189,280198,280212,280212,280222,280231,280202,280212
280272,280300,280333,280317,280357,280283,280312,280317,280277,280287,280296,280303,280314,280323,280291,280299
280357,280390,280404,280409,280454,280373,280399,280409,280367,280378,280387,280390,280403,280412,280382,280390
280454,280483,280497,280500,280542,280467,280493,280500,280460,280471,280479,280485,280496,280504,280474,280482
280542,280568,280584,280588,280629,280554,280579,280588,280548,280559,280570,280572,280582,280592,280563,280572
280629,280657,280670,280673,280714,280641,280665,280673,280635,280644,280653,280658,280668,280678,280648,280655
280714,280739,280752,280759,280797,280725,280747,280759,280719,280729,280737,280739,280750,280766,280732,280739
280797,280821,280836,280840,280874,280806,280829,280839,280800,280810,280819,280824,280834,280844,280814,280824
280874,280897,280913,280916,280950,280882,280904,280916,280875,280886,280893,280897,280911,280920,280889,280897
280950,280976,280994,280998,281032,280959,280987,280997,280953,280963,280972,280976,280992,281006,280966,280976
281032,281060,281072,281075,281119,281042,281068,281075,281036,281046,281055,281061,281070,281078,281049,281058
281119,281151,281166,281169,281218,281136,281161,281169,281130,281140,281148,281148,281164,281173,281142,281148
281218,281249,281262,281264,281298,281231,281258,281264,281225,281235,281245,281251,281260,281268,281238,281248
281298,281337,281348,281350,281389,281320,281343,281350,281314,281323,281331,281337,281345,281355,281327,281333
281389,281427,281444,,281478,281411,281439,281469,281406,281415,281425,281432,281464,281470,281418,281428
281478,281511,281529,281533,281574,281501,281525,281533,281495,281505,281514,281520,281528,281536,281509,281517
281574,281611,281622,281624,281671,281596,281619,281624,281590,281600,281608,281613,281620,281627,281603,281610
281671,281706,281722,281726,281760,281692,281716,281725,281686,281695,281705,281710,281721,281730,281699,281710
281760,281797,281813,281817,281859,281785,281808,281816,281779,281789,281797,281803,281811,281824,281793,281800
281859,281887,281904,281908,281954,281875,281900,281908,281869,281879,281888,281893,281903,281912,281882,281890
281954,281982,281996,281998,282042,281965,281992,281998,281959,281969,281979,281985,281994,282001,281973,281982
282042,282072,282086,282092,282135,282054,282080,282090,282048,282058,282067,282071,282084,282094,282061,282071
282135,282162,282175,282178,282218,282144,282170,282178,282138,282148,282157,282162,282173,282183,282152,282162
282218,282244,282274,282257,282300,282228,282253,282257,282222,282232,282242,282246,282254,282262,282236,282246
282300,282325,282335,282337,282373,282308,282330,282337,282301,282312,282322,282322,282333,282342,282315,282322
282373,282393,282412,282416,282443,282380,282406,282415,282374,282384,282400,282400,282411,282418,282387,282400
282443,282470,282481,282490,282518,282452,282477,282484,282446,282456,282465,282471,282479,282484,282459,282468
282518,282542,282558,282561,282592,282526,282549,282560,282519,282531,282540,282543,282556,282565,282535,282543
282592,282616,282629,282633,282668,282600,282623,282632,282594,282603,282611,282618,282627,282635,282607,282614
282668,282688,282708,282713,282791,282677,282702,282713,282671,282680,282690,282696,282706,282718,282684,282692
282791,282816,282842,282867,282918,282847,282872,282851,282790,282814,282820,282826,282841,282851,282817,282823
282918,282950,282977,282963,283002,282932,282959,282963,282926,282936,282944,282950,282960,282968,282939,282946
283002,283027,283039,283043,283075,283011,283034,283043,283004,283015,283024,283029,283037,283049,283019,283026
283075,283102,283113,283116,283154,283084,283108,283116,283079,283088,283095,283102,283111,283121,283091,283098
283154,283176,283193,283197,283235,283163,283188,283197,283157,283167,283177,283182,283191,283201,283170,283179
283235,283258,283274,283275,283318,283246,283271,283275,283240,283250,283259,283265,283272,283278,283254,283262
283318,283347,283360,283364,283401,283330,283355,283364,283323,283334,283342,283348,283358,283371,283337,283345
283401,283424,283441,283444,283479,283411,283435,283444,283405,283415,283428,283428,283439,283448,283419,283428
283479,283503,283518,283522,283559,283490,283512,283521,283483,283494,283503,283507,283516,283532,283498,283507
283559,283582,283601,283605,283637,283569,283595,283604,283562,283573,283583,283590,283599,283609,283577,283587
283637,283666,283678,283680,283718,283648,283674,283680,283641,283652,283661,283668,283676,283683,283656,283664
283718,283742,283758,283762,283798,283729,283751,283761,283723,283733,283742,283746,283756,283766,283736,283746
283798,283820,283839,283843,283878,283810,283833,283842,283804,283814,283823,283828,283837,283845,283818,283825
283878,283916,283949,,283969,283898,283927,,283893,283902,283911,283918,283928,283938,283906,283914
283969,284004,284014,284014,284055,283987,284011,284014,283981,283992,284000,284006,284012,284025,283996,284003
284055,284085,284091,284093,284153,284075,284088,284093,284069,284080,284084,284084,284089,284096,284084,284092
284153,284182,284214,284218,284240,284166,284189,284204,284160,284170,284180,284182,284190,284204,284174,284182
284240,284271,284288,284292,284336,284260,284283,284292,284254,284264,284273,284278,284287,284296,284267,284275
284336,284356,284376,284380,284424,284346,284371,284380,284340,284351,284362,284367,284374,284383,284356,284364
284424,284451,284466,284469,284514,284436,284462,284469,284430,284440,284450,284456,284464,284475,284444,284453
284514,284544,284556,284559,284600,284526,284551,284559,284519,284530,284539,284545,284554,284564,284534,284542
284600,284622,284639,284642,284686,284611,284635,284642,284605,284615,284625,284630,284637,284645,284620,284630
284686,284711,284728,284731,284772,284697,284722,284731,284690,284701,284711,284716,284726,284735,284706,284713
284772,284802,284814,284819,284865,284785,284810,284819,284779,284789,284799,284803,284812,284826,284793,284803
284865,284894,284907,284910,284950,284877,284903,284910,284870,284881,284893,284896,284905,284915,284885,284896
284950,284983,285006,285009,285050,284972,284997,285009,284966,284976,284985,284990,285004,285012,284980,284987
285050,285080,285099,285102,285138,285069,285095,285102,285063,285073,285083,285090,285098,285107,285078,285087
285138,285182,285193,285196,285239,285163,285188,285196,285157,285166,285176,285183,285190,285201,285170,285179
285239,285275,285293,285295,285337,285263,285289,285295,285257,285267,285278,285284,285291,285298,285271,285281
285337,285373,285379,285399,285440,285363,285389,285398,285358,285367,285377,285385,285393,285403,285371,285381
285440,285472,285487,285494,285534,285462,285482,285494,285455,285466,285476,285478,285486,285500,285470,285478
285534,285564,285582,285585,285635,285554,285578,285585,285548,285557,285568,285573,285580,285587,285561,285570
285635,285665,285678,285682,285738,285649,285674,285682,285643,285653,285663,285668,285677,285689,285656,285668
285738,285765,285779,285783,285833,285748,285773,285783,285742,285752,285761,285767,285777,285788,285756,285764
285833,285856,285872,285878,285924,285842,285864,285875,285836,285846,285855,285859,285870,285879,285849,285859
285924,285943,285961,285966,286012,285934,285955,285965,285927,285938,285947,285951,285959,285969,285942,285951
286012,286036,286053,286056,286091,286023,286049,286056,286017,286027,286037,286043,286051,286059,286031,286040
286091,286121,286136,286138,286176,286106,286131,286138,286100,286111,286124,286124,286134,286142,286114,286124
286176,286205,286214,286218,286254,286185,286210,286218,286179,286189,286197,286204,286212,286224,286192,286200
286254,286279,286292,286296,286328,286262,286287,286294,286255,286266,286279,286281,286290,286298,286269,286281
286328,286353,286364,286367,286401,286336,286359,286366,286329,286339,286347,286354,286362,286369,286342,286351
286401,286428,286440,286444,286484,286410,286435,286443,286403,286414,286423,286430,286438,286445,286419,286427
286484,286513,286524,286527,286576,286494,286520,286527,286487,286497,286506,286512,286522,286538,286501,286509
286576,286612,286625,286627,286676,286595,286621,286627,286589,286599,286609,286615,286623,286630,286604,286612
286676,286713,286728,286731,286779,286697,286721,286730,286691,286700,286709,286715,286726,286734,286704,286711
286779,286815,286827,286830,286874,286799,286823,286830,286793,286802,286812,286817,286825,286834,286806,286817
286874,286902,286913,286920,286949,286884,286907,286918,286879,286888,286897,286903,286912,286924,286892,286900
286949,286972,286991,,287022,286962,286984,286995,286956,286967,286990,287002,287017,287016,286972,286996
287022,287056,287064,287070,287101,287035,287059,287067,287029,287039,287048,287053,287062,287071,287043,287053
287101,287116,287138,287147,287171,287108,287131,287142,287102,287111,287120,287127,287137,287146,287115,287123
287171,287190,287211,287214,287251,287180,287207,287214,287175,287184,287195,287202,287209,287218,287188,287199
287251,287281,287291,287296,287331,287259,287286,287295,287253,287263,287273,287282,287290,287301,287266,287278
287331,287357,287365,287386,287416,287348,287374,287385,287342,287352,287363,287370,287378,287391,287356,287366
287416,287454,287463,287465,287517,287445,287458,287465,287440,287449,287453,287453,287460,287468,287453,287464
287517,287548,287556,287576,287636,287540,287552,287561,287534,287544,287554,287563,287569,287577,287547,287559
287636,287655,287692,287703,287758,287696,287705,287714,287690,287699,,,287690,,287703,
287758,287778,287801,287803,287833,287769,287796,287802,287763,287773,287783,287791,287799,287807,287777,287787
287833,287863,287875,287878,287907,287841,287869,287876,287835,287845,287853,287861,287873,287881,287848,287856
287907,287922,287944,287948,287983,287914,287939,287947,287908,287918,287928,287935,287942,287951,287923,287932
287983,288012,288022,288025,288068,287991,288018,288025,287985,287994,288004,288012,288020,288029,287998,288008
288068,288097,288110,288113,288163,288077,288105,288113,288071,288080,288090,288099,288108,288117,288084,288094
288163,288181,288202,288209,288259,288172,288185,288191,288166,288176,288181,288181,288187,288193,288181,288190
288259,288286,288296,288298,288343,288268,288292,288298,288262,288272,288281,288287,288294,288308,288275,288284
288343,288367,288382,288384,288419,288354,288372,288375,288348,288358,288373,288375,288380,288388,288360,288363
288419,288447,288458,288461,288497,288429,288454,288461,288423,288433,288442,288448,288456,288466,288437,288445
288497,288521,288536,288539,288572,288506,288531,288539,288500,288509,288518,288522,288534,288543,288512,288522
288572,288592,288610,288612,288646,288580,288604,288612,288574,288584,288596,288597,288607,288617,288588,288597
288646,288672,288684,288688,288727,288655,288679,288688,288649,288659,288667,288673,288682,288694,288662,288670
288727,288754,288767,288771,288809,288736,288763,288771,288730,288740,288748,288754,288766,288775,288743,288750
288809,288843,288858,288863,288902,288829,288853,288862,288823,288832,288842,288848,288857,288868,288836,288845
288902,288932,288950,288952,288998,288921,288947,288952,288916,288925,288937,288942,288948,288954,288929,288942
288998,289023,289037,289040,289079,289009,289033,289040,289002,289013,289023,289028,289035,289044,289018,289028
289079,289107,289119,289122,289158,289090,289114,289122,289084,289094,289103,289107,289117,289128,289097,289107
289158,289182,289197,289201,289233,289168,289191,289200,289161,289172,289181,289186,289195,289206,289176,289183
289233,289253,289271,289275,289304,289241,289264,289274,289235,289245,289256,289256,289270,289279,289249,289256
289304,289325,289341,289344,289376,289313,289336,289343,289307,289317,289327,289332,289339,289347,289321,289329
289376,289403,289416,289421,289453,289386,289410,289420,289380,289389,289398,289404,289415,289426,289393,289401
289453,289478,289491,289495,289532,289461,289486,289494,289455,289465,289475,289481,289489,289497,289470,289478
289532,289555,289576,289580,289619,289543,289570,289579,289537,289547,289562,289566,289574,289582,289550,289557
289619,289645,289659,289662,289700,289629,289655,289662,289623,289632,289644,289649,289657,289666,289635,289649
289700,289731,289741,289744,289783,289712,289737,289744,289706,289716,289725,289732,289739,289752,289720,289728
289783,289808,289861,289865,289929,289792,289847,289864,289785,289795,289811,289829,289859,289868,289798,289826
289929,289953,289964,289969,290002,289937,289959,289967,289931,289940,289949,289954,289962,289970,289944,289951
290002,290042,290076,290089,290145,290009,290056,290080,290003,290012,290020,290043,290074,290083,290016,290038
290145,290173,290184,290190,290223,290153,290179,290187,290146,290156,290168,290174,290182,290191,290161,290171
290223,290252,290263,290269,290311,290231,290257,290267,290225,290234,290242,290250,290261,290272,290237,290246
290311,290336,290345,290352,290402,290319,290341,290349,290313,290323,290331,290335,290344,290352,290326,290335
290402,290423,290461,290438,290492,290411,290435,290438,290406,290414,290425,290427,290436,290448,290418,290427
290492,290520,290532,290533,290577,290503,290529,290533,290498,290507,290515,290520,290530,290546,290510,290517
290577,290622,290649,,290653,290586,290625,,290580,290589,290602,290623,290641,290642,290593,290619
290653,290681,290692,290697,290726,290660,290686,290694,290654,290664,290673,290681,290690,290699,290668,290677
290726,290753,290763,290771,290799,290733,290757,290766,290728,290737,290746,290752,290761,290773,290740,290749
290799,290824,290834,290840,290870,290806,290829,290839,290800,290809,290818,290824,290832,290851,290813,290821
290870,290891,290907,290913,290945,290877,290900,290909,290871,290881,290892,290897,290904,290918,290886,290894
290945,290974,290983,290989,291030,290953,290978,290986,290947,290956,290964,290972,290981,290992,290960,290967
291030,291064,291071,291073,291117,291039,291067,291072,291034,291043,291051,291061,291069,291076,291046,291054
291117,291143,291157,291159,291211,291127,291152,291159,291122,291131,291139,291143,291155,291164,291134,291143
291211,291238,291251,291253,291297,291221,291248,291253,291215,291225,291237,291242,291249,291258,291229,291239
291297,291327,291338,291342,291384,291309,291333,291341,291303,291313,291321,291327,291336,291347,291317,291324
291384,291418,291439,291441,291466,291392,291420,291429,291386,291396,291407,291415,291421,291429,291400,291410
291466,291483,291506,,291520,291474,291489,291497,291469,291478,291481,291481,291490,291497,291481,291494
291520,291539,291553,291563,291582,291529,291546,291557,291520,291537,291548,291548,291552,291561,291548,291556
291582,291601,291635,291675,291754,291639,291679,291642,291584,291603,291619,291626,291633,291642,291611,291623
291754,291804,291824,,291845,291795,291812,,291789,291800,291811,291811,291825,291842,291805,291811
291845,291915,291960,291970,292040,291878,291950,291963,291872,291881,291888,291893,291958,291967,291884,291890
292040,292054,292071,292077,292116,292046,292056,292063,292040,292049,292058,292063,292068,292078,292053,292060
292116,292163,292203,,292228,292126,292184,292208,292119,292129,292138,292163,292202,292213,292132,292158
292228,292246,292287,292311,292360,292291,292313,292323,292285,292295,,,292285,,292299,
292360,292379,292399,292403,292435,292370,292394,292402,292364,292373,292382,292389,292398,292407,292377,292385
292435,292475,292486,292487,292526,292454,292482,292487,292448,292457,292466,292476,292484,292495,292460,292473
292526,292561,292587,292589,292617,292540,292567,292577,292533,292543,292552,292558,292568,292577,292547,292555
292617,292662,292677,292679,292699,292626,292669,292678,292620,292629,292637,292667,292675,292680,292632,292664
292699,292746,292782,292793,292854,292708,292757,292786,292702,292712,292721,292752,292780,292789,292716,292739
292854,292870,292890,292893,292925,292861,292885,292893,292855,292865,292874,292881,292888,292900,292869,292877
292925,292971,293000,293015,293066,292933,292990,293003,292928,292937,292944,292970,292998,293008,292940,292966
293066,293085,293104,293107,293136,293075,293098,293106,293069,293078,293087,293093,293102,293110,293082,293090
293136,293155,293173,293176,293205,293143,293167,293175,293138,293146,293154,293160,293171,293180,293149,293156
293205,293233,293241,293243,293277,293213,293237,293243,293207,293215,293223,293230,293239,293253,293219,293226
293277,293291,293315,293334,293352,293284,293308,293322,293279,293287,293295,293304,293314,293329,293291,293298
293352,293368,293390,293399,293425,293361,293382,293395,293355,293364,293374,293379,293388,293399,293368,293376
293425,293452,293468,,293492,293444,293461,,293438,293450,293460,293460,293467,293476,293455,293460
293492,293536,293548,293552,293588,293518,293542,293551,293513,293522,293530,293537,293546,293559,293526,293533
293588,293601,293610,293612,293656,293595,293604,293611,293589,293598,293602,293602,293608,293614,293602,293611
293656,293687,293703,293708,293748,293674,293696,293707,293668,293678,293686,293691,293702,293713,293681,293688
293748,293770,293789,293793,293827,293759,293785,293793,293754,293763,293774,293780,293788,293800,293766,293780
293827,293856,293877,293883,293923,293845,293872,293881,293839,293848,293863,293868,293876,293886,293851,293857
293923,293938,293958,293966,294005,293931,293951,293962,293926,293934,293943,293948,293956,293967,293938,293945
294005,294020,294040,294046,294084,294012,294035,294044,294007,294016,294024,294030,294038,294048,294019,294027
294084,294103,294123,294112,294160,294092,294106,294112,294086,294096,294102,294102,294108,294114,294102,294111
294160,294177,294198,294203,294226,294167,294188,294202,294161,294171,294178,294183,294196,294208,294174,294180
294226,294250,294269,294275,294306,294240,294263,294274,294235,294244,294253,294258,294268,294278,294248,294255
294306,294332,294347,294350,294385,294315,294342,294350,294308,294319,294330,294335,294345,294353,294324,294332
294385,294410,294424,294428,294472,294393,294417,294427,294386,294396,294404,294410,294422,294430,294399,294407
294472,294500,294510,294518,294563,294481,294506,294512,294475,294485,294494,294500,294508,294512,294489,294497
294563,294590,294600,294605,294649,294573,294596,294605,294567,294576,294584,294589,294599,294612,294580,294589
294649,294678,294686,294688,294729,294658,294682,294688,294652,294662,294671,294677,294684,294691,294665,294674
294729,294749,294768,294773,294809,294738,294761,294772,294733,294742,294756,294756,294767,294776,294745,294756
294809,294831,294849,294852,294887,294819,294843,294851,294813,294823,294834,294840,294847,294857,294830,294837
294887,294905,294925,294931,294964,294896,294919,294927,294889,294900,294910,294916,294923,294931,294905,294913
294964,294981,295003,295006,295072,295047,,,294966,294976,294991,294991,295001,295009,294980,294991
295072,295086,295103,295107,295125,295078,295097,295106,295071,295092,295097,295097,295102,295109,295097,295105
295125,295143,295163,295167,295211,295133,295156,295166,295127,295136,295146,295152,295161,295168,295140,295149
295211,295242,295249,295251,295295,295219,295246,295251,295214,295223,295235,295241,295247,295255,295226,295241
295295,295310,295324,295342,295370,295303,295315,295328,295297,295306,295310,295310,295321,295328,295310,295324
295370,295396,295418,295421,295462,295387,295413,295421,295381,295391,295401,295408,295417,295425,295395,295404
295462,295493,295503,295505,295546,295472,295499,295505,295466,295476,295486,295494,295501,295508,295480,295490
295546,295573,295583,295586,295625,295555,295579,295586,295549,295559,295567,295573,295581,295590,295563,295570
295625,295652,295664,295669,295704,295634,295659,295666,295628,295638,295648,295654,295662,295669,295641,295651
295704,295731,295742,295747,295781,295713,295737,295745,295707,295717,295726,295732,295740,295749,295721,295729
295781,295805,295819,295825,295862,295789,295814,295823,295784,295793,295802,295809,295817,295831,295796,295805
295862,295885,295903,295906,295957,295872,295897,295905,295866,295875,295889,295893,295901,295908,295878,295885
295957,295984,295995,295999,296056,295965,295990,295999,295960,295969,295978,295985,295993,296004,295973,295981
