on,sp,dn,dp,off,u,v,w,a,b,c,d,e,f,p1,p2
0,31,47,55,74,23,38,54,16,27,34,34,47,58,34,52
74,91,110,118,135,83,99,114,77,87,92,92,107,119,92,113
135,151,172,179,197,143,160,176,137,148,161,161,169,182,152,161
197,214,233,240,264,206,223,238,200,210,222,222,231,247,215,222
264,281,300,308,334,273,289,305,267,277,281,281,297,311,281,304
334,352,371,380,405,344,362,376,338,348,358,358,369,385,351,358
405,423,441,449,471,413,431,445,407,419,426,426,438,451,425,426
471,488,507,515,536,480,497,511,474,485,495,495,504,515,489,495
536,553,572,580,604,545,562,576,539,549,560,560,569,580,553,560
604,621,640,649,674,613,630,645,607,617,628,628,637,652,621,628
674,691,711,722,745,683,700,716,677,688,699,699,708,722,692,699
745,763,782,792,817,754,772,787,748,759,770,770,780,791,763,770
817,835,854,865,887,826,842,859,820,831,836,836,852,864,836,859
887,904,923,933,954,896,912,927,890,900,912,912,920,932,905,912
954,971,990,1000,1024,963,979,995,957,967,977,977,987,1000,971,977
1024,1041,1061,1072,1094,1033,1049,1066,1027,1038,1049,1049,1058,1071,1041,1049
1094,1112,1131,1143,1163,1104,1120,1136,1098,1108,1120,1120,1128,1141,1112,1120
1163,1180,1199,1211,1232,1172,1188,1204,1166,1177,1188,1188,1196,1211,1181,1188
1232,1249,1269,1280,1302,1242,1257,1274,1236,1246,1257,1257,1266,1279,1250,1257
1302,1318,1338,1350,1369,1311,1325,1343,1305,1315,1319,1319,1335,1350,1319,1341
1369,1386,1406,1419,1435,1378,1393,1411,1372,1383,1388,1388,1403,1418,1388,1409
1435,1451,1471,1484,1500,1444,1458,1476,1438,1448,1453,1453,1468,1482,1453,1473
1500,1516,1535,1547,1564,1508,1523,1540,1502,1513,1524,1524,1532,1545,1517,1524
1564,1580,1600,1611,1628,1572,1588,1604,1567,1577,1581,1581,1596,1609,1581,1602
1628,1645,1665,1676,1697,1638,1653,1670,1632,1642,1646,1646,1662,1675,1646,1669
1697,1715,1734,1746,1770,1707,1723,1740,1701,1711,1722,1722,1732,1746,1715,1722
1770,1788,1807,1819,1846,1780,1796,1813,1774,1784,1789,1789,1805,1820,1789,1810
1846,1863,1882,1894,1916,1855,1871,1888,1849,1860,1864,1864,1879,1893,1864,1886
1916,1933,1952,1964,1984,1925,1941,1957,1920,1930,1938,1938,1949,1963,1934,1938
1984,2002,2022,2033,2053,1994,2010,2027,1988,1999,2003,2003,2019,2032,2003,2027
2053,2071,2090,2103,2125,2063,2079,2097,2057,2068,2078,2078,2087,2102,2071,2078
2125,2142,2162,2175,2196,2135,2151,2168,2129,2139,2150,2150,2159,2173,2143,2150
2196,2213,2233,2246,2264,2206,2221,2239,2200,2210,2215,2215,2230,2244,2215,2238
2264,2280,2300,2313,2329,2273,2288,2306,2267,2277,2282,2282,2297,2312,2282,2303
2329,2345,2366,2379,2394,2338,2353,2372,2332,2342,2347,2347,2363,2378,2347,2369
2394,2410,2431,2443,2458,2402,2418,2436,2397,2407,2417,2417,2428,2441,2411,2417
2458,2474,2494,2501,2520,2467,2483,2500,2461,2471,2481,2481,2491,2506,2474,2481
2520,2535,2556,2563,2580,2528,2545,2562,2522,2532,2543,2543,2553,2568,2536,2543
2580,2595,2616,2623,2641,2588,2605,2622,2582,2592,2602,2602,2613,2627,2596,2602
2641,2657,2677,2684,2705,2650,2666,2683,2644,2654,2664,2664,2674,2690,2658,2664
2705,2721,2741,2747,2768,2713,2729,2746,2708,2718,2728,2728,2738,2752,2722,2728
2768,2784,2805,2810,2831,2776,2792,2809,2771,2781,2785,2785,2802,2814,2785,2807
2831,2847,2868,2880,2897,2840,2856,2873,2834,2844,2855,2855,2864,2879,2848,2855
2897,2913,2934,2947,2966,2906,2921,2940,2900,2910,2922,2922,2931,2945,2914,2922
2966,2983,3003,3016,3036,2975,2991,3008,2970,2980,2991,2991,3000,3014,2984,2991
3036,3053,3073,3087,3103,3045,3061,3078,3040,3050,3061,3061,3070,3085,3054,3061
3103,3119,3139,3145,3165,3112,3127,3144,3106,3116,3127,3127,3136,3150,3121,3127
3165,3181,3202,3208,3226,3174,3190,3207,3168,3178,3189,3189,3198,3212,3183,3189
3226,3242,3262,3268,3287,3234,3250,3267,3229,3239,3243,3243,3258,3272,3243,3266
3287,3304,3324,3337,3352,3296,3312,3329,3291,3301,3314,3314,3321,3336,3306,3314
3352,3369,3387,3396,3420,3361,3378,3393,3355,3366,3376,3376,3384,3398,3370,3376
3420,3438,3455,3462,3491,3429,3446,3461,3422,3433,3441,3441,3452,3466,3437,3441
3491,3509,3528,3533,3562,3500,3518,3531,3494,3504,3513,3513,3525,3536,3507,3513
3562,3581,3601,3610,3634,3571,3591,3606,3565,3576,3588,3588,3599,3611,3581,3588
3634,3653,3669,3675,3703,3643,3661,3674,3637,3648,3656,3656,3666,3680,3651,3656
3703,3720,3739,3744,3769,3711,3728,3741,3705,3717,3729,3729,3736,3744,3723,3729
3769,3787,3808,3812,3838,3778,3797,3811,3772,3783,3794,3794,3806,3815,3787,3794
3838,3857,3874,3879,3913,3847,3864,3878,3840,3851,3858,3858,3871,3888,3855,3858
3913,3934,3952,3962,3996,3925,3943,3959,3919,3930,3939,3939,3950,3970,3933,3939
3996,4014,4032,4043,4074,4005,4024,4038,3999,4010,4020,4020,4030,4044,4014,4020
4074,4093,4110,4119,4148,4083,4101,4115,4077,4088,4096,4096,4108,4128,4092,4096
4148,4166,4184,4190,4216,4157,4174,4188,4151,4162,4171,4171,4181,4193,4166,4171
4216,4233,4252,4261,4281,4224,4242,4257,4218,4229,4237,4237,4249,4264,4233,4237
4281,4299,4318,4328,4349,4290,4308,4323,4284,4295,4305,4305,4315,4332,4299,4305
4349,4367,4386,4397,4419,4359,4375,4392,4352,4363,4372,4372,4383,4397,4367,4372
4419,4437,4456,4465,4489,4428,4444,4461,4422,4433,4438,4438,4452,4465,4438,4459
4489,4506,4526,4536,4556,4498,4514,4531,4492,4503,4513,4513,4523,4536,4507,4513
4556,4573,4592,4602,4623,4565,4581,4597,4559,4570,4581,4581,4589,4604,4574,4581
4623,4640,4660,4671,4691,4632,4649,4665,4626,4636,4647,4647,4657,4671,4640,4647
4691,4709,4729,4738,4762,4701,4717,4733,4695,4705,4709,4709,4726,4738,4709,4732
4762,4780,4799,4811,4833,4772,4788,4805,4766,4776,4786,4786,4796,4810,4780,4786
4833,4851,4870,4882,4905,4843,4861,4876,4837,4848,4858,4858,4868,4882,4852,4858
4905,4923,4942,4955,4974,4915,4931,4947,4909,4919,4929,4929,4940,4955,4923,4929
4974,4990,5010,5021,5038,4982,4999,5015,4976,4987,4999,4999,5007,5021,4991,4999
5038,5055,5074,5086,5104,5047,5063,5080,5041,5052,5056,5056,5071,5086,5056,5077
5104,5121,5141,5152,5171,5113,5129,5147,5107,5118,5122,5122,5138,5152,5122,5145
5171,5188,5208,5220,5240,5181,5197,5214,5174,5185,5196,5196,5206,5219,5189,5196
5240,5257,5277,5290,5312,5249,5266,5283,5243,5254,5264,5264,5274,5289,5257,5264
5312,5330,5349,5361,5381,5321,5338,5356,5315,5326,5336,5336,5346,5362,5330,5336
5381,5399,5419,5430,5450,5391,5407,5423,5385,5396,5408,5408,5416,5428,5400,5408
5450,5468,5487,5499,5520,5460,5476,5492,5454,5464,5476,5476,5485,5500,5468,5476
5520,5537,5557,5568,5587,5529,5545,5562,5523,5534,5545,5545,5554,5569,5538,5545
5587,5604,5624,5637,5656,5597,5612,5630,5591,5601,5605,5605,5621,5636,5605,5627
5656,5673,5693,5705,5724,5665,5682,5698,5659,5670,5681,5681,5690,5705,5674,5681
5724,5741,5760,5773,5788,5733,5748,5765,5727,5737,5742,5742,5757,5773,5742,5762
5788,5805,5825,5837,5853,5797,5813,5830,5791,5802,5814,5814,5823,5835,5806,5814
5853,5870,5890,5902,5923,5862,5879,5896,5856,5867,5879,5879,5888,5903,5871,5879
5923,5941,5960,5972,6002,5933,5949,5966,5927,5937,5948,5948,5958,5971,5941,5948
6002,6021,6041,6052,6082,6013,6029,6045,6007,6017,6030,6030,6039,6050,6022,6030
6082,6100,6120,6132,6154,6092,6109,6125,6085,6097,6108,6108,6118,6130,6101,6108
6154,6171,6191,6202,6220,6163,6180,6195,6157,6167,6177,6177,6188,6200,6172,6177
6220,6236,6257,6268,6285,6228,6245,6262,6222,6233,6244,6244,6254,6268,6237,6244
6285,6301,6322,6334,6352,6294,6311,6327,6288,6298,6309,6309,6319,6332,6302,6309
6352,6369,6389,6402,6420,6361,6377,6394,6355,6365,6370,6370,6386,6402,6370,6392
6420,6437,6458,6470,6491,6430,6445,6463,6424,6434,6438,6438,6455,6468,6438,6461
6491,6508,6528,6540,6560,6500,6517,6533,6494,6504,6514,6514,6525,6539,6508,6514
6560,6576,6597,6608,6627,6569,6584,6602,6563,6573,6577,6577,6594,6607,6577,6600
6627,6644,6664,6678,6696,6636,6652,6670,6630,6641,6652,6652,6661,6677,6645,6652
6696,6713,6733,6746,6768,6705,6720,6739,6699,6709,6722,6722,6730,6745,6714,6722
6768,6786,6806,6819,6842,6778,6794,6812,6772,6782,6794,6794,6803,6819,6786,6794
6842,6860,6880,6894,6916,6852,6868,6886,6846,6856,6869,6869,6878,6892,6860,6869
6916,6933,6953,6966,6983,6925,6941,6959,6919,6930,6941,6941,6951,6965,6934,6941
6983,7000,7020,7034,7050,6992,7008,7025,6986,6997,7009,7009,7017,7030,7001,7009
7050,7066,7087,7100,7117,7058,7075,7092,7053,7063,7073,7073,7084,7098,7066,7073
7117,7133,7154,7167,7185,7126,7141,7159,7120,7130,7134,7134,7151,7165,7134,7157
7185,7202,7222,7236,7255,7195,7211,7228,7189,7199,7209,7209,7219,7235,7203,7209
7255,7272,7292,7306,7327,7264,7281,7298,7259,7269,7280,7280,7289,7304,7273,7280
7327,7344,7364,7377,7397,7336,7352,7369,7330,7340,7344,7344,7361,7375,7344,7367
7397,7414,7434,7448,7467,7406,7421,7439,7400,7411,7415,7415,7431,7447,7415,7437
7467,7483,7504,7517,7537,7476,7492,7509,7470,7480,7491,7491,7502,7515,7484,7491
7537,7554,7575,7588,7610,7547,7563,7581,7541,7551,7563,7563,7572,7586,7555,7563
7610,7627,7648,7662,7681,7619,7635,7653,7613,7624,7628,7628,7645,7661,7628,7650
7681,7697,7717,7731,7748,7690,7706,7723,7684,7694,7704,7704,7714,7729,7698,7704
7748,7764,7785,7798,7815,7757,7772,7791,7751,7761,7773,7773,7782,7797,7765,7773
7815,7832,7853,7866,7885,7824,7840,7858,7818,7829,7841,7841,7850,7865,7833,7841
7885,7902,7922,7935,7955,7894,7910,7928,7888,7899,7912,7912,7919,7934,7903,7912
7955,7973,7993,8007,8026,7965,7982,7999,7959,7970,7981,7981,7990,8005,7974,7981
8026,8042,8063,8076,8093,8035,8050,8069,8029,8039,8044,8044,8060,8074,8044,8067
8093,8109,8130,8136,8158,8102,8119,8135,8096,8106,8117,8117,8127,8141,8110,8117
8158,8174,8195,8202,8224,8167,8183,8201,8161,8171,8183,8183,8192,8208,8175,8183
8224,8241,8261,8275,8293,8233,8249,8267,8227,8237,8249,8249,8259,8275,8241,8249
8293,8309,8330,8343,8363,8301,8317,8335,8296,8306,8310,8310,8328,8341,8310,8333
8363,8380,8400,8414,8437,8373,8389,8406,8367,8377,8388,8388,8398,8412,8381,8388
8437,8454,8474,8488,8511,8446,8463,8480,8440,8451,8461,8461,8471,8488,8454,8461
8511,8528,8549,8562,8581,8520,8536,8554,8514,8525,8529,8529,8546,8560,8529,8553
8581,8598,8618,8631,8649,8590,8606,8623,8585,8595,8599,8599,8616,8629,8599,8621
8649,8665,8685,8698,8717,8657,8674,8690,8651,8662,8672,8672,8682,8697,8666,8672
8717,8734,8754,8768,8789,8726,8742,8761,8720,8731,8743,8743,8751,8767,8735,8743
8789,8806,8827,8840,8864,8798,8814,8833,8793,8803,8816,8816,8824,8840,8807,8816
8864,8882,8902,8914,8938,8874,8890,8908,8868,8879,8883,8883,8899,8913,8883,8907
8938,8956,8975,8988,9009,8948,8965,8981,8943,8953,8963,8963,8973,8988,8957,8963
9009,9026,9046,9059,9076,9019,9035,9052,9013,9023,9034,9034,9043,9058,9027,9034
9076,9092,9113,9125,9143,9085,9101,9118,9079,9089,9101,9101,9110,9123,9093,9101
9143,9159,9179,9193,9212,9152,9168,9186,9146,9156,9167,9167,9176,9192,9160,9167
9212,9228,9249,9262,9283,9221,9237,9255,9215,9225,9237,9237,9247,9261,9229,9237
9283,9300,9321,9334,9354,9293,9308,9326,9287,9297,9309,9309,9318,9332,9301,9309
9354,9371,9391,9405,9421,9363,9379,9396,9357,9367,9379,9379,9388,9402,9372,9379
9421,9437,9458,9472,9488,9430,9446,9464,9424,9435,9446,9446,9455,9471,9439,9446
9488,9504,9525,9538,9556,9496,9512,9530,9491,9501,9513,9513,9522,9536,9505,9513
9556,9573,9593,9607,9628,9565,9581,9599,9559,9569,9581,9581,9590,9605,9573,9581
9628,9644,9665,9678,9700,9637,9653,9670,9631,9641,9654,9654,9662,9676,9645,9654
9700,9717,9737,9750,9770,9709,9725,9742,9703,9713,9725,9725,9734,9748,9717,9725
9770,9786,9806,9819,9838,9778,9794,9811,9773,9783,9795,9795,9803,9817,9787,9795
9838,9854,9875,9887,9906,9847,9863,9880,9841,9851,9863,9863,9872,9886,9856,9863
9906,9923,9943,9955,9978,9915,9931,9948,9909,9920,9932,9932,9940,9954,9924,9932
9978,9996,10016,10029,10054,9988,10004,10022,9982,9992,10004,10004,10013,10028,9997,10004
10054,10072,10092,10106,10135,10064,10080,10098,10058,10069,10073,10073,10090,10104,10073,10096
10135,10153,10173,10187,10213,10146,10161,10180,10140,10150,10162,10162,10171,10186,10154,10162
10213,10231,10252,10264,10286,10223,10239,10257,10217,10228,10232,10232,10249,10262,10232,10255
10286,10304,10325,10337,10359,10296,10313,10330,10290,10300,10312,10312,10322,10335,10304,10312
10359,10377,10397,10409,10431,10368,10385,10402,10362,10373,10378,10378,10394,10409,10378,10400
10431,10449,10469,10481,10505,10441,10458,10474,10435,10446,10450,10450,10467,10480,10450,10473
10505,10522,10543,10554,10578,10514,10530,10547,10508,10519,10532,10532,10540,10552,10523,10532
10578,10596,10615,10627,10650,10588,10604,10620,10581,10592,10604,10604,10613,10628,10597,10604
10650,10667,10687,10698,10718,10659,10675,10692,10653,10664,10675,10675,10684,10697,10668,10675
10718,10736,10755,10766,10787,10728,10743,10760,10722,10732,10745,10745,10753,10765,10736,10745
10787,10804,10824,10835,10858,10796,10811,10830,10790,10801,10805,10805,10821,10835,10805,10829
10858,10876,10895,10908,10932,10867,10884,10901,10861,10872,10884,10884,10893,10909,10876,10884
10932,10950,10969,10982,11008,10942,10959,10974,10936,10946,10956,10956,10967,10984,10950,10956
11008,11025,11045,11057,11079,11017,11034,11051,11011,11022,11034,11034,11043,11056,11026,11034
11079,11096,11117,11130,11147,11089,11104,11122,11083,11093,11098,11098,11114,11128,11098,11121
11147,11164,11184,11197,11215,11156,11172,11190,11151,11161,11165,11165,11181,11197,11165,11186
11215,11231,11252,11264,11281,11223,11239,11257,11218,11228,11242,11242,11249,11263,11232,11242
11281,11298,11318,11331,11351,11290,11306,11324,11285,11295,11299,11299,11315,11329,11299,11323
11351,11368,11388,11400,11421,11360,11376,11393,11354,11365,11376,11376,11385,11401,11369,11376
11421,11438,11458,11470,11490,11431,11446,11463,11425,11435,11439,11439,11455,11469,11439,11461
11490,11507,11527,11539,11555,11499,11515,11532,11493,11503,11516,11516,11524,11537,11508,11516
11555,11571,11592,11603,11620,11563,11579,11597,11558,11568,11572,11572,11589,11603,11572,11594
11620,11636,11657,11668,11687,11629,11644,11662,11623,11633,11645,11645,11654,11667,11637,11645
11687,11704,11725,11737,11758,11697,11712,11730,11691,11701,11714,11714,11722,11738,11705,11714
11758,11775,11795,11807,11828,11767,11784,11800,11762,11772,11783,11783,11792,11806,11776,11783
11828,11845,11865,11879,11897,11838,11854,11872,11832,11842,11853,11853,11862,11878,11846,11853
11897,11913,11933,11946,11962,11906,11922,11939,11900,11910,11921,11921,11930,11946,11914,11921
11962,11979,11999,12012,12028,11971,11988,12005,11965,11975,11986,11986,11996,12011,11979,11986
12028,12045,12066,12078,12097,12037,12054,12071,12032,12042,12046,12046,12063,12078,12046,12069
12097,12113,12134,12147,12166,12105,12122,12140,12099,12110,12121,12121,12131,12146,12114,12121
12166,12182,12202,12216,12234,12175,12191,12208,12169,12179,12190,12190,12200,12216,12183,12190
12234,12250,12271,12283,12298,12243,12258,12276,12237,12247,12251,12251,12268,12282,12251,12274
12298,12315,12335,12342,12361,12307,12323,12341,12301,12312,12323,12323,12332,12347,12316,12323
12361,12377,12398,12404,12421,12370,12386,12403,12364,12374,12386,12386,12395,12407,12378,12386
12421,12437,12459,12464,12480,12430,12445,12463,12424,12434,12438,12438,12456,12468,12438,12462
12480,12496,12517,12523,12542,12489,12504,12522,12483,12493,12506,12506,12514,12528,12498,12506
12542,12558,12578,12592,12612,12551,12567,12585,12545,12555,12566,12566,12575,12592,12559,12566
12612,12630,12649,12661,12684,12621,12639,12656,12615,12626,12636,12636,12646,12662,12630,12636
12684,12703,12722,12732,12753,12694,12710,12728,12688,12699,12705,12705,12719,12736,12705,12725
12753,12770,12789,12798,12818,12762,12779,12797,12756,12767,12777,12777,12786,12803,12771,12777
12818,12836,12856,12864,12884,12827,12843,12862,12821,12832,12846,12846,12854,12868,12837,12846
12884,12903,12923,12928,12954,12894,12912,12927,12888,12899,12912,12912,12920,12931,12903,12912
12954,12972,12990,13002,13022,12963,12981,12998,12957,12968,12978,12978,12987,13003,12972,12978
13022,13039,13059,13069,13087,13031,13047,13064,13025,13035,13047,13047,13056,13069,13040,13047
13087,13104,13123,13131,13150,13096,13112,13128,13090,13100,13104,13104,13120,13132,13104,13125
13150,13167,13186,13198,13215,13159,13175,13192,13153,13163,13173,13173,13183,13199,13167,13173
13215,13232,13252,13262,13284,13224,13240,13257,13218,13228,13241,13241,13248,13262,13233,13241
13284,13301,13321,13331,13357,13293,13310,13326,13287,13298,13302,13302,13318,13332,13302,13324
13357,13374,13395,13406,13425,13366,13382,13400,13360,13371,13376,13376,13392,13405,13376,13398
13425,13443,13462,13474,13492,13435,13451,13468,13429,13439,13450,13450,13459,13473,13443,13450
13492,13510,13530,13539,13559,13502,13518,13535,13496,13506,13518,13518,13527,13539,13510,13518
13559,13576,13596,13609,13627,13568,13585,13603,13562,13573,13585,13585,13594,13610,13577,13585
13627,13643,13664,13674,13695,13636,13651,13668,13630,13640,13644,13644,13661,13674,13644,13666
13695,13712,13731,13744,13764,13704,13720,13738,13698,13709,13714,13714,13728,13745,13714,13736
13764,13781,13802,13813,13832,13773,13789,13807,13767,13778,13782,13782,13799,13812,13782,13805
13832,13849,13869,13880,13897,13841,13857,13873,13835,13846,13857,13857,13866,13878,13850,13857
13897,13914,13934,13946,13965,13906,13923,13939,13900,13911,13922,13922,13931,13948,13915,13922
13965,13982,14001,14014,14036,13974,13991,14007,13968,13978,13989,13989,13999,14015,13982,13989
14036,14053,14073,14085,14107,14045,14062,14079,14039,14049,14060,14060,14070,14085,14053,14060
14107,14124,14145,14158,14176,14116,14133,14151,14110,14121,14133,14133,14142,14156,14125,14133
14176,14193,14213,14226,14244,14185,14201,14219,14179,14190,14203,14203,14210,14225,14194,14203
14244,14261,14281,14287,14308,14253,14270,14286,14247,14258,14268,14268,14278,14292,14261,14268
14308,14325,14345,14358,14374,14317,14334,14351,14311,14322,14333,14333,14343,14357,14326,14333
14374,14391,14412,14424,14440,14383,14399,14417,14377,14387,14391,14391,14409,14423,14391,14415
14440,14457,14478,14491,14509,14450,14466,14484,14444,14454,14466,14466,14475,14491,14458,14466
14509,14526,14546,14559,14577,14518,14534,14551,14512,14522,14533,14533,14543,14558,14526,14533
14577,14593,14614,14626,14643,14586,14602,14619,14580,14590,14601,14601,14611,14625,14594,14601
14643,14659,14680,14693,14708,14652,14667,14685,14646,14656,14668,14668,14677,14691,14660,14668
14708,14724,14745,14751,14774,14717,14732,14750,14711,14721,14736,14736,14742,14758,14725,14736
14774,14791,14811,14824,14841,14783,14799,14817,14777,14788,14800,14800,14808,14823,14792,14800
14841,14858,14878,14892,14909,14850,14866,14885,14844,14855,14866,14866,14875,14891,14859,14866
14909,14926,14947,14959,14980,14919,14934,14952,14913,14923,14937,14937,14944,14958,14927,14937
14980,14997,15017,15031,15047,14989,15005,15023,14983,14994,15004,15004,15014,15028,14997,15004
15047,15063,15084,15090,15112,15056,15072,15089,15050,15061,15072,15072,15082,15095,15065,15072
15112,15128,15148,15155,15175,15121,15136,15154,15115,15125,15129,15129,15145,15160,15129,15151
15175,15192,15213,15225,15240,15184,15201,15218,15178,15188,15199,15199,15210,15223,15192,15199
15240,15257,15278,15290,15308,15249,15265,15282,15243,15254,15268,15268,15275,15287,15259,15268
15308,15325,15346,15358,15377,15318,15335,15351,15312,15322,15333,15333,15343,15357,15326,15333
15377,15395,15414,15427,15448,15387,15403,15420,15381,15391,15404,15404,15412,15428,15396,15404
15448,15466,15485,15498,15519,15458,15474,15491,15452,15462,15474,15474,15482,15498,15466,15474
15519,15537,15556,15568,15588,15529,15546,15562,15523,15533,15543,15543,15553,15567,15537,15543
15588,15605,15624,15636,15656,15597,15614,15631,15591,15602,15610,15610,15621,15636,15605,15610
15656,15673,15692,15704,15726,15665,15682,15699,15659,15670,15681,15681,15689,15705,15674,15681
15726,15744,15763,15775,15798,15736,15753,15770,15730,15740,15751,15751,15760,15776,15744,15751
15798,15816,15836,15848,15869,15807,15825,15841,15801,15812,15823,15823,15833,15847,15816,15823
15869,15887,15907,15918,15942,15879,15895,15912,15873,15883,15887,15887,15904,15917,15887,15910
15942,15959,15979,15992,16013,15951,15968,15984,15945,15955,15966,15966,15976,15990,15959,15966
16013,16030,16050,16063,16080,16022,16039,16055,16016,16027,16037,16037,16047,16060,16031,16037
16080,16097,16117,16130,16145,16089,16105,16123,16083,16093,16097,16097,16114,16128,16097,16121
16145,16161,16182,16194,16209,16153,16170,16187,16148,16158,16169,16169,16179,16192,16162,16169
16209,16225,16246,16257,16274,16217,16233,16251,16211,16222,16234,16234,16243,16256,16226,16234
16274,16290,16310,16325,16343,16283,16299,16317,16277,16287,16291,16291,16307,16325,16291,16313
16343,16359,16379,16393,16411,16352,16368,16385,16346,16356,16367,16367,16376,16392,16360,16367
16411,16428,16448,16461,16481,16420,16436,16454,16414,16424,16435,16435,16445,16460,16428,16435
16481,16498,16518,16530,16552,16490,16506,16523,16484,16495,16499,16499,16515,16528,16499,16522
16552,16569,16589,16602,16620,16561,16577,16595,16555,16566,16570,16570,16586,16600,16570,16593
16620,16636,16656,16669,16685,16628,16645,16661,16623,16633,16643,16643,16653,16668,16636,16643
16685,16701,16722,16734,16749,16694,16710,16727,16688,16698,16709,16709,16719,16732,16702,16709
16749,16765,16786,16798,16813,16757,16773,16791,16751,16762,16774,16774,16783,16796,16766,16774
16813,16829,16850,16863,16880,16822,16838,16855,16816,16826,16838,16838,16847,16861,16830,16838
16880,16897,16917,16930,16951,16889,16905,16924,16883,16894,16906,16906,16915,16929,16898,16906
16951,16968,16988,17000,17023,16960,16977,16994,16954,16965,16976,16976,16986,17000,16968,16976
17023,17040,17061,17073,17092,17033,17048,17066,17027,17037,17041,17041,17058,17072,17041,17064
17092,17108,17129,17141,17158,17101,17117,17134,17095,17105,17117,17117,17126,17140,17110,17117
17158,17175,17195,17206,17222,17167,17183,17200,17161,17171,17175,17175,17192,17206,17175,17198
17222,17239,17259,17271,17287,17231,17247,17265,17225,17236,17247,17247,17256,17270,17239,17247
17287,17304,17325,17337,17355,17297,17313,17331,17291,17301,17312,17312,17322,17336,17305,17312
17355,17371,17392,17405,17423,17363,17379,17397,17357,17368,17372,17372,17389,17403,17372,17396
17423,17440,17461,17474,17493,17432,17449,17466,17426,17437,17441,17441,17458,17474,17441,17463
17493,17510,17530,17543,17561,17502,17518,17536,17496,17507,17518,17518,17527,17541,17511,17518
17561,17578,17598,17611,17627,17570,17586,17604,17565,17575,17579,17579,17595,17610,17579,17602
17627,17643,17664,17671,17691,17636,17652,17670,17630,17640,17652,17652,17661,17676,17644,17652
17691,17707,17727,17735,17756,17700,17716,17734,17694,17704,17714,17714,17724,17740,17708,17714
17756,17773,17793,17807,17823,17765,17781,17800,17759,17770,17774,17774,17790,17805,17774,17798
17823,17840,17860,17873,17891,17832,17848,17866,17826,17837,17841,17841,17857,17871,17841,17864
17891,17908,17929,17942,17961,17901,17917,17934,17895,17905,17917,17917,17926,17940,17909,17917
17961,17978,17999,18013,18030,17971,17987,18005,17965,17975,17979,17979,17996,18010,17979,18003
18030,18047,18068,18081,18098,18039,18055,18073,18034,18044,18048,18048,18065,18078,18048,18071
18098,18115,18136,18143,18163,18107,18124,18142,18102,18112,18122,18122,18133,18147,18116,18122
18163,18180,18200,18207,18227,18172,18188,18206,18166,18177,18188,18188,18197,18212,18181,18188
18227,18243,18264,18271,18292,18236,18252,18270,18230,18240,18251,18251,18261,18275,18244,18251
18292,18308,18328,18342,18359,18300,18317,18334,18295,18305,18315,18315,18325,18342,18309,18315
18359,18376,18396,18409,18431,18368,18384,18401,18362,18372,18384,18384,18394,18406,18376,18384
18431,18448,18468,18482,18508,18441,18457,18474,18435,18445,18457,18457,18466,18482,18449,18457
18508,18526,18546,18559,18583,18518,18534,18552,18512,18522,18534,18534,18543,18559,18526,18534
18583,18601,18621,18635,18655,18593,18609,18627,18587,18597,18608,18608,18618,18633,18601,18608
18655,18672,18691,18705,18724,18664,18680,18697,18658,18669,18678,18678,18688,18703,18672,18678
18724,18740,18761,18774,18793,18733,18749,18767,18727,18737,18748,18748,18758,18773,18741,18748
18793,18810,18831,18845,18863,18802,18819,18837,18797,18807,18818,18818,18828,18844,18811,18818
18863,18880,18900,18914,18938,18872,18888,18906,18866,18877,18881,18881,18898,18912,18881,18904
18938,18955,18976,18989,19010,18947,18963,18981,18942,18952,18956,18956,18973,18988,18956,18979
19010,19027,19048,19061,19079,19019,19036,19053,19014,19024,19035,19035,19045,19058,19027,19035
19079,19096,19116,19130,19146,19088,19104,19122,19082,19093,19104,19104,19113,19129,19097,19104
19146,19162,19183,19196,19213,19155,19171,19189,19149,19159,19171,19171,19180,19195,19163,19171
19213,19229,19250,19265,19281,19222,19238,19257,19216,19226,19238,19238,19247,19264,19230,19238
19281,19297,19318,19333,19353,19290,19306,19325,19284,19294,19305,19305,19315,19331,19298,19305
19353,19370,19391,19404,19425,19362,19379,19397,19357,19367,19378,19378,19388,19402,19371,19378
19425,19442,19463,19477,19496,19435,19450,19469,19429,19439,19451,19451,19460,19475,19443,19451
19496,19513,19534,19547,19566,19506,19522,19539,19500,19510,19522,19522,19531,19544,19514,19522
19566,19582,19603,19616,19633,19575,19591,19608,19569,19579,19591,19591,19600,19614,19583,19591
19633,19649,19670,19677,19699,19642,19657,19676,19636,19646,19659,19659,19668,19682,19650,19659
19699,19716,19737,19749,19767,19708,19724,19742,19702,19712,19724,19724,19734,19748,19716,19724
19767,19784,19805,19819,19837,19776,19793,19811,19771,19781,19792,19792,19802,19817,19785,19792
19837,19854,19874,19889,19910,19846,19863,19881,19841,19851,19862,19862,19872,19886,19854,19862
19910,19927,19947,19961,19982,19919,19935,19953,19913,19923,19935,19935,19945,19960,19927,19935
19982,19999,20020,20034,20054,19992,20008,20025,19986,19996,20007,20007,20017,20032,20000,20007
20054,20071,20091,20106,20123,20063,20079,20097,20057,20068,20079,20079,20089,20103,20072,20079
20123,20139,20160,20175,20191,20132,20148,20166,20126,20136,20147,20147,20158,20174,20140,20147
20191,20208,20228,20243,20263,20200,20217,20235,20194,20205,20216,20216,20226,20241,20209,20216
20263,20280,20301,20315,20338,20272,20289,20307,20266,20277,20289,20289,20298,20314,20281,20289
20338,20356,20376,20390,20413,20348,20364,20382,20342,20352,20356,20356,20373,20388,20356,20380
20413,20431,20452,20466,20483,20423,20440,20458,20417,20428,20440,20440,20449,20466,20432,20440
20483,20500,20520,20534,20551,20492,20509,20527,20486,20497,20508,20508,20517,20533,20501,20508
20551,20569,20588,20602,20623,20560,20578,20596,20554,20565,20575,20575,20585,20602,20569,20575
20623,20641,20660,20671,20695,20632,20650,20668,20625,20636,20648,20648,20657,20674,20641,20648
20695,20713,20732,20743,20769,20705,20721,20741,20698,20710,20715,20715,20729,20746,20715,20741
20769,20787,20808,20818,20842,20778,20797,20813,20772,20783,20794,20794,20806,20817,20787,20794
20842,20860,20880,20890,20912,20852,20869,20886,20846,20857,20869,20869,20877,20891,20861,20869
20912,20931,20950,20961,20981,20922,20939,20956,20916,20927,20936,20936,20947,20963,20931,20936
20981,20999,21019,21030,21050,20990,21007,21025,20984,20995,21000,21000,21017,21032,21000,21023
21050,21068,21088,21098,21121,21060,21076,21093,21054,21064,21069,21069,21086,21099,21069,21092
21121,21139,21158,21170,21192,21130,21147,21164,21124,21135,21147,21147,21156,21172,21140,21147
21192,21209,21229,21242,21263,21201,21218,21236,21195,21206,21210,21210,21226,21243,21210,21231
21263,21280,21300,21313,21330,21272,21289,21306,21266,21276,21286,21286,21298,21313,21280,21286
21330,21348,21368,21381,21399,21340,21356,21374,21333,21344,21350,21350,21365,21381,21350,21370
21399,21416,21436,21449,21469,21408,21425,21443,21402,21413,21424,21424,21434,21449,21417,21424
21469,21487,21507,21519,21540,21478,21495,21513,21472,21483,21487,21487,21505,21517,21487,21511
21540,21558,21579,21591,21611,21550,21567,21584,21544,21555,21567,21567,21576,21589,21559,21567
21611,21628,21649,21661,21679,21620,21636,21654,21614,21625,21631,21631,21646,21659,21631,21652
21679,21696,21717,21730,21747,21688,21705,21722,21682,21693,21706,21706,21714,21729,21697,21706
21747,21764,21785,21797,21816,21756,21772,21790,21750,21761,21765,21765,21782,21796,21765,21787
21816,21833,21854,21867,21888,21825,21842,21859,21819,21830,21834,21834,21851,21867,21834,21857
21888,21905,21925,21939,21960,21897,21914,21931,21891,21902,21913,21913,21923,21938,21906,21913
21960,21976,21997,22011,22030,21969,21985,22002,21963,21973,21984,21984,21994,22010,21977,21984
22030,22047,22067,22081,22098,22039,22055,22073,22033,22044,22055,22055,22064,22078,22048,22055
22098,22115,22136,22149,22165,22107,22123,22141,22101,22112,22125,22125,22133,22147,22116,22125
22165,22182,22202,22216,22233,22174,22189,22208,22168,22178,22191,22191,22199,22215,22183,22191
22233,22249,22270,22284,22303,22242,22257,22276,22236,22246,22250,22250,22267,22282,22250,22274
22303,22320,22340,22354,22376,22312,22328,22346,22306,22317,22321,22321,22338,22352,22321,22344
22376,22393,22413,22428,22449,22385,22401,22419,22379,22390,22394,22394,22410,22427,22394,22416
22449,22467,22487,22500,22522,22459,22474,22492,22453,22463,22477,22477,22485,22497,22468,22477
22522,22539,22559,22573,22591,22532,22547,22565,22526,22536,22548,22548,22556,22572,22540,22548
22591,22608,22629,22642,22659,22601,22616,22634,22595,22605,22618,22618,22626,22641,22609,22618
22659,22675,22697,22710,22728,22668,22684,22702,22662,22672,22686,22686,22694,22708,22676,22686
22728,22745,22765,22778,22799,22737,22753,22771,22731,22741,22754,22754,22763,22776,22746,22754
22799,22816,22837,22851,22870,22809,22825,22843,22803,22813,22824,22824,22834,22848,22817,22824
22870,22887,22907,22921,22943,22880,22896,22914,22874,22884,22894,22894,22904,22920,22888,22894
22943,22960,22981,22994,23012,22952,22968,22986,22946,22957,22961,22961,22978,22992,22961,22985
23012,23029,23050,23063,23079,23022,23037,23055,23016,23026,23038,23038,23047,23061,23030,23038
23079,23096,23117,23123,23145,23088,23103,23122,23083,23093,23106,23106,23115,23128,23097,23106
23145,23162,23184,23198,23214,23155,23170,23189,23149,23159,23163,23163,23181,23195,23163,23187
23214,23230,23251,23265,23284,23223,23238,23258,23217,23227,23231,23231,23248,23264,23231,23256
23284,23301,23321,23336,23357,23293,23310,23328,23288,23298,23308,23308,23318,23334,23302,23308
23357,23374,23395,23409,23431,23366,23383,23401,23361,23371,23382,23382,23392,23406,23375,23382
23431,23447,23467,23481,23501,23440,23456,23474,23434,23444,23454,23454,23464,23480,23448,23454
23501,23518,23539,23552,23570,23510,23526,23544,23505,23515,23519,23519,23536,23550,23519,23542
23570,23587,23607,23621,23639,23579,23595,23614,23573,23583,23587,23587,23604,23620,23587,23612
23639,23656,23677,23690,23710,23648,23664,23682,23642,23653,23665,23665,23674,23688,23657,23665
23710,23727,23748,23761,23784,23719,23735,23753,23714,23724,23736,23736,23745,23762,23728,23736
23784,23801,23821,23835,23857,23793,23810,23827,23787,23798,23810,23810,23819,23834,23802,23810
23857,23875,23895,23909,23929,23867,23883,23901,23861,23872,23884,23884,23893,23907,23876,23884
23929,23946,23966,23980,23998,23938,23955,23972,23933,23943,23953,23953,23963,23978,23946,23953
23998,24015,24035,24049,24067,24007,24023,24041,24001,24012,24023,24023,24033,24048,24015,24023
24067,24084,24105,24118,24139,24076,24092,24110,24070,24081,24094,24094,24102,24115,24085,24094
24139,24156,24176,24190,24213,24148,24164,24182,24142,24152,24165,24165,24173,24189,24156,24165
24213,24230,24252,24266,24287,24222,24238,24258,24217,24227,24231,24231,24249,24263,24231,24256
24287,24305,24325,24340,24361,24297,24314,24332,24291,24302,24313,24313,24322,24338,24306,24313
24361,24378,24399,24413,24429,24370,24386,24404,24364,24375,24379,24379,24396,24410,24379,24402
24429,24446,24466,24473,24495,24438,24454,24472,24433,24443,24447,24447,24463,24478,24447,24470
24495,24512,24533,24547,24563,24504,24520,24539,24499,24509,24512,24512,24530,24544,24512,24537
24563,24580,24601,24614,24634,24572,24588,24606,24567,24577,24581,24581,24598,24612,24581,24605
24634,24650,24671,24684,24708,24643,24658,24677,24637,24647,24651,24651,24668,24683,24651,24675
24708,24726,24747,24760,24782,24718,24734,24752,24712,24722,24727,24727,24744,24757,24727,24751
24782,24798,24819,24832,24851,24791,24806,24824,24785,24795,24799,24799,24816,24829,24799,24822
24851,24867,24888,24903,24919,24860,24876,24893,24854,24864,24877,24877,24885,24901,24868,24877
24919,24935,24956,24969,24990,24928,24943,24962,24922,24932,24945,24945,24954,24967,24936,24945
24990,25007,25028,25041,25064,24999,25014,25033,24994,25004,25016,25016,25025,25040,25008,25016
25064,25081,25102,25116,25138,25073,25089,25108,25068,25078,25091,25091,25099,25114,25082,25091
25138,25155,25176,25190,25211,25148,25163,25182,25142,25152,25164,25164,25173,25188,25156,25164
25211,25228,25249,25263,25283,25220,25237,25254,25215,25225,25235,25235,25246,25260,25228,25235
25283,25300,25321,25328,25350,25292,25308,25327,25286,25297,25302,25302,25318,25332,25302,25324
25350,25367,25387,25401,25417,25359,25375,25393,25353,25364,25376,25376,25385,25399,25368,25376
25417,25433,25454,25468,25484,25425,25442,25460,25420,25430,25441,25441,25451,25467,25434,25441
25484,25501,25522,25536,25555,25493,25508,25528,25488,25498,25511,25511,25519,25535,25502,25511
25555,25572,25592,25606,25630,25565,25580,25598,25559,25569,25581,25581,25590,25605,25573,25581
25630,25647,25668,25681,25704,25640,25655,25673,25634,25644,25648,25648,25665,25678,25648,25672
25704,25721,25741,25755,25773,25713,25728,25746,25707,25718,25722,25722,25739,25753,25722,25744
25773,25789,25810,25823,25844,25782,25797,25815,25776,25786,25798,25798,25808,25821,25790,25798
25844,25861,25882,25896,25919,25854,25869,25888,25848,25858,25871,25871,25880,25895,25862,25871
25919,25936,25957,25970,25994,25928,25943,25962,25922,25932,25945,25945,25954,25968,25936,25945
25994,26012,26033,26046,26068,26004,26020,26039,25998,26008,26012,26012,26031,26044,26012,26037
26068,26085,26105,26119,26137,26077,26093,26111,26071,26082,26094,26094,26103,26116,26086,26094
26137,26154,26175,26189,26206,26146,26162,26180,26141,26151,26164,26164,26173,26186,26155,26164
26206,26223,26244,26258,26277,26215,26231,26250,26209,26220,26224,26224,26241,26255,26224,26249
26277,26294,26316,26329,26349,26286,26302,26321,26281,26291,26295,26295,26313,26326,26295,26320
26349,26366,26387,26402,26422,26359,26375,26394,26353,26363,26375,26375,26384,26400,26367,26375
26422,26438,26459,26474,26490,26431,26447,26466,26425,26435,26447,26447,26456,26472,26439,26447
26490,26507,26528,26535,26557,26499,26515,26534,26493,26504,26507,26507,26524,26538,26507,26532
26557,26573,26595,26609,26625,26566,26582,26601,26560,26570,26574,26574,26593,26606,26574,26599
26625,26641,26662,26676,26694,26634,26651,26669,26628,26638,26649,26649,26659,26674,26642,26649
26694,26711,26732,26746,26765,26703,26718,26738,26697,26708,26720,26720,26730,26744,26712,26720
26765,26782,26802,26817,26838,26774,26790,26809,26769,26779,26790,26790,26800,26814,26783,26790
26838,26855,26876,26891,26909,26847,26863,26882,26842,26852,26856,26856,26873,26887,26856,26880
26909,26926,26947,26961,26978,26919,26935,26953,26913,26923,26935,26935,26944,26959,26927,26935
26978,26994,27015,27022,27044,26987,27003,27021,26981,26991,27004,27004,27012,27027,26995,27004
27044,27060,27082,27089,27110,27053,27069,27088,27047,27057,27061,27061,27079,27094,27061,27085
27110,27127,27148,27162,27178,27119,27134,27153,27113,27123,27138,27138,27146,27160,27128,27138
27178,27194,27216,27229,27248,27187,27203,27221,27181,27191,27204,27204,27213,27228,27195,27204
27248,27266,27286,27300,27321,27258,27274,27292,27252,27263,27267,27267,27284,27298,27267,27290
27321,27338,27359,27373,27392,27330,27346,27365,27324,27334,27348,27348,27356,27372,27339,27348
27392,27409,27430,27444,27462,27402,27418,27436,27396,27406,27410,27410,27427,27442,27410,27435
27462,27479,27499,27507,27528,27471,27488,27506,27465,27476,27487,27487,27496,27511,27480,27487
27528,27545,27566,27573,27594,27538,27554,27572,27532,27542,27555,27555,27564,27578,27546,27555
27594,27611,27632,27645,27661,27603,27619,27638,27597,27607,27620,27620,27629,27643,27611,27620
27661,27678,27699,27711,27731,27670,27687,27705,27664,27675,27687,27687,27696,27711,27679,27687
27731,27749,27769,27780,27803,27740,27757,27775,27734,27745,27750,27750,27767,27780,27750,27773
27803,27821,27841,27852,27874,27813,27829,27847,27806,27818,27822,27822,27838,27853,27822,27843
27874,27892,27911,27917,27943,27883,27899,27916,27877,27888,27902,27902,27909,27918,27894,27902
27943,27961,27980,27986,28010,27952,27971,27985,27946,27957,27968,27968,27978,27988,27962,27968
28010,28028,28047,28056,28076,28019,28037,28053,28013,28024,28035,28035,28044,28058,28029,28035
28076,28094,28114,28123,28145,28085,28103,28119,28078,28091,28103,28103,28112,28124,28096,28103
28145,28164,28182,28187,28217,28155,28173,28186,28148,28159,28170,28170,28180,28190,28164,28170
28217,28235,28255,28263,28290,28226,28245,28259,28220,28231,28243,28243,28252,28263,28236,28243
28290,28309,28328,28340,28361,28300,28317,28334,28293,28304,28316,28316,28325,28341,28309,28316
28361,28379,28399,28412,28429,28370,28388,28405,28364,28376,28388,28388,28397,28414,28380,28388
28429,28447,28466,28478,28497,28439,28456,28474,28433,28444,28454,28454,28463,28480,28448,28454
28497,28515,28535,28547,28566,28506,28523,28541,28500,28511,28516,28516,28532,28548,28516,28541
28566,28584,28604,28616,28637,28576,28593,28611,28570,28581,28594,28594,28602,28617,28585,28594
28637,28655,28675,28687,28709,28647,28664,28682,28641,28652,28656,28656,28673,28687,28656,28680
28709,28726,28746,28760,28780,28718,28735,28753,28712,28723,28727,28727,28743,28761,28727,28748
28780,28797,28818,28830,28849,28789,28806,28823,28783,28794,28803,28803,28815,28829,28797,28803
28849,28867,28887,28899,28917,28859,28875,28892,28853,28863,28876,28876,28884,28897,28868,28876
28917,28934,28955,28967,28986,28926,28943,28960,28920,28931,28935,28935,28952,28966,28935,28958
28986,29003,29023,29037,29056,28995,29011,29030,28989,28999,29012,29012,29020,29036,29003,29012
29056,29073,29094,29107,29127,29065,29082,29100,29059,29070,29074,29074,29091,29106,29074,29097
29127,29144,29164,29177,29197,29136,29152,29170,29130,29141,29152,29152,29161,29175,29145,29152
29197,29214,29235,29249,29267,29207,29223,29240,29201,29211,29223,29223,29232,29249,29215,29223
29267,29284,29304,29318,29338,29276,29292,29310,29270,29281,29285,29285,29301,29315,29285,29308
29338,29354,29375,29388,29409,29347,29363,29381,29341,29351,29364,29364,29373,29386,29356,29364
29409,29426,29447,29461,29481,29419,29435,29453,29413,29423,29434,29434,29444,29460,29427,29434
29481,29497,29518,29532,29554,29490,29506,29524,29484,29494,29506,29506,29516,29530,29498,29506
29554,29571,29592,29606,29625,29564,29580,29598,29558,29568,29581,29581,29589,29605,29572,29581
29625,29642,29663,29676,29694,29634,29651,29668,29629,29639,29651,29651,29661,29674,29643,29651
29694,29711,29731,29746,29764,29703,29720,29738,29697,29708,29720,29720,29729,29744,29712,29720
29764,29781,29803,29816,29835,29773,29789,29808,29767,29778,29782,29782,29800,29813,29782,29806
29835,29852,29873,29887,29908,29844,29860,29879,29838,29849,29862,29862,29871,29886,29853,29862
29908,29926,29947,29961,29983,29918,29934,29952,29912,29922,29937,29937,29944,29957,29927,29937
29983,30000,30020,30035,30056,29992,30009,30027,29986,29997,30008,30008,30018,30033,30001,30008
30056,30072,30094,30107,30124,30065,30081,30099,30059,30069,30083,30083,30091,30104,30074,30083
30124,30141,30162,30176,30195,30133,30150,30167,30128,30138,30152,30152,30160,30173,30142,30152
30195,30212,30233,30247,30269,30204,30220,30238,30198,30209,30222,30222,30231,30246,30213,30222
30269,30286,30307,30321,30340,30278,30294,30313,30272,30282,30295,30295,30304,30319,30286,30295
30340,30357,30378,30393,30411,30349,30366,30385,30343,30354,30358,30358,30375,30390,30358,30383
30411,30428,30448,30462,30480,30420,30436,30454,30414,30425,30436,30436,30445,30459,30429,30436
30480,30497,30518,30530,30547,30490,30506,30523,30484,30494,30505,30505,30515,30529,30498,30505
30547,30564,30585,30597,30616,30556,30572,30591,30550,30561,30565,30565,30581,30596,30565,30590
30616,30634,30654,30663,30696,30625,30643,30660,30619,30630,30643,30643,30651,30668,30634,30643
30696,30715,30733,30743,30775,30706,30724,30742,30700,30711,30723,30723,30731,30747,30715,30723
30775,30793,30812,30823,30852,30784,30802,30818,30778,30789,30799,30799,30809,30823,30793,30799
30852,30870,30889,30898,30925,30861,30879,30893,30854,30866,30876,30876,30886,30897,30870,30876
30925,30943,30962,30973,30994,30934,30953,30968,30928,30939,30949,30949,30959,30974,30943,30949
30994,31013,31031,31039,31061,31003,31022,31038,30996,31008,31017,31017,31029,31045,31012,31017
31061,31079,31099,31108,31125,31071,31090,31104,31064,31076,31086,31086,31096,31110,31080,31086
31125,31141,31161,31170,31186,31133,31149,31166,31127,31138,31150,31150,31158,31172,31142,31150
31186,31203,31222,31231,31253,31195,31212,31228,31189,31200,31210,31210,31219,31235,31204,31210
31253,31272,31290,31301,31326,31263,31281,31297,31257,31268,31277,31277,31288,31302,31271,31277
31326,31344,31365,31374,31396,31335,31352,31369,31329,31339,31347,31347,31359,31373,31343,31347
31396,31413,31431,31443,31462,31405,31422,31439,31399,31409,31419,31419,31428,31444,31413,31419
31462,31479,31499,31511,31529,31470,31490,31506,31464,31475,31485,31485,31497,31512,31478,31485
31529,31547,31567,31574,31600,31538,31558,31572,31532,31543,31553,31555,31564,31578,31547,31555
31600,31619,31635,31645,31676,31609,31627,31642,31603,31614,31622,31622,31633,31648,31617,31622
31676,31694,31713,31724,31751,31685,31704,31719,31678,31689,31701,31701,31711,31727,31694,31701
31751,31769,31787,31798,31825,31760,31779,31794,31754,31765,31776,31776,31785,31802,31770,31776
31825,31842,31861,31872,31894,31834,31850,31866,31827,31838,31843,31843,31859,31869,31843,31864
31894,31912,31930,31941,31961,31903,31920,31938,31897,31908,31919,31919,31927,31943,31912,31919
31961,31979,31999,32007,32029,31971,31988,32004,31965,31975,31986,31986,31996,32012,31979,31986
32029,32047,32066,32078,32097,32038,32055,32072,32032,32043,32056,32056,32064,32080,32047,32056
32097,32114,32133,32144,32165,32106,32122,32139,32100,32111,32122,32122,32130,32145,32115,32122
32165,32182,32202,32211,32233,32174,32190,32206,32168,32178,32190,32190,32199,32211,32182,32190
32233,32251,32270,32281,32304,32243,32259,32275,32236,32247,32258,32258,32267,32282,32251,32258
32304,32321,32341,32351,32374,32313,32328,32346,32307,32317,32321,32321,32337,32351,32321,32344
32374,32391,32411,32421,32442,32383,32399,32415,32378,32388,32392,32392,32408,32420,32392,32413
32442,32459,32479,32491,32513,32451,32468,32485,32445,32456,32466,32466,32476,32492,32460,32466
32513,32531,32551,32562,32593,32522,32539,32557,32516,32527,32540,32540,32549,32561,32531,32540
32593,32612,32632,32643,32671,32603,32620,32637,32597,32608,32612,32612,32629,32642,32612,32635
32671,32689,32708,32721,32746,32681,32698,32715,32675,32686,32696,32696,32706,32721,32690,32696
32746,32764,32783,32795,32819,32756,32772,32789,32750,32760,32764,32764,32780,32795,32764,32788
32819,32836,32855,32869,32888,32828,32844,32862,32822,32833,32844,32844,32852,32868,32837,32844
32888,32905,32926,32937,32955,32897,32913,32931,32891,32902,32906,32906,32923,32935,32906,32929
32955,32972,32992,33004,33025,32964,32980,32998,32958,32969,32973,32973,32990,33005,32973,32995
33025,33042,33063,33074,33094,33034,33050,33068,33028,33038,33042,33042,33059,33073,33042,33067
33094,33112,33132,33142,33165,33104,33120,33137,33098,33108,33122,33122,33130,33141,33112,33122
33165,33182,33202,33213,33230,33174,33190,33207,33168,33178,33192,33192,33199,33213,33183,33192
33230,33248,33267,33277,33292,33240,33256,33272,33234,33245,33249,33249,33264,33276,33249,33270
33292,33309,33329,33338,33352,33301,33318,33333,33295,33306,33315,33315,33326,33337,33309,33315
33352,33369,33389,33397,33412,33361,33377,33393,33355,33365,33369,33369,33385,33399,33369,33392
33412,33430,33449,33456,33481,33421,33439,33455,33415,33426,33436,33436,33446,33462,33429,33436
33481,33498,33518,33526,33556,33490,33505,33523,33484,33494,33510,33510,33516,33530,33498,33510
33556,33575,33592,33604,33640,33567,33583,33597,33561,33571,33581,33581,33590,33600,33575,33581
33640,33659,33677,33685,33720,33650,33668,33681,33643,33654,33665,33665,33674,33686,33658,33665
33720,33739,33758,33764,33796,33730,33745,33763,33724,33735,33749,33749,33755,33777,33742,33749
33796,33815,33835,33843,33870,33805,33825,33838,33799,33810,33820,33820,33833,33842,33814,33820
33870,33887,33906,33915,33941,33878,33896,33911,33872,33883,33891,33891,33902,33917,33886,33891
33941,33958,33978,33983,34004,33949,33969,33982,33943,33954,33965,33965,33976,33986,33958,33965
34004,34022,34041,34047,34066,34013,34031,34046,34007,34018,34029,34029,34038,34051,34022,34029
34066,34083,34103,34112,34127,34074,34092,34111,34068,34079,34085,34085,34099,34117,34083,34085
34127,34144,34163,34170,34189,34135,34152,34168,34129,34140,34144,34144,34160,34174,34144,34165
34189,34206,34226,34236,34254,34198,34214,34231,34191,34202,34212,34212,34222,34236,34212,34229
34254,34272,34291,34300,34326,34264,34282,34296,34258,34268,34277,34277,34289,34300,34271,34277
34326,34344,34362,34369,34398,34335,34352,34366,34329,34340,34345,34345,34359,34370,34345,34364
34398,34416,34434,34445,34472,34407,34425,34441,34401,34412,34423,34423,34432,34448,34417,34423
34472,34490,34508,34519,34543,34482,34498,34516,34475,34486,34495,34495,34505,34521,34490,34495
34543,34561,34581,34592,34613,34553,34570,34586,34547,34558,34570,34570,34578,34592,34562,34570
34613,34631,34651,34661,34682,34623,34639,34656,34616,34627,34632,34632,34649,34660,34632,34654
34682,34700,34720,34727,34747,34692,34709,34726,34686,34696,34708,34708,34717,34731,34701,34708
34747,34764,34783,34791,34808,34756,34773,34790,34750,34761,34769,34769,34779,34798,34765,34769
34808,34825,34844,34849,34866,34816,34834,34848,34810,34821,34829,34829,34840,34853,34825,34829
34866,34883,34902,,34924,34876,34892,34912,34870,34880,34890,34890,34899,34917,34884,34890
34924,34942,34962,34969,34985,34934,34951,34967,34928,34938,34945,34945,34959,34970,34942,34945
34985,35002,35022,35031,35047,34994,35010,35027,34988,34998,35006,35006,35017,35032,35002,35006
35047,35064,35082,35094,35113,35056,35072,35090,35050,35061,35068,35068,35079,35095,35066,35068
35113,35131,35150,35156,35181,35123,35139,35155,35117,35127,35131,35131,35147,35160,35131,35153
35181,35199,35219,35230,35250,35190,35207,35224,35184,35195,35199,35199,35217,35229,35199,35222
35250,35268,35286,35299,35317,35259,35278,35291,35253,35263,35273,35273,35284,35301,35267,35273
35317,35335,35352,35366,35386,35326,35343,35362,35319,35333,35341,35341,35349,35367,35341,35353
35386,35403,35421,35432,35451,35395,35411,35431,35388,35400,35405,35405,35418,35436,35405,35422
35451,35469,35488,35493,35511,35460,35477,35492,35454,35466,35478,35478,35485,35494,35472,35478
35511,35529,35546,35556,35570,35519,35538,35555,35513,35524,35531,35531,35543,35561,35527,35531
35570,35587,35608,,35627,35579,35597,35613,35573,35584,35594,35594,35605,35619,35587,35594
35627,35645,35663,,35685,35636,35653,35674,35630,35641,35650,35650,35659,35678,35646,35650
35685,35702,35722,,35743,35694,35711,35730,35688,35699,35709,35709,35718,35735,35703,35709
35743,35761,35780,35787,35805,35753,35770,35786,35747,35757,35767,35767,35776,35794,35761,35767
35805,35823,35843,35853,35868,35815,35831,35848,35808,35820,35834,35834,35841,35852,35825,35834
35868,35886,35907,35916,35932,35877,35894,35912,35871,35882,35888,35888,35904,35916,35888,35910
35932,35950,35971,35978,35995,35941,35959,35977,35935,35946,35950,35950,35969,35980,35950,35975
35995,36013,36033,36041,36057,36005,36022,36040,35998,36010,36020,36020,36030,36046,36014,36020
36057,36075,36096,36105,36121,36067,36084,36102,36061,36072,36084,36084,36093,36106,36076,36084
36121,36138,36159,36168,36186,36130,36148,36167,36124,36135,36146,36146,36156,36176,36139,36146
36186,36203,36224,36232,36246,36195,36212,36231,36189,36199,36210,36210,36221,36238,36203,36210
36246,36264,36309,36322,36348,36314,,,36308,36318,,,36283,,36323,
36348,36379,36397,36412,36460,36428,,,36422,36432,,,36397,,36436,
36460,36492,36508,,36533,36484,36501,36519,36479,36489,36499,36499,36509,36526,36493,36499
36533,36550,36567,,36593,36542,36558,36581,36537,36547,36551,36551,36567,36587,36551,36573
36593,36610,36627,36639,36653,36602,36619,36638,36596,36607,36611,36611,36627,36643,36611,36636
36653,36671,36692,36701,36716,36663,36680,36700,36657,36668,36671,36671,36689,36708,36671,36694
36716,36734,36753,36763,36779,36726,36742,36762,36720,36731,36739,36739,36749,36767,36735,36739
36779,36796,36817,36824,36841,36788,36805,36823,36782,36793,36797,36797,36815,36826,36797,36820
36841,36860,36880,36888,36904,36851,36869,36887,36845,36856,36861,36861,36877,36891,36861,36886
36904,36922,36942,36957,37010,36914,36932,36951,36908,36919,36931,36931,36940,36956,36923,36931
37010,37044,37089,37101,37184,37093,37111,37098,37030,37041,37062,37076,37087,37098,37046,37071
37184,37215,37234,37251,37316,37265,37269,37269,37201,37212,37232,37250,37259,37269,37215,37238
37316,37333,37351,37362,37378,37325,37343,37361,37319,37330,37341,37341,37350,37370,37334,37341
37378,37396,37414,37425,37442,37388,37405,37424,37382,37393,37405,37405,37414,37429,37397,37405
37442,37459,37476,,37504,37451,37468,37489,37445,37456,37460,37460,37476,37497,37460,37487
37504,37523,37543,,37568,37514,37531,37553,37508,37519,37524,37524,37540,37562,37524,37550
37568,37586,37607,37617,37633,37578,37596,37616,37572,37583,37595,37595,37605,37625,37587,37595
37633,37651,37672,37688,37739,37642,37660,37680,37636,37647,37651,37651,37670,37690,37651,37677
37739,37773,37819,37831,37970,37765,37782,37880,37759,37770,37793,37827,37874,37885,37773,37822
37970,38003,38020,,38045,37995,38012,38031,37989,38000,38010,38010,38020,38039,38004,38010
38045,38063,38081,38092,38107,38055,38072,38091,38049,38060,38071,38071,38080,38100,38064,38071
38107,38125,38143,38153,38171,38117,38134,38152,38111,38122,38132,38132,38142,38156,38125,38132
38171,38189,38207,38217,38235,38181,38199,38216,38175,38186,38194,38194,38207,38228,38189,38194
38235,38253,38273,38283,38298,38244,38262,38282,38239,38249,38257,38257,38270,38286,38253,38257
38298,38317,38338,38346,38363,38308,38326,38345,38302,38313,38324,38324,38335,38350,38317,38324
38363,38381,38401,38410,38428,38372,38390,38409,38366,38377,38391,38391,38399,38414,38382,38391
38428,38446,38493,38506,38545,38438,38456,38498,38432,38443,38464,38482,38492,38503,38447,38478
38545,38564,38608,38621,38646,38556,38573,38592,38550,38560,38571,38571,38582,38598,38564,38571
38646,38678,38695,,38719,38670,38687,38704,38664,38675,38687,38687,38696,38707,38679,38687
38719,38737,38754,38765,38781,38729,38745,38764,38723,38733,38737,38737,38754,38773,38737,38759
38781,38798,38815,38826,38844,38790,38808,38825,38784,38794,38804,38804,38815,38830,38798,38804
38844,38862,38883,38890,38909,38854,38871,38889,38848,38859,38863,38863,38880,38894,38863,38887
38909,38928,38947,38956,38976,38919,38936,38955,38913,38924,38929,38929,38944,38960,38929,38955
38976,38993,39014,39023,39040,38985,39002,39022,38979,38990,38995,38995,39012,39028,38995,39020
39040,39058,39078,39087,39104,39050,39067,39086,39044,39055,39067,39067,39076,39098,39059,39067
39104,39122,39142,39152,39169,39114,39131,39151,39108,39119,39124,39124,39139,39158,39124,39149
39169,39187,39209,39218,39233,39179,39196,39217,39173,39184,39188,39188,39206,39223,39188,39215
39233,39251,39271,39281,39297,39243,39260,39280,39237,39247,39258,39258,39268,39284,39252,39258
39297,39315,39336,39343,39362,39307,39324,39342,39301,39312,39316,39316,39333,39347,39316,39340
39362,39379,39400,39407,39425,39371,39389,39406,39365,39376,39386,39386,39397,39409,39380,39386
39425,39442,39462,39471,39487,39434,39451,39470,39428,39438,39449,39449,39459,39480,39443,39449
39487,39504,39524,39532,39549,39496,39514,39531,39490,39501,39511,39511,39521,39535,39505,39511
39549,39566,39587,39595,39613,39558,39576,39594,39553,39563,39573,39573,39585,39599,39567,39573
39613,39631,39652,39659,39679,39623,39639,39658,39617,39627,39640,39640,39649,39664,39632,39640
39679,39696,39717,39724,39746,39688,39705,39723,39682,39692,39704,39704,39714,39730,39696,39704
39746,39763,39784,39792,39811,39755,39771,39791,39749,39760,39774,39774,39781,39796,39765,39774
39811,39829,39849,39857,39878,39821,39838,39856,39815,39826,39836,39836,39847,39862,39830,39836
39878,39894,39915,39922,39942,39886,39904,39921,39880,39891,39902,39902,39912,39927,39895,39902
39942,39960,39980,39988,40007,39952,39969,39987,39946,39956,39966,39966,39977,39992,39960,39966
40007,40024,40045,40051,40070,40016,40034,40050,40010,40021,40032,40032,40042,40053,40025,40032
40070,40088,40109,40115,40134,40080,40097,40114,40073,40084,40089,40089,40106,40118,40089,40112
40134,40152,40172,40179,40196,40143,40160,40178,40137,40148,40157,40157,40168,40181,40157,40174
40196,40214,40233,40243,40260,40206,40223,40242,40200,40210,40220,40220,40230,40246,40215,40220
40260,40278,40297,40309,40325,40270,40287,40308,40263,40275,40285,40285,40294,40315,40279,40285
40325,40342,40363,40370,40390,40334,40351,40369,40327,40339,40352,40352,40360,40373,40344,40352
40390,40408,40427,40437,40456,40399,40417,40434,40393,40404,40413,40413,40423,40439,40408,40413
40456,40474,40493,40505,40522,40465,40482,40501,40458,40470,40480,40480,40489,40507,40475,40480
40522,40540,40560,40573,40592,40532,40549,40568,40526,40537,40541,40541,40557,40578,40541,40565
40592,40611,40631,40644,40662,40602,40619,40638,40596,40607,40612,40612,40628,40645,40612,40635
40662,40679,40699,40713,40731,40671,40688,40707,40665,40676,40688,40688,40696,40714,40680,40688
40731,40749,40768,40782,40799,40740,40758,40776,40734,40745,40755,40755,40765,40782,40749,40755
40799,40817,40837,40849,40865,40808,40825,40842,40802,40813,40827,40827,40835,40848,40818,40827
40865,40883,40903,40915,40931,40874,40892,40908,40868,40879,40889,40889,40900,40915,40883,40889
40931,40948,40968,40979,40994,40940,40956,40973,40934,40945,40950,40950,40965,40978,40950,40971
40994,41011,41032,41043,41059,41003,41020,41037,40998,41008,41022,41022,41029,41042,41012,41022
41059,41076,41096,41108,41124,41068,41085,41102,41062,41073,41085,41085,41093,41108,41077,41085
41124,41141,41161,41171,41192,41133,41149,41166,41127,41137,41151,41151,41159,41174,41142,41151
41192,41210,41230,41242,41264,41202,41219,41237,41196,41207,41218,41218,41227,41242,41211,41218
41264,41282,41301,41314,41341,41274,41292,41308,41268,41279,41289,41289,41299,41315,41283,41289
41341,41359,41379,41391,41414,41351,41367,41384,41345,41355,41360,41360,41376,41389,41360,41382
41414,41432,41452,41465,41486,41424,41441,41459,41418,41429,41438,41438,41449,41465,41433,41438
41486,41503,41523,41537,41557,41495,41512,41530,41489,41500,41510,41510,41520,41537,41504,41510
41557,41574,41594,41608,41625,41566,41583,41600,41561,41571,41581,41581,41591,41608,41575,41581
41625,41642,41663,41675,41692,41634,41650,41668,41628,41639,41643,41643,41660,41673,41643,41666
41692,41709,41729,41742,41761,41702,41717,41735,41696,41706,41719,41719,41727,41743,41711,41719
41761,41778,41799,41811,41831,41770,41786,41804,41764,41774,41787,41787,41796,41809,41779,41787
41831,41849,41869,41882,41903,41841,41857,41875,41835,41845,41858,41858,41866,41882,41850,41858
41903,41920,41940,41953,41975,41913,41928,41946,41907,41917,41921,41921,41937,41952,41921,41944
41975,41992,42013,42026,42048,41984,42001,42019,41978,41989,41993,41993,42010,42024,41993,42017
42048,42065,42086,42098,42121,42057,42073,42091,42051,42062,42067,42067,42083,42096,42067,42089
42121,42138,42158,42171,42194,42130,42146,42163,42124,42135,42147,42147,42155,42168,42139,42147
42194,42212,42231,42244,42264,42204,42220,42237,42197,42208,42212,42212,42228,42244,42212,42234
42264,42281,42301,42314,42329,42273,42291,42307,42267,42278,42288,42288,42298,42314,42282,42288
42329,42346,42366,42375,42393,42338,42355,42371,42332,42343,42354,42354,42363,42382,42347,42354
42393,42410,42430,42439,42458,42402,42420,42436,42396,42406,42416,42416,42427,42441,42410,42416
42458,42476,42491,42501,42525,42466,42483,42500,42460,42471,42478,42478,42488,42504,42474,42478
42525,42542,42562,42566,42592,42533,42553,42565,42527,42538,42549,42550,42559,42567,42542,42550
42592,42609,42626,42639,42658,42601,42617,42629,42594,42606,42616,42616,42623,42629,42610,42616
42658,42674,42692,42702,42721,42666,42680,42695,42659,42672,42677,42677,42687,42701,42677,42695
42721,42734,42753,42763,42782,42728,42739,42755,42722,42732,42742,42742,42750,42760,42735,42742
42782,42796,42814,42822,42841,42789,42804,42815,42783,42793,42802,42802,42810,42818,42796,42802
42841,42856,42878,42883,42897,42849,42862,42880,42843,42854,42867,42867,42874,42884,42858,42867
42897,42917,42936,42944,42963,42910,42922,42929,42904,42916,42920,42920,42925,42929,42920,42927
42963,42979,42994,42997,43022,42971,42986,42996,42964,42974,42982,42982,42991,42999,42977,42982
43022,43037,43057,43061,43077,43030,43042,43060,43024,43035,43047,43047,43054,43068,43039,43047
43077,43092,43111,43118,43190,43084,43124,43140,43078,43089,43099,43117,43136,43145,43094,43113
43190,43203,43224,43226,43242,43196,43209,43225,43190,43201,43211,43211,43219,43229,43205,43211
43242,43256,43277,43280,43298,43251,43260,43269,43246,43255,43259,43259,43264,43269,43259,43266
43298,43313,43336,43338,43351,43305,43320,43330,43299,43310,43314,43314,43324,43330,43313,43314
43351,43366,43389,43391,43407,43359,43370,43381,43354,43363,43367,43367,43374,43381,43367,43378
43407,43421,43443,43445,43461,43415,43425,43433,43409,43419,43423,43423,43428,43433,43423,43431
43461,43476,43498,43505,43519,43469,43481,43500,43463,43473,43485,43485,43496,43504,43477,43485
43519,43533,43554,43561,43575,43526,43539,43555,43521,43530,43535,43535,43549,43560,43535,43555
43575,43591,43610,43615,43630,43583,43597,43611,43577,43589,43595,43595,43602,43616,43595,43612
43630,43645,43662,43671,43685,43637,43652,43665,43632,43641,43648,43648,43658,43673,43645,43648
43685,43700,43721,43727,43740,43693,43707,43723,43688,43697,43701,43701,43714,43727,43701,43722
43740,43755,43773,43777,43794,43748,43763,43776,43742,43752,43758,43758,43769,43778,43756,43758
43794,43810,43829,43832,43847,43803,43817,43831,43797,43807,43816,43816,43824,43835,43812,43816
43847,43863,43882,43886,43901,43856,43869,43885,43850,43861,43866,43866,43877,43893,43866,43883
43901,43916,43935,43938,43954,43909,43922,43937,43903,43913,43917,43917,43930,43944,43917,43935
43954,43970,43987,43996,44011,43963,43977,43991,43957,43967,43973,43973,43983,43996,43971,43973
44011,44025,44044,44053,44066,44019,44032,44046,44013,44023,44028,44028,44038,44052,44028,44046
44066,44081,44099,44106,44123,44074,44088,44101,44068,44078,44088,44088,44095,44106,44088,44101
44123,44137,44156,44164,44178,44130,44143,44158,44124,44134,44141,44141,44149,44163,44138,44141
44178,44192,44211,44215,44235,44186,44200,44214,44180,44190,44199,44199,44207,44220,44193,44199
44235,44249,44269,44272,44292,44242,44258,44271,44237,44246,44254,44254,44265,44274,44249,44254
44292,44309,44327,44334,44351,44302,44317,44329,44293,44307,44315,44315,44324,44333,44310,44315
44351,44367,44393,44385,44408,44360,44372,44384,44354,44365,44370,44370,44376,44386,44370,44381
44408,44424,44441,44448,44462,44417,44428,44443,44408,44422,44426,44426,44436,44449,44426,44442
44462,44477,44495,44500,44516,44470,44483,44497,44464,44475,44479,44479,44489,44503,44479,44494
44516,44531,44549,44557,44571,44524,44538,44551,44518,44528,44536,44536,44544,44556,44531,44536
44571,44585,44604,44613,44626,44578,44592,44606,44572,44583,44593,44593,44600,44610,44587,44593
44626,44640,44658,44666,44682,44633,44647,44660,44628,44637,44644,44644,44653,44665,44641,44644
44682,44697,44715,44721,44739,44690,44702,44717,44684,44694,44700,44700,44708,44721,44700,44717
44739,44754,44770,44782,44799,44747,44761,44777,44741,44751,44760,44760,44766,44782,44755,44760
44799,44812,44834,44838,44855,44805,44819,44836,44800,44809,44819,44819,44825,44841,44813,44819
44855,44871,44889,44896,44914,44864,44877,44891,44858,44868,44873,44873,44885,44896,44873,44890
44914,44930,44946,44957,44973,44922,44936,44950,44916,44928,44937,44937,44942,44956,44937,44946
44973,44988,45006,45014,45031,44981,44993,45008,44975,44985,44997,44997,45003,45013,44989,44997
45031,45046,45063,45072,45088,45039,45051,45065,45033,45043,45050,45050,45057,45071,45050,45062
45088,45103,45120,45128,45143,45096,45108,45123,45090,45100,45107,45107,45113,45128,45107,45117
45143,45158,45175,45178,45199,45151,45165,45177,45146,45156,45165,45165,45170,45189,45165,45174
45199,45213,45231,45241,45254,45206,45218,45233,45201,45211,45215,45215,45225,45245,45215,45230
45254,45268,45286,45295,45310,45261,45274,45289,45256,45265,45273,45273,45281,45293,45269,45273
45310,45324,45342,45351,45366,45317,45331,45344,45312,45322,45331,45331,45338,45349,45331,45343
45366,45380,45398,45407,45422,45374,45387,45400,45368,45378,45387,45387,45394,45405,45382,45387
45422,45437,45455,45464,45479,45430,45444,45457,45425,45435,45439,45439,45450,45462,45439,45455
45479,45493,45512,45520,45535,45487,45499,45513,45481,45491,45495,45495,45507,45518,45495,45512
45535,45550,45568,45576,45591,45543,45555,45570,45537,45547,45552,45552,45562,45575,45552,45569
45591,45606,45623,45633,45648,45599,45612,45626,45593,45603,45610,45610,45619,45632,45607,45610
45648,45663,45681,45690,45705,45656,45669,45683,45651,45660,45664,45664,45676,45688,45664,45683
45705,45720,45738,45746,45761,45713,45726,45740,45707,45717,45721,45721,45733,45744,45721,45738
45761,45775,45794,45801,45814,45768,45781,45795,45763,45773,45777,45777,45788,45800,45777,45794
45814,45828,45846,45854,45868,45822,45834,45848,45816,45826,45831,45831,45841,45852,45831,45846
45868,45882,45899,45907,45922,45875,45888,45901,45870,45880,45885,45885,45894,45906,45885,45899
45922,45936,45954,45963,45976,45929,45942,45955,45923,45933,45940,45940,45949,45962,45938,45940
45976,45991,46009,46016,46031,45984,45996,46011,45978,45988,45993,45993,46003,46016,45993,46010
46031,46046,46064,46072,46086,46039,46052,46066,46033,46043,46048,46048,46059,46071,46048,46065
46086,46101,46117,46128,46141,46094,46107,46120,46088,46098,46108,46108,46113,46128,46108,46117
46141,46156,46173,46180,46196,46149,46162,46175,46143,46153,46158,46158,46169,46179,46158,46174
46196,46210,46227,46236,46250,46204,46215,46229,46198,46208,46212,46212,46221,46236,46212,46226
46250,46264,46281,46289,46305,46258,46270,46282,46252,46262,46270,46270,46276,46286,46270,46280
46305,46319,46337,46344,46360,46313,46325,46338,46307,46317,46321,46321,46332,46342,46321,46337
46360,46375,46396,46400,46416,46368,46380,46391,46363,46373,46378,46378,46384,46391,46378,46387
46416,46431,46477,46487,46529,46424,46436,46481,46418,46429,46442,46460,46475,46485,46434,46455
46529,46545,46560,46566,46588,46538,46551,46561,46533,46542,46548,46548,46557,46565,46545,46548
46588,46603,46619,46627,46647,46596,46609,46621,46591,46600,46606,46606,46615,46625,46603,46606
46647,46662,46676,46686,46708,46655,46667,46679,46649,46660,46666,46666,46672,46689,46666,46676
46708,46723,46740,46748,46767,46716,46730,46742,46710,46720,46727,46727,46736,46747,46723,46727
46767,46783,46799,46805,46826,46776,46788,46800,46770,46781,46786,46786,46794,46805,46786,46800
46826,46842,46860,46866,46884,46835,46847,46862,46829,46839,46843,46843,46856,46866,46843,46862
46884,46899,46917,46922,46939,46892,46905,46918,46886,46896,46900,46900,46913,46923,46900,46918
46939,46955,46972,46977,46993,46948,46961,46973,46942,46953,46959,46959,46967,46976,46959,46972
46993,47009,47026,47033,47048,47002,47016,47027,46996,47006,47015,47015,47022,47031,47010,47015
47048,47063,47080,47087,47103,47056,47068,47081,47050,47061,47065,47065,47076,47085,47065,47081
47103,47117,47138,47139,47156,47110,47122,47131,47104,47114,47120,47120,47128,47131,47120,47129
47156,47171,47189,47197,47211,47165,47177,47191,47159,47169,47173,47173,47185,47196,47173,47191
47211,47227,47241,47246,47266,47219,47233,47242,47212,47225,47233,47233,47237,47246,47233,47241
47266,47280,47301,47304,47320,47273,47284,47303,47268,47277,47287,47287,47297,47308,47281,47287
47320,47335,47351,47358,47374,47328,47341,47352,47322,47332,47341,47341,47346,47357,47341,47350
47374,47388,47412,47405,47424,47381,47394,47404,47375,47386,47393,47393,47398,47405,47393,47401
47424,47442,47463,47466,47482,47435,47449,47465,47429,47439,47454,47454,47460,47468,47444,47454
47482,47498,47516,47522,47538,47491,47505,47518,47485,47495,47503,47503,47511,47523,47498,47503
47538,47554,47574,47576,47595,47546,47559,47569,47540,47551,47557,47557,47563,47569,47557,47566
47595,47610,47626,47633,47652,47603,47615,47628,47598,47607,47612,47612,47621,47632,47612,47626
47652,47666,47695,47684,47704,47659,47672,47683,47654,47663,47667,47667,47678,47687,47667,47682
47704,47720,47736,47743,47760,47713,47725,47738,47707,47717,47724,47724,47731,47743,47724,47735
47760,47774,47792,47798,47813,47768,47780,47793,47762,47771,47775,47775,47787,47799,47775,47792
47813,47830,47845,47854,47871,47823,47836,47847,47817,47827,47832,47832,47841,47853,47830,47832
47871,47886,47905,47911,47928,47879,47890,47906,47873,47883,47896,47896,47900,47911,47887,47897
47928,47943,47960,47967,47985,47936,47949,47962,47930,47940,47950,47950,47956,47966,47944,47950
47985,48000,48018,48026,48041,47993,48006,48021,47987,47997,48007,48007,48014,48026,48000,48007
48041,48056,48072,48080,48097,48049,48062,48074,48044,48053,48059,48059,48068,48079,48057,48059
48097,48111,48129,48137,48151,48104,48116,48131,48099,48108,48112,48112,48125,48136,48112,48130
48151,48165,48182,48189,48204,48158,48171,48184,48152,48162,48167,48167,48177,48187,48167,48182
48204,48219,48235,48243,48258,48212,48225,48237,48206,48216,48225,48225,48230,48243,48225,48234
48258,48272,48290,48298,48311,48265,48278,48291,48260,48269,48279,48279,48285,48297,48273,48279
48311,48326,48343,48350,48365,48319,48332,48345,48313,48323,48326,48326,48338,48349,48326,48343
48365,48382,48397,48400,48421,48374,48388,48399,48368,48379,48387,48387,48393,48402,48387,48397
48421,48436,48452,48461,48479,48428,48441,48454,48423,48433,48440,48440,48446,48460,48440,48455
48479,48493,48509,48524,48538,48486,48499,48510,48480,48490,48500,48500,48505,48513,48500,48509
48538,48551,48568,48574,48597,48545,48560,48569,48540,48548,48556,48558,48565,48572,48552,48558
48597,48612,48627,48637,48660,48606,48616,48629,48601,48610,48614,48614,48622,48636,48614,48627
48660,48673,48691,48701,48718,48666,48680,48693,48661,48670,48677,48677,48686,48698,48672,48677
48718,48732,48766,48751,48776,48726,48736,48750,48720,48730,48733,48733,48741,48756,48733,48745
48776,48790,48807,48811,48835,48785,48798,48808,48780,48788,48796,48796,48804,48811,48791,48796
48835,48849,48870,48874,48892,48842,48854,48865,48837,48847,48853,48853,48858,48865,48853,48861
48892,48908,48926,48932,48951,48901,48914,48927,48895,48906,48911,48911,48922,48932,48911,48927
48951,48968,48982,48994,49011,48960,48974,48990,48954,48965,48973,48973,48978,48994,48973,48981
49011,49026,49043,49049,49069,49019,49032,49044,49014,49023,49032,49032,49038,49049,49027,49032
49069,49085,49102,49110,49128,49078,49091,49104,49072,49082,49092,49092,49099,49109,49086,49092
49128,49143,49161,49169,49185,49136,49148,49163,49130,49141,49153,49153,49157,49167,49145,49153
49185,49200,49218,49226,49242,49193,49206,49220,49188,49197,49202,49202,49212,49226,49202,49220
49242,49257,49275,49283,49297,49250,49263,49277,49244,49254,49261,49261,49270,49281,49261,49277
49297,49311,49329,49336,49350,49304,49317,49330,49299,49308,49316,49316,49324,49337,49312,49316
49350,49364,49382,49389,49403,49357,49370,49383,49352,49362,49365,49365,49377,49389,49365,49382
49403,49417,49435,49441,49456,49410,49423,49436,49405,49415,49420,49420,49429,49440,49420,49435
49456,49470,49487,49492,49509,49463,49475,49488,49458,49467,49472,49472,49481,49493,49472,49487
49509,49524,49540,49546,49566,49517,49530,49541,49511,49521,49529,49529,49536,49546,49524,49529
49566,49580,49596,49603,49623,49573,49585,49597,49568,49577,49586,49586,49592,49601,49580,49586
49623,49639,49655,49662,49683,49632,49645,49656,49626,49636,49644,49644,49651,49660,49640,49644
49683,49699,49714,49721,49742,49691,49705,49716,49685,49696,49704,49704,49710,49720,49704,49715
49742,49758,49774,49781,49801,49750,49764,49776,49745,49755,49759,49759,49769,49782,49759,49774
49801,49817,49834,49842,49862,49811,49822,49836,49805,49815,49819,49819,49830,49840,49819,49835
49862,49876,49894,49900,49920,49869,49882,49896,49864,49873,49878,49878,49889,49902,49878,49896
49920,49936,49952,49961,49981,49929,49941,49955,49924,49933,49937,49937,49948,49961,49937,49954
49981,49995,50013,50021,50039,49988,50001,50015,49983,49992,49996,49996,50009,50021,49996,50014
50039,50053,50072,50079,50096,50046,50059,50073,50041,50050,50061,50061,50068,50078,50054,50061
50096,50111,50129,50137,50152,50104,50116,50132,50098,50108,50113,50113,50122,50140,50113,50131
50152,50167,50186,50193,50207,50160,50172,50188,50154,50164,50177,50177,50182,50192,50168,50177
50207,50222,50240,50247,50263,50216,50228,50241,50210,50220,50230,50230,50236,50245,50224,50230
50263,50278,50294,50302,50317,50270,50284,50296,50265,50274,50281,50281,50290,50300,50278,50281
50317,50332,50349,50356,50373,50325,50338,50351,50320,50329,50333,50333,50344,50357,50333,50349
50373,50388,50406,50414,50431,50381,50395,50408,50376,50385,50394,50394,50402,50413,50388,50394
50431,50444,50463,50470,50487,50438,50449,50464,50433,50442,50454,50454,50458,50469,50446,50454
50487,50502,50518,50527,50544,50495,50508,50520,50489,50500,50505,50505,50514,50525,50505,50518
50544,50558,50575,50582,50600,50552,50564,50576,50546,50556,50561,50561,50570,50581,50561,50575
50600,50615,50632,50640,50656,50608,50621,50634,50603,50613,50617,50617,50628,50639,50617,50632
50656,50671,50689,50696,50712,50664,50676,50690,50658,50669,50674,50674,50684,50695,50674,50690
50712,50727,50744,50751,50767,50720,50732,50745,50714,50724,50729,50729,50738,50751,50729,50745
50767,50781,50798,50806,50823,50775,50787,50800,50769,50779,50784,50784,50793,50806,50784,50799
50823,50837,50854,50861,50877,50830,50842,50855,50824,50834,50838,50838,50849,50860,50838,50854
50877,50891,50909,50916,50933,50885,50897,50910,50880,50889,50893,50893,50904,50915,50893,50909
50933,50947,50965,50972,50989,50941,50953,50966,50935,50945,50949,50949,50960,50971,50949,50965
50989,51003,51020,51027,51043,50997,51009,51022,50991,51001,51007,51007,51015,51027,51007,51020
51043,51058,51075,51081,51098,51051,51064,51076,51046,51055,51060,51060,51070,51081,51060,51075
51098,51113,51129,51137,51156,51107,51119,51132,51101,51111,51116,51116,51125,51136,51116,51130
51156,51171,51188,51194,51213,51164,51177,51189,51158,51168,51172,51172,51184,51193,51172,51188
51213,51229,51246,51254,51273,51223,51235,51248,51217,51227,51231,51231,51242,51256,51231,51246
51273,51289,51306,51314,51333,51282,51295,51308,51276,51286,51291,51291,51302,51312,51291,51307
51333,51349,51366,51374,51392,51342,51355,51368,51336,51346,51351,51351,51362,51373,51351,51367
51392,51407,51425,51433,51451,51401,51413,51427,51395,51405,51409,51409,51420,51432,51409,51426
51451,51466,51483,51492,51509,51459,51472,51486,51454,51464,51469,51469,51479,51490,51469,51485
51509,51524,51541,51548,51566,51517,51529,51543,51511,51521,51525,51525,51536,51548,51525,51541
51566,51581,51598,51607,51622,51574,51586,51601,51568,51579,51584,51584,51592,51606,51584,51599
51622,51637,51653,51661,51676,51630,51642,51655,51624,51635,51641,51641,51648,51662,51641,51652
51676,51691,51708,51716,51730,51684,51697,51709,51678,51688,51698,51698,51703,51714,51698,51708
51730,51745,51762,51769,51786,51738,51751,51764,51732,51742,51747,51747,51757,51769,51747,51762
51786,51801,51817,51824,51842,51794,51806,51819,51788,51799,51804,51804,51812,51826,51804,51817
51842,51858,51874,51882,51900,51851,51863,51876,51845,51855,51861,51861,51869,51882,51861,51874
51900,51916,51932,51939,51959,51909,51921,51934,51903,51913,51919,51919,51927,51939,51919,51933
51959,51974,51991,51999,52018,51967,51980,51993,51962,51971,51976,51976,51986,51998,51976,51991
52018,52033,52050,52058,52077,52026,52039,52052,52021,52031,52035,52035,52046,52058,52035,52050
52077,52093,52110,52117,52136,52086,52099,52112,52080,52090,52094,52094,52106,52116,52094,52110
52136,52152,52169,52176,52194,52145,52158,52171,52139,52150,52155,52155,52165,52176,52155,52171
52194,52210,52226,52235,52251,52203,52216,52228,52197,52207,52213,52213,52222,52233,52211,52213
52251,52266,52283,52290,52305,52259,52272,52284,52253,52263,52267,52267,52278,52290,52267,52283
52305,52320,52338,52345,52359,52314,52327,52339,52308,52318,52323,52323,52333,52345,52323,52338
52359,52374,52391,52398,52412,52367,52379,52392,52361,52372,52376,52376,52386,52398,52376,52391
52412,52426,52444,52451,52465,52420,52433,52445,52414,52424,52432,52432,52439,52450,52428,52432
52465,52480,52498,52504,52520,52473,52487,52503,52467,52477,52486,52486,52493,52510,52480,52486
52520,52536,52553,52560,52574,52528,52541,52555,52522,52533,52537,52537,52547,52561,52537,52556
52574,52590,52606,52612,52627,52582,52596,52607,52575,52587,52596,52596,52601,52611,52596,52606
52627,52643,52658,52664,52683,52635,52648,52660,52629,52641,52647,52647,52653,52665,52647,52659
52683,52697,52714,52720,52740,52690,52703,52716,52684,52694,52703,52703,52709,52720,52697,52703
52740,52753,52771,52778,52796,52746,52760,52772,52740,52750,52757,52757,52766,52777,52753,52757
52796,52810,52826,52837,52854,52804,52815,52830,52798,52808,52813,52813,52820,52836,52813,52824
52854,52868,52884,52894,52911,52862,52873,52888,52856,52867,52872,52872,52878,52894,52872,52881
52911,52926,52942,52950,52969,52919,52933,52944,52914,52923,52931,52931,52938,52947,52926,52931
52969,52983,53000,53008,53025,52976,52989,53002,52970,52981,52987,52987,52995,53008,52987,53001
53025,53040,53056,53063,53082,53033,53046,53058,53028,53037,53042,53042,53052,53062,53042,53057
53082,53097,53114,53123,53139,53090,53105,53117,53084,53094,53101,53101,53110,53124,53097,53101
53139,53155,53171,53177,53196,53147,53161,53172,53142,53152,53160,53160,53166,53177,53160,53172
53196,53212,53227,53235,53254,53204,53218,53229,53199,53208,53213,53213,53223,53233,53211,53213
53254,53268,53285,53291,53309,53261,53273,53286,53255,53265,53271,53271,53279,53291,53271,53286
53309,53323,53340,53346,53363,53317,53329,53342,53311,53321,53327,53327,53334,53348,53327,53339
53363,53378,53394,53401,53419,53371,53383,53395,53365,53376,53382,53382,53388,53402,53382,53393
53419,53434,53450,53458,53474,53427,53439,53452,53421,53431,53437,53437,53444,53458,53437,53449
53474,53489,53506,53514,53531,53482,53495,53508,53476,53487,53494,53494,53501,53513,53494,53506
53531,53546,53563,53571,53587,53539,53551,53566,53533,53543,53548,53548,53557,53571,53548,53566
53587,53602,53618,53625,53643,53595,53608,53620,53589,53600,53606,53606,53613,53625,53606,53618
53643,53658,53675,53683,53699,53651,53664,53677,53646,53655,53659,53659,53670,53682,53659,53676
53699,53713,53730,53738,53753,53707,53719,53732,53701,53711,53718,53718,53725,53738,53718,53730
53753,53768,53784,53791,53807,53761,53773,53786,53755,53766,53771,53771,53779,53791,53771,53784
53807,53822,53839,53846,53861,53815,53828,53840,53809,53819,53827,53827,53834,53845,53824,53827
53861,53875,53893,53900,53913,53868,53880,53894,53863,53872,53877,53877,53887,53900,53877,53892
53913,53927,53945,53951,53965,53920,53933,53946,53915,53925,53930,53930,53939,53951,53930,53945
53965,53980,53996,54004,54018,53973,53985,53998,53967,53978,53984,53984,53990,54003,53984,53996
54018,54032,54050,54059,54072,54025,54038,54052,54020,54029,54033,54033,54045,54059,54033,54049
54072,54086,54105,54111,54125,54079,54091,54106,54073,54082,54086,54086,54097,54111,54086,54107
54125,54139,54180,54161,54206,54133,54144,54160,54127,54137,54142,54142,54148,54168,54142,54152
54206,54243,54257,54267,54310,54237,54249,54261,54232,54241,54250,54250,54256,54265,54244,54250
54310,54350,54362,,54384,54345,54356,54369,54340,54349,54355,54355,54361,54374,54355,54368
54384,54402,54416,54430,54445,54396,54408,54423,54390,54402,54407,54407,54415,54430,54407,54421
54445,54459,54474,54484,54498,54453,54464,54476,54448,54457,54461,54461,54471,54481,54461,54476
54498,54513,54526,54531,54550,54507,54519,54530,54500,54511,54515,54515,54525,54532,54515,54528
54550,54566,54581,54587,54604,54559,54571,54582,54553,54563,54567,54567,54577,54585,54567,54581
54604,54619,54634,54643,54659,54612,54624,54639,54606,54617,54623,54623,54629,54649,54623,54632
54659,54673,54690,54696,54713,54666,54678,54692,54660,54670,54675,54675,54683,54698,54675,54687
54713,54728,54744,54748,54769,54721,54735,54746,54716,54725,54732,54732,54740,54749,54728,54732
54769,54785,54801,54810,54828,54778,54790,54803,54773,54783,54787,54787,54796,54811,54787,54802
54828,54843,54859,54865,54887,54836,54849,54861,54831,54840,54847,54847,54855,54865,54845,54847
54887,54902,54918,54925,54945,54895,54908,54920,54890,54899,54907,54907,54914,54923,54907,54918
54945,54960,54978,54985,55001,54953,54965,54980,54948,54957,54961,54961,54973,54986,54961,54979
55001,55017,55034,55041,55058,55010,55023,55035,55004,55014,55023,55023,55030,55040,55018,55023
55058,55072,55090,55096,55112,55065,55078,55091,55059,55069,55074,55074,55085,55095,55074,55090
55112,55125,55144,55149,55165,55119,55131,55145,55113,55123,55128,55128,55137,55150,55128,55145
55165,55179,55197,55203,55219,55173,55185,55198,55167,55177,55182,55182,55191,55203,55182,55197
55219,55234,55251,55258,55274,55227,55240,55253,55221,55231,55235,55235,55247,55258,55235,55252
55274,55288,55306,55314,55328,55281,55294,55308,55276,55286,55292,55292,55300,55313,55292,55306
55328,55342,55360,55366,55381,55335,55348,55361,55330,55340,55345,55345,55354,55366,55345,55360
55381,55396,55414,55420,55434,55389,55402,55415,55383,55393,55397,55397,55409,55419,55397,55414
55434,55449,55465,55472,55487,55442,55454,55466,55436,55446,55454,55454,55460,55471,55454,55464
55487,55502,55518,55525,55540,55495,55507,55519,55489,55499,55504,55504,55513,55526,55504,55517
55540,55555,55571,55579,55594,55548,55560,55573,55542,55552,55557,55557,55566,55579,55557,55571
55594,55608,55625,55632,55646,55601,55613,55626,55595,55606,55610,55610,55620,55631,55610,55625
55646,55660,55677,55684,55699,55654,55666,55678,55648,55658,55663,55663,55672,55683,55663,55677
55699,55713,55730,55736,55752,55706,55719,55731,55701,55711,55715,55715,55725,55736,55715,55731
55752,55766,55783,55789,55807,55760,55772,55784,55754,55764,55770,55770,55778,55789,55769,55770
55807,55821,55838,55844,55863,55815,55827,55839,55809,55819,55823,55823,55833,55844,55823,55838
55863,55878,55894,55901,55922,55872,55884,55896,55866,55876,55880,55880,55890,55901,55880,55895
55922,55938,55954,55961,55983,55932,55944,55956,55926,55936,55939,55939,55950,55960,55939,55955
55983,56000,56015,56024,56046,55993,56005,56018,55988,55997,56002,56002,56012,56023,56002,56016
56046,56062,56078,56085,56106,56055,56067,56080,56050,56059,56064,56064,56074,56085,56064,56079
56106,56122,56139,56146,56166,56115,56128,56141,56110,56119,56123,56123,56135,56146,56123,56140
56166,56181,56197,56205,56224,56174,56187,56200,56169,56179,56184,56184,56192,56205,56184,56197
56224,56239,56257,56264,56282,56233,56245,56259,56227,56237,56241,56241,56253,56264,56241,56258
56282,56297,56314,56324,56339,56290,56303,56316,56285,56294,56302,56302,56310,56324,56298,56302
56339,56353,56371,56379,56394,56347,56359,56373,56341,56351,56355,56355,56366,56378,56355,56372
56394,56408,56426,56433,56448,56402,56414,56427,56396,56406,56410,56410,56421,56432,56410,56426
56448,56462,56479,56486,56501,56456,56468,56481,56450,56460,56465,56465,56474,56485,56465,56479
56501,56515,56534,56540,56553,56508,56521,56535,56503,56513,56517,56517,56528,56539,56517,56534
56553,56568,56585,56592,56606,56561,56575,56587,56555,56565,56575,56575,56580,56593,56575,56585
56606,56621,56638,56646,56659,56614,56627,56640,56607,56619,56626,56626,56633,56645,56626,56638
56659,56674,56691,56697,56711,56667,56679,56692,56661,56671,56679,56679,56685,56696,56679,56690
56711,56725,56743,56750,56764,56719,56731,56744,56713,56723,56729,56729,56738,56749,56729,56743
56764,56778,56795,56802,56816,56772,56784,56796,56766,56776,56783,56783,56790,56800,56780,56783
56816,56831,56848,56854,56869,56824,56836,56849,56818,56828,56833,56833,56843,56853,56833,56848
56869,56883,56900,56907,56922,56877,56889,56901,56871,56881,56886,56886,56895,56906,56886,56900
56922,56936,56953,56960,56975,56930,56942,56954,56924,56934,56938,56938,56948,56959,56938,56953
56975,56990,57006,57013,57028,56983,56995,57007,56977,56987,56993,56993,57001,57012,56993,57006
57028,57042,57059,57066,57081,57036,57048,57060,57030,57040,57044,57044,57054,57065,57044,57059
57081,57095,57112,57118,57133,57088,57100,57113,57083,57093,57098,57098,57106,57117,57098,57111
57133,57148,57164,57171,57187,57141,57153,57166,57135,57145,57151,57151,57159,57171,57151,57164
57187,57202,57218,57226,57243,57195,57208,57220,57190,57199,57205,57205,57214,57226,57205,57218
57243,57258,57274,57282,57299,57251,57263,57276,57245,57255,57261,57261,57269,57281,57261,57275
57299,57314,57331,57338,57355,57307,57320,57332,57302,57311,57316,57316,57326,57337,57316,57331
57355,57370,57387,57396,57412,57364,57377,57389,57358,57368,57372,57372,57383,57395,57372,57388
57412,57426,57443,57452,57467,57420,57432,57445,57414,57424,57432,57432,57438,57450,57432,57443
57467,57481,57499,57507,57522,57475,57488,57501,57469,57479,57485,57485,57494,57505,57485,57499
57522,57536,57554,57562,57576,57529,57542,57555,57524,57534,57539,57539,57549,57561,57539,57554
57576,57591,57608,57615,57629,57584,57597,57609,57578,57588,57595,57595,57603,57614,57593,57595
57629,57644,57661,57669,57682,57637,57650,57662,57631,57641,57650,57650,57656,57667,57650,57660
57682,57696,57713,57721,57734,57689,57702,57714,57683,57694,57701,57701,57708,57719,57701,57713
57734,57751,57766,57772,57789,57742,57757,57768,57736,57746,57750,57750,57762,57773,57749,57750
57789,57802,57819,57828,57841,57796,57808,57821,57790,57800,57808,57808,57814,57827,57808,57818
57841,57856,57873,57879,57896,57849,57862,57874,57843,57854,57859,57859,57868,57879,57859,57873
57896,57910,57927,57934,57949,57903,57916,57929,57898,57908,57914,57914,57922,57934,57913,57914
57949,57965,57981,57990,58005,57958,57971,57983,57952,57962,57968,57968,57976,57989,57968,57981
58005,58020,58036,58043,58060,58013,58025,58038,58007,58017,58024,58024,58031,58043,58024,58036
58060,58075,58092,58098,58115,58068,58081,58093,58062,58072,58080,58080,58087,58098,58080,58092
58115,58130,58146,58153,58170,58123,58135,58148,58117,58127,58133,58133,58141,58154,58133,58146
58170,58185,58201,58208,58224,58178,58191,58203,58172,58182,58187,58187,58196,58212,58187,58200
58224,58239,58256,58259,58278,58232,58245,58257,58226,58237,58244,58244,58250,58263,58244,58255
58278,58293,58309,58318,58331,58286,58299,58311,58280,58290,58298,58298,58304,58315,58298,58309
58331,58347,58393,58402,58445,58340,58353,58397,58335,58345,58358,58383,58391,58401,58350,58380
58445,58464,58477,58481,58506,58455,58469,58480,58449,58461,58467,58467,58473,58486,58467,58477
58506,58520,58537,58546,58562,58513,58526,58540,58507,58518,58523,58523,58532,58546,58523,58537
58562,58578,58594,58602,58617,58570,58584,58596,58565,58575,58584,58584,58590,58601,58584,58595
58617,58632,58648,58656,58672,58625,58638,58650,58620,58629,58639,58639,58644,58654,58639,58648
58672,58686,58704,58712,58726,58680,58693,58706,58674,58684,58689,58689,58699,58711,58689,58704
58726,58742,58758,58766,58782,58735,58748,58760,58729,58739,58745,58745,58754,58766,58745,58759
58782,58796,58814,58821,58837,58790,58802,58815,58784,58794,58798,58798,58809,58820,58798,58814
58837,58851,58868,58876,58891,58844,58858,58870,58839,58848,58855,58855,58864,58875,58852,58855
58891,58906,58922,58929,58945,58899,58912,58923,58893,58903,58912,58912,58917,58928,58912,58922
58945,58959,58976,58983,58999,58953,58965,58978,58948,58957,58961,58961,58972,58983,58961,58976
58999,59013,59030,59038,59053,59007,59019,59032,59001,59011,59016,59016,59025,59037,59016,59031
59053,59068,59084,59092,59108,59061,59074,59086,59055,59066,59072,59072,59079,59091,59072,59084
59108,59122,59139,59146,59162,59116,59128,59141,59110,59120,59124,59124,59134,59146,59124,59139
59162,59176,59193,59200,59215,59170,59182,59194,59164,59173,59180,59180,59188,59199,59178,59180
59215,59230,59246,59252,59268,59223,59235,59247,59217,59227,59233,59233,59241,59252,59231,59233
59268,59283,59300,59306,59320,59276,59288,59301,59269,59280,59286,59286,59294,59305,59286,59300
59320,59334,59351,59357,59371,59327,59340,59352,59321,59332,59340,59340,59346,59361,59340,59350
59371,59386,59404,59405,59422,59379,59391,59404,59373,59383,59388,59388,59398,59410,59388,59404
59422,59436,59454,59462,59475,59430,59443,59455,59424,59434,59441,59441,59450,59459,59437,59441
59475,59489,59506,59512,59527,59482,59495,59507,59476,59486,59495,59495,59500,59511,59495,59504
59527,59542,59559,59565,59580,59535,59548,59560,59529,59539,59546,59546,59553,59565,59546,59559
59580,59595,59612,59619,59634,59588,59601,59613,59582,59592,59597,59597,59607,59619,59597,59611
59634,59649,59665,59673,59688,59642,59655,59666,59636,59646,59653,59653,59660,59671,59650,59653
59688,59702,59719,59727,59741,59695,59708,59720,59689,59700,59705,59705,59714,59726,59705,59719
59741,59754,59772,59778,59791,59748,59760,59772,59742,59752,59760,59760,59766,59776,59760,59771
59791,59806,59823,59829,59844,59799,59812,59824,59793,59804,59811,59811,59817,59829,59811,59822
59844,59858,59875,59882,59897,59851,59864,59876,59846,59856,59861,59861,59870,59881,59861,59875
59897,59911,59928,59935,59950,59904,59917,59929,59899,59909,59915,59915,59922,59934,59915,59927
59950,59965,59982,59989,60005,59958,59971,59983,59952,59962,59970,59970,59977,59988,59970,59982
60005,60019,60036,60043,60059,60012,60025,60037,60007,60017,60021,60021,60031,60042,60021,60036
60059,60074,60090,60097,60114,60067,60079,60091,60061,60071,60077,60077,60085,60096,60077,60090
60114,60129,60146,60154,60170,60122,60134,60148,60117,60127,60132,60132,60140,60153,60132,60146
60170,60185,60201,60208,60225,60178,60190,60203,60173,60182,60187,60187,60196,60207,60187,60201
60225,60240,60257,60265,60281,60234,60246,60259,60228,60238,60243,60243,60252,60264,60243,60257
60281,60296,60313,60320,60337,60290,60302,60314,60284,60294,60299,60299,60308,60320,60299,60313
60337,60352,60369,60376,60393,60345,60357,60370,60340,60350,60354,60354,60364,60376,60354,60369
60393,60408,60425,60432,60451,60402,60414,60427,60396,60406,60412,60412,60420,60432,60412,60425
60451,60467,60483,60491,60510,60460,60473,60486,60454,60464,60468,60468,60479,60491,60468,60484
60510,60526,60542,60550,60567,60519,60532,60544,60513,60523,60532,60532,60538,60549,60532,60543
60567,60583,60600,60608,60625,60576,60589,60602,60570,60581,60589,60589,60595,60607,60589,60600
60625,60640,60657,60665,60682,60634,60646,60659,60628,60638,60642,60642,60653,60665,60642,60658
60682,60696,60714,60721,60736,60690,60702,60715,60684,60694,60699,60699,60708,60720,60699,60714
60736,60750,60768,60775,60790,60744,60756,60769,60738,60748,60753,60753,60763,60774,60753,60768
60790,60804,60821,60829,60842,60797,60810,60822,60791,60801,60809,60809,60815,60827,60809,60820
60842,60856,60873,60880,60894,60849,60862,60874,60844,60853,60858,60858,60868,60879,60858,60873
60894,60908,60925,60933,60947,60902,60914,60927,60896,60906,60912,60912,60920,60932,60912,60925
60947,60961,60979,60986,61001,60955,60967,60980,60949,60959,60963,60963,60974,60985,60963,60979
61001,61015,61032,61041,61055,61009,61021,61034,61003,61013,61018,61018,61027,61039,61018,61032
61055,61069,61087,61094,61109,61063,61075,61088,61057,61067,61072,61072,61082,61093,61072,61087
61109,61124,61141,61148,61163,61117,61130,61142,61111,61121,61127,61127,61136,61146,61127,61141
61163,61178,61195,61203,61218,61171,61184,61197,61166,61176,61184,61184,61190,61202,61184,61195
61218,61233,61250,61257,61273,61226,61239,61251,61221,61231,61237,61237,61245,61256,61237,61250
61273,61288,61304,61312,61327,61281,61293,61306,61275,61285,61291,61291,61299,61312,61291,61303
61327,61342,61359,61366,61381,61335,61348,61360,61329,61340,61345,61345,61354,61365,61345,61359
61381,61396,61413,61420,61436,61389,61402,61414,61384,61394,61400,61400,61407,61419,61400,61412
61436,61450,61467,61474,61489,61444,61456,61469,61438,61448,61456,61456,61462,61473,61456,61467
61489,61504,61521,61528,61544,61497,61510,61522,61491,61502,61507,61507,61516,61527,61507,61521
61544,61558,61575,61583,61598,61552,61564,61577,61546,61556,61561,61561,61570,61581,61561,61575
61598,61613,61630,61638,61655,61607,61619,61632,61601,61611,61615,61615,61626,61637,61615,61630
61655,61670,61686,61695,61711,61663,61676,61689,61658,61668,61675,61675,61681,61696,61675,61686
61711,61728,61743,61751,61771,61721,61734,61747,61715,61725,61733,61733,61739,61752,61733,61743
61771,61786,61802,61808,61828,61779,61792,61804,61773,61783,61789,61789,61797,61810,61789,61802
61828,61844,61860,61868,61885,61836,61850,61861,61831,61841,61847,61847,61856,61866,61846,61847
61885,61901,61946,61955,61995,61894,61907,61949,61888,61898,61912,61928,61944,61953,61901,61924
61995,62010,62027,62035,62050,62004,62017,62028,61998,62007,62014,62014,62023,62034,62010,62014
62050,62064,62082,62088,62103,62058,62070,62083,62052,62063,62068,62068,62077,62086,62068,62081
62103,62119,62135,62142,62157,62111,62125,62137,62106,62116,62120,62120,62130,62142,62119,62120
62157,62172,62189,62196,62211,62165,62178,62191,62159,62170,62176,62176,62184,62196,62176,62190
62211,62226,62243,62250,62266,62219,62232,62244,62213,62224,62231,62231,62238,62250,62231,62243
62266,62280,62296,62302,62321,62273,62285,62297,62268,62277,62282,62282,62291,62303,62282,62296
62321,62336,62352,62359,62376,62329,62341,62354,62323,62333,62337,62337,62348,62359,62337,62352
62376,62392,62409,62416,62434,62385,62398,62411,62379,62389,62394,62394,62404,62415,62394,62410
62434,62449,62465,62473,62491,62442,62455,62467,62436,62446,62453,62453,62461,62472,62449,62453
62491,62507,62523,62530,62549,62499,62513,62526,62493,62504,62512,62512,62518,62532,62512,62523
62549,62564,62581,62588,62607,62557,62570,62582,62552,62562,62567,62567,62576,62588,62567,62582
62607,62622,62639,62647,62664,62615,62628,62641,62609,62620,62626,62626,62635,62646,62626,62640
62664,62680,62696,62703,62721,62673,62686,62698,62667,62677,62684,62684,62692,62703,62682,62684
62721,62736,62753,62760,62776,62729,62742,62754,62723,62734,62739,62739,62748,62759,62739,62753
62776,62792,62808,62815,62832,62784,62798,62809,62779,62789,62798,62798,62803,62813,62798,62808
62832,62846,62864,62870,62886,62839,62852,62865,62834,62844,62849,62849,62858,62871,62849,62864
62886,62901,62919,62926,62941,62894,62906,62921,62888,62898,62903,62903,62913,62926,62903,62920
62941,62956,62973,62980,62995,62949,62961,62975,62943,62954,62958,62958,62968,62980,62958,62974
62995,63010,63027,63034,63050,63003,63016,63029,62997,63008,63015,63015,63022,63033,63015,63027
63050,63065,63082,63088,63105,63058,63070,63083,63052,63062,63067,63067,63077,63088,63067,63083
63105,63120,63137,63144,63161,63113,63126,63139,63107,63117,63122,63122,63132,63144,63122,63137
63161,63175,63192,63199,63216,63168,63181,63193,63163,63173,63178,63178,63187,63198,63178,63191
63216,63230,63247,63255,63270,63223,63236,63249,63218,63228,63234,63234,63241,63255,63234,63246
63270,63285,63302,63310,63324,63278,63291,63303,63273,63283,63290,63290,63296,63310,63290,63301
63324,63339,63356,63364,63379,63332,63345,63358,63327,63337,63341,63341,63351,63364,63341,63357
63379,63393,63410,63416,63431,63386,63399,63411,63380,63391,63398,63398,63404,63415,63398,63409
63431,63446,63462,63470,63484,63439,63451,63464,63433,63444,63451,63451,63457,63469,63451,63462
63484,63498,63515,63521,63536,63491,63504,63516,63486,63496,63504,63504,63510,63521,63504,63514
63536,63551,63567,63573,63589,63544,63557,63568,63538,63549,63557,63557,63562,63574,63557,63566
63589,63605,63620,63626,63644,63597,63611,63621,63591,63601,63611,63611,63616,63626,63611,63620
63644,63659,63675,63680,63698,63652,63665,63677,63647,63656,63661,63661,63671,63681,63661,63675
63698,63714,63730,63738,63753,63707,63719,63732,63701,63711,63715,63715,63726,63737,63715,63731
63753,63768,63785,63791,63806,63761,63773,63787,63755,63765,63771,63771,63778,63792,63771,63783
63806,63822,63837,63844,63862,63815,63828,63839,63809,63819,63827,63827,63833,63844,63827,63838
63862,63878,63893,63899,63919,63870,63883,63895,63865,63875,63879,63879,63889,63899,63879,63894
63919,63934,63951,63957,63979,63927,63941,63952,63922,63932,63936,63936,63947,63956,63936,63951
63979,63995,64011,64018,64040,63988,64000,64013,63983,63992,63997,63997,64006,64017,63997,64012
64040,64055,64071,64080,64101,64048,64061,64074,64043,64053,64058,64058,64067,64078,64058,64072
64101,64116,64132,64141,64161,64109,64122,64135,64104,64113,64121,64121,64128,64143,64117,64121
64161,64177,64193,64200,64221,64170,64183,64195,64165,64174,64183,64183,64189,64199,64178,64183
64221,64237,64254,64262,64280,64229,64243,64256,64224,64234,64243,64243,64249,64261,64243,64255
64280,64295,64311,64320,64337,64288,64301,64314,64282,64292,64297,64297,64307,64320,64297,64311
64337,64352,64370,64378,64394,64345,64358,64372,64340,64350,64354,64354,64365,64378,64354,64371
64394,64409,64426,64434,64450,64402,64415,64428,64396,64406,64411,64411,64422,64433,64411,64427
64450,64464,64483,64491,64504,64457,64471,64485,64452,64461,64470,64470,64477,64490,64465,64470
64504,64520,64537,64544,64559,64513,64526,64538,64507,64517,64526,64526,64532,64543,64526,64537
64559,64574,64591,64598,64613,64567,64580,64592,64561,64572,64580,64580,64586,64597,64580,64591
64613,64628,64645,64652,64667,64621,64633,64646,64615,64625,64632,64632,64639,64652,64632,64644
64667,64681,64699,64706,64720,64675,64687,64700,64669,64679,64686,64686,64693,64705,64686,64698
64720,64734,64751,64758,64774,64728,64740,64753,64722,64732,64736,64736,64746,64757,64736,64752
64774,64788,64805,64812,64828,64782,64794,64806,64776,64786,64791,64791,64800,64812,64791,64804
64828,64843,64860,64867,64885,64836,64849,64862,64831,64841,64846,64846,64855,64867,64846,64860
64885,64899,64916,64923,64941,64893,64905,64917,64887,64897,64902,64902,64911,64923,64902,64916
64941,64956,64973,64981,64998,64950,64962,64975,64944,64954,64958,64958,64969,64980,64958,64974
64998,65013,65029,65037,65055,65006,65019,65031,65001,65010,65014,65014,65025,65036,65014,65029
65055,65070,65087,65094,65112,65063,65076,65089,65058,65067,65074,65074,65082,65094,65071,65074
65112,65127,65143,65151,65169,65120,65133,65145,65114,65124,65131,65131,65139,65151,65128,65131
65169,65184,65201,65209,65226,65177,65190,65203,65172,65181,65185,65185,65197,65208,65185,65201
65226,65241,65258,65266,65283,65234,65247,65260,65229,65238,65243,65243,65253,65266,65243,65258
65283,65297,65315,65322,65338,65291,65303,65316,65285,65295,65299,65299,65310,65321,65299,65315
65338,65352,65370,65378,65391,65346,65358,65371,65340,65350,65355,65355,65365,65377,65355,65370
65391,65406,65423,65430,65444,65399,65412,65424,65394,65403,65408,65408,65418,65429,65408,65423
65444,65458,65476,65483,65497,65452,65464,65477,65446,65456,65460,65460,65471,65482,65460,65476
65497,65511,65529,65536,65551,65505,65517,65530,65499,65509,65513,65513,65524,65535,65513,65529
65551,65566,65582,65589,65606,65559,65571,65584,65553,65563,65568,65568,65577,65588,65568,65582
65606,65621,65638,65645,65663,65615,65627,65640,65609,65619,65623,65623,65634,65644,65623,65638
65663,65678,65695,65703,65720,65672,65684,65697,65666,65676,65681,65681,65691,65702,65681,65695
65720,65736,65752,65760,65777,65729,65742,65754,65723,65733,65738,65738,65748,65759,65738,65753
65777,65792,65809,65818,65834,65786,65798,65811,65780,65790,65795,65795,65805,65817,65795,65810
65834,65848,65865,65873,65888,65842,65854,65866,65836,65846,65855,65855,65860,65871,65855,65865
65888,65902,65919,65927,65941,65896,65908,65921,65890,65900,65908,65908,65914,65925,65908,65919
65941,65955,65973,65980,65993,65949,65961,65974,65943,65953,65957,65957,65968,65979,65957,65973
65993,66007,66025,66032,66045,66001,66014,66026,65995,66005,66012,66012,66020,66031,66009,66012
66045,66060,66077,66083,66099,66053,66066,66078,66048,66057,66062,66062,66072,66083,66062,66077
66099,66114,66130,66137,66154,66107,66120,66132,66101,66112,66121,66121,66126,66136,66121,66130
66154,66169,66186,66194,66211,66163,66175,66188,66157,66167,66171,66171,66182,66193,66171,66187
66211,66226,66243,66251,66270,66220,66232,66245,66214,66224,66229,66229,66238,66250,66229,66243
66270,66286,66302,66309,66327,66279,66292,66304,66273,66283,66288,66288,66298,66308,66288,66302
66327,66343,66359,66367,66385,66336,66349,66362,66331,66341,66347,66347,66355,66366,66347,66360
66385,66401,66417,66424,66442,66394,66407,66419,66388,66398,66403,66403,66413,66424,66403,66418
66442,66457,66474,66481,66498,66450,66463,66476,66444,66455,66461,66461,66469,66481,66461,66474
66498,66513,66530,66537,66553,66506,66518,66532,66500,66510,66517,66517,66524,66537,66517,66530
66553,66568,66585,66592,66608,66561,66574,66587,66555,66565,66570,66570,66580,66591,66570,66585
66608,66623,66640,66647,66661,66616,66629,66641,66610,66620,66628,66628,66635,66646,66628,66640
66661,66676,66693,66700,66714,66669,66682,66695,66664,66674,66678,66678,66688,66699,66678,66694
66714,66728,66745,66752,66766,66722,66734,66746,66716,66726,66732,66732,66739,66751,66732,66744
66766,66780,66797,66803,66817,66773,66786,66798,66768,66778,66786,66786,66792,66802,66786,66796
66817,66832,66848,66855,66869,66825,66838,66850,66819,66829,66837,66837,66843,66854,66837,66848
66869,66884,66901,66907,66923,66877,66889,66902,66872,66882,66887,66887,66895,66906,66887,66900
66923,66937,66954,66961,66977,66931,66943,66956,66925,66935,66942,66942,66949,66961,66942,66954
66977,66992,67008,67015,67033,66985,66997,67010,66980,66989,66994,66994,67003,67015,66994,67009
67033,67048,67065,67072,67090,67041,67054,67066,67036,67045,67050,67050,67060,67071,67050,67065
67090,67105,67121,67130,67146,67098,67111,67124,67092,67103,67110,67110,67116,67130,67110,67121
67146,67162,67178,67186,67203,67155,67168,67181,67149,67159,67165,67165,67174,67187,67165,67178
67203,67218,67235,67243,67259,67211,67224,67237,67206,67216,67221,67221,67231,67242,67221,67236
67259,67275,67290,67299,67315,67268,67280,67293,67262,67272,67279,67279,67286,67301,67279,67289
67315,67331,67347,67355,67371,67323,67336,67349,67317,67328,67335,67335,67342,67354,67335,67347
67371,67386,67403,67410,67426,67379,67392,67405,67373,67384,67390,67390,67398,67409,67390,67403
67426,67441,67457,67464,67480,67434,67447,67459,67428,67439,67447,67447,67452,67463,67447,67457
67480,67495,67511,67518,67533,67488,67501,67512,67482,67492,67501,67501,67506,67517,67501,67511
67533,67547,67565,67571,67585,67541,67553,67566,67535,67545,67551,67551,67559,67570,67551,67565
67585,67600,67617,67624,67638,67593,67606,67618,67587,67597,67603,67603,67612,67623,67602,67603
67638,67652,67670,67676,67690,67645,67658,67671,67639,67650,67656,67656,67664,67675,67656,67670
67690,67705,67722,67728,67743,67698,67710,67723,67692,67702,67707,67707,67716,67728,67707,67721
67743,67758,67775,67782,67796,67751,67763,67776,67745,67755,67761,67761,67769,67781,67761,67774
67796,67811,67828,67836,67851,67804,67817,67830,67799,67809,67813,67813,67823,67835,67813,67828
67851,67865,67882,67890,67906,67859,67872,67884,67853,67863,67868,67868,67878,67890,67868,67882
67906,67921,67938,67946,67962,67914,67926,67940,67908,67918,67922,67922,67933,67945,67922,67938
67962,67977,67994,68001,68018,67970,67983,67995,67965,67974,67978,67978,67989,68000,67978,67994
68018,68033,68050,68059,68075,68027,68039,68053,68021,68031,68036,68036,68045,68058,68036,68050
68075,68089,68106,68114,68129,68082,68095,68108,68077,68086,68091,68091,68101,68113,68091,68106
68129,68144,68161,68169,68184,68137,68150,68163,68132,68141,68146,68146,68156,68167,68146,68161
68184,68199,68216,68225,68240,68192,68205,68218,68187,68197,68202,68202,68212,68223,68202,68216
68240,68255,68272,68280,68296,68248,68261,68274,68242,68252,68257,68257,68267,68279,68257,68272
68296,68310,68327,68335,68351,68304,68316,68329,68298,68308,68313,68313,68322,68334,68313,68327
68351,68366,68383,68390,68406,68359,68372,68384,68353,68364,68370,68370,68378,68388,68370,68383
68406,68422,68439,68447,68463,68415,68428,68442,68409,68419,68424,68424,68434,68447,68424,68441
68463,68479,68495,68503,68520,68471,68484,68497,68466,68476,68482,68482,68491,68502,68482,68496
68520,68535,68552,68560,68575,68528,68542,68554,68522,68533,68542,68542,68547,68558,68542,68551
68575,68590,68606,68614,68629,68583,68596,68608,68577,68588,68595,68595,68601,68613,68595,68606
68629,68644,68661,68669,68683,68637,68650,68663,68632,68642,68650,68650,68656,68669,68650,68660
68683,68698,68714,68722,68737,68691,68703,68716,68685,68695,68701,68701,68709,68722,68701,68714
68737,68751,68768,68775,68790,68745,68757,68770,68739,68749,68754,68754,68763,68774,68754,68767
68790,68805,68822,68829,68845,68799,68811,68824,68793,68803,68810,68810,68817,68829,68810,68822
68845,68860,68877,68884,68901,68853,68865,68878,68848,68857,68862,68862,68871,68883,68862,68877
68901,68916,68932,68940,68958,68909,68921,68934,68903,68913,68917,68917,68927,68940,68917,68932
68958,68973,68990,68997,69015,68966,68979,68992,68961,68970,68975,68975,68985,68997,68975,68990
69015,69031,69047,69056,69073,69024,69036,69050,69018,69028,69033,69033,69043,69055,69033,69048
69073,69089,69105,69114,69131,69082,69095,69108,69076,69086,69093,69093,69101,69114,69090,69093
69131,69145,69163,69172,69187,69139,69151,69165,69133,69143,69148,69148,69158,69170,69148,69163
69187,69201,69219,69226,69241,69194,69207,69220,69189,69198,69202,69202,69214,69225,69202,69218
69241,69256,69273,69281,69296,69249,69262,69275,69243,69253,69258,69258,69268,69280,69258,69273
69296,69310,69328,69335,69349,69303,69316,69329,69298,69308,69315,69315,69322,69334,69312,69315
69349,69364,69381,69389,69403,69357,69370,69382,69351,69362,69369,69369,69376,69388,69369,69380
69403,69417,69434,69441,69456,69410,69423,69435,69405,69415,69423,69423,69429,69440,69423,69434
69456,69470,69487,69495,69509,69464,69476,69489,69458,69468,69474,69474,69482,69493,69474,69487
69509,69524,69541,69549,69563,69517,69530,69543,69512,69522,69527,69527,69536,69548,69527,69541
69563,69578,69594,69601,69616,69571,69583,69595,69565,69575,69582,69582,69589,69600,69582,69594
69616,69630,69648,69654,69667,69624,69636,69648,69618,69628,69635,69635,69642,69653,69635,69647
69667,69681,69699,69706,69719,69675,69687,69700,69669,69679,69684,69684,69693,69705,69684,69698
69719,69733,69750,69757,69770,69726,69739,69751,69721,69731,69737,69737,69744,69756,69737,69749
69770,69784,69802,69808,69822,69778,69790,69803,69772,69782,69787,69787,69796,69807,69787,69801
69822,69836,69854,69861,69876,69830,69842,69855,69824,69834,69839,69839,69849,69860,69839,69854
69876,69890,69907,69914,69932,69884,69896,69909,69878,69888,69893,69893,69902,69913,69893,69907
69932,69948,69964,69971,69990,69941,69953,69966,69935,69945,69949,69949,69960,69971,69949,69965
69990,70006,70021,70029,70048,69999,70011,70024,69993,70003,70009,70009,70016,70029,70009,70021
70048,70064,70080,70084,70106,70056,70071,70081,70051,70061,70067,70067,70076,70085,70064,70067
70106,70122,70137,70143,70163,70114,70127,70138,70108,70119,70127,70127,70132,70142,70127,70136
70163,70178,70195,70202,70220,70171,70184,70197,70165,70175,70184,70184,70190,70201,70184,70195
70220,70235,70251,70257,70275,70227,70240,70253,70221,70231,70236,70236,70245,70258,70236,70254
70275,70289,70307,70314,70330,70282,70295,70309,70277,70287,70293,70293,70301,70313,70293,70308
70330,70345,70362,70367,70383,70337,70350,70363,70331,70342,70349,70349,70356,70367,70349,70362
70383,70398,70415,70420,70436,70391,70404,70416,70385,70395,70402,70402,70410,70420,70402,70415
70436,70451,70468,70474,70489,70444,70457,70469,70438,70449,70455,70455,70463,70473,70455,70468
70489,70503,70520,70528,70541,70496,70508,70522,70491,70501,70507,70507,70514,70528,70507,70518
70541,70555,70572,70579,70592,70548,70560,70573,70542,70553,70557,70557,70566,70579,70557,70571
70592,70606,70623,70630,70644,70600,70612,70624,70594,70604,70612,70612,70618,70629,70612,70623
70644,70658,70675,70681,70696,70651,70664,70676,70646,70656,70662,70662,70669,70681,70662,70674
70696,70710,70728,70734,70749,70704,70716,70729,70698,70708,70712,70712,70722,70734,70712,70727
70749,70764,70781,70787,70803,70757,70769,70782,70752,70761,70766,70766,70776,70787,70766,70781
70803,70817,70835,70842,70857,70811,70823,70836,70805,70815,70821,70821,70829,70842,70821,70835
70857,70872,70888,70896,70913,70865,70878,70890,70860,70870,70876,70876,70883,70896,70876,70888
70913,70927,70944,70951,70967,70920,70933,70946,70915,70925,70931,70931,70939,70950,70931,70944
70967,70982,70999,71006,71022,70976,70988,71001,70970,70980,70984,70984,70994,71006,70984,71000
71022,71037,71054,71062,71077,71030,71043,71056,71025,71035,71039,71039,71049,71062,71039,71054
71077,71092,71109,71117,71131,71085,71097,71111,71079,71089,71094,71094,71104,71116,71094,71110
71131,71146,71163,71171,71185,71139,71152,71165,71134,71144,71148,71148,71158,71169,71148,71163
71185,71200,71217,71224,71239,71193,71206,71218,71188,71197,71202,71202,71212,71223,71202,71217
71239,71253,71270,71278,71292,71246,71259,71272,71241,71251,71258,71258,71265,71277,71258,71269
71292,71306,71323,71331,71344,71299,71312,71325,71294,71304,71309,71309,71318,71330,71309,71323
71344,71358,71375,71382,71396,71352,71364,71376,71346,71356,71361,71361,71370,71381,71361,71375
71396,71409,71427,71433,71447,71403,71415,71428,71397,71407,71412,71412,71421,71432,71412,71426
71447,71461,71478,71484,71498,71454,71466,71479,71449,71459,71464,71464,71472,71483,71464,71476
71498,71512,71529,71536,71550,71506,71518,71531,71500,71510,71515,71515,71524,71536,71515,71528
71550,71565,71581,71589,71604,71558,71571,71583,71553,71563,71568,71568,71576,71588,71568,71581
71604,71619,71636,71644,71660,71612,71625,71638,71607,71617,71622,71622,71631,71643,71622,71635
71660,71674,71691,71699,71714,71668,71680,71693,71662,71672,71677,71677,71686,71698,71677,71691
71714,71729,71746,71752,71768,71722,71735,71747,71717,71727,71734,71734,71741,71752,71734,71745
71768,71783,71800,71807,71822,71776,71789,71802,71771,71781,71786,71786,71795,71806,71786,71801
71822,71836,71853,71860,71873,71829,71842,71854,71824,71834,71842,71842,71848,71858,71842,71852
71873,71887,71904,71910,71924,71880,71893,71904,71875,71885,71892,71892,71898,71909,71892,71902
71924,71938,71976,71987,72023,71931,71943,71981,71926,71935,71949,71964,71975,71985,71942,71953
72023,72037,72054,72059,72072,72030,72043,72054,72024,72034,72039,72039,72049,72060,72039,72053
72072,72086,72104,72109,72121,72079,72092,72104,72073,72084,72090,72090,72097,72109,72090,72104
72121,72135,72153,72154,72169,72128,72141,72153,72122,72133,72141,72141,72146,72159,72141,72151
72169,72184,72200,72206,72220,72177,72189,72201,72171,72182,72188,72188,72194,72206,72188,72199
72220,72234,72251,72257,72271,72227,72240,72252,72222,72232,72238,72238,72245,72256,72238,72251
72271,72286,72302,72308,72324,72279,72291,72304,72274,72283,72287,72287,72297,72310,72287,72302
72324,72340,72355,72359,72379,72332,72346,72358,72326,72337,72345,72345,72350,72366,72345,72354
72379,72394,72410,72417,72434,72387,72400,72411,72381,72392,72399,72399,72405,72418,72399,72409
72434,72449,72465,72472,72490,72442,72455,72467,72436,72446,72455,72455,72460,72472,72455,72465
72490,72505,72521,72528,72546,72499,72511,72523,72493,72503,72508,72508,72517,72528,72508,72521
72546,72561,72577,72584,72600,72554,72566,72579,72548,72558,72564,72564,72572,72584,72564,72576
72600,72615,72632,72639,72654,72608,72620,72633,72602,72612,72618,72618,72627,72638,72618,72632
72654,72668,72686,72694,72708,72662,72674,72688,72656,72666,72671,72671,72681,72693,72671,72687
72708,72724,72740,72748,72764,72717,72730,72742,72711,72721,72730,72730,72735,72747,72730,72740
72764,72779,72796,72804,72820,72772,72785,72798,72767,72777,72783,72783,72791,72803,72783,72796
72820,72834,72852,72860,72876,72828,72840,72853,72822,72832,72838,72838,72847,72858,72838,72852
72876,72890,72907,72916,72931,72883,72896,72909,72878,72888,72893,72893,72902,72915,72893,72907
72931,72945,72963,72970,72984,72938,72951,72964,72932,72943,72949,72949,72957,72968,72949,72963
72984,72998,73016,73023,73037,72992,73005,73017,72986,72996,73003,73003,73011,73021,73000,73003
73037,73051,73068,73075,73088,73044,73057,73069,73038,73048,73053,73053,73063,73074,73053,73067
73088,73102,73120,73127,73141,73096,73108,73121,73090,73100,73105,73105,73114,73126,73105,73120
73141,73155,73173,73180,73194,73149,73161,73174,73143,73153,73158,73158,73167,73179,73158,73172
73194,73209,73226,73234,73249,73202,73215,73227,73197,73207,73211,73211,73221,73232,73211,73226
73249,73264,73281,73289,73304,73257,73269,73283,73252,73261,73266,73266,73276,73288,73266,73281
73304,73319,73336,73344,73360,73312,73325,73338,73307,73317,73321,73321,73331,73343,73321,73336
73360,73374,73392,73399,73414,73368,73380,73393,73362,73372,73376,73376,73386,73398,73376,73392
73414,73429,73446,73455,73470,73423,73435,73448,73417,73427,73435,73435,73442,73453,73431,73435
73470,73484,73501,73509,73525,73478,73490,73503,73472,73482,73487,73487,73496,73507,73487,73501
73525,73539,73556,73564,73578,73532,73545,73557,73527,73537,73544,73544,73551,73562,73544,73555
73578,73592,73609,73617,73632,73586,73598,73611,73580,73590,73595,73595,73604,73615,73595,73609
73632,73647,73663,73671,73687,73640,73653,73665,73635,73645,73650,73650,73659,73670,73650,73663
73687,73703,73720,73728,73744,73696,73709,73722,73691,73700,73705,73705,73715,73727,73705,73720
73744,73759,73776,73784,73801,73753,73765,73778,73747,73757,73761,73761,73771,73783,73761,73776
73801,73817,73833,73841,73859,73810,73823,73835,73804,73814,73820,73820,73829,73840,73820,73833
73859,73874,73891,73898,73916,73867,73880,73893,73861,73871,73876,73876,73886,73898,73876,73891
73916,73932,73948,73955,73973,73925,73938,73951,73919,73930,73935,73935,73944,73955,73935,73949
73973,73989,74006,74012,74029,73981,73995,74007,73975,73986,73992,73992,74001,74012,73992,74006
74029,74044,74061,74068,74083,74037,74050,74063,74031,74041,74050,74050,74055,74070,74050,74059
74083,74099,74115,74122,74138,74091,74105,74117,74085,74096,74104,74104,74110,74122,74104,74115
74138,74154,74170,74176,74193,74146,74159,74171,74140,74151,74159,74159,74165,74176,74159,74171
74193,74208,74226,74232,74247,74201,74213,74227,74194,74206,74211,74211,74220,74232,74211,74227
74247,74262,74279,74285,74301,74255,74268,74280,74249,74259,74266,74266,74274,74285,74266,74279
74301,74315,74332,74339,74354,74308,74321,74333,74303,74313,74320,74320,74327,74339,74320,74331
74354,74368,74386,74394,74407,74361,74374,74388,74356,74366,74373,74373,74380,74394,74373,74388
74407,74422,74438,74445,74460,74415,74427,74440,74409,74420,74426,74426,74433,74445,74426,74438
74460,74475,74491,74499,74513,74468,74481,74493,74462,74473,74480,74480,74486,74498,74480,74490
74513,74528,74545,74551,74566,74521,74534,74546,74515,74525,74531,74531,74540,74551,74531,74544
74566,74581,74598,74604,74618,74574,74586,74599,74568,74578,74585,74585,74592,74604,74585,74597
74618,74633,74650,74657,74671,74627,74639,74652,74621,74631,74637,74637,74645,74657,74637,74650
74671,74686,74703,74709,74723,74679,74692,74704,74673,74683,74692,74692,74698,74708,74692,74702
74723,74737,74754,74760,74774,74731,74743,74755,74725,74735,74740,74740,74749,74760,74740,74753
74774,74789,74806,74812,74827,74782,74795,74807,74777,74787,74792,74792,74801,74812,74792,74806
74827,74842,74859,74865,74882,74836,74847,74861,74830,74840,74843,74843,74854,74865,74843,74860
74882,74897,74913,74920,74940,74890,74903,74915,74884,74894,74900,74900,74908,74920,74900,74913
74940,74956,74972,74978,75000,74949,74961,74974,74943,74953,74957,74957,74968,74979,74957,74973
75000,75017,75032,75040,75062,75010,75022,75034,75004,75014,75020,75020,75028,75040,75020,75032
75062,75078,75093,75101,75123,75071,75084,75096,75065,75075,75083,75083,75089,75103,75083,75093
75123,75139,75155,75162,75182,75132,75145,75157,75126,75136,75145,75145,75151,75162,75145,75155
75182,75196,75213,75219,75235,75189,75202,75214,75184,75194,75201,75201,75207,75219,75201,75212
75235,75250,75268,75274,75288,75243,75256,75269,75238,75248,75252,75252,75262,75274,75252,75268
75288,75303,75320,75327,75341,75296,75310,75321,75291,75301,75310,75310,75315,75326,75310,75320
75341,75355,75373,75377,75392,75348,75362,75376,75342,75352,75362,75362,75367,75381,75362,75370
75392,75407,75425,75427,75443,75400,75412,75426,75394,75405,75409,75409,75417,75429,75409,75424
75443,75457,75484,75473,75493,75450,75462,75472,75444,75454,75462,75462,75467,75476,75462,75471
75493,75507,75538,75527,75543,75500,75512,75526,75494,75504,75512,75512,75518,75530,75512,75526
75543,75556,75573,75581,75648,75551,75566,75603,75546,75554,75561,75578,75598,75607,75557,75574
75648,75662,75679,75689,75730,75655,75669,75683,75649,75660,75669,75669,75675,75687,75669,75683
75730,75767,75778,75787,75806,75738,75772,75786,75730,75743,75758,75767,75779,75791,75747,75763
75806,75820,75835,75842,75854,75815,75826,75841,75810,75818,75828,75828,75835,75845,75822,75828
75854,75873,75887,75902,75959,75867,75880,75892,75862,75872,75881,75881,75885,75901,75881,75888
75959,75976,75988,75996,76011,75969,75981,75991,75964,75974,75982,75982,75986,75995,75982,75990
76011,76024,76036,76046,76058,76017,76030,76040,76012,76021,76031,76031,76035,76044,76031,76039
76058,76073,76089,76095,76107,76066,76078,76090,76059,76071,76076,76076,76083,76097,76076,76088
76107,76120,76151,76139,76154,76114,76127,76138,76108,76118,76125,76125,76133,76142,76125,76138
76154,76169,76189,76191,76205,76162,76175,76190,76157,76166,76170,76170,76183,76195,76170,76191
76205,76219,76236,76239,76257,76212,76226,76237,76206,76216,76224,76224,76232,76241,76219,76224
76257,76271,76290,76292,76310,76264,76276,76291,76258,76269,76273,76273,76281,76294,76273,76282
76310,76325,76341,76347,76365,76318,76331,76342,76313,76323,76329,76329,76337,76347,76329,76342
76365,76380,76395,76400,76422,76373,76385,76396,76367,76377,76381,76381,76391,76401,76381,76395
76422,76437,76452,76457,76481,76430,76442,76453,76425,76434,76438,76438,76448,76456,76438,76452
76481,76497,76514,76520,76541,76490,76503,76515,76485,76494,76504,76504,76510,76519,76498,76504
76541,76557,76573,76580,76603,76550,76562,76575,76545,76555,76559,76559,76568,76579,76559,76574
76603,76618,76634,76643,76662,76611,76624,76636,76606,76615,76619,76619,76630,76640,76619,76635
76662,76677,76693,76700,76717,76670,76682,76695,76665,76674,76679,76679,76688,76701,76679,76692
76717,76732,76750,76757,76770,76725,76738,76752,76720,76729,76733,76733,76744,76760,76733,76749
76770,76784,76802,76807,76821,76778,76790,76803,76772,76782,76785,76785,76797,76807,76785,76802
76821,76835,76853,76859,76872,76828,76841,76854,76823,76832,76837,76837,76847,76859,76837,76853
76872,76886,76903,76905,76922,76879,76892,76904,76874,76883,76888,76888,76898,76914,76888,76902
76922,76936,76954,76959,76973,76930,76941,76955,76924,76934,76939,76939,76947,76958,76939,76953
76973,76987,77004,77010,77025,76980,76992,77005,76975,76985,76989,76989,76998,77009,76989,77005
77025,77039,77056,77063,77077,77032,77044,77057,77027,77036,77041,77041,77050,77062,77041,77055
77077,77091,77108,77117,77130,77084,77096,77109,77079,77089,77093,77093,77102,77113,77093,77107
77130,77144,77162,77169,77184,77137,77150,77164,77132,77141,77145,77145,77157,77169,77145,77162
77184,77198,77215,77221,77237,77192,77204,77216,77186,77195,77203,77203,77211,77221,77199,77203
77237,77252,77297,77307,77347,77246,77258,77301,77240,77250,77265,77274,77295,77304,77253,77270
77347,77362,77405,77415,77453,77355,77368,77409,77350,77359,77375,77385,77403,77413,77364,77381
77453,77467,77484,77488,77503,77460,77473,77487,77455,77464,77473,77473,77478,77495,77473,77481
77503,77517,77538,77540,77553,77511,77523,77539,77505,77515,77520,77520,77529,77545,77520,77541
77553,77566,77585,77586,77602,77560,77572,77585,77554,77564,77568,77568,77580,77589,77568,77585
77602,77616,77655,77666,77702,77659,77666,77684,77653,77664,,,77653,,77672,
77702,77715,77734,77736,77752,77709,77721,77735,77703,77713,77717,77717,77727,77745,77717,77732
77752,77766,77785,77787,77803,77759,77771,77786,77754,77764,77768,77768,77780,77790,77768,77786
77803,77817,77835,77837,77855,77810,77823,77836,77805,77815,77820,77820,77829,77841,77820,77835
77855,77869,77887,77889,77907,77862,77874,77888,77856,77866,77871,77871,77880,77899,77871,77885
77907,77921,77939,77941,77959,77914,77926,77940,77909,77918,77924,77924,77932,77946,77924,77938
77959,77973,77990,77992,78011,77966,77978,77991,77961,77971,77975,77975,77984,78002,77975,77988
78011,78024,78043,78045,78062,78018,78031,78044,78013,78022,78026,78026,78038,78048,78026,78043
78062,78076,78117,78127,78165,78121,78127,78125,78064,78074,78088,78100,78115,78125,78079,78093
78165,78178,78196,78197,78213,78172,78184,78196,78166,78176,78181,78181,78190,78200,78181,78194
78213,78227,78245,78246,78262,78221,78232,78245,78215,78225,78230,78230,78239,78249,78230,78244
78262,78275,78313,78323,78358,78317,78323,78321,78264,78273,78287,78299,78312,78321,78280,78292
78358,78371,78389,78390,78406,78365,78377,78389,78360,78369,78374,78374,78383,78393,78374,78388
78406,78420,78437,78443,78456,78414,78426,78438,78409,78418,78423,78423,78432,78441,78423,78436
78456,78470,78487,78494,78506,78463,78475,78488,78458,78468,78474,78474,78481,78492,78474,78486
78506,78520,78538,78544,78556,78513,78525,78538,78508,78517,78522,78522,78532,78542,78522,78537
78556,78570,78588,78590,78607,78563,78576,78589,78558,78568,78573,78573,78582,78593,78573,78587
78607,78621,78638,78646,78660,78615,78627,78639,78609,78619,78624,78624,78633,78643,78624,78638
78660,78674,78691,78699,78713,78668,78680,78693,78662,78672,78676,78676,78686,78697,78676,78691
78713,78727,78746,78748,78766,78721,78733,78747,78715,78725,78730,78730,78739,78752,78730,78746
78766,78780,78799,78801,78819,78774,78786,78800,78769,78778,78783,78783,78793,78805,78783,78800
78819,78834,78852,78854,78872,78827,78839,78853,78822,78832,78836,78836,78847,78858,78836,78852
78872,78887,78905,78907,78924,78880,78892,78906,78874,78884,78889,78889,78899,78911,78889,78904
78924,78938,78956,78958,78974,78932,78944,78957,78926,78936,78941,78941,78950,78961,78941,78955
78974,78988,79006,79007,79023,78981,78994,79006,78976,78985,78990,78990,79000,79012,78990,79004
79023,79036,79055,79056,79070,79030,79042,79055,79024,79034,79039,79039,79048,79059,79039,79053
79070,79084,79103,79104,79118,79078,79090,79103,79072,79082,79087,79087,79096,79110,79087,79101
79118,79132,79150,79152,79166,79126,79138,79151,79120,79130,79137,79137,79144,79155,79137,79149
79166,79180,79198,79200,79215,79174,79186,79199,79168,79178,79183,79183,79192,79204,79183,79197
79215,79228,79247,79248,79264,79222,79234,79247,79217,79227,79232,79232,79240,79256,79232,79245
79264,79278,79295,79302,79315,79272,79284,79296,79266,79276,79283,79283,79290,79301,79283,79294
79315,79329,79346,79348,79366,79322,79334,79347,79317,79326,79332,79332,79340,79357,79332,79345
79366,79380,79398,79400,79418,79374,79386,79399,79368,79378,79383,79383,79392,79404,79383,79397
79418,79432,79450,79452,79470,79426,79438,79451,79420,79430,79437,79437,79444,79456,79437,79450
79470,79484,79502,79510,79523,79478,79491,79503,79473,79482,79487,79487,79497,79507,79487,79502
79523,79537,79555,79557,79575,79530,79543,79556,79525,79535,79541,79541,79549,79560,79541,79554
79575,79589,79607,79609,79628,79583,79595,79608,79577,79587,79593,79593,79601,79613,79593,79607
79628,79641,79660,79662,79678,79635,79648,79661,79629,79639,79646,79646,79654,79668,79643,79646
79678,79692,79710,79712,79728,79685,79698,79711,79680,79690,79696,79696,79704,79720,79696,79709
79728,79742,79760,79761,79776,79735,79747,79760,79730,79739,79745,79745,79754,79765,79745,79758
79776,79790,79808,79810,79824,79784,79796,79809,79778,79788,79796,79796,79802,79817,79796,79806
79824,79838,79858,79859,79872,79832,79844,79858,79826,79836,79842,79842,79851,79864,79842,79856
79872,79886,79904,79906,79921,79879,79892,79905,79874,79884,79888,79888,79899,79910,79888,79904
79921,79935,79954,79955,79970,79928,79940,79954,79923,79932,79936,79936,79948,79961,79936,79952
79970,79984,80002,80008,80020,79978,79990,80002,79972,79982,79989,79989,79997,80007,79989,80001
80020,80035,80053,80057,80072,80028,80042,80056,80022,80033,80041,80041,80047,80062,80041,80051
80072,80086,80104,80111,80124,80080,80093,80105,80074,80084,80090,80090,80099,80110,80090,80104
80124,80138,80155,80158,80177,80132,80144,80157,80126,80136,80144,80144,80150,80166,80144,80154
80177,80191,80209,80217,80230,80185,80197,80210,80179,80189,80196,80196,80203,80216,80196,80208
80230,80244,80262,80264,80282,80238,80250,80263,80232,80242,80247,80247,80256,80268,80247,80261
80282,80297,80315,80317,80334,80290,80303,80316,80284,80295,80301,80301,80309,80320,80301,80315
80334,80349,80367,80370,80387,80342,80355,80369,80337,80347,80351,80351,80362,80374,80351,80368
80387,80401,80420,80421,80437,80395,80407,80420,80389,80399,80403,80403,80414,80426,80403,80419
80437,80451,80470,80471,80486,80445,80458,80470,80439,80449,80458,80458,80464,80476,80458,80469
80486,80500,80519,80521,80534,80493,80506,80520,80488,80498,80505,80505,80512,80526,80505,80518
80534,80548,80566,80568,80582,80542,80554,80567,80536,80546,80554,80554,80560,80574,80554,80564
80582,80596,80614,80615,80629,80589,80602,80614,80584,80594,80602,80602,80607,80620,80602,80612
80629,80643,80661,80662,80677,80637,80649,80661,80631,80641,80647,80647,80655,80668,80647,80659
80677,80690,80708,80709,80724,80684,80696,80708,80678,80688,80696,80696,80702,80716,80696,80706
80724,80737,80757,80758,80772,80731,80743,80757,80726,80735,80739,80739,80750,80763,80739,80756
80772,80786,80804,80806,80822,80780,80792,80805,80774,80784,80789,80789,80797,80813,80789,80802
80822,80836,80868,80854,80870,80829,80841,80853,80823,80833,80840,80840,80846,80862,80840,80850
80870,80884,80901,80903,80920,80877,80890,80902,80871,80882,80888,80888,80895,80913,80888,80900
80920,80934,80973,80983,81020,80927,80940,80977,80921,80931,80946,80957,80971,80981,80941,80950
81020,81033,81051,81058,81070,81026,81038,81051,81021,81030,81036,81036,81044,81056,81036,81050
81070,81083,81099,81105,81119,81077,81088,81099,81072,81082,81088,81088,81094,81103,81088,81098
81119,81133,81172,81183,81218,81126,81139,81176,81121,81131,81145,81154,81170,81180,81139,81149
81218,81232,81250,81251,81266,81225,81238,81250,81219,81229,81237,81237,81243,81257,81237,81248
81266,81280,81297,81303,81316,81273,81286,81298,81267,81278,81283,81283,81292,81303,81283,81297
81316,81329,81369,81380,81418,81373,81381,81377,81317,81327,81340,81351,81368,81377,81331,81346
81418,81431,81450,81455,81469,81425,81437,81451,81419,81428,81439,81439,81445,81455,81432,81439
81469,81484,81501,81509,81522,81477,81489,81503,81472,81482,81487,81487,81495,81508,81487,81500
81522,81536,81553,81561,81574,81530,81542,81555,81524,81534,81541,81541,81548,81560,81541,81552
81574,81588,81606,81608,81625,81582,81594,81607,81576,81586,81590,81590,81601,81611,81590,81606
81625,81640,81681,81691,81728,81685,81690,81689,81628,81638,81652,81665,81679,81689,81643,81659
81728,81741,81759,81761,81777,81735,81747,81760,81729,81739,81747,81747,81753,81765,81747,81759
81777,81791,81829,81839,81874,81784,81796,81833,81779,81789,81802,81818,81827,81837,81794,81815
81874,81888,81906,81907,81922,81881,81894,81906,81876,81885,81890,81890,81900,81911,81890,81905
81922,81936,81954,81955,81971,81929,81941,81954,81924,81933,81937,81937,81948,81958,81937,81953
81971,81984,82002,82004,82020,81978,81991,82003,81973,81982,81989,81989,81997,82006,81987,81989
82020,82033,82051,82052,82069,82027,82039,82051,82022,82031,82037,82037,82045,82055,82037,82050
82069,82082,82121,82131,82166,82125,82131,82129,82070,82080,82094,82106,82119,82129,82086,82099
82166,82179,82197,82198,82214,82173,82185,82197,82168,82177,82181,82181,82192,82203,82181,82196
82214,82228,82265,82247,82290,82270,,,82264,82274,,,82240,,82278,
82290,82322,82337,82352,82388,82366,,,82361,82371,,,82336,,82376,
82388,82420,82434,82445,82501,82414,82426,82439,82409,82418,82424,82424,82433,82445,82424,82437
82501,82516,82529,82535,82549,82509,82521,82534,82503,82513,82520,82520,82527,82541,82520,82531
82549,82562,82576,82587,82642,82556,82568,82603,82550,82560,82574,82587,82597,82607,82566,82579
82642,82656,82692,82702,82735,82649,82662,82696,82643,82654,82667,82679,82690,82700,82661,82672
82735,82748,82768,82769,82782,82742,82754,82768,82737,82746,82753,82753,82760,82775,82753,82763
82782,82796,82828,82815,82829,82789,82802,82814,82783,82794,82801,82801,82807,82821,82801,82810
82829,82843,82860,82861,82877,82836,82849,82860,82830,82840,82849,82849,82854,82865,82849,82859
82877,82890,82922,82909,82924,82884,82896,82908,82878,82888,82894,82894,82902,82913,82894,82907
82924,82938,82956,82957,82972,82932,82944,82956,82926,82936,82945,82945,82950,82964,82945,82954
82972,82987,83024,83034,83069,82980,82993,83028,82974,82984,82999,83011,83022,83032,82993,83003
83069,83083,83101,83102,83117,83076,83089,83101,83071,83081,83090,83090,83095,83108,83090,83099
83117,83131,83149,83150,83165,83124,83137,83149,83119,83128,83138,83138,83143,83154,83138,83148
83165,83179,83198,83199,83214,83173,83185,83198,83167,83177,83183,83183,83192,83204,83181,83183
83214,83228,83245,83247,83263,83221,83234,83246,83216,83226,83230,83230,83240,83251,83230,83244
83263,83276,83294,83295,83312,83270,83282,83294,83264,83274,83279,83279,83288,83302,83279,83293
83312,83325,83343,83345,83360,83319,83331,83344,83313,83323,83327,83327,83337,83349,83327,83342
83360,83374,83392,83393,83409,83368,83380,83392,83362,83372,83379,83379,83386,83397,83379,83390
83409,83423,83440,83447,83459,83416,83429,83441,83411,83421,83427,83427,83434,83449,83427,83439
83459,83472,83490,83491,83507,83466,83478,83490,83460,83470,83477,83477,83483,83494,83477,83488
83507,83521,83538,83540,83556,83515,83527,83539,83509,83519,83525,83525,83533,83544,83525,83537
83556,83570,83589,83590,83605,83563,83576,83589,83558,83568,83572,83572,83583,83595,83572,83588
83605,83619,83638,83639,83653,83612,83625,83638,83606,83617,83624,83624,83631,83644,83624,83636
83653,83667,83685,83687,83703,83660,83673,83686,83654,83665,83673,83673,83679,83691,83673,83684
83703,83717,83735,83736,83752,83710,83722,83735,83705,83715,83720,83720,83729,83739,83720,83734
83752,83766,83783,83790,83803,83760,83772,83784,83754,83764,83769,83769,83778,83788,83769,83783
83803,83817,83834,83836,83854,83810,83823,83835,83805,83815,83820,83820,83829,83839,83820,83834
83854,83868,83885,83892,83904,83861,83873,83886,83856,83866,83871,83871,83879,83890,83871,83884
83904,83918,83935,83942,83955,83912,83924,83936,83906,83916,83922,83922,83930,83940,83922,83934
83955,83969,83986,83993,84005,83962,83974,83987,83956,83966,83974,83974,83980,83991,83974,83985
84005,84019,84036,84043,84056,84012,84024,84037,84007,84017,84022,84022,84030,84041,84022,84036
84056,84070,84109,84119,84154,84063,84075,84113,84057,84068,84081,84093,84107,84117,84075,84085
84154,84168,84184,84189,84204,84162,84175,84185,84156,84165,84171,84171,84180,84188,84169,84171
84204,84219,84235,84241,84256,84212,84224,84236,84205,84216,84222,84222,84230,84241,84222,84235
84256,84270,84286,84287,84305,84263,84275,84286,84257,84267,84272,84272,84280,84290,84272,84284
84305,84320,84337,84339,84356,84313,84326,84338,84307,84317,84325,84325,84331,84343,84325,84336
84356,84371,84388,84393,84408,84364,84377,84389,84359,84369,84375,84375,84382,84392,84375,84387
84408,84423,84440,84444,84460,84416,84429,84441,84410,84420,84426,84426,84434,84445,84426,84439
84460,84474,84491,84498,84513,84468,84479,84492,84463,84472,84477,84477,84485,84497,84477,84489
84513,84528,84544,84551,84569,84521,84533,84545,84516,84525,84530,84530,84539,84552,84530,84543
84569,84583,84600,84607,84632,84577,84587,84601,84572,84580,84589,84589,84597,84605,84584,84589
84632,84647,84662,84673,84717,84640,84652,84667,84635,84644,84648,84648,84658,84673,84648,84669
84717,84730,84746,84758,84792,84724,84735,84752,84719,84728,84733,84733,84741,84757,84733,84745
84792,84806,84821,84831,84860,84799,84813,84824,84794,84802,84810,84810,84818,84831,84805,84810
84860,84873,84891,84899,84920,84867,84878,84893,84861,84871,84875,84875,84886,84899,84875,84893
84920,84936,84952,84957,84983,84928,84942,84955,84923,84933,84936,84936,84949,84960,84936,84953
84983,84999,85014,85020,85084,84991,85006,85019,84985,84995,85004,85004,85012,85027,84998,85004
85084,85102,85117,85124,85167,85093,85107,85123,85088,85098,85102,85102,85113,85129,85102,85121
85167,85183,85200,85207,85236,85175,85190,85203,85169,85179,85189,85189,85197,85208,85182,85189
85236,85253,85269,85273,85296,85245,85260,85272,85239,85249,85259,85259,85266,85280,85253,85259
85296,85313,85332,85335,85358,85304,85320,85334,85299,85308,85323,85323,85328,85338,85313,85323
85358,85375,85394,85399,85467,85367,85385,85398,85361,85370,85382,85382,85392,85400,85374,85382
85467,85487,85507,85511,85558,85477,85496,85511,85471,85481,85500,85500,85505,85514,85485,85500
85558,85577,85594,85599,85633,85568,85585,85598,85562,85572,85580,85580,85591,85602,85576,85580
85633,85650,85667,85671,85700,85642,85658,85670,85636,85646,85656,85656,85664,85674,85650,85656
85700,85716,85736,85740,85760,85708,85725,85739,85702,85712,85724,85724,85732,85743,85716,85724
85760,85776,85795,85799,85822,85768,85785,85798,85762,85772,85783,85783,85792,85802,85776,85783
85822,85840,85857,85864,85929,85831,85848,85863,85825,85835,85845,85845,85855,85869,85839,85845
85929,85948,85966,85972,86020,85939,85955,85971,85933,85943,85948,85948,85963,85978,85948,85968
86020,86039,86058,86064,86105,86031,86046,86063,86025,86035,86049,86049,86056,86069,86040,86049
86105,86124,86142,86148,86181,86115,86131,86147,86110,86120,86124,86124,86139,86152,86124,86145
86181,86199,86218,86225,86254,86191,86208,86224,86185,86195,86199,86199,86216,86230,86199,86222
86254,86272,86291,86297,86322,86264,86282,86296,86258,86268,86279,86279,86288,86303,86272,86279
86322,86339,86359,86365,86393,86330,86347,86364,86324,86334,86338,86338,86356,86368,86338,86362
86393,86411,86431,86438,86503,86403,86420,86436,86397,86407,86419,86419,86429,86441,86410,86419
86503,86523,86542,86549,86595,86514,86531,86548,86509,86519,86523,86523,86540,86554,86523,86546
86595,86615,86634,86642,86679,86606,86623,86638,86600,86611,86624,86624,86631,86644,86615,86624
86679,86699,86718,86728,86760,86691,86707,86725,86685,86695,86699,86699,86716,86730,86699,86724
86760,86779,86798,86806,86835,86770,86787,86803,86765,86775,86789,86789,86796,86807,86779,86789
86835,86853,86872,86881,86906,86845,86861,86877,86839,86849,86860,86860,86869,86882,86853,86860
86906,86924,86944,86949,86973,86916,86932,86948,86910,86920,86924,86924,86941,86952,86924,86946
86973,86990,87011,87017,87041,86982,86999,87016,86976,86987,86999,86999,87008,87024,86991,86999
87041,87059,87080,87088,87147,87050,87067,87084,87044,87055,87070,87070,87077,87089,87059,87070
87147,87167,87186,87194,87235,87158,87175,87193,87153,87163,87167,87167,87184,87199,87167,87190
87235,87255,87274,87286,87318,87246,87263,87280,87240,87251,87264,87264,87272,87290,87256,87264
87318,87336,87355,87367,87392,87328,87345,87362,87322,87333,87343,87343,87353,87368,87336,87343
87392,87410,87429,87440,87464,87402,87419,87435,87396,87407,87418,87418,87426,87440,87411,87418
87464,87481,87502,87511,87530,87473,87489,87507,87467,87478,87482,87482,87499,87512,87482,87505
87530,87547,87568,87575,87597,87539,87555,87572,87533,87544,87548,87548,87565,87577,87548,87570
87597,87614,87634,87644,87674,87606,87623,87639,87600,87610,87621,87621,87632,87644,87614,87621
87674,87693,87712,87722,87782,87684,87701,87717,87678,87689,87693,87693,87709,87721,87693,87716
87782,87801,87820,87832,87870,87793,87809,87827,87787,87798,87802,87802,87818,87833,87802,87826
87870,87890,87909,87920,87953,87881,87898,87915,87875,87886,87890,87890,87907,87920,87890,87913
87953,87972,87992,88002,88033,87964,87981,87998,87958,87969,87981,87981,87990,88004,87973,87981
88033,88051,88071,88082,88108,88043,88059,88076,88037,88048,88060,88060,88068,88081,88052,88060
88108,88125,88144,88155,88180,88117,88133,88150,88111,88122,88134,88134,88142,88155,88126,88134
88180,88197,88217,88228,88249,88189,88206,88224,88184,88194,88205,88205,88215,88230,88198,88205
88249,88267,88287,88297,88317,88258,88275,88292,88253,88263,88275,88275,88284,88298,88267,88275
88317,88335,88355,88366,88393,88327,88343,88360,88321,88331,88343,88343,88353,88365,88335,88343
88393,88412,88431,88442,88472,88404,88420,88437,88398,88408,88420,88420,88429,88443,88412,88420
88472,88491,88510,88521,88552,88482,88499,88516,88477,88487,88499,88499,88508,88521,88491,88499
88552,88569,88589,88600,88625,88561,88578,88595,88556,88566,88578,88578,88586,88600,88570,88578
88625,88642,88661,88673,88695,88634,88651,88668,88628,88639,88649,88649,88659,88674,88643,88649
88695,88712,88732,88743,88766,88704,88721,88738,88699,88709,88720,88720,88729,88743,88712,88720
88766,88784,88803,88812,88840,88775,88792,88808,88769,88780,88791,88791,88800,88813,88784,88791
88840,88858,88878,88888,88917,88850,88867,88883,88844,88855,88865,88865,88875,88888,88859,88865
88917,88935,88954,88964,88993,88927,88944,88959,88921,88931,88942,88942,88952,88964,88935,88942
88993,89010,89030,89040,89066,89002,89018,89035,88996,89007,89011,89011,89028,89040,89011,89034
89066,89083,89103,89114,89136,89075,89091,89108,89070,89080,89091,89091,89100,89114,89084,89091
89136,89153,89172,89183,89204,89145,89161,89177,89139,89149,89160,89160,89169,89182,89153,89160
89204,89221,89241,89250,89274,89213,89230,89246,89207,89218,89230,89230,89239,89251,89222,89230
89274,89292,89312,89320,89354,89284,89300,89316,89278,89288,89292,89292,89309,89322,89292,89315
89354,89374,89391,89403,89462,89365,89382,89398,89359,89370,89380,89380,89389,89406,89373,89380
89462,89483,89501,89509,89546,89474,89492,89505,89467,89478,89489,89489,89499,89510,89482,89489
89546,89565,89583,89589,89616,89556,89573,89588,89550,89561,89566,89566,89580,89594,89566,89586
89616,89642,89660,89668,89695,89633,89650,89667,89627,89638,89642,89642,89658,89674,89642,89663
89695,89713,89733,89742,89762,89705,89721,89737,89698,89709,89721,89721,89730,89742,89713,89721
89762,89779,89799,89808,89824,89771,89787,89803,89765,89775,89780,89780,89795,89809,89780,89802
89824,89841,89861,89870,89887,89833,89848,89866,89827,89837,89841,89841,89858,89871,89841,89864
89887,89903,89923,89933,89953,89895,89913,89928,89889,89900,89910,89910,89921,89933,89903,89910
89953,89970,89990,89998,90027,89962,89979,89994,89956,89966,89977,89977,89987,90000,89970,89977
90027,90053,90071,90082,90144,90044,90061,90077,90039,90049,90060,90060,90070,90083,90052,90060
90144,90162,90180,90190,90225,90152,90170,90185,90146,90156,90164,90164,90177,90190,90160,90164
90225,90245,90264,90269,90299,90235,90254,90268,90229,90240,90252,90252,90261,90273,90245,90252
90299,90319,90338,90343,90369,90309,90328,90342,90303,90314,90324,90324,90335,90348,90318,90324
90369,90387,90405,90412,90435,90378,90394,90409,90372,90383,90387,90387,90402,90415,90387,90407
90435,90451,90471,90482,90502,90443,90459,90476,90437,90448,90460,90460,90469,90482,90452,90460
90502,90519,90539,90549,90575,90512,90528,90545,90506,90516,90528,90528,90537,90550,90520,90528
90575,90593,90612,90623,90648,90585,90600,90618,90579,90590,90594,90594,90609,90624,90594,90616
90648,90665,90686,90696,90718,90657,90673,90690,90651,90662,90666,90666,90683,90695,90666,90689
90718,90735,90755,90765,90789,90727,90744,90760,90721,90732,90743,90743,90752,90765,90736,90743
90789,90807,90825,90833,90862,90798,90816,90832,90792,90803,90815,90815,90823,90839,90807,90815
90862,90883,90901,90906,90959,90873,90892,90905,90866,90878,90889,90889,90898,90911,90883,90889
90959,90980,90997,91005,91054,90970,90988,91001,90964,90975,90987,90987,90995,91008,90979,90987
91054,91073,91091,91101,91131,91063,91080,91096,91057,91068,91081,91081,91088,91102,91073,91081
91131,91149,91167,91174,91203,91139,91157,91172,91133,91143,91152,91152,91164,91182,91147,91152
91203,91221,91239,91244,91271,91212,91231,91243,91205,91216,91226,91226,91237,91247,91220,91226
91271,91290,91309,91313,91340,91280,91297,91312,91274,91285,91291,91291,91302,91317,91289,91291
91340,91359,91376,91381,91410,91349,91367,91380,91343,91353,91363,91363,91373,91384,91357,91363
91410,91427,91445,91450,91474,91418,91436,91449,91412,91422,91432,91432,91441,91457,91426,91432
91474,91492,91511,91515,91540,91483,91501,91514,91477,91488,91498,91498,91508,91519,91492,91498
91540,91559,91578,91583,91613,91549,91568,91582,91543,91554,91567,91567,91575,91587,91559,91567
91613,91633,91651,91657,91692,91623,91642,91656,91617,91628,91639,91639,91649,91662,91632,91639
91692,91711,91729,91735,91771,91702,91720,91734,91696,91706,91717,91717,91727,91739,91710,91717
91771,91789,91808,91814,91845,91781,91798,91813,91774,91785,91797,91797,91805,91818,91789,91797
91845,91864,91882,91892,91916,91855,91871,91886,91849,91860,91864,91864,91879,91891,91864,91885
91916,91931,91951,91961,91979,91924,91938,91955,91918,91928,91939,91939,91948,91961,91932,91939
91979,91997,92015,92021,92044,91989,92006,92020,91982,91993,92003,92003,92012,92023,91997,92003
92044,92061,92080,92087,92109,92052,92071,92086,92046,92057,92067,92067,92077,92091,92061,92067
92109,92127,92146,92153,92179,92118,92136,92152,92112,92122,92132,92132,92142,92159,92126,92132
92179,92198,92216,92222,92255,92188,92206,92221,92182,92193,92203,92203,92213,92226,92197,92203
92255,92273,92292,92298,92328,92264,92282,92297,92258,92268,92273,92273,92289,92305,92273,92294
92328,92347,92366,92373,92402,92338,92356,92370,92332,92342,92352,92352,92363,92376,92346,92352
92402,92419,92438,92447,92473,92411,92429,92443,92405,92415,92425,92425,92435,92448,92419,92425
92473,92491,92509,92515,92544,92482,92500,92514,92476,92487,92497,92497,92506,92518,92490,92497
92544,92562,92580,92587,92619,92553,92570,92586,92547,92558,92569,92569,92577,92593,92562,92569
92619,92638,92656,92664,92702,92629,92647,92662,92623,92634,92644,92644,92654,92672,92638,92644
92702,92721,92740,92746,92784,92712,92730,92745,92706,92717,92729,92729,92738,92754,92721,92729
92784,92803,92821,92831,92862,92795,92811,92827,92788,92799,92811,92811,92818,92833,92804,92811
92862,92880,92899,92908,92933,92871,92888,92904,92865,92876,92886,92886,92896,92909,92880,92886
92933,92951,92970,92981,93005,92943,92961,92976,92937,92948,92958,92958,92968,92982,92951,92958
93005,93023,93042,93052,93075,93015,93031,93047,93009,93019,93031,93031,93039,93052,93024,93031
93075,93092,93112,93120,93146,93084,93100,93117,93078,93089,93093,93093,93109,93122,93093,93115
93146,93163,93183,93194,93219,93155,93172,93189,93149,93160,93172,93172,93181,93195,93164,93172
93219,93238,93257,93266,93299,93230,93245,93262,93224,93234,93247,93247,93254,93271,93238,93247
93299,93318,93338,93348,93381,93310,93326,93343,93304,93314,93328,93328,93335,93350,93319,93328
93381,93399,93418,93428,93458,93391,93407,93423,93385,93395,93407,93407,93415,93429,93399,93407
93458,93476,93496,93507,93532,93468,93484,93501,93462,93473,93477,93477,93493,93506,93477,93499
93532,93549,93568,93579,93599,93541,93556,93573,93535,93545,93550,93550,93565,93578,93550,93571
93599,93616,93636,93646,93667,93609,93624,93640,93602,93613,93618,93618,93633,93645,93618,93638
93667,93685,93704,93716,93736,93676,93693,93710,93671,93681,93691,93691,93701,93716,93685,93691
93736,93753,93773,93784,93809,93745,93762,93779,93739,93749,93761,93761,93770,93784,93753,93761
93809,93828,93848,93857,93888,93819,93836,93853,93814,93824,93828,93828,93845,93857,93828,93851
93888,93906,93926,93936,93964,93898,93914,93932,93892,93903,93915,93915,93923,93937,93907,93915
93964,93982,94001,94013,94035,93974,93991,94007,93968,93979,93989,93989,93999,94013,93983,93989
94035,94053,94072,94084,94103,94045,94061,94078,94039,94050,94054,94054,94069,94085,94054,94075
94103,94120,94139,94149,94168,94112,94128,94144,94106,94116,94120,94120,94136,94150,94120,94142
94168,94185,94205,94216,94235,94177,94194,94211,94171,94182,94192,94192,94202,94215,94185,94192
94235,94253,94272,94283,94307,94245,94262,94278,94239,94249,94260,94260,94270,94285,94253,94260
94307,94325,94345,94355,94380,94317,94334,94350,94311,94321,94332,94332,94342,94355,94325,94332
94380,94398,94417,94428,94452,94390,94407,94423,94384,94394,94404,94404,94414,94428,94398,94404
94452,94470,94490,94501,94523,94462,94479,94495,94456,94467,94477,94477,94487,94500,94470,94477
94523,94541,94560,94570,94595,94533,94550,94566,94527,94537,94548,94548,94557,94570,94541,94548
94595,94613,94632,94644,94668,94605,94622,94638,94599,94609,94620,94620,94629,94643,94613,94620
94668,94686,94705,94716,94739,94677,94695,94710,94671,94682,94692,94692,94702,94715,94686,94692
94739,94756,94775,94786,94806,94748,94764,94780,94742,94752,94763,94763,94772,94786,94756,94763
94806,94823,94843,94854,94874,94816,94832,94848,94810,94820,94831,94831,94840,94854,94824,94831
94874,94892,94912,94923,94946,94884,94901,94917,94878,94888,94900,94900,94910,94923,94893,94900
94946,94965,94985,94996,95025,94956,94973,94990,94951,94961,94973,94973,94982,94995,94965,94973
95025,95043,95063,95074,95100,95035,95051,95069,95029,95040,95044,95044,95060,95074,95044,95067
95100,95119,95139,95151,95176,95111,95127,95144,95105,95115,95127,95127,95136,95153,95120,95127
95176,95194,95214,95226,95246,95186,95202,95219,95180,95191,95203,95203,95211,95224,95195,95203
95246,95262,95282,95294,95312,95255,95271,95287,95249,95259,95270,95270,95279,95294,95263,95270
95312,95328,95350,95361,95379,95320,95336,95355,95315,95325,95338,95338,95347,95360,95329,95338
95379,95396,95417,95428,95448,95388,95405,95422,95382,95392,95405,95405,95414,95427,95396,95405
95448,95465,95486,95497,95519,95457,95474,95491,95451,95462,95474,95474,95483,95495,95465,95474
95519,95536,95556,95567,95594,95528,95544,95562,95522,95532,95536,95536,95553,95568,95536,95560
95594,95611,95632,95643,95667,95604,95619,95637,95598,95608,95622,95622,95629,95642,95612,95622
95667,95684,95704,95715,95739,95676,95692,95708,95671,95681,95693,95693,95701,95713,95685,95693
95739,95756,95776,95788,95808,95749,95764,95781,95743,95753,95765,95765,95773,95786,95757,95765
95808,95825,95845,95858,95878,95817,95833,95850,95812,95822,95826,95826,95843,95861,95826,95848
95878,95895,95915,95927,95947,95887,95903,95920,95881,95891,95904,95904,95912,95925,95896,95904
95947,95964,95985,95997,96018,95956,95973,95991,95951,95961,95973,95973,95983,95997,95965,95973
96018,96036,96056,96068,96092,96028,96044,96062,96022,96032,96036,96036,96054,96068,96036,96060
96092,96109,96130,96141,96166,96101,96118,96135,96095,96105,96118,96118,96127,96140,96110,96118
96166,96183,96203,96216,96239,96175,96192,96209,96169,96179,96190,96190,96200,96214,96183,96190
96239,96257,96276,96290,96310,96249,96265,96283,96243,96253,96265,96265,96274,96289,96258,96265
96310,96327,96347,96360,96378,96319,96336,96352,96313,96324,96334,96334,96344,96359,96328,96334
96378,96394,96415,96427,96444,96387,96403,96420,96381,96391,96403,96403,96412,96426,96395,96403
96444,96461,96481,96494,96513,96453,96469,96487,96448,96458,96469,96469,96478,96493,96461,96469
96513,96530,96551,96562,96585,96522,96538,96556,96516,96526,96538,96538,96548,96561,96530,96538
96585,96602,96623,96634,96660,96594,96610,96628,96589,96599,96612,96612,96621,96633,96603,96612
96660,96678,96698,96711,96736,96670,96686,96705,96665,96675,96688,96688,96695,96711,96679,96688
96736,96754,96774,96786,96811,96746,96762,96780,96741,96751,96763,96763,96771,96785,96755,96763
96811,96828,96849,96861,96881,96821,96836,96854,96815,96825,96837,96837,96846,96859,96829,96837
96881,96898,96918,96930,96951,96891,96906,96923,96885,96895,96899,96899,96916,96929,96899,96921
96951,96969,96989,97002,97023,96961,96978,96996,96956,96966,96978,96978,96987,97001,96970,96978
97023,97040,97061,97074,97096,97033,97048,97067,97027,97037,97050,97050,97058,97073,97041,97050
97096,97113,97134,97147,97168,97105,97121,97139,97100,97110,97122,97122,97131,97145,97113,97122
97168,97185,97205,97217,97238,97177,97193,97210,97172,97182,97193,97193,97202,97215,97185,97193
97238,97255,97275,97288,97306,97247,97263,97280,97241,97252,97264,97264,97273,97286,97256,97264
97306,97322,97343,97354,97371,97314,97329,97347,97309,97319,97323,97323,97339,97353,97323,97346
97371,97387,97407,97419,97437,97380,97395,97412,97374,97384,97395,97395,97404,97417,97388,97395
97437,97453,97474,97485,97506,97445,97461,97479,97440,97450,97461,97461,97472,97483,97453,97461
97506,97522,97543,97554,97579,97515,97530,97548,97509,97519,97531,97531,97540,97553,97523,97531
97579,97596,97616,97627,97653,97588,97603,97620,97582,97592,97605,97605,97613,97627,97597,97605
97653,97670,97691,97703,97726,97663,97679,97696,97657,97667,97679,97679,97689,97701,97671,97679
97726,97743,97763,97775,97796,97735,97751,97768,97730,97740,97752,97752,97760,97774,97744,97752
97796,97813,97833,97845,97866,97805,97821,97838,97800,97810,97821,97821,97830,97845,97814,97821
97866,97882,97903,97914,97936,97875,97890,97908,97869,97879,97891,97891,97900,97914,97883,97891
97936,97953,97974,97987,98008,97945,97961,97980,97940,97950,97962,97962,97971,97985,97954,97962
98008,98025,98045,98058,98092,98018,98034,98050,98012,98022,98033,98033,98043,98057,98026,98033
98092,98111,98132,98145,98173,98104,98119,98138,98098,98108,98120,98120,98129,98145,98112,98120
98173,98190,98210,98223,98245,98182,98198,98216,98177,98187,98191,98191,98207,98221,98191,98214
98245,98262,98282,98295,98315,98254,98270,98287,98249,98259,98269,98269,98279,98293,98262,98269
98315,98332,98352,98364,98388,98324,98339,98358,98318,98328,98342,98342,98350,98364,98333,98342
98388,98406,98426,98439,98468,98398,98414,98432,98392,98402,98415,98415,98424,98438,98406,98415
98468,98486,98507,98519,98548,98479,98494,98513,98473,98483,98496,98496,98504,98519,98487,98496
98548,98566,98587,98598,98625,98558,98573,98591,98552,98562,98576,98576,98584,98596,98566,98576
98625,98643,98663,98675,98697,98635,98650,98668,98629,98639,98643,98643,98660,98672,98643,98667
98697,98714,98734,98746,98768,98706,98723,98739,98700,98710,98721,98721,98731,98744,98714,98721
98768,98785,98805,98818,98843,98778,98793,98811,98772,98782,98786,98786,98803,98817,98786,98809
98843,98861,98881,98893,98922,98853,98868,98887,98847,98857,98870,98870,98879,98893,98861,98870
98922,98940,98961,98974,99003,98932,98947,98967,98927,98937,98950,98950,98959,98972,98941,98950
99003,99021,99041,99054,99083,99013,99029,99047,99007,99017,99029,99029,99038,99053,99021,99029
99083,99100,99121,99133,99159,99093,99109,99126,99087,99097,99110,99110,99119,99131,99101,99110
99159,99176,99196,99210,99228,99168,99184,99202,99163,99173,99185,99185,99194,99207,99176,99185
99228,99245,99265,99278,99298,99237,99253,99271,99232,99242,99254,99254,99263,99277,99246,99254
99298,99315,99335,99347,99370,99307,99322,99341,99301,99311,99324,99324,99333,99347,99315,99324
99370,99387,99407,99419,99448,99379,99395,99413,99373,99383,99395,99395,99404,99419,99387,99395
99448,99466,99486,99499,99551,99458,99474,99492,99453,99463,99474,99474,99484,99498,99467,99474
99551,99571,99591,99603,99636,99563,99579,99597,99557,99567,99582,99582,99589,99604,99571,99582
99636,99655,99675,99688,99715,99647,99663,99681,99642,99652,99665,99665,99672,99687,99656,99665
99715,99732,99754,99765,99792,99725,99739,99758,99719,99729,99744,99744,99751,99763,99734,99744
99792,99810,99830,99841,99871,99802,99818,99836,99796,99807,99819,99819,99828,99844,99810,99819
99871,99888,99908,99921,99951,99881,99897,99915,99875,99885,99897,99897,99906,99922,99889,99897
99951,99970,99990,100003,100034,99962,99979,99996,99956,99966,99978,99978,99988,100003,99970,99978
100034,100053,100073,100086,100115,100045,100061,100079,100039,100049,100061,100061,100070,100086,100053,100061
100115,100134,100155,100168,100196,100127,100142,100161,100121,100131,100144,100144,100153,100167,100135,100144
100196,100215,100235,100247,100274,100207,100223,100241,100201,100211,100224,100224,100233,100247,100215,100224
100274,100291,100312,100324,100349,100283,100298,100317,100278,100288,100301,100301,100309,100323,100292,100301
100349,100366,100387,100399,100424,100358,100374,100392,100353,100363,100375,100375,100384,100398,100367,100375
100424,100441,100461,100474,100499,100433,100449,100468,100428,100437,100450,100450,100459,100473,100441,100450
100499,100516,100536,100549,100575,100509,100524,100542,100503,100513,100524,100524,100534,100548,100517,100524
100575,100593,100613,100626,100653,100585,100600,100619,100580,100590,100603,100603,100611,100624,100594,100603
100653,100670,100690,100702,100725,100662,100678,100695,100657,100667,100679,100679,100688,100700,100671,100679
100725,100742,100763,100775,100797,100735,100750,100768,100729,100739,100752,100752,100760,100774,100743,100752
100797,100813,100834,100846,100869,100806,100821,100839,100800,100810,100821,100821,100831,100845,100814,100821
100869,100886,100907,100919,100946,100878,100894,100912,100873,100883,100895,100895,100904,100918,100887,100895
100946,100963,100984,100996,101024,100955,100970,100989,100950,100960,100973,100973,100982,100996,100964,100973
101024,101041,101061,101074,101103,101034,101049,101067,101028,101038,101049,101049,101059,101073,101042,101049
101103,101121,101142,101154,101180,101113,101128,101147,101108,101118,101131,101131,101139,101152,101122,101131
101180,101198,101218,101231,101254,101190,101206,101224,101185,101195,101198,101198,101215,101229,101198,101222
101254,101270,101291,101303,101327,101263,101278,101297,101257,101267,101279,101279,101288,101302,101271,101279
101327,101346,101366,101376,101417,101338,101355,101373,101332,101342,101354,101354,101364,101382,101346,101354
101417,101438,101458,101467,101502,101429,101448,101464,101423,101434,101445,101445,101456,101470,101438,101445
101502,101522,101542,101551,101579,101512,101530,101547,101506,101517,101522,101522,101540,101552,101522,101546
101579,101598,101618,101626,101651,101589,101606,101624,101582,101594,101600,101600,101615,101628,101600,101622
101651,101669,101689,101699,101722,101660,101676,101694,101654,101665,101671,101671,101687,101698,101671,101692
101722,101740,101760,101771,101797,101732,101749,101766,101726,101736,101747,101747,101757,101772,101740,101747
101797,101816,101835,101847,101875,101807,101824,101842,101801,101812,101818,101818,101832,101848,101818,101837
101875,101894,101914,101922,101955,101885,101903,101920,101879,101890,101901,101901,101911,101925,101894,101901
101955,101974,101993,102004,102033,101965,101982,102000,101959,101970,101983,101983,101991,102006,101975,101983
102033,102052,102071,102080,102109,102043,102060,102077,102037,102048,102052,102052,102069,102081,102052,102076
102109,102127,102145,102156,102181,102119,102135,102152,102112,102123,102128,102128,102142,102158,102128,102148
102181,102199,102219,102227,102255,102191,102208,102224,102184,102195,102207,102207,102216,102229,102200,102207
102255,102273,102293,102302,102332,102265,102281,102299,102259,102269,102274,102274,102291,102304,102274,102298
102332,102351,102370,102380,102411,102342,102359,102377,102336,102347,102351,102351,102368,102382,102351,102375
102411,102429,102449,102459,102487,102421,102438,102454,102415,102425,102437,102437,102447,102459,102429,102437
102487,102506,102525,102537,102560,102497,102514,102532,102491,102502,102515,102515,102523,102537,102506,102515
102560,102577,102597,102608,102629,102569,102585,102602,102563,102573,102585,102585,102594,102610,102578,102585
102629,102646,102666,102677,102700,102638,102655,102672,102632,102643,102655,102655,102663,102677,102647,102655
102700,102717,102737,102749,102774,102709,102726,102744,102704,102714,102718,102718,102734,102749,102718,102743
102774,102792,102813,102824,102853,102784,102800,102818,102778,102789,102793,102793,102810,102823,102793,102816
102853,102871,102891,102903,102930,102863,102879,102897,102858,102868,102879,102879,102888,102903,102871,102879
102930,102948,102968,102980,103004,102941,102957,102974,102935,102945,102956,102956,102966,102979,102949,102956
103004,103021,103041,103054,103074,103014,103030,103046,103008,103018,103029,103029,103038,103054,103022,103029
103074,103091,103111,103123,103146,103083,103099,103116,103078,103088,103099,103099,103108,103121,103092,103099
103146,103163,103184,103197,103223,103156,103171,103189,103150,103160,103175,103175,103182,103196,103164,103175
103223,103241,103262,103274,103303,103234,103249,103267,103228,103238,103251,103251,103259,103273,103242,103251
103303,103321,103341,103354,103382,103314,103330,103347,103308,103318,103330,103330,103339,103354,103322,103330
103382,103400,103420,103433,103456,103392,103408,103426,103387,103397,103401,103401,103418,103431,103401,103424
103456,103474,103493,103506,103528,103466,103482,103498,103460,103471,103482,103482,103491,103505,103475,103482
103528,103545,103566,103579,103602,103538,103554,103571,103532,103542,103554,103554,103564,103577,103546,103554
103602,103620,103640,103652,103684,103612,103628,103646,103606,103616,103620,103620,103638,103652,103620,103644
103684,103702,103723,103735,103764,103695,103710,103728,103689,103699,103713,103713,103720,103734,103704,103713
103764,103782,103802,103815,103842,103774,103789,103808,103768,103779,103793,103793,103800,103813,103783,103793
103842,103861,103881,103894,103918,103853,103868,103886,103847,103858,103870,103870,103879,103892,103862,103870
103918,103935,103955,103969,103991,103927,103943,103961,103922,103932,103943,103943,103952,103967,103936,103943
103991,104008,104028,104041,104067,104000,104016,104034,103994,104005,104017,104017,104026,104040,104009,104017
104067,104084,104105,104117,104146,104077,104092,104110,104071,104081,104094,104094,104102,104116,104085,104094
104146,104165,104185,104198,104228,104157,104173,104191,104151,104162,104175,104175,104183,104198,104166,104175
104228,104246,104266,104278,104306,104238,104254,104271,104232,104242,104254,104254,104264,104276,104246,104254
104306,104323,104343,104357,104379,104315,104331,104349,104310,104320,104331,104331,104341,104355,104324,104331
104379,104396,104417,104430,104456,104388,104405,104422,104383,104393,104405,104405,104414,104429,104397,104405
104456,104474,104493,104507,104536,104466,104482,104501,104460,104470,104482,104482,104491,104506,104474,104482
104536,104554,104574,104588,104615,104546,104562,104580,104540,104550,104562,104562,104572,104587,104554,104562
104615,104633,104653,104667,104696,104625,104641,104659,104619,104629,104641,104641,104651,104666,104633,104641
104696,104715,104735,104748,104773,104707,104723,104741,104701,104711,104723,104723,104732,104747,104715,104723
104773,104790,104811,104824,104844,104783,104799,104816,104777,104787,104798,104798,104808,104821,104791,104798
104844,104861,104882,104894,104915,104853,104868,104887,104847,104858,104862,104862,104879,104892,104862,104886
104915,104932,104953,104965,104989,104924,104940,104958,104919,104929,104942,104942,104951,104965,104933,104942
104989,105007,105028,105040,105068,105000,105015,105033,104994,105004,105017,105017,105025,105039,105008,105017
105068,105086,105106,105119,105147,105079,105096,105113,105073,105083,105094,105094,105104,105119,105087,105094
105147,105164,105184,105197,105221,105157,105173,105190,105151,105161,105172,105172,105182,105195,105165,105172
105221,105239,105259,105272,105296,105231,105246,105265,105225,105236,105249,105249,105257,105271,105240,105249
105296,105314,105334,105347,105374,105306,105322,105340,105301,105311,105323,105323,105332,105348,105315,105323
105374,105393,105414,105426,105458,105385,105400,105419,105379,105389,105402,105402,105412,105425,105394,105402
105458,105475,105495,105509,105538,105468,105484,105502,105462,105472,105483,105483,105493,105508,105476,105483
105538,105557,105577,105591,105619,105549,105565,105583,105543,105554,105566,105566,105575,105590,105558,105566
105619,105636,105657,105670,105692,105629,105644,105663,105623,105633,105645,105645,105655,105669,105637,105645
105692,105710,105730,105744,105764,105703,105719,105737,105697,105707,105719,105719,105728,105742,105711,105719
105764,105780,105801,105813,105835,105773,105789,105806,105767,105777,105788,105788,105798,105813,105781,105788
105835,105852,105872,105884,105908,105844,105859,105877,105838,105848,105862,105862,105869,105883,105852,105862
105908,105925,105945,105957,105989,105917,105931,105951,105912,105921,105934,105934,105943,105957,105925,105934
105989,106008,106028,106039,106074,106000,106015,106033,105994,106004,106017,106017,106026,106038,106008,106017
106074,106093,106113,106126,106159,106085,106101,106119,106080,106090,106101,106101,106110,106125,106093,106101
106159,106177,106197,106210,106236,106169,106185,106202,106164,106174,106185,106185,106195,106210,106178,106185
106236,106253,106273,106285,106307,106246,106261,106278,106240,106250,106264,106264,106271,106283,106254,106264
106307,106324,106344,106357,106380,106317,106333,106350,106311,106321,106332,106332,106342,106355,106325,106332
106380,106398,106418,106430,106459,106390,106406,106423,106384,106394,106398,106398,106416,106428,106398,106422
106459,106476,106496,106510,106540,106469,106485,106503,106463,106473,106485,106485,106494,106509,106477,106485
106540,106558,106579,106591,106621,106551,106566,106584,106545,106555,106569,106569,106577,106590,106559,106569
106621,106639,106659,106672,106696,106631,106647,106665,106625,106636,106648,106648,106657,106671,106640,106648
106696,106714,106734,106748,106771,106706,106722,106739,106701,106711,106722,106722,106732,106748,106715,106722
106771,106789,106810,106822,106852,106781,106797,106815,106776,106786,106799,106799,106808,106821,106791,106799
106852,106870,106890,106903,106935,106862,106878,106896,106856,106866,106879,106879,106887,106902,106870,106879
106935,106954,106975,106989,107022,106947,106963,106981,106941,106951,106963,106963,106973,106987,106955,106963
107022,107041,107062,107074,107104,107033,107049,107067,107027,107038,107051,107051,107059,107072,107042,107051
107104,107122,107143,107155,107180,107114,107130,107148,107108,107119,107133,107133,107141,107153,107123,107133
107180,107197,107217,107230,107252,107190,107206,107223,107184,107194,107205,107205,107215,107228,107198,107205
107252,107269,107290,107303,107329,107262,107278,107296,107256,107266,107278,107278,107287,107303,107270,107278
107329,107347,107367,107380,107408,107339,107355,107373,107333,107343,107356,107356,107365,107379,107347,107356
107408,107426,107447,107460,107492,107419,107433,107452,107413,107423,107436,107436,107445,107458,107427,107436
107492,107510,107531,107544,107578,107503,107518,107537,107497,107507,107519,107519,107529,107542,107511,107519
107578,107596,107617,107630,107659,107589,107604,107623,107583,107593,107598,107598,107615,107628,107598,107621
107659,107677,107697,107710,107734,107669,107685,107702,107663,107674,107686,107686,107695,107707,107678,107686
107734,107751,107772,107784,107809,107743,107759,107777,107737,107747,107760,107760,107769,107783,107752,107760
107809,107826,107847,107861,107884,107819,107835,107854,107813,107823,107835,107835,107845,107860,107827,107835
107884,107901,107922,107935,107961,107894,107910,107928,107888,107898,107910,107910,107919,107935,107902,107910
107961,107979,108000,108013,108037,107972,107988,108005,107966,107976,107988,107988,107997,108012,107980,107988
108037,108054,108074,108087,108110,108046,108061,108079,108040,108050,108054,108054,108071,108085,108054,108077
108110,108127,108148,108160,108184,108119,108134,108153,108114,108124,108136,108136,108145,108158,108128,108136
108184,108201,108222,108234,108269,108193,108208,108227,108188,108198,108211,108211,108219,108233,108202,108211
108269,108287,108308,108321,108351,108280,108296,108314,108274,108284,108296,108296,108306,108322,108288,108296
108351,108369,108389,108402,108431,108361,108378,108395,108355,108365,108377,108377,108387,108401,108369,108377
108431,108449,108470,108482,108505,108441,108457,108475,108436,108445,108458,108458,108467,108480,108449,108458
108505,108522,108542,108556,108579,108514,108530,108548,108508,108518,108530,108530,108540,108555,108522,108530
108579,108597,108618,108631,108656,108589,108604,108624,108584,108594,108607,108607,108616,108630,108598,108607
108656,108673,108693,108707,108734,108666,108681,108700,108660,108670,108683,108683,108690,108706,108674,108683
108734,108752,108773,108786,108818,108744,108760,108779,108739,108749,108761,108761,108770,108785,108753,108761
108818,108836,108857,108869,108896,108828,108843,108862,108822,108832,108837,108837,108854,108868,108837,108861
108896,108914,108934,108947,108968,108906,108922,108940,108901,108911,108923,108923,108932,108945,108915,108923
108968,108985,109006,109019,109041,108977,108992,109011,108972,108982,108996,108996,109003,109018,108986,108996
109041,109058,109079,109092,109115,109050,109066,109084,109045,109055,109067,109067,109076,109090,109059,109067
109115,109132,109153,109165,109198,109125,109140,109158,109119,109129,109141,109141,109150,109164,109133,109141
109198,109217,109237,109249,109289,109209,109225,109242,109204,109214,109225,109225,109235,109247,109218,109225
109289,109307,109328,109340,109373,109299,109313,109333,109294,109304,109317,109317,109326,109338,109308,109317
109373,109391,109410,109424,109448,109383,109399,109416,109378,109387,109399,109399,109408,109422,109391,109399
109448,109465,109485,109498,109521,109458,109472,109491,109452,109462,109474,109474,109483,109497,109466,109474
109521,109538,109559,109571,109597,109530,109544,109564,109525,109534,109547,109547,109556,109570,109538,109547
109597,109615,109635,109647,109679,109607,109623,109641,109602,109611,109623,109623,109633,109646,109615,109623
109679,109698,109718,109729,109760,109689,109706,109723,109684,109694,109708,109708,109716,109729,109698,109708
109760,109778,109797,109808,109836,109769,109786,109803,109763,109774,109785,109785,109794,109810,109778,109785
109836,109854,109874,109882,109913,109846,109863,109878,109840,109850,109863,109863,109872,109883,109855,109863
109913,109932,109952,109959,109995,109924,109941,109958,109918,109928,109941,109941,109949,109964,109933,109941
109995,110016,110036,110042,110101,110007,110024,110041,110001,110012,110027,110027,110034,110049,110017,110027
110101,110122,110140,110148,110192,110113,110131,110147,110106,110118,110128,110128,110138,110153,110122,110128
110192,110212,110232,110241,110275,110203,110221,110238,110197,110208,110222,110222,110230,110244,110213,110222
110275,110295,110314,110325,110356,110286,110303,110320,110280,110291,110304,110304,110312,110326,110296,110304
110356,110375,110396,110406,110432,110367,110383,110400,110361,110372,110376,110376,110393,110405,110376,110399
110432,110449,110469,110479,110503,110441,110457,110474,110435,110446,110451,110451,110466,110480,110451,110471
110503,110520,110540,110550,110575,110513,110528,110545,110507,110517,110529,110529,110538,110550,110521,110529
110575,110592,110613,110622,110655,110584,110601,110617,110578,110588,110600,110600,110610,110622,110592,110600
110655,110673,110693,110703,110742,110665,110682,110698,110660,110670,110681,110681,110691,110706,110673,110681
110742,110762,110781,110793,110832,110754,110769,110787,110748,110759,110771,110771,110779,110795,110763,110771
110832,110851,110871,110882,110917,110844,110859,110876,110838,110848,110860,110860,110869,110882,110852,110860
110917,110935,110955,110966,110995,110927,110942,110960,110922,110932,110946,110946,110953,110965,110936,110946
110995,111014,111033,111046,111076,111006,111021,111039,111000,111011,111023,111023,111031,111046,111015,111023
111076,111094,111115,111126,111160,111087,111101,111120,111081,111091,111104,111104,111112,111126,111095,111104
111160,111179,111200,111211,111247,111171,111186,111206,111166,111176,111190,111190,111198,111211,111180,111190
111247,111267,111288,111300,111334,111259,111274,111293,111254,111264,111278,111278,111286,111300,111268,111278
111334,111352,111373,111385,111415,111345,111360,111378,111339,111349,111362,111362,111370,111383,111353,111362
111415,111434,111454,111466,111493,111426,111441,111459,111420,111430,111435,111435,111451,111465,111435,111457
111493,111511,111531,111544,111569,111503,111518,111537,111497,111508,111521,111521,111529,111544,111512,111521
111569,111587,111608,111619,111646,111579,111594,111613,111573,111583,111596,111596,111606,111618,111588,111596
111646,111664,111684,111696,111726,111656,111671,111690,111650,111660,111673,111673,111681,111696,111665,111673
111726,111745,111765,111777,111807,111736,111753,111771,111731,111741,111757,111757,111763,111778,111745,111757
111807,111826,111845,111858,111886,111818,111834,111852,111812,111823,111835,111835,111843,111861,111827,111835
111886,111904,111923,111936,111961,111896,111913,111930,111890,111900,111910,111910,111920,111936,111904,111910
111961,111979,111999,112012,112040,111971,111988,112006,111965,111976,111988,111988,111997,112013,111980,111988
112040,112059,112079,112091,112128,112051,112068,112085,112045,112055,112067,112067,112077,112092,112059,112067
112128,112148,112167,112181,112217,112140,112157,112174,112134,112145,112149,112149,112165,112181,112149,112172
112217,112237,112257,112271,112303,112229,112245,112264,112223,112234,112238,112238,112255,112270,112238,112262
112303,112322,112343,112355,112381,112314,112331,112349,112308,112319,112323,112323,112341,112354,112323,112348
112381,112400,112420,112433,112457,112392,112408,112426,112386,112397,112410,112410,112418,112432,112401,112410
112457,112474,112495,112507,112531,112466,112482,112501,112461,112471,112475,112475,112493,112506,112475,112499
112531,112549,112569,112582,112612,112541,112557,112575,112535,112546,112559,112559,112567,112581,112550,112559
112612,112630,112651,112663,112696,112623,112637,112656,112617,112627,112640,112640,112648,112662,112631,112640
112696,112714,112735,112747,112784,112707,112722,112741,112701,112711,112724,112724,112733,112746,112715,112724
112784,112803,112824,112837,112869,112795,112811,112830,112789,112800,112813,112813,112822,112836,112804,112813
112869,112889,112908,112922,112949,112881,112897,112914,112875,112886,112897,112897,112906,112921,112890,112897
112949,112966,112987,112999,113022,112958,112974,112992,112953,112963,112976,112976,112984,112997,112967,112976
113022,113040,113060,113074,113099,113032,113048,113066,113027,113037,113049,113049,113058,113073,113041,113049
113099,113117,113138,113152,113184,113109,113125,113144,113103,113114,113127,113127,113135,113152,113118,113127
113184,113203,113224,113236,113268,113195,113211,113229,113189,113199,113203,113203,113222,113237,113203,113227
113268,113286,113306,113317,113346,113278,113295,113311,113272,113283,113295,113295,113303,113316,113287,113295
113346,113363,113383,113393,113421,113355,113372,113388,113349,113360,113364,113364,113380,113394,113364,113386
113421,113440,113460,113470,113500,113431,113447,113466,113424,113436,113442,113442,113458,113471,113442,113464
113500,113520,113539,113550,113585,113511,113528,113546,113505,113516,113520,113520,113537,113552,113520,113544
113585,113604,113624,113635,113670,113596,113613,113630,113590,113601,113613,113613,113622,113636,113605,113613
113670,113690,113710,113721,113756,113682,113698,113716,113676,113686,113691,113691,113708,113721,113691,113714
113756,113775,113795,113806,113831,113767,113784,113800,113761,113772,113783,113783,113792,113807,113776,113783
113831,113849,113869,113880,113901,113841,113857,113874,113835,113846,113859,113859,113867,113880,113850,113859
113901,113918,113940,113950,113974,113910,113927,113945,113905,113915,113928,113928,113937,113949,113919,113928
113974,113992,114012,114022,114061,113984,114000,114018,113978,113988,113993,113993,114010,114026,113993,114016
114061,114081,114099,114110,114149,114072,114090,114107,114066,114077,114089,114089,114097,114112,114081,114089
114149,114168,114188,114195,114231,114159,114178,114191,114152,114163,114175,114175,114185,114195,114167,114175
114231,114248,114266,114272,114313,114239,114256,114271,114233,114243,114253,114253,114263,114276,114247,114253
114313,114329,114347,114357,114394,114321,114339,114351,114314,114326,114335,114337,114345,114365,114330,114337
114394,114414,114429,114439,114481,114403,114422,114435,114397,114407,114416,114416,114427,114443,114411,114416
114481,114499,114518,114527,114553,114491,114508,114524,114485,114495,114507,114507,114516,114529,114499,114507
114553,114571,114588,114599,114622,114562,114579,114594,114556,114566,114577,114577,114585,114600,114570,114577
114622,114638,114661,114671,114686,114630,114646,114664,114624,114634,114649,114649,114659,114669,114638,114649
114686,114703,114724,114728,114752,114695,114707,114728,114689,114700,114709,114714,114722,114732,114704,114714
114752,114767,114787,114797,114825,114760,114773,114791,114754,114763,114776,114776,114784,114801,114767,114776
114825,114843,114858,114868,114912,114835,114850,114861,114829,114838,114842,114842,114855,114861,114842,114858
114912,114939,114956,114963,115001,114931,114946,114959,114926,114935,114946,114946,114955,114963,114939,114946
115001,115018,115037,115046,115070,115010,115022,115041,115003,115014,115025,115025,115034,115047,115018,115025
115070,115088,115106,115114,115140,115079,115098,115113,115073,115083,115093,115093,115103,115119,115086,115093
115140,115158,115179,115184,115213,115149,115166,115183,115143,115153,115170,115170,115177,115192,115156,115170
115213,115232,115249,115257,115291,115223,115240,115254,115216,115227,115237,115237,115246,115258,115231,115237
115291,115309,115327,115332,115396,115301,115319,115331,115295,115305,115315,115315,115325,115339,115309,115315
115396,115448,115462,,115489,115439,115455,115474,115434,115451,115461,115464,115468,115477,115456,115464
115489,115528,115550,115552,115630,115519,115535,115552,115514,115523,115538,115540,115547,115556,115527,115540
115630,115646,115673,,115688,115677,,,115629,115645,115650,115650,115656,115664,115650,115659
115688,115703,115724,115732,115782,115695,115712,115728,115689,115698,115704,115704,115721,115733,115701,115704
115782,115802,115820,115828,115866,115792,115810,115823,115785,115798,115809,115809,115817,115826,115802,115809
115866,115886,115902,115911,115946,115876,115893,115907,115869,115880,115886,115886,115899,115911,115883,115886
115946,115965,115983,115990,116032,115956,115975,115987,115950,115960,115972,115972,115981,115996,115964,115972
116032,116052,116071,116080,116122,116042,116062,116075,116036,116047,116057,116057,116069,116082,116050,116057
116122,116142,116160,116169,116210,116132,116151,116165,116126,116137,116147,116147,116157,116173,116141,116147
116210,116229,116246,116255,116290,116220,116238,116252,116213,116224,116234,116234,116244,116261,116228,116234
116290,116308,116327,116337,116363,116300,116316,116332,116294,116304,116314,116314,116324,116336,116308,116314
116363,116381,116400,116410,116431,116372,116390,116405,116366,116377,116387,116387,116397,116412,116381,116387
116431,116448,116468,116473,116503,116440,116456,116472,116434,116445,116457,116457,116465,116477,116449,116457
116503,116522,116540,116552,116610,116513,116530,116548,116507,116518,116529,116529,116538,116555,116522,116529
116610,116631,116650,116656,116702,116621,116638,116654,116615,116626,116640,116640,116648,116658,116630,116640
116702,116721,116741,116750,116789,116712,116731,116745,116705,116716,116727,116727,116738,116752,116720,116727
116789,116808,116824,116838,116876,116799,116814,116831,116793,116804,116808,116808,116820,116841,116808,116823
116876,116894,116911,116926,116961,116885,116904,116916,116879,116890,116899,116901,116909,116916,116893,116901
116961,116980,116997,117005,117046,116970,116990,117000,116963,116975,116984,116987,116995,117005,116979,116987
117046,117065,117082,117091,117124,117056,117073,117087,117049,117060,117070,117070,117080,117093,117064,117070
117124,117143,117159,117169,117196,117135,117152,117168,117129,117139,117148,117148,117157,117173,117143,117148
117196,117214,117235,117239,117262,117205,117221,117238,117199,117209,117226,117226,117233,117243,117214,117226
117262,117280,117299,117304,117329,117271,117287,117303,117264,117275,117281,117281,117292,117308,117281,117295
117329,117345,117362,117371,117402,117336,117354,117370,117330,117340,117350,117350,117359,117375,117344,117350
117402,117420,117437,117442,117476,117411,117428,117439,117404,117415,117425,117425,117434,117442,117419,117425
117476,117493,117509,117523,117554,117484,117502,117517,117477,117489,117496,117498,117507,117522,117492,117498
117554,117570,117589,117595,117636,117563,117575,117594,117557,117567,117578,117582,117587,117598,117572,117582
117636,117655,117672,117687,117725,117647,117663,117677,117641,117651,117661,117661,117669,117688,117655,117661
117725,117741,117760,117774,117799,117734,117751,117766,117729,117738,117746,117748,117756,117772,117741,117748
117799,117816,117835,117840,117867,117807,117827,117837,117801,117812,117823,117823,117833,117840,117817,117823
117867,117885,117906,117913,117939,117876,117897,117912,117869,117881,117894,117894,117904,117919,117884,117894
117939,117957,117972,117985,118021,117948,117965,117980,117942,117952,117960,117960,117970,117984,117955,117960
118021,118039,118059,118068,118100,118030,118050,118062,118023,118035,118046,118046,118056,118065,118039,118046
118100,118120,118138,118142,118184,118111,118125,118141,118105,118116,118128,118128,118136,118147,118121,118128
118184,118203,118223,118232,118268,118194,118209,118227,118189,118199,118211,118213,118221,118234,118203,118213
118268,118286,118306,118313,118347,118278,118288,118310,118270,118282,118291,118296,118304,118313,118286,118293
118347,118365,118383,118393,118424,118357,118373,118388,118351,118361,118370,118370,118380,118395,118365,118370
118424,118443,118462,118469,118499,118434,118453,118465,118427,118438,118451,118451,118460,118470,118444,118451
118499,118519,118534,118541,118570,118509,118525,118538,118500,118515,118524,118524,118531,118543,118524,118537
118570,118588,118608,118611,118648,118579,118595,118610,118573,118584,118598,118598,118606,118614,118589,118598
118648,118667,118687,118695,118735,118658,118676,118690,118652,118662,118676,118676,118684,118698,118667,118676
118735,118753,118769,118779,118819,118744,118762,118778,118738,118748,118757,118757,118766,118782,118751,118757
118819,118838,118856,118864,118900,118829,118842,118858,118822,118834,118845,118848,118854,118862,118839,118848
118900,118915,118934,118945,118979,118908,118919,118937,118903,118912,118926,118926,118931,118946,118916,118926
118979,118997,119022,119029,119059,118988,119003,119026,118981,118992,119006,119013,119020,119030,118995,119009
119059,119079,119098,119106,119146,119070,119090,119100,119065,119074,119084,119088,119096,119104,119077,119088
119146,119164,119182,119187,119220,119155,119174,119184,119148,119160,119170,119171,119179,119186,119164,119171
119220,119237,119253,119262,119292,119229,119245,119260,119223,119233,119241,119241,119250,119266,119236,119241
119292,119310,119328,119338,119371,119301,119320,119335,119295,119305,119316,119316,119326,119340,119309,119316
119371,119390,119407,119411,119460,119381,119401,119410,119375,119385,119394,119398,119405,119412,119389,119398
119460,119479,119496,119504,119550,119469,119486,119499,119463,119474,119486,119486,119494,119503,119478,119486
119550,119571,119588,119599,119639,119562,119582,119593,119556,119566,119574,119577,119586,119601,119569,119577
119639,119660,119677,119683,119722,119651,119670,119682,119645,119656,119664,119667,119675,119690,119659,119667
119722,119741,119762,119770,119802,119733,119747,119765,119727,119738,119750,119751,119760,119770,119742,119751
119802,119822,119839,119849,119882,119813,119830,119846,119807,119818,119827,119827,119836,119853,119821,119827
119882,119900,119918,119925,119959,119892,119910,119921,119886,119895,119903,119906,119915,119926,119899,119906
119959,119977,119995,119998,120039,119968,119983,119997,119962,119972,119977,119977,119992,120001,119977,119997
120039,120059,120076,120083,120123,120049,120069,120079,120043,120054,120062,120065,120074,120083,120058,120065
120123,120151,120171,120178,120221,120144,120156,120175,120138,120148,120160,120163,120169,120180,120152,120163
120221,120244,120259,120269,120303,120233,120252,120265,120227,120236,120244,120246,120257,120271,120239,120246
120303,120320,120337,120343,120376,120311,120328,120340,120306,120315,120326,120326,120335,120343,120319,120326
120376,120394,120413,120422,120451,120386,120404,120417,120380,120390,120400,120400,120410,120423,120393,120400
120451,120472,120494,120499,120535,120462,120480,120498,120457,120466,120486,120486,120492,120505,120470,120486
120535,120556,120577,120583,120626,120547,120568,120582,120542,120551,120561,120564,120575,120587,120555,120564
120626,120654,120673,120677,120712,120644,120663,120676,120638,120648,120657,120657,120671,120680,120651,120657
120712,120741,120759,120768,120806,120733,120750,120764,120728,120737,120748,120748,120758,120771,120741,120748
120806,120826,120846,120851,120886,120818,120838,120848,120811,120822,120832,120836,120843,120852,120827,120836
120886,120906,120921,120931,120962,120897,120913,120928,120891,120901,120909,120909,120919,120934,120904,120909
120962,120981,121002,121006,121038,120971,120987,121005,120965,120976,120990,120991,121000,121010,120981,120991
121038,121057,121075,121082,121125,121048,121063,121078,121042,121053,121067,121067,121073,121084,121057,121067
121125,121147,121166,121170,121215,121138,121152,121169,121131,121143,121156,121157,121164,121172,121148,121157
121215,121238,121256,121259,121308,121228,121247,121258,121221,121232,121243,121243,121254,121262,121236,121243
121308,121329,121348,121352,121393,121320,121335,121351,121314,121324,121339,121339,121346,121354,121329,121339
121393,121412,121429,121437,121469,121403,121421,121432,121396,121407,121415,121417,121426,121437,121410,121417
121469,121488,121508,121514,121547,121478,121495,121504,121472,121483,121494,121494,121499,121504,121494,121501
121547,121566,121585,121588,121629,121556,121579,121587,121550,121561,121570,121575,121583,121591,121564,121572
121629,121649,121668,121672,121714,121639,121660,121671,121632,121643,121654,121654,121666,121676,121647,121654
121714,121736,121757,121761,121804,121727,121741,121761,121720,121732,121744,121749,121756,121766,121736,121746
121804,121824,121841,121845,121885,121815,121837,121845,121810,121819,121827,121832,121839,121847,121823,121832
121885,121903,121921,121928,121962,121894,121913,121924,121889,121898,121905,121910,121918,121928,121901,121907
121962,121980,122000,122002,122043,121972,121983,122002,121966,121977,121986,121991,121997,122005,121981,121988
122043,122064,122082,122087,122133,122054,122076,122087,122047,122059,122068,122070,122080,122097,122062,122070
122133,122153,122172,122175,122222,122144,122163,122174,122138,122149,122161,122161,122170,122178,122153,122161
122222,122243,122265,122270,122302,122234,122250,122266,122228,122239,122255,122258,122263,122271,122242,122258
122302,122321,122340,122346,122374,122312,122330,122342,122306,122316,122327,122327,122338,122346,122319,122327
122374,122393,122411,122416,122450,122384,122402,122413,122378,122388,122397,122397,122408,122417,122391,122397
122450,122470,122489,122492,122528,122459,122480,122491,122453,122463,122478,122478,122486,122495,122471,122478
122528,122553,122568,122577,122614,122545,122561,122576,122539,122548,122558,122558,122566,122581,122552,122558
122614,122649,122665,122673,122714,122641,122657,122669,122634,122646,122656,122656,122664,122673,122650,122656
122714,122735,122746,122761,122796,122727,122739,122749,122722,122732,122736,122736,122742,122749,122736,122745
122796,122816,122832,122839,122870,122804,122826,122835,122798,122807,122820,122820,122831,122841,122811,122820
122870,122888,122907,122912,122948,122878,122899,122910,122873,122882,122890,122895,122905,122914,122886,122892
122948,122968,122985,122989,123042,122958,122979,122988,122952,122962,122972,122975,122983,122990,122966,122975
123042,123077,123092,123099,123148,123069,123086,123098,123063,123073,123082,123082,123091,123107,123076,123082
123148,123167,123183,123189,123224,123156,123174,123186,123151,123160,123167,123167,123180,123190,123162,123167
123224,123245,123263,123270,123300,123237,123255,123266,123231,123241,123252,123252,123261,123277,123245,123252
123300,123321,123338,123349,123379,123313,123330,123343,123307,123317,123326,123326,123336,123352,123321,123326
123379,123397,123414,123419,123455,123387,123405,123418,123382,123391,123400,123400,123411,123420,123394,123400
123455,123477,123494,123498,123539,123466,123486,123497,123460,123470,123480,123480,123492,123501,123474,123480
123539,123561,123576,123591,123625,123551,123569,123579,123544,123556,123565,123565,123574,123580,123559,123565
123625,123645,123660,123674,123706,123637,123652,123667,123631,123641,123649,123649,123657,123674,123645,123649
123706,123725,123744,123751,123783,123714,123736,123747,123708,123719,123729,123732,123742,123752,123723,123732
123783,123801,123820,123823,123862,123792,123812,123822,123786,123797,123807,123810,123817,123826,123802,123810
123862,123881,123900,123906,123947,123872,123890,123905,123866,123876,123888,123888,123897,123912,123880,123888
123947,123971,123989,123995,124035,123962,123980,123994,123956,123967,123979,123979,123988,124000,123971,123979
124035,124056,124075,124084,124116,124048,124064,124079,124042,124053,124064,124064,124073,124084,124057,124064
124116,124135,124154,124163,124191,124127,124145,124158,124121,124131,124141,124141,124152,124164,124135,124141
124191,124210,124229,124236,124268,124202,124220,124234,124196,124206,124217,124217,124227,124241,124210,124217
124268,124286,124305,124311,124356,124278,124296,124310,124272,124282,124293,124293,124303,124314,124286,124293
124356,124375,124395,124403,124444,124367,124384,124400,124361,124371,124383,124383,124393,124405,124375,124383
124444,124466,124484,124494,124535,124456,124473,124490,124450,124462,124469,124469,124482,124495,124469,124489
124535,124555,124574,124584,124617,124546,124562,124578,124540,124551,124565,124565,124571,124583,124556,124565
124617,124641,124660,124670,124706,124633,124649,124665,124628,124638,124649,124649,124658,124669,124641,124649
124706,124724,124744,124754,124788,124716,124732,124749,124710,124721,124734,124734,124742,124756,124725,124734
124788,124808,124827,124838,124876,124800,124817,124833,124794,124805,124816,124816,124825,124838,124809,124816
124876,124896,124916,124925,124964,124888,124905,124920,124882,124893,124904,124904,124913,124925,124897,124904
124964,124986,125004,125014,125055,124977,124995,125010,124971,124981,124991,124991,125002,125016,124985,124991
125055,125074,125093,125104,125135,125065,125082,125099,125059,125070,125082,125082,125091,125107,125074,125082
125135,125155,125175,125187,125215,125147,125165,125181,125141,125152,125163,125163,125173,125186,125156,125163
125215,125234,125254,125263,125294,125225,125241,125259,125219,125230,125234,125234,125250,125265,125234,125258
125294,125314,125333,125344,125381,125306,125324,125339,125300,125310,125321,125321,125331,125345,125314,125321
125381,125403,125423,125433,125473,125395,125409,125427,125389,125400,125412,125412,125421,125434,125404,125412
125473,125493,125513,125525,125562,125485,125500,125519,125479,125490,125503,125503,125511,125525,125494,125503
125562,125582,125601,125612,125645,125574,125590,125606,125568,125579,125583,125583,125599,125612,125583,125606
125645,125665,125684,125696,125727,125656,125674,125690,125651,125661,125671,125671,125682,125697,125665,125671
125727,125747,125766,125777,125817,125739,125755,125772,125733,125743,125755,125755,125764,125779,125747,125755
125817,125837,125856,125867,125907,125829,125844,125862,125823,125833,125846,125846,125853,125870,125837,125846
125907,125927,125945,125956,125995,125918,125936,125951,125913,125923,125934,125934,125943,125957,125927,125934
125995,126015,126035,126046,126077,126007,126023,126039,126001,126012,126023,126023,126032,126045,126016,126023
126077,126096,126115,126127,126154,126088,126104,126120,126082,126093,126103,126103,126112,126126,126096,126103
126154,126173,126193,126204,126235,126165,126180,126198,126159,126169,126182,126182,126191,126204,126173,126182
126235,126253,126273,126283,126317,126244,126260,126277,126238,126249,126253,126253,126271,126282,126253,126276
126317,126336,126355,126365,126400,126328,126343,126360,126322,126332,126336,126336,126353,126365,126336,126359
126400,126419,126438,126450,126478,126411,126426,126443,126405,126415,126420,126420,126435,126449,126420,126441
126478,126496,126515,126527,126553,126488,126502,126520,126482,126492,126506,126506,126513,126526,126497,126506
126553,126571,126591,126602,126628,126563,126579,126596,126557,126568,126579,126579,126588,126602,126572,126579
126628,126645,126665,126675,126702,126637,126653,126669,126631,126642,126653,126653,126662,126674,126646,126653
126702,126721,126739,126750,126778,126712,126729,126744,126706,126716,126726,126726,126737,126748,126720,126726
126778,126796,126814,126825,126852,126788,126804,126819,126782,126792,126803,126803,126812,126827,126797,126803
126852,126869,126889,126900,126922,126861,126876,126893,126855,126866,126872,126872,126886,126898,126872,126893
126922,126939,126958,126966,126992,126931,126949,126962,126925,126936,126947,126947,126956,126966,126940,126947
126992,127010,127028,127036,127064,127002,127017,127033,126996,127007,127017,127017,127025,127038,127011,127017
127064,127080,127098,127106,127133,127073,127088,127102,127067,127077,127088,127088,127095,127108,127081,127088
127133,127151,127165,127177,127198,127143,127157,127167,127137,127147,127153,127153,127162,127167,127150,127153
127198,127223,127242,127246,127273,127213,127236,127245,127207,127218,127230,127232,127240,127247,127222,127232
127273,127288,127307,127315,127335,127281,127294,127310,127275,127285,127291,127291,127300,127316,127291,127311
127335,127351,127371,127382,127399,127344,127360,127375,127338,127348,127359,127359,127368,127381,127352,127359
127399,127414,127434,127440,127457,127407,127421,127436,127401,127411,127422,127422,127430,127440,127415,127422
127457,127474,127491,127502,127518,127466,127482,127496,127460,127470,127479,127479,127488,127506,127474,127479
127518,127533,127552,127561,127579,127526,127541,127555,127520,127530,127539,127539,127548,127560,127534,127539
127579,127596,127614,127623,127642,127588,127603,127617,127582,127593,127603,127603,127611,127621,127597,127603
127642,127659,127679,127687,127706,127651,127665,127681,127645,127656,127670,127670,127676,127686,127662,127670
127706,127722,127740,127750,127769,127715,127730,127744,127709,127719,127728,127728,127737,127749,127723,127728
127769,127785,127802,127814,127829,127778,127791,127808,127772,127782,127787,127787,127798,127815,127787,127802
127829,127846,127865,127874,127892,127838,127853,127868,127832,127843,127847,127847,127861,127873,127847,127867
127892,127910,127925,127935,127961,127902,127916,127930,127895,127907,127915,127915,127922,127935,127915,127928
127961,127978,127995,128007,128030,127970,127985,127999,127964,127975,127983,127983,127992,128004,127979,127983
128030,128048,128065,128074,128101,128040,128055,128068,128034,128045,128055,128055,128063,128073,128049,128055
128101,128118,128134,128140,128168,128111,128124,128139,128105,128116,128122,128122,128130,128144,128122,128137
128168,128188,128204,128210,128264,128245,,,128173,128184,128195,128195,128201,128213,128188,128195
128264,128284,128307,128317,128368,128273,128291,128311,128266,128282,128294,128297,128305,128316,128288,128297
128368,128386,128402,128412,128435,128378,128391,128405,128372,128383,128388,128388,128398,128410,128388,128405
128435,128452,128470,128478,128502,128445,128459,128473,128439,128449,128459,128459,128467,128478,128453,128459
128502,128520,128537,128548,128569,128512,128526,128540,128507,128517,128521,128521,128534,128545,128521,128539
128569,128585,128602,128613,128634,128577,128592,128605,128572,128582,128591,128591,128599,128611,128586,128591
128634,128650,128668,128678,128697,128643,128657,128671,128637,128648,128652,128652,128665,128676,128652,128670
128697,128713,128731,128740,128759,128706,128719,128734,128700,128711,128717,128717,128727,128739,128717,128733
128759,128775,128793,128803,128823,128768,128781,128796,128762,128772,128777,128777,128789,128802,128777,128795
128823,128839,128857,128865,128888,128832,128845,128859,128826,128836,128840,128840,128853,128864,128840,128859
128888,128904,128921,128931,128953,128897,128910,128925,128891,128901,128905,128905,128917,128930,128905,128925
128953,128969,128986,128996,129020,128962,128976,128989,128957,128967,128971,128971,128982,128995,128971,128987
129020,129036,129053,129063,129084,129028,129043,129056,129023,129033,129041,129041,129049,129061,129037,129041
129084,129100,129118,129127,129148,129093,129107,129121,129087,129097,129106,129106,129114,129126,129101,129106
129148,129164,129182,129191,129212,129157,129171,129185,129151,129162,129168,129168,129178,129190,129168,129184
129212,129228,129245,129255,129275,129221,129234,129248,129215,129225,129230,129230,129241,129255,129230,129246
129275,129292,129309,129319,129340,129284,129298,129312,129279,129289,129293,129293,129305,129318,129293,129311
129340,129357,129374,129384,129406,129349,129363,129377,129344,129354,129359,129359,129370,129383,129359,129376
129406,129422,129439,129450,129472,129415,129429,129443,129410,129420,129424,129424,129436,129449,129424,129441
129472,129488,129506,129515,129538,129481,129494,129509,129475,129485,129489,129489,129502,129513,129489,129508
129538,129554,129571,129581,129603,129547,129561,129575,129541,129551,129559,129559,129568,129580,129555,129559
129603,129619,129638,129648,129668,129612,129627,129641,129607,129617,129626,129626,129634,129647,129620,129626
129668,129685,129702,129711,129732,129677,129692,129704,129671,129682,129690,129690,129699,129709,129686,129690
129732,129749,129766,129775,129795,129741,129755,129769,129735,129746,129752,129752,129762,129773,129752,129768
129795,129812,129827,129836,129858,129804,129818,129830,129797,129809,129819,129819,129824,129834,129819,129828
129858,129873,129891,129901,129923,129867,129880,129894,129861,129871,129875,129875,129887,129900,129875,129893
129923,129939,129956,129966,129990,129932,129946,129960,129926,129937,129941,129941,129952,129966,129941,129957
129990,130006,130023,130033,130056,129999,130013,130026,129994,130003,130013,130013,130020,130032,130007,130013
130056,130074,130090,130099,130125,130066,130080,130093,130061,130071,130079,130079,130086,130098,130075,130079
130125,130141,130159,130169,130192,130134,130148,130162,130129,130139,130143,130143,130155,130167,130143,130162
130192,130210,130227,130237,130261,130203,130216,130231,130198,130207,130211,130211,130224,130236,130211,130230
130261,130278,130296,130306,130329,130271,130284,130299,130266,130276,130280,130280,130292,130305,130280,130299
130329,130345,130362,130372,130394,130338,130352,130365,130333,130343,130351,130351,130359,130370,130347,130351
130394,130409,130427,130437,130456,130402,130416,130430,130397,130407,130416,130416,130423,130435,130410,130416
130456,130471,130489,130498,130516,130464,130477,130491,130459,130469,130473,130473,130485,130496,130473,130490
130516,130532,130549,130558,130578,130525,130538,130552,130519,130530,130534,130534,130545,130557,130534,130550
130578,130594,130611,130621,130640,130587,130601,130614,130581,130591,130600,130600,130608,130619,130595,130600
130640,130657,130674,130683,130705,130650,130663,130677,130644,130654,130659,130659,130670,130682,130659,130676
130705,130722,130739,130748,130769,130715,130727,130742,130709,130719,130724,130724,130735,130747,130724,130741
130769,130786,130803,130813,130833,130779,130792,130807,130774,130784,130788,130788,130799,130812,130788,130805
130833,130849,130866,130876,130897,130842,130856,130869,130837,130847,130855,130855,130863,130874,130851,130855
130897,130913,130930,130940,130961,130906,130919,130933,130901,130911,130916,130916,130926,130938,130916,130933
130961,130976,130994,131003,131022,130969,130982,130996,130964,130974,130978,130978,130990,131001,130978,130995
131022,131037,131055,131064,131082,131030,131044,131058,131024,131035,131040,131040,131051,131063,131040,131056
131082,131097,131115,131126,131142,131090,131103,131118,131085,131095,131100,131100,131111,131122,131100,131116
131142,131157,131174,131183,131201,131150,131163,131177,131144,131154,131162,131162,131169,131183,131162,131174
131201,131217,131233,131243,131261,131210,131223,131236,131204,131215,131219,131219,131229,131241,131219,131234
131261,131277,131293,131301,131321,131270,131282,131295,131264,131274,131278,131278,131289,131300,131278,131294
131321,131336,131353,131361,131380,131329,131342,131355,131324,131333,131343,131343,131348,131359,131343,131353
131380,131396,131412,131421,131439,131389,131401,131415,131383,131393,131398,131398,131407,131422,131398,131412
131439,131455,131473,131481,131499,131448,131461,131475,131442,131453,131457,131457,131469,131480,131457,131474
131499,131514,131532,131540,131556,131507,131520,131534,131501,131511,131517,131517,131527,131539,131517,131533
131556,131572,131589,131596,131614,131565,131578,131591,131559,131569,131574,131574,131585,131596,131574,131590
131614,131630,131646,131653,131674,131623,131636,131649,131617,131627,131632,131632,131642,131653,131632,131648
131674,131690,131706,131715,131734,131682,131696,131709,131677,131687,131695,131695,131701,131718,131695,131705
131734,131751,131767,131775,131795,131744,131756,131769,131738,131748,131754,131754,131763,131774,131754,131767
131795,131811,131829,131836,131857,131804,131817,131831,131798,131809,131813,131813,131825,131835,131813,131830
131857,131872,131890,131897,131916,131865,131878,131891,131859,131870,131875,131875,131885,131895,131875,131891
131916,131932,131949,131958,131976,131925,131938,131952,131920,131930,131935,131935,131945,131957,131935,131951
131976,131991,132009,132017,132033,131984,131997,132011,131978,131988,131993,131993,132005,132016,131993,132010
132033,132048,132066,132074,132088,132041,132054,132068,132035,132045,132049,132049,132061,132074,132049,132066
132088,132103,132120,132128,132144,132096,132109,132121,132090,132101,132110,132110,132115,132127,132110,132119
132144,132159,132176,132185,132200,132152,132165,132178,132146,132157,132162,132162,132171,132184,132162,132176
132200,132215,132231,132240,132256,132208,132221,132233,132202,132212,132221,132221,132226,132239,132221,132231
132256,132271,132288,132296,132312,132264,132278,132290,132259,132268,132276,132276,132284,132295,132272,132276
132312,132328,132345,132352,132369,132321,132333,132347,132315,132326,132331,132331,132340,132352,132331,132346
132369,132384,132401,132409,132426,132378,132390,132403,132372,132382,132389,132389,132396,132409,132389,132401
132426,132441,132458,132464,132482,132434,132447,132460,132428,132438,132446,132446,132453,132464,132446,132459
132482,132497,132516,132522,132540,132490,132503,132517,132485,132494,132500,132500,132510,132522,132500,132518
132540,132555,132571,132578,132596,132547,132561,132573,132542,132552,132561,132561,132567,132578,132561,132572
132596,132612,132627,132633,132653,132604,132617,132629,132598,132609,132616,132616,132622,132636,132616,132625
132653,132669,132685,132693,132713,132662,132675,132687,132656,132666,132671,132671,132681,132693,132671,132686
132713,132729,132746,132754,132774,132722,132734,132748,132716,132727,132731,132731,132742,132752,132731,132748
132774,132790,132806,132815,132836,132783,132797,132808,132777,132787,132794,132794,132802,132812,132790,132794
132836,132851,132868,132875,132896,132844,132858,132870,132839,132849,132858,132858,132864,132874,132858,132869
132896,132912,132929,132937,132956,132905,132919,132932,132899,132909,132917,132917,132925,132936,132913,132917
132956,132972,132988,132997,133015,132965,132977,132991,132959,132969,132976,132976,132983,132996,132976,132989
133015,133029,133048,133056,133071,133023,133035,133050,133017,133027,133032,133032,133043,133055,133032,133050
133071,133086,133104,133112,133126,133079,133091,133106,133073,133083,133087,133087,133099,133111,133087,133105
133126,133141,133158,133166,133182,133134,133147,133160,133128,133139,133144,133144,133154,133165,133144,133159
133182,133197,133214,133222,133239,133191,133204,133216,133185,133195,133205,133205,133210,133221,133205,133214
133239,133254,133271,133279,133297,133247,133260,133273,133241,133252,133258,133258,133266,133277,133258,133271
133297,133313,133329,133338,133356,133306,133318,133331,133300,133310,133317,133317,133324,133336,133317,133330
133356,133371,133387,133397,133415,133364,133376,133390,133359,133369,133374,133374,133382,133396,133374,133388
133415,133430,133446,133455,133473,133423,133435,133448,133417,133427,133433,133433,133442,133453,133433,133446
133473,133488,133505,133513,133532,133481,133494,133507,133476,133485,133489,133489,133501,133512,133489,133506
133532,133547,133564,133573,133591,133540,133553,133566,133535,133545,133550,133550,133559,133571,133550,133564
133591,133607,133623,133632,133650,133600,133613,133625,133594,133605,133611,133611,133619,133630,133611,133624
133650,133665,133681,133689,133707,133658,133671,133683,133653,133663,133668,133668,133677,133688,133668,133681
133707,133722,133739,133747,133765,133716,133728,133741,133710,133720,133724,133724,133735,133747,133724,133741
133765,133781,133798,133806,133825,133774,133787,133800,133768,133778,133787,133787,133794,133804,133782,133787
133825,133840,133857,133866,133887,133833,133846,133860,133828,133838,133842,133842,133853,133865,133842,133859
133887,133902,133919,133928,133949,133896,133908,133921,133890,133900,133904,133904,133915,133926,133904,133921
133949,133964,133982,133990,134010,133957,133970,133984,133952,133962,133967,133967,133978,133988,133967,133983
134010,134026,134043,134052,134071,134019,134031,134046,134013,134023,134027,134027,134039,134051,134027,134044
134071,134088,134105,134114,134134,134081,134095,134108,134075,134085,134093,134093,134101,134114,134093,134106
134134,134149,134166,134175,134194,134142,134156,134168,134136,134147,134154,134154,134162,134173,134154,134167
134194,134209,134226,134235,134253,134202,134215,134229,134197,134207,134212,134212,134222,134234,134212,134227
134253,134268,134285,134294,134310,134261,134275,134287,134255,134265,134273,134273,134281,134293,134270,134273
134310,134325,134342,134350,134366,134318,134331,134344,134312,134322,134328,134328,134337,134349,134326,134328
134366,134381,134399,134407,134424,134375,134387,134401,134369,134379,134384,134384,134394,134406,134384,134400
134424,134439,134455,134464,134484,134432,134445,134458,134427,134437,134444,134444,134451,134463,134444,134456
134484,134499,134516,134525,134546,134492,134505,134518,134487,134497,134503,134503,134511,134524,134503,134516
134546,134561,134578,134587,134610,134555,134567,134581,134549,134559,134564,134564,134574,134585,134564,134580
134610,134626,134642,134651,134674,134619,134632,134644,134613,134623,134629,134629,134638,134649,134628,134629
134674,134691,134707,134716,134738,134684,134697,134709,134678,134688,134696,134696,134703,134713,134692,134696
134738,134755,134771,134778,134800,134748,134761,134773,134742,134752,134762,134762,134768,134777,134756,134762
134800,134817,134832,134841,134860,134809,134823,134835,134803,134814,134823,134823,134828,134841,134823,134832
134860,134876,134891,134900,134922,134869,134882,134894,134863,134874,134880,134880,134887,134901,134880,134892
134922,134938,134954,134962,134986,134932,134944,134956,134926,134936,134941,134941,134950,134960,134941,134955
134986,135002,135018,135027,135053,134995,135008,135021,134990,135000,135004,135004,135014,135025,135004,135019
135053,135070,135086,135094,135116,135063,135075,135088,135057,135068,135073,135073,135082,135093,135073,135088
135116,135140,135155,135165,135190,135133,135146,135159,135127,135137,135142,135142,135153,135164,135142,135158
135190,135207,135223,135233,135256,135199,135213,135226,135194,135204,135212,135212,135219,135231,135212,135225
135256,135272,135289,135298,135320,135265,135278,135292,135260,135270,135275,135275,135285,135296,135275,135291
135320,135336,135353,135362,135382,135329,135341,135355,135324,135334,135338,135338,135348,135360,135338,135355
135382,135397,135415,135424,135443,135391,135403,135417,135385,135395,135400,135400,135410,135422,135400,135416
135443,135458,135475,135484,135502,135451,135464,135477,135445,135455,135461,135461,135470,135483,135461,135475
135502,135518,135534,135544,135564,135511,135524,135537,135506,135516,135523,135523,135530,135543,135523,135535
135564,135580,135596,135605,135626,135573,135586,135599,135567,135577,135586,135586,135592,135603,135581,135586
135626,135643,135659,135668,135691,135636,135648,135662,135631,135640,135645,135645,135655,135667,135645,135661
135691,135707,135723,135732,135753,135700,135712,135726,135695,135704,135708,135708,135720,135731,135708,135725
135753,135770,135786,135795,135815,135763,135775,135789,135757,135767,135773,135773,135781,135795,135773,135787
135815,135831,135847,135856,135874,135824,135837,135850,135819,135828,135833,135833,135843,135855,135833,135849
135874,135889,135906,135914,135932,135882,135895,135908,135877,135887,135893,135893,135901,135914,135893,135907
135932,135947,135963,135971,135991,135940,135953,135966,135935,135945,135953,135953,135958,135972,135953,135963
135991,136007,136023,136032,136051,136000,136013,136026,135994,136004,136008,136008,136019,136034,136008,136024
136051,136067,136082,136092,136111,136060,136073,136085,136054,136064,136073,136073,136078,136095,136073,136082
136111,136127,136144,136152,136174,136121,136132,136146,136116,136125,136129,136129,136140,136151,136129,136145
136174,136190,136208,136215,136235,136182,136196,136209,136176,136186,136191,136191,136204,136215,136191,136210
136235,136249,136269,136271,136286,136242,136254,136270,136237,136247,136251,136251,136261,136276,136251,136272
136286,136308,136321,136329,136352,136302,136314,136324,136297,136306,136313,136313,136319,136327,136313,136323
136352,136366,136382,136391,136409,136360,136371,136384,136354,136363,136372,136372,136378,136388,136367,136372
136409,136426,136440,136443,136471,136419,136432,136442,136414,136423,136428,136428,136437,136444,136427,136428
136471,136487,136503,136507,136530,136480,136493,136506,136474,136486,136491,136491,136498,136507,136491,136502
136530,136547,136561,136570,136592,136540,136553,136565,136534,136547,136552,136552,136557,136569,136552,136561
136592,136607,136623,136630,136650,136599,136613,136625,136593,136604,136613,136613,136618,136629,136613,136623
136650,136665,136682,136689,136707,136659,136669,136683,136653,136663,136673,136673,136679,136688,136666,136673
136707,136722,136737,136745,136763,136715,136728,136739,136709,136719,136729,136729,136733,136742,136729,136737
136763,136777,136795,136803,136818,136770,136783,136796,136765,136774,136783,136783,136790,136802,136778,136783
136818,136833,136850,136857,136874,136827,136839,136851,136821,136831,136837,136837,136845,136857,136837,136850
136874,136889,136906,136914,136931,136883,136895,136908,136877,136887,136892,136892,136901,136913,136892,136908
136931,136947,136963,136971,136991,136940,136953,136965,136935,136945,136953,136953,136959,136972,136953,136963
136991,137006,137022,137028,137049,136999,137012,137023,136993,137003,137007,137007,137018,137027,137007,137022
137049,137064,137081,137088,137107,137057,137070,137082,137052,137062,137066,137066,137076,137086,137066,137081
137107,137122,137138,137144,137164,137115,137128,137139,137109,137120,137128,137128,137134,137143,137128,137138
137164,137179,137195,137200,137221,137172,137184,137196,137167,137176,137181,137181,137190,137201,137181,137195
137221,137237,137252,137257,137281,137230,137243,137254,137224,137234,137241,137241,137248,137258,137237,137241
137281,137297,137313,137321,137341,137290,137302,137315,137284,137295,137301,137301,137308,137321,137301,137314
137341,137357,137373,137382,137402,137350,137364,137376,137345,137355,137363,137363,137370,137381,137359,137363
137402,137418,137434,137443,137465,137412,137424,137437,137406,137416,137421,137421,137431,137441,137421,137436
137465,137480,137496,137505,137525,137473,137486,137499,137468,137478,137483,137483,137492,137505,137483,137497
137525,137541,137558,137566,137585,137534,137548,137560,137529,137539,137546,137546,137554,137565,137542,137546
137585,137601,137618,137627,137645,137594,137608,137621,137589,137599,137606,137606,137614,137627,137603,137606
137645,137661,137677,137685,137705,137653,137667,137679,137648,137658,137668,137668,137673,137684,137668,137678
137705,137720,137737,137746,137765,137713,137726,137739,137708,137718,137723,137723,137732,137745,137723,137739
137765,137780,137796,137805,137824,137773,137785,137798,137767,137777,137782,137782,137792,137804,137782,137797
137824,137839,137856,137864,137884,137832,137845,137858,137827,137837,137841,137841,137852,137862,137841,137856
137884,137899,137916,137925,137943,137892,137905,137918,137887,137897,137903,137903,137912,137923,137902,137903
137943,137959,137975,137984,138003,137952,137966,137978,137947,137956,137964,137964,137972,137982,137960,137964
138003,138018,138035,138043,138060,138011,138024,138037,138005,138015,138021,138021,138030,138042,138021,138036
138060,138076,138093,138100,138118,138069,138081,138095,138063,138073,138078,138078,138088,138100,138078,138094
138118,138133,138150,138158,138176,138126,138139,138152,138120,138130,138135,138135,138145,138157,138135,138150
138176,138191,138208,138217,138235,138184,138197,138210,138179,138189,138194,138194,138203,138216,138194,138209
138235,138250,138267,138275,138295,138243,138255,138269,138238,138248,138252,138252,138263,138273,138252,138268
138295,138310,138327,138336,138355,138303,138316,138329,138298,138308,138313,138313,138322,138335,138313,138328
138355,138370,138387,138396,138416,138364,138377,138390,138358,138368,138377,138377,138384,138394,138371,138377
138416,138432,138448,138457,138476,138425,138438,138451,138419,138429,138436,138436,138444,138456,138436,138449
138476,138492,138507,138516,138536,138485,138498,138510,138479,138490,138499,138499,138504,138514,138499,138508
138536,138551,138568,138576,138594,138544,138557,138570,138539,138549,138554,138554,138563,138575,138554,138569
138594,138610,138626,138635,138654,138603,138616,138629,138598,138608,138612,138612,138623,138633,138612,138627
138654,138670,138686,138694,138715,138663,138676,138688,138657,138667,138672,138672,138682,138693,138672,138687
138715,138730,138747,138755,138777,138724,138737,138749,138718,138728,138737,138737,138744,138753,138731,138737
138777,138793,138810,138818,138841,138786,138799,138813,138780,138791,138796,138796,138805,138818,138796,138812
138841,138858,138873,138882,138908,138851,138863,138876,138845,138855,138861,138861,138869,138882,138861,138874
138908,138924,138939,138947,138973,138916,138930,138941,138911,138921,138929,138929,138936,138945,138929,138941
138973,138987,139005,139013,139035,138981,138993,139007,138975,138985,138989,138989,139001,139011,138989,139006
139035,139051,139068,139075,139100,139044,139056,139069,139039,139049,139053,139053,139064,139073,139053,139069
139100,139114,139131,139143,139162,139107,139122,139134,139102,139111,139118,139118,139128,139139,139114,139118
139162,139176,139193,139202,139223,139169,139182,139195,139163,139174,139179,139179,139188,139201,139179,139194
139223,139237,139254,139260,139283,139230,139241,139255,139224,139234,139245,139245,139251,139259,139238,139245
139283,139299,139315,139323,139345,139291,139305,139317,139285,139296,139304,139304,139312,139321,139299,139304
139345,139358,139375,139383,139402,139352,139364,139378,139346,139356,139363,139363,139370,139383,139363,139377
139402,139419,139437,139444,139462,139411,139424,139438,139406,139416,139421,139421,139432,139443,139421,139439
139462,139478,139494,139501,139522,139471,139484,139496,139466,139476,139480,139480,139490,139500,139480,139495
139522,139538,139554,139562,139581,139531,139545,139556,139525,139535,139541,139541,139551,139561,139539,139541
139581,139596,139613,139620,139638,139589,139602,139614,139584,139593,139598,139598,139608,139619,139598,139613
139638,139654,139670,139677,139695,139647,139659,139672,139641,139651,139658,139658,139664,139677,139658,139670
139695,139710,139726,139734,139753,139703,139715,139728,139697,139707,139712,139712,139721,139734,139712,139727
139753,139768,139785,139792,139812,139761,139774,139787,139756,139766,139770,139770,139781,139792,139770,139786
139812,139828,139844,139851,139873,139821,139834,139846,139815,139825,139832,139832,139840,139850,139829,139832
139873,139889,139905,139912,139934,139882,139895,139907,139876,139886,139890,139890,139901,139911,139890,139906
139934,139949,139965,139974,139997,139942,139955,139968,139937,139947,139955,139955,139961,139973,139955,139965
139997,140012,140028,140037,140058,140005,140017,140031,140000,140010,140015,140015,140024,140036,140015,140029
140058,140073,140090,140098,140119,140067,140079,140092,140061,140071,140076,140076,140085,140098,140076,140092
140119,140134,140150,140158,140180,140127,140140,140153,140122,140132,140136,140136,140146,140157,140136,140151
140180,140195,140211,140219,140241,140189,140200,140213,140183,140193,140198,140198,140207,140218,140198,140212
140241,140257,140273,140282,140302,140250,140262,140276,140244,140254,140259,140259,140269,140281,140259,140275
140302,140318,140335,140344,140365,140311,140324,140337,140306,140316,140320,140320,140331,140341,140320,140336
140365,140380,140397,140406,140427,140374,140386,140399,140368,140378,140382,140382,140392,140404,140382,140397
140427,140442,140458,140467,140488,140435,140448,140461,140430,140440,140445,140445,140454,140466,140445,140459
140488,140503,140520,140528,140546,140497,140509,140522,140491,140501,140505,140505,140516,140526,140505,140521
140546,140562,140579,140588,140606,140555,140568,140582,140549,140559,140565,140565,140574,140587,140565,140581
140606,140621,140638,140646,140665,140614,140627,140640,140609,140619,140623,140623,140633,140645,140623,140639
140665,140681,140697,140706,140726,140674,140687,140700,140668,140678,140682,140682,140693,140704,140682,140698
140726,140741,140758,140768,140787,140735,140747,140760,140729,140739,140743,140743,140754,140768,140743,140758
140787,140802,140819,140828,140847,140795,140808,140821,140789,140799,140803,140803,140815,140827,140803,140820
140847,140863,140880,140888,140908,140856,140869,140882,140851,140861,140865,140865,140876,140887,140865,140882
140908,140923,140940,140949,140967,140917,140930,140943,140911,140921,140927,140927,140936,140948,140927,140941
140967,140982,140999,141008,141025,140975,140989,141002,140970,140979,140988,140988,140995,141006,140983,140988
141025,141040,141057,141066,141084,141034,141046,141060,141028,141038,141042,141042,141053,141065,141042,141058
141084,141099,141116,141124,141142,141092,141104,141118,141086,141096,141100,141100,141111,141122,141100,141116
141142,141158,141175,141183,141203,141151,141164,141177,141146,141155,141160,141160,141170,141182,141160,141176
141203,141218,141234,141244,141264,141211,141224,141237,141206,141216,141220,141220,141230,141244,141220,141234
141264,141279,141296,141304,141324,141272,141285,141298,141267,141277,141282,141282,141292,141303,141282,141297
141324,141340,141356,141364,141382,141333,141346,141359,141327,141337,141342,141342,141352,141363,141342,141357
141382,141398,141415,141424,141441,141391,141404,141418,141385,141395,141399,141399,141411,141423,141399,141416
141441,141457,141473,141482,141500,141450,141463,141476,141444,141454,141458,141458,141469,141483,141458,141473
141500,141516,141532,141540,141561,141509,141522,141534,141503,141513,141518,141518,141528,141538,141518,141533
141561,141577,141594,141603,141622,141570,141583,141597,141565,141575,141579,141579,141590,141602,141579,141595
141622,141638,141654,141663,141682,141631,141644,141657,141625,141635,141639,141639,141650,141662,141639,141655
141682,141698,141715,141724,141741,141690,141704,141718,141685,141695,141705,141705,141710,141724,141705,141715
141741,141757,141773,141781,141798,141749,141762,141775,141744,141754,141760,141760,141768,141780,141760,141774
141798,141813,141830,141838,141854,141806,141820,141832,141801,141811,141820,141820,141826,141837,141820,141830
141854,141869,141886,141894,141909,141862,141876,141888,141856,141867,141875,141875,141882,141892,141875,141887
141909,141924,141941,141949,141963,141917,141930,141943,141911,141921,141926,141926,141936,141948,141926,141941
141963,141978,141995,142002,142017,141971,141984,141996,141965,141975,141980,141980,141990,142001,141980,141995
142017,142032,142048,142056,142072,142025,142037,142050,142019,142029,142035,142035,142043,142056,142035,142048
142072,142087,142104,142111,142127,142080,142093,142106,142074,142084,142088,142088,142100,142112,142088,142104
142127,142143,142162,142170,142187,142136,142149,142164,142129,142141,142152,142152,142159,142168,142145,142152
142187,142201,142248,142258,142300,142194,142205,142252,142189,142198,142210,142218,142247,142256,142202,142214
142300,142313,142330,142338,142352,142307,142319,142331,142302,142311,142317,142317,142325,142335,142316,142317
142352,142367,142384,142387,142407,142362,142373,142386,142357,142366,142370,142370,142380,142387,142370,142383
142407,142428,142446,142455,142477,142422,142432,142442,142417,142426,142430,142430,142436,142442,142430,142439
142477,142492,142546,142556,142596,142550,142553,142554,142481,142489,142498,142514,142545,142554,142493,142511
142596,142625,142638,142655,142698,142616,142632,142644,142611,142621,142622,142626,142636,142644,142622,142626
142698,142749,142764,,142796,142706,142758,142789,142698,142707,142711,142748,142784,142790,142709,142743
142796,142813,142826,142840,142854,142805,142818,142829,142798,142811,142818,142818,142823,142833,142818,142828
142854,142870,142885,142896,142915,142863,142876,142892,142858,142868,142873,142873,142882,142897,142873,142892
142915,142930,142944,142951,142974,142923,142937,142948,142917,142927,142937,142937,142942,142951,142937,142946
142974,142989,143004,143014,143034,142982,142995,143007,142976,142987,142995,142995,143000,143013,142995,143004
143034,143048,143065,143073,143092,143041,143054,143067,143036,143046,143050,143050,143061,143072,143050,143066
143092,143106,143123,143130,143150,143099,143112,143125,143094,143103,143107,143107,143119,143130,143107,143124
143150,143164,143181,143189,143205,143157,143169,143183,143151,143161,143165,143165,143176,143188,143165,143181
143205,143220,143236,143244,143261,143213,143226,143238,143207,143217,143227,143227,143232,143245,143227,143236
143261,143276,143293,143300,143317,143269,143282,143295,143263,143273,143278,143278,143288,143299,143278,143293
143317,143331,143348,143355,143375,143325,143337,143350,143319,143329,143332,143332,143343,143357,143332,143348
143375,143390,143405,143412,143435,143383,143394,143408,143378,143387,143392,143392,143399,143414,143392,143404
143435,143450,143466,143474,143496,143444,143456,143468,143438,143448,143452,143452,143462,143474,143452,143466
143496,143513,143528,143535,143562,143506,143519,143530,143501,143510,143517,143517,143525,143534,143515,143517
143562,143578,143593,143601,143627,143571,143584,143596,143565,143575,143583,143583,143589,143602,143583,143593
143627,143643,143659,143668,143690,143636,143649,143663,143631,143640,143644,143644,143655,143668,143644,143662
143690,143706,143723,143730,143752,143699,143712,143726,143693,143704,143709,143709,143719,143730,143709,143725
143752,143768,143784,143791,143813,143761,143774,143786,143755,143765,143769,143769,143781,143790,143769,143785
143813,143829,143846,143854,143876,143822,143836,143849,143817,143827,143831,143831,143842,143853,143831,143848
143876,143892,143910,143918,143940,143885,143898,143912,143879,143889,143894,143894,143906,143917,143894,143911
143940,143957,143972,143979,144004,143950,143963,143974,143944,143954,143959,143959,143968,143978,143959,143973
144004,144020,144036,144044,144066,144013,144025,144039,144007,144017,144023,144023,144031,144044,144023,144038
144066,144082,144098,144108,144128,144075,144088,144102,144069,144079,144084,144084,144095,144108,144084,144099
144128,144143,144160,144169,144189,144136,144149,144163,144130,144141,144145,144145,144156,144168,144145,144162
144189,144204,144221,144230,144247,144197,144210,144223,144192,144201,144206,144206,144216,144227,144206,144221
144247,144262,144279,144288,144304,144255,144268,144281,144249,144260,144268,144268,144274,144289,144268,144278
144304,144318,144336,144345,144361,144312,144324,144339,144306,144316,144321,144321,144331,144345,144321,144337
144361,144376,144393,144400,144420,144369,144382,144395,144363,144374,144379,144379,144388,144399,144379,144394
144420,144435,144451,144458,144479,144428,144441,144453,144422,144432,144437,144437,144447,144457,144437,144452
144479,144495,144512,144520,144541,144489,144501,144514,144483,144493,144498,144498,144508,144519,144498,144514
144541,144558,144573,144582,144604,144551,144563,144576,144545,144555,144560,144560,144570,144581,144560,144575
144604,144620,144636,144645,144667,144613,144626,144639,144608,144618,144622,144622,144632,144644,144622,144638
144667,144683,144699,144708,144729,144676,144689,144702,144671,144681,144689,144689,144695,144707,144689,144700
144729,144745,144761,144770,144790,144738,144751,144764,144732,144742,144750,144750,144757,144769,144750,144762
144790,144805,144821,144829,144850,144798,144810,144823,144792,144802,144806,144806,144817,144827,144806,144822
144850,144866,144882,144890,144913,144859,144872,144884,144853,144863,144867,144867,144878,144889,144867,144883
144913,144929,144945,144955,144977,144922,144935,144948,144917,144926,144934,144934,144941,144955,144930,144934
144977,144993,145009,145017,145040,144986,144999,145011,144980,144990,144997,144997,145005,145016,144994,144997
145040,145055,145072,145080,145102,145048,145061,145074,145043,145053,145057,145057,145068,145078,145057,145073
145102,145118,145133,145140,145162,145111,145123,145136,145105,145115,145119,145119,145129,145143,145119,145132
145162,145178,145194,145201,145220,145171,145185,145195,145165,145175,145182,145182,145190,145199,145178,145182
145220,145236,145254,145261,145280,145229,145242,145255,145224,145234,145238,145238,145250,145260,145238,145255
145280,145295,145311,145318,145338,145287,145301,145313,145282,145292,145302,145302,145307,145318,145302,145312
145338,145353,145367,145377,145393,145346,145358,145371,145340,145351,145356,145356,145362,145371,145356,145365
145393,145414,145428,145436,145489,145405,145420,145432,145399,145410,145420,145420,145425,145437,145420,145431
145489,145535,145551,145557,145582,145528,145543,145556,145523,145533,145542,145542,145550,145560,145542,145555
145582,145598,145612,145624,145641,145591,145603,145617,145585,145595,145599,145599,145610,145623,145599,145615
145641,145659,145673,145682,145703,145651,145665,145677,145646,145656,145665,145665,145671,145682,145665,145676
145703,145718,145732,145744,145761,145712,145724,145737,145706,145716,145722,145722,145730,145744,145722,145735
145761,145777,145794,145803,145820,145770,145783,145796,145764,145774,145779,145779,145790,145801,145779,145795
145820,145835,145851,145859,145879,145828,145841,145854,145822,145832,145837,145837,145847,145859,145837,145852
145879,145895,145910,145919,145940,145888,145901,145913,145882,145892,145897,145897,145906,145919,145897,145911
145940,145956,145973,145981,146003,145949,145963,145976,145944,145953,145957,145957,145969,145981,145957,145975
146003,146020,146035,146044,146067,146013,146026,146039,146007,146017,146023,146023,146032,146045,146021,146023
146067,146084,146099,146111,146133,146077,146090,146105,146071,146081,146086,146086,146096,146111,146086,146099
146133,146148,146165,146172,146194,146141,146154,146167,146135,146145,146151,146151,146161,146171,146151,146166
146194,146210,146226,146236,146253,146202,146216,146231,146196,146207,146215,146215,146220,146237,146215,146223
146253,146269,146285,146292,146313,146262,146275,146288,146256,146266,146272,146272,146280,146296,146272,146285
146313,146329,146345,146352,146373,146322,146334,146348,146316,146326,146331,146331,146340,146353,146331,146347
146373,146390,146405,146414,146436,146383,146396,146408,146377,146388,146394,146394,146401,146414,146394,146405
146436,146452,146469,146478,146499,146446,146458,146473,146440,146450,146455,146455,146464,146479,146455,146471
146499,146516,146533,146541,146562,146509,146521,146535,146503,146513,146518,146518,146529,146540,146518,146535
146562,146580,146596,146604,146627,146573,146586,146599,146568,146578,146582,146582,146592,146604,146582,146598
146627,146644,146661,146669,146689,146637,146650,146664,146631,146642,146647,146647,146656,146668,146647,146663
146689,146705,146722,146729,146749,146698,146712,146724,146693,146703,146707,146707,146718,146728,146707,146723
146749,146765,146781,146789,146810,146758,146770,146784,146752,146763,146767,146767,146776,146789,146767,146783
146810,146826,146842,146850,146873,146819,146832,146845,146814,146823,146827,146827,146838,146850,146827,146843
146873,146889,146905,146914,146937,146882,146894,146908,146877,146887,146891,146891,146901,146914,146891,146906
146937,146954,146970,146979,147002,146947,146960,146973,146941,146951,146956,146956,146967,146978,146956,146972
147002,147019,147035,147045,147067,147012,147025,147038,147006,147016,147020,147020,147031,147044,147020,147036
147067,147082,147100,147110,147128,147076,147089,147103,147070,147080,147090,147090,147096,147109,147083,147090
147128,147144,147161,147170,147187,147137,147151,147164,147131,147142,147149,147149,147157,147170,147149,147162
147187,147203,147219,147228,147246,147196,147209,147222,147190,147200,147206,147206,147215,147227,147206,147220
147246,147261,147278,147286,147306,147255,147267,147280,147249,147259,147265,147265,147273,147286,147265,147278
147306,147322,147338,147347,147369,147315,147328,147341,147309,147320,147325,147325,147335,147345,147325,147340
147369,147385,147401,147410,147431,147378,147390,147404,147372,147382,147387,147387,147397,147409,147387,147403
147431,147448,147464,147473,147494,147441,147454,147467,147435,147445,147449,147449,147460,147472,147449,147465
147494,147510,147526,147536,147557,147503,147517,147530,147498,147507,147514,147514,147523,147535,147511,147514
147557,147574,147590,147598,147618,147566,147581,147593,147560,147571,147581,147581,147586,147598,147581,147591
147618,147634,147650,147657,147677,147627,147640,147653,147621,147631,147638,147638,147646,147657,147636,147638
147677,147693,147709,147718,147737,147685,147699,147713,147679,147690,147698,147698,147704,147719,147698,147710
147737,147753,147770,147776,147798,147746,147759,147772,147739,147750,147754,147754,147766,147777,147754,147771
147798,147814,147829,147833,147861,147808,147820,147832,147802,147812,147817,147817,147825,147834,147817,147829
147861,147877,147893,147900,147925,147870,147883,147895,147864,147874,147883,147883,147889,147900,147883,147894
147925,147942,147957,147966,147989,147934,147948,147960,147928,147938,147947,147947,147953,147966,147947,147959
147989,148006,148022,148030,148051,147998,148011,148025,147992,148003,148009,148009,148016,148031,148009,148025
148051,148068,148084,148092,148110,148061,148074,148087,148054,148066,148072,148072,148079,148092,148072,148085
148110,148127,148143,148147,148171,148120,148134,148146,148114,148124,148130,148130,148139,148151,148130,148144
148171,148191,148205,148211,148236,148181,148196,148207,148175,148186,148193,148193,148201,148212,148193,148207
148236,148250,148267,148275,148295,148243,148256,148269,148237,148247,148255,148255,148263,148273,148252,148255
148295,148313,148328,148338,148358,148305,148319,148332,148299,148309,148314,148314,148324,148338,148314,148329
148358,148373,148389,148396,148418,148366,148380,148393,148360,148371,148377,148377,148385,148401,148375,148377
148418,148434,148450,148459,148479,148427,148440,148453,148421,148431,148435,148435,148446,148461,148435,148451
148479,148494,148511,148519,148538,148487,148501,148513,148482,148491,148500,148500,148507,148517,148495,148500
148538,148553,148571,148577,148594,148546,148560,148574,148540,148551,148558,148558,148565,148578,148558,148572
148594,148611,148626,148640,148656,148603,148617,148635,148598,148608,148617,148617,148622,148640,148617,148626
148656,148671,148687,148694,148715,148663,148678,148689,148658,148668,148674,148674,148684,148694,148671,148674
148715,148734,148749,148758,148782,148727,148740,148752,148721,148731,148737,148737,148746,148757,148736,148737
148782,148799,148815,148824,148847,148792,148805,148818,148786,148796,148800,148800,148812,148823,148800,148817
148847,148865,148881,148890,148914,148858,148871,148884,148853,148863,148867,148867,148877,148889,148867,148882
148914,148931,148947,148955,148978,148923,148937,148949,148918,148928,148934,148934,148943,148954,148931,148934
148978,148995,149011,149020,149042,148988,149002,149014,148982,148992,149001,149001,149008,149018,148996,149001
149042,149058,149075,149084,149103,149051,149064,149077,149045,149055,149065,149065,149072,149082,149059,149065
149103,149118,149135,149144,149161,149111,149124,149137,149106,149116,149120,149120,149131,149144,149120,149136
149161,149177,149194,149201,149223,149170,149184,149196,149165,149174,149184,149184,149190,149201,149178,149184
149223,149239,149256,149264,149286,149232,149244,149258,149226,149236,149240,149240,149252,149264,149240,149257
149286,149303,149319,149329,149352,149296,149309,149322,149290,149300,149305,149305,149316,149327,149305,149321
149352,149368,149384,149394,149416,149361,149374,149387,149355,149365,149369,149369,149380,149393,149369,149386
149416,149433,149449,149459,149481,149426,149439,149453,149420,149430,149435,149435,149445,149458,149435,149452
149481,149496,149514,149523,149541,149489,149502,149516,149484,149493,149498,149498,149509,149521,149498,149515
149541,149557,149574,149582,149601,149550,149563,149577,149544,149555,149559,149559,149570,149581,149559,149575
149601,149617,149634,149642,149660,149610,149623,149636,149605,149614,149618,149618,149630,149641,149618,149635
149660,149676,149692,149700,149718,149669,149682,149694,149663,149673,149677,149677,149688,149699,149677,149693
149718,149734,149751,149759,149779,149727,149740,149753,149722,149732,149736,149736,149747,149758,149736,149752
149779,149795,149811,149819,149840,149788,149801,149813,149782,149792,149796,149796,149807,149818,149796,149811
149840,149856,149873,149882,149903,149849,149863,149876,149844,149854,149862,149862,149869,149881,149857,149862
149903,149919,149935,149944,149967,149912,149924,149938,149906,149916,149921,149921,149931,149943,149921,149937
149967,149983,149999,150009,150032,149976,149989,150002,149971,149981,149986,149986,149995,150008,149986,150000
150032,150049,150065,150073,150097,150042,150055,150068,150036,150046,150050,150050,150061,150073,150050,150067
150097,150113,150130,150139,150160,150106,150120,150133,150101,150110,150118,150118,150126,150138,150114,150118
150160,150176,150193,150202,150219,150169,150182,150195,150163,150173,150178,150178,150188,150200,150178,150194
150219,150234,150252,150262,150278,150227,150241,150255,150222,150232,150237,150237,150247,150261,150237,150253
150278,150293,150310,150318,150336,150286,150299,150313,150280,150290,150294,150294,150306,150318,150294,150311
150336,150352,150369,150378,150396,150345,150358,150372,150339,150349,150353,150353,150365,150378,150353,150370
150396,150411,150428,150438,150455,150405,150418,150431,150399,150409,150417,150417,150424,150437,150413,150417
150455,150471,150488,150497,150514,150464,150477,150490,150458,150468,150473,150473,150484,150496,150473,150489
150514,150530,150547,150556,150573,150523,150536,150550,150517,150527,150534,150534,150542,150555,150534,150548
150573,150588,150605,150613,150628,150581,150594,150606,150575,150585,150592,150592,150600,150611,150591,150592
150628,150643,150660,150669,150683,150636,150649,150662,150631,150641,150647,150647,150655,150668,150647,150660
150683,150697,150715,150723,150738,150691,150704,150717,150685,150695,150699,150699,150710,150721,150699,150715
150738,150753,150770,150779,150795,150747,150759,150773,150741,150751,150756,150756,150766,150778,150756,150771
150795,150810,150827,150836,150853,150804,150816,150829,150798,150808,150812,150812,150823,150834,150812,150828
150853,150868,150885,150894,150911,150862,150874,150887,150856,150866,150870,150870,150881,150892,150870,150886
150911,150927,150944,150952,150970,150920,150933,150946,150914,150924,150929,150929,150940,150950,150929,150944
150970,150985,151003,151012,151027,150978,150991,151005,150973,150983,150987,150987,150998,151010,150987,151004
151027,151042,151060,151069,151083,151035,151048,151063,151030,151040,151045,151045,151054,151068,151045,151059
151083,151099,151116,151124,151142,151092,151105,151119,151086,151096,151101,151101,151112,151124,151101,151117
151142,151157,151174,151181,151200,151150,151163,151176,151144,151154,151159,151159,151169,151181,151159,151174
151200,151215,151232,151240,151258,151208,151222,151234,151202,151212,151222,151222,151228,151239,151222,151233
151258,151273,151290,151298,151315,151266,151279,151292,151261,151270,151274,151274,151285,151297,151274,151290
151315,151331,151348,151356,151373,151324,151336,151350,151319,151328,151333,151333,151344,151354,151333,151349
151373,151388,151406,151414,151429,151381,151395,151408,151376,151386,151393,151393,151401,151412,151389,151393
151429,151443,151462,151470,151483,151437,151450,151464,151431,151441,151445,151445,151457,151469,151445,151463
151483,151497,151516,151523,151536,151491,151504,151517,151485,151495,151504,151504,151511,151522,151499,151504
151536,151552,151568,151576,151591,151544,151559,151570,151539,151549,151554,151554,151564,151574,151552,151554
151591,151606,151623,151632,151647,151599,151612,151625,151593,151604,151612,151612,151618,151631,151612,151622
151647,151662,151678,151687,151703,151655,151668,151680,151649,151660,151667,151667,151674,151685,151667,151678
151703,151718,151735,151744,151761,151712,151724,151738,151706,151716,151721,151721,151731,151743,151721,151736
151761,151776,151793,151802,151818,151769,151782,151796,151764,151774,151779,151779,151789,151800,151779,151794
151818,151833,151850,151859,151874,151827,151840,151853,151821,151831,151836,151836,151846,151858,151836,151851
151874,151889,151906,151915,151931,151882,151895,151908,151877,151887,151891,151891,151902,151913,151891,151906
151931,151946,151963,151971,151988,151939,151952,151965,151933,151943,151948,151948,151958,151970,151948,151963
151988,152003,152020,152028,152047,151997,152009,152023,151991,152001,152005,152005,152016,152027,152005,152021
152047,152063,152079,152088,152108,152056,152069,152082,152051,152060,152064,152064,152076,152086,152064,152080
152108,152123,152140,152148,152167,152116,152129,152142,152111,152120,152125,152125,152135,152146,152125,152140
152167,152183,152200,152209,152227,152176,152189,152202,152171,152180,152189,152189,152196,152207,152184,152189
152227,152243,152260,152269,152285,152236,152249,152262,152230,152240,152248,152248,152255,152267,152245,152248
152285,152300,152317,152326,152341,152293,152306,152320,152288,152298,152302,152302,152313,152325,152302,152318
152341,152356,152373,152382,152398,152349,152363,152376,152344,152354,152358,152358,152369,152381,152358,152374
152398,152413,152430,152439,152457,152407,152419,152433,152401,152411,152415,152415,152426,152438,152415,152430
152457,152472,152488,152497,152516,152465,152478,152490,152460,152469,152477,152477,152484,152495,152473,152477
152516,152532,152549,152557,152577,152525,152538,152551,152519,152529,152533,152533,152545,152556,152533,152550
152577,152592,152609,152617,152637,152585,152598,152611,152580,152590,152594,152594,152605,152616,152594,152610
152637,152653,152669,152679,152697,152646,152659,152672,152640,152650,152656,152656,152665,152677,152656,152670
152697,152712,152729,152739,152756,152705,152718,152732,152700,152709,152717,152717,152725,152737,152714,152717
152756,152771,152788,152796,152812,152764,152777,152790,152758,152768,152774,152774,152783,152796,152773,152774
152812,152827,152844,152852,152868,152820,152833,152846,152815,152825,152830,152830,152839,152850,152830,152844
152868,152883,152900,152909,152926,152876,152889,152903,152871,152881,152885,152885,152896,152909,152885,152900
152926,152941,152958,152966,152986,152935,152947,152960,152929,152939,152943,152943,152954,152965,152943,152959
152986,153001,153018,153026,153047,152995,153007,153020,152989,152999,153003,153003,153014,153025,153003,153019
153047,153063,153080,153088,153111,153057,153069,153083,153051,153061,153065,153065,153076,153087,153065,153081
153111,153126,153143,153152,153173,153120,153133,153146,153114,153124,153128,153128,153140,153151,153128,153145
153173,153189,153206,153215,153235,153182,153194,153209,153177,153186,153191,153191,153202,153213,153191,153208
153235,153251,153268,153277,153296,153244,153257,153271,153239,153248,153252,153252,153264,153275,153252,153269
153296,153311,153328,153337,153354,153304,153317,153330,153299,153309,153313,153313,153324,153335,153313,153328
153354,153369,153386,153396,153411,153362,153376,153389,153357,153367,153376,153376,153382,153395,153376,153386
153411,153427,153443,153452,153469,153420,153433,153446,153414,153424,153430,153430,153439,153450,153430,153444
153469,153485,153501,153510,153528,153478,153491,153504,153472,153482,153487,153487,153497,153508,153487,153502
153528,153543,153560,153569,153587,153537,153550,153563,153531,153541,153545,153545,153556,153568,153545,153561
153587,153603,153619,153629,153646,153596,153609,153622,153590,153600,153607,153607,153615,153627,153604,153607
153646,153661,153678,153687,153704,153654,153667,153681,153649,153659,153665,153665,153674,153686,153664,153665
153704,153720,153737,153745,153762,153713,153726,153739,153708,153717,153721,153721,153732,153743,153721,153737
153762,153777,153794,153803,153819,153771,153784,153797,153765,153775,153782,153782,153790,153802,153780,153782
153819,153834,153851,153859,153875,153827,153840,153853,153822,153831,153835,153835,153847,153858,153835,153851
153875,153890,153907,153915,153931,153883,153897,153910,153877,153887,153894,153894,153903,153915,153891,153894
153931,153947,153963,153972,153991,153940,153953,153966,153935,153945,153953,153953,153959,153973,153953,153963
153991,154006,154022,154030,154051,153999,154012,154024,153994,154003,154012,154012,154018,154028,154012,154022
154051,154066,154083,154090,154111,154059,154072,154085,154054,154064,154070,154070,154078,154089,154070,154083
154111,154127,154144,154152,154171,154120,154133,154146,154114,154124,154129,154129,154139,154151,154129,154144
154171,154187,154203,154211,154230,154180,154193,154206,154174,154184,154190,154190,154199,154211,154190,154204
154230,154246,154263,154271,154288,154239,154252,154265,154233,154243,154248,154248,154259,154270,154248,154264
154288,154303,154320,154328,154344,154296,154309,154322,154291,154300,154309,154309,154316,154327,154304,154309
154344,154359,154376,154384,154401,154352,154365,154378,154347,154357,154361,154361,154372,154384,154361,154377
154401,154416,154432,154440,154458,154409,154422,154434,154403,154414,154420,154420,154428,154440,154420,154433
154458,154473,154490,154497,154516,154466,154479,154492,154461,154471,154475,154475,154485,154496,154475,154490
154516,154532,154548,154556,154575,154525,154537,154550,154519,154529,154534,154534,154543,154556,154534,154548
154575,154590,154607,154616,154635,154584,154596,154610,154578,154588,154592,154592,154602,154615,154592,154607
154635,154650,154667,154675,154694,154643,154656,154669,154638,154648,154652,154652,154662,154673,154652,154667
154694,154709,154726,154734,154752,154702,154715,154729,154697,154707,154711,154711,154722,154735,154711,154727
154752,154767,154784,154792,154808,154760,154773,154786,154755,154765,154769,154769,154779,154792,154769,154784
154808,154823,154840,154847,154864,154816,154829,154842,154811,154820,154825,154825,154836,154846,154825,154840
154864,154879,154896,154903,154921,154872,154885,154898,154867,154877,154881,154881,154891,154903,154881,154896
154921,154937,154953,154962,154981,154930,154943,154956,154925,154935,154939,154939,154949,154960,154939,154954
154981,154997,155013,155022,155043,154990,155003,155016,154985,154995,155000,155000,155008,155022,155000,155013
155043,155059,155076,155085,155106,155053,155065,155079,155048,155057,155061,155061,155072,155084,155061,155077
155106,155122,155138,155147,155169,155115,155128,155141,155110,155120,155128,155128,155135,155146,155124,155128
155169,155185,155202,155210,155230,155179,155191,155204,155173,155183,155188,155188,155198,155209,155188,155203
155230,155246,155263,155271,155288,155239,155252,155265,155234,155243,155248,155248,155258,155269,155248,155263
155288,155303,155320,155329,155345,155297,155309,155322,155291,155301,155306,155306,155316,155327,155306,155321
155345,155359,155377,155385,155400,155353,155366,155379,155347,155357,155361,155361,155372,155383,155361,155377
155400,155414,155432,155441,155456,155408,155421,155434,155402,155412,155416,155416,155427,155439,155416,155432
155456,155471,155487,155496,155514,155464,155477,155490,155459,155468,155475,155475,155483,155495,155475,155487
155514,155530,155547,155554,155573,155522,155536,155549,155517,155526,155535,155535,155543,155553,155530,155535
155573,155588,155605,155613,155633,155582,155593,155608,155576,155586,155590,155590,155600,155613,155590,155607
155633,155647,155663,155670,155688,155640,155652,155664,155634,155643,155652,155652,155659,155668,155647,155652
155688,155704,155720,155725,155740,155698,155710,155721,155693,155702,155707,155707,155716,155724,155706,155707
155740,155761,155778,155787,155805,155755,155766,155780,155750,155759,155770,155770,155776,155784,155763,155770
155805,155821,155836,155846,155864,155814,155828,155838,155807,155819,155829,155829,155833,155841,155829,155836
155864,155879,155897,155906,155923,155873,155885,155899,155867,155876,155880,155880,155893,155906,155880,155899
155923,155939,155956,155964,155985,155933,155944,155957,155928,155937,155942,155942,155952,155962,155942,155958
155985,155999,156031,156017,156045,155993,156004,156016,155987,155997,156002,156002,156009,156021,156002,156016
156045,156061,156084,156091,156107,156053,156066,156076,156046,156059,156064,156064,156069,156076,156064,156072
156107,156122,156138,156145,156169,156114,156127,156139,156108,156118,156124,156124,156134,156144,156124,156139
156169,156185,156198,156204,156231,156177,156190,156199,156171,156181,156190,156190,156194,156202,156190,156198
156231,156248,156262,156266,156294,156240,156254,156265,156235,156245,156254,156254,156259,156267,156254,156262
156294,156311,156327,156334,156358,156304,156316,156329,156298,156309,156314,156314,156322,156333,156314,156329
156358,156374,156390,156397,156418,156367,156379,156393,156361,156371,156377,156377,156385,156399,156377,156390
156418,156435,156452,156460,156481,156429,156441,156455,156423,156433,156437,156437,156448,156459,156437,156453
156481,156497,156512,156519,156541,156490,156502,156515,156484,156494,156499,156499,156507,156523,156499,156512
156541,156557,156573,156580,156600,156549,156562,156575,156544,156554,156561,156561,156568,156580,156561,156573
156600,156616,156632,156640,156658,156608,156622,156635,156603,156613,156621,156621,156627,156643,156621,156632
156658,156673,156691,156698,156717,156666,156679,156693,156660,156671,156676,156676,156685,156699,156676,156692
156717,156732,156748,156755,156776,156725,156739,156750,156720,156730,156736,156736,156744,156753,156734,156736
156776,156792,156808,156816,156838,156786,156797,156811,156780,156790,156795,156795,156803,156817,156795,156808
156838,156854,156870,156878,156900,156847,156859,156873,156842,156852,156857,156857,156866,156877,156857,156872
156900,156916,156933,156941,156962,156909,156922,156936,156903,156914,156918,156918,156929,156941,156918,156936
156962,156978,156994,157003,157026,156971,156984,156997,156966,156976,156980,156980,156990,157004,156980,156995
157026,157042,157058,157067,157089,157035,157048,157061,157030,157039,157043,157043,157054,157066,157043,157060
157089,157105,157121,157129,157149,157098,157111,157124,157092,157102,157110,157110,157117,157129,157110,157122
157149,157164,157181,157188,157208,157158,157170,157183,157152,157162,157166,157166,157177,157187,157166,157181
157208,157223,157240,157247,157266,157216,157229,157242,157211,157220,157224,157224,157236,157247,157224,157241
157266,157282,157298,157306,157325,157275,157287,157300,157270,157279,157283,157283,157294,157306,157283,157299
157325,157340,157357,157366,157384,157333,157346,157359,157328,157337,157341,157341,157353,157365,157341,157358
157384,157400,157416,157424,157445,157393,157406,157418,157388,157397,157401,157401,157412,157423,157401,157417
157445,157461,157477,157485,157505,157454,157466,157479,157448,157458,157463,157463,157472,157483,157463,157477
157505,157520,157536,157544,157564,157514,157526,157538,157508,157518,157523,157523,157532,157543,157523,157537
157564,157579,157595,157603,157621,157572,157585,157597,157567,157577,157581,157581,157591,157603,157581,157596
157621,157636,157653,157660,157676,157629,157642,157655,157623,157633,157637,157637,157648,157659,157637,157653
157676,157690,157708,157716,157730,157684,157696,157709,157678,157688,157692,157692,157703,157714,157692,157708
157730,157744,157762,157769,157784,157738,157750,157763,157732,157742,157746,157746,157757,157768,157746,157762
157784,157799,157816,157825,157842,157792,157805,157819,157787,157797,157801,157801,157812,157824,157801,157817
157842,157856,157874,157882,157898,157850,157862,157876,157844,157854,157860,157860,157868,157881,157860,157875
157898,157913,157929,157936,157954,157906,157918,157931,157901,157911,157915,157915,157924,157937,157915,157929
157954,157969,157986,157993,158010,157962,157975,157988,157956,157967,157972,157972,157981,157995,157972,157985
158010,158025,158043,158051,158067,158018,158031,158046,158013,158022,158026,158026,158039,158052,158026,158045
158067,158083,158099,158108,158125,158076,158089,158101,158070,158080,158085,158085,158095,158105,158085,158100
158125,158140,158157,158165,158182,158133,158146,158159,158127,158138,158145,158145,158152,158165,158145,158157
158182,158197,158214,158221,158240,158190,158204,158215,158185,158195,158202,158202,158210,158220,158198,158202
158240,158255,158271,158279,158296,158248,158261,158273,158242,158252,158260,158260,158267,158276,158256,158260
158296,158311,158327,158336,158355,158304,158317,158329,158299,158309,158317,158317,158323,158335,158317,158327
158355,158369,158386,158394,158412,158362,158375,158388,158357,158366,158371,158371,158382,158393,158371,158387
158412,158426,158445,158450,158466,158420,158432,158446,158414,158424,158429,158429,158439,158450,158429,158446
158466,158482,158498,158504,158524,158475,158488,158500,158469,158480,158487,158487,158493,158505,158487,158498
158524,158539,158555,158561,158581,158532,158545,158556,158526,158536,158546,158546,158550,158560,158546,158554
158581,158597,158612,158621,158642,158590,158602,158615,158584,158594,158599,158599,158608,158620,158599,158613
158642,158657,158673,158680,158704,158650,158662,158675,158645,158655,158660,158660,158668,158680,158660,158673
158704,158719,158735,158743,158764,158712,158724,158738,158706,158716,158722,158722,158730,158743,158722,158737
158764,158780,158796,158804,158825,158773,158786,158798,158767,158777,158781,158781,158792,158803,158781,158797
158825,158840,158857,158866,158883,158833,158845,158860,158828,158838,158842,158842,158852,158867,158842,158857
158883,158899,158916,158925,158941,158892,158905,158919,158887,158896,158900,158900,158912,158924,158900,158917
158941,158956,158973,158981,158997,158949,158963,158975,158944,158954,158958,158958,158969,158980,158958,158973
158997,159012,159028,159035,159053,159005,159018,159030,159000,159009,159017,159017,159024,159035,159013,159017
159053,159068,159085,159093,159110,159061,159074,159087,159056,159065,159072,159072,159080,159092,159070,159072
159110,159126,159142,159150,159169,159119,159131,159144,159113,159123,159129,159129,159137,159150,159129,159142
159169,159184,159200,159208,159228,159178,159190,159202,159172,159182,159186,159186,159196,159207,159186,159201
159228,159244,159260,159269,159289,159237,159250,159263,159232,159242,159246,159246,159256,159267,159246,159261
159289,159304,159321,159329,159346,159297,159310,159323,159292,159302,159307,159307,159316,159328,159307,159321
159346,159361,159377,159385,159401,159354,159366,159380,159348,159359,159365,159365,159372,159385,159365,159377
159401,159416,159433,159440,159455,159409,159421,159435,159403,159413,159420,159420,159427,159440,159420,159434
159455,159470,159487,159495,159510,159463,159476,159489,159457,159467,159473,159473,159481,159495,159473,159488
159510,159525,159541,159544,159565,159518,159529,159543,159512,159522,159527,159527,159533,159548,159527,159537
159565,159580,159596,159604,159624,159573,159586,159598,159568,159577,159581,159581,159592,159602,159581,159597
159624,159637,159654,159662,159683,159631,159643,159655,159626,159635,159639,159639,159649,159660,159639,159654
159683,159697,159749,159759,159834,159690,159702,159753,159685,159694,159709,159721,159748,159756,159697,159714
159834,159881,159896,159901,159927,159876,159886,159900,159871,159879,159888,159888,159895,159905,159883,159888
159927,159940,159958,159974,160044,159935,159945,159961,159930,159939,159947,159949,159956,159964,159942,159949
160044,160061,160103,160116,160154,160052,160067,160109,160046,160060,160070,160084,160102,160116,160065,160081
160154,160167,160179,160189,160204,160161,160172,160188,160156,160166,160171,160171,160177,160193,160171,160180
160204,160220,160239,160241,160256,160213,160226,160240,160206,160220,160225,160225,160230,160245,160225,160232
160256,160271,160289,160294,160306,160264,160276,160290,160257,160270,160276,160276,160281,160294,160276,160291
160306,160323,160342,160349,160363,160316,160331,160344,160311,160320,160326,160326,160338,160348,160323,160326
160363,160376,160393,160404,160421,160370,160383,160395,160364,160373,160379,160379,160389,160398,160377,160379
160421,160439,160454,160462,160487,160431,160445,160458,160426,160435,160443,160443,160451,160462,160439,160443
160487,160502,160518,160529,160551,160495,160508,160522,160489,160500,160506,160506,160513,160529,160506,160519
160551,160567,160584,160591,160616,160560,160572,160587,160554,160564,160569,160569,160580,160591,160569,160586
160616,160632,160648,160657,160680,160625,160637,160651,160620,160630,160635,160635,160643,160657,160635,160649
160680,160696,160712,160722,160744,160689,160702,160716,160684,160694,160698,160698,160708,160721,160698,160714
160744,160759,160778,160787,160804,160753,160765,160780,160747,160757,160762,160762,160770,160785,160762,160781
160804,160819,160836,160844,160859,160812,160825,160839,160806,160816,160824,160824,160830,160844,160824,160833
160859,160874,160892,160895,160913,160867,160880,160894,160862,160872,160880,160880,160886,160899,160880,160893
160913,160927,160946,160948,160966,160921,160933,160947,160915,160925,160930,160930,160940,160953,160930,160946
160966,160980,160998,161001,161018,160973,160986,161000,160968,160978,160982,160982,160993,161004,160982,160998
161018,161032,161050,161056,161070,161025,161038,161051,161020,161029,161034,161034,161044,161056,161034,161049
161070,161085,161101,161108,161125,161078,161091,161103,161072,161082,161091,161091,161097,161107,161091,161102
161125,161140,161157,161165,161183,161133,161146,161159,161127,161137,161144,161144,161152,161164,161141,161144
161183,161197,161215,161222,161242,161191,161203,161217,161185,161195,161199,161199,161211,161222,161199,161216
161242,161257,161274,161280,161303,161250,161263,161275,161244,161254,161258,161258,161270,161279,161258,161275
161303,161319,161336,161345,161368,161312,161325,161339,161307,161316,161320,161320,161332,161343,161320,161337
161368,161383,161399,161409,161429,161376,161389,161403,161370,161381,161388,161388,161394,161409,161388,161398
161429,161445,161461,161473,161491,161438,161450,161465,161433,161443,161447,161447,161457,161471,161447,161462
161491,161506,161523,161531,161551,161499,161512,161525,161494,161503,161510,161510,161518,161530,161510,161525
161551,161566,161582,161592,161606,161559,161572,161585,161553,161563,161572,161572,161577,161591,161572,161582
161606,161620,161638,161646,161660,161614,161627,161640,161608,161618,161627,161627,161632,161646,161627,161637
161660,161674,161692,161698,161711,161667,161681,161693,161661,161672,161681,161681,161687,161697,161681,161692
161711,161726,161745,161747,161763,161719,161732,161746,161713,161724,161729,161729,161740,161750,161729,161746
161763,161777,161795,161801,161815,161770,161784,161796,161765,161774,161783,161783,161791,161800,161778,161783
161815,161829,161848,161851,161868,161822,161835,161850,161817,161827,161833,161833,161841,161854,161833,161850
161868,161882,161900,161908,161923,161875,161889,161903,161870,161879,161885,161885,161894,161908,161883,161885
161923,161938,161956,161964,161980,161931,161943,161958,161926,161935,161939,161939,161950,161963,161939,161957
161980,161995,162012,162021,162039,161988,162000,162014,161982,161992,161996,161996,162008,162019,161996,162013
162039,162053,162071,162079,162099,162047,162060,162073,162042,162051,162060,162060,162067,162079,162055,162060
162099,162114,162131,162139,162157,162107,162120,162133,162102,162111,162116,162116,162127,162138,162116,162132
162157,162172,162190,162200,162216,162166,162178,162193,162161,162170,162174,162174,162186,162198,162174,162192
162216,162230,162248,162258,162274,162224,162237,162251,162219,162228,162236,162236,162244,162256,162231,162236
162274,162288,162307,162316,162330,162282,162295,162309,162276,162286,162290,162290,162302,162314,162290,162307
162330,162344,162362,162364,162382,162337,162350,162363,162331,162341,162349,162349,162356,162368,162349,162362
162382,162396,162415,162418,162433,162389,162403,162417,162384,162393,162402,162402,162410,162422,162397,162402
162433,162448,162466,162468,162484,162441,162454,162467,162435,162445,162453,162453,162461,162472,162453,162466
162484,162498,162516,162522,162534,162491,162504,162517,162486,162495,162504,162504,162511,162521,162499,162504
162534,162548,162587,162598,162635,162541,162553,162591,162536,162546,162560,162572,162586,162596,162550,162565
162635,162648,162667,162668,162686,162642,162654,162667,162636,162646,162651,162651,162661,162672,162651,162666
162686,162700,162717,162724,162738,162693,162706,162718,162688,162697,162707,162707,162712,162722,162707,162716
162738,162752,162770,162773,162791,162746,162758,162772,162740,162750,162754,162754,162765,162782,162754,162770
162791,162804,162848,162858,162896,162798,162812,162852,162792,162801,162818,162837,162846,162856,162804,162823
162896,162912,162929,162935,162950,162905,162919,162930,162899,162909,162917,162917,162926,162934,162912,162917
162950,162966,163011,163021,163059,162959,162972,163015,162954,162964,162978,162988,163009,163019,162968,162983
163059,163075,163091,163098,163112,163068,163081,163097,163063,163073,163080,163080,163086,163103,163080,163089
163112,163126,163145,163147,163163,163120,163132,163146,163114,163124,163129,163129,163140,163150,163129,163146
163163,163177,163196,163197,163212,163171,163183,163196,163165,163175,163178,163178,163191,163201,163178,163196
163212,163226,163245,163246,163262,163220,163232,163245,163214,163225,163230,163230,163239,163253,163230,163244
163262,163276,163295,163297,163311,163269,163282,163296,163263,163274,163280,163280,163287,163302,163280,163295
163311,163325,163343,163344,163359,163319,163331,163343,163313,163324,163330,163330,163336,163347,163330,163341
163359,163375,163392,163395,163410,163368,163381,163394,163363,163373,163378,163378,163387,163397,163378,163391
163410,163424,163444,163446,163461,163418,163430,163445,163412,163422,163428,163428,163435,163450,163428,163445
163461,163476,163495,163502,163515,163470,163482,163497,163464,163474,163479,163479,163488,163501,163479,163497
163515,163529,163546,163553,163567,163522,163534,163547,163517,163526,163530,163530,163541,163551,163530,163546
163567,163581,163599,163602,163620,163575,163587,163601,163569,163579,163584,163584,163593,163612,163584,163598
163620,163634,163653,163657,163673,163628,163641,163656,163622,163632,163640,163640,163647,163664,163636,163640
163673,163687,163705,163714,163727,163680,163693,163707,163675,163685,163691,163691,163700,163711,163691,163705
163727,163740,163760,163762,163779,163733,163746,163761,163728,163738,163744,163744,163752,163766,163744,163761
163779,163793,163812,163815,163830,163786,163800,163814,163781,163790,163798,163798,163806,163822,163794,163798
163830,163844,163863,163865,163879,163837,163850,163864,163832,163842,163849,163849,163857,163868,163849,163862
163879,163894,163912,163914,163929,163887,163900,163913,163882,163891,163897,163897,163906,163921,163895,163897
163929,163943,163963,163964,163977,163936,163950,163963,163930,163940,163950,163950,163958,163968,163944,163950
163977,163992,164010,164012,164026,163985,163999,164011,163979,163990,163999,163999,164004,164017,163999,164010
164026,164040,164059,164060,164074,164033,164047,164059,164027,164038,164044,164044,164053,164065,164042,164044
164074,164089,164107,164109,164124,164082,164094,164108,164076,164087,164092,164092,164101,164115,164092,164106
164124,164137,164155,164157,164173,164131,164143,164156,164125,164136,164142,164142,164149,164165,164142,164153
164173,164187,164205,164207,164224,164180,164193,164206,164174,164184,164190,164190,164200,164211,164190,164205
164224,164237,164256,164258,164275,164231,164244,164257,164225,164235,164239,164239,164250,164261,164239,164255
164275,164288,164307,164309,164326,164282,164294,164308,164277,164286,164294,164294,164301,164314,164294,164306
164326,164339,164380,164390,164427,164384,164390,164388,164327,164337,164351,164363,164378,164388,164343,164358
164427,164440,164459,164461,164477,164434,164446,164460,164429,164439,164444,164444,164453,164465,164444,164458
164477,164491,164510,164512,164528,164485,164497,164511,164479,164489,164494,164494,164504,164516,164494,164510
164528,164542,164562,164564,164578,164536,164548,164563,164530,164540,164546,164546,164555,164568,164546,164562
164578,164592,164610,164612,164627,164586,164598,164611,164580,164590,164597,164597,164604,164619,164597,164609
164627,164641,164659,164660,164675,164634,164647,164659,164629,164638,164643,164643,164653,164667,164643,164658
164675,164689,164726,164736,164770,164682,164695,164730,164677,164687,164702,164714,164724,164735,164691,164706
164770,164784,164802,164803,164818,164777,164790,164802,164772,164782,164788,164788,164796,164810,164788,164800
164818,164832,164850,164851,164867,164825,164837,164850,164820,164830,164836,164836,164843,164855,164836,164848
164867,164880,164899,164900,164916,164874,164886,164899,164868,164878,164885,164885,164892,164904,164885,164897
164916,164929,164947,164949,164967,164923,164935,164948,164918,164927,164931,164931,164941,164951,164931,164946
164967,164981,164999,165001,165018,164974,164986,165000,164969,164978,164984,164984,164992,165009,164984,164998
165018,165032,165050,165053,165071,165026,165037,165052,165020,165030,165034,165034,165045,165055,165034,165050
165071,165085,165101,165109,165124,165078,165091,165102,165073,165082,165088,165088,165096,165106,165085,165088
165124,165138,165154,165163,165176,165131,165144,165155,165125,165134,165140,165140,165150,165158,165137,165140
165176,165190,165232,165242,165280,165184,165198,165236,165178,165187,165203,165211,165231,165240,165191,165207
165280,165296,165314,165321,165334,165288,165302,165315,165282,165293,165299,165299,165310,165320,165299,165315
165334,165348,165365,165372,165385,165342,165354,165366,165336,165346,165354,165354,165360,165371,165354,165365
165385,165400,165419,165421,165439,165393,165409,165420,165388,165397,165406,165406,165415,165424,165401,165406
165439,165453,165471,165473,165490,165446,165460,165472,165440,165451,165459,165459,165466,165476,165459,165470
165490,165504,165522,165524,165540,165497,165510,165523,165492,165502,165508,165508,165517,165528,165508,165522
165540,165554,165572,165574,165590,165548,165561,165573,165542,165552,165561,165561,165567,165579,165561,165572
165590,165604,165642,165653,165689,165597,165611,165646,165592,165602,165617,165629,165641,165651,165606,165622
165689,165702,165721,165723,165737,165696,165708,165722,165690,165701,165708,165708,165715,165726,165708,165721
165737,165751,165769,165772,165787,165745,165757,165771,165739,165749,165753,165753,165764,165775,165753,165769
165787,165801,165819,165821,165836,165794,165807,165820,165789,165799,165806,165806,165812,165827,165806,165816
165836,165850,165869,165870,165885,165843,165856,165869,165838,165847,165856,165856,165863,165875,165851,165856
165885,165899,165917,165919,165935,165892,165905,165918,165887,165896,165904,165904,165912,165922,165900,165904
165935,165949,165988,165998,166034,165942,165955,165992,165937,165946,165962,165973,165986,165997,165951,165966
166034,166048,166066,166067,166083,166041,166054,166066,166036,166046,166050,166050,166060,166071,166050,166065
166083,166097,166115,166117,166131,166090,166103,166116,166085,166095,166103,166103,166109,166120,166103,166114
166131,166145,166163,166165,166181,166139,166151,166164,166133,166143,166150,166150,166157,166170,166150,166162
166181,166195,166213,166218,166230,166188,166200,166213,166182,166193,166198,166198,166206,166217,166198,166212
166230,166244,166261,166268,166280,166237,166250,166262,166231,166241,166250,166250,166256,166266,166250,166260
166280,166294,166311,166318,166331,166287,166300,166312,166282,166292,166299,166299,166306,166317,166299,166311
166331,166345,166362,166365,166383,166338,166350,166364,166333,166343,166348,166348,166357,166370,166348,166362
166383,166396,166414,166416,166434,166390,166403,166415,166384,166394,166403,166403,166409,166419,166403,166413
166434,166448,166466,166468,166485,166441,166454,166467,166436,166445,166453,166453,166460,166472,166450,166453
166485,166499,166518,166524,166537,166493,166505,166519,166487,166498,166503,166503,166511,166523,166503,166518
166537,166551,166569,166571,166588,166544,166557,166570,166539,166549,166554,166554,166563,166575,166554,166568
166588,166602,166620,166622,166639,166595,166608,166621,166590,166600,166604,166604,166615,166625,166604,166620
166639,166653,166671,166672,166689,166646,166659,166671,166641,166651,166658,166658,166665,166676,166658,166670
166689,166703,166721,166722,166738,166696,166709,166721,166691,166701,166708,166708,166715,166726,166708,166719
166738,166752,166771,166773,166789,166746,166759,166772,166740,166751,166758,166758,166765,166777,166758,166770
166789,166803,166820,166822,166838,166796,166809,166821,166791,166801,166808,166808,166814,166826,166808,166819
166838,166853,166870,166872,166889,166846,166859,166871,166840,166851,166860,166860,166865,166880,166860,166870
166889,166903,166921,166923,166939,166896,166909,166922,166890,166901,166908,166908,166914,166928,166908,166920
166939,166952,166992,167002,167039,166996,167003,167000,166940,166951,166964,166975,166991,167000,166958,166969
167039,167052,167071,167077,167089,167046,167058,167071,167041,167051,167056,167056,167065,167075,167056,167070
167089,167102,167121,167122,167138,167096,167108,167121,167090,167100,167106,167106,167114,167126,167106,167120
167138,167152,167170,167172,167189,167146,167158,167171,167140,167150,167157,167157,167164,167179,167157,167169
167189,167203,167220,167222,167240,167196,167209,167221,167191,167201,167209,167209,167215,167225,167209,167220
167240,167255,167272,167279,167292,167248,167260,167273,167242,167252,167258,167258,167267,167278,167258,167273
167292,167306,167324,167326,167343,167299,167312,167325,167294,167304,167310,167310,167318,167330,167309,167310
167343,167357,167375,167377,167395,167351,167364,167376,167346,167355,167362,167362,167370,167381,167360,167362
167395,167409,167449,167459,167496,167402,167415,167453,167397,167407,167421,167431,167448,167457,167413,167426
167496,167510,167528,167534,167546,167503,167516,167529,167498,167508,167512,167512,167522,167533,167512,167527
167546,167560,167578,167580,167597,167554,167566,167579,167548,167558,167564,167564,167572,167584,167564,167577
167597,167611,167629,167631,167648,167604,167616,167630,167599,167609,167615,167615,167622,167635,167615,167629
167648,167662,167680,167687,167700,167656,167669,167681,167650,167660,167664,167664,167675,167686,167664,167679
167700,167715,167731,167736,167750,167707,167721,167732,167701,167712,167721,167721,167726,167735,167721,167730
167750,167767,167784,167787,167802,167758,167772,167786,167752,167765,167771,167771,167777,167790,167771,167780
167802,167818,167846,167834,167854,167811,167823,167833,167805,167817,167823,167823,167828,167837,167823,167832
167854,167869,167900,167887,167907,167861,167874,167886,167856,167867,167874,167874,167879,167891,167874,167887
167907,167921,167938,167946,167960,167914,167928,167939,167909,167918,167922,167922,167933,167944,167920,167922
167960,167974,168006,167994,168012,167967,167979,167993,167961,167971,167975,167975,167986,167998,167975,167994
168012,168026,168042,168048,168064,168020,168033,168043,168015,168024,168029,168029,168038,168049,168028,168029
168064,168080,168096,168102,168118,168073,168085,168097,168067,168078,168084,168084,168091,168101,168084,168096
168118,168133,168174,168183,168223,168126,168139,168178,168120,168131,168144,168154,168173,168182,168138,168149
168223,168237,168254,168258,168279,168231,168244,168257,168225,168236,168245,168245,168250,168265,168245,168253
168279,168292,168322,168311,168325,168286,168297,168310,168280,168290,168294,168294,168305,168314,168294,168310
168325,168343,168360,168364,168383,168338,168350,168363,168333,168341,168349,168349,168357,168367,168345,168349
168383,168396,168415,168422,168435,168390,168402,168416,168384,168394,168400,168400,168408,168421,168400,168415
168435,168449,168466,168472,168486,168442,168455,168467,168436,168446,168453,168453,168461,168471,168450,168453
168486,168501,168544,168554,168596,168494,168506,168548,168488,168499,168511,168523,168542,168551,168504,168519
168596,168610,168626,168634,168661,168604,168614,168628,168599,168607,168617,168617,168623,168632,168611,168617
168661,168675,168696,168697,168713,168668,168679,168696,168663,168671,168675,168675,168684,168701,168675,168687
168713,168743,168752,168769,168930,168875,,,168804,168812,,,168804,,168815,
168930,168945,168957,168967,169035,168937,168950,168959,168931,168941,168944,168944,168954,168962,168943,168944
169035,169052,169066,169074,169113,169044,169058,169068,169038,169047,169055,169055,169063,169072,169050,169055
169113,169129,169146,169154,169180,169122,169133,169148,169117,169127,169131,169131,169138,169153,169131,169139
169180,169197,169211,169213,169246,169188,169203,169212,169182,169192,169199,169199,169207,169216,169196,169199
169246,169265,169284,169286,169349,169255,169273,169286,169249,169259,169275,169275,169281,169289,169262,169275
169349,169376,169395,169400,169446,169367,169386,169399,169361,169371,169383,169383,169393,169404,169374,169383
169446,169467,169482,169488,169528,169458,169473,169488,169452,169463,169474,169474,169479,169494,169466,169474
169528,169546,169559,169566,169607,169538,169552,169565,169532,169542,169547,169547,169556,169572,169547,169560
169607,169626,169642,169647,169690,169617,169633,169646,169611,169621,169625,169625,169639,169651,169625,169646
169690,169709,169727,169733,169773,169700,169718,169732,169694,169705,169716,169716,169724,169737,169709,169716
169773,169792,169811,169816,169852,169784,169803,169815,169778,169788,169799,169799,169809,169821,169792,169799
169852,169871,169889,169893,169927,169862,169876,169892,169856,169867,169880,169880,169886,169895,169871,169880
169927,169945,169964,169967,169997,169936,169952,169966,169930,169940,169956,169956,169961,169970,169944,169956
169997,170015,170034,170039,170065,170007,170025,170038,170001,170011,170021,170021,170031,170043,170014,170021
170065,170084,170101,170109,170182,170075,170093,170108,170069,170079,170089,170089,170098,170116,170082,170089
170182,170202,170220,170226,170278,170193,170211,170225,170188,170198,170209,170209,170218,170230,170202,170209
170278,170304,170323,170330,170367,170296,170313,170327,170290,170301,170312,170312,170321,170333,170305,170312
170367,170386,170405,170412,170445,170378,170394,170411,170372,170382,170393,170393,170402,170416,170385,170393
170445,170464,170482,170490,170526,170455,170473,170489,170450,170460,170470,170470,170480,170495,170463,170470
170526,170544,170565,170572,170607,170536,170552,170569,170530,170540,170554,170554,170563,170575,170545,170554
170607,170630,170649,170658,170692,170622,170636,170654,170616,170626,170639,170639,170647,170663,170630,170639
170692,170717,170737,170747,170785,170709,170724,170741,170703,170714,170727,170727,170735,170746,170718,170727
170785,170803,170823,170830,170864,170795,170816,170829,170789,170799,170808,170811,170821,170830,170803,170811
170864,170885,170902,170908,170942,170874,170894,170907,170868,170878,170886,170886,170900,170910,170881,170886
170942,170962,170979,170985,171022,170952,170969,170984,170945,170956,170966,170966,170976,170990,170959,170966
171022,171043,171059,171071,171109,171032,171051,171063,171026,171036,171040,171040,171057,171063,171040,171060
171109,171127,171144,171153,171192,171118,171135,171149,171112,171123,171133,171133,171142,171154,171127,171133
171192,171212,171229,171235,171278,171202,171221,171234,171196,171207,171218,171218,171227,171245,171212,171218
171278,171298,171317,171324,171368,171289,171308,171320,171282,171293,171305,171305,171315,171324,171297,171305
171368,171388,171405,171413,171454,171378,171396,171412,171371,171383,171396,171396,171403,171420,171388,171396
171454,171474,171491,171497,171537,171464,171483,171496,171457,171468,171479,171479,171489,171505,171472,171479
171537,171558,171575,171581,171619,171547,171565,171580,171540,171552,171562,171562,171572,171585,171562,171579
171619,171639,171655,171663,171699,171629,171647,171662,171622,171634,171642,171642,171652,171671,171638,171642
171699,171718,171736,171742,171781,171709,171727,171741,171702,171713,171726,171726,171734,171748,171718,171726
171781,171800,171819,171825,171861,171790,171808,171824,171784,171795,171799,171799,171817,171831,171799,171823
171861,171880,171898,171904,171940,171871,171889,171903,171864,171875,171886,171886,171896,171910,171879,171886
171940,171959,171977,171984,172019,171950,171968,171983,171943,171954,171966,171966,171975,171991,171959,171966
172019,172038,172057,172065,172101,172029,172047,172062,172023,172034,172046,172046,172055,172067,172038,172046
172101,172120,172139,172146,172180,172111,172129,172144,172105,172116,172127,172127,172136,172150,172120,172127
172180,172199,172219,172228,172260,172190,172208,172223,172184,172195,172199,172199,172217,172228,172199,172222
172260,172279,172299,172309,172344,172270,172286,172304,172265,172275,172279,172279,172296,172309,172279,172303
172344,172363,172382,172391,172430,172354,172375,172385,172348,172359,172368,172372,172380,172390,172363,172372
172430,172450,172468,172479,172509,172441,172458,172474,172435,172446,172457,172457,172466,172481,172450,172457
172509,172527,172546,172556,172580,172518,172535,172551,172512,172523,172528,172528,172543,172556,172528,172549
172580,172597,172617,172627,172646,172589,172605,172621,172583,172594,172598,172598,172614,172626,172598,172620
172646,172663,172683,172690,172711,172655,172673,172687,172649,172659,172670,172670,172680,172693,172663,172670
172711,172728,172748,172758,172780,172720,172737,172754,172714,172725,172737,172737,172746,172760,172729,172737
172780,172798,172816,172826,172855,172789,172807,172822,172783,172794,172804,172804,172814,172829,172797,172804
172855,172872,172891,172902,172926,172864,172882,172897,172858,172869,172879,172879,172889,172904,172873,172879
172926,172944,172962,172967,172992,172935,172953,172966,172929,172940,172948,172948,172959,172973,172943,172948
172992,173009,173029,173039,173055,173000,173017,173033,172994,173005,173019,173019,173026,173038,173009,173019
173055,173073,173092,173099,173120,173064,173083,173098,173058,173068,173081,173081,173090,173106,173072,173081
173120,173138,173158,173166,173199,173130,173149,173163,173123,173134,173145,173145,173156,173167,173138,173145
173199,173218,173237,173243,173279,173210,173227,173242,173204,173214,173218,173218,173235,173247,173218,173240
173279,173297,173317,173326,173353,173289,173305,173322,173283,173293,173298,173298,173315,173327,173298,173320
173353,173371,173390,173400,173425,173363,173379,173395,173357,173368,173379,173379,173387,173401,173372,173379
173425,173443,173462,173471,173493,173435,173451,173466,173429,173439,173450,173450,173459,173470,173443,173450
173493,173509,173528,173537,173557,173501,173517,173533,173495,173505,173516,173516,173525,173538,173509,173516
173557,173573,173592,173597,173623,173565,173583,173596,173559,173570,173580,173580,173590,173605,173574,173580
173623,173641,173661,173668,173697,173632,173650,173665,173626,173637,173649,173649,173658,173669,173641,173649
173697,173715,173734,173742,173779,173706,173724,173738,173700,173711,173723,173723,173732,173743,173715,173723
173779,173799,173819,173827,173873,173790,173807,173823,173785,173795,173799,173799,173817,173828,173799,173822
173873,173893,173912,173921,173959,173884,173901,173917,173878,173889,173901,173901,173909,173921,173893,173901
173959,173978,173997,174007,174036,173969,173985,174002,173964,173974,173978,173978,173994,174008,173978,174001
174036,174054,174073,174084,174108,174046,174063,174079,174040,174051,174062,174062,174071,174084,174055,174062
174108,174126,174146,174156,174177,174117,174133,174150,174111,174122,174126,174126,174143,174155,174126,174149
174177,174194,174214,174223,174244,174186,174202,174218,174180,174190,174203,174203,174211,174223,174194,174203
174244,174261,174281,174290,174312,174253,174269,174286,174247,174257,174261,174261,174278,174290,174261,174285
174312,174330,174350,174360,174391,174322,174339,174355,174316,174326,174338,174338,174347,174361,174330,174338
174391,174410,174429,174439,174481,174402,174418,174434,174396,174406,174419,174419,174427,174439,174410,174419
174481,174501,174520,174531,174572,174493,174510,174526,174487,174497,174508,174508,174517,174533,174501,174508
174572,174600,174619,174631,174666,174592,174608,174625,174586,174597,174610,174610,174618,174631,174601,174610
174666,174686,174706,174716,174745,174678,174694,174711,174672,174682,174686,174686,174703,174716,174686,174710
174745,174763,174783,174794,174818,174755,174773,174789,174749,174760,174770,174770,174780,174794,174763,174770
174818,174836,174856,174868,174890,174828,174845,174861,174822,174832,174844,174844,174854,174866,174836,174844
174890,174906,174927,174936,174960,174899,174915,174932,174893,174903,174915,174915,174924,174937,174907,174915
174960,174981,174999,175010,175043,174972,174990,175005,174966,174976,174987,174987,174997,175012,174980,174987
175043,175057,175078,175094,175115,175050,175064,175082,175044,175054,175066,175066,175075,175089,175058,175066
175115,175132,175153,175163,175189,175125,175140,175158,175119,175129,175143,175143,175151,175164,175133,175143
175189,175207,175226,175238,175261,175199,175215,175231,175193,175203,175214,175214,175223,175237,175207,175214
175261,175278,175297,175306,175334,175270,175286,175302,175264,175274,175285,175285,175294,175307,175278,175285
175334,175352,175371,175382,175410,175344,175360,175377,175338,175348,175353,175353,175368,175383,175353,175374
175410,175428,175448,175457,175485,175420,175438,175453,175414,175424,175435,175435,175445,175458,175428,175435
175485,175504,175522,175530,175559,175495,175512,175528,175489,175499,175510,175510,175520,175533,175503,175510
175559,175578,175597,175606,175632,175569,175587,175603,175563,175574,175584,175584,175594,175609,175577,175584
175632,175650,175668,175678,175702,175641,175659,175675,175635,175646,175655,175655,175665,175681,175649,175655
175702,175720,175738,175747,175769,175711,175728,175743,175705,175716,175727,175727,175735,175748,175720,175727
175769,175786,175805,175814,175834,175778,175795,175811,175771,175782,175793,175793,175802,175817,175786,175793
175834,175851,175871,175878,175899,175843,175860,175877,175836,175847,175856,175856,175867,175882,175851,175856
175899,175917,175937,175943,175967,175909,175926,175940,175902,175913,175925,175925,175934,175945,175918,175925
175967,175986,176004,176011,176053,175977,175995,176010,175971,175981,175992,175992,176002,176014,175986,175992
176053,176074,176092,176100,176142,176065,176082,176099,176059,176070,176074,176074,176089,176105,176074,176094
176142,176162,176181,176187,176219,176153,176171,176186,176147,176158,176168,176168,176179,176192,176162,176168
176219,176237,176256,176265,176287,176228,176245,176261,176222,176233,176245,176245,176253,176267,176237,176245
176287,176305,176324,176333,176353,176297,176313,176328,176291,176301,176311,176311,176320,176334,176305,176311
176353,176370,176390,176397,176420,176362,176379,176394,176356,176366,176377,176377,176387,176399,176370,176377
176420,176437,176457,176465,176486,176429,176446,176463,176423,176433,176438,176438,176454,176468,176438,176460
176486,176504,176524,176533,176563,176496,176513,176528,176490,176500,176512,176512,176521,176533,176504,176512
176563,176582,176601,176611,176639,176573,176590,176607,176567,176578,176589,176589,176598,176612,176582,176589
176639,176656,176676,176686,176711,176648,176664,176681,176642,176653,176664,176664,176673,176687,176657,176664
176711,176729,176749,176759,176784,176721,176737,176754,176716,176726,176730,176730,176746,176759,176730,176753
176784,176802,176821,176831,176854,176794,176810,176826,176788,176798,176810,176810,176819,176831,176802,176810
176854,176871,176890,176900,176922,176863,176879,176895,176857,176867,176879,176879,176887,176900,176871,176879
176922,176939,176959,176967,176991,176931,176947,176964,176925,176935,176948,176948,176956,176972,176939,176948
176991,177009,177029,177039,177066,177001,177018,177035,176995,177006,177017,177017,177026,177041,177010,177017
177066,177083,177103,177113,177148,177075,177091,177108,177069,177080,177084,177084,177101,177114,177084,177106
177148,177168,177187,177197,177231,177160,177178,177193,177154,177165,177176,177176,177185,177199,177169,177176
177231,177250,177269,177278,177306,177241,177258,177274,177235,177245,177257,177257,177266,177281,177250,177257
177306,177325,177343,177352,177378,177316,177333,177348,177310,177321,177331,177331,177341,177353,177325,177331
177378,177395,177414,177422,177445,177387,177403,177419,177381,177391,177396,177396,177411,177424,177396,177417
177445,177463,177483,177491,177515,177455,177472,177488,177448,177460,177464,177464,177480,177494,177464,177487
177515,177533,177554,177561,177591,177524,177541,177558,177518,177530,177544,177544,177551,177564,177535,177544
177591,177610,177627,177638,177675,177601,177618,177634,177595,177605,177614,177614,177625,177640,177609,177614
177675,177695,177714,177723,177758,177686,177704,177720,177681,177691,177703,177703,177712,177725,177695,177703
177758,177777,177796,177807,177834,177769,177785,177801,177763,177773,177778,177778,177794,177808,177778,177800
177834,177852,177871,177880,177906,177844,177860,177875,177838,177849,177861,177861,177869,177879,177853,177861
177906,177924,177944,177953,177978,177916,177933,177949,177910,177921,177932,177932,177941,177953,177924,177932
177978,177995,178015,178025,178051,177987,178004,178021,177981,177992,178003,178003,178012,178026,177996,178003
178051,178069,178088,178098,178129,178060,178077,178094,178054,178065,178076,178076,178085,178100,178069,178076
178129,178147,178167,178177,178208,178139,178155,178172,178134,178144,178156,178156,178165,178177,178147,178156
178208,178226,178246,178257,178285,178218,178234,178251,178212,178223,178227,178227,178243,178256,178227,178250
178285,178302,178322,178334,178358,178294,178310,178327,178289,178299,178311,178311,178320,178333,178303,178311
178358,178375,178396,178407,178428,178368,178384,178401,178362,178372,178383,178383,178393,178405,178376,178383
178428,178445,178465,178477,178499,178437,178454,178471,178431,178442,178446,178446,178462,178476,178446,178469
178499,178517,178536,178547,178574,178509,178526,178542,178503,178513,178523,178523,178533,178549,178517,178523
178574,178592,178612,178624,178654,178584,178600,178617,178579,178589,178601,178601,178610,178623,178593,178601
178654,178680,178699,178713,178753,178672,178688,178706,178666,178676,178688,178688,178697,178714,178680,178688
178753,178778,178797,178810,178842,178770,178786,178804,178764,178775,178787,178787,178796,178809,178779,178787
178842,178860,178879,178893,178914,178852,178868,178886,178846,178857,178869,178869,178877,178892,178861,178869
178914,178931,178947,178963,178979,178923,178939,178956,178917,178928,178937,178937,178947,178962,178931,178937
178979,178995,179016,179027,179044,178988,179003,179021,178982,178992,179006,179006,179013,179028,178997,179006
179044,179060,179081,179092,179112,179052,179069,179086,179046,179056,179067,179067,179078,179090,179060,179067
179112,179130,179149,179161,179217,179122,179140,179155,179116,179126,179137,179137,179147,179162,179130,179137
179217,179236,179257,179267,179304,179228,179244,179262,179223,179233,179245,179245,179255,179267,179237,179245
179304,179322,179341,179354,179383,179314,179330,179347,179308,179319,179330,179330,179339,179353,179323,179330
179383,179402,179420,179433,179458,179394,179409,179426,179388,179398,179411,179411,179418,179432,179403,179411
179458,179475,179494,179507,179532,179468,179483,179502,179462,179472,179483,179483,179491,179508,179476,179483
179532,179549,179570,179581,179608,179542,179557,179575,179536,179546,179558,179558,179568,179580,179550,179558
179608,179625,179646,179656,179678,179618,179634,179651,179612,179622,179634,179634,179643,179658,179626,179634
179678,179707,179724,179737,179771,179699,179715,179733,179693,179703,179715,179715,179723,179739,179707,179715
179771,179791,179811,179822,179853,179783,179798,179816,179777,179787,179800,179800,179809,179822,179791,179800
179853,179872,179892,179903,179932,179864,179879,179897,179858,179868,179884,179884,179890,179902,179873,179884
179932,179952,179972,179984,180008,179945,179960,179977,179939,179949,179960,179960,179970,179982,179953,179960
180008,180025,180045,180057,180078,180017,180033,180050,180012,180022,180034,180034,180042,180055,180026,180034
180078,180094,180115,180127,180148,180087,180102,180121,180081,180091,180104,180104,180113,180128,180095,180104
180148,180165,180186,180197,180224,180158,180175,180191,180152,180162,180173,180173,180184,180196,180166,180173
180224,180243,180263,180274,180303,180235,180250,180268,180230,180240,180252,180252,180261,180274,180244,180252
180303,180322,180342,180354,180384,180315,180330,180347,180309,180319,180330,180330,180339,180353,180322,180330
180384,180403,180422,180436,180464,180395,180411,180428,180389,180399,180411,180411,180420,180436,180403,180411
180464,180482,180503,180514,180540,180474,180490,180507,180469,180479,180491,180491,180500,180513,180483,180491
180540,180558,180577,180590,180613,180550,180566,180583,180545,180555,180565,180565,180574,180590,180558,180565
180613,180630,180651,180663,180686,180623,180639,180655,180617,180627,180639,180639,180648,180661,180631,180639
180686,180704,180724,180736,180765,180697,180712,180730,180691,180701,180713,180713,180722,180736,180705,180713
180765,180784,180804,180816,180847,180777,180792,180809,180771,180781,180793,180793,180801,180815,180785,180793
180847,180865,180885,180897,180928,180857,180872,180891,180852,180862,180874,180874,180883,180896,180866,180874
180928,180946,180966,180979,181007,180938,180954,180972,180932,180942,180954,180954,180963,180980,180946,180954
181007,181025,181046,181057,181082,181018,181032,181051,181012,181022,181026,181026,181044,181056,181026,181049
181082,181099,181120,181130,181153,181092,181107,181124,181086,181096,181107,181107,181117,181129,181100,181107
181153,181170,181190,181201,181223,181163,181178,181195,181157,181167,181179,181179,181188,181199,181171,181179
181223,181239,181260,181271,181295,181232,181247,181265,181226,181236,181248,181248,181257,181271,181240,181248
181295,181313,181333,181344,181374,181306,181321,181339,181300,181310,181321,181321,181331,181345,181314,181321
181374,181399,181418,181430,181464,181391,181405,181424,181385,181395,181408,181408,181417,181429,181399,181408
181464,181492,181512,181524,181554,181484,181499,181518,181479,181489,181501,181501,181510,181522,181493,181501
181554,181572,181591,181603,181626,181565,181581,181597,181559,181569,181579,181579,181589,181603,181573,181579
181626,181644,181662,181675,181696,181636,181654,181669,181630,181640,181651,181651,181662,181677,181644,181651
181696,181714,181733,181743,181769,181706,181723,181740,181700,181710,181721,181721,181730,181746,181714,181721
181769,181788,181807,181816,181849,181780,181798,181813,181774,181784,181795,181795,181805,181817,181788,181795
181849,181871,181890,181896,181938,181862,181880,181895,181857,181867,181877,181877,181888,181899,181871,181877
181938,181957,181976,181983,182019,181948,181967,181980,181942,181952,181963,181963,181973,181985,181956,181963
182019,182038,182057,182063,182095,182030,182047,182062,182024,182034,182038,182038,182055,182067,182038,182060
182095,182114,182134,182138,182175,182105,182120,182137,182099,182110,182125,182125,182132,182146,182115,182125
182175,182199,182216,182225,182272,182190,182208,182224,182184,182194,182204,182204,182214,182232,182198,182204
182272,182305,182323,182331,182375,182297,182313,182330,182291,182302,182315,182315,182322,182340,182306,182315
182375,182397,182416,182427,182462,182388,182407,182423,182382,182393,182404,182404,182414,182431,182397,182404
182462,182482,182501,182513,182543,182474,182491,182508,182468,182479,182490,182490,182499,182515,182483,182490
182543,182561,182579,182591,182617,182553,182570,182586,182547,182558,182569,182569,182578,182594,182562,182569
182617,182636,182655,182665,182696,182628,182644,182661,182623,182633,182637,182637,182653,182667,182637,182659
182696,182714,182734,182742,182779,182706,182723,182739,182701,182711,182722,182722,182731,182748,182715,182722
182779,182799,182819,182829,182871,182792,182808,182825,182786,182796,182807,182807,182817,182830,182800,182807
182871,182891,182912,182922,182955,182883,182898,182917,182878,182888,182892,182892,182910,182922,182892,182916
182955,182981,183001,183014,183047,182973,182989,183007,182968,182978,182991,182991,182999,183012,182982,182991
183047,183068,183086,183099,183129,183060,183076,183093,183054,183064,183069,183069,183084,183100,183069,183090
183129,183149,183169,183179,183209,183141,183156,183174,183135,183145,183150,183150,183167,183178,183150,183173
183209,183227,183248,183259,183290,183220,183235,183253,183214,183224,183237,183237,183246,183258,183229,183237
183290,183309,183330,183342,183372,183301,183316,183335,183295,183306,183320,183320,183327,183341,183310,183320
183372,183394,183414,183426,183456,183386,183401,183420,183381,183391,183404,183404,183412,183426,183395,183404
183456,183482,183501,183514,183547,183474,183490,183507,183469,183479,183490,183490,183500,183512,183483,183490
183547,183569,183589,183602,183635,183561,183576,183595,183556,183566,183580,183580,183587,183601,183570,183580
183635,183655,183676,183688,183719,183647,183662,183681,183642,183652,183656,183656,183674,183686,183656,183680
183719,183737,183757,183770,183797,183730,183746,183763,183724,183734,183746,183746,183754,183769,183738,183746
183797,183815,183836,183848,183876,183808,183823,183841,183802,183812,183825,183825,183833,183847,183816,183825
183876,183894,183915,183928,183955,183887,183902,183921,183881,183891,183904,183904,183913,183927,183895,183904
183955,183975,183995,184008,184039,183967,183982,184001,183961,183971,183975,183975,183992,184007,183975,183999
184039,184059,184078,184092,184119,184051,184066,184084,184045,184055,184067,184067,184076,184091,184060,184067
184119,184143,184163,184176,184208,184135,184151,184169,184129,184139,184151,184151,184161,184176,184143,184151
184208,184228,184248,184262,184290,184220,184236,184254,184215,184225,184230,184230,184246,184261,184230,184252
184290,184309,184329,184342,184369,184301,184316,184334,184295,184306,184311,184311,184327,184341,184311,184332
184369,184387,184407,184419,184445,184380,184394,184413,184374,184384,184396,184396,184405,184418,184388,184396
184445,184464,184485,184498,184522,184457,184472,184491,184451,184461,184474,184474,184482,184497,184465,184474
184522,184541,184561,184573,184598,184533,184549,184566,184527,184537,184552,184552,184559,184571,184541,184552
184598,184616,184636,184646,184669,184608,184623,184640,184602,184612,184624,184624,184633,184645,184616,184624
184669,184685,184705,184715,184735,184678,184695,184709,184672,184682,184692,184692,184702,184717,184685,184692
184735,184751,184772,184779,184803,184743,184760,184776,184737,184747,184759,184759,184769,184780,184751,184759
184803,184822,184840,184850,184911,184814,184831,184847,184808,184818,184829,184829,184838,184852,184822,184829
184911,184932,184952,184959,185005,184924,184943,184958,184918,184929,184940,184940,184950,184963,184933,184940
185005,185027,185042,185053,185091,185018,185033,185050,185012,185023,185027,185027,185039,185057,185027,185044
185091,185111,185133,185138,185167,185102,185120,185136,185096,185106,185125,185125,185131,185140,185110,185125
185167,185191,185208,185217,185254,185181,185201,185216,185175,185185,185195,185195,185206,185221,185189,185195
185254,185275,185294,185300,185333,185266,185287,185299,185259,185270,185280,185283,185292,185308,185274,185283
185333,185367,185382,185392,185436,185357,185376,185391,185351,185362,185371,185371,185381,185396,185365,185371
185436,185458,185475,185481,185517,185448,185468,185480,185442,185453,185462,185462,185473,185486,185456,185462
185517,185541,185560,185565,185597,185532,185551,185564,185526,185537,185547,185547,185558,185569,185541,185547
185597,185622,185640,185647,185685,185613,185633,185646,185607,185618,185628,185628,185638,185651,185622,185628
185685,185707,185726,185733,185769,185699,185716,185732,185692,185704,185716,185716,185724,185736,185708,185716
185769,185801,185819,185828,185867,185793,185810,185827,185787,185797,185810,185810,185818,185835,185801,185810
185867,185896,185914,185922,185956,185887,185903,185921,185881,185892,185897,185897,185913,185926,185897,185920
185956,185981,186002,186012,186042,185973,185989,186007,185967,185978,185991,185991,186001,186012,185982,185991
186042,186063,186083,186091,186126,186055,186073,186088,186049,186060,186072,186072,186081,186092,186064,186072
186126,186146,186167,186177,186212,186138,186153,186172,186132,186142,186156,186156,186165,186182,186146,186156
186212,186232,186252,186263,186293,186224,186239,186257,186218,186229,186233,186233,186250,186264,186233,186256
186293,186321,186339,186350,186382,186313,186328,186346,186307,186317,186322,186322,186338,186352,186322,186344
186382,186409,186427,186440,186474,186400,186416,186434,186395,186405,186418,186418,186425,186440,186409,186418
186474,186494,186513,186525,186557,186486,186502,186519,186480,186490,186502,186502,186511,186526,186494,186502
186557,186577,186597,186607,186638,186569,186584,186602,186563,186573,186586,186586,186595,186608,186577,186586
186638,186657,186677,186689,186716,186649,186665,186683,186644,186654,186667,186667,186675,186692,186658,186667
186716,186735,186755,186767,186795,186728,186743,186761,186722,186732,186736,186736,186753,186766,186736,186759
186795,186814,186834,186845,186874,186806,186821,186840,186800,186810,186823,186823,186832,186845,186814,186823
186874,186893,186914,186926,186957,186885,186902,186919,186880,186890,186901,186901,186912,186927,186894,186901
186957,186976,186997,187007,187042,186968,186983,187002,186962,186973,186977,186977,186995,187007,186977,187002
187042,187062,187081,187092,187127,187054,187071,187087,187048,187058,187070,187070,187079,187093,187062,187070
187127,187147,187166,187177,187211,187139,187155,187173,187133,187144,187156,187156,187164,187181,187148,187156
187211,187234,187253,187265,187298,187225,187243,187261,187220,187230,187242,187242,187251,187266,187234,187242
187298,187321,187341,187351,187388,187313,187329,187346,187307,187318,187330,187330,187339,187353,187322,187330
187388,187408,187427,187436,187471,187400,187416,187435,187394,187405,187419,187419,187425,187442,187409,187419
187471,187495,187514,187524,187556,187487,187503,187520,187481,187491,187503,187503,187513,187525,187495,187503
187556,187577,187596,187607,187636,187569,187585,187601,187563,187573,187585,187585,187594,187605,187577,187585
187636,187655,187676,187683,187715,187648,187663,187680,187642,187652,187665,187665,187674,187685,187656,187665
187715,187734,187754,187765,187795,187726,187742,187760,187720,187730,187743,187743,187752,187766,187735,187743
187795,187814,187834,187845,187876,187806,187821,187839,187800,187811,187825,187825,187832,187844,187815,187825
187876,187896,187915,187928,187958,187888,187904,187921,187883,187893,187905,187905,187913,187929,187897,187905
187958,187977,187997,188008,188036,187969,187985,188002,187963,187974,187985,187985,187994,188006,187977,187985
188036,188054,188074,188085,188116,188046,188062,188079,188041,188051,188063,188063,188071,188087,188055,188063
188116,188134,188155,188167,188200,188127,188142,188161,188121,188131,188143,188143,188152,188166,188135,188143
188200,188220,188241,188252,188287,188212,188228,188246,188207,188217,188231,188231,188239,188252,188221,188231
188287,188306,188327,188338,188369,188299,188315,188332,188293,188303,188315,188315,188325,188338,188307,188315
188369,188394,188414,188425,188454,188386,188401,188420,188381,188391,188395,188395,188412,188426,188395,188418
188454,188476,188496,188509,188537,188469,188486,188502,188463,188473,188484,188484,188494,188509,188477,188484
188537,188556,188576,188588,188617,188548,188563,188582,188542,188552,188565,188565,188573,188591,188557,188565
188617,188637,188656,188668,188698,188629,188646,188663,188623,188633,188645,188645,188654,188670,188637,188645
188698,188720,188739,188752,188783,188712,188727,188746,188706,188717,188729,188729,188738,188751,188721,188729
188783,188804,188825,188835,188868,188796,188812,188829,188791,188801,188817,188817,188823,188838,188806,188817
188868,188887,188907,188918,188946,188879,188894,188912,188873,188884,188888,188888,188904,188917,188888,188911
188946,188966,188986,188998,189027,188958,188973,188992,188952,188963,188977,188977,188984,188999,188967,188977
189027,189045,189066,189077,189107,189037,189051,189071,189031,189041,189055,189055,189064,189078,189046,189055
189107,189125,189145,189158,189190,189117,189132,189151,189111,189122,189135,189135,189143,189159,189126,189135
189190,189208,189228,189241,189272,189201,189216,189235,189195,189205,189209,189209,189226,189240,189209,189233
189272,189291,189310,189321,189347,189283,189299,189315,189278,189288,189299,189299,189308,189324,189292,189299
189347,189370,189389,189401,189432,189362,189379,189396,189357,189367,189378,189378,189387,189402,189371,189378
189432,189451,189472,189482,189513,189443,189460,189477,189437,189447,189451,189451,189470,189481,189451,189475
189513,189539,189558,189569,189603,189531,189546,189564,189525,189536,189549,189549,189557,189569,189540,189549
189603,189631,189650,189661,189691,189623,189638,189656,189617,189628,189645,189645,189649,189660,189632,189645
189691,189717,189735,189749,189777,189709,189724,189742,189703,189714,189719,189719,189734,189747,189719,189741
189777,189795,189813,189826,189852,189787,189803,189821,189782,189792,189803,189803,189813,189826,189796,189803
189852,189869,189889,189901,189927,189862,189876,189895,189856,189866,189879,189879,189888,189901,189870,189879
189927,189945,189966,189975,190006,189937,189953,189970,189932,189942,189955,189955,189963,189975,189946,189955
190006,190025,190045,190056,190086,190017,190032,190051,190011,190021,190034,190034,190043,190057,190025,190034
190086,190112,190131,190139,190175,190103,190122,190136,190098,190108,190119,190119,190129,190142,190111,190119
190175,190204,190221,190228,190267,190196,190214,190227,190190,190200,190210,190210,190220,190230,190204,190210
190267,190291,190308,190313,190354,190282,190300,190312,190276,190286,190297,190297,190306,190315,190290,190297
190354,190380,190396,190408,190439,190371,190390,190400,190365,190375,190383,190387,190394,190400,190379,190387
190439,190479,190501,190490,190544,190470,190484,190490,190463,190475,190480,190480,190486,190492,190480,190488
190544,190576,190596,190604,190639,190568,190589,190603,190563,190572,190581,190585,190595,190609,190575,190585
190639,190671,190687,190693,190731,190660,190680,190692,190654,190665,190675,190675,190686,190699,190668,190675
190731,190747,190766,190775,190799,190740,190758,190774,190734,190744,190754,190754,190764,190779,190748,190754
190799,190863,190878,,190898,190818,190862,190891,190811,190822,190832,190867,190885,190892,190826,190864
190898,190949,190970,,190990,190936,190949,,190899,190910,190923,190942,190950,190952,190917,190937
190990,191004,191024,191042,191064,190996,191016,191028,190989,191000,191010,191012,191022,191031,191004,191012
191064,191091,191107,191114,191149,191081,191099,191113,191075,191086,191096,191096,191105,191120,191089,191096
191149,191166,191186,191196,191218,191158,191172,191191,191151,191162,191178,191178,191185,191195,191167,191178
191218,191238,191256,191261,191285,191228,191246,191260,191223,191233,191236,191236,191253,191266,191236,191259
191285,191301,191318,191326,191349,191293,191312,191325,191287,191297,191305,191308,191317,191331,191300,191308
191349,191368,191385,191390,191446,191358,191375,191389,191352,191363,191374,191374,191382,191393,191367,191374
191446,191480,191497,191502,191553,191471,191490,191501,191465,191475,191486,191486,191496,191504,191478,191486
191553,191572,191590,191597,191633,191563,191582,191593,191556,191568,191578,191580,191588,191602,191572,191580
191633,191654,191667,191678,191712,191643,191662,191669,191637,191647,191655,191655,191665,191669,191650,191655
191712,191733,191752,191755,191791,191723,191744,191754,191717,191728,191739,191739,191750,191758,191731,191739
191791,191817,191834,191843,191879,191808,191827,191842,191802,191812,191822,191822,191832,191848,191815,191822
191879,191907,191926,191933,191969,191898,191915,191932,191892,191903,191917,191917,191924,191937,191908,191917
191969,191999,192018,192024,192060,191991,192007,192023,191985,191996,192000,192000,192017,192026,192000,192022
192060,192090,192107,192116,192149,192081,192098,192113,192075,192086,192091,192091,192106,192118,192091,192113
192149,192170,192188,192193,192229,192161,192180,192192,192155,192166,192177,192177,192186,192196,192170,192177
192229,192249,192267,192276,192306,192241,192259,192275,192235,192245,192256,192256,192266,192281,192249,192256
192306,192330,192347,192355,192390,192321,192338,192354,192315,192326,192335,192335,192346,192358,192329,192335
192390,192416,192436,192441,192478,192407,192423,192440,192401,192411,192428,192430,192435,192444,192415,192417
192478,192505,192526,192533,192566,192496,192512,192530,192491,192501,192517,192517,192524,192534,192505,192517
192566,192593,192612,192622,192653,192585,192602,192618,192579,192589,192601,192601,192611,192622,192593,192601
192653,192673,192692,192701,192734,192665,192682,192698,192659,192669,192680,192680,192690,192706,192673,192680
192734,192754,192774,192784,192818,192746,192762,192779,192740,192750,192764,192764,192772,192784,192754,192764
192818,192838,192858,192867,192901,192830,192844,192862,192824,192834,192848,192848,192856,192867,192839,192848
192901,192927,192945,192958,192994,192919,192934,192953,192913,192924,192936,192936,192944,192959,192928,192936
192994,193017,193038,193048,193083,193009,193024,193043,193003,193014,193018,193018,193036,193048,193018,193042
193083,193107,193126,193139,193168,193099,193116,193132,193093,193103,193114,193114,193124,193142,193107,193114
193168,193188,193208,193219,193248,193180,193196,193213,193174,193185,193189,193189,193206,193217,193189,193212
193248,193268,193288,193298,193330,193260,193275,193293,193254,193264,193278,193278,193286,193298,193268,193278
193330,193350,193370,193382,193415,193342,193358,193377,193336,193346,193358,193358,193368,193382,193351,193358
193415,193436,193456,193467,193500,193428,193443,193461,193422,193432,193446,193446,193454,193467,193436,193446
193500,193525,193544,193557,193585,193517,193532,193551,193511,193521,193526,193526,193543,193556,193526,193550
193585,193608,193626,193640,193673,193600,193616,193634,193594,193605,193616,193616,193625,193639,193609,193616
193673,193693,193713,193725,193762,193685,193700,193718,193679,193689,193705,193705,193711,193726,193694,193705
193762,193783,193802,193815,193858,193774,193792,193808,193769,193779,193790,193790,193800,193813,193783,193790
193858,193879,193899,193912,193944,193870,193886,193905,193865,193875,193889,193889,193897,193911,193880,193889
193944,193970,193991,194004,194038,193962,193977,193997,193956,193967,193980,193980,193989,194004,193972,193980
194038,194058,194078,194091,194119,194050,194066,194084,194044,194055,194067,194067,194076,194089,194059,194067
194119,194137,194157,194168,194192,194129,194145,194162,194124,194134,194138,194138,194155,194167,194138,194161
194192,194210,194230,194242,194263,194202,194217,194235,194196,194206,194219,194219,194227,194243,194211,194219
194263,194280,194300,194311,194341,194273,194288,194306,194267,194277,194289,194289,194297,194312,194281,194289
194341,194360,194380,194391,194427,194352,194368,194386,194346,194356,194369,194369,194378,194392,194360,194369
194427,194461,194478,194487,194522,194452,194469,194486,194446,194457,194460,194460,194478,194495,194460,194484
194522,194554,194571,194583,194619,194546,194563,194578,194540,194551,194561,194561,194570,194585,194555,194561
194619,194638,194658,194667,194704,194630,194648,194663,194624,194634,194645,194645,194657,194667,194638,194645
194704,194724,194741,194750,194789,194715,194733,194749,194709,194720,194731,194731,194740,194753,194724,194731
194789,194818,194835,194843,194882,194809,194826,194842,194803,194813,194823,194823,194833,194844,194817,194823
194882,194914,194933,194941,194984,194905,194924,194938,194899,194910,194921,194921,194933,194943,194914,194921
194984,195003,195021,195032,195068,194995,195012,195029,194989,195000,195011,195011,195020,195036,195004,195011
195068,195087,195107,195114,195153,195079,195096,195112,195073,195084,195097,195097,195106,195116,195088,195097
195153,195173,195193,195204,195237,195165,195181,195199,195159,195170,195183,195183,195191,195206,195174,195183
195237,195261,195280,195292,195330,195253,195268,195286,195247,195258,195270,195270,195279,195293,195262,195270
195330,195349,195369,195380,195416,195341,195357,195373,195335,195346,195358,195358,195367,195378,195350,195358
195416,195436,195455,195467,195498,195428,195444,195461,195422,195433,195437,195437,195453,195467,195437,195460
195498,195516,195536,195545,195575,195508,195524,195541,195502,195513,195526,195526,195534,195546,195517,195526
195575,195594,195614,195625,195655,195586,195602,195619,195581,195591,195603,195603,195612,195626,195595,195603
195655,195673,195693,195706,195737,195666,195680,195700,195660,195670,195682,195682,195691,195708,195674,195682
195737,195757,195777,195787,195821,195749,195764,195782,195744,195754,195766,195766,195775,195789,195758,195766
195821,195839,195859,195870,195901,195832,195848,195864,195826,195836,195847,195847,195856,195870,195840,195847
195901,195919,195940,195950,195980,195911,195927,195945,195906,195916,195920,195920,195938,195950,195920,195945
195980,196004,196024,196033,196070,195996,196012,196030,195990,196000,196013,196013,196022,196034,196004,196013
196070,196098,196117,196126,196166,196090,196106,196123,196084,196095,196108,196108,196116,196131,196099,196108
196166,196194,196213,196224,196260,196186,196202,196220,196180,196190,196194,196194,196212,196225,196194,196218
196260,196289,196307,196320,196354,196280,196298,196315,196274,196285,196296,196296,196306,196321,196289,196296
196354,196376,196395,196406,196438,196367,196385,196402,196361,196372,196377,196377,196393,196408,196377,196402
196438,196459,196479,196487,196522,196450,196468,196483,196444,196455,196467,196467,196477,196488,196459,196467
196522,196543,196562,196575,196611,196535,196551,196568,196529,196540,196552,196552,196560,196575,196544,196552
196611,196633,196653,196665,196702,196626,196641,196659,196620,196630,196634,196634,196651,196665,196634,196657
196702,196724,196744,196757,196791,196716,196733,196751,196710,196721,196735,196735,196743,196756,196725,196735
196791,196812,196831,196844,196877,196804,196820,196838,196798,196808,196820,196820,196829,196844,196812,196820
196877,196897,196917,196929,196963,196889,196906,196923,196883,196894,196907,196907,196915,196928,196898,196907
196963,196983,197003,197015,197051,196975,196991,197008,196969,196979,196993,196993,197001,197014,196984,196993
197051,197070,197090,197103,197135,197062,197078,197096,197057,197067,197071,197071,197088,197102,197071,197095
197135,197155,197175,197188,197218,197147,197163,197181,197141,197152,197164,197164,197173,197187,197156,197164
197218,197237,197258,197270,197304,197229,197245,197264,197223,197234,197247,197247,197256,197268,197238,197247
197304,197322,197343,197355,197388,197314,197331,197348,197308,197319,197331,197331,197341,197354,197323,197331
197388,197407,197428,197441,197474,197399,197415,197434,197394,197404,197418,197418,197426,197440,197408,197418
197474,197492,197512,197526,197555,197484,197501,197519,197478,197489,197500,197500,197510,197525,197493,197500
197555,197574,197594,197607,197633,197566,197582,197600,197560,197570,197584,197584,197592,197605,197574,197584
197633,197651,197672,197684,197713,197644,197660,197678,197638,197648,197660,197660,197670,197683,197652,197660
197713,197732,197751,197765,197797,197724,197741,197758,197718,197728,197739,197739,197749,197764,197732,197739
197797,197815,197836,197849,197881,197807,197822,197841,197801,197811,197824,197824,197833,197848,197815,197824
197881,197901,197921,197935,197965,197893,197909,197927,197887,197898,197911,197911,197919,197933,197902,197911
197965,197983,198003,198017,198041,197976,197991,198009,197970,197980,197993,197993,198001,198015,197984,197993
198041,198059,198080,198093,198117,198052,198068,198086,198046,198056,198068,198068,198077,198092,198060,198068
198117,198135,198155,198168,198192,198127,198144,198161,198121,198131,198143,198143,198153,198169,198136,198143
198192,198209,198229,198243,198269,198201,198217,198235,198196,198206,198219,198219,198227,198243,198210,198219
198269,198286,198307,198318,198348,198279,198293,198312,198273,198283,198296,198296,198305,198318,198287,198296
198348,198367,198386,198394,198426,198358,198376,198390,198352,198363,198373,198373,198384,198394,198366,198373
198426,198445,198461,198470,198501,198436,198453,198469,198430,198440,198449,198449,198459,198476,198444,198449
198501,198521,198540,198545,198587,198511,198531,198544,198505,198515,198529,198529,198538,198550,198519,198529
198587,198607,198623,198628,198686,198597,198616,198627,198591,198601,198611,198611,198621,198637,198605,198611
198686,198715,198733,198744,198782,198706,198727,198743,198700,198710,198721,198724,198731,198746,198716,198724
198782,198809,198824,198841,198871,198801,198818,198828,198795,198804,198813,198813,198823,198830,198807,198813
198871,198896,198911,198920,198955,198887,198904,198912,198881,198891,198900,198900,198909,198912,198894,198900
198955,198976,198991,199001,199034,198965,198985,199000,198958,198969,198977,198979,198989,199007,198972,198979
199034,199055,199071,199082,199116,199046,199063,199081,199040,199050,199054,199054,199068,199085,199054,199073
199116,199138,199157,199169,199198,199129,199147,199164,199124,199134,199145,199145,199155,199170,199138,199145
199198,199224,199242,199253,199289,199216,199231,199250,199210,199221,199226,199226,199240,199256,199226,199250
199289,199309,199327,199336,199369,199301,199318,199333,199294,199306,199315,199315,199325,199338,199309,199315
199369,199388,199408,199418,199452,199380,199397,199414,199374,199384,199396,199396,199406,199419,199388,199396
199452,199473,199493,199501,199538,199465,199481,199498,199459,199470,199474,199474,199491,199503,199474,199498
199538,199558,199579,199589,199623,199550,199567,199584,199545,199555,199567,199567,199577,199589,199559,199567
199623,199643,199661,199669,199706,199635,199653,199668,199629,199639,199650,199650,199659,199674,199643,199650
199706,199726,199743,199750,199783,199717,199734,199749,199711,199722,199732,199732,199740,199754,199726,199732
199783,199802,199820,199826,199854,199794,199813,199823,199788,199798,199806,199810,199818,199827,199801,199810
199854,199875,199895,199898,199923,199865,199874,199880,199860,199868,199871,199871,199875,199880,199871,199877
199923,199939,199957,199963,199989,199930,199947,199959,199924,199933,199941,199943,199953,199963,199936,199943
199989,200006,200015,200020,200100,199998,200010,200019,199993,200002,200007,200007,200013,200021,200007,200016
200100,200116,200160,200128,200181,200108,200121,200128,200102,200112,200115,200115,200123,200130,200115,200126
200181,200201,200218,200222,200258,200191,200206,200221,200185,200196,200209,200209,200215,200228,200201,200209
200258,200282,200297,200299,200342,200270,200292,200299,200264,200274,200282,200287,200295,200302,200277,200284
200342,200366,200384,200389,200422,200357,200376,200388,200351,200361,200371,200371,200382,200393,200364,200371
200422,200460,200476,200480,200537,200451,200470,200479,200446,200456,200465,200465,200474,200482,200459,200465
200537,200559,200576,200581,200627,200550,200568,200580,200544,200554,200563,200563,200574,200583,200557,200563
200627,200656,200670,200681,200718,200647,200663,200680,200641,200652,200662,200662,200668,200685,200662,200671
200718,200737,200753,200761,200796,200729,200745,200760,200723,200733,200741,200741,200753,200765,200736,200741
200796,200816,200837,200844,200874,200808,200825,200841,200802,200812,200823,200823,200835,200846,200816,200823
200874,200898,200917,200924,200967,200890,200907,200923,200885,200895,200906,200906,200916,200928,200899,200906
200967,200987,201004,201017,201048,200979,200995,201014,200973,200983,200988,200988,201002,201018,200988,201004
201048,201076,201095,201104,201137,201068,201086,201101,201062,201072,201084,201084,201094,201107,201076,201084
201137,201165,201182,201195,201232,201156,201175,201191,201150,201161,201171,201171,201181,201196,201165,201171
201232,201251,201265,201280,201305,201243,201258,201275,201237,201247,201251,201251,201265,201281,201251,201275
201305,201322,201340,201351,201372,201314,201331,201345,201308,201319,201330,201330,201339,201349,201323,201330
201372,201389,201409,201420,201436,201381,201396,201414,201375,201385,201389,201389,201406,201421,201389,201412
201436,201452,201471,201482,201504,201444,201460,201477,201438,201448,201458,201458,201467,201481,201452,201458
201504,201522,201540,201552,201610,201514,201531,201546,201509,201518,201528,201528,201538,201551,201522,201528
201610,201638,201655,201667,201717,201630,201646,201663,201625,201635,201645,201645,201654,201667,201638,201645
201717,201736,201754,201774,201818,201729,201740,201759,201723,201733,201745,201745,201751,201763,201737,201745
201818,201834,201848,201864,201898,201827,201840,201852,201822,201831,201835,201835,201845,201852,201835,201848
201898,201935,201943,201963,202001,201928,201938,201945,201923,201932,201936,201936,201941,201948,201936,201944
202001,202029,202043,202055,202086,202019,202037,202047,202014,202023,202029,202034,202042,202054,202026,202034
202086,202100,202122,202130,202149,202093,202104,202109,202088,202097,202100,202100,202105,202111,202100,202107
202149,202166,202183,202192,202215,202158,202174,202188,202152,202162,202172,202172,202182,202192,202166,202172
202215,202233,202256,202261,202290,202224,202241,202260,202218,202228,202248,202250,202254,202263,202232,202238
202290,202309,202328,202339,202398,202300,202319,202333,202294,202304,202314,202314,202326,202343,202307,202314
202398,202419,202443,202450,202499,202411,202426,202436,202405,202416,202421,202421,202430,202436,202421,202433
202499,202520,202537,202548,202600,202511,202530,202547,202504,202516,202526,202526,202535,202552,202520,202526
202600,202619,202641,202649,202683,202611,202626,202645,202605,202615,202630,202630,202639,202652,202620,202630
202683,202720,202741,202751,202783,202712,202729,202746,202706,202716,202731,202731,202740,202751,202720,202731
202783,202801,202820,202831,202855,202792,202809,202826,202787,202797,202812,202812,202820,202831,202801,202812
202855,202871,202891,202903,202920,202864,202879,202897,202858,202868,202880,202880,202890,202901,202872,202880
202920,202937,202956,202968,202988,202929,202946,202963,202923,202934,202946,202946,202955,202970,202938,202946
202988,203005,203025,203036,203067,202998,203013,203030,202992,203002,203014,203014,203022,203037,203006,203014
203067,203085,203104,203117,203159,203077,203095,203111,203072,203082,203093,203093,203102,203118,203085,203093
203159,203192,203212,203224,203266,203184,203198,203217,203178,203188,203201,203201,203210,203223,203192,203201
203266,203291,203312,203325,203366,203283,203297,203318,203277,203287,203301,203301,203310,203326,203291,203301
203366,203386,203407,203420,203459,203378,203394,203414,203372,203382,203395,203395,203405,203419,203387,203395
203459,203478,203497,203513,203537,203470,203486,203505,203464,203475,203479,203479,203498,203510,203479,203504
203537,203554,203574,203587,203605,203546,203563,203580,203540,203551,203562,203562,203571,203587,203555,203562
203605,203622,203643,203650,203670,203615,203630,203649,203609,203619,203632,203632,203640,203657,203623,203632
203670,203686,203707,203718,203734,203679,203694,203711,203673,203683,203695,203695,203704,203715,203687,203695
203734,203751,203772,203782,203805,203743,203759,203776,203737,203747,203763,203763,203769,203780,203751,203763
203805,203823,203843,203855,203896,203816,203831,203849,203810,203820,203832,203832,203841,203855,203824,203832
203896,203914,203933,203948,203990,203906,203922,203942,203900,203911,203922,203922,203931,203947,203915,203922
203990,204010,204030,204042,204081,204002,204017,204037,203996,204007,204019,204019,204028,204043,204011,204019
204081,204101,204120,204131,204169,204093,204111,204127,204087,204097,204108,204108,204118,204131,204101,204108
204169,204189,204208,204223,204254,204180,204195,204219,204174,204186,204199,204199,204206,204224,204192,204199
204254,204272,204293,204302,204326,204263,204279,204296,204257,204268,204281,204281,204291,204301,204272,204281
204326,204343,204364,204376,204393,204335,204352,204368,204329,204340,204353,204353,204362,204373,204344,204353
204393,204410,204430,204437,204456,204402,204418,204436,204396,204407,204418,204418,204427,204441,204411,204418
204456,204474,204494,204507,204523,204466,204481,204500,204460,204471,204484,204484,204492,204507,204475,204484
204523,204540,204561,204573,204599,204533,204548,204566,204527,204537,204551,204551,204559,204575,204542,204551
204599,204617,204636,204649,204682,204609,204626,204643,204603,204614,204625,204625,204634,204649,204618,204625
204682,204701,204721,204732,204767,204693,204708,204726,204687,204697,204710,204710,204718,204732,204702,204710
204767,204787,204806,204821,204851,204779,204796,204815,204773,204783,204794,204794,204804,204822,204787,204794
204851,204870,204889,204902,204932,204862,204879,204897,204856,204866,204877,204877,204887,204904,204870,204877
204932,204951,204972,204984,205005,204943,204961,204977,204937,204947,204959,204959,204970,204983,204951,204959
205005,205023,205043,205056,205072,205015,205031,205049,205009,205020,205027,205027,205040,205054,205027,205046
205072,205089,205110,205120,205136,205081,205099,205114,205075,205086,205097,205097,205107,205119,205090,205097
205136,205152,205174,205186,205201,205145,205160,205178,205139,205150,205162,205162,205171,205184,205153,205162
205201,205218,205238,205249,205270,205210,205226,205243,205204,205214,205225,205225,205235,205247,205218,205225
205270,205286,205306,205316,205346,205279,205294,205311,205273,205283,205295,205295,205303,205316,205287,205295
205346,205364,205385,205397,205432,205357,205371,205390,205351,205361,205375,205375,205383,205397,205366,205375
205432,205451,205471,205484,205517,205443,205459,205477,205437,205447,205460,205460,205468,205483,205451,205460
205517,205536,205557,205570,205602,205528,205545,205563,205523,205533,205546,205546,205555,205568,205537,205546
205602,205620,205640,205655,205682,205613,205629,205648,205607,205617,205629,205629,205638,205654,205621,205629
205682,205700,205721,205734,205758,205692,205708,205727,205686,205697,205702,205702,205718,205733,205702,205724
205758,205777,205796,205811,205828,205769,205785,205803,205763,205773,205785,205785,205793,205810,205778,205785
205828,205844,205865,205872,205894,205837,205852,205871,205831,205841,205854,205854,205862,205878,205845,205854
205894,205911,205931,205944,205962,205903,205918,205937,205897,205908,205920,205920,205928,205942,205912,205920
205962,205979,205999,206012,206035,205971,205986,206005,205966,205976,205980,205980,205996,206011,205980,206002
206035,206053,206074,206087,206120,206045,206060,206079,206039,206050,206064,206064,206072,206085,206054,206064
206120,206140,206160,206173,206211,206132,206147,206166,206126,206137,206150,206150,206158,206172,206141,206150
206211,206230,206250,206263,206300,206222,206238,206257,206216,206226,206238,206238,206247,206262,206230,206238
206300,206319,206341,206354,206386,206311,206327,206346,206305,206316,206331,206331,206339,206356,206320,206331
206386,206404,206425,206439,206467,206396,206413,206431,206390,206401,206415,206415,206423,206436,206405,206415
206467,206485,206505,206519,206537,206477,206493,206511,206471,206482,206495,206495,206503,206518,206486,206495
206537,206554,206575,206582,206603,206546,206563,206581,206541,206551,206563,206563,206572,206586,206555,206563
206603,206619,206640,206652,206667,206612,206628,206645,206606,206616,206628,206628,206637,206650,206621,206628
206667,206683,206704,206716,206733,206676,206693,206709,206670,206680,206691,206691,206701,206714,206684,206691
206733,206750,206770,206781,206809,206742,206759,206775,206736,206747,206757,206757,206767,206780,206751,206757
206809,206829,206849,206856,206903,206820,206838,206853,206815,206824,206835,206835,206847,206857,206828,206835
206903,206924,206943,206953,206999,206915,206933,206948,206909,206920,206932,206932,206940,206955,206925,206932
206999,207020,207042,207050,207094,207011,207027,207046,207005,207016,207029,207032,207040,207049,207021,207032
207094,207113,207133,207143,207183,207104,207124,207140,207098,207108,207120,207122,207131,207145,207113,207122
207183,207203,207221,207233,207269,207194,207211,207229,207187,207199,207211,207211,207219,207235,207204,207211
207269,207289,207307,207314,207350,207279,207298,207313,207273,207284,207296,207296,207305,207318,207288,207296
207350,207370,207387,207396,207428,207361,207378,207395,207355,207365,207375,207375,207384,207401,207369,207375
207428,207447,207465,207477,207505,207438,207456,207473,207432,207443,207453,207453,207463,207479,207447,207453
207505,207524,207543,207551,207583,207515,207532,207547,207509,207520,207532,207532,207541,207553,207524,207532
207583,207601,207619,207632,207656,207593,207609,207627,207587,207597,207606,207606,207616,207633,207601,207606
207656,207674,207693,207701,207729,207666,207680,207698,207660,207671,207676,207676,207687,207703,207676,207698
207729,207746,207765,207776,207801,207738,207754,207773,207732,207742,207754,207754,207762,207779,207746,207754
207801,207820,207839,207852,207878,207811,207828,207847,207805,207816,207820,207820,207837,207853,207820,207841
207878,207897,207913,207926,207956,207888,207904,207923,207882,207894,207899,207899,207910,207927,207899,207914
207956,207973,207995,208004,208031,207965,207980,207998,207958,207969,207985,207985,207993,208007,207973,207985
208031,208051,208067,208077,208108,208042,208060,208076,208037,208047,208056,208056,208064,208081,208050,208056
208108,208128,208149,208155,208184,208119,208133,208153,208113,208124,208138,208141,208148,208158,208129,208141
208184,208205,208223,208229,208263,208196,208215,208228,208190,208201,208211,208211,208221,208231,208204,208211
208263,208282,208299,208304,208338,208273,208290,208303,208266,208277,208287,208287,208296,208309,208281,208287
208338,208357,208375,208382,208412,208348,208365,208380,208341,208353,208362,208362,208373,208384,208357,208362
208412,208431,208452,208457,208492,208423,208438,208446,208417,208427,208431,208431,208443,208446,208431,208444
208492,208511,208531,208540,208572,208502,208521,208535,208496,208507,208519,208519,208529,208539,208511,208519
208572,208592,208610,208620,208655,208583,208601,208615,208577,208587,208596,208596,208608,208624,208590,208596
208655,208675,208695,208703,208740,208666,208682,208700,208661,208671,208686,208686,208693,208704,208675,208686
208740,208760,208778,208788,208828,208752,208767,208785,208745,208757,208762,208762,208775,208792,208762,208782
208828,208848,208868,208878,208914,208839,208858,208873,208833,208844,208857,208857,208866,208878,208849,208857
208914,208933,208953,208964,208993,208925,208941,208958,208919,208930,208935,208935,208950,208964,208935,208957
208993,209013,209032,209045,209077,209004,209022,209038,208998,209009,209020,209020,209030,209048,209013,209020
209077,209096,209117,209128,209162,209088,209104,209123,209082,209093,209108,209108,209115,209128,209097,209108
209162,209181,209201,209215,209246,209173,209189,209208,209168,209178,209182,209182,209198,209215,209182,209204
209246,209265,209285,209297,209328,209257,209274,209291,209251,209262,209272,209272,209282,209297,209266,209272
209328,209347,209368,209380,209410,209339,209355,209374,209333,209344,209348,209348,209366,209380,209348,209373
209410,209429,209448,209462,209492,209422,209438,209456,209416,209426,209437,209437,209446,209463,209430,209437
209492,209511,209531,209544,209572,209503,209519,209537,209497,209507,209520,209520,209528,209544,209512,209520
209572,209591,209610,209624,209652,209583,209598,209617,209577,209587,209600,209600,209608,209623,209592,209600
209652,209670,209690,209704,209732,209662,209678,209696,209656,209667,209679,209679,209688,209703,209671,209679
209732,209751,209771,209783,209819,209743,209759,209776,209738,209748,209759,209759,209769,209782,209751,209759
209819,209838,209858,209871,209899,209830,209846,209864,209824,209835,209849,209849,209856,209870,209839,209849
209899,209917,209938,209950,209974,209909,209925,209944,209903,209914,209918,209918,209935,209949,209918,209942
209974,209991,210011,210024,210048,209984,209999,210017,209978,209988,209993,209993,210009,210023,209993,210015
210048,210065,210085,210097,210126,210057,210073,210091,210052,210062,210066,210066,210082,210096,210066,210090
210126,210145,210163,210168,210210,210136,210154,210167,210130,210140,210151,210151,210160,210171,210144,210151
210210,210228,210247,210257,210288,210220,210237,210252,210214,210224,210235,210235,210245,210257,210228,210235
210288,210306,210328,210338,210364,210297,210313,210332,210291,210301,210316,210318,210326,210341,210306,210318
210364,210381,210399,210415,210442,210373,210391,210404,210367,210377,210387,210387,210397,210407,210381,210387
210442,210459,210479,210491,210524,210451,210465,210484,210446,210455,210471,210471,210476,210490,210460,210471
210524,210539,210559,210569,210607,210532,210544,210562,210527,210537,210546,210549,210557,210566,210541,210549
210607,210622,210643,210654,210681,210615,210626,210650,210609,210619,210629,210634,210641,210654,210624,210631
210681,210699,210723,210715,210744,210692,210705,210714,210687,210697,210704,210704,210709,210715,210704,210712
210744,210772,210783,210786,210829,210765,210776,210785,210759,210769,210774,210774,210781,210789,210774,210785
210829,210847,210863,210872,210904,210839,210853,210867,210834,210844,210854,210854,210860,210877,210848,210854
210904,210920,210943,210953,210978,210913,210925,210935,210908,210918,210924,210924,210929,210935,210924,210932
210978,210992,211010,211023,211049,210985,210998,211018,210980,210989,210999,211000,211009,211022,210993,211000
211049,211067,211084,211088,211117,211059,211072,211087,211051,211065,211070,211070,211081,211089,211070,211085
211117,211132,211154,211159,211185,211122,211137,211145,211117,211132,211136,211136,211140,211145,211136,211143
211185,211199,211220,211233,211248,211192,211205,211222,211185,211196,211212,211212,211217,211225,211200,211212
211248,211264,211279,211285,211310,211256,211269,211281,211251,211261,211266,211266,211275,211285,211266,211280
211310,211327,211348,211355,211376,211319,211333,211350,211313,211323,211337,211339,211346,211354,211332,211339
211376,211391,211409,211421,211439,211384,211399,211413,211378,211388,211397,211397,211405,211421,211391,211397
211439,211454,211471,211484,211499,211447,211463,211477,211441,211450,211457,211460,211468,211483,211453,211460
211499,211516,211537,211543,211561,211507,211522,211530,211501,211516,211521,211521,211526,211530,211521,211528
211561,211576,211597,211606,211621,211570,211581,211590,211563,211574,211579,211579,211586,211590,211579,211588
211621,211638,211653,211659,211680,211631,211644,211655,211623,211637,211642,211642,211649,211659,211642,211655
211680,211701,211713,211726,211747,211694,211706,211715,211689,211700,211705,211705,211710,211715,211705,211712
211747,211762,211781,211788,211809,211754,211766,211782,211748,211760,211769,211773,211778,211786,211765,211773
211809,211824,211846,211849,211867,211817,211829,211839,211812,211821,211825,211825,211834,211839,211825,211837
211867,211884,211904,211907,211926,211876,211888,211893,211867,211882,211886,211886,211890,211895,211886,211893
211926,211943,211962,211966,211986,211937,211949,211965,211931,211942,211952,211952,211959,211968,211946,211952
211986,212003,212020,212031,212048,211996,212007,212022,211991,212001,212012,212012,212017,212027,212005,212012
212048,212063,212114,212123,212263,212181,212187,212186,212050,212060,212069,212122,212172,212186,212064,212117
212263,212317,212328,212350,212386,212274,212319,212333,212265,212278,212289,212309,212325,212333,212283,212305
212386,212439,212485,212494,212538,212429,212444,212454,212386,212404,212412,212435,212448,212464,212408,212429
212538,212556,212572,212575,212598,212547,212560,212574,212541,212552,212556,212556,212567,212577,212556,212572
212598,212612,212629,212633,212657,212605,212619,212632,212599,212609,212616,212616,212625,212640,212612,212616
212657,212672,212685,212694,212714,212664,212678,212691,212657,212669,212676,212676,212683,212694,212676,212687
212714,212731,212746,212758,212776,212722,212737,212750,212716,212727,212736,212736,212742,212763,212736,212746
212776,212791,212823,212810,212837,212784,212795,212809,212777,212788,212792,212792,212801,212814,212792,212810
212837,212851,212866,212875,212896,212844,212857,212868,212837,212849,212857,212857,212862,212871,212857,212866
212896,212911,212928,212936,212956,212903,212918,212930,212897,212908,212919,212919,212924,212936,212919,212929
212956,212971,212986,213000,213018,212964,212976,212990,212958,212968,212972,212972,212981,212990,212972,212986
213018,213033,213049,213058,213080,213026,213038,213052,213019,213031,213037,213037,213043,213057,213037,213052
213080,213097,213114,213122,213145,213089,213103,213117,213083,213093,213102,213102,213110,213124,213102,213116
213145,213160,213176,213184,213207,213153,213166,213178,213147,213157,213166,213166,213173,213183,213161,213166
213207,213223,213239,213246,213270,213215,213229,213241,213209,213219,213227,213227,213235,213245,213223,213227
213270,213286,213302,213310,213330,213278,213291,213304,213273,213283,213288,213288,213298,213309,213288,213304
213330,213346,213363,213372,213390,213339,213352,213366,213332,213344,213349,213349,213359,213372,213349,213365
213390,213406,213423,213433,213450,213398,213413,213427,213392,213402,213408,213408,213419,213435,213407,213408
213450,213465,213482,213490,213509,213457,213472,213484,213451,213462,213472,213472,213478,213489,213472,213483
213509,213524,213541,213550,213567,213517,213531,213544,213510,213521,213531,213531,213536,213552,213531,213541
213567,213583,213599,213607,213626,213576,213589,213602,213570,213580,213588,213588,213596,213606,213584,213588
213626,213641,213657,213665,213686,213634,213647,213660,213628,213638,213644,213644,213653,213664,213644,213658
213686,213701,213717,213725,213745,213693,213707,213719,213687,213697,213705,213705,213713,213726,213701,213705
213745,213761,213778,213786,213805,213753,213767,213780,213748,213757,213766,213766,213774,213785,213761,213766
213805,213821,213839,213846,213867,213813,213828,213842,213808,213818,213825,213825,213834,213847,213821,213825
213867,213882,213899,213907,213928,213875,213888,213906,213869,213880,213885,213885,213894,213913,213885,213899
213928,213944,213960,213969,213991,213937,213951,213963,213932,213941,213948,213948,213957,213968,213945,213948
213991,214006,214024,214035,214053,213999,214013,214026,213994,214004,214012,214012,214020,214030,214007,214012
214053,214070,214087,214096,214116,214062,214075,214091,214057,214067,214073,214073,214081,214097,214073,214091
214116,214131,214149,214158,214177,214124,214137,214152,214119,214129,214133,214133,214145,214156,214133,214151
214177,214193,214210,214218,214238,214186,214199,214212,214180,214190,214195,214195,214206,214217,214195,214212
214238,214254,214271,214280,214298,214247,214260,214273,214242,214252,214256,214256,214266,214280,214256,214271
214298,214315,214331,214340,214358,214307,214320,214333,214301,214312,214316,214316,214328,214337,214316,214333
214358,214374,214389,214397,214451,214367,214380,214393,214361,214371,214380,214380,214387,214398,214374,214380
214451,214502,214530,,214564,214484,214522,214547,214478,214489,214500,214510,214541,214553,214493,214506
214564,214616,214664,214675,214719,214609,214621,214636,214604,214614,214619,214619,214626,214641,214619,214637
214719,214737,214751,214756,214779,214729,214743,214753,214723,214733,214739,214739,214748,214757,214737,214739
214779,214797,214844,214855,214919,214788,214836,214847,214782,214793,214810,214833,214842,214852,214796,214829
214919,214938,214963,214974,215052,214929,214947,214966,214922,214935,214953,214953,214961,214972,214944,214953
215052,215085,215100,215110,215128,215078,215094,215106,215073,215083,215094,215094,215099,215110,215094,215104
215128,215143,215157,215168,215184,215136,215149,215161,215130,215140,215144,215144,215155,215166,215144,215160
215184,215200,215212,215223,215240,215192,215205,215217,215186,215197,215204,215204,215210,215222,215204,215216
215240,215254,215268,215278,215293,215247,215260,215274,215241,215251,215256,215256,215268,215280,215256,215274
215293,215309,215324,215331,215348,215302,215315,215326,215295,215306,215311,215311,215320,215329,215311,215324
215348,215363,215380,215387,215403,215355,215369,215381,215350,215360,215370,215370,215375,215387,215370,215380
215403,215418,215435,215443,215458,215411,215424,215437,215405,215415,215421,215421,215430,215442,215419,215421
215458,215472,215490,215496,215512,215465,215479,215491,215459,215469,215476,215476,215485,215496,215472,215476
215512,215527,215544,215552,215566,215520,215533,215546,215514,215524,215532,215532,215539,215552,215532,215545
215566,215581,215598,215605,215619,215574,215587,215599,215567,215578,215583,215583,215593,215604,215583,215599
215619,215635,215651,215657,215672,215627,215640,215652,215621,215632,215638,215638,215646,215656,215638,215651
215672,215687,215703,215711,215726,215680,215694,215705,215675,215684,215690,215690,215699,215714,215688,215690
215726,215741,215758,215763,215780,215734,215747,215759,215728,215738,215744,215744,215753,215763,215744,215758
215780,215794,215811,215819,215833,215787,215802,215812,215781,215790,215798,215798,215807,215823,215793,215798
215833,215848,215865,215867,215885,215840,215855,215866,215833,215845,215851,215851,215860,215869,215850,215851
215885,215901,215916,215922,215939,215893,215906,215917,215887,215898,215906,215906,215912,215922,215906,215916
215939,215955,215970,215979,215994,215946,215961,215976,215940,215955,215960,215960,215965,215980,215960,215968
215994,216010,216024,216031,216051,216002,216015,216026,215996,216009,216016,216016,216020,216033,216016,216024
216051,216066,216082,216090,216107,216059,216072,216084,216053,216063,216071,216071,216078,216088,216068,216071
216107,216123,216139,216146,216165,216116,216128,216141,216110,216120,216124,216124,216135,216146,216124,216140
216165,216181,216196,216205,216223,216173,216186,216198,216166,216178,216186,216186,216192,216203,216186,216197
216223,216238,216255,216262,216281,216231,216245,216257,216225,216235,216244,216244,216251,216261,216239,216244
216281,216296,216313,216319,216337,216289,216301,216314,216283,216293,216298,216298,216308,216318,216298,216313
216337,216352,216396,216407,216448,216345,216358,216400,216339,216349,216364,216375,216394,216405,216359,216370
216448,216463,216480,216487,216504,216456,216468,216481,216450,216460,216464,216464,216475,216486,216464,216480
216504,216519,216563,216575,216613,216512,216555,216567,216506,216516,216530,216541,216562,216572,216519,216535
216613,216630,216647,216654,216670,216622,216635,216650,216617,216627,216634,216634,216640,216655,216634,216643
216670,216683,216702,216708,216722,216677,216689,216702,216671,216681,216686,216686,216695,216707,216686,216703
216722,216737,216753,216759,216775,216730,216743,216754,216724,216734,216742,216742,216748,216758,216742,216753
216775,216790,216806,216808,216828,216783,216796,216807,216777,216787,216795,216795,216800,216816,216795,216804
216828,216843,216861,216868,216883,216836,216848,216862,216830,216840,216845,216845,216856,216868,216845,216862
216883,216896,216913,216921,216936,216890,216902,216914,216884,216894,216901,216901,216907,216921,216901,216912
216936,216951,216966,216977,216992,216944,216956,216967,216939,216949,216955,216955,216961,216970,216955,216965
216992,217006,217023,217034,217048,217000,217012,217026,216993,217004,217013,217013,217018,217034,217013,217022
217048,217063,217080,217086,217105,217056,217068,217081,217050,217060,217064,217064,217076,217086,217064,217081
217105,217120,217136,217143,217161,217113,217127,217139,217107,217117,217122,217122,217131,217145,217120,217122
217161,217175,217194,217202,217216,217168,217182,217195,217163,217172,217180,217180,217189,217201,217176,217180
217216,217231,217248,217254,217271,217224,217238,217250,217218,217229,217237,217237,217243,217254,217237,217248
217271,217287,217303,217310,217326,217279,217292,217304,217273,217285,217292,217292,217298,217309,217292,217304
217326,217341,217357,217363,217380,217334,217348,217358,217328,217338,217348,217348,217353,217363,217348,217357
217380,217396,217412,217418,217437,217389,217402,217414,217383,217393,217401,217401,217407,217419,217401,217412
217437,217453,217469,217477,217495,217445,217459,217472,217439,217450,217458,217458,217464,217477,217458,217470
217495,217511,217528,217536,217552,217503,217516,217530,217497,217508,217514,217514,217523,217536,217514,217529
217552,217568,217585,217592,217609,217560,217574,217587,217555,217565,217574,217574,217580,217591,217574,217585
217609,217625,217641,217650,217667,217618,217631,217644,217612,217622,217630,217630,217637,217648,217630,217642
217667,217682,217699,217708,217724,217675,217688,217701,217669,217679,217684,217684,217695,217705,217684,217700
217724,217738,217755,217762,217779,217731,217745,217756,217726,217736,217741,217741,217751,217760,217740,217741
217779,217793,217811,217818,217833,217787,217799,217812,217781,217791,217797,217797,217805,217817,217797,217811
217833,217848,217865,217872,217886,217841,217853,217866,217835,217845,217850,217850,217860,217871,217850,217866
217886,217901,217918,217926,217939,217894,217907,217919,217888,217899,217903,217903,217913,217924,217903,217918
217939,217954,217971,217978,217993,217947,217960,217972,217942,217952,217959,217959,217966,217977,217959,217971
217993,218007,218023,218030,218046,218000,218013,218025,217995,218005,218012,218012,218018,218030,218012,218022
218046,218061,218078,218085,218102,218054,218067,218079,218049,218059,218063,218063,218073,218084,218063,218078
218102,218116,218133,218141,218157,218109,218122,218135,218103,218114,218121,218121,218128,218141,218121,218133
218157,218172,218188,218196,218213,218165,218178,218190,218159,218169,218176,218176,218184,218195,218175,218176
218213,218228,218245,218253,218270,218221,218234,218247,218215,218226,218232,218232,218240,218253,218232,218245
218270,218286,218302,218311,218329,218278,218292,218304,218273,218283,218290,218290,218297,218311,218290,218303
218329,218344,218360,218369,218386,218337,218350,218362,218331,218342,218349,218349,218355,218367,218349,218360
218386,218401,218417,218426,218443,218394,218407,218419,218389,218399,218407,218407,218413,218425,218407,218418
218443,218459,218476,218485,218501,218452,218465,218478,218446,218457,218462,218462,218472,218483,218462,218478
218501,218516,218533,218541,218558,218509,218522,218534,218504,218514,218520,218520,218528,218539,218520,218533
218558,218573,218590,218598,218616,218566,218580,218592,218561,218571,218580,218580,218586,218596,218580,218591
218616,218631,218647,218657,218673,218624,218637,218650,218618,218629,218636,218636,218642,218656,218636,218647
218673,218688,218704,218714,218730,218681,218694,218707,218675,218686,218693,218693,218699,218713,218693,218704
218730,218744,218761,218770,218786,218738,218751,218763,218732,218742,218748,218748,218757,218767,218745,218748
218786,218801,218818,218827,218841,218794,218807,218820,218788,218798,218808,218808,218813,218826,218808,218819
218841,218856,218872,218881,218895,218849,218862,218874,218843,218854,218862,218862,218868,218878,218862,218872
218895,218911,218928,218935,218950,218904,218917,218930,218898,218909,218913,218913,218924,218934,218913,218929
218950,218965,218982,218991,219006,218958,218970,218984,218953,218962,218966,218966,218977,218990,218966,218984
219006,219021,219038,219047,219063,219014,219027,219040,219008,219018,219026,219026,219033,219046,219026,219038
219063,219078,219095,219102,219121,219072,219084,219096,219066,219076,219082,219082,219090,219101,219082,219096
219121,219137,219153,219161,219179,219130,219143,219155,219124,219134,219138,219138,219149,219161,219138,219153
219179,219195,219211,219220,219239,219188,219201,219214,219183,219193,219197,219197,219207,219219,219197,219213
219239,219254,219271,219279,219297,219247,219259,219273,219242,219252,219256,219256,219266,219278,219256,219272
219297,219312,219329,219337,219354,219305,219318,219331,219299,219310,219314,219314,219325,219335,219314,219330
219354,219369,219386,219394,219412,219363,219375,219388,219357,219367,219371,219371,219381,219394,219371,219386
219412,219427,219444,219452,219470,219420,219433,219445,219415,219424,219428,219428,219439,219451,219428,219444
219470,219485,219502,219512,219530,219479,219491,219505,219473,219483,219489,219489,219497,219512,219489,219502
219530,219545,219561,219570,219589,219538,219551,219564,219533,219543,219548,219548,219557,219569,219548,219562
219589,219604,219622,219631,219648,219598,219610,219624,219593,219602,219607,219607,219617,219629,219607,219623
219648,219663,219680,219690,219706,219656,219670,219682,219651,219661,219667,219667,219676,219688,219665,219667
219706,219721,219738,219747,219763,219715,219727,219740,219709,219719,219724,219724,219734,219745,219724,219739
219763,219778,219795,219804,219820,219771,219784,219797,219766,219776,219781,219781,219791,219802,219781,219796
219820,219834,219852,219860,219874,219827,219840,219853,219822,219832,219836,219836,219847,219858,219836,219852
219874,219889,219906,219914,219930,219882,219894,219908,219877,219886,219891,219891,219902,219913,219891,219907
219930,219944,219962,219970,219985,219937,219950,219964,219932,219942,219946,219946,219957,219969,219946,219962
219985,220000,220017,220026,220040,219993,220007,220019,219988,219997,220004,220004,220013,220023,220001,220004
220040,220055,220072,220081,220096,220048,220061,220074,220042,220054,220061,220061,220067,220079,220061,220072
220096,220111,220128,220135,220150,220104,220117,220129,220098,220109,220116,220116,220122,220134,220116,220128
220150,220165,220182,220191,220205,220158,220170,220184,220153,220163,220168,220168,220177,220189,220168,220183
220205,220220,220237,220245,220260,220213,220226,220239,220208,220218,220223,220223,220232,220244,220223,220238
220260,220274,220292,220300,220314,220268,220280,220293,220262,220272,220278,220278,220287,220298,220278,220292
220314,220329,220346,220354,220368,220322,220334,220347,220317,220327,220333,220333,220341,220353,220333,220346
220368,220382,220400,220408,220421,220376,220388,220401,220370,220380,220386,220386,220394,220406,220386,220399
220421,220435,220453,220462,220475,220429,220441,220455,220423,220433,220441,220441,220447,220461,220441,220452
220475,220489,220507,220514,220528,220482,220495,220508,220477,220487,220491,220491,220502,220513,220491,220507
220528,220543,220560,220569,220583,220536,220549,220562,220531,220540,220549,220549,220556,220568,220545,220549
220583,220598,220615,220624,220639,220591,220604,220617,220586,220596,220604,220604,220610,220622,220604,220615
220639,220653,220670,220679,220694,220647,220659,220672,220641,220651,220657,220657,220665,220677,220657,220670
220694,220709,220726,220735,220750,220702,220715,220728,220697,220707,220712,220712,220722,220733,220712,220727
220750,220765,220782,220790,220806,220758,220771,220784,220752,220762,220772,220772,220777,220788,220772,220782
220806,220821,220838,220846,220862,220814,220827,220840,220808,220819,220826,220826,220833,220845,220826,220838
220862,220876,220893,220902,220916,220870,220882,220895,220864,220874,220881,220881,220887,220901,220881,220893
220916,220930,220951,220956,220969,220923,220936,220952,220918,220928,220935,220935,220940,220956,220935,220943
220969,220984,221001,221005,221021,220977,220990,221001,220971,220981,220986,220986,220996,221006,220986,221001
221021,221037,221052,221058,221075,221029,221043,221053,221023,221034,221043,221043,221048,221057,221043,221052
221075,221091,221106,221113,221130,221083,221096,221107,221077,221088,221096,221096,221101,221113,221096,221105
221130,221145,221160,221167,221185,221137,221151,221162,221132,221141,221145,221145,221156,221165,221144,221145
221185,221199,221216,221221,221240,221193,221204,221217,221187,221197,221201,221201,221211,221222,221201,221217
221240,221255,221271,221278,221295,221247,221261,221272,221241,221251,221261,221261,221266,221276,221261,221271
221295,221309,221325,221331,221349,221302,221315,221326,221296,221307,221312,221312,221320,221330,221312,221325
221349,221364,221380,221385,221403,221357,221369,221381,221351,221361,221366,221366,221375,221385,221366,221380
221403,221417,221462,221473,221512,221411,221424,221466,221406,221415,221430,221442,221460,221470,221418,221434
221512,221527,221543,221551,221567,221521,221533,221545,221515,221525,221530,221530,221539,221549,221530,221543
221567,221581,221599,221605,221620,221575,221586,221600,221569,221579,221584,221584,221591,221605,221584,221599
221620,221634,221650,221658,221674,221628,221640,221652,221622,221632,221637,221637,221645,221660,221637,221649
221674,221688,221706,221713,221728,221682,221695,221707,221676,221686,221690,221690,221701,221713,221690,221706
221728,221742,221759,221766,221782,221736,221748,221761,221730,221740,221745,221745,221754,221766,221745,221759
221782,221798,221814,221822,221840,221791,221804,221816,221786,221795,221803,221803,221810,221820,221799,221803
221840,221854,221871,221881,221896,221848,221860,221873,221842,221852,221856,221856,221866,221883,221856,221871
221896,221911,221928,221935,221952,221905,221917,221929,221899,221909,221913,221913,221923,221933,221913,221928
221952,221967,221985,221993,222009,221961,221972,221987,221955,221965,221969,221969,221978,221993,221969,221987
222009,222023,222040,222048,222063,222017,222029,222042,222011,222021,222027,222027,222035,222046,222027,222041
222063,222078,222095,222105,222119,222072,222084,222098,222066,222077,222083,222083,222090,222104,222083,222095
222119,222133,222176,222186,222226,222180,222187,222205,222175,222184,,,222175,,222189,
222226,222240,222257,222265,222279,222234,222246,222259,222228,222238,222246,222246,222252,222265,222246,222256
222279,222294,222311,222318,222333,222287,222299,222312,222281,222292,222297,222297,222305,222317,222297,222311
222333,222348,222364,222372,222387,222341,222353,222366,222335,222345,222352,222352,222359,222371,222352,222363
222387,222402,222418,222426,222441,222395,222407,222420,222390,222400,222405,222405,222413,222425,222405,222418
222441,222455,222472,222479,222494,222448,222461,222473,222443,222453,222461,222461,222467,222478,222461,222472
222494,222508,222525,222532,222547,222502,222515,222526,222496,222506,222512,222512,222520,222530,222511,222512
222547,222561,222578,222585,222601,222555,222567,222581,222550,222559,222564,222564,222572,222585,222564,222577
222601,222615,222632,222639,222655,222608,222621,222633,222603,222612,222616,222616,222627,222638,222616,222632
222655,222670,222687,222693,222712,222663,222676,222688,222657,222667,222671,222671,222682,222693,222671,222688
222712,222726,222742,222750,222769,222720,222732,222744,222714,222724,222729,222729,222737,222748,222729,222742
222769,222784,222800,222808,222828,222778,222790,222802,222772,222782,222785,222785,222796,222807,222785,222801
222828,222843,222859,222867,222887,222836,222848,222861,222831,222841,222846,222846,222854,222866,222846,222860
222887,222901,222918,222926,222946,222895,222907,222920,222889,222899,222905,222905,222913,222925,222905,222919
222946,222961,222978,222986,223005,222954,222967,222980,222949,222958,222962,222962,222973,222984,222962,222978
223005,223020,223037,223045,223062,223013,223026,223039,223007,223017,223022,223022,223032,223043,223022,223037
223062,223077,223094,223104,223118,223071,223083,223096,223065,223075,223081,223081,223089,223103,223081,223094
223118,223133,223150,223158,223173,223127,223140,223152,223121,223131,223139,223139,223146,223156,223135,223139
223173,223188,223205,223213,223227,223181,223194,223206,223175,223186,223193,223193,223200,223211,223193,223205
223227,223242,223259,223268,223281,223235,223248,223262,223229,223239,223248,223248,223253,223268,223248,223257
223281,223296,223314,223322,223337,223290,223302,223316,223284,223294,223298,223298,223309,223320,223298,223315
223337,223351,223368,223376,223392,223345,223358,223370,223339,223349,223355,223355,223364,223375,223353,223355
223392,223406,223424,223432,223446,223399,223412,223425,223394,223404,223408,223408,223419,223429,223408,223424
223446,223461,223478,223485,223500,223454,223466,223479,223448,223459,223463,223463,223473,223484,223463,223478
223500,223514,223531,223539,223553,223508,223520,223532,223502,223512,223520,223520,223526,223538,223520,223530
223553,223568,223610,223621,223659,223614,223620,223640,223608,223618,,,223608,,223626,
223659,223673,223690,223697,223711,223666,223678,223691,223661,223671,223676,223676,223684,223696,223676,223690
223711,223726,223742,223750,223765,223719,223732,223744,223714,223724,223731,223731,223737,223748,223731,223742
223765,223779,223796,223804,223818,223773,223786,223798,223767,223777,223784,223784,223792,223805,223781,223784
223818,223833,223851,223858,223874,223827,223839,223852,223822,223831,223835,223835,223846,223857,223835,223851
223874,223889,223905,223912,223931,223883,223895,223906,223877,223887,223894,223894,223901,223910,223894,223905
223931,223947,223963,223972,223990,223940,223953,223966,223934,223944,223951,223951,223959,223972,223948,223951
223990,224006,224022,224030,224048,223999,224012,224024,223993,224004,224011,224011,224017,224029,224011,224022
224048,224064,224080,224088,224105,224057,224070,224082,224051,224062,224069,224069,224076,224087,224069,224081
224105,224121,224137,224146,224164,224114,224127,224140,224109,224119,224125,224125,224133,224146,224125,224137
224164,224179,224194,224203,224250,224172,224185,224198,224167,224177,224181,224181,224191,224203,224181,224196
224250,224290,224307,224314,224334,224256,224299,224313,224281,224290,224301,224301,224306,224318,224301,224311
224334,224350,224363,224376,224390,224343,224356,224369,224337,224347,224357,224357,224362,224374,224357,224367
224390,224405,224418,224428,224444,224398,224411,224423,224392,224402,224411,224411,224417,224427,224411,224421
224444,224459,224473,224485,224498,224452,224466,224478,224446,224457,224466,224466,224471,224483,224466,224476
224498,224514,224530,224539,224554,224507,224519,224533,224501,224511,224516,224516,224526,224538,224516,224531
224554,224568,224585,224590,224608,224561,224574,224586,224556,224566,224571,224571,224580,224590,224571,224585
224608,224623,224639,224643,224664,224616,224629,224642,224610,224620,224629,224629,224634,224653,224629,224638
224664,224678,224694,224699,224717,224671,224683,224694,224665,224675,224679,224679,224690,224698,224679,224694
224717,224735,224748,224753,224771,224727,224740,224749,224722,224733,224741,224741,224744,224752,224741,224748
224771,224788,224802,224807,224823,224781,224793,224802,224775,224788,224793,224793,224797,224805,224793,224801
224823,224839,224856,224862,224882,224834,224844,224857,224828,224838,224842,224842,224851,224860,224842,224857
224882,224896,224912,224919,224938,224889,224903,224913,224883,224893,224898,224898,224908,224916,224896,224898
224938,224952,224969,224978,224999,224946,224960,224971,224941,224950,224957,224957,224966,224974,224953,224957
224999,225013,225029,225037,225060,225007,225018,225031,225001,225011,225016,225016,225024,225035,225016,225030
225060,225074,225091,225099,225120,225067,225079,225093,225062,225071,225075,225075,225087,225097,225075,225093
225120,225135,225151,225160,225181,225129,225141,225154,225123,225133,225140,225140,225147,225161,225140,225151
225181,225195,225211,225221,225237,225188,225201,225214,225183,225194,225201,225201,225206,225221,225201,225209
225237,225254,225270,225279,225299,225247,225260,225273,225242,225252,225259,225259,225266,225278,225259,225270
225299,225314,225329,225337,225355,225306,225319,225330,225301,225311,225320,225320,225324,225334,225320,225328
225355,225370,225388,225395,225409,225363,225376,225389,225358,225368,225373,225373,225383,225394,225373,225388
225409,225424,225441,225447,225461,225417,225430,225442,225411,225421,225430,225430,225436,225447,225430,225440
225461,225476,225493,225500,225514,225469,225482,225494,225464,225474,225480,225480,225487,225501,225480,225492
225514,225527,225568,225578,225614,225521,225532,225572,225515,225525,225540,225551,225566,225576,225529,225546
225614,225629,225669,225679,225715,225622,225634,225672,225616,225627,225640,225651,225667,225677,225632,225646
225715,225729,225745,225753,225767,225723,225735,225747,225717,225727,225733,225733,225740,225753,225733,225744
225767,225781,225822,225832,225870,225775,225786,225826,225769,225779,225794,225804,225820,225830,225784,225800
225870,225884,225928,225937,225978,225931,225939,225935,225872,225882,225892,225908,225926,225935,225886,225904
225978,225991,226034,226045,226086,225985,225997,226039,225980,225989,226004,226015,226033,226043,225993,226009
226086,226099,226118,226126,226139,226093,226105,226119,226088,226097,226101,226101,226112,226125,226101,226119
226139,226154,226170,226177,226194,226147,226160,226172,226142,226151,226159,226159,226166,226178,226155,226159
226194,226209,226226,226232,226249,226202,226214,226227,226197,226206,226216,226216,226222,226232,226210,226216
226249,226265,226279,226288,226306,226258,226270,226282,226252,226262,226270,226270,226275,226290,226270,226279
226306,226322,226337,226345,226364,226315,226327,226339,226309,226319,226326,226326,226333,226345,226326,226338
226364,226379,226394,226401,226423,226373,226385,226397,226367,226377,226383,226383,226390,226406,226380,226383
226423,226438,226455,226465,226484,226431,226444,226457,226426,226436,226441,226441,226450,226463,226441,226455
226484,226499,226516,226524,226545,226493,226505,226518,226487,226497,226502,226502,226511,226522,226502,226516
226545,226560,226576,226584,226606,226553,226566,226578,226548,226558,226562,226562,226572,226583,226562,226577
226606,226620,226638,226648,226665,226614,226626,226640,226608,226618,226623,226623,226633,226645,226623,226638
226665,226680,226697,226706,226722,226673,226686,226699,226668,226677,226685,226685,226692,226706,226685,226697
226722,226736,226754,226762,226776,226730,226743,226756,226724,226734,226742,226742,226749,226762,226742,226754
226776,226791,226808,226816,226832,226784,226797,226810,226779,226788,226795,226795,226804,226815,226795,226809
226832,226846,226863,226872,226886,226839,226852,226865,226834,226843,226852,226852,226858,226870,226852,226863
226886,226901,226918,226926,226940,226894,226906,226920,226888,226898,226905,226905,226913,226924,226905,226918
226940,226955,226971,226979,226995,226948,226961,226973,226942,226953,226961,226961,226966,226978,226961,226970
226995,227009,227027,227035,227049,227002,227015,227028,226997,227006,227015,227015,227022,227033,227010,227015
227049,227063,227081,227089,227102,227057,227069,227082,227051,227061,227065,227065,227076,227087,227065,227080
227102,227117,227134,227142,227155,227110,227122,227136,227105,227115,227119,227119,227129,227140,227119,227134
227155,227169,227209,227220,227256,227163,227175,227214,227157,227167,227182,227192,227208,227218,227172,227186
227256,227271,227288,227290,227307,227264,227276,227289,227258,227268,227273,227273,227283,227295,227273,227287
227307,227321,227339,227346,227360,227315,227327,227340,227309,227319,227323,227323,227333,227345,227323,227339
227360,227375,227392,227399,227415,227368,227380,227394,227362,227372,227377,227377,227386,227399,227377,227393
227415,227430,227446,227455,227472,227423,227436,227448,227418,227428,227435,227435,227441,227453,227435,227446
227472,227488,227504,227512,227530,227480,227494,227506,227475,227485,227491,227491,227499,227510,227490,227491
227530,227546,227561,227572,227591,227539,227551,227566,227534,227543,227549,227549,227556,227572,227549,227560
227591,227604,227621,227629,227646,227597,227611,227622,227592,227600,227609,227609,227617,227627,227603,227609
227646,227664,227678,227686,227707,227657,227669,227680,227652,227662,227668,227668,227674,227683,227668,227678
227707,227722,227739,227749,227766,227716,227729,227742,227710,227719,227726,227726,227735,227747,227723,227726
227766,227781,227798,227805,227819,227775,227787,227799,227770,227780,227787,227787,227794,227804,227787,227799
227819,227839,227855,227862,227935,227889,227893,227893,227827,227836,227853,227861,227883,227893,227840,227857
227935,227952,227970,227977,227992,227944,227961,227972,227939,227948,227956,227956,227967,227976,227951,227956
227992,228009,228024,228031,228046,228001,228014,228026,227995,228008,228014,228014,228019,228031,228014,228024
228046,228062,228083,228086,228102,228054,228067,228077,228048,228061,228066,228066,228071,228077,228066,228073
228102,228117,228132,228136,228157,228109,228123,228133,228103,228115,228122,228122,228127,228136,228122,228131
228157,228172,228187,228194,228215,228165,228178,228188,228159,228169,228175,228175,228183,228191,228172,228175
228215,228229,228245,228255,228273,228223,228235,228247,228217,228227,228233,228233,228241,228257,228230,228233
228273,228289,228305,228314,228334,228282,228295,228307,228277,228286,228295,228295,228302,228311,228290,228295
228334,228349,228364,228372,228394,228342,228354,228367,228336,228347,228353,228353,228359,228373,228353,228368
228394,228409,228424,228432,228481,228461,,,228396,228406,228415,228415,228421,228431,228415,228425
228481,228523,228537,228582,228621,228517,228530,228549,228511,228524,228529,228529,228535,228559,228529,228538
228621,228635,228650,228662,228678,228629,228642,228655,228624,228634,228638,228638,228648,228659,228638,228652
228678,228692,228706,228717,228733,228685,228698,228710,228679,228690,228695,228695,228704,228715,228695,228709
228733,228748,228761,228771,228790,228741,228754,228766,228735,228745,228755,228755,228760,228770,228755,228764
228790,228805,228822,228829,228848,228798,228810,228824,228793,228802,228806,228806,228817,228830,228806,228823
228848,228863,228878,228886,228906,228856,228868,228880,228850,228860,228865,228865,228873,228885,228865,228879
228906,228921,228936,228944,228964,228914,228927,228938,228909,228919,228928,228928,228932,228946,228928,228936
228964,228979,228995,229002,229021,228972,228986,228996,228967,228976,228982,228982,228991,229000,228980,228982
229021,229036,229052,229061,229080,229029,229042,229054,229024,229033,229041,229041,229049,229058,229037,229041
229080,229094,229111,229117,229137,229088,229100,229112,229082,229091,229100,229100,229107,229116,229095,229100
229137,229152,229169,229176,229197,229145,229158,229171,229140,229150,229155,229155,229164,229175,229155,229170
229197,229212,229229,229236,229254,229205,229219,229231,229200,229209,229216,229216,229225,229236,229212,229216
229254,229270,229287,229295,229313,229263,229276,229289,229258,229268,229273,229273,229283,229293,229273,229287
229313,229328,229345,229354,229371,229321,229334,229347,229316,229325,229331,229331,229340,229353,229331,229345
229371,229386,229402,229412,229427,229379,229391,229405,229373,229383,229388,229388,229397,229413,229388,229401
229427,229442,229460,229467,229483,229435,229448,229462,229430,229439,229445,229445,229454,229466,229443,229445
229483,229497,229515,229522,229537,229490,229503,229516,229484,229494,229503,229503,229510,229521,229503,229515
229537,229553,229569,229577,229594,229546,229559,229571,229540,229551,229556,229556,229565,229576,229556,229570
229594,229610,229625,229632,229650,229603,229616,229627,229597,229607,229617,229617,229621,229631,229617,229625
229650,229666,229682,229689,229707,229659,229672,229684,229654,229663,229667,229667,229678,229688,229667,229683
229707,229723,229739,229746,229765,229716,229728,229741,229711,229720,229725,229725,229735,229746,229725,229739
229765,229781,229797,229805,229824,229774,229786,229799,229769,229779,229783,229783,229793,229804,229783,229798
229824,229840,229857,229865,229883,229833,229846,229859,229828,229837,229841,229841,229852,229865,229841,229858
229883,229898,229915,229922,229940,229891,229905,229917,229886,229896,229906,229906,229911,229922,229906,229915
229940,229955,229972,229981,229997,229949,229961,229974,229943,229953,229957,229957,229967,229980,229957,229972
229997,230011,230028,230036,230051,230004,230017,230030,229999,230008,230013,230013,230023,230035,230013,230028
230051,230066,230083,230090,230107,230060,230072,230085,230054,230064,230072,230072,230078,230090,230072,230083
230107,230123,230139,230148,230164,230116,230128,230141,230111,230120,230124,230124,230134,230148,230124,230139
230164,230179,230196,230204,230221,230173,230185,230198,230167,230177,230184,230184,230191,230203,230184,230197
230221,230236,230253,230263,230278,230230,230242,230256,230224,230234,230238,230238,230249,230262,230238,230254
230278,230293,230311,230319,230334,230286,230299,230313,230281,230291,230295,230295,230305,230318,230295,230312
230334,230349,230366,230375,230390,230342,230355,230368,230337,230347,230351,230351,230361,230374,230351,230366
230390,230405,230422,230430,230445,230398,230411,230423,230392,230402,230409,230409,230417,230429,230409,230421
230445,230459,230477,230485,230499,230453,230465,230478,230447,230457,230463,230463,230471,230483,230463,230477
230499,230513,230531,230539,230552,230507,230519,230532,230501,230512,230517,230517,230526,230537,230517,230532
230552,230566,230584,230591,230604,230559,230572,230585,230554,230564,230569,230569,230578,230589,230569,230583
230604,230618,230636,230643,230656,230612,230625,230637,230606,230616,230625,230625,230631,230641,230625,230636
230656,230670,230687,230694,230708,230663,230676,230689,230658,230668,230676,230676,230682,230693,230676,230687
230708,230722,230739,230747,230762,230716,230728,230741,230710,230720,230725,230725,230734,230747,230725,230739
230762,230777,230793,230801,230816,230770,230783,230795,230764,230774,230783,230783,230789,230799,230783,230793
230816,230831,230848,230856,230871,230824,230837,230850,230819,230829,230834,230834,230843,230855,230834,230848
230871,230886,230903,230910,230927,230880,230891,230904,230874,230884,230889,230889,230898,230910,230889,230903
230927,230942,230958,230967,230983,230935,230947,230961,230929,230940,230946,230946,230953,230966,230946,230958
230983,230997,231015,231023,231039,230991,231003,231017,230985,230995,231000,231000,231010,231022,231000,231015
231039,231053,231070,231078,231094,231047,231059,231071,231041,231051,231056,231056,231065,231077,231056,231070
231094,231109,231125,231134,231151,231102,231115,231127,231097,231107,231111,231111,231121,231132,231111,231125
231151,231166,231182,231190,231206,231159,231171,231184,231153,231163,231169,231169,231177,231189,231169,231182
231206,231222,231238,231245,231263,231215,231228,231240,231209,231219,231224,231224,231234,231249,231224,231238
231263,231279,231295,231303,231320,231272,231284,231298,231266,231276,231282,231282,231290,231303,231282,231294
231320,231335,231352,231358,231375,231328,231342,231353,231322,231332,231339,231339,231347,231358,231335,231339
231375,231391,231406,231417,231431,231384,231397,231408,231378,231388,231398,231398,231402,231412,231398,231406
231431,231445,231462,231471,231485,231438,231451,231464,231432,231443,231452,231452,231457,231471,231452,231461
231485,231500,231518,231524,231540,231494,231505,231519,231488,231498,231508,231508,231515,231523,231502,231508
231540,231554,231572,231577,231593,231547,231559,231572,231541,231551,231557,231557,231567,231577,231557,231573
231593,231608,231624,231633,231647,231601,231614,231626,231595,231606,231613,231613,231619,231635,231613,231623
231647,231662,231676,231686,231703,231655,231667,231679,231649,231660,231666,231666,231672,231679,231666,231675
231703,231718,231733,231739,231758,231711,231724,231734,231705,231715,231724,231724,231729,231737,231724,231732
231758,231774,231790,231797,231817,231767,231780,231791,231761,231771,231779,231779,231786,231795,231775,231779
231817,231832,231848,231855,231873,231825,231838,231850,231819,231829,231839,231839,231844,231853,231839,231848
231873,231888,231905,231914,231930,231882,231893,231907,231876,231886,231890,231890,231900,231915,231890,231905
231930,231945,231962,231969,231985,231938,231951,231963,231933,231942,231950,231950,231957,231968,231946,231950
231985,232000,232017,232026,232041,231994,232006,232020,231988,231998,232004,232004,232012,232025,232004,232017
232041,232055,232073,232080,232095,232048,232061,232075,232043,232053,232058,232058,232068,232079,232058,232074
232095,232110,232127,232133,232149,232103,232117,232128,232097,232108,232117,232117,232123,232133,232117,232127
232149,232164,232181,232189,232203,232157,232169,232183,232151,232162,232169,232169,232175,232189,232169,232179
232203,232218,232235,232242,232256,232211,232223,232236,232205,232216,232222,232222,232228,232242,232222,232236
232256,232270,232287,232294,232308,232263,232276,232288,232258,232268,232274,232274,232282,232293,232274,232287
232308,232322,232339,232346,232360,232316,232328,232340,232311,232320,232325,232325,232334,232345,232325,232339
232360,232375,232392,232399,232413,232368,232381,232393,232362,232372,232382,232382,232387,232398,232382,232391
232413,232427,232444,232450,232466,232421,232433,232445,232415,232425,232430,232430,232438,232450,232430,232443
232466,232480,232497,232504,232520,232474,232486,232499,232468,232478,232482,232482,232492,232505,232482,232496
232520,232535,232552,232559,232577,232528,232541,232554,232523,232532,232537,232537,232547,232558,232537,232552
232577,232593,232609,232617,232638,232586,232598,232611,232581,232590,232594,232594,232605,232617,232594,232609
232638,232654,232670,232678,232701,232647,232660,232672,232642,232652,232657,232657,232666,232677,232657,232671
232701,232718,232734,232742,232764,232711,232723,232736,232706,232715,232720,232720,232730,232742,232720,232735
232764,232781,232797,232806,232828,232774,232786,232800,232769,232779,232783,232783,232793,232804,232783,232798
232828,232843,232860,232868,232889,232836,232849,232862,232831,232840,232844,232844,232855,232867,232844,232861
232889,232905,232922,232930,232950,232898,232911,232924,232893,232903,232907,232907,232918,232929,232907,232923
232950,232965,232982,232990,233008,232958,232971,232984,232953,232963,232967,232967,232978,232989,232967,232982
233008,233024,233041,233049,233066,233017,233029,233044,233011,233021,233026,233026,233036,233049,233026,233043
233066,233081,233098,233106,233121,233074,233088,233100,233069,233078,233084,233084,233094,233105,233082,233084
233121,233136,233153,233161,233175,233130,233143,233155,233124,233134,233142,233142,233148,233159,233142,233153
233175,233190,233208,233215,233229,233184,233196,233210,233178,233188,233194,233194,233203,233214,233194,233209
233229,233244,233261,233270,233284,233237,233250,233264,233231,233241,233246,233246,233256,233270,233246,233261
233284,233299,233316,233324,233338,233292,233305,233318,233286,233296,233304,233304,233311,233324,233304,233315
233338,233353,233371,233379,233394,233347,233359,233373,233341,233351,233356,233356,233366,233377,233356,233372
233394,233408,233425,233432,233449,233402,233414,233427,233396,233406,233412,233412,233420,233432,233412,233425
233449,233464,233481,233489,233505,233458,233470,233483,233452,233462,233466,233466,233476,233488,233466,233481
233505,233521,233537,233546,233563,233514,233527,233539,233509,233518,233526,233526,233533,233544,233523,233526
233563,233578,233595,233603,233620,233572,233584,233596,233566,233576,233580,233580,233590,233601,233580,233595
233620,233635,233652,233660,233677,233629,233641,233654,233623,233633,233638,233638,233647,233660,233638,233652
233677,233692,233708,233717,233732,233685,233698,233710,233680,233689,233694,233694,233704,233715,233694,233708
233732,233747,233764,233773,233786,233740,233753,233767,233735,233745,233749,233749,233759,233772,233749,233763
233786,233801,233818,233826,233841,233794,233807,233820,233789,233799,233805,233805,233812,233826,233805,233817
233841,233856,233873,233882,233898,233850,233863,233875,233844,233854,233860,233860,233869,233881,233859,233860
233898,233913,233929,233938,233956,233907,233919,233932,233901,233911,233918,233918,233925,233938,233918,233929
233956,233972,233988,233996,234016,233965,233978,233991,233960,233970,233974,233974,233984,233995,233974,233990
234016,234031,234048,234057,234075,234024,234037,234050,234019,234029,234033,234033,234043,234056,234033,234048
234075,234090,234107,234114,234133,234083,234096,234108,234078,234088,234093,234093,234102,234113,234093,234107
234133,234149,234165,234175,234190,234142,234154,234167,234136,234146,234153,234153,234160,234175,234153,234165
234190,234206,234222,234230,234247,234199,234211,234224,234193,234203,234209,234209,234218,234228,234209,234222
234247,234261,234279,234287,234302,234255,234268,234281,234249,234259,234264,234264,234274,234286,234264,234279
234302,234316,234334,234342,234356,234310,234322,234336,234304,234314,234320,234320,234328,234342,234320,234334
234356,234371,234388,234395,234411,234365,234377,234389,234359,234369,234374,234374,234383,234393,234374,234388
234411,234426,234443,234451,234468,234420,234432,234445,234414,234424,234429,234429,234439,234450,234429,234444
234468,234484,234500,234508,234527,234477,234489,234502,234472,234482,234487,234487,234495,234506,234487,234500
234527,234542,234559,234567,234587,234535,234548,234561,234530,234540,234544,234544,234555,234566,234544,234559
234587,234602,234619,234627,234648,234595,234608,234621,234590,234600,234605,234605,234614,234626,234605,234620
234648,234663,234680,234689,234709,234657,234669,234683,234651,234661,234667,234667,234675,234688,234667,234681
234709,234724,234741,234750,234770,234718,234730,234744,234712,234722,234727,234727,234737,234749,234727,234743
234770,234785,234802,234811,234828,234778,234791,234805,234773,234783,234787,234787,234798,234809,234787,234803
234828,234843,234860,234869,234885,234837,234849,234862,234831,234841,234846,234846,234855,234867,234846,234860
234885,234900,234917,234926,234942,234893,234906,234919,234888,234898,234902,234902,234912,234926,234902,234917
234942,234957,234974,234981,234999,234950,234962,234976,234945,234954,234959,234959,234969,234980,234959,234974
234999,235014,235031,235039,235056,235008,235020,235033,235002,235012,235016,235016,235026,235037,235016,235031
235056,235072,235088,235097,235114,235065,235077,235091,235059,235069,235074,235074,235084,235095,235074,235089
235114,235130,235146,235156,235174,235123,235136,235149,235118,235128,235134,235134,235142,235155,235134,235146
235174,235189,235206,235216,235233,235183,235195,235209,235177,235187,235192,235192,235202,235213,235192,235207
235233,235249,235266,235273,235292,235242,235255,235267,235237,235247,235251,235251,235261,235272,235251,235266
235292,235307,235324,235334,235349,235301,235313,235327,235296,235305,235310,235310,235320,235332,235310,235325
235349,235366,235382,235393,235408,235359,235372,235385,235354,235364,235371,235371,235378,235391,235371,235384
235408,235423,235470,235482,235522,235474,235481,235479,235411,235421,235435,235448,235468,235479,235429,235440
235522,235535,235570,235556,235576,235529,235544,235555,235523,235533,235542,235542,235549,235561,235537,235542
235576,235596,235609,235618,235635,235585,235599,235611,235579,235590,235595,235595,235605,235616,235595,235611
235635,235649,235668,235671,235690,235642,235658,235670,235635,235646,235656,235656,235664,235674,235650,235656
235690,235706,235722,235725,235743,235698,235711,235722,235693,235703,235714,235714,235718,235726,235706,235714
235743,235764,235778,235787,235892,235756,235772,235782,235751,235760,235776,235784,235810,235819,235763,235780
235892,235930,235945,235950,235972,235899,235937,235949,235892,235902,235920,235929,235944,235953,235905,235925
235972,235987,235997,236013,236031,235982,235990,236005,235977,235986,235989,235989,235995,236010,235989,235997
236031,236046,236060,236072,236092,236040,236050,236064,236034,236045,236049,236049,236059,236069,236049,236064
236092,236107,236119,236130,236150,236100,236112,236124,236094,236104,236111,236111,236118,236129,236111,236125
236150,236167,236182,236188,236212,236160,236174,236183,236155,236163,236170,236170,236179,236187,236166,236170
236212,236227,236244,236253,236270,236220,236233,236248,236214,236224,236228,236228,236239,236253,236228,236248
236270,236285,236301,236308,236327,236278,236291,236303,236272,236283,236292,236292,236297,236306,236292,236301
236327,236342,236357,236360,236380,236335,236348,236359,236329,236339,236348,236348,236353,236361,236348,236356
236380,236398,236415,236421,236438,236391,236405,236417,236386,236395,236404,236404,236412,236422,236399,236404
236438,236453,236471,236477,236492,236446,236457,236472,236440,236450,236454,236454,236464,236477,236454,236473
236492,236506,236522,236528,236541,236499,236511,236523,236493,236503,236511,236511,236516,236530,236511,236520
236541,236556,236574,236579,236591,236549,236562,236575,236543,236554,236558,236558,236570,236580,236558,236575
236591,236607,236623,236629,236641,236600,236612,236624,236594,236604,236611,236611,236617,236630,236611,236621
236641,236656,236674,236681,236694,236651,236663,236675,236646,236655,236658,236658,236669,236681,236658,236673
236694,236709,236724,236732,236777,236702,236715,236726,236696,236706,236712,236712,236721,236730,236710,236712
236777,236817,236834,236842,236862,236811,236820,236824,236806,236815,236818,236818,236822,236826,236818,236824
236862,236876,236888,236900,236919,236870,236881,236893,236865,236874,236879,236879,236886,236899,236879,236891
236919,236933,236947,236962,236980,236927,236940,236952,236922,236931,236936,236936,236945,236952,236935,236936
236980,236994,237046,237057,237102,237050,237058,237074,237045,237054,,,237045,,237057,
237102,237115,237131,237137,237163,237109,237122,237133,237104,237113,237118,237118,237127,237138,237116,237118
237163,237178,237195,237203,237217,237171,237185,237197,237166,237175,237182,237182,237191,237201,237178,237182
237217,237241,237291,237309,237350,237296,237302,237299,237228,237237,237250,237268,237289,237299,237241,237265
237350,237363,237380,237386,237409,237357,237370,237383,237352,237361,237369,237369,237376,237391,237369,237380
237409,237424,237439,237447,237464,237416,237430,237441,237410,237421,237430,237430,237435,237445,237430,237439
237464,237481,237497,237504,237523,237474,237487,237499,237468,237478,237487,237487,237493,237506,237481,237487
237523,237538,237554,237561,237580,237531,237544,237556,237525,237535,237542,237542,237550,237561,237539,237542
237580,237595,237612,237620,237637,237588,237601,237614,237583,237593,237596,237596,237608,237619,237596,237612
237637,237652,237670,237676,237693,237644,237658,237671,237639,237648,237652,237652,237664,237676,237652,237671
237693,237708,237725,237732,237749,237701,237715,237726,237696,237705,237716,237716,237720,237730,237716,237725
237749,237763,237780,237787,237803,237756,237769,237781,237751,237760,237766,237766,237775,237787,237764,237766
237803,237817,237835,237841,237854,237810,237822,237835,237805,237815,237820,237820,237828,237841,237820,237836
237854,237871,237888,237895,237912,237864,237876,237890,237858,237868,237874,237874,237881,237895,237874,237891
237912,237925,237957,237941,237961,237918,237931,237940,237912,237921,237926,237926,237935,237949,237923,237926
237961,237977,237992,237997,238016,237970,237983,237994,237964,237974,237981,237981,237988,237999,237981,237992
238016,238031,238045,238049,238071,238024,238036,238046,238018,238028,238036,238036,238041,238049,238036,238045
238071,238085,238102,238110,238125,238078,238091,238103,238073,238082,238089,238089,238097,238108,238087,238089
238125,238140,238157,238165,238182,238134,238146,238160,238129,238138,238142,238142,238153,238166,238142,238157
238182,238197,238213,238220,238237,238191,238203,238215,238185,238195,238204,238204,238209,238219,238204,238214
238237,238254,238270,238275,238295,238247,238260,238271,238241,238251,238258,238258,238266,238275,238255,238258
238295,238310,238327,238333,238351,238303,238315,238328,238298,238307,238311,238311,238322,238334,238311,238327
238351,238367,238383,238389,238408,238360,238372,238384,238354,238365,238370,238370,238377,238390,238370,238385
238408,238423,238438,238445,238465,238416,238427,238440,238410,238421,238426,238426,238432,238446,238426,238440
238465,238479,238497,238503,238520,238472,238485,238498,238466,238476,238483,238483,238491,238503,238480,238483
238520,238535,238550,238558,238574,238528,238540,238552,238522,238533,238539,238539,238544,238559,238539,238548
238574,238589,238605,238612,238629,238582,238595,238606,238577,238586,238591,238591,238601,238610,238590,238591
238629,238643,238660,238666,238681,238636,238648,238661,238630,238641,238646,238646,238654,238666,238646,238660
238681,238695,238712,238719,238733,238688,238701,238713,238683,238693,238699,238699,238707,238718,238697,238699
238733,238748,238790,238800,238839,238794,238800,238797,238736,238746,238759,238771,238788,238797,238750,238764
238839,238853,238870,238878,238893,238846,238859,238872,238841,238850,238857,238857,238865,238878,238854,238857
238893,238908,238925,238932,238950,238902,238914,238927,238896,238906,238910,238910,238920,238930,238910,238925
238950,238965,238982,238987,239007,238959,238971,238983,238954,238963,238968,238968,238977,238988,238968,238982
239007,239024,239041,239044,239057,239017,239029,239043,239012,239022,239027,239027,239035,239047,239027,239041
239057,239083,239131,239145,239186,239135,239140,239139,239070,239080,239095,239102,239129,239139,239084,239098
239186,239200,239213,239220,239242,239193,239206,239219,239188,239198,239203,239203,239212,239224,239203,239217
239242,239257,239269,239280,239294,239250,239263,239274,239244,239254,239264,239264,239268,239278,239264,239273
239294,239310,239352,239362,239401,239303,239315,239356,239297,239307,239321,239333,239350,239360,239312,239328
239401,239417,239434,239443,239456,239410,239422,239436,239404,239415,239421,239421,239428,239441,239421,239434
239456,239471,239489,239496,239510,239464,239476,239491,239458,239468,239474,239474,239482,239496,239474,239488
239510,239524,239541,239549,239564,239518,239531,239543,239513,239522,239529,239529,239537,239547,239526,239529
239564,239579,239597,239602,239619,239573,239587,239598,239567,239576,239585,239585,239593,239603,239580,239585
239619,239635,239651,239658,239676,239628,239641,239654,239622,239633,239637,239637,239647,239657,239637,239652
239676,239692,239708,239715,239734,239685,239698,239710,239678,239690,239697,239697,239703,239714,239697,239708
239734,239749,239765,239774,239791,239743,239755,239768,239737,239748,239754,239754,239760,239774,239754,239765
239791,239806,239823,239830,239849,239800,239812,239825,239794,239804,239809,239809,239818,239830,239809,239823
239849,239864,239880,239887,239907,239857,239869,239882,239851,239861,239865,239865,239876,239888,239865,239881
239907,239922,239939,239947,239966,239915,239928,239941,239910,239919,239928,239928,239934,239945,239923,239928
239966,239981,239998,240006,240026,239975,239987,240000,239969,239979,239983,239983,239994,240005,239983,239999
240026,240041,240059,240066,240086,240035,240048,240061,240029,240039,240049,240049,240055,240065,240043,240049
240086,240101,240118,240127,240144,240094,240107,240121,240089,240099,240103,240103,240114,240126,240103,240119
240144,240160,240176,240186,240203,240153,240166,240179,240148,240158,240166,240166,240172,240187,240166,240176
240203,240218,240235,240243,240260,240211,240224,240237,240206,240216,240221,240221,240231,240242,240221,240236
240260,240275,240292,240301,240315,240268,240281,240294,240263,240273,240281,240281,240287,240299,240281,240292
240315,240331,240348,240357,240371,240324,240337,240350,240319,240328,240333,240333,240344,240355,240333,240349
240371,240385,240406,240409,240422,240379,240393,240408,240374,240384,240393,240393,240401,240412,240388,240393
240422,240443,240457,240469,240536,240435,240448,240489,240429,240440,240455,240467,240483,240494,240447,240461
240536,240552,240568,240577,240591,240544,240557,240570,240539,240549,240557,240557,240563,240574,240557,240568
240591,240606,240623,240630,240646,240599,240612,240625,240593,240603,240611,240611,240618,240630,240611,240623
240646,240660,240677,240685,240700,240653,240665,240680,240648,240658,240663,240663,240671,240685,240663,240675
240700,240716,240732,240739,240755,240708,240722,240733,240702,240713,240722,240722,240727,240737,240722,240731
240755,240771,240785,240794,240810,240763,240776,240790,240757,240768,240775,240775,240780,240796,240775,240784
240810,240824,240841,240849,240862,240818,240830,240843,240812,240822,240829,240829,240836,240849,240829,240840
240862,240878,240895,240901,240915,240870,240884,240896,240864,240875,240884,240884,240889,240902,240884,240897
240915,240931,240946,240952,240970,240923,240937,240948,240917,240929,240936,240936,240942,240953,240936,240946
240970,240985,241002,241009,241026,240978,240990,241003,240972,240982,240987,240987,240997,241008,240987,241003
241026,241041,241073,241059,241083,241034,241046,241058,241028,241038,241043,241043,241052,241063,241043,241058
241083,241098,241114,241121,241140,241091,241105,241116,241085,241095,241105,241105,241110,241126,241105,241114
241140,241156,241170,241177,241198,241149,241162,241172,241143,241153,241162,241162,241166,241176,241162,241170
241198,241214,241231,241239,241255,241207,241221,241233,241201,241212,241221,241221,241227,241239,241221,241232
241255,241272,241289,241294,241312,241264,241279,241291,241258,241268,241273,241273,241284,241295,241272,241273
241312,241328,241347,241354,241368,241321,241334,241349,241315,241325,241331,241331,241342,241353,241331,241349
241368,241383,241400,241405,241421,241376,241389,241401,241370,241381,241389,241389,241395,241407,241389,241399
241421,241436,241454,241456,241474,241429,241443,241455,241424,241434,241441,241441,241449,241460,241438,241441
241474,241489,241506,241512,241527,241482,241495,241507,241477,241487,241491,241491,241501,241511,241491,241506
241527,241542,241559,241567,241581,241535,241548,241561,241530,241540,241547,241547,241554,241568,241547,241558
241581,241596,241613,241620,241635,241589,241602,241615,241583,241594,241599,241599,241608,241619,241599,241614
241635,241650,241667,241674,241689,241643,241656,241668,241637,241647,241655,241655,241662,241673,241655,241667
241689,241704,241721,241728,241744,241697,241709,241722,241691,241701,241706,241706,241716,241727,241706,241721
241744,241758,241775,241782,241798,241752,241764,241776,241746,241756,241762,241762,241770,241782,241762,241775
241798,241813,241830,241838,241854,241807,241819,241833,241801,241811,241816,241816,241825,241839,241816,241830
241854,241869,241885,241893,241910,241862,241874,241887,241857,241866,241871,241871,241880,241895,241871,241885
241910,241925,241941,241949,241966,241919,241931,241943,241913,241923,241929,241929,241937,241948,241929,241942
241966,241981,241998,242006,242021,241975,241987,242000,241969,241979,241984,241984,241993,242005,241984,241999
242021,242036,242053,242060,242075,242029,242042,242055,242024,242034,242040,242040,242048,242060,242040,242053
242075,242090,242106,242113,242128,242083,242096,242108,242077,242087,242095,242095,242101,242112,242095,242106
242128,242143,242160,242167,242181,242136,242148,242161,242131,242140,242145,242145,242154,242167,242145,242159
242181,242195,242212,242219,242235,242189,242201,242213,242183,242193,242198,242198,242207,242218,242198,242212
242235,242249,242266,242275,242290,242243,242255,242268,242237,242247,242252,242252,242261,242274,242252,242265
242290,242304,242322,242330,242344,242298,242310,242323,242292,242302,242306,242306,242317,242329,242306,242322
242344,242359,242376,242384,242399,242353,242365,242378,242347,242357,242362,242362,242371,242383,242362,242377
242399,242413,242431,242438,242454,242407,242419,242432,242401,242411,242416,242416,242425,242438,242416,242431
242454,242468,242485,242493,242508,242462,242474,242487,242456,242466,242471,242471,242480,242493,242471,242484
242508,242523,242539,242548,242562,242516,242528,242541,242510,242520,242527,242527,242534,242546,242527,242539
242562,242577,242594,242602,242616,242570,242582,242595,242564,242574,242580,242580,242588,242601,242580,242594
242616,242631,242648,242655,242669,242624,242636,242649,242618,242628,242633,242633,242643,242654,242633,242648
242669,242683,242701,242704,242721,242677,242689,242703,242671,242681,242688,242688,242695,242708,242688,242701
242721,242735,242752,242759,242773,242729,242741,242753,242723,242733,242738,242738,242747,242758,242738,242752
242773,242787,242805,242812,242825,242781,242793,242806,242775,242785,242793,242793,242799,242811,242793,242804
242825,242840,242857,242864,242877,242833,242846,242858,242828,242838,242845,242845,242852,242863,242842,242845
242877,242893,242909,242915,242929,242886,242898,242910,242881,242891,242896,242896,242904,242914,242896,242909
242929,242944,242961,242963,242980,242937,242949,242962,242932,242942,242948,242948,242955,242968,242948,242959
242980,242995,243012,243018,243033,242988,243001,243013,242982,242993,242999,242999,243006,243017,242999,243012
243033,243047,243063,243070,243087,243040,243053,243065,243035,243045,243052,243052,243058,243071,243052,243062
243087,243102,243118,243124,243144,243096,243108,243120,243090,243100,243105,243105,243114,243124,243105,243118
243144,243160,243176,243181,243204,243153,243166,243177,243147,243157,243162,243162,243172,243181,243162,243176
243204,243220,243236,243244,243265,243213,243226,243238,243207,243217,243226,243226,243233,243242,243220,243226
243265,243281,243298,243305,243321,243273,243286,243300,243268,243278,243284,243284,243292,243306,243284,243298
243321,243337,243354,243363,243376,243329,243343,243357,243323,243334,243342,243342,243348,243364,243342,243352
243376,243390,243409,243416,243429,243383,243396,243410,243377,243388,243394,243394,243403,243414,243394,243409
243429,243443,243462,243468,243481,243436,243450,243463,243431,243441,243447,243447,243456,243467,243447,243462
243481,243496,243513,243519,243532,243489,243501,243514,243483,243493,243498,243498,243508,243519,243498,243512
243532,243548,243567,243571,243584,243541,243555,243570,243535,243545,243548,243548,243561,243573,243548,243568
243584,243600,243618,243623,243641,243593,243606,243622,243588,243597,243601,243601,243613,243633,243601,243619
243641,243657,243698,243680,243725,243647,243662,243673,243641,243651,243654,243656,243666,243673,243652,243656
243725,243762,243777,243782,243805,243757,243764,243769,243752,243759,243762,243762,243765,243769,243762,243767
243805,243820,243835,243840,243856,243814,243828,243839,243809,243818,243825,243825,243834,243843,243821,243825
243856,243874,243892,243910,243970,243923,243929,243927,243864,243873,243881,243910,243918,243927,243876,243907
243970,243984,243998,244008,244021,243977,243991,244007,243970,243981,243991,243991,243996,244013,243991,244000
244021,244034,244055,244057,244072,244027,244043,244056,244021,244030,244036,244036,244052,244060,244032,244036
244072,244088,244119,244104,244122,244080,244094,244103,244075,244084,244089,244089,244098,244109,244087,244089
244122,244136,244172,244185,244218,244178,244183,244202,244171,244183,,,244171,,244188,
244218,244231,244250,244252,244266,244226,244236,244251,244220,244230,244235,244235,244241,244259,244235,244247
244266,244280,244299,244301,244315,244273,244286,244300,244268,244277,244282,244282,244293,244306,244282,244298
244315,244329,244360,244345,244363,244322,244334,244344,244316,244329,244334,244334,244339,244347,244334,244342
244363,244379,244397,244403,244417,244372,244386,244398,244366,244376,244384,244384,244393,244401,244380,244384
244417,244431,244447,244452,244472,244425,244438,244448,244420,244429,244439,244439,244443,244451,244439,244447
244472,244487,244503,244509,244530,244480,244492,244504,244474,244484,244494,244494,244499,244508,244487,244494
244530,244545,244560,244566,244590,244538,244551,244562,244533,244542,244550,244550,244556,244568,244550,244559
244590,244606,244622,244630,244650,244599,244611,244625,244594,244603,244608,244608,244617,244630,244608,244625
244650,244666,244683,244689,244710,244659,244673,244686,244653,244664,244669,244669,244679,244689,244669,244684
244710,244727,244741,244744,244769,244720,244734,244743,244715,244724,244730,244730,244738,244745,244727,244730
244769,244785,244803,244810,244824,244778,244791,244805,244772,244782,244789,244789,244798,244809,244789,244805
244824,244838,244858,244860,244875,244832,244844,244859,244826,244837,244843,244843,244848,244863,244843,244851
244875,244891,244909,244915,244928,244884,244897,244911,244878,244888,244894,244894,244902,244916,244894,244911
244928,244942,244960,244965,244977,244936,244948,244961,244930,244940,244944,244944,244955,244964,244944,244960
244977,244994,245011,245014,245030,244987,245000,245013,244981,244992,244997,244997,245006,245019,244997,245013
245030,245044,245063,245068,245082,245038,245049,245064,245032,245042,245053,245053,245059,245068,245046,245053
245082,245096,245115,245119,245134,245089,245102,245118,245084,245093,245102,245102,245108,245123,245102,245111
245134,245149,245166,245173,245189,245143,245155,245167,245137,245147,245151,245151,245162,245171,245151,245167
245189,245204,245221,245228,245243,245197,245210,245222,245191,245201,245208,245208,245215,245227,245208,245220
245243,245258,245276,245285,245298,245251,245264,245278,245246,245256,245260,245260,245271,245283,245260,245277
245298,245313,245330,245339,245353,245306,245318,245333,245300,245311,245316,245316,245324,245338,245316,245331
245353,245367,245386,245394,245407,245361,245373,245387,245356,245365,245369,245369,245381,245392,245369,245386
245407,245421,245466,245476,245515,245415,245428,245469,245410,245419,245434,245449,245464,245473,245423,245438
245515,245529,245547,245549,245564,245522,245535,245548,245516,245527,245534,245534,245540,245553,245534,245544
245564,245580,245598,245600,245615,245573,245586,245599,245568,245577,245582,245582,245593,245603,245582,245598
245615,245629,245648,245650,245664,245623,245635,245649,245617,245627,245632,245632,245642,245653,245632,245648
245664,245679,245717,245728,245763,245672,245685,245721,245667,245676,245691,245704,245716,245726,245681,245696
245763,245777,245816,245826,245862,245770,245783,245820,245765,245775,245789,245804,245814,245824,245780,245794
245862,245876,245894,245900,245913,245869,245881,245894,245864,245873,245877,245877,245888,245899,245877,245893
245913,245927,245944,245951,245964,245920,245932,245945,245915,245924,245929,245929,245938,245950,245929,245944
245964,245978,245995,245998,246016,245972,245984,245997,245966,245976,245981,245981,245990,246004,245981,245994
246016,246030,246047,246055,246068,246024,246036,246048,246018,246028,246034,246034,246042,246052,246034,246047
246068,246082,246100,246102,246120,246076,246088,246101,246070,246080,246089,246089,246095,246106,246089,246100
246120,246134,246175,246185,246223,246128,246140,246179,246122,246132,246146,246159,246173,246183,246137,246150
246223,246237,246276,246287,246322,246231,246243,246280,246225,246235,246250,246265,246275,246285,246239,246254
246322,246336,246354,246355,246371,246329,246342,246354,246323,246334,246339,246339,246348,246359,246339,246352
246371,246385,246403,246405,246419,246379,246390,246404,246373,246383,246388,246388,246397,246409,246388,246403
246419,246433,246452,246454,246467,246427,246439,246453,246421,246432,246437,246437,246446,246457,246437,246451
246467,246482,246499,246501,246517,246475,246488,246500,246470,246480,246487,246487,246493,246505,246487,246498
246517,246531,246569,246579,246615,246524,246536,246573,246518,246529,246542,246554,246567,246577,246534,246547
246615,246629,246647,246649,246666,246623,246635,246648,246617,246627,246633,246633,246641,246653,246633,246648
246666,246680,246698,246700,246717,246674,246686,246699,246668,246678,246684,246684,246692,246704,246684,246697
246717,246732,246749,246757,246770,246725,246738,246751,246719,246729,246738,246738,246744,246756,246738,246748
246770,246784,246825,246836,246874,246777,246789,246829,246772,246782,246795,246809,246823,246833,246788,246804
246874,246889,246931,246941,246981,246882,246895,246934,246876,246887,246901,246915,246929,246938,246892,246911
246981,246994,247035,247046,247083,246987,247001,247039,246982,246991,247007,247024,247033,247044,246994,247015
247083,247097,247114,247117,247133,247090,247103,247115,247085,247094,247099,247099,247107,247119,247098,247099
247133,247147,247184,247196,247230,247189,247195,247194,247135,247146,247158,247172,247182,247194,247152,247168
247230,247244,247263,247264,247278,247238,247250,247263,247232,247243,247248,247248,247256,247269,247248,247262
247278,247294,247311,247312,247327,247287,247299,247311,247280,247292,247298,247298,247305,247315,247298,247310
247327,247342,247359,247362,247377,247335,247348,247361,247329,247340,247347,247347,247353,247370,247347,247357
247377,247391,247409,247413,247426,247384,247397,247410,247379,247388,247397,247397,247404,247418,247392,247397
247426,247442,247459,247462,247477,247434,247449,247461,247427,247441,247448,247448,247453,247465,247448,247458
247477,247492,247510,247512,247528,247485,247498,247511,247479,247490,247497,247497,247504,247516,247497,247511
247528,247542,247560,247562,247579,247536,247549,247561,247530,247540,247549,247549,247555,247565,247549,247559
247579,247593,247632,247612,247657,247636,,,247581,247591,247597,247597,247605,247616,247597,247611
247657,247691,247704,,247727,247685,247697,247711,247680,247690,247694,247694,247704,247715,247694,247709
247727,247741,247754,247762,247776,247735,247748,247761,247729,247739,247748,247748,247754,247767,247748,247758
247776,247789,247804,247811,247823,247783,247796,247810,247777,247787,247791,247791,247803,247816,247791,247808
247823,247837,247850,247858,247871,247830,247843,247857,247825,247834,247840,247840,247849,247862,247840,247856
247871,247884,247916,247904,247917,247878,247890,247903,247872,247882,247887,247887,247896,247910,247887,247900
247917,247931,247967,247977,248011,247924,247937,247971,247919,247929,247942,247957,247966,247976,247937,247954
248011,248025,248043,248045,248059,248018,248030,248044,248012,248024,248029,248029,248034,248049,248029,248038
248059,248073,248091,248093,248108,248066,248078,248092,248061,248071,248076,248076,248085,248098,248076,248091
248108,248122,248141,248144,248160,248115,248128,248143,248109,248120,248127,248127,248134,248152,248127,248139
248160,248174,248190,248196,248212,248167,248179,248191,248161,248171,248178,248178,248184,248197,248178,248188
248212,248226,248243,248249,248264,248219,248231,248244,248214,248223,248229,248229,248237,248248,248229,248243
248264,248278,248321,248332,248370,248272,248284,248298,248320,248330,,,248320,,248335,
248370,248384,248403,248405,248422,248378,248390,248404,248372,248382,248386,248386,248397,248409,248386,248404
248422,248437,248454,248458,248476,248430,248442,248457,248425,248435,248440,248440,248447,248463,248440,248452
248476,248490,248509,248512,248528,248483,248496,248511,248478,248488,248493,248493,248502,248516,248493,248510
248528,248542,248561,248563,248578,248536,248549,248562,248530,248540,248545,248545,248555,248566,248545,248560
248578,248593,248632,248642,248725,248635,248648,248639,248581,248591,248606,248621,248630,248639,248595,248610
248725,248739,248777,248787,248821,248781,248786,248807,248775,248786,,,248775,,248791,
248821,248835,248853,248855,248869,248828,248840,248854,248823,248833,248838,248838,248846,248862,248838,248851
248869,248883,248902,248904,248918,248876,248889,248903,248871,248881,248889,248889,248896,248907,248889,248901
248918,248932,248951,248953,248967,248925,248938,248952,248920,248930,248936,248936,248944,248958,248936,248950
248967,248981,249000,249002,249016,248974,248987,249001,248969,248979,248984,248984,248994,249005,248984,248999
249016,249030,249070,249080,249116,249024,249037,249074,249019,249028,249043,249058,249068,249078,249036,249048
249116,249129,249167,249177,249211,249171,249176,249197,249165,249176,,,249165,,249182,
249211,249225,249244,249246,249259,249219,249231,249245,249213,249223,249228,249228,249238,249250,249228,249243
249259,249272,249291,249292,249306,249266,249279,249291,249261,249271,249277,249277,249285,249296,249277,249289
249306,249320,249358,249368,249450,249361,249374,249366,249308,249318,249332,249346,249356,249366,249326,249336
249450,249463,249483,249484,249498,249457,249469,249483,249452,249462,249467,249467,249475,249490,249467,249480
249498,249512,249549,249560,249596,249553,249560,249557,249500,249510,249523,249537,249547,249557,249517,249527
249596,249610,249650,249660,249697,249654,249660,249658,249597,249608,249621,249631,249648,249658,249616,249626
249697,249711,249728,249734,249748,249704,249716,249728,249699,249709,249714,249714,249722,249732,249714,249727
249748,249762,249781,249783,249799,249756,249768,249782,249750,249760,249765,249765,249775,249787,249765,249780
249799,249814,249831,249834,249852,249808,249820,249833,249802,249812,249817,249817,249826,249839,249817,249831
249852,249867,249884,249891,249905,249860,249872,249885,249855,249865,249869,249869,249879,249890,249869,249884
249905,249919,249937,249939,249956,249913,249925,249938,249907,249917,249921,249921,249932,249943,249921,249937
249956,249971,249989,249992,250008,249964,249977,249991,249958,249968,249972,249972,249983,249996,249972,249990
250008,250022,250062,250071,250135,250015,250029,250042,250010,250020,250033,250046,250060,250070,250026,250040
250135,250171,250196,250181,250236,250212,,,250157,250167,250174,250174,250178,250186,250174,250183
250236,250269,250282,250314,250375,250259,250276,250309,250254,250264,250281,250294,250303,250313,250268,250285
250375,250406,250419,250451,250484,250383,250413,250427,250375,250387,250396,250405,250418,250431,250392,250400
250484,250500,250532,250543,250613,250491,250505,250515,250485,250495,250509,250522,250531,250539,250497,250512
250613,250632,250669,250677,250786,250768,,,250667,250675,,,250667,,250678,
250786,250824,250834,250868,250933,250913,,,250811,250823,250832,250839,250860,250868,250828,250835
250933,250969,250982,250986,251007,250962,250976,250985,250957,250967,250976,250976,250981,250990,250976,250985
251007,251067,251080,,251100,251036,251066,251085,251030,251040,251054,251064,251079,251089,251049,251059
251100,251114,251150,251137,251176,251155,,,251100,251113,251119,251119,251124,251130,251119,251126
251176,251208,251221,251230,251273,251251,,,251197,251207,251212,251212,251220,251235,251212,251225
251273,251305,251320,251331,251368,251347,,,251293,251304,251313,251313,251319,251333,251313,251323
251368,251401,251415,251450,251484,251394,251408,251420,251389,251400,251407,251407,251413,251426,251407,251418
251484,251499,251515,251520,251534,251492,251505,251516,251486,251496,251503,251503,251510,251520,251503,251515
251534,251548,251562,251569,251584,251541,251554,251567,251535,251546,251551,251551,251559,251573,251551,251566
251584,251599,251611,251619,251635,251591,251604,251616,251585,251596,251601,251601,251610,251620,251601,251615
251635,251650,251665,251667,251688,251643,251654,251666,251637,251647,251652,251652,251659,251672,251652,251663
251688,251702,251718,251720,251740,251695,251707,251719,251689,251699,251706,251706,251712,251726,251706,251716
251740,251757,251771,251774,251797,251749,251762,251772,251742,251753,251758,251758,251767,251782,251758,251771
251797,251811,251827,251829,251856,251804,251818,251828,251799,251808,251815,251815,251823,251833,251812,251815
251856,251877,251907,251885,251918,251865,251882,251885,251858,251869,251873,251873,251883,251891,251873,251886
251918,251932,251948,251953,251979,251925,251938,251950,251919,251929,251933,251933,251944,251956,251933,251949
251979,251995,252011,252020,252039,251987,252001,252014,251981,251991,251995,251995,252006,252021,251995,252016
252039,252056,252070,252076,252099,252048,252061,252072,252042,252053,252059,252059,252066,252076,252059,252070
252099,252113,252146,252133,252156,252106,252120,252132,252101,252111,252116,252116,252126,252136,252116,252132
252156,252196,252219,252227,252275,252165,252211,252223,252159,252169,252180,252195,252217,252228,252173,252192
252275,252316,252335,252341,252389,252283,252327,252340,252276,252289,252295,252321,252333,252343,252292,252318
252389,252403,252419,252427,252443,252397,252409,252423,252392,252401,252406,252406,252416,252427,252406,252422
252443,252457,252469,252478,252546,252503,252508,252507,252445,252455,252467,252478,252497,252507,252461,252471
252546,252560,252574,252579,252596,252554,252567,252578,252548,252558,252568,252568,252572,252581,252568,252577
252596,252611,252630,252632,252646,252604,252618,252631,252598,252608,252614,252614,252625,252637,252611,252614
252646,252661,252679,252681,252696,252654,252667,252680,252648,252658,252663,252663,252673,252682,252663,252677
252696,252711,252753,252731,252778,252704,252717,252730,252699,252708,252713,252713,252722,252735,252713,252730
252778,252821,252837,252842,252883,252814,252829,252841,252809,252818,252826,252826,252835,252848,252821,252826
252883,252901,252916,252926,252963,252893,252906,252919,252888,252897,252906,252906,252913,252922,252900,252906
252963,252978,252992,252998,253036,252971,252985,252997,252966,252975,252984,252984,252991,253004,252978,252984
253036,253054,253068,253076,253151,253046,253059,253071,253040,253049,253059,253059,253066,253076,253053,253059
253151,253168,253186,253189,253241,253160,253173,253181,253154,253164,253169,253169,253177,253181,253169,253179
253241,253258,253277,253283,253317,253250,253266,253280,253244,253254,253267,253267,253275,253284,253258,253267
253317,253349,253365,253370,253411,253341,253354,253369,253335,253345,253358,253358,253363,253374,253349,253358
253411,253429,253447,253451,253490,253422,253435,253450,253416,253426,253437,253437,253445,253454,253430,253437
253490,253507,253527,253531,253563,253499,253517,253530,253494,253503,253514,253514,253524,253534,253507,253514
253563,253589,253608,253613,253650,253581,253602,253612,253576,253585,253594,253598,253607,253617,253589,253598
253650,253699,253719,253724,253757,253692,253704,253710,253686,253696,253700,253700,253708,253710,253700,253709
253757,253804,253823,253828,253869,253796,253809,253827,253791,253801,253811,253815,253821,253830,253805,253815
253869,253898,253916,253922,253956,253890,253905,253921,253884,253894,253906,253906,253914,253925,253898,253906
253956,253986,254006,254011,254048,253979,253994,254010,253973,253983,253996,253996,254005,254014,253986,253996
254048,254074,254092,254098,254135,254067,254079,254097,254061,254071,254082,254082,254091,254102,254075,254082
254135,254159,254178,254184,254213,254151,254163,254183,254146,254155,254166,254170,254176,254188,254160,254170
254213,254239,254257,254264,254297,254232,254248,254263,254226,254236,254247,254247,254255,254269,254240,254247
254297,254324,254344,254351,254385,254317,254330,254351,254311,254321,254331,254333,254343,254354,254325,254333
254385,254403,254422,254431,254465,254396,254413,254428,254390,254400,254411,254411,254421,254433,254404,254411
254465,254483,254503,254508,254545,254475,254490,254507,254469,254480,254492,254492,254500,254511,254484,254492
254545,254567,254587,254591,254630,254559,254579,254590,254553,254563,254573,254576,254585,254593,254567,254576
254630,254655,254676,254680,254711,254647,254660,254679,254641,254652,254663,254668,254674,254684,254656,254665
254711,254741,254758,254764,254798,254733,254745,254763,254728,254738,254748,254751,254757,254773,254742,254751
254798,254833,254842,254843,254891,254823,254838,254843,254817,254828,254834,254834,254840,254846,254834,254843
254891,254926,254936,254938,254983,254918,254931,254937,254912,254922,254927,254927,254934,254939,254927,254936
254983,255016,255040,255044,255071,255007,255021,255028,255001,255012,255017,255017,255022,255028,255017,255025
255071,255098,255114,255133,255155,255089,255109,255121,255084,255093,255101,255105,255113,255121,255096,255105
255155,255177,255192,255203,255224,255168,255186,255193,255162,255172,255181,255181,255191,255193,255176,255181
255224,255251,255271,,255300,255243,255259,255275,255238,255248,255269,255278,255296,255295,255252,255274
255300,255325,255343,255352,255376,255316,255333,255351,255310,255320,255325,255325,255342,255356,255325,255351
255376,255395,255413,255424,255444,255387,255405,255423,255381,255391,255401,255401,255413,255428,255394,255401
255444,255462,255479,255486,255510,255453,255473,255485,255448,255458,255468,255468,255478,255488,255461,255468
255510,255529,255548,255552,255580,255520,255539,255551,255515,255524,255536,255536,255545,255555,255528,255536
255580,255597,255617,255623,255681,255659,,,255584,255594,255603,255603,255614,255625,255597,255603
255681,255721,255739,,255752,255692,255725,,255684,255695,255705,255727,255741,255749,255697,255723
255752,255812,255827,,255860,255803,255820,255836,255797,255807,255816,255816,255826,255842,255811,255816
255860,255876,255894,255897,255920,255868,255885,255896,255861,255872,255880,255880,255890,255900,255875,255880
255920,255938,255957,255960,255979,255928,255949,255959,255921,255932,255943,255943,255955,255962,255936,255943
255979,256002,256047,256022,256083,255987,256014,256022,255981,255991,256008,256008,256018,256027,255994,256008
256083,256124,256162,256172,256232,256165,256179,256169,256097,256106,256115,256131,256160,256169,256109,256118
256232,256251,256265,256277,256296,256241,256257,256269,256235,256244,256253,256253,256263,256273,256248,256253
256296,256313,256331,256336,256356,256305,256324,256335,256298,256309,256319,256319,256330,256339,256313,256319
256356,256374,256390,256395,256413,256364,256384,256394,256358,256368,256377,256377,256389,256398,256372,256377
256413,256433,256449,256453,256473,256422,256440,256452,256415,256427,256438,256438,256446,256455,256438,256451
256473,256491,256509,256516,256539,256482,256501,256515,256475,256485,256495,256495,256506,256520,256489,256495
256539,256558,256576,256580,256607,256548,256567,256579,256542,256552,256561,256561,256573,256583,256555,256561
256607,256626,256642,256650,256674,256615,256633,256649,256609,256620,256632,256632,256638,256655,256632,256642
256674,256692,256710,256714,256741,256682,256701,256713,256676,256686,256696,256696,256707,256717,256690,256696
256741,256760,256776,256783,256813,256750,256769,256782,256744,256754,256763,256763,256774,256789,256758,256763
256813,256832,256848,256853,256889,256822,256840,256852,256815,256826,256837,256837,256846,256862,256830,256837
256889,256909,256925,256929,256995,256898,256917,256928,256892,256903,256913,256913,256922,256933,256906,256913
256995,257016,257033,257038,257080,257006,257024,257037,257000,257010,257019,257019,257030,257042,257013,257019
257080,257100,257116,257123,257158,257089,257108,257122,257083,257094,257103,257103,257113,257127,257097,257103
257158,257178,257195,257201,257236,257168,257186,257200,257162,257173,257183,257183,257192,257206,257177,257183
257236,257255,257273,257278,257313,257246,257263,257277,257239,257250,257255,257255,257270,257283,257255,257276
257313,257332,257350,257359,257389,257323,257341,257354,257317,257327,257338,257338,257348,257358,257331,257338
257389,257407,257426,257434,257463,257398,257416,257430,257392,257403,257413,257413,257423,257434,257407,257413
257463,257481,257500,257508,257539,257473,257490,257504,257467,257478,257489,257489,257498,257511,257482,257489
257539,257557,257575,257583,257615,257549,257565,257580,257543,257553,257557,257557,257572,257586,257557,257577
257615,257633,257652,257660,257691,257625,257642,257656,257619,257629,257640,257640,257650,257661,257633,257640
257691,257709,257727,257738,257767,257701,257718,257733,257695,257705,257716,257716,257725,257742,257709,257716
257767,257785,257803,257810,257839,257777,257793,257808,257771,257781,257791,257791,257800,257814,257785,257791
257839,257856,257875,257884,257907,257848,257865,257880,257842,257853,257863,257863,257872,257885,257856,257863
257907,257924,257943,257951,257972,257916,257932,257947,257910,257921,257931,257931,257939,257952,257925,257931
257972,257989,258008,258016,258036,257981,257997,258012,257975,257985,257996,257996,258004,258017,257989,257996
258036,258053,258072,258078,258105,258044,258062,258077,258038,258049,258059,258059,258069,258082,258052,258059
258105,258123,258141,258148,258179,258114,258132,258147,258108,258118,258130,258130,258139,258154,258122,258130
258179,258199,258216,258225,258257,258189,258206,258224,258183,258194,258198,258198,258213,258229,258198,258217
258257,258276,258295,258301,258329,258267,258285,258299,258261,258272,258282,258282,258292,258304,258276,258282
258329,258347,258364,258370,258397,258339,258355,258369,258332,258343,258354,258354,258361,258375,258347,258354
258397,258414,258432,258441,258461,258405,258422,258437,258399,258410,258420,258420,258429,258443,258414,258420
258461,258479,258497,258502,258526,258470,258488,258501,258464,258475,258484,258484,258494,258505,258479,258484
258526,258544,258562,258568,258593,258535,258552,258567,258528,258540,258544,258544,258558,258575,258544,258564
258593,258611,258629,258635,258666,258602,258621,258634,258596,258607,258616,258616,258626,258639,258610,258616
258666,258685,258702,258708,258737,258676,258693,258707,258670,258680,258689,258689,258699,258712,258683,258689
258737,258755,258774,258779,258807,258746,258764,258778,258740,258751,258761,258761,258771,258783,258755,258761
258807,258825,258845,258851,258878,258817,258834,258850,258811,258821,258833,258833,258843,258854,258825,258833
258878,258896,258915,258921,258945,258888,258905,258918,258882,258892,258902,258902,258912,258923,258896,258902
258945,258962,258981,258988,259010,258954,258971,258985,258948,258959,258969,258969,258978,258989,258962,258969
259010,259028,259046,259052,259077,259019,259037,259051,259014,259024,259034,259034,259043,259057,259027,259034
259077,259095,259113,259119,259147,259086,259104,259118,259080,259091,259101,259101,259110,259125,259094,259101
259147,259165,259184,259189,259220,259157,259174,259188,259151,259161,259172,259172,259182,259192,259165,259172
259220,259238,259256,259262,259293,259229,259246,259261,259223,259234,259243,259243,259253,259265,259237,259243
259293,259311,259330,259339,259366,259303,259319,259335,259297,259308,259319,259319,259327,259340,259312,259319
259366,259384,259402,259408,259436,259376,259391,259407,259370,259380,259384,259384,259399,259412,259384,259404
259436,259454,259472,259482,259505,259446,259462,259477,259440,259451,259461,259461,259469,259482,259454,259461
259505,259523,259541,259549,259572,259515,259530,259546,259509,259519,259523,259523,259538,259550,259523,259544
259572,259590,259609,259615,259639,259582,259598,259613,259576,259586,259597,259597,259606,259617,259590,259597
259639,259656,259676,259683,259708,259648,259666,259680,259642,259652,259663,259663,259673,259686,259656,259663
259708,259725,259745,259754,259778,259717,259734,259751,259711,259721,259732,259732,259742,259756,259725,259732
259778,259797,259815,259821,259850,259788,259805,259820,259783,259793,259803,259803,259813,259824,259796,259803
259850,259868,259887,259896,259922,259860,259876,259892,259854,259864,259874,259874,259884,259896,259868,259874
259922,259942,259958,259963,259998,259933,259950,259962,259927,259937,259946,259946,259956,259968,259940,259946
259998,260015,260031,260045,260066,260006,260021,260035,260000,260011,260016,260016,260027,260042,260015,260016
260066,260082,260100,260107,260128,260074,260091,260106,260068,260078,260087,260087,260097,260112,260082,260087
260128,260145,260164,260173,260188,260137,260153,260168,260130,260141,260151,260151,260160,260179,260146,260151
260188,260206,260224,260230,260249,260197,260214,260229,260191,260202,260212,260212,260221,260234,260206,260212
260249,260266,260284,260290,260313,260258,260276,260289,260252,260262,260271,260271,260282,260294,260265,260271
260313,260331,260350,260354,260385,260322,260340,260353,260316,260326,260338,260338,260347,260357,260330,260338
260385,260403,260421,260429,260458,260394,260412,260428,260388,260398,260409,260409,260418,260434,260402,260409
260458,260477,260494,260500,260532,260467,260486,260499,260461,260472,260480,260480,260492,260503,260475,260480
260532,260552,260569,260573,260605,260542,260560,260572,260535,260546,260555,260555,260566,260577,260550,260555
260605,260624,260642,260646,260678,260614,260633,260645,260608,260618,260629,260629,260639,260650,260622,260629
260678,260696,260713,260719,260748,260687,260705,260718,260681,260691,260702,260702,260711,260725,260695,260702
260748,260766,260784,260790,260818,260757,260774,260789,260751,260762,260767,260767,260781,260794,260767,260787
260818,260836,260854,260860,260888,260827,260845,260859,260821,260832,260842,260842,260851,260868,260835,260842
260888,260907,260924,260930,260960,260898,260915,260929,260892,260902,260912,260912,260921,260934,260906,260912
260960,260978,260996,261004,261029,260969,260986,261001,260963,260974,260978,260978,260993,261006,260978,260999
261029,261047,261065,261071,261098,261039,261055,261069,261033,261043,261052,261052,261061,261074,261047,261052
261098,261116,261134,261140,261171,261108,261125,261139,261102,261112,261123,261123,261132,261143,261116,261123
261171,261189,261208,261214,261253,261181,261197,261212,261175,261185,261197,261197,261205,261217,261189,261197
261253,261272,261291,261297,261335,261263,261281,261296,261257,261268,261280,261280,261289,261301,261272,261280
261335,261354,261372,261379,261414,261345,261362,261378,261339,261350,261355,261355,261370,261383,261355,261375
261414,261433,261451,261458,261488,261424,261441,261455,261418,261429,261440,261440,261448,261462,261434,261440
261488,261506,261524,261533,261558,261498,261514,261528,261492,261502,261513,261513,261522,261534,261506,261513
261558,261576,261595,261602,261628,261568,261584,261599,261562,261572,261583,261583,261592,261604,261576,261583
261628,261645,261664,261672,261699,261637,261654,261669,261631,261641,261651,261651,261661,261674,261645,261651
261699,261717,261736,261745,261775,261708,261726,261742,261702,261713,261717,261717,261733,261747,261717,261740
261775,261794,261813,261821,261857,261786,261802,261818,261780,261790,261794,261794,261811,261822,261794,261817
261857,261877,261895,261904,261932,261868,261885,261900,261863,261873,261877,261877,261892,261905,261877,261899
261932,261951,261969,261979,262006,261943,261960,261974,261937,261947,261957,261957,261967,261981,261951,261957
262006,262025,262043,262049,262081,262016,262035,262048,262010,262020,262031,262031,262041,262054,262024,262031
262081,262100,262118,262126,262156,262091,262107,262123,262085,262096,262108,262108,262116,262129,262100,262108
262156,262174,262192,262200,262230,262166,262183,262197,262160,262171,262181,262181,262190,262202,262175,262181
262230,262248,262267,262277,262301,262240,262257,262272,262234,262244,262255,262255,262264,262278,262248,262255
262301,262318,262337,262346,262370,262310,262327,262342,262304,262314,262325,262325,262334,262347,262318,262325
262370,262388,262408,262416,262441,262380,262396,262413,262374,262384,262396,262396,262405,262418,262388,262396
262441,262459,262477,262484,262516,262451,262468,262483,262445,262455,262465,262465,262475,262490,262459,262465
262516,262534,262553,262563,262591,262526,262543,262558,262520,262530,262541,262541,262551,262564,262534,262541
262591,262608,262628,262637,262663,262600,262616,262632,262594,262605,262616,262616,262625,262637,262609,262616
262663,262680,262699,262709,262733,262673,262689,262704,262667,262677,262687,262687,262696,262710,262681,262687
262733,262751,262770,262780,262806,262742,262760,262776,262737,262747,262757,262757,262767,262781,262751,262757
262806,262824,262843,262852,262883,262816,262833,262848,262810,262820,262831,262831,262841,262853,262824,262831
262883,262901,262921,262931,262960,262893,262909,262927,262887,262898,262901,262901,262918,262931,262901,262925
262960,262977,262997,263007,263033,262969,262986,263002,262963,262974,262984,262984,262994,263008,262977,262984
263033,263051,263070,263081,263104,263043,263059,263075,263037,263047,263059,263059,263068,263080,263051,263059
263104,263121,263140,263150,263173,263113,263129,263145,263107,263117,263128,263128,263137,263151,263121,263128
263173,263191,263210,263220,263243,263183,263199,263216,263177,263187,263199,263199,263207,263222,263191,263199
263243,263261,263280,263291,263317,263253,263269,263286,263247,263257,263269,263269,263277,263291,263262,263269
263317,263335,263354,263365,263392,263327,263343,263360,263321,263331,263342,263342,263351,263367,263335,263342
263392,263410,263429,263441,263467,263402,263418,263435,263396,263406,263416,263416,263426,263441,263410,263416
263467,263485,263503,263515,263544,263477,263494,263510,263471,263482,263491,263491,263501,263516,263485,263491
263544,263562,263581,263592,263618,263554,263570,263587,263548,263559,263563,263563,263578,263592,263563,263584
263618,263636,263655,263665,263689,263628,263644,263660,263622,263632,263643,263643,263652,263665,263636,263643
263689,263707,263726,263738,263766,263699,263717,263734,263693,263704,263714,263714,263724,263740,263708,263714
263766,263785,263804,263814,263842,263776,263794,263811,263770,263781,263792,263792,263802,263816,263785,263792
263842,263860,263880,263889,263915,263851,263869,263884,263845,263856,263868,263868,263877,263889,263860,263868
263915,263933,263952,263962,263984,263924,263942,263957,263918,263928,263937,263937,263949,263963,263932,263937
263984,264001,264020,264027,264051,263993,264010,264025,263987,263997,264006,264006,264017,264030,264001,264006
264051,264068,264086,264094,264117,264060,264077,264093,264053,264064,264073,264073,264083,264099,264068,264073
264117,264136,264154,264160,264186,264126,264145,264159,264120,264131,264140,264140,264152,264165,264135,264140
264186,264205,264224,264229,264260,264195,264214,264228,264189,264200,264212,264212,264222,264234,264204,264212
264260,264279,264298,264304,264336,264270,264288,264303,264264,264274,264284,264284,264295,264309,264278,264284
264336,264355,264373,264381,264412,264346,264364,264380,264340,264351,264360,264360,264371,264386,264354,264360
264412,264430,264449,264458,264485,264422,264439,264454,264416,264426,264437,264437,264447,264459,264430,264437
264485,264503,264522,264532,264556,264494,264511,264527,264488,264499,264510,264510,264519,264532,264503,264510
264556,264574,264594,264604,264625,264566,264582,264599,264560,264571,264583,264583,264591,264604,264575,264583
264625,264643,264663,264672,264693,264635,264650,264667,264629,264639,264644,264644,264660,264673,264644,264666
264693,264710,264731,264740,264761,264702,264718,264736,264697,264707,264720,264720,264728,264742,264711,264720
264761,264779,264798,264809,264834,264771,264788,264805,264765,264775,264786,264786,264795,264810,264779,264786
264834,264851,264871,264881,264906,264843,264859,264876,264837,264848,264860,264860,264868,264881,264852,264860
264906,264923,264942,264954,264980,264916,264932,264949,264910,264920,264931,264931,264940,264955,264924,264931
264980,264998,265017,265027,265050,264990,265006,265022,264984,264994,265005,265005,265014,265026,264998,265005
265050,265067,265086,265097,265119,265060,265076,265091,265054,265064,265074,265074,265083,265097,265068,265074
265119,265136,265155,265167,265186,265128,265144,265160,265122,265133,265144,265144,265152,265167,265137,265144
265186,265202,265222,265232,265253,265194,265211,265227,265189,265199,265209,265209,265219,265232,265203,265209
265253,265270,265290,265299,265323,265262,265279,265295,265256,265266,265277,265277,265287,265299,265270,265277
265323,265340,265360,265370,265396,265332,265350,265366,265326,265337,265348,265348,265357,265371,265340,265348
265396,265413,265433,265441,265470,265405,265422,265437,265400,265410,265421,265421,265430,265442,265413,265421
265470,265487,265507,265518,265543,265480,265495,265512,265474,265484,265496,265496,265505,265519,265488,265496
265543,265560,265579,265590,265616,265552,265568,265584,265547,265557,265567,265567,265576,265590,265560,265567
265616,265634,265653,265664,265687,265626,265642,265658,265620,265630,265641,265641,265651,265662,265634,265641
265687,265704,265723,265734,265759,265696,265713,265728,265691,265701,265711,265711,265720,265735,265704,265711
265759,265776,265796,265805,265829,265769,265786,265800,265763,265773,265784,265784,265793,265805,265777,265784
265829,265847,265866,265877,265905,265839,265855,265871,265833,265843,265854,265854,265863,265877,265847,265854
265905,265922,265942,265953,265981,265914,265931,265946,265908,265919,265929,265929,265939,265951,265922,265929
265981,265998,266018,266029,266058,265991,266006,266023,265985,265995,266007,266007,266015,266028,265999,266007
266058,266075,266094,266105,266134,266067,266084,266099,266062,266072,266083,266083,266092,266106,266076,266083
266134,266153,266172,266179,266211,266145,266162,266176,266139,266149,266160,266160,266169,266180,266153,266160
266211,266230,266249,266260,266287,266222,266238,266254,266216,266226,266237,266237,266246,266260,266230,266237
266287,266305,266324,266335,266359,266297,266313,266329,266292,266302,266313,266313,266322,266334,266306,266313
266359,266376,266396,266406,266431,266368,266383,266400,266362,266373,266385,266385,266393,266405,266377,266385
266431,266449,266469,266480,266505,266441,266457,266474,266435,266445,266456,266456,266466,266479,266449,266456
266505,266523,266543,266554,266589,266515,266532,266548,266509,266520,266530,266530,266540,266555,266523,266530
266589,266610,266628,266640,266670,266601,266618,266635,266595,266606,266618,266618,266626,266642,266610,266618
266670,266689,266708,266718,266750,266681,266697,266713,266674,266685,266696,266696,266705,266718,266689,266696
266750,266768,266787,266794,266815,266760,266776,266793,266754,266764,266775,266775,266784,266800,266768,266775
266815,266846,266866,266870,266904,266837,266856,266869,266832,266842,266859,266859,266864,266872,266845,266859
266904,266925,266941,266946,266971,266913,266932,266945,266907,266917,266925,266925,266938,266951,266921,266925
266971,266986,267003,267014,267030,266979,266996,267011,266972,266983,266993,266993,267003,267015,266987,266993
267030,267048,267068,267073,267091,267039,267058,267072,267033,267043,267054,267054,267065,267077,267047,267054
267091,267109,267127,267133,267156,267099,267119,267132,267093,267103,267112,267112,267124,267138,267106,267112
267156,267176,267194,267199,267225,267165,267185,267198,267159,267170,267179,267179,267191,267206,267174,267179
267225,267243,267261,267269,267289,267233,267252,267268,267227,267237,267247,267247,267258,267273,267241,267247
267289,267307,267323,267331,267397,267297,267315,267327,267291,267301,267309,267309,267320,267335,267304,267309
267397,267417,267435,267442,267490,267407,267426,267439,267401,267412,267424,267424,267433,267442,267416,267424
267490,267510,267526,267533,267578,267499,267519,267530,267493,267503,267513,267513,267524,267536,267507,267513
267578,267598,267615,267619,267664,267587,267607,267618,267581,267592,267602,267602,267612,267623,267595,267602
267664,267684,267700,267708,267747,267674,267691,267706,267667,267678,267686,267686,267697,267712,267681,267686
267747,267767,267783,267791,267826,267757,267775,267788,267751,267762,267769,267769,267780,267795,267765,267769
267826,267845,267864,267871,267902,267836,267853,267868,267829,267840,267850,267850,267862,267872,267844,267850
267902,267922,267941,267947,267982,267913,267931,267946,267907,267917,267928,267928,267939,267951,267921,267928
267982,268001,268020,268028,268063,267993,268010,268025,267986,267997,268008,268008,268017,268033,268001,268008
268063,268082,268101,268109,268146,268074,268090,268105,268067,268078,268090,268090,268099,268110,268083,268090
268146,268165,268184,268193,268228,268156,268173,268188,268150,268161,268172,268172,268181,268195,268165,268172
268228,268247,268266,268276,268311,268239,268255,268271,268233,268244,268256,268256,268263,268278,268248,268256
268311,268330,268349,268358,268392,268322,268338,268354,268316,268327,268331,268331,268347,268359,268331,268352
268392,268410,268430,268440,268469,268402,268418,268434,268396,268407,268420,268420,268427,268440,268411,268420
268469,268487,268506,268516,268545,268479,268495,268511,268473,268483,268495,268495,268503,268518,268487,268495
268545,268564,268583,268594,268623,268556,268572,268589,268550,268560,268573,268573,268581,268596,268565,268573
268623,268641,268660,268670,268703,268633,268650,268666,268627,268637,268649,268649,268658,268671,268641,268649
268703,268723,268742,268752,268786,268714,268731,268747,268709,268719,268731,268731,268740,268752,268723,268731
268786,268804,268824,268834,268864,268796,268813,268829,268791,268801,268813,268813,268822,268833,268805,268813
268864,268882,268900,268911,268937,268874,268889,268905,268868,268878,268883,268883,268898,268910,268883,268904
268937,268954,268974,268984,269009,268946,268962,268979,268940,268951,268955,268955,268971,268985,268955,268978
269009,269027,269046,269057,269084,269019,269035,269052,269013,269023,269035,269035,269044,269058,269027,269035
269084,269103,269122,269134,269167,269095,269112,269128,269089,269100,269111,269111,269120,269134,269104,269111
269167,269185,269205,269216,269247,269177,269193,269211,269171,269182,269194,269194,269202,269216,269186,269194
269247,269265,269284,269296,269324,269257,269273,269290,269251,269262,269266,269266,269281,269296,269266,269289
269324,269342,269361,269373,269402,269334,269350,269368,269328,269338,269349,269349,269358,269373,269342,269349
269402,269420,269439,269450,269479,269412,269428,269445,269406,269417,269421,269421,269437,269450,269421,269443
269479,269496,269517,269528,269552,269489,269504,269521,269483,269493,269506,269506,269514,269527,269497,269506
269552,269569,269589,269600,269621,269561,269577,269594,269555,269565,269576,269576,269586,269599,269569,269576
269621,269639,269659,269670,269694,269631,269647,269664,269625,269636,269648,269648,269656,269670,269640,269648
269694,269712,269731,269741,269767,269703,269720,269736,269697,269708,269712,269712,269729,269742,269712,269734
269767,269785,269805,269815,269842,269777,269793,269810,269771,269781,269794,269794,269802,269816,269786,269794
269842,269861,269880,269891,269919,269852,269869,269885,269847,269857,269869,269869,269877,269893,269861,269869
269919,269937,269956,269967,269995,269929,269946,269962,269923,269934,269945,269945,269954,269969,269938,269945
269995,270014,270033,270043,270072,270005,270022,270038,270000,270010,270014,270014,270031,270044,270014,270036
270072,270090,270110,270122,270145,270082,270099,270116,270077,270087,270091,270091,270108,270122,270091,270113
270145,270163,270182,270193,270213,270155,270171,270187,270149,270159,270163,270163,270179,270192,270163,270185
270213,270231,270250,270261,270282,270223,270239,270255,270217,270227,270238,270238,270247,270262,270231,270238
270282,270299,270320,270330,270355,270291,270307,270325,270285,270296,270300,270300,270317,270331,270300,270324
270355,270373,270392,270403,270432,270365,270381,270398,270359,270369,270381,270381,270390,270404,270373,270381
270432,270451,270470,270482,270512,270443,270460,270476,270437,270447,270458,270458,270468,270481,270451,270458
270512,270531,270550,270560,270590,270523,270539,270555,270517,270527,270539,270539,270547,270561,270531,270539
270590,270608,270628,270639,270662,270600,270616,270633,270594,270605,270617,270617,270625,270638,270609,270617
270662,270679,270699,270710,270730,270672,270687,270703,270666,270676,270688,270688,270696,270707,270680,270688
270730,270747,270767,270778,270801,270739,270754,270772,270733,270744,270757,270757,270765,270777,270748,270757
270801,270818,270839,270849,270877,270810,270827,270844,270805,270815,270827,270827,270836,270850,270818,270827
270877,270895,270915,270927,270958,270888,270904,270921,270882,270892,270903,270903,270913,270926,270896,270903
270958,270977,270996,271008,271042,270969,270985,271002,270963,270973,270986,270986,270994,271009,270977,270986
271042,271060,271079,271092,271127,271053,271068,271086,271047,271057,271061,271061,271077,271093,271061,271084
271127,271146,271164,271176,271208,271138,271154,271170,271132,271142,271153,271153,271162,271177,271146,271153
271208,271226,271246,271257,271282,271218,271234,271251,271212,271223,271234,271234,271243,271256,271227,271234
271282,271304,271321,271329,271433,271373,271379,271376,271290,271300,271319,271354,271366,271376,271303,271340
271433,271449,271469,271476,271501,271441,271459,271475,271435,271445,271455,271455,271466,271480,271449,271455
271501,271520,271538,271547,271578,271510,271528,271543,271504,271515,271524,271524,271535,271548,271518,271524
271578,271597,271616,271621,271658,271588,271606,271620,271582,271592,271600,271600,271613,271624,271595,271600
271658,271677,271696,271703,271737,271667,271686,271699,271661,271672,271683,271683,271693,271704,271676,271683
271737,271755,271773,271782,271810,271746,271764,271778,271740,271750,271761,271761,271771,271785,271754,271761
271810,271829,271846,271851,271890,271820,271837,271850,271814,271825,271835,271835,271843,271860,271829,271835
271890,271910,271927,271937,271997,271900,271919,271933,271894,271905,271915,271915,271925,271938,271909,271915
271997,272018,272036,272042,272085,272008,272025,272041,272001,272013,272026,272026,272034,272050,272018,272026
272085,272105,272123,272131,272166,272095,272113,272128,272089,272100,272111,272111,272121,272133,272104,272111
272166,272185,272203,272208,272241,272176,272194,272207,272169,272180,272191,272191,272201,272213,272184,272191
272241,272259,272276,272285,272311,272250,272266,272282,272244,272254,272263,272263,272273,272287,272258,272263
272311,272329,272348,272356,272383,272320,272338,272354,272314,272325,272335,272335,272345,272359,272329,272335
272383,272401,272420,272427,272463,272392,272411,272424,272386,272397,272407,272407,272418,272429,272400,272407
272463,272482,272501,272510,272560,272474,272492,272506,272467,272478,272489,272489,272499,272512,272482,272489
272560,272580,272599,272607,272650,272571,272589,272604,272565,272576,272588,272588,272597,272608,272580,272588
272650,272669,272687,272698,272730,272660,272678,272693,272654,272665,272676,272676,272685,272701,272669,272676
272730,272748,272766,272775,272806,272740,272757,272772,272733,272744,272753,272753,272763,272780,272748,272753
272806,272825,272844,272850,272884,272816,272833,272849,272809,272821,272826,272826,272842,272853,272826,272847
272884,272903,272922,272931,272969,272894,272913,272927,272887,272898,272909,272909,272920,272933,272902,272909
272969,272988,273007,273015,273059,272979,272998,273012,272973,272983,272995,272995,273005,273017,272987,272995
273059,273079,273098,273107,273146,273070,273088,273103,273064,273075,273087,273087,273096,273108,273079,273087
273146,273165,273185,273193,273225,273156,273173,273189,273150,273161,273170,273170,273183,273194,273164,273170
273225,273243,273262,273272,273298,273235,273252,273267,273229,273239,273250,273250,273259,273272,273243,273250
273298,273315,273335,273344,273372,273307,273325,273340,273301,273312,273322,273322,273332,273346,273315,273322
273372,273390,273409,273419,273449,273382,273399,273415,273375,273386,273398,273398,273407,273421,273390,273398
273449,273467,273486,273497,273531,273459,273475,273492,273453,273464,273468,273468,273483,273499,273468,273490
273531,273550,273569,273580,273614,273542,273558,273576,273536,273546,273550,273550,273567,273582,273550,273574
273614,273632,273651,273661,273692,273624,273640,273656,273618,273629,273633,273633,273649,273661,273633,273654
273692,273710,273729,273741,273770,273703,273719,273735,273697,273707,273718,273718,273727,273743,273711,273718
273770,273788,273807,273819,273845,273781,273798,273813,273775,273785,273795,273795,273805,273820,273788,273795
273845,273862,273881,273892,273916,273854,273869,273886,273849,273859,273871,273871,273878,273892,273863,273871
273916,273933,273953,273963,273990,273926,273941,273957,273920,273930,273942,273942,273950,273964,273934,273942
273990,274008,274028,274038,274069,274000,274015,274033,273994,274004,274016,274016,274025,274040,274008,274016
274069,274087,274107,274119,274151,274079,274094,274112,274073,274084,274096,274096,274105,274119,274088,274096
274151,274169,274190,274201,274232,274162,274177,274195,274156,274166,274179,274179,274188,274200,274170,274179
274232,274252,274271,274283,274314,274244,274259,274277,274238,274248,274260,274260,274268,274282,274252,274260
274314,274332,274352,274363,274388,274325,274340,274357,274319,274329,274341,274341,274349,274362,274333,274341
274388,274405,274424,274435,274457,274397,274413,274429,274392,274402,274412,274412,274421,274434,274406,274412
274457,274474,274494,274505,274530,274467,274482,274499,274461,274471,274483,274483,274492,274506,274475,274483
274530,274548,274568,274579,274607,274540,274557,274573,274534,274544,274556,274556,274565,274579,274548,274556
274607,274625,274644,274657,274689,274617,274633,274650,274611,274622,274633,274633,274642,274657,274626,274633
274689,274707,274727,274738,274767,274699,274713,274732,274693,274704,274716,274716,274724,274742,274708,274716
274767,274785,274805,274817,274845,274778,274794,274811,274772,274782,274793,274793,274802,274816,274786,274793
274845,274862,274882,274893,274919,274855,274870,274887,274849,274859,274872,274872,274879,274892,274863,274872
274919,274937,274956,274967,274998,274929,274945,274961,274923,274934,274945,274945,274954,274966,274938,274945
274998,275017,275037,275048,275093,275009,275025,275042,275003,275013,275026,275026,275034,275048,275017,275026
275093,275113,275133,275144,275183,275105,275120,275139,275099,275110,275122,275122,275131,275146,275114,275122
275183,275202,275222,275232,275268,275194,275210,275227,275189,275199,275211,275211,275220,275232,275203,275211
275268,275287,275307,275318,275347,275279,275296,275312,275274,275284,275294,275294,275304,275317,275287,275294
275347,275364,275384,275395,275420,275357,275372,275389,275351,275361,275365,275365,275381,275394,275365,275388
275420,275437,275458,275470,275494,275430,275446,275463,275424,275434,275447,275447,275456,275471,275438,275447
275494,275512,275532,275544,275570,275505,275521,275538,275499,275509,275520,275520,275530,275543,275513,275520
275570,275588,275608,275620,275648,275580,275595,275614,275574,275585,275598,275598,275605,275621,275589,275598
275648,275667,275687,275698,275727,275659,275674,275693,275653,275663,275667,275667,275685,275698,275667,275691
275727,275745,275764,275775,275803,275737,275753,275769,275731,275741,275753,275753,275762,275775,275745,275753
275803,275821,275840,275852,275876,275813,275829,275846,275808,275818,275828,275828,275838,275851,275821,275828
275876,275894,275914,275925,275953,275886,275902,275918,275881,275891,275902,275902,275911,275924,275895,275902
275953,275972,275992,276002,276033,275964,275979,275997,275959,275969,275973,275973,275990,276002,275973,275996
276033,276053,276073,276086,276113,276045,276061,276079,276040,276050,276061,276061,276071,276086,276054,276061
276113,276131,276150,276163,276190,276123,276139,276156,276118,276128,276138,276138,276148,276163,276131,276138
276190,276208,276228,276239,276265,276200,276215,276232,276194,276205,276209,276209,276225,276238,276209,276231
276265,276282,276301,276314,276338,276275,276291,276307,276269,276279,276289,276289,276298,276313,276283,276289
276338,276355,276375,276387,276418,276348,276363,276380,276342,276352,276363,276363,276372,276385,276356,276363
276418,276437,276457,276468,276503,276429,276443,276462,276423,276434,276446,276446,276455,276468,276438,276446
276503,276532,276552,276563,276601,276524,276540,276558,276518,276528,276532,276532,276551,276563,276532,276557
276601,276622,276642,276654,276685,276614,276628,276647,276608,276619,276632,276632,276640,276655,276623,276632
276685,276705,276724,276735,276766,276697,276713,276729,276691,276701,276713,276713,276722,276734,276706,276713
276766,276785,276804,276816,276841,276777,276792,276810,276771,276781,276793,276793,276802,276816,276786,276793
276841,276859,276878,276890,276914,276851,276866,276883,276845,276855,276859,276859,276876,276889,276859,276883
276914,276932,276951,276962,276989,276924,276940,276957,276918,276928,276940,276940,276949,276964,276932,276940
276989,277008,277029,277039,277070,277001,277015,277034,276995,277005,277017,277017,277026,277039,277009,277017
277070,277088,277107,277119,277152,277080,277097,277114,277074,277084,277095,277095,277105,277120,277088,277095
277152,277180,277199,277209,277250,277172,277187,277205,277167,277177,277189,277189,277198,277210,277181,277189
277250,277268,277286,277297,277316,277260,277277,277295,277254,277264,277274,277274,277283,277300,277268,277274
277316,277371,277391,,277405,277338,277372,,277332,277342,277350,277379,277392,277400,277345,277368
277405,277430,277441,277446,277479,277416,277435,277445,277409,277420,277429,277429,277440,277454,277424,277429
277479,277496,277514,277521,277551,277487,277506,277520,277480,277491,277501,277501,277512,277525,277495,277501
277551,277571,277587,277593,277631,277560,277580,277591,277554,277564,277575,277575,277585,277595,277568,277575
277631,277649,277667,277672,277713,277639,277659,277671,277633,277644,277655,277656,277665,277672,277648,277656
277713,277732,277750,277761,277791,277722,277738,277754,277716,277727,277731,277731,277747,277764,277731,277753
277791,277810,277826,277833,277868,277799,277819,277829,277793,277803,277813,277813,277824,277832,277807,277813
277868,277888,277909,277917,277960,277877,277898,277912,277871,277882,277894,277894,277907,277917,277886,277894
277960,277979,277994,278007,278068,277969,277986,278000,277962,277973,277977,277977,277991,278004,277977,277998
278068,278088,278110,278117,278156,278078,278097,278113,278072,278083,278102,278104,278108,278117,278087,278094
278156,278175,278192,278201,278234,278165,278183,278196,278159,278169,278179,278179,278189,278203,278173,278179
278234,278252,278270,278277,278308,278243,278261,278275,278236,278247,278256,278256,278267,278281,278250,278256
278308,278327,278343,278350,278386,278317,278336,278349,278311,278321,278330,278332,278341,278357,278325,278332
278386,278406,278426,278433,278476,278396,278417,278430,278389,278400,278413,278413,278424,278435,278404,278413
278476,278496,278514,278520,278563,278486,278506,278519,278480,278490,278500,278500,278512,278524,278493,278500
278563,278583,278601,278605,278642,278573,278592,278604,278566,278578,278590,278590,278598,278608,278583,278590
278642,278662,278679,278686,278718,278652,278669,278683,278645,278657,278662,278662,278676,278689,278662,278682
278718,278737,278756,278761,278799,278727,278747,278760,278721,278732,278744,278744,278754,278765,278736,278744
278799,278818,278835,278841,278884,278808,278827,278840,278802,278812,278824,278824,278833,278851,278816,278824
278884,278904,278920,278926,278972,278894,278912,278925,278888,278898,278908,278908,278918,278931,278901,278908
278972,278991,279005,279015,279054,278981,278997,279009,278975,278986,278990,278990,279002,279009,278990,279005
279054,279072,279089,279100,279127,279063,279081,279095,279057,279067,279077,279077,279087,279102,279071,279077
279127,279146,279163,279170,279202,279137,279154,279169,279130,279141,279152,279152,279161,279179,279145,279152
279202,279220,279240,279247,279281,279212,279232,279244,279206,279216,279225,279228,279238,279250,279219,279228
279281,279299,279318,279323,279362,279290,279308,279322,279284,279294,279303,279303,279316,279325,279297,279303
279362,279382,279399,279405,279447,279372,279390,279404,279366,279377,279387,279387,279396,279409,279381,279387
279447,279467,279482,279491,279532,279457,279474,279490,279451,279461,279469,279469,279479,279495,279465,279469
279532,279550,279568,279578,279612,279541,279558,279573,279535,279546,279555,279555,279566,279578,279549,279555
279612,279630,279649,279659,279694,279621,279640,279654,279615,279626,279637,279637,279647,279658,279630,279637
279694,279712,279732,279741,279776,279704,279723,279737,279698,279708,279719,279719,279730,279743,279712,279719
279776,279796,279814,279824,279865,279787,279805,279820,279781,279792,279803,279803,279812,279826,279796,279803
279865,279885,279904,279913,279949,279877,279894,279909,279871,279881,279893,279893,279902,279914,279885,279893
279949,279969,279987,279998,280030,279960,279977,279992,279954,279965,279975,279975,279985,279998,279968,279975
280030,280049,280068,280078,280107,280041,280056,280073,280035,280045,280057,280057,280065,280079,280049,280057
280107,280126,280146,280155,280183,280117,280134,280150,280111,280122,280136,280136,280144,280155,280126,280136
280183,280201,280222,280232,280264,280194,280209,280227,280188,280198,280209,280209,280219,280232,280202,280209
280264,280282,280301,280312,280338,280274,280290,280306,280268,280279,280289,280289,280298,280312,280282,280289
280338,280355,280374,280386,280409,280347,280363,280380,280342,280352,280362,280362,280371,280386,280356,280362
280409,280427,280446,280457,280486,280420,280436,280452,280414,280424,280435,280435,280444,280459,280428,280435
280486,280504,280524,280533,280562,280496,280512,280529,280491,280501,280513,280513,280522,280537,280505,280513
280562,280581,280601,280610,280645,280573,280588,280605,280567,280577,280590,280590,280598,280610,280582,280590
280645,280664,280682,280693,280726,280655,280672,280687,280649,280660,280670,280670,280679,280694,280664,280670
280726,280746,280764,280774,280807,280737,280754,280769,280731,280741,280751,280751,280762,280774,280745,280751
280807,280825,280844,280855,280883,280817,280834,280850,280811,280821,280831,280831,280841,280857,280825,280831
280883,280901,280919,280928,280954,280893,280909,280925,280887,280898,280902,280902,280917,280931,280902,280922
280954,280972,280992,281000,281027,280964,280980,280996,280958,280968,280977,280977,280989,281001,280971,280977
281027,281046,281065,281075,281107,281037,281054,281070,281031,281042,281053,281053,281063,281079,281046,281053
281107,281125,281144,281153,281188,281117,281133,281149,281111,281121,281133,281133,281142,281154,281125,281133
281188,281207,281226,281236,281267,281198,281215,281231,281192,281203,281215,281215,281224,281236,281207,281215
281267,281286,281304,281315,281344,281277,281295,281309,281272,281282,281292,281292,281301,281316,281286,281292
281344,281362,281381,281391,281416,281353,281369,281386,281347,281358,281363,281363,281378,281392,281363,281384
281416,281433,281452,281463,281488,281425,281442,281457,281419,281429,281440,281440,281450,281462,281433,281440
281488,281506,281525,281536,281563,281498,281514,281531,281492,281502,281506,281506,281523,281537,281506,281530
281563,281580,281600,281610,281640,281573,281589,281605,281567,281577,281588,281588,281597,281610,281581,281588
281640,281658,281677,281688,281717,281650,281665,281683,281644,281655,281667,281667,281674,281690,281659,281667
281717,281735,281754,281766,281793,281727,281743,281760,281721,281732,281743,281743,281752,281765,281735,281743
281793,281810,281828,281840,281868,281802,281819,281833,281797,281806,281816,281816,281826,281841,281810,281816
281868,281885,281904,281917,281944,281877,281893,281910,281871,281882,281893,281893,281902,281917,281886,281893
281944,281962,281982,281992,282026,281954,281971,281987,281949,281959,281970,281970,281979,281992,281963,281970
282026,282046,282064,282074,282146,282037,282055,282070,282031,282042,282052,282052,282062,282075,282046,282052
282146,282165,282207,282213,282241,282213,,,282146,282154,282157,282165,282182,282187,282155,282161
282241,282306,282339,282352,282433,282296,282331,282351,282287,282302,282315,282325,282337,282355,282306,282321
282433,282448,282466,282472,282497,282440,282458,282471,282434,282444,282451,282451,282464,282473,282447,282451
282497,282517,282532,282539,282561,282506,282524,282538,282499,282509,282518,282518,282530,282544,282513,282518
282561,282578,282595,282600,282624,282569,282587,282599,282562,282574,282584,282584,282593,282603,282578,282584
282624,282641,282658,282666,282685,282631,282650,282662,282625,282635,282644,282644,282655,282669,282639,282644
282685,282703,282720,282724,282753,282694,282712,282723,282688,282698,282707,282707,282718,282727,282701,282707
282753,282772,282790,282796,282835,282762,282779,282792,282756,282767,282781,282781,282787,282797,282774,282781
282835,282855,282870,282882,282924,282843,282863,282877,282837,282847,282854,282857,282868,282884,282850,282857
282924,282943,282959,282969,283015,282932,282951,282963,282926,282937,282946,282946,282957,282970,282940,282946
283015,283037,283052,283063,283104,283026,283044,283058,283020,283031,283040,283040,283049,283064,283035,283040
283104,283124,283140,283147,283180,283114,283131,283144,283108,283119,283128,283128,283137,283149,283123,283128
283180,283200,283215,283222,283251,283189,283207,283220,283183,283194,283201,283201,283213,283228,283197,283201
283251,283270,283288,283295,283328,283260,283279,283292,283254,283265,283275,283275,283286,283297,283269,283275
283328,283348,283366,283374,283410,283339,283356,283371,283333,283343,283353,283353,283364,283377,283347,283353
283410,283429,283448,283457,283491,283421,283440,283453,283414,283425,283436,283437,283446,283457,283430,283437
283491,283510,283528,283537,283574,283501,283518,283533,283494,283505,283515,283515,283525,283539,283509,283515
283574,283593,283612,283621,283650,283585,283602,283617,283579,283590,283601,283601,283610,283623,283594,283601
283650,283668,283686,283697,283722,283660,283677,283692,283653,283664,283674,283674,283683,283697,283668,283674
283722,283739,283758,283767,283790,283731,283746,283762,283725,283736,283740,283740,283755,283766,283740,283761
283790,283808,283826,283837,283861,283800,283816,283832,283794,283804,283815,283815,283823,283839,283808,283815
283861,283879,283899,283908,283936,283870,283888,283904,283864,283875,283886,283886,283896,283909,283878,283886
283936,283955,283973,283982,284021,283946,283963,283979,283940,283951,283962,283962,283971,283984,283955,283962
284021,284041,284059,284064,284107,284032,284050,284063,284026,284037,284048,284048,284057,284067,284041,284048
284107,284128,284143,284151,284192,284118,284135,284150,284111,284123,284134,284134,284140,284155,284134,284144
284192,284212,284228,284236,284272,284203,284219,284235,284196,284207,284216,284216,284225,284240,284211,284216
284272,284291,284308,284318,284350,284282,284298,284313,284276,284287,284291,284291,284305,284320,284291,284310
284350,284367,284386,284392,284414,284359,284376,284391,284353,284364,284373,284373,284383,284395,284367,284373
284414,284441,284459,284466,284500,284432,284450,284465,284426,284437,284448,284448,284457,284468,284441,284448
284500,284518,284538,284546,284581,284510,284528,284542,284505,284515,284526,284526,284535,284550,284519,284526
284581,284600,284618,284625,284663,284592,284607,284624,284586,284596,284600,284600,284616,284629,284600,284621
284663,284682,284700,284706,284742,284673,284690,284705,284668,284678,284688,284688,284697,284708,284682,284688
284742,284762,284780,284788,284820,284754,284770,284784,284748,284758,284769,284769,284778,284788,284762,284769
284820,284838,284856,284867,284895,284830,284846,284862,284824,284834,284843,284843,284853,284868,284838,284843
284895,284912,284931,284940,284975,284904,284921,284936,284898,284908,284919,284919,284928,284942,284912,284919
284975,284994,285012,285018,285053,284986,285002,285017,284979,284990,285001,285001,285010,285021,284995,285001
285053,285074,285092,285098,285138,285065,285084,285097,285059,285070,285080,285080,285090,285104,285074,285080
285138,285160,285179,285185,285223,285152,285167,285184,285146,285156,285168,285168,285177,285193,285160,285168
285223,285241,285261,285271,285298,285233,285250,285265,285227,285238,285249,285249,285258,285270,285242,285249
285298,285316,285334,285346,285364,285308,285323,285339,285302,285313,285317,285317,285331,285345,285317,285336
285364,285380,285400,285410,285427,285372,285389,285404,285366,285377,285386,285386,285396,285409,285381,285386
285427,285444,285463,285473,285489,285436,285451,285467,285430,285441,285445,285445,285459,285476,285445,285465
285489,285506,285525,285535,285555,285498,285514,285530,285493,285502,285511,285511,285522,285534,285506,285511
285555,285572,285589,285600,285643,285564,285579,285596,285558,285568,285572,285572,285586,285600,285572,285595
285643,285662,285681,285689,285726,285654,285669,285685,285648,285658,285663,285663,285678,285690,285663,285685
285726,285745,285765,285779,285819,285737,285751,285770,285732,285742,285754,285754,285762,285776,285746,285754
285819,285836,285856,285866,285895,285828,285846,285859,285822,285832,285842,285842,285854,285863,285836,285842
285895,285919,285929,285950,285972,285913,285923,285932,285907,285917,285921,285921,285926,285932,285921,285929
285972,286002,286013,286039,286118,286063,286066,286017,285988,286001,286006,286006,286011,286017,286006,286014
286118,286135,286150,286164,286180,286126,286145,286153,286119,286131,286139,286139,286150,286153,286134,286139
286180,286196,286212,286217,286240,286188,286205,286216,286182,286192,286201,286201,286210,286220,286195,286201
286240,286257,286275,286280,286321,286249,286267,286279,286243,286253,286262,286263,286272,286281,286256,286263
286321,286339,286359,286363,286407,286330,286352,286362,286324,286335,286343,286349,286357,286365,286339,286346
286407,286437,286453,286465,286512,286429,286446,286460,286423,286433,286442,286442,286452,286466,286436,286442
286512,286530,286549,286555,286601,286521,286541,286551,286515,286526,286536,286539,286546,286555,286531,286539
286601,286621,286643,286650,286688,286612,286631,286646,286607,286617,286626,286626,286641,286651,286620,286626
286688,286713,286733,286740,286778,286704,286721,286736,286698,286708,286726,286726,286731,286740,286712,286726
286778,286796,286814,286826,286852,286788,286804,286820,286782,286793,286802,286802,286811,286825,286796,286802
286852,286869,286888,286896,286916,286861,286878,286892,286856,286865,286874,286874,286884,286898,286869,286874
286916,286934,286954,286961,286980,286926,286944,286958,286920,286930,286940,286940,286951,286962,286934,286940
286980,286997,287017,287026,287044,286989,287004,287022,286983,286994,287008,287008,287015,287031,286998,287008
287044,287061,287081,287090,287118,287053,287070,287085,287047,287057,287067,287067,287078,287090,287060,287067
287118,287136,287157,287166,287198,287128,287143,287161,287123,287133,287147,287147,287155,287166,287136,287147
287198,287217,287237,287248,287276,287209,287225,287242,287203,287214,287225,287225,287234,287247,287218,287225
287276,287294,287313,287325,287351,287286,287302,287319,287280,287290,287301,287301,287310,287324,287294,287301
287351,287370,287390,287400,287427,287362,287378,287395,287356,287366,287376,287376,287388,287402,287370,287376
287427,287446,287465,287478,287500,287438,287453,287473,287432,287443,287456,287456,287463,287479,287447,287456
287500,287517,287536,287549,287564,287510,287526,287541,287504,287514,287523,287523,287532,287545,287517,287523
287564,287581,287601,287608,287625,287573,287589,287607,287567,287578,287588,287588,287597,287611,287581,287588
287625,287642,287663,287671,287685,287635,287650,287667,287629,287639,287652,287652,287660,287673,287643,287652
287685,287702,287723,287729,287745,287695,287710,287726,287689,287699,287703,287703,287720,287730,287703,287725
287745,287762,287780,287792,287807,287754,287770,287788,287749,287759,287767,287767,287777,287794,287762,287767
287807,287823,287843,287849,287874,287816,287829,287847,287810,287820,287835,287835,287840,287850,287825,287835
287874,287891,287911,287923,287945,287884,287899,287918,287878,287888,287892,287892,287908,287923,287892,287919
287945,287963,287984,287994,288014,287955,287971,287988,287949,287959,287968,287968,287981,287992,287962,287968
288014,288032,288050,288063,288083,288024,288040,288062,288018,288029,288034,288034,288046,288066,288034,288049
288083,288101,288122,288128,288152,288093,288106,288128,288086,288098,288108,288112,288120,288130,288102,288112
288152,288170,288188,288194,288220,288162,288178,288193,288155,288166,288178,288178,288186,288195,288170,288178
288220,288238,288259,288264,288284,288229,288249,288263,288223,288234,288246,288246,288256,288267,288239,288246
288284,288300,288319,288327,288344,288292,288309,288326,288286,288297,288306,288306,288316,288331,288301,288306
288344,288361,288381,288387,288403,288354,288369,288386,288348,288358,288367,288367,288377,288395,288362,288367
288403,288420,288441,288445,288461,288412,288429,288444,288406,288416,288425,288425,288438,288448,288420,288425
288461,288478,288496,,288519,288470,288487,288506,288464,288475,288482,288482,288492,288511,288478,288482
288519,288535,288556,,288575,288528,288544,288561,288522,288532,288541,288541,288551,288567,288536,288541
288575,288593,288612,288618,288635,288585,288602,288616,288580,288590,288600,288600,288609,288619,288594,288600
288635,288652,288671,288677,288694,288644,288661,288676,288638,288649,288658,288658,288668,288681,288652,288658
288694,288711,288733,288740,288755,288704,288720,288737,288698,288708,288717,288717,288730,288744,288711,288717
288755,288772,288792,288801,288815,288764,288780,288796,288757,288769,288777,288777,288788,288800,288773,288777
288815,288832,288850,288855,288875,288823,288841,288854,288817,288827,288837,288837,288847,288855,288830,288837
288875,288891,288909,288914,288937,288884,288897,288911,288877,288889,288901,288901,288906,288915,288894,288901
288937,288954,288975,288983,289000,288946,288958,288965,288941,288950,288955,288955,288961,288966,288955,288964
289000,289013,289043,289033,289058,289007,289019,289032,289001,289011,289015,289015,289026,289035,289015,289031
289058,289073,289090,289094,289113,289065,289080,289093,289060,289069,289076,289076,289085,289098,289072,289076
289113,289129,289148,289152,289171,289121,289138,289151,289115,289125,289132,289132,289145,289154,289128,289132
289171,289186,289209,289212,289225,289178,289199,289211,289172,289182,289196,289196,289207,289215,289186,289196
289225,289245,289262,289265,289282,289235,289254,289264,289228,289241,289249,289249,289259,289266,289244,289249
289282,289301,289319,289324,289340,289292,289301,289305,289286,289296,289299,289299,289302,289305,289299,289304
289340,289358,289378,289368,289402,289349,289365,289368,289342,289357,289361,289361,289366,289368,289361,289367
289402,289421,289439,289445,289465,289411,289430,289444,289405,289417,289426,289426,289436,289448,289422,289426
289465,289481,289500,289506,289525,289474,289492,289505,289468,289478,289489,289489,289498,289506,289483,289489
289525,289543,289563,289569,289586,289535,289551,289567,289529,289539,289550,289550,289557,289571,289550,289567
289586,289605,289624,,289649,289597,289611,289613,289591,289602,289606,289606,289612,289613,289606,289612
289649,289665,289685,289695,289709,289657,289675,289691,289650,289662,289672,289672,289682,289699,289666,289672
289709,289726,289742,289745,289768,289718,289734,289744,289712,289722,289730,289730,289739,289746,289726,289730
289768,289785,289807,,289825,289777,289793,289811,289771,289782,289790,289790,289800,289815,289786,289790
289825,289843,289863,289868,289883,289835,289852,289867,289829,289839,289849,289849,289860,289869,289843,289849
289883,289899,289919,289923,289939,289892,289910,289922,289886,289896,289905,289905,289916,289925,289900,289905
289939,289957,289977,289983,289997,289949,289966,289982,289943,289953,289964,289964,289974,289987,289957,289964
289997,290013,290033,290040,290054,290006,290018,290020,290000,290010,290013,290013,290019,290020,290013,290020
290054,290072,290090,290098,290115,290064,290080,290097,290058,290069,290076,290076,290086,290103,290073,290076
290115,290133,290152,290158,290177,290124,290140,290157,290118,290129,290135,290135,290149,290168,290135,290154
290177,290194,290212,290221,290238,290186,290201,290220,290180,290191,290195,290195,290208,290227,290195,290213
290238,290255,290275,290286,290302,290248,290262,290282,290242,290252,290257,290257,290271,290287,290257,290282
290302,290319,290339,290346,290364,290311,290328,290343,290305,290315,290325,290325,290335,290347,290319,290325
290364,290381,290401,290407,290427,290373,290389,290406,290367,290377,290381,290381,290396,290410,290381,290405
290427,290444,290464,290475,290491,290436,290454,290474,290430,290441,290452,290452,290461,290480,290445,290452
290491,290508,290528,290537,290551,290500,290519,290532,290493,290505,290515,290515,290525,290535,290509,290515
290551,290568,290589,290595,290609,290560,290577,290593,290554,290564,290573,290573,290586,290596,290567,290573
290609,290626,290646,,290665,290618,290634,290652,290612,290623,290627,290627,290640,290658,290627,290649
290665,290683,290702,290707,290722,290675,290692,290706,290669,290680,290690,290690,290699,290709,290684,290690
290722,290739,290758,,290781,290732,290749,290767,290726,290736,290745,290745,290754,290773,290739,290745
290781,290797,290815,290826,290840,290790,290806,290821,290784,290794,290802,290802,290812,290826,290797,290802
290840,290857,290877,290888,290905,290849,290865,290882,290844,290854,290857,290857,290873,290889,290857,290879
290905,290922,290942,290950,290972,290915,290932,290946,290909,290919,290930,290930,290939,290950,290923,290930
290972,290988,291008,291020,291038,290981,290997,291015,290975,290985,290995,290995,291004,291020,290989,290995
291038,291055,291075,291086,291105,291047,291064,291080,291041,291052,291063,291063,291072,291084,291056,291063
291105,291121,291143,291155,291173,291114,291129,291149,291108,291118,291122,291122,291140,291157,291122,291146
291173,291190,291211,291222,291240,291182,291198,291216,291176,291187,291200,291200,291208,291225,291192,291200
291240,291257,291277,291290,291305,291249,291266,291284,291243,291253,291264,291264,291274,291290,291257,291264
291305,291323,291343,291353,291370,291315,291331,291348,291309,291320,291332,291332,291341,291353,291325,291332
291370,291387,291406,291412,291431,291379,291395,291411,291373,291383,291393,291393,291402,291418,291387,291393
291431,291447,291467,291473,291490,291439,291456,291472,291433,291444,291454,291454,291463,291483,291448,291454
291490,291507,291526,291534,291549,291499,291515,291533,291493,291503,291513,291513,291522,291542,291507,291513
291549,291566,291586,291591,291609,291558,291574,291590,291552,291563,291576,291576,291584,291592,291568,291576
291609,291627,291645,291657,291672,291618,291635,291654,291612,291623,291634,291634,291642,291660,291628,291634
291672,291689,291707,291712,291735,291680,291698,291711,291674,291685,291695,291695,291704,291720,291690,291695
291735,291751,291770,291774,291799,291743,291759,291773,291738,291747,291758,291758,291767,291777,291751,291758
291799,291816,291835,291840,291865,291807,291826,291837,291801,291812,291823,291823,291832,291840,291817,291823
291865,291881,291899,291911,291929,291872,291888,291904,291866,291878,291885,291885,291896,291904,291885,291900
291929,291945,291965,291976,291994,291937,291953,291971,291931,291941,291956,291956,291962,291977,291945,291956
291994,292010,292032,292042,292058,292002,292015,292024,291996,292008,292013,292013,292018,292024,292013,292021
292058,292074,292096,292100,292119,292066,292080,292089,292060,292071,292076,292076,292084,292089,292076,292086
292119,292136,292158,292165,292184,292128,292143,292163,292122,292133,292146,292146,292155,292167,292137,292146
292184,292200,292223,292232,292247,292192,292208,292226,292186,292196,292204,292204,292213,292229,292200,292204
292247,292264,292282,292287,292312,292256,292273,292286,292250,292261,292271,292271,292279,292290,292265,292271
292312,292328,292347,292356,292376,292320,292337,292350,292314,292324,292335,292335,292344,292353,292328,292335
292376,292394,292414,292423,292442,292385,292402,292418,292379,292390,292394,292394,292411,292423,292394,292418
292442,292456,292476,292484,292538,292513,,,292443,292454,292463,292465,292474,292489,292457,292465
292538,292566,292587,,292604,292549,292572,,292543,292553,292561,292568,292573,292577,292557,292564
292604,292653,292669,292676,292700,292643,292662,292675,292607,292616,292621,292648,292667,292680,292618,292643
292700,292714,292732,292738,292757,292707,292723,292737,292700,292711,292722,292722,292730,292739,292715,292722
292757,292776,292791,292802,292816,292766,292783,292796,292759,292770,292782,292782,292789,292808,292782,292793
292816,292833,292848,292856,292875,292824,292841,292855,292818,292828,292835,292835,292847,292859,292832,292835
292875,292890,292910,292917,292932,292883,292894,292898,292877,292887,292890,292890,292895,292898,292890,292896
292932,292949,292970,292975,292993,292940,292956,292974,292934,292944,292959,292959,292967,292982,292947,292959
292993,293008,293030,293038,293064,293002,293013,293033,292996,293006,293015,293019,293027,293038,293010,293019
293064,293082,293102,293109,293136,293074,293094,293105,293069,293078,293087,293090,293100,293109,293081,293090
293136,293155,293173,293183,293210,293146,293163,293177,293140,293150,293158,293158,293170,293181,293154,293158
293210,293229,293244,293252,293288,293219,293237,293251,293212,293223,293232,293232,293242,293256,293227,293232
293288,293309,293328,293332,293362,293298,293316,293331,293290,293304,293321,293321,293326,293336,293314,293321
293362,293381,293402,293407,293435,293372,293387,293405,293365,293377,293391,293394,293400,293410,293385,293394
293435,293453,293470,293478,293508,293444,293462,293477,293438,293448,293458,293458,293468,293483,293452,293458
293508,293526,293545,293553,293581,293517,293533,293549,293510,293521,293537,293537,293542,293559,293529,293537
293581,293599,293617,293627,293655,293591,293608,293626,293584,293595,293605,293605,293614,293630,293599,293605
293655,293674,293692,293704,293727,293666,293683,293702,293659,293670,293680,293680,293689,293707,293674,293680
293727,293746,293765,293774,293802,293738,293755,293770,293732,293742,293752,293752,293763,293774,293746,293752
293802,293820,293839,293849,293874,293812,293828,293845,293806,293816,293828,293828,293837,293851,293820,293828
293874,293893,293914,293919,293947,293884,293902,293918,293878,293888,293897,293897,293912,293922,293891,293897
293947,293966,293983,293994,294020,293957,293974,293993,293950,293962,293971,293971,293980,293998,293967,293971
294020,294039,294057,294064,294095,294030,294048,294060,294023,294034,294043,294043,294054,294064,294038,294043
294095,294114,294132,294138,294167,294105,294123,294137,294098,294109,294119,294119,294130,294142,294113,294119
294167,294185,294206,294214,294241,294177,294191,294211,294171,294182,294195,294195,294204,294216,294186,294195
294241,294259,294278,294287,294313,294251,294266,294284,294245,294255,294259,294259,294273,294289,294259,294283
294313,294333,294354,294361,294389,294324,294340,294358,294318,294329,294345,294345,294352,294363,294334,294345
294389,294408,294424,294436,294466,294399,294415,294435,294393,294404,294408,294408,294421,294441,294408,294425
294466,294485,294504,294511,294544,294477,294494,294510,294471,294481,294492,294492,294502,294516,294485,294492
