on,sp,dn,dp,u,v,w,a,b,c,d,e,f,p1,p2
0,72,93,102,63,85,101,57,67,81,81,91,106,71,81
153,184,205,212,174,195,211,168,179,193,193,204,218,183,193
270,300,322,330,290,314,329,284,295,306,310,321,333,299,310
386,421,443,450,412,435,449,405,416,429,431,442,454,420,431
499,535,557,564,526,547,563,520,530,544,544,555,567,534,544
626,648,669,678,638,662,677,632,643,654,658,668,682,647,658
731,762,785,791,753,776,790,747,757,772,772,783,794,761,772
839,874,895,902,865,886,901,858,869,881,881,893,906,874,881
962,985,1007,1014,975,998,1013,968,980,993,993,1006,1016,984,993
1079,1101,1122,1134,1091,1115,1133,1085,1096,1108,1111,1120,1137,1101,1111
1182,1212,1232,1239,1202,1223,1238,1196,1207,1219,1219,1231,1243,1211,1219
1297,1319,1340,1347,1309,1332,1346,1302,1313,1324,1328,1338,1350,1318,1328
1402,1434,1455,1465,1424,1447,1464,1418,1428,1441,1443,1454,1468,1433,1443
1518,1548,1570,1576,1539,1560,1575,1532,1543,1556,1556,1568,1579,1547,1556
1636,1659,1681,1690,1649,1673,1689,1643,1654,1667,1667,1680,1692,1657,1667
1756,1786,1806,1817,1776,1799,1816,1769,1781,1791,1794,1805,1821,1785,1794
1872,1909,1930,1937,1899,1922,1936,1893,1905,1917,1917,1928,1940,1909,1917
2002,2025,2046,2056,2015,2039,2055,2009,2020,2033,2033,2045,2059,2024,2033
2123,2145,2167,2174,2135,2158,2173,2128,2140,2152,2152,2165,2177,2144,2152
2241,2264,2284,2292,2254,2276,2291,2248,2259,2271,2271,2282,2296,2263,2271
2349,2372,2393,2402,2363,2385,2401,2357,2367,2380,2380,2391,2406,2372,2380
2463,2485,2507,2514,2475,2499,2513,2469,2480,2492,2495,2505,2517,2484,2495
2573,2600,2621,2630,2591,2613,2629,2584,2595,2606,2608,2620,2635,2599,2608
2677,2712,2734,2740,2703,2725,2739,2697,2708,2718,2721,2732,2743,2712,2721
2808,2830,2851,2861,2820,2844,2860,2814,2825,2835,2839,2850,2864,2829,2839
2942,2963,2985,2993,2954,2977,2992,2947,2958,2969,2972,2984,2995,2962,2972
3051,3086,3108,3112,3074,3098,3111,3067,3079,3098,3098,3106,3114,3083,3098
3181,3205,3228,3235,3193,3217,3234,3187,3197,3211,3211,3227,3238,3201,3211
3302,3332,3352,3360,3320,3345,3359,3314,3325,3337,3340,3351,3362,3330,3340
3423,3449,3468,3475,3437,3461,3474,3431,3442,3454,3457,3466,3479,3449,3457
3543,3570,3588,3596,3555,3581,3595,3548,3560,3569,3573,3587,3597,3564,3573
3665,3690,3709,3719,3678,3701,3718,3671,3684,3695,3695,3708,3723,3688,3695
3772,3803,3821,3828,3793,3814,3827,3786,3798,3808,3808,3820,3831,3801,3808
3891,3914,3935,3947,3904,3928,3946,3897,3909,3919,3922,3934,3950,3913,3922
4015,4037,4060,4068,4028,4052,4067,4021,4032,4044,4048,4059,4070,4037,4048
4122,4158,4180,4185,4149,4170,4184,4143,4153,4166,4166,4178,4188,4157,4166
4243,4272,4293,4302,4262,4285,4301,4256,4267,4278,4280,4292,4305,4270,4280
4372,4394,4415,4425,4384,4408,4424,4378,4389,4400,4404,4413,4428,4393,4404
4479,4514,4535,4541,4505,4525,4540,4499,4509,4521,4521,4533,4543,4513,4521
4603,4625,4645,4655,4615,4637,4654,4609,4620,4633,4633,4644,4658,4624,4633
4725,4747,4768,4776,4737,4760,4775,4730,4742,4754,4757,4766,4779,4747,4757
4829,4863,4883,4891,4854,4874,4890,4847,4859,4871,4871,4882,4894,4863,4871
4948,4978,4999,5008,4968,4991,5007,4962,4973,4985,4988,4998,5011,4978,4988
5080,5101,5123,5131,5092,5116,5130,5085,5096,5107,5112,5121,5133,5101,5109
5186,5223,5244,5251,5213,5232,5250,5207,5218,5232,5232,5243,5255,5223,5232
5308,5338,5360,5369,5329,5352,5368,5323,5334,5344,5348,5361,5372,5338,5348
5442,5463,5486,5493,5454,5478,5492,5448,5459,5470,5474,5484,5496,5463,5474
5556,5585,5606,5615,5575,5598,5614,5569,5580,5594,5594,5605,5619,5584,5594
5664,5697,5717,5724,5688,5707,5723,5681,5693,5706,5706,5716,5727,5697,5706
5788,5810,5831,5840,5800,5824,5839,5794,5805,5817,5819,5830,5843,5809,5819
5912,5933,5955,5965,5924,5948,5964,5917,5929,5940,5944,5953,5969,5933,5944
6024,6054,6074,6082,6045,6066,6081,6039,6050,6063,6063,6073,6086,6054,6063
6139,6171,6192,6202,6162,6185,6201,6155,6166,6177,6181,6191,6205,6170,6181
6271,6292,6315,6322,6283,6306,6321,6277,6287,6300,6303,6313,6326,6291,6303
6374,6412,6432,6440,6403,6423,6439,6397,6408,6419,6419,6430,6443,6412,6419
6494,6525,6547,6555,6515,6539,6554,6509,6519,6532,6532,6546,6557,6523,6532
6625,6647,6672,6678,6637,6661,6677,6631,6642,6653,6657,6671,6680,6646,6657
6735,6771,6793,6799,6762,6783,6798,6756,6767,6779,6779,6791,6802,6771,6779
6863,6886,6908,6916,6876,6901,6915,6870,6881,6891,6896,6907,6923,6885,6893
6986,7008,7031,7037,6998,7022,7036,6991,7002,7014,7016,7029,7040,7007,7016
7091,7130,7153,7158,7121,7143,7157,7114,7126,7137,7137,7151,7161,7130,7137
7212,7244,7263,7273,7234,7257,7272,7227,7239,7248,7252,7262,7276,7243,7252
7341,7364,7386,7394,7354,7377,7393,7348,7359,7369,7371,7385,7395,7362,7371
7452,7488,7507,7516,7476,7500,7515,7470,7481,7495,7495,7505,7520,7487,7495
7577,7602,7621,7632,7591,7614,7631,7585,7596,7606,7608,7619,7635,7599,7608
7698,7719,7738,7749,7709,7732,7748,7702,7713,7723,7728,7736,7773,7718,7725
7822,7842,7867,7872,7832,7856,7871,7826,7837,7847,7851,7866,7875,7841,7851
7936,7961,7982,7986,7950,7972,7985,7944,7954,7963,7966,7980,7989,7958,7966
8049,8074,8094,8100,8061,8086,8099,8055,8066,8079,8079,8092,8101,8070,8079
8171,8197,8212,8224,8182,8207,8223,8176,8187,8196,8200,8218,8227,8191,8200
8284,8311,8328,8335,8299,8321,8334,8291,8304,8315,8315,8327,8338,8308,8315
8395,8419,8438,8446,8408,8431,8445,8401,8413,8422,8426,8437,8448,8417,8426
8517,8538,8560,8567,8528,8553,8566,8522,8533,8543,8548,8559,8570,8537,8548
8623,8661,8682,8689,8651,8674,8688,8645,8656,8667,8669,8680,8691,8661,8669
8744,8773,8794,8800,8763,8785,8799,8757,8768,8780,8781,8793,8803,8772,8781
8866,8887,8910,8917,8878,8901,8916,8872,8883,8893,8897,8909,8919,8887,8897
8987,9007,9029,9038,8998,9021,9037,8992,9003,9013,9017,9028,9042,9007,9017
9088,9121,9141,9148,9111,9130,9147,9105,9116,9129,9129,9140,9154,9120,9129
9207,9228,9251,9257,9218,9242,9256,9212,9223,9234,9235,9249,9259,9227,9235
9318,9341,9364,9370,9330,9354,9369,9324,9335,9346,9348,9362,9375,9340,9348
9422,9457,9478,9484,9447,9468,9483,9440,9452,9463,9463,9476,9487,9456,9463
9547,9571,9591,9599,9560,9584,9598,9554,9565,9575,9579,9590,9602,9569,9579
9672,9695,9718,9725,9685,9709,9724,9678,9689,9701,9704,9716,9727,9693,9704
9777,9817,9838,9846,9807,9830,9845,9801,9812,9824,9824,9837,9849,9816,9824
9897,9930,9951,9959,9921,9943,9958,9915,9925,9937,9937,9951,9962,9929,9937
10023,10047,10068,10077,10037,10060,10076,10031,10041,10055,10055,10067,10080,10046,10055
10146,10168,10191,10198,10159,10182,10197,10153,10163,10176,10176,10190,10200,10168,10176
10247,10282,10304,10310,10273,10294,10309,10267,10277,10290,10290,10303,10313,10281,10290
10363,10384,10405,10412,10375,10398,10411,10369,10380,10390,10394,10403,10415,10384,10394
10473,10494,10516,10528,10484,10508,10527,10478,10488,10500,10504,10514,10532,10492,10504
10610,10630,10654,10660,10621,10645,10659,10615,10625,10637,10640,10652,10662,10629,10640
10707,10757,10778,10784,10747,10769,10783,10741,10751,10762,10762,10776,10787,10755,10762
10842,10876,10897,10905,10866,10890,10904,10860,10870,10881,10885,10896,10908,10874,10885
10972,11002,11023,11032,10993,11016,11031,10987,10997,11008,11012,11022,11034,11002,11012
11088,11125,11149,11155,11116,11139,11154,11109,11120,11130,11134,11147,11157,11124,11134
11217,11241,11261,11267,11231,11254,11266,11225,11236,11246,11249,11259,11268,11240,11249
11329,11353,11374,11381,11341,11365,11380,11334,11346,11357,11357,11373,11384,11351,11357
11448,11473,11493,11502,11461,11487,11501,11454,11465,11477,11482,11492,11504,11471,11479
11555,11594,11616,11622,11583,11608,11621,11577,11588,11602,11602,11614,11623,11592,11602
11681,11709,11728,11738,11699,11721,11737,11693,11703,11712,11717,11727,11741,11707,11717
11806,11829,11850,11858,11818,11843,11857,11811,11822,11834,11837,11849,11861,11827,11837
11933,11956,11978,11984,11944,11970,11983,11938,11949,11962,11963,11977,11987,11953,11963
12041,12073,12091,12098,12061,12084,12097,12055,12066,12078,12078,12089,12103,12072,12078
12156,12180,12198,12208,12169,12192,12207,12162,12174,12184,12186,12197,12210,12178,12186
12259,12292,12316,12323,12282,12306,12322,12276,12287,12297,12299,12315,12325,12291,12299
12382,12411,12431,12441,12401,12424,12440,12395,12406,12417,12418,12430,12444,12410,12418
12492,12520,12540,12546,12510,12531,12545,12504,12515,12525,12525,12539,12549,12518,12525
12599,12621,12643,12650,12612,12635,12649,12606,12616,12625,12630,12641,12653,12620,12630
12712,12733,12755,12764,12723,12747,12763,12717,12728,12738,12741,12753,12767,12731,12741
12823,12862,12882,12890,12851,12875,12889,12845,12856,12867,12870,12880,12894,12861,12870
12959,12985,13002,13009,12971,12995,13008,12965,12976,12987,12987,13000,13013,12980,12987
13080,13107,13125,13136,13093,13118,13135,13086,13097,13109,13109,13123,13138,13100,13109
13204,13230,13248,13255,13216,13241,13254,13208,13221,13233,13233,13246,13259,13224,13233
13321,13345,13364,13370,13333,13355,13369,13326,13339,13349,13349,13362,13373,13343,13349
13428,13452,13473,13481,13442,13465,13480,13435,13446,13458,13458,13471,13486,13450,13458
13543,13566,13588,13595,13556,13579,13594,13549,13560,13572,13572,13587,13597,13564,13572
13643,13683,13706,13712,13674,13697,13711,13668,13678,13691,13692,13704,13720,13683,13692
13761,13792,13814,13820,13783,13804,13819,13777,13787,13798,13798,13813,13823,13791,13798
13878,13904,13926,13935,13894,13919,13934,13888,13899,13911,13915,13924,13939,13903,13915
13998,14020,14041,14052,14010,14034,14051,14003,14015,14028,14028,14040,14055,14019,14028
14103,14134,14153,14159,14123,14145,14158,14117,14128,14140,14140,14151,14162,14132,14140
14216,14240,14260,14269,14229,14252,14268,14222,14234,14246,14246,14258,14271,14239,14246
14336,14360,14381,14389,14349,14373,14388,14342,14354,14366,14366,14380,14389,14358,14366
14447,14481,14500,14511,14471,14493,14510,14464,14476,14488,14488,14499,14513,14480,14488
14572,14595,14615,14622,14586,14607,14621,14580,14591,14602,14602,14614,14625,14595,14602
14677,14698,14718,14726,14688,14711,14725,14682,14692,14704,14707,14716,14730,14696,14707
14778,14808,14828,14837,14797,14821,14836,14791,14802,14812,14816,14827,14840,14806,14816
14895,14931,14952,14962,14921,14945,14961,14915,14926,14937,14940,14950,14964,14930,14940
15012,15046,15066,15073,15037,15058,15072,15031,15041,15051,15054,15065,15076,15045,15054
15134,15158,15179,15188,15148,15171,15187,15141,15152,15162,15165,15178,15192,15156,15165
15249,15281,15302,15311,15271,15294,15310,15265,15275,15285,15289,15302,15314,15279,15289
15363,15402,15422,15429,15393,15414,15428,15387,15397,15408,15408,15420,15432,15401,15408
15481,15510,15531,15537,15501,15523,15536,15495,15505,15519,15519,15530,15540,15509,15519
15599,15622,15644,15651,15612,15636,15650,15606,15616,15626,15631,15643,15654,15620,15628
15717,15741,15759,15771,15730,15754,15770,15723,15734,15745,15749,15757,15774,15739,15749
15831,15854,15872,15883,15842,15865,15882,15835,15848,15859,15859,15871,15886,15852,15859
15936,15966,16027,16029,15949,15974,16004,15943,15952,15959,15964,15997,16010,15955,15961
16065,16097,16107,16110,16075,16102,16109,16068,16077,16082,16096,16105,16111,16079,16093
16195,16225,16239,16245,16208,16233,16244,16198,16215,16224,16224,16237,16248,16219,16224
16308,16336,16351,16356,16320,16345,16355,16312,16325,16333,16337,16350,16357,16328,16337
16423,16453,16467,16472,16436,16462,16471,16429,16441,16452,16454,16465,16471,16445,16454
16544,16572,16588,16596,16557,16581,16595,16550,16564,16573,16573,16587,16603,16567,16573
16652,16678,16696,16703,16666,16688,16702,16659,16672,16681,16681,16694,16706,16676,16681
16768,16792,16812,16819,16781,16804,16818,16774,16786,16797,16797,16810,16824,16790,16797
16878,16910,16929,16939,16900,16923,16938,16893,16905,16915,16919,16928,16943,16909,16919
16988,17019,17040,17046,17010,17031,17045,17003,17014,17027,17027,17038,17050,17018,17027
17109,17132,17152,17160,17121,17145,17159,17115,17126,17136,17139,17151,17162,17130,17139
17226,17249,17270,17278,17239,17262,17277,17232,17244,17257,17257,17269,17281,17248,17257
17328,17360,17379,17388,17351,17371,17387,17345,17356,17369,17369,17379,17392,17361,17369
17443,17469,17492,17499,17459,17482,17498,17453,17464,17477,17477,17491,17502,17468,17477
17554,17587,17608,17619,17578,17601,17618,17572,17583,17596,17596,17607,17623,17587,17596
17666,17706,17727,17734,17696,17716,17733,17690,17701,17714,17714,17725,17737,17705,17714
17793,17817,17839,17846,17808,17830,17845,17801,17812,17826,17826,17838,17849,17817,17826
17913,17934,17955,17965,17925,17948,17964,17918,17929,17942,17944,17954,17967,17934,17944
18019,18052,18074,18080,18042,18064,18079,18036,18047,18060,18060,18073,18083,18051,18060
18140,18162,18183,18190,18153,18173,18189,18147,18158,18170,18170,18181,18193,18161,18170
18247,18269,18292,18298,18259,18283,18297,18253,18264,18279,18279,18290,18300,18269,18279
18352,18384,18404,18413,18374,18397,18412,18368,18378,18390,18393,18404,18416,18383,18393
18465,18498,18518,18526,18488,18510,18525,18482,18493,18507,18507,18517,18528,18497,18507
18579,18602,18622,18628,18592,18614,18627,18586,18596,18607,18610,18620,18631,18600,18610
18691,18713,18735,18744,18703,18727,18743,18697,18707,18717,18721,18735,18746,18711,18721
18793,18834,18856,18863,18824,18848,18862,18818,18829,18839,18843,18855,18865,18832,18843
18914,18945,18966,18973,18936,18958,18972,18930,18941,18951,18953,18965,18976,18944,18953
19033,19055,19076,19083,19045,19069,19082,19039,19050,19060,19064,19074,19084,19054,19064
19138,19170,19193,19201,19161,19184,19200,19155,19165,19176,19177,19192,19208,19169,19177
19255,19286,19307,19314,19277,19299,19313,19270,19281,19293,19293,19306,19317,19285,19293
19370,19395,19413,19424,19382,19406,19423,19375,19387,19397,19400,19411,19426,19391,19400
19481,19507,19527,19538,19495,19521,19537,19489,19501,19512,19516,19525,19541,19506,19516
19599,19622,19645,19651,19611,19634,19650,19604,19616,19627,19627,19644,19655,19620,19627
19707,19732,19748,19758,19719,19742,19757,19713,19723,19734,19734,19747,19761,19727,19734
19818,19844,19865,19870,19830,19855,19869,19823,19835,19844,19847,19863,19872,19838,19847
19929,19958,19977,19984,19945,19970,19983,19939,19950,19964,19964,19976,19986,19956,19964
20035,20059,20080,20086,20048,20070,20085,20042,20053,20063,20063,20079,20089,20057,20063
20142,20166,20187,20196,20156,20179,20195,20150,20161,20170,20173,20186,20196,20164,20173
20244,20278,20300,20307,20269,20292,20306,20263,20273,20284,20287,20299,20309,20277,20287
20365,20386,20407,20415,20377,20398,20414,20371,20382,20392,20393,20405,20419,20386,20393
20471,20492,20515,20522,20483,20506,20521,20477,20487,20498,20501,20514,20524,20491,20501
20583,20605,20624,20638,20595,20617,20637,20588,20600,20611,20611,20623,20641,20604,20611
20695,20720,20737,20745,20709,20730,20744,20702,20713,20724,20724,20736,20747,20718,20724
20801,20823,20845,20849,20812,20837,20848,20805,20816,20830,20830,20843,20852,20821,20830
20910,20932,20952,20959,20921,20945,20958,20915,20926,20937,20941,20950,20967,20931,20941
21018,21040,21060,21065,21029,21052,21064,21023,21034,21045,21045,21059,21068,21038,21045
21117,21141,21158,21168,21128,21151,21167,21121,21133,21145,21145,21156,21171,21137,21145
21223,21247,21268,21274,21235,21259,21273,21229,21241,21252,21252,21267,21276,21245,21252
21337,21359,21378,21387,21348,21371,21386,21342,21353,21363,21365,21377,21390,21357,21365
21443,21466,21486,21492,21456,21478,21491,21450,21461,21472,21472,21484,21495,21465,21472
21548,21570,21592,21599,21560,21583,21598,21554,21565,21577,21578,21590,21602,21569,21578
21659,21681,21703,21710,21671,21694,21709,21665,21676,21687,21689,21701,21714,21680,21689
21762,21792,21813,21820,21783,21804,21819,21777,21787,21800,21800,21812,21824,21792,21800
21878,21899,21923,21928,21889,21911,21927,21883,21894,21904,21904,21921,21931,21897,21904
21984,22013,22036,22043,22003,22027,22042,21997,22008,22018,22022,22035,22045,22012,22022
22094,22125,22141,22153,22115,22134,22152,22108,22120,22130,22130,22140,22155,22124,22130
22205,22231,22254,22259,22219,22243,22258,22213,22223,22236,22236,22252,22263,22228,22236
22314,22342,22360,22372,22332,22355,22371,22325,22336,22346,22350,22359,22375,22341,22350
22430,22452,22471,22478,22441,22464,22477,22435,22445,22459,22459,22470,22481,22449,22459
22534,22558,22578,22582,22545,22571,22581,22539,22549,22568,22568,22577,22584,22553,22568
22648,22670,22690,22701,22659,22683,22700,22652,22663,22675,22675,22688,22704,22667,22675
22746,22775,22796,22801,22765,22787,22800,22759,22770,22779,22781,22795,22804,22773,22781
22858,22880,22904,22908,22869,22895,22907,22863,22873,22882,22886,22902,22910,22876,22886
22972,22994,23015,23020,22983,23008,23019,22976,22988,22999,23003,23013,23022,22993,23003
23073,23103,23123,23129,23092,23114,23128,23086,23097,23108,23108,23122,23131,23100,23108
23189,23214,23234,23240,23201,23226,23239,23194,23206,23216,23220,23233,23242,23211,23220
23303,23329,23350,23355,23315,23340,23354,23308,23320,23331,23331,23348,23358,23324,23331
23411,23435,23453,23458,23423,23445,23457,23416,23430,23442,23442,23451,23461,23436,23442
23517,23542,23562,23570,23531,23555,23569,23524,23536,23548,23550,23561,23572,23541,23550
23619,23655,23677,23682,23645,23667,23681,23638,23650,23662,23662,23675,23685,23654,23662
23728,23758,23779,23786,23747,23769,23785,23740,23752,23765,23765,23778,23789,23757,23765
23842,23865,23886,23894,23855,23877,23893,23848,23860,23871,23871,23885,23895,23864,23871
23952,23975,23995,24001,23965,23986,24000,23958,23970,23982,23982,23993,24003,23975,23982
24055,24078,24101,24108,24068,24090,24107,24061,24073,24084,24084,24100,24110,24077,24084
24159,24191,24211,24220,24181,24204,24219,24174,24186,24198,24198,24210,24224,24190,24198
24271,24299,24317,24327,24289,24310,24326,24283,24294,24306,24306,24316,24331,24298,24306
24377,24398,24420,24426,24388,24411,24425,24382,24392,24405,24405,24418,24429,24396,24405
24478,24499,24519,24529,24489,24511,24528,24483,24494,24505,24505,24518,24532,24498,24505
24578,24600,24616,24632,24588,24610,24631,24581,24593,24602,24606,24614,24643,24597,24606
24674,24699,24715,24720,24685,24708,24719,24678,24689,24695,24699,24714,24723,24691,24699
24773,24809,24828,24833,24792,24820,24832,24786,24795,24799,24804,24826,24840,24797,24801
24893,24921,24932,24941,24904,24927,24940,24897,24910,24917,24922,24930,24944,24914,24919
24998,25025,25039,25043,25009,25034,25042,25003,25014,25024,25029,25037,25045,25020,25029
25098,25141,25154,25164,25124,25149,25163,25119,25127,25136,25143,25152,25192,25131,25139
25217,25244,25260,25264,25234,25255,25263,25229,25237,25246,25250,25258,25264,25241,25250
25331,25353,25368,25370,25339,25363,25370,25334,25343,25355,25358,25366,25373,25346,25358
25434,25462,25481,25490,25451,25476,25489,25446,25454,25465,25472,25480,25493,25457,25469
25540,25567,25585,25595,25557,25577,25594,25551,25561,25564,25564,25587,25597,25564,25585
25645,25668,25684,25694,25655,25678,25693,25648,25660,25669,25673,25688,25697,25664,25673
25747,25775,25795,25801,25763,25788,25800,25757,25768,25777,25783,25793,25802,25772,25780
25861,25884,25902,25910,25872,25893,25909,25865,25877,25889,25889,25900,25914,25883,25889
25968,25992,26008,26018,25979,26002,26017,25972,25984,25994,25997,26013,26021,25989,25997
26080,26106,26125,26134,26093,26118,26133,26087,26098,26112,26112,26123,26138,26105,26112
26190,26213,26231,26239,26202,26224,26238,26195,26207,26217,26218,26229,26243,26211,26218
26298,26323,26343,26348,26311,26336,26347,26304,26316,26331,26331,26342,26349,26321,26331
26402,26435,26453,26463,26422,26446,26462,26415,26427,26439,26439,26453,26468,26432,26439
26513,26544,26562,26569,26533,26553,26568,26526,26537,26546,26546,26561,26573,26541,26546
26629,26653,26673,26680,26641,26666,26679,26635,26646,26659,26659,26672,26683,26651,26659
26737,26765,26785,26794,26755,26779,26793,26749,26760,26771,26774,26784,26797,26765,26774
26841,26872,26890,26900,26863,26883,26899,26856,26868,26879,26879,26889,26905,26872,26879
26960,26984,27005,27013,26974,26997,27012,26968,26979,26990,26993,27003,27015,26984,26993
27076,27098,27120,27127,27089,27113,27126,27083,27094,27104,27109,27119,27130,27098,27106
27181,27210,27230,27238,27201,27221,27237,27195,27206,27218,27218,27229,27241,27210,27218
27301,27322,27344,27353,27313,27337,27352,27307,27318,27328,27333,27343,27358,27322,27330
27404,27438,27458,27468,27428,27451,27467,27422,27433,27443,27446,27458,27470,27437,27446
27516,27551,27572,27579,27542,27563,27578,27536,27547,27559,27559,27570,27582,27551,27559
27635,27666,27688,27700,27657,27681,27699,27650,27661,27675,27676,27687,27703,27666,27676
27752,27784,27805,27813,27775,27797,27812,27768,27779,27793,27793,27804,27817,27783,27793
27864,27896,27916,27924,27886,27907,27923,27880,27891,27903,27903,27915,27928,27895,27903
27986,28007,28030,28037,27998,28021,28036,27991,28002,28013,28015,28028,28039,28006,28015
28100,28122,28144,28151,28112,28135,28150,28106,28117,28130,28130,28143,28154,28121,28130
28200,28232,28252,28258,28222,28243,28257,28216,28227,28240,28240,28250,28261,28232,28240
28320,28342,28364,28372,28333,28356,28371,28326,28337,28349,28350,28363,28375,28341,28350
28440,28463,28485,28493,28453,28477,28492,28447,28458,28469,28472,28484,28496,28463,28472
28543,28579,28600,28606,28570,28590,28605,28564,28575,28586,28586,28598,28609,28579,28586
28673,28695,28718,28724,28686,28710,28723,28680,28690,28704,28706,28717,28728,28694,28706
28780,28818,28841,28849,28809,28831,28848,28803,28813,28828,28828,28840,28851,28817,28828
28900,28936,28957,28964,28927,28945,28963,28921,28932,28946,28946,28955,28969,28936,28946
29026,29049,29072,29078,29039,29062,29077,29033,29043,29057,29057,29070,29081,29048,29057
29133,29165,29188,29195,29156,29179,29194,29150,29161,29175,29175,29187,29198,29165,29175
29246,29278,29297,29306,29269,29289,29305,29263,29274,29286,29286,29296,29310,29278,29286
29361,29387,29409,29418,29378,29400,29417,29372,29383,29395,29395,29408,29422,29387,29395
29486,29507,29529,29538,29498,29520,29537,29492,29502,29516,29516,29528,29541,29507,29516
29588,29626,29647,29654,29617,29638,29653,29611,29621,29635,29635,29645,29658,29625,29635
29708,29738,29761,29768,29729,29752,29767,29723,29733,29746,29748,29760,29770,29738,29748
29834,29855,29878,29887,29846,29871,29886,29840,29850,29863,29867,29877,29892,29854,29867
29935,29974,29995,30003,29965,29985,30002,29959,29970,29982,29982,29993,30010,29974,29982
30054,30084,30107,30112,30074,30095,30111,30068,30079,30090,30090,30106,30115,30083,30090
30169,30200,30221,30231,30190,30213,30230,30184,30195,30207,30210,30220,30233,30200,30210
30289,30317,30338,30346,30308,30330,30345,30302,30313,30325,30325,30336,30349,30317,30325
30404,30426,30447,30454,30416,30438,30453,30410,30421,30433,30433,30446,30458,30425,30433
30514,30537,30559,30568,30527,30551,30567,30521,30532,30544,30546,30558,30570,30536,30546
30635,30656,30679,30687,30647,30670,30686,30641,30652,30662,30665,30679,30690,30656,30665
30737,30775,30795,30803,30765,30787,30802,30759,30770,30782,30782,30793,30808,30774,30782
30871,30894,30914,30930,30883,30906,30929,30876,30887,30896,30901,30913,30933,30891,30898
30982,31019,31040,31052,31008,31034,31051,31002,31012,31024,31027,31039,31055,31017,31027
31098,31142,31161,31165,31130,31150,31164,31124,31134,31143,31143,31158,31166,31137,31143
31239,31262,31288,31292,31250,31276,31291,31244,31255,31265,31268,31286,31294,31259,31268
31365,31388,31406,31418,31377,31400,31417,31371,31381,31393,31396,31404,31432,31386,31396
31474,31505,31524,31533,31495,31517,31532,31488,31499,31511,31511,31523,31536,31503,31511
31593,31619,31641,31646,31605,31630,31645,31598,31610,31619,31623,31639,31649,31614,31623
31714,31741,31757,31764,31725,31751,31763,31718,31730,31741,31741,31756,31765,31734,31741
31829,31854,31872,31881,31844,31864,31880,31837,31849,31860,31860,31870,31885,31853,31860
31943,31966,31987,31995,31955,31980,31994,31949,31960,31972,31975,31986,32000,31964,31975
32065,32088,32112,32119,32079,32102,32118,32073,32084,32093,32098,32111,32121,32088,32095
32171,32208,32229,32235,32198,32220,32234,32192,32203,32215,32215,32227,32239,32207,32215
32303,32326,32348,32356,32316,32340,32355,32309,32320,32332,32335,32346,32359,32325,32335
32424,32446,32467,32478,32437,32460,32477,32430,32441,32454,32455,32466,32482,32445,32455
32527,32565,32585,32592,32555,32574,32591,32549,32560,32575,32575,32583,32596,32564,32575
32643,32679,32703,32709,32670,32693,32708,32664,32674,32688,32688,32701,32712,32678,32688
32765,32795,32817,32826,32786,32808,32825,32780,32791,32805,32805,32816,32833,32795,32805
32875,32907,32928,32934,32898,32915,32933,32892,32902,32918,32918,32927,32937,32907,32918
32997,33021,33042,33049,33010,33034,33048,33004,33015,33028,33028,33040,33050,33019,33028
33107,33138,33158,33164,33128,33152,33163,33122,33132,33144,33148,33157,33165,33136,33148
33222,33257,33279,33285,33248,33266,33284,33242,33252,33271,33271,33278,33288,33256,33271
33348,33370,33392,33399,33361,33384,33398,33355,33365,33378,33380,33391,33403,33370,33380
33457,33480,33501,33507,33469,33492,33506,33463,33474,33488,33488,33499,33509,33479,33488
33571,33597,33616,33623,33584,33609,33622,33577,33590,33602,33602,33615,33627,33595,33602
33693,33719,33741,33748,33708,33732,33747,33701,33713,33726,33726,33739,33756,33718,33726
33823,33847,33869,33877,33836,33860,33876,33829,33842,33856,33856,33867,33881,33846,33856
33929,33970,33991,34000,33960,33981,33999,33953,33965,33980,33980,33989,34004,33971,33980
34053,34087,34106,34114,34077,34095,34113,34070,34082,34099,34099,34105,34118,34087,34099
34171,34193,34214,34220,34184,34202,34219,34177,34189,34193,34193,34212,34225,34193,34218
34272,34295,34315,34322,34285,34304,34321,34279,34290,34304,34304,34314,34326,34295,34304
34376,34398,34421,34428,34388,34411,34427,34382,34393,34406,34406,34420,34430,34397,34406
34507,34529,34551,34561,34519,34542,34560,34513,34524,34538,34538,34550,34567,34528,34538
34635,34656,34680,34689,34647,34665,34688,34641,34652,34666,34669,34678,34693,34656,34669
34749,34780,34801,34809,34771,34791,34808,34764,34776,34789,34789,34800,34813,34780,34789
34869,34893,34914,34921,34884,34903,34920,34878,34888,34904,34904,34912,34928,34893,34904
34978,35000,35022,35030,34991,35011,35029,34985,34996,35010,35010,35020,35035,35000,35010
35084,35106,35128,35136,35096,35117,35135,35090,35101,35115,35115,35127,35139,35106,35115
35192,35221,35243,35252,35211,35234,35251,35205,35216,35230,35230,35242,35255,35220,35230
35308,35344,35370,35375,35335,35357,35374,35329,35340,35353,35353,35368,35377,35344,35353
35441,35469,35490,35500,35460,35481,35499,35453,35465,35477,35477,35490,35503,35469,35477
35552,35583,35602,35611,35574,35593,35610,35568,35578,35589,35589,35601,35619,35582,35589
35667,35689,35710,35718,35679,35700,35717,35673,35684,35697,35697,35709,35722,35688,35697
35771,35793,35816,35822,35783,35806,35821,35777,35788,35803,35803,35814,35826,35791,35803
35873,35908,35929,35941,35898,35921,35940,35891,35902,35914,35916,35927,35948,35907,35916
36010,36033,36055,36064,36023,36047,36063,36017,36028,36039,36042,36055,36066,36032,36042
36121,36156,36178,36194,36146,36167,36193,36140,36151,36167,36167,36176,36198,36155,36167
36243,36273,36292,36304,36264,36285,36303,36257,36269,36281,36281,36291,36306,36273,36281
36361,36383,36403,36411,36374,36392,36410,36367,36378,36391,36391,36402,36413,36382,36391
36463,36484,36505,36513,36474,36496,36512,36468,36479,36495,36495,36504,36520,36483,36495
36561,36583,36604,36612,36573,36596,36611,36567,36577,36591,36591,36603,36617,36582,36591
36667,36690,36712,36722,36680,36705,36721,36673,36685,36696,36700,36710,36725,36690,36700
36797,36820,36843,36849,36809,36835,36848,36803,36815,36827,36830,36842,36852,36820,36830
36908,36946,36969,36977,36935,36958,36976,36929,36940,36952,36952,36967,36981,36944,36952
37035,37065,37085,37091,37054,37073,37090,37048,37059,37076,37076,37083,37093,37064,37076
37153,37174,37193,37201,37164,37183,37200,37158,37169,37183,37183,37192,37205,37174,37183
37257,37281,37300,37309,37270,37292,37308,37263,37275,37287,37287,37299,37313,37279,37287
37370,37397,37418,37424,37383,37409,37423,37376,37387,37397,37401,37416,37426,37391,37401
37487,37520,37541,37551,37509,37532,37550,37502,37515,37527,37527,37540,37556,37520,37527
37605,37641,37662,37670,37631,37653,37669,37624,37636,37648,37648,37661,37673,37641,37648
37720,37758,37779,37785,37748,37768,37784,37742,37753,37764,37764,37777,37787,37757,37764
37843,37865,37884,37893,37855,37876,37892,37849,37860,37873,37873,37882,37897,37865,37873
37946,37968,37988,37998,37958,37980,37997,37952,37963,37977,37977,37987,38001,37967,37977
38050,38072,38094,38101,38062,38086,38100,38055,38066,38081,38081,38093,38105,38070,38081
38164,38198,38220,38227,38187,38213,38226,38181,38192,38204,38209,38219,38228,38197,38206
38292,38325,38350,38357,38314,38337,38356,38308,38319,38330,38332,38349,38361,38324,38332
38430,38451,38472,38480,38441,38464,38479,38434,38446,38457,38460,38470,38487,38451,38460
38546,38568,38586,38596,38557,38579,38595,38550,38562,38574,38574,38584,38599,38567,38574
38653,38676,38697,38702,38664,38687,38701,38657,38670,38684,38684,38695,38706,38677,38684
38756,38781,38799,38808,38768,38792,38807,38761,38774,38785,38785,38797,38812,38780,38785
38866,38891,38913,38919,38880,38904,38918,38874,38885,38898,38898,38911,38921,38890,38898
38979,39015,39039,39046,39006,39030,39045,38999,39011,39022,39025,39038,39048,39015,39025
39100,39136,39159,39165,39126,39149,39164,39120,39131,39144,39144,39158,39168,39135,39144
39220,39254,39272,39282,39244,39265,39281,39238,39249,39262,39262,39271,39286,39253,39262
39335,39369,39390,39399,39359,39382,39398,39353,39364,39375,39378,39389,39401,39368,39378
39461,39483,39506,39512,39474,39496,39511,39468,39478,39491,39491,39505,39514,39483,39491
39571,39593,39613,39620,39583,39604,39619,39577,39589,39600,39600,39612,39622,39593,39600
39677,39701,39720,39732,39690,39714,39731,39684,39696,39707,39710,39719,39736,39701,39710
39784,39821,39845,39851,39811,39836,39850,39805,39816,39828,39833,39843,39855,39822,39833
39908,39940,39964,39968,39931,39952,39967,39925,39935,39945,39947,39962,39971,39939,39947
40026,40053,40073,40086,40042,40066,40085,40036,40047,40062,40062,40072,40115,40050,40062
40139,40171,40190,40206,40160,40183,40205,40153,40166,40177,40178,40188,40211,40170,40178
40261,40285,40306,40316,40274,40299,40315,40267,40279,40293,40293,40304,40319,40283,40293
40369,40392,40413,40420,40381,40402,40419,40374,40387,40397,40397,40412,40423,40391,40397
40469,40492,40511,40517,40480,40503,40516,40473,40485,40495,40495,40509,40518,40488,40495
40576,40598,40619,40630,40588,40613,40629,40581,40593,40604,40609,40618,40634,40598,40609
40679,40715,40739,40743,40704,40724,40742,40699,40709,40726,40728,40737,40745,40713,40728
40801,40829,40852,40857,40819,40844,40856,40813,40824,40835,40839,40851,40859,40828,40839
40906,40928,40949,40953,40916,40938,40952,40909,40920,40931,40931,40947,40955,40924,40931
40995,41017,41037,41043,41005,41029,41042,40999,41009,41023,41023,41035,41047,41014,41023
41098,41121,41139,41144,41109,41133,41143,41102,41113,41128,41128,41137,41145,41117,41128
41206,41231,41247,41257,41219,41240,41256,41212,41223,41235,41235,41245,41261,41231,41235
41315,41340,41359,41365,41326,41351,41364,41319,41331,41342,41342,41357,41371,41335,41342
41429,41454,41477,41482,41442,41466,41481,41435,41447,41467,41467,41475,41486,41452,41467
41543,41567,41587,41594,41556,41579,41593,41549,41562,41574,41574,41585,41602,41566,41574
41652,41676,41694,41702,41666,41686,41701,41659,41671,41681,41681,41692,41706,41675,41681
41769,41792,41813,41821,41781,41801,41820,41774,41787,41803,41803,41811,41827,41792,41803
41878,41908,41928,41938,41899,41919,41937,41892,41904,41916,41916,41927,41943,41909,41916
41996,42019,42039,42047,42009,42030,42046,42002,42014,42026,42026,42038,42050,42018,42026
42113,42136,42155,42165,42126,42147,42164,42119,42131,42143,42143,42154,42172,42136,42143
42238,42257,42278,42283,42248,42266,42282,42241,42252,42269,42269,42276,42287,42257,42269
42334,42371,42393,42398,42361,42381,42397,42355,42366,42371,42371,42391,42401,42371,42396
42463,42484,42507,42513,42475,42491,42513,42468,42480,42493,42497,42505,42515,42485,42497
42569,42595,42614,42624,42585,42606,42623,42579,42591,42603,42603,42612,42628,42596,42603
42680,42702,42723,42728,42692,42716,42727,42686,42696,42709,42714,42721,42730,42700,42702
42786,42816,42838,42844,42807,42822,42842,42801,42811,42825,42830,42836,42847,42818,42827
42908,42928,42948,42954,42918,42936,42953,42912,42923,42936,42936,42946,42958,42928,42936
43017,43038,43056,43069,43028,43046,43068,43022,43033,43054,43059,43064,43072,43037,43048
43121,43149,43172,43177,43140,43161,43174,43134,43144,43156,43156,43168,43177,43148,43156
43235,43258,43271,43273,43246,43265,43272,43239,43252,43260,43260,43269,43275,43255,43260
43330,43365,43390,43393,43356,43371,43391,43349,43362,43378,43383,43387,43395,43367,43380
43448,43469,43485,43491,43461,43477,43490,43454,43466,43475,43475,43483,43491,43470,43475
43550,43572,43586,43590,43559,43579,43587,43553,43564,43571,43575,43582,43593,43567,43575
43671,43693,43768,43789,43782,43793,43808,43681,43691,43699,43759,43767,43786,43695,43756
43868,43887,43893,43898,43873,43889,43895,43879,43885,43888,43888,43891,43897,43888,43894
43971,43994,44021,44028,43983,44007,44025,43980,43991,43999,44004,44021,44027,43995,44001
44072,44092,44113,44121,44167,,,44083,44089,44095,44121,44128,44133,44092,44118
44188,44205,44223,44228,44228,,,44188,44194,44200,44207,44215,44220,44197,44203
44247,44264,44275,44305,44261,44268,44276,44257,44264,44267,44267,44271,44277,44267,44274
44347,44369,44384,44387,44360,44377,44386,44353,44366,44374,44374,44382,44389,44369,44374
44436,44464,44481,44489,44456,44470,44484,44450,44460,44467,44467,44475,44489,44464,44467
44539,44558,44582,44584,44550,44564,44582,44544,44554,44567,44572,44578,44586,44561,44572
44629,44654,44666,44679,44645,44659,44678,44640,44650,44657,44657,44664,44684,44657,44668
44729,44749,44767,44769,44740,44756,44767,44732,44746,44755,44755,44762,44769,44750,44755
44816,44841,44856,44863,44833,44847,44862,44826,44838,44842,44842,44854,44867,44842,44860
44912,44932,44953,44957,44924,44938,44954,44918,44929,44935,44935,44943,44958,44935,44946
45005,45026,45046,45050,45016,45034,45047,45011,45021,45033,45033,45040,45052,45033,45046
45101,45119,45138,45144,45111,45126,45140,45105,45115,45124,45124,45133,45145,45119,45124
45193,45211,45229,45237,45203,45218,45232,45197,45207,45214,45214,45224,45237,45211,45214
45282,45300,45315,45324,45292,45307,45323,45286,45296,45303,45303,45312,45328,45299,45303
45369,45388,45401,45413,45380,45395,45412,45374,45384,45391,45391,45399,45418,45387,45391
45458,45477,45497,45502,45468,45484,45499,45463,45472,45480,45480,45489,45502,45476,45480
45550,45567,45584,45593,45560,45575,45587,45555,45564,45572,45572,45581,45592,45567,45572
45638,45655,45673,45683,45648,45664,45677,45643,45652,45662,45662,45671,45682,45655,45662
45726,45742,45767,45772,45735,45749,45760,45729,45738,45748,45748,45754,45761,45742,45748
45815,45832,45850,45858,45824,45840,45854,45818,45828,45837,45837,45845,45859,45831,45837
45904,45921,45937,45946,45914,45928,45940,45909,45918,45927,45927,45935,45944,45921,45927
45989,46008,46026,46036,46000,46015,46029,45994,46005,46016,46016,46023,46038,46010,46016
46076,46094,46108,46116,46086,46101,46115,46079,46090,46097,46097,46106,46121,46094,46097
46160,46179,46197,46203,46170,46186,46199,46163,46174,46185,46185,46192,46206,46178,46185
46245,46261,46277,46286,46253,46267,46280,46247,46259,46265,46265,46272,46287,46265,46280
46325,46342,46360,46366,46334,46349,46362,46329,46339,46348,46348,46355,46366,46342,46348
46405,46423,46438,46445,46414,46430,46444,46409,46418,46426,46426,46436,46448,46421,46426
46486,46504,46525,46528,46496,46511,46526,46491,46500,46508,46508,46517,46531,46503,46508
46571,46589,46607,46612,46581,46596,46608,46575,46585,46592,46592,46601,46612,46589,46592
46656,46673,46690,46698,46665,46679,46693,46659,46670,46678,46678,46684,46699,46678,46688
46738,46756,46775,46781,46749,46763,46777,46743,46753,46759,46759,46768,46782,46756,46759
46823,46842,46856,46865,46834,46848,46864,46828,46838,46844,46844,46853,46870,46842,46844
46909,46928,46947,46952,46920,46934,46949,46915,46924,46928,46928,46940,46953,46928,46949
46991,47014,47031,47039,47006,47020,47034,47001,47010,47015,47015,47027,47037,47015,47032
47082,47098,47118,47125,47090,47104,47121,47085,47094,47101,47101,47108,47125,47096,47101
47159,47175,47196,47202,47168,47183,47199,47163,47172,47188,47188,47195,47203,47176,47188
47238,47255,47272,47280,47247,47261,47275,47241,47251,47259,47259,47267,47282,47254,47259
47316,47330,47353,47366,47324,47342,47356,47319,47327,47335,47339,47349,47359,47330,47339
47419,47461,47471,47479,47451,47465,47474,47444,47459,47464,47464,47469,47477,47464,47473
47510,47569,47588,,47521,47530,47546,47534,47539,47543,47595,47604,47603,47541,47591
47608,47687,47703,47722,47616,47695,47714,47630,47636,47640,47691,47700,47720,47638,47687
47762,47776,47793,47803,47803,,,47772,47779,47785,47785,47790,47807,47785,47794
47821,47847,47855,47861,47887,,,47822,47830,47839,47846,47854,47864,47835,47843
47909,47947,47960,47966,47966,,,47940,47949,47953,47953,47958,47976,47953,47962
47987,48022,48042,48026,48050,,,48012,48019,48022,48022,48024,48031,48022,48028
48069,48112,48125,48144,48137,48157,48163,48106,48113,48117,48117,48121,48197,48117,48124
48243,48261,48282,48298,48294,48301,48311,48254,48260,48266,48272,48280,48298,48263,48269
48352,48376,48397,48399,48368,48378,48381,48364,48371,48375,48375,48379,48386,48375,48383
48418,48434,48441,48444,48429,48437,48442,48425,48432,48436,48436,48439,48445,48436,48442
48491,48524,48531,48535,48497,48527,48533,48517,48523,48526,48526,48529,48535,48526,48532
48568,48585,48623,48630,48579,48589,48600,48574,48583,48586,48586,48592,48604,48586,48593
48652,48668,48689,48693,48660,48672,48690,48654,48665,48674,48679,48686,48695,48669,48676
48735,48754,48796,48798,48745,48762,48768,48741,48748,48754,48758,48765,48772,48751,48758
48817,48841,48886,48891,48833,48849,48865,48828,48836,48845,48845,48853,48874,48839,48845
48916,48936,48955,48957,48925,48944,48955,48920,48929,48938,48938,48949,48960,48931,48938
48992,49028,49048,49051,49020,49033,49049,49013,49025,49031,49031,49038,49054,49031,49041
49098,49115,49129,49136,49107,49121,49131,49101,49111,49115,49115,49126,49134,49113,49115
49179,49196,49219,49222,49188,49201,49209,49183,49193,49201,49201,49205,49211,49201,49208
49255,49273,49291,49295,49266,49279,49292,49260,49270,49276,49276,49284,49301,49276,49289
49331,49349,49367,49374,49342,49355,49370,49337,49346,49350,49350,49360,49376,49350,49363
49409,49424,49441,49452,49419,49436,49444,49414,49422,49428,49433,49440,49447,49425,49433
49491,49523,49529,49533,49497,49537,49573,49492,49499,49505,49521,49569,49576,49502,49518
49626,49658,49681,49691,49654,49662,49667,49649,49656,49660,49660,49663,49669,49660,49666
49711,49744,49761,49767,49787,,,49711,49718,49723,49752,49759,49766,49721,49737
49819,49846,49866,49869,49829,49861,49868,49823,49832,49839,49857,49864,49870,49835,49853
49905,49922,49941,49949,49914,49929,49945,49908,49919,49925,49925,49935,49951,49925,49938
49986,50008,50046,50048,50000,50015,50025,49995,50004,50011,50011,50020,50034,50007,50011
50069,50093,50112,50118,50085,50098,50114,50080,50090,50102,50106,50111,50118,50097,50106
50160,50177,50195,50201,50170,50182,50197,50164,50174,50179,50179,50188,50201,50179,50196
50237,50257,50275,50285,50250,50263,50279,50245,50254,50262,50262,50267,50284,50262,50269
50319,50334,50350,50361,50327,50339,50353,50321,50331,50335,50335,50347,50360,50335,50351
50392,50409,50425,50431,50402,50414,50426,50397,50406,50416,50416,50421,50429,50410,50416
50467,50484,50501,50510,50476,50490,50506,50471,50480,50486,50486,50494,50512,50483,50486
50541,50557,50572,50582,50550,50563,50575,50545,50554,50563,50563,50569,50578,50558,50563
50614,50630,50645,50658,50623,50636,50653,50617,50627,50636,50636,50640,50658,50636,50643
50686,50701,50717,50724,50694,50708,50720,50689,50698,50706,50706,50714,50724,50701,50706
50757,50775,50790,50794,50768,50781,50793,50763,50772,50781,50781,50787,50795,50775,50781
50835,50853,50873,50877,50846,50861,50874,50840,50849,50858,50858,50867,50880,50853,50858
50905,50944,50955,50959,50934,50950,50958,50928,50937,50943,50945,50953,50958,50939,50945
51007,51035,51049,51056,51021,51040,51052,51016,51023,51029,51034,51048,51054,51026,51034
51097,51134,51142,51146,51105,51112,51144,51114,51120,51126,51132,51139,51150,51123,51129
51201,51223,51231,51237,51207,51226,51233,51202,51209,51215,51221,51229,51236,51212,51218
51272,51308,51316,51321,51295,51312,51319,51290,51297,51302,51308,51315,51321,51299,51305
51360,51398,51416,51406,51381,51402,51406,51376,51384,51390,51397,51403,51408,51387,51394
51443,51476,51487,51490,51462,51481,51489,51457,51465,51471,51478,51485,51491,51468,51475
51508,51544,51553,51556,51539,51549,51583,51523,51530,51535,51543,51550,51569,51532,51539
51605,51623,51644,51646,51613,51628,51646,51606,51621,51631,51636,51642,51648,51626,51633
51679,51701,51713,51716,51693,51706,51714,51688,51698,51706,51706,51710,51717,51706,51713
51753,51784,51803,51812,51768,51798,51806,51763,51770,51777,51783,51801,51809,51774,51780
51892,51923,51936,51951,51943,51954,51963,51916,51924,51929,51929,51934,51950,51929,51938
52015,52031,52051,52060,52021,52036,52046,52015,52023,52028,52033,52040,52047,52025,52030
52098,52113,52140,52146,52104,52117,52125,52098,52113,52117,52117,52120,52126,52117,52123
52187,52202,52239,52244,52195,52214,52230,52188,52198,52206,52211,52226,52231,52202,52208
52271,52287,52297,52301,52275,52291,52298,52294,52300,,,52294,,52303,
52418,52451,52457,52460,52511,,,52441,52449,52455,52460,52467,52473,52452,52460
52528,52548,52564,52570,52619,,,52544,52548,52553,52558,52563,52569,52551,52558
52635,52676,52689,52706,52770,,,52669,52677,52681,52681,52686,52695,52681,52690
52792,52813,52828,52831,52808,52817,52830,52804,52812,52815,52815,52820,52832,52815,52821
52844,52861,52870,52875,52912,,,52856,52861,52868,52876,52883,52889,52865,52872
52920,52964,52984,52993,52989,,,52935,52941,52947,52964,52973,52977,52944,52960
53023,53047,53077,53095,53083,53085,53098,53076,53084,,,53076,,53086,
53120,53145,53157,53178,53162,53168,53169,53138,53147,53151,53151,53155,53165,53151,53159
53196,53218,53224,53229,53246,,,53210,53217,53220,53220,53223,53231,53220,53227
53271,53307,53336,53355,53341,53359,53367,53287,53293,53299,53326,53334,53355,53296,53323
53430,53446,53462,53470,53438,53451,53483,53429,53443,53456,53471,53478,53485,53449,53468
53520,53538,53561,53577,53525,53542,53549,53531,53538,53541,53541,53545,53553,53541,53549
53612,53631,53638,53646,53626,53634,53641,53621,53630,53634,53634,53637,53644,53634,53641
53701,53717,53740,53750,53705,53721,53728,53711,53717,53720,53720,53724,53730,53720,53726
53785,53804,53820,53825,53800,53816,53823,53795,53802,53808,53813,53819,53825,53805,53810
53860,53894,53901,53903,53866,53897,53902,53860,53868,53875,53893,53899,53904,53872,53890
53925,53943,53960,53968,53937,53947,53964,53933,53941,53949,53954,53960,53968,53945,53951
54001,54019,54031,54035,54011,54026,54034,54006,54015,54021,54021,54030,54037,54017,54021
54070,54095,54107,54112,54087,54101,54111,54082,54090,54096,54096,54105,54113,54092,54096
54156,54173,54186,54189,54165,54179,54188,54159,54169,54174,54174,54183,54190,54172,54174
54222,54252,54267,54274,54245,54258,54269,54239,54249,54254,54254,54263,54278,54252,54254
54304,54329,54345,54349,54322,54334,54346,54316,54326,54331,54331,54339,54354,54331,54343
54390,54408,54422,54426,54400,54414,54425,54394,54404,54411,54411,54419,54428,54408,54411
54471,54488,54500,54504,54479,54494,54503,54474,54483,54489,54489,54498,54505,54486,54489
54553,54570,54585,54593,54562,54576,54587,54557,54566,54577,54577,54581,54591,54577,54585
54631,54651,54666,54675,54644,54657,54669,54638,54649,54656,54656,54662,54673,54656,54667
54713,54729,54745,54754,54722,54734,54748,54716,54726,54730,54730,54741,54755,54730,54747
54789,54806,54822,54829,54798,54813,54825,54792,54802,54807,54807,54818,54830,54804,54807
54866,54882,54898,54905,54875,54887,54900,54869,54879,54886,54886,54892,54905,54886,54895
54942,54958,54975,54983,54951,54964,54978,54946,54955,54965,54965,54972,54981,54959,54965
55016,55033,55051,55057,55025,55040,55053,55020,55030,55034,55034,55046,55060,55033,55034
55090,55106,55121,55126,55098,55113,55122,55092,55101,55107,55107,55117,55126,55104,55107
55162,55178,55191,55196,55170,55184,55195,55165,55174,55179,55179,55188,55197,55178,55179
55237,55254,55272,55275,55246,55260,55273,55240,55250,55257,55257,55266,55278,55254,55257
55313,55336,55355,55358,55328,55342,55355,55323,55332,55336,55336,55348,55359,55336,55354
55403,55420,55435,55442,55412,55426,55437,55407,55417,55425,55425,55431,55442,55425,55435
55486,55503,55521,55524,55495,55509,55521,55490,55500,55507,55507,55515,55525,55503,55507
55570,55587,55602,55608,55579,55595,55607,55574,55583,55591,55591,55599,55613,55586,55591
55656,55673,55689,55694,55665,55681,55692,55660,55669,55677,55677,55686,55697,55672,55677
55742,55759,55776,55780,55752,55765,55777,55746,55756,55762,55762,55770,55784,55759,55762
55824,55842,55859,55866,55834,55848,55862,55829,55838,55842,55842,55854,55867,55842,55862
55902,55920,55939,55944,55913,55927,55940,55907,55916,55923,55923,55935,55945,55920,55923
55980,55997,56014,56021,55989,56003,56016,55984,55993,55997,55997,56009,56025,55997,56014
56056,56073,56089,56094,56065,56079,56090,56059,56069,56078,56078,56084,56095,56078,56088
56131,56148,56167,56170,56141,56153,56167,56135,56145,56151,56151,56157,56172,56151,56159
56206,56222,56238,56245,56215,56227,56241,56209,56220,56225,56225,56232,56246,56225,56235
56276,56295,56312,56315,56287,56301,56312,56281,56292,56301,56301,56306,56319,56301,56310
56348,56366,56380,56384,56358,56373,56383,56353,56362,56369,56369,56378,56386,56365,56369
56423,56441,56455,56459,56433,56448,56458,56427,56437,56445,56445,56453,56460,56440,56445
56503,56522,56535,56544,56513,56529,56543,56507,56517,56524,56524,56533,56547,56520,56524
56578,56612,56624,56631,56603,56619,56630,56598,56607,56614,56614,56623,56630,56610,56614
56686,56703,56714,56723,56694,56708,56722,56688,56701,56707,56707,56712,56727,56707,56714
56772,56789,56803,56815,56781,56796,56814,56775,56785,56792,56792,56800,56818,56789,56792
56851,56872,56885,56896,56863,56879,56895,56856,56868,56877,56877,56883,56912,56877,56886
56932,56952,56965,56973,56943,56959,56972,56936,56948,56958,56958,56963,56977,56958,56967
57011,57030,57064,57068,57021,57034,57048,57014,57028,57033,57033,57038,57053,57033,57041
57087,57107,57117,57119,57097,57111,57118,57089,57106,57110,57110,57114,57121,57110,57117
57158,57178,57189,57192,57169,57184,57191,57164,57172,57178,57180,57187,57194,57174,57180
57233,57252,57275,57264,57240,57256,57263,57235,57242,57246,57252,57259,57267,57244,57249
57290,57344,57352,57354,57313,57347,57353,57308,57316,57323,57343,57349,57356,57319,57340
57387,57427,57445,57432,57394,57414,57432,57417,57424,57427,57427,57430,57436,57427,57433
57471,57495,57508,57515,57487,57502,57511,57481,57491,57500,57500,57507,57515,57495,57500
57557,57580,57597,57604,57570,57588,57601,57565,57574,57581,57581,57596,57604,57577,57581
57645,57663,57676,57680,57655,57670,57679,57649,57659,57665,57665,57674,57680,57661,57665
57733,57752,57763,57766,57744,57757,57765,57738,57748,57756,57756,57761,57767,57756,57764
57813,57841,57860,57867,57834,57847,57863,57828,57838,57842,57842,57857,57868,57842,57863
57902,57930,57948,57955,57922,57936,57951,57916,57927,57935,57935,57941,57955,57935,57944
57995,58012,58028,58036,58004,58018,58031,57999,58008,58012,58012,58023,58037,58011,58012
58073,58090,58103,58109,58083,58096,58108,58077,58087,58095,58095,58101,58116,58095,58105
58149,58167,58184,58190,58159,58173,58186,58154,58164,58172,58172,58178,58191,58172,58182
58227,58244,58260,58267,58236,58249,58263,58230,58241,58248,58248,58254,58268,58248,58258
58296,58318,58342,58345,58311,58324,58343,58306,58316,58324,58324,58329,58348,58324,58332
58377,58394,58407,58413,58386,58400,58412,58381,58391,58399,58399,58404,58417,58399,58407
58454,58471,58484,58487,58464,58477,58486,58458,58468,58477,58477,58481,58488,58477,58485
58533,58550,58563,58569,58542,58555,58568,58537,58547,58552,58552,58560,58574,58552,58568
58613,58630,58651,58654,58622,58635,58651,58617,58627,58634,58634,58639,58656,58634,58642
58691,58709,58723,58730,58702,58715,58729,58696,58707,58713,58713,58720,58734,58713,58730
58774,58792,58808,58813,58784,58797,58812,58778,58788,58792,58792,58805,58816,58792,58811
58859,58875,58889,58899,58868,58882,58898,58862,58872,58878,58878,58886,58903,58875,58878
58943,58960,58979,58983,58953,58966,58980,58947,58957,58967,58967,58973,58988,58960,58967
59021,59043,59060,59066,59035,59050,59062,59030,59039,59045,59045,59055,59066,59043,59045
59105,59123,59140,59146,59116,59130,59142,59111,59120,59129,59129,59136,59146,59124,59129
59183,59200,59216,59223,59192,59206,59218,59186,59197,59204,59204,59212,59224,59204,59216
59256,59274,59287,59294,59266,59280,59293,59260,59270,59276,59276,59285,59300,59273,59276
59332,59349,59364,59369,59341,59357,59368,59335,59344,59352,59352,59362,59374,59347,59352
59410,59427,59442,59447,59420,59434,59446,59414,59424,59427,59427,59439,59450,59427,59444
59493,59510,59524,59528,59502,59517,59527,59496,59505,59513,59513,59522,59530,59508,59513
59574,59591,59609,59612,59583,59597,59609,59577,59588,59596,59596,59602,59618,59596,59606
59655,59672,59686,59690,59664,59679,59689,59658,59668,59679,59679,59684,59693,59679,59688
59736,59755,59766,59773,59747,59759,59772,59742,59752,59757,59757,59764,59774,59757,59768
59822,59840,59859,59863,59833,59845,59860,59827,59837,59842,59842,59853,59866,59842,59859
59906,59925,59936,59942,59916,59930,59942,59910,59921,59926,59926,59933,59950,59926,59937
59985,60004,60017,60022,59996,60009,60021,59990,60001,60006,60006,60014,60025,60006,60019
60061,60079,60091,60101,60071,60085,60100,60066,60076,60084,60084,60088,60105,60084,60091
60137,60157,60177,60167,60148,60161,60167,60141,60152,60157,60157,60163,60169,60157,60166
60205,60237,60263,60279,60228,60242,60249,60219,60236,60242,60242,60245,60252,60242,60249
60323,60370,60385,,60329,60377,60388,60354,60361,60365,60404,60413,60412,60363,60400
60417,60493,60506,60521,60426,60499,60512,60420,60429,60444,60494,60504,60521,60433,60491
60593,60610,60625,60626,60603,60614,60626,60592,60607,60615,60617,60622,60629,60611,60617
60657,60693,60708,60711,60684,60695,60710,60676,60689,60692,60692,60696,60714,60692,60698
60730,60758,60777,60784,60753,60761,60781,60749,60756,60763,60769,60775,60784,60760,60766
60816,60835,60848,60851,60826,60841,60850,60820,60830,60834,60834,60846,60854,60834,60850
60888,60905,60921,60927,60896,60911,60923,60891,60900,60904,60904,60916,60928,60902,60904
60958,60975,60989,60993,60967,60982,60992,60962,60971,60977,60977,60986,60994,60973,60977
61030,61046,61059,61065,61039,61052,61064,61033,61043,61052,61052,61057,61073,61052,61060
61102,61119,61136,61143,61112,61125,61138,61106,61116,61125,61125,61131,61144,61120,61125
61175,61190,61204,61214,61183,61196,61207,61177,61187,61196,61196,61201,61209,61196,61205
61244,61259,61276,61285,61252,61265,61278,61246,61256,61260,61260,61272,61283,61260,61277
61313,61328,61345,61353,61321,61334,61348,61316,61326,61330,61330,61340,61353,61330,61346
61382,61399,61415,61421,61391,61406,61416,61386,61395,61402,61402,61411,61419,61398,61402
61455,61471,61487,61496,61463,61477,61490,61458,61468,61477,61477,61482,61496,61477,61487
61529,61545,61561,61572,61538,61551,61563,61532,61542,61549,61549,61557,61566,61545,61549
61602,61619,61634,61641,61611,61624,61636,61606,61616,61623,61623,61631,61640,61623,61636
61672,61688,61705,61712,61681,61695,61707,61675,61685,61690,61690,61700,61715,61688,61690
61741,61756,61774,61780,61749,61763,61776,61744,61753,61760,61760,61769,61781,61757,61760
61808,61825,61839,61844,61817,61831,61843,61811,61821,61831,61831,61836,61851,61831,61840
61877,61893,61908,61913,61886,61900,61912,61880,61890,61898,61898,61905,61918,61893,61898
61950,61966,61979,61985,61959,61972,61984,61953,61963,61971,61971,61977,61985,61971,61980
62029,62045,62059,62064,62038,62051,62063,62032,62042,62045,62045,62056,62066,62045,62060
62109,62128,62144,62148,62120,62134,62145,62114,62124,62134,62134,62139,62149,62134,62143
62190,62208,62223,62231,62200,62213,62226,62194,62206,62213,62213,62218,62232,62213,62221
62269,62286,62304,62308,62278,62291,62305,62273,62283,62288,62288,62297,62309,62288,62305
62342,62367,62381,62386,62359,62375,62385,62354,62363,62370,62370,62379,62388,62366,62370
62430,62453,62468,62474,62445,62461,62473,62439,62449,62457,62457,62466,62474,62452,62457
62516,62545,62556,62560,62536,62550,62559,62530,62540,62550,62550,62554,62560,62550,62557
62609,62639,62651,62657,62630,62646,62656,62625,62634,62640,62640,62650,62664,62637,62640
62693,62728,62746,62749,62721,62732,62746,62714,62726,62734,62736,62742,62750,62729,62736
62790,62810,62824,62828,62801,62816,62827,62794,62807,62812,62812,62821,62830,62812,62826
62869,62889,62901,62910,62880,62895,62909,62874,62885,62894,62894,62899,62913,62894,62902
62948,62966,62979,62986,62958,62972,62985,62952,62962,62972,62972,62977,62989,62972,62983
63024,63042,63055,63061,63034,63048,63060,63028,63039,63048,63048,63053,63067,63048,63057
63100,63117,63131,63138,63108,63122,63133,63102,63115,63122,63122,63127,63142,63122,63131
63170,63187,63201,63206,63179,63193,63205,63173,63183,63190,63190,63198,63211,63187,63190
63241,63258,63272,63278,63250,63264,63277,63244,63254,63257,63257,63270,63279,63257,63274
63313,63331,63390,63417,63322,63338,63396,63317,63326,63342,63360,63390,63399,63329,63357
63489,63560,63575,63596,63586,,,63512,63519,63526,63562,63570,63578,63522,63558
63633,63647,63663,63677,63677,,,63642,63650,63654,63654,63659,63668,63654,63662
63692,63740,63755,63761,63761,,,63735,63743,63747,63747,63751,63773,63747,63755
63781,63828,63842,63848,63848,,,63822,63830,63834,63834,63839,63858,63834,63843
63877,63910,63923,63940,63929,63932,63944,63879,63885,63891,63912,63921,63939,63888,63908
63964,63988,64001,64018,64006,64010,64021,63982,63990,63995,63995,63999,64016,63995,64002
64038,64064,64078,64094,64086,64098,64111,64039,64047,64051,64067,64075,64093,64049,64064
64150,64166,64187,64190,64156,64171,64187,64149,64165,64170,64170,64174,64191,64170,64176
64221,64236,64246,64253,64227,64240,64248,64220,64236,64240,64240,64244,64251,64240,64247
64297,64311,64327,64347,64302,64365,64376,64325,64332,64338,64361,64370,64381,64335,64356
64444,64461,64470,64478,64448,64464,64473,64453,64460,64464,64464,64468,64476,64464,64472
64513,64533,64570,64576,64518,64542,64589,64512,64526,64533,64576,64584,64592,64530,64573
64642,64662,64681,64687,64655,64667,64684,64650,64659,64668,64673,64680,64687,64663,64673
64717,64736,64752,64754,64728,64742,64752,64722,64732,64739,64739,64747,64756,64735,64739
64791,64809,64833,64835,64801,64815,64833,64794,64806,64815,64815,64820,64838,64815,64822
64863,64882,64897,64903,64874,64887,64899,64868,64879,64886,64886,64892,64903,64886,64900
64937,64954,64966,64977,64945,64959,64976,64939,64952,64958,64958,64963,64982,64958,64966
65011,65029,65043,65046,65021,65036,65045,65016,65025,65031,65031,65040,65048,65027,65031
65081,65111,65147,65151,65101,65116,65131,65096,65106,65107,65110,65119,65137,65107,65110
65171,65191,65202,65206,65181,65195,65203,65175,65191,65195,65195,65199,65205,65195,65202
65239,65268,65283,65291,65261,65273,65285,65254,65267,65272,65272,65278,65293,65272,65281
65325,65347,65359,65370,65339,65353,65369,65334,65343,65351,65351,65357,65389,65351,65359
65407,65428,65440,65443,65419,65433,65440,65413,65423,65433,65433,65436,65443,65433,65440
65487,65506,65521,65527,65498,65510,65524,65490,65503,65512,65516,65520,65527,65507,65516
65561,65582,65619,65627,65574,65587,65623,65569,65580,65590,65604,65618,65626,65584,65600
65728,65791,65805,65822,65811,65824,65833,65802,65819,,,65802,,65824,
65882,65945,65958,65975,65892,65951,65966,65905,65912,65917,65947,65955,65972,65914,65944
66104,66160,66172,66189,66112,66165,66180,66127,66135,66140,66161,66170,66187,66137,66158
66266,66292,66304,66320,66311,66323,66332,66285,66293,66297,66297,66302,66360,66297,66305
66409,66430,66443,66462,66448,66457,66466,66424,66431,66436,66436,66441,66463,66436,66445
66485,66515,66526,66541,66532,66563,66570,66508,66516,66520,66520,66524,66560,66520,66528
66615,66632,66641,66645,66620,66635,66642,66626,66631,66635,66635,66638,66645,66635,66641
66701,66719,66732,66736,66707,66725,66733,66700,66711,66716,66721,66729,66735,66714,66721
66791,66808,66843,66852,66796,66813,66820,66804,66810,66813,66813,66817,66823,66813,66820
66884,66900,66924,66932,66890,66917,66927,66883,66899,66907,66914,66922,66930,66902,66910
66974,66990,67000,67012,66978,66994,67005,66983,66990,66994,66994,66998,67011,66994,67001
67058,67085,67095,67098,67064,67089,67097,67078,67085,67089,67089,67093,67099,67089,67096
67126,67149,67170,67174,67143,67164,67173,67138,67147,67154,67160,67168,67175,67150,67160
67211,67237,67255,67258,67296,,,67212,67219,67226,67236,67252,67259,67222,67232
67306,67321,67333,67337,67311,67327,67336,67306,67313,67318,67324,67331,67339,67315,67321
67360,67395,67418,67422,67390,67398,67403,67386,67393,67397,67397,67400,67406,67397,67403
67447,67478,67488,67500,67470,67483,67499,67463,67476,67482,67482,67487,67504,67482,67489
67541,67566,67603,67612,67556,67572,67586,67551,67560,67574,67577,67581,67589,67569,67577
67639,67654,67670,67676,67646,67660,67672,67641,67650,67653,67653,67667,67676,67653,67672
67724,67742,67754,67758,67734,67748,67757,67728,67739,67747,67747,67752,67760,67747,67755
67800,67831,67843,67847,67823,67837,67846,67817,67826,67832,67832,67841,67847,67829,67832
67897,67920,67936,67942,67912,67927,67937,67907,67916,67922,67922,67931,67947,67919,67922
67985,68009,68047,68053,68002,68014,68031,67995,68007,68013,68013,68018,68036,68013,68021
68073,68093,68107,68116,68085,68100,68115,68080,68089,68095,68095,68104,68120,68092,68095
68155,68175,68188,68195,68167,68181,68194,68162,68171,68180,68180,68186,68198,68180,68194
68240,68257,68274,68279,68249,68263,68276,68244,68254,68262,68262,68268,68281,68262,68273
68322,68339,68353,68357,68331,68345,68356,68325,68336,68341,68341,68350,68363,68341,68354
68402,68419,68431,68437,68411,68424,68436,68405,68416,68423,68423,68428,68444,68423,68432
68479,68497,68518,68521,68490,68504,68519,68485,68494,68497,68497,68510,68525,68497,68516
68562,68579,68594,68598,68571,68586,68597,68566,68575,68585,68585,68592,68599,68579,68585
68639,68664,68680,68685,68657,68671,68684,68652,68661,68671,68671,68678,68688,68665,68671
68729,68753,68771,68777,68746,68759,68773,68741,68750,68755,68755,68764,68779,68755,68768
68822,68838,68856,68860,68830,68844,68857,68825,68835,68839,68839,68851,68862,68839,68855
68898,68924,68937,68945,68916,68930,68944,68911,68920,68924,68924,68935,68949,68924,68940
68991,69009,69026,69032,69001,69015,69028,68995,69005,69010,69010,69020,69033,69010,69025
69075,69092,69109,69116,69085,69099,69111,69079,69089,69099,69099,69104,69117,69099,69108
69156,69172,69189,69196,69165,69178,69191,69159,69169,69175,69175,69183,69196,69175,69189
69233,69250,69264,69269,69242,69255,69268,69237,69247,69252,69252,69261,69273,69252,69266
69311,69328,69341,69348,69320,69334,69347,69315,69324,69331,69331,69339,69354,69328,69331
69391,69408,69422,69427,69401,69415,69426,69395,69405,69411,69411,69420,69430,69409,69411
69468,69494,69512,69514,69486,69500,69512,69481,69490,69496,69496,69505,69517,69494,69496
69561,69579,69596,69602,69572,69585,69598,69566,69576,69581,69581,69591,69602,69581,69597
69644,69662,69676,69681,69654,69668,69680,69648,69658,69668,69668,69673,69684,69668,69678
69727,69746,69759,69764,69738,69752,69763,69732,69742,69749,69749,69757,69765,69746,69749
69815,69833,69847,69852,69825,69839,69851,69819,69829,69837,69837,69845,69855,69833,69837
69905,69922,69936,69941,69914,69929,69940,69909,69918,69924,69924,69934,69945,69922,69924
69991,70009,70023,70029,70001,70015,70028,69996,70005,70012,70012,70020,70033,70009,70012
70078,70096,70109,70117,70088,70102,70116,70083,70092,70099,70099,70107,70121,70095,70099
70168,70185,70199,70207,70177,70192,70206,70172,70181,70188,70188,70196,70211,70184,70188
70259,70277,70293,70298,70269,70283,70294,70263,70273,70278,70278,70288,70299,70278,70293
70346,70363,70382,70385,70356,70369,70382,70350,70360,70365,70365,70374,70387,70365,70379
70431,70448,70462,70468,70441,70454,70467,70435,70445,70448,70448,70460,70472,70448,70464
70516,70534,70548,70553,70526,70541,70552,70521,70530,70538,70538,70546,70557,70534,70538
70603,70620,70635,70640,70613,70627,70639,70607,70617,70624,70624,70632,70645,70620,70624
70687,70704,70718,70726,70697,70711,70724,70692,70701,70707,70707,70716,70730,70705,70707
70769,70786,70801,70806,70779,70793,70805,70773,70782,70790,70790,70798,70810,70786,70790
70852,70869,70884,70889,70861,70876,70888,70856,70865,70873,70873,70881,70893,70868,70873
70937,70954,70969,70974,70947,70961,70973,70941,70950,70959,70959,70967,70976,70954,70959
71025,71042,71061,71064,71035,71048,71061,71029,71039,71043,71043,71055,71066,71043,71060
71112,71129,71144,71152,71121,71136,71151,71116,71125,71133,71133,71141,71157,71129,71133
71199,71218,71232,71237,71209,71225,71236,71203,71213,71221,71221,71229,71237,71216,71221
71287,71308,71361,71370,71298,71314,71333,71292,71303,71311,71311,71319,71381,71307,71311
71478,71543,71558,71614,71568,71631,71643,71498,71513,71519,71545,71554,71628,71516,71542
71724,71773,71814,71801,71733,71795,71801,71765,71771,71778,71784,71798,71805,71774,71780
71870,71893,71904,71925,71917,71944,71953,71886,71894,71898,71898,71902,71921,71898,71905
71989,72015,72035,72039,71995,72029,72038,71990,71998,72008,72026,72033,72040,72005,72023
72075,72093,72124,72103,72084,72098,72133,72078,72087,72095,72095,72099,72116,72095,72102
72150,72181,72192,72202,72174,72187,72201,72169,72177,72183,72183,72191,72206,72180,72183
72224,72267,72277,72285,72259,72271,72284,72253,72264,72270,72270,72275,72288,72270,72277
72328,72348,72369,72374,72340,72354,72370,72334,72344,72353,72353,72358,72376,72353,72360
72410,72429,72441,72446,72421,72434,72445,72415,72425,72434,72434,72439,72448,72434,72442
72491,72510,72520,72527,72502,72514,72526,72496,72508,72513,72513,72518,72535,72513,72521
72565,72589,72600,72602,72580,72594,72601,72575,72584,72589,72589,72598,72603,72586,72589
72648,72669,72680,72682,72659,72674,72681,72654,72663,72665,72669,72677,72684,72664,72669
72723,72746,72785,72788,72736,72751,72758,72731,72740,72744,72745,72754,72760,72741,72745
72840,72856,72865,72868,72852,72860,72867,72848,72855,72859,72859,72863,72870,72859,72866
72910,72982,72995,73013,73001,73015,73022,72932,72939,72946,72985,72993,73010,72942,72981
73080,73139,73169,73153,73084,73149,73153,73117,73123,73129,73136,73150,73158,73126,73132
73208,73229,73259,73276,73263,73279,73286,73209,73215,73221,73249,73257,73276,73218,73246
73343,73362,73391,73402,73348,73378,73401,73355,73361,73368,73374,73383,73404,73364,73371
73421,73436,73452,73456,73428,73441,73453,73423,73432,73437,73437,73447,73458,73437,73454
73499,73517,73535,73541,73509,73522,73537,73503,73515,73519,73519,73524,73541,73519,73525
73560,73597,73616,73619,73589,73604,73616,73584,73593,73600,73600,73611,73620,73596,73600
73655,73676,73694,73699,73668,73681,73697,73663,73673,73683,73686,73692,73700,73677,73686
73732,73748,73761,73767,73741,73754,73766,73736,73745,73749,73749,73759,73773,73749,73764
73795,73825,73837,73848,73816,73831,73847,73811,73820,73824,73824,73835,73852,73824,73838
73885,73903,73916,73927,73894,73909,73926,73889,73899,73903,73903,73913,73930,73902,73903
73967,73985,73996,74004,73976,73990,74003,73970,73983,73988,73988,73994,74006,73988,73996
74040,74066,74077,74082,74058,74071,74081,74052,74062,74071,74071,74075,74083,74071,74078
74129,74148,74162,74174,74140,74156,74173,74135,74144,74151,74151,74160,74193,74147,74151
74216,74234,74247,74252,74225,74241,74251,74219,74230,74234,74234,74245,74253,74233,74234
74302,74321,74332,74342,74313,74326,74341,74307,74319,74325,74325,74330,74345,74325,74333
74389,74407,74421,74426,74399,74413,74425,74393,74404,74413,74413,74418,74430,74413,74423
74475,74492,74505,74514,74484,74498,74513,74479,74488,74493,74493,74502,74520,74491,74493
74555,74579,74597,74600,74571,74585,74598,74566,74575,74581,74581,74590,74603,74579,74581
74632,74664,74684,74688,74657,74670,74685,74651,74661,74669,74669,74675,74690,74669,74678
74728,74746,74765,74770,74738,74752,74767,74732,74743,74751,74751,74756,74771,74751,74758
74805,74823,74840,74844,74815,74830,74841,74810,74819,74825,74825,74835,74845,74822,74825
74883,74900,74914,74923,74893,74907,74922,74888,74897,74905,74905,74912,74928,74901,74905
74962,74980,74993,75001,74972,74986,75000,74967,74977,74986,74986,74991,75006,74986,74994
75029,75063,75081,75085,75056,75070,75082,75051,75060,75067,75067,75076,75087,75064,75067
75103,75147,75161,75166,75140,75154,75165,75135,75144,75150,75150,75158,75167,75147,75150
75213,75231,75246,75254,75223,75239,75253,75218,75227,75234,75234,75244,75257,75230,75234
75303,75320,75334,75345,75313,75326,75344,75307,75317,75320,75320,75331,75349,75320,75335
75379,75413,75428,75434,75405,75420,75433,75400,75409,75418,75418,75427,75436,75413,75418
75480,75501,75520,75525,75493,75507,75522,75488,75497,75502,75502,75515,75526,75502,75521
75559,75585,75600,75608,75577,75593,75607,75572,75582,75586,75586,75599,75610,75586,75604
75652,75671,75687,75694,75663,75680,75693,75658,75667,75676,75676,75686,75696,75670,75676
75735,75761,75778,75792,75753,75770,75791,75747,75757,75769,75769,75777,75796,75760,75769
75835,75852,75869,75877,75844,75860,75876,75838,75848,75858,75858,75866,75881,75852,75858
75928,75946,75959,75967,75938,75952,75966,75932,75942,75948,75948,75957,75971,75946,75948
76019,76036,76054,76059,76029,76042,76055,76023,76033,76041,76041,76047,76061,76041,76051
76104,76123,76137,76143,76115,76129,76141,76110,76120,76125,76125,76135,76146,76125,76141
76186,76203,76217,76224,76195,76209,76223,76190,76200,76208,76208,76214,76229,76208,76218
76261,76277,76295,76300,76270,76284,76297,76264,76274,76282,76282,76290,76302,76282,76296
76333,76349,76368,76371,76342,76357,76368,76336,76345,76354,76354,76363,76372,76349,76354
76404,76420,76438,76444,76412,76427,76443,76407,76416,76420,76420,76435,76446,76420,76442
76474,76497,76510,76522,76487,76504,76521,76482,76491,76498,76498,76508,76554,76494,76498
76588,76606,76623,76630,76597,76614,76669,76589,76602,76620,76650,76663,76672,76606,76646
76736,76765,76819,76843,76829,76838,76851,76818,76834,,,76818,,76836,
76894,76910,76923,76930,76930,,,76904,76912,76916,76916,76921,76939,76916,76924
76950,77003,77014,,77025,,,76996,77004,77009,77009,77013,77021,77009,77016
77043,77088,77099,77116,77104,77120,77144,77082,77089,77093,77093,77097,77115,77093,77100
77179,77192,77211,77218,77184,77202,77217,77179,77186,77193,77196,77207,77218,77189,77196
77252,77276,77302,77307,77268,77284,77303,77263,77271,77286,77288,77296,77307,77274,77277
77337,77370,77381,77385,77361,77376,77384,77356,77364,77369,77371,77379,77386,77366,77371
77443,77471,77519,77522,77462,77475,77505,77456,77469,77479,77493,77500,77507,77474,77490
77551,77572,77581,77593,77563,77576,77592,77556,77569,77574,77574,77579,77596,77574,77582
77628,77666,77682,77686,77659,77673,77685,77654,77664,77675,77675,77680,77687,77668,77675
77730,77752,77769,77773,77745,77755,77772,77741,77749,77757,77761,77768,77775,77753,77761
77816,77833,77852,77855,77826,77837,77855,77820,77830,77839,77844,77850,77857,77834,77844
77886,77911,77950,77954,77904,77915,77932,77897,77909,77913,77913,77919,77938,77913,77921
77974,77992,78011,78015,77984,77999,78014,77978,77988,78003,78003,78009,78016,77995,78003
78061,78082,78108,78114,78074,78090,78110,78068,78078,78087,78087,78096,78115,78082,78087
78165,78183,78198,78221,78176,78189,78220,78170,78180,78184,78184,78196,78223,78184,78200
78250,78289,78309,78314,78278,78293,78311,78272,78283,78295,78301,78307,78314,78291,78298
78355,78391,78405,78410,78383,78399,78407,78378,78385,78391,78396,78403,78410,78388,78396
78468,78487,78522,78526,78473,78491,78499,78468,78475,78481,78487,78494,78501,78478,78484
78548,78564,78600,78606,78555,78574,78581,78550,78559,78566,78569,78578,78585,78562,78569
78625,78642,78660,78664,78635,78653,78663,78630,78639,78649,78651,78658,78666,78643,78651
78701,78725,78737,78751,78717,78731,78750,78711,78722,78731,78731,78736,78755,78731,78738
78784,78816,78827,78832,78808,78822,78831,78803,78812,78821,78821,78826,78833,78821,78829
78887,78915,78957,78961,78908,78920,78938,78902,78912,78916,78916,78925,78942,78916,78928
78998,79015,79028,79034,79008,79021,79033,79003,79013,79018,79018,79026,79041,79018,79030
79068,79113,79134,79136,79105,79118,79134,79100,79110,79118,79118,79122,79138,79118,79124
79184,79203,79214,79226,79196,79208,79225,79191,79200,79204,79204,79212,79230,79204,79215
79263,79286,79305,79310,79279,79294,79306,79273,79283,79291,79291,79300,79309,79286,79291
79332,79366,79381,79394,79358,79375,79393,79353,79362,79371,79371,79380,79398,79365,79371
79426,79446,79461,79470,79438,79453,79469,79433,79442,79450,79450,79459,79473,79445,79450
79497,79537,79560,79564,79528,79546,79561,79523,79532,79540,79540,79555,79565,79535,79540
79606,79641,79701,79705,79633,79649,79667,79627,79636,79644,79644,79653,79690,79639,79644
79733,79750,79766,79773,79743,79759,79772,79737,79747,79755,79755,79764,79778,79750,79755
79805,79856,79868,79880,79849,79862,79879,79843,79854,79860,79860,79866,79884,79860,79868
79921,79957,79973,79980,79950,79964,79978,79944,79954,79964,79964,79971,79982,79957,79964
80027,80049,80067,80072,80041,80057,80068,80036,80046,80054,80054,80063,80072,80049,80054
80118,80136,80153,80157,80128,80143,80156,80122,80132,80137,80137,80150,80160,80137,80155
80205,80223,80240,80247,80215,80232,80246,80209,80219,80227,80227,80238,80250,80222,80227
80296,80314,80331,80337,80306,80323,80336,80300,80310,80320,80320,80329,80342,80313,80320
80393,80411,80426,80432,80403,80419,80431,80397,80407,80416,80416,80424,80434,80410,80416
80492,80509,80523,80530,80501,80515,80529,80496,80505,80514,80514,80520,80534,80509,80514
80572,80604,80622,80627,80597,80610,80623,80591,80601,80609,80609,80616,80628,80609,80622
80678,80694,80712,80718,80687,80700,80714,80681,80692,80696,80696,80707,80718,80696,80712
80759,80777,80798,80801,80769,80783,80799,80764,80774,80783,80783,80788,80803,80783,80791
80839,80857,80873,80879,80848,80864,80878,80843,80853,80857,80857,80871,80882,80857,80877
80917,80935,80951,80962,80928,80943,80961,80922,80932,80940,80940,80948,80965,80935,80940
80992,81020,81035,81046,81012,81028,81045,81006,81015,81025,81025,81033,81049,81019,81025
81098,81118,81133,81141,81108,81126,81140,81103,81112,81120,81120,81131,81145,81114,81120
81180,81225,81247,81265,81215,81230,81250,81209,81223,81233,81239,81245,81252,81228,81236
81347,81386,81403,,81405,,,81402,81410,81414,81414,81418,81417,81414,81422
81422,81501,81514,,81524,,,81445,81452,81457,81503,81512,81529,81454,81500
81542,81590,81603,81621,81610,81625,81638,81584,81592,81596,81596,81600,81618,81596,81604
81688,81706,81715,81721,81693,81709,81717,81696,81703,81708,81708,81713,81720,81708,81717
81769,81784,81798,81803,81775,81790,81802,81769,81778,81784,81784,81794,81806,81780,81784
81825,81860,81879,81882,81853,81868,81880,81848,81856,81866,81866,81875,81883,81860,81866
81899,81933,81947,81955,81926,81941,81954,81920,81930,81940,81940,81946,81959,81940,81950
81990,82008,82022,82029,82001,82013,82028,81995,82005,82009,82009,82021,82033,82009,82026
82067,82084,82102,82107,82077,82090,82103,82071,82081,82086,82086,82096,82111,82086,82100
82143,82161,82180,82184,82154,82166,82181,82149,82159,82163,82163,82172,82186,82163,82181
82210,82239,82251,82259,82232,82245,82258,82226,82236,82244,82244,82250,82263,82244,82253
82295,82320,82331,82336,82312,82325,82335,82306,82316,82324,82324,82329,82338,82324,82332
82374,82402,82414,82424,82394,82408,82423,82388,82398,82408,82408,82412,82427,82408,82415
82472,82491,82505,82515,82483,82498,82514,82478,82487,82495,82495,82503,82520,82491,82495
82562,82580,82593,82598,82572,82586,82597,82566,82577,82585,82585,82591,82601,82585,82595
82640,82665,82677,82684,82658,82671,82683,82652,82662,82671,82671,82676,82691,82671,82679
82723,82747,82759,82787,82740,82753,82765,82734,82745,82751,82751,82758,82774,82751,82762
82809,82826,82845,82849,82819,82831,82846,82813,82823,82829,82829,82836,82850,82829,82840
82886,82903,82916,82920,82896,82908,82919,82890,82901,82907,82907,82913,82921,82907,82916
82953,82979,82999,83008,82973,82984,83003,82967,82977,82985,82988,82995,83005,82981,82988
83047,83109,83122,83139,83127,83141,83151,83071,83078,83084,83111,83120,83137,83082,83108
83197,83256,83270,83286,83276,83335,83344,83218,83226,83231,83258,83267,83332,83229,83255
83410,83425,83439,83445,83415,83432,83441,83409,83418,83428,83428,83437,83444,83421,83428
83483,83498,83510,83516,83488,83503,83511,83482,83498,83503,83503,83507,83514,83503,83510
83556,83573,83586,83592,83561,83577,83588,83566,83573,83576,83576,83581,83591,83576,83587
83631,83647,83661,83670,83641,83650,83665,83638,83646,83649,83649,83653,83670,83649,83655
83702,83717,83729,83741,83707,83722,83730,83701,83711,83714,83717,83725,83731,83712,83717
83770,83786,83801,83807,83776,83793,83803,83770,83778,83786,83786,83799,83807,83781,83786
83839,83857,83875,83877,83847,83862,83876,83842,83851,83864,83867,83873,83879,83860,83867
83911,83933,83953,83956,83926,83938,83956,83921,83929,83941,83945,83951,83958,83932,83945
83983,84015,84027,84035,84007,84021,84034,84002,84011,84018,84018,84028,84039,84018,84034
84064,84092,84105,84116,84084,84098,84115,84079,84089,84097,84097,84103,84122,84097,84107
84154,84171,84191,84194,84164,84177,84191,84158,84168,84182,84182,84186,84195,84173,84182
84232,84253,84272,84279,84245,84259,84274,84240,84250,84255,84255,84267,84285,84255,84272
84301,84334,84352,84363,84328,84341,84356,84304,84311,84323,84332,84348,84362,84315,84328
84393,84419,84439,84443,84412,84426,84440,84406,84417,84425,84425,84431,84445,84425,84434
84468,84505,84519,84525,84498,84512,84524,84493,84502,84510,84510,84517,84530,84505,84510
84567,84594,84607,84613,84586,84600,84612,84581,84590,84597,84597,84605,84617,84593,84597
84646,84681,84721,84725,84674,84687,84704,84670,84678,84691,84691,84698,84710,84681,84691
84749,84770,84782,84785,84760,84777,84784,84755,84763,84769,84773,84780,84786,84766,84773
84825,84856,84864,84872,84851,84859,84866,84846,84854,84858,84858,84862,84869,84858,84865
84923,84957,84974,84981,84949,84962,84977,84943,84954,84961,84961,84966,84981,84961,84969
85036,85054,85072,85074,85046,85062,85072,85041,85050,85059,85059,85068,85077,85054,85059
85132,85151,85168,85171,85142,85161,85170,85136,85146,85155,85158,85165,85173,85150,85158
85231,85253,85269,85281,85242,85264,85280,85236,85246,85255,85259,85267,85285,85250,85259
85333,85356,85372,85376,85344,85365,85375,85338,85348,85356,85356,85370,85379,85351,85356
85433,85454,85473,85478,85444,85466,85477,85438,85449,85461,85461,85471,85480,85453,85461
85532,85563,85583,85590,85553,85576,85589,85547,85558,85571,85571,85582,85591,85563,85571
85630,85671,85690,85697,85661,85681,85696,85655,85666,85679,85679,85688,85700,85671,85679
85742,85776,85797,85806,85766,85790,85805,85760,85771,85784,85786,85796,85809,85776,85786
85844,85884,85904,85914,85874,85897,85913,85868,85879,85892,85892,85903,85916,85884,85892
85953,85989,86009,86015,85980,86001,86014,85974,85984,85997,85997,86008,86018,85988,85997
86061,86090,86111,86117,86080,86103,86116,86074,86085,86097,86097,86110,86118,86088,86097
86161,86195,86214,86225,86185,86208,86224,86179,86190,86200,86202,86218,86227,86194,86202
86263,86302,86320,86328,86291,86313,86327,86285,86296,86308,86308,86319,86335,86301,86308
86369,86399,86418,86428,86389,86411,86427,86383,86394,86406,86406,86417,86431,86398,86406
86469,86503,86522,86532,86493,86515,86531,86487,86498,86509,86509,86523,86534,86502,86509
86577,86611,86630,86637,86601,86622,86636,86595,86606,86617,86617,86629,86639,86610,86617
86690,86713,86733,86741,86702,86725,86740,86696,86707,86721,86721,86732,86744,86711,86721
86794,86825,86846,86855,86815,86838,86854,86809,86820,86831,86833,86845,86857,86824,86833
86913,86943,86961,86972,86933,86954,86971,86926,86937,86949,86949,86960,86975,86942,86949
87016,87048,87068,87075,87038,87060,87074,87032,87043,87055,87055,87067,87077,87048,87055
87128,87159,87179,87187,87148,87172,87186,87142,87153,87166,87166,87178,87190,87157,87166
87242,87272,87292,87301,87262,87284,87300,87256,87266,87277,87277,87291,87308,87270,87277
87346,87380,87399,87406,87370,87392,87405,87364,87374,87387,87387,87398,87410,87379,87387
87469,87492,87513,87522,87482,87504,87521,87475,87486,87500,87500,87511,87524,87491,87500
87568,87609,87630,87637,87599,87622,87636,87593,87603,87617,87617,87628,87639,87607,87617
87681,87720,87739,87746,87710,87731,87745,87704,87714,87727,87727,87738,87749,87719,87727
87798,87831,87851,87862,87821,87844,87861,87815,87827,87837,87841,87849,87864,87832,87841
87929,87951,87972,87979,87941,87963,87978,87935,87946,87958,87958,87970,87981,87950,87958
88023,88063,88083,88088,88053,88073,88087,88047,88057,88072,88072,88081,88090,88061,88072
88144,88174,88193,88203,88164,88186,88202,88158,88168,88180,88182,88192,88206,88173,88182
88261,88290,88311,88320,88281,88304,88319,88274,88285,88296,88299,88310,88324,88290,88299
88364,88403,88424,88430,88394,88413,88429,88388,88398,88410,88410,88422,88433,88402,88410
88483,88516,88537,88546,88506,88529,88545,88500,88510,88524,88524,88536,88550,88515,88524
88595,88634,88657,88664,88624,88647,88663,88618,88629,88642,88642,88655,88666,88633,88642
88711,88746,88767,88773,88737,88757,88772,88731,88741,88757,88757,88766,88775,88745,88757
88824,88859,88880,88889,88849,88871,88888,88843,88854,88867,88867,88879,88892,88858,88867
88949,88979,88999,89009,88969,88992,89008,88963,88974,88985,88988,88998,89012,88979,88988
89057,89096,89118,89123,89087,89108,89122,89081,89092,89104,89104,89116,89126,89096,89104
89175,89207,89228,89237,89198,89221,89236,89192,89202,89214,89217,89227,89240,89207,89217
89293,89325,89346,89356,89315,89339,89355,89309,89319,89333,89333,89346,89359,89323,89333
89402,89444,89464,89471,89434,89456,89470,89428,89439,89451,89451,89462,89474,89443,89451
89523,89553,89574,89581,89543,89566,89580,89537,89547,89561,89561,89573,89584,89551,89561
89642,89673,89694,89703,89663,89687,89702,89657,89667,89678,89683,89692,89705,89671,89683
89760,89795,89816,89824,89786,89807,89823,89780,89790,89801,89803,89814,89827,89794,89803
89875,89907,89928,89935,89897,89920,89934,89891,89901,89914,89915,89926,89938,89905,89915
90007,90029,90051,90059,90019,90042,90058,90013,90024,90037,90037,90050,90061,90028,90037
90108,90151,90170,90179,90142,90162,90178,90135,90146,90158,90158,90169,90183,90150,90158
90234,90267,90288,90297,90257,90281,90296,90251,90262,90272,90277,90287,90300,90266,90274
90368,90390,90412,90419,90380,90404,90418,90374,90385,90398,90400,90411,90422,90389,90400
90465,90505,90527,90532,90496,90517,90531,90490,90500,90512,90515,90525,90534,90505,90515
90600,90621,90644,90651,90612,90634,90650,90606,90617,90629,90629,90643,90653,90621,90629
90721,90742,90764,90773,90733,90756,90772,90727,90737,90750,90752,90763,90776,90742,90752
90820,90856,90877,90886,90848,90869,90885,90842,90852,90863,90866,90876,90889,90857,90866
90936,90970,90994,91002,90961,90985,91001,90955,90965,90978,90980,90994,91005,90970,90980
91059,91093,91114,91125,91084,91107,91124,91078,91088,91101,91103,91113,91129,91092,91103
91175,91213,91232,91242,91204,91224,91241,91198,91208,91220,91220,91230,91245,91212,91220
91293,91327,91349,91358,91317,91341,91357,91312,91322,91333,91337,91349,91361,91326,91337
91415,91447,91469,91477,91438,91461,91476,91432,91442,91455,91457,91468,91479,91446,91457
91519,91563,91585,91592,91555,91576,91591,91549,91559,91573,91573,91584,91595,91563,91573
91640,91675,91697,91705,91665,91690,91704,91660,91670,91682,91687,91695,91708,91675,91684
91755,91788,91811,91818,91779,91803,91817,91773,91783,91796,91800,91809,91819,91788,91800
91866,91897,91918,91925,91888,91910,91924,91883,91893,91904,91905,91917,91929,91897,91905
91983,92005,92025,92037,91995,92018,92036,91988,91999,92010,92013,92023,92039,92004,92013
92079,92129,92151,92160,92117,92141,92159,92109,92123,92132,92132,92150,92162,92126,92132
92218,92255,92281,92288,92243,92267,92284,92238,92247,92248,92252,92272,92298,92247,92252
92362,92391,92412,92416,92368,92420,92427,92383,92390,92397,92416,92422,92430,92393,92413
92494,92522,92531,92540,92501,92526,92556,92514,92521,92525,92525,92528,92545,92525,92531
92590,92629,92652,92656,92616,92645,92655,92610,92625,92638,92642,92650,92658,92632,92642
92705,92752,92771,92786,92740,92765,92785,92732,92746,92754,92759,92769,92790,92749,92756
92819,92877,92897,92905,92865,92887,92904,92859,92870,92878,92878,92895,92908,92873,92878
92962,92998,93018,93023,92984,93008,93022,92976,92989,92998,92999,93016,93025,92993,92999
93097,93122,93145,93150,93110,93133,93149,93103,93116,93127,93127,93138,93166,93120,93127
93193,93244,93266,93271,93233,93255,93270,93226,93239,93250,93250,93264,93273,93243,93250
93322,93364,93388,93394,93354,93378,93393,93347,93359,93368,93372,93386,93396,93363,93372
93460,93489,93511,93519,93478,93502,93518,93472,93483,93496,93496,93510,93523,93488,93496
93561,93606,93626,93633,93597,93618,93632,93590,93602,93613,93613,93624,93636,93606,93613
93681,93717,93738,93745,93707,93729,93744,93701,93711,93724,93724,93736,93745,93715,93724
93803,93833,93855,93863,93823,93846,93862,93817,93827,93837,93840,93854,93866,93831,93840
93930,93962,93983,93992,93952,93974,93991,93946,93957,93969,93969,93983,93994,93961,93969
94041,94083,94103,94110,94074,94094,94109,94068,94079,94090,94090,94101,94114,94083,94090
94165,94199,94221,94230,94189,94214,94229,94183,94194,94205,94209,94221,94233,94198,94209
94278,94321,94345,94352,94311,94334,94351,94305,94315,94330,94330,94344,94354,94319,94330
94397,94439,94462,94469,94430,94453,94468,94424,94435,94448,94448,94460,94472,94439,94448
94519,94554,94577,94586,94544,94567,94585,94538,94548,94559,94562,94576,94589,94552,94562
94644,94677,94700,94709,94667,94693,94708,94661,94672,94684,94689,94699,94710,94678,94686
94751,94801,94822,94831,94791,94814,94830,94785,94796,94808,94811,94820,94833,94801,94811
94878,94914,94938,94944,94904,94928,94943,94898,94908,94922,94925,94936,94946,94912,94925
95005,95036,95058,95067,95026,95050,95066,95020,95030,95043,95045,95057,95070,95035,95045
95113,95159,95180,95188,95149,95172,95187,95144,95154,95166,95168,95178,95192,95158,95168
95244,95279,95302,95310,95269,95293,95309,95263,95273,95286,95289,95300,95313,95278,95289
95390,95411,95433,95444,95402,95426,95443,95396,95406,95419,95422,95431,95447,95411,95422
95489,95535,95556,95566,95526,95548,95565,95520,95530,95544,95544,95555,95569,95535,95544
95620,95654,95676,95687,95645,95669,95686,95639,95649,95661,95665,95675,95689,95653,95665
95746,95777,95799,95807,95767,95791,95806,95761,95772,95784,95787,95798,95810,95777,95787
95855,95893,95915,95922,95884,95907,95921,95878,95888,95900,95903,95913,95925,95893,95903
95973,96004,96025,96035,95994,96018,96034,95988,95998,96010,96014,96024,96038,96003,96014
96095,96125,96146,96156,96115,96139,96155,96109,96120,96131,96135,96148,96158,96125,96135
96206,96247,96270,96277,96238,96261,96276,96232,96242,96255,96255,96269,96279,96246,96255
96330,96359,96379,96388,96349,96371,96387,96343,96353,96367,96367,96378,96391,96358,96367
96445,96475,96496,96506,96465,96488,96505,96458,96469,96482,96482,96495,96514,96473,96482
96575,96597,96619,96628,96587,96611,96627,96581,96592,96605,96605,96618,96631,96596,96605
96688,96721,96742,96749,96711,96733,96748,96705,96716,96729,96729,96741,96752,96720,96729
96802,96838,96861,96868,96828,96851,96867,96822,96833,96844,96844,96859,96871,96836,96844
96925,96959,96981,96994,96950,96973,96993,96944,96954,96967,96968,96980,96997,96958,96968
97043,97076,97097,97107,97067,97089,97106,97061,97071,97084,97084,97096,97111,97075,97084
97158,97190,97211,97222,97181,97204,97221,97175,97185,97197,97201,97210,97227,97190,97201
97275,97306,97328,97339,97297,97321,97338,97291,97301,97312,97316,97328,97343,97306,97316
97378,97423,97444,97452,97414,97436,97451,97408,97418,97429,97432,97443,97454,97422,97432
97503,97534,97556,97564,97525,97548,97563,97519,97529,97540,97544,97555,97565,97533,97544
97625,97653,97674,97688,97644,97667,97687,97638,97649,97660,97664,97673,97693,97653,97664
97731,97775,97796,97805,97766,97789,97804,97760,97770,97782,97785,97794,97808,97775,97785
97860,97883,97903,97913,97872,97896,97912,97866,97877,97891,97891,97901,97917,97880,97891
97975,97999,98021,98029,97988,98012,98028,97982,97992,98004,98004,98019,98032,97996,98004
98093,98127,98147,98156,98116,98141,98155,98109,98121,98135,98135,98147,98159,98127,98135
98205,98245,98266,98271,98233,98258,98270,98227,98238,98249,98250,98264,98274,98242,98250
98341,98366,98385,98393,98353,98378,98392,98347,98357,98368,98372,98384,98395,98361,98372
98469,98492,98513,98520,98481,98505,98519,98474,98486,98497,98497,98512,98523,98490,98497
98568,98604,98626,98632,98594,98617,98631,98588,98599,98613,98613,98624,98635,98603,98613
98692,98716,98738,98748,98707,98730,98747,98701,98711,98722,98725,98736,98752,98715,98725
98798,98834,98856,98870,98824,98849,98869,98818,98828,98841,98843,98854,98883,98832,98843
98913,98952,98970,98980,98941,98963,98979,98935,98947,98958,98958,98969,98982,98951,98958
99039,99069,99088,99099,99058,99081,99098,99051,99062,99072,99076,99087,99103,99067,99076
99159,99190,99215,99221,99180,99206,99220,99174,99185,99195,99197,99214,99225,99189,99197
99278,99311,99330,99337,99300,99323,99336,99293,99304,99317,99317,99328,99338,99309,99317
99405,99429,99450,99459,99417,99443,99458,99411,99422,99436,99436,99448,99465,99428,99436
99516,99553,99576,99584,99543,99568,99583,99537,99547,99558,99561,99575,99586,99551,99561
99636,99674,99696,99703,99664,99687,99702,99658,99669,99681,99681,99695,99706,99673,99681
99755,99784,99804,99812,99774,99797,99811,99768,99778,99791,99793,99802,99815,99783,99793
99867,99897,99920,99929,99888,99912,99928,99882,99892,99903,99908,99919,99932,99896,99905
99983,100015,100038,100045,100006,100030,100044,100000,100010,100023,100023,100037,100046,100014,100023
100090,100128,100149,100156,100118,100141,100155,100112,100122,100135,100136,100147,100158,100126,100136
100223,100245,100267,100276,100234,100259,100275,100228,100239,100251,100255,100265,100281,100243,100255
100330,100370,100394,100402,100361,100384,100401,100354,100365,100376,100380,100393,100404,100370,100380
100443,100489,100509,100518,100478,100501,100517,100472,100483,100495,100495,100507,100522,100486,100495
100573,100611,100632,100638,100599,100625,100637,100592,100604,100620,100620,100630,100641,100607,100620
100710,100736,100756,100766,100724,100748,100765,100717,100730,100741,100741,100754,100768,100734,100741
100812,100853,100872,100881,100843,100865,100880,100836,100848,100860,100860,100870,100884,100853,100860
100935,100972,100994,101001,100961,100985,101000,100955,100966,100977,100978,100992,101002,100970,100978
101066,101100,101122,101130,101090,101114,101129,101084,101095,101107,101107,101122,101131,101099,101107
101176,101218,101241,101247,101209,101231,101246,101203,101213,101226,101226,101239,101250,101217,101226
101297,101327,101349,101357,101318,101341,101356,101312,101322,101336,101336,101347,101361,101326,101336
101426,101448,101470,101479,101438,101462,101478,101432,101442,101455,101457,101469,101481,101446,101457
101542,101573,101595,101605,101564,101587,101604,101558,101568,101581,101584,101593,101608,101573,101584
101650,101693,101715,101724,101683,101707,101723,101677,101687,101699,101703,101714,101727,101691,101703
101803,101824,101846,101856,101815,101838,101855,101809,101819,101831,101834,101844,101860,101823,101834
101935,101955,101977,101986,101946,101968,101985,101940,101951,101964,101964,101977,101988,101955,101964
102051,102073,102096,102103,102064,102088,102102,102058,102068,102079,102084,102095,102106,102072,102084
102165,102195,102217,102227,102185,102210,102226,102180,102190,102200,102205,102217,102231,102194,102205
102271,102315,102338,102345,102306,102329,102344,102300,102310,102320,102324,102336,102348,102314,102324
102411,102441,102523,102525,102431,102454,102471,102425,102435,102446,102449,102460,102476,102439,102449
102560,102583,102606,102614,102573,102598,102613,102567,102577,102591,102591,102604,102615,102581,102591
102663,102714,102737,102743,102704,102728,102742,102698,102709,102720,102724,102735,102747,102714,102724
102810,102841,102864,102873,102831,102855,102872,102825,102835,102850,102850,102863,102879,102839,102850
102949,102971,102993,103001,102961,102985,103000,102955,102966,102980,102980,102992,103003,102970,102980
103048,103094,103116,103122,103085,103106,103121,103079,103090,103103,103103,103114,103124,103094,103103
103185,103214,103235,103247,103205,103228,103246,103199,103209,103221,103225,103234,103252,103213,103225
103300,103337,103359,103367,103327,103350,103366,103321,103332,103346,103346,103357,103370,103335,103346
103415,103454,103477,103484,103445,103467,103483,103439,103449,103461,103465,103476,103487,103454,103465
103557,103578,103601,103608,103568,103593,103607,103562,103573,103584,103589,103599,103609,103578,103586
103681,103706,103729,103734,103695,103720,103733,103689,103700,103712,103712,103727,103736,103704,103712
103780,103824,103846,103850,103814,103838,103849,103807,103818,103836,103837,103844,103851,103822,103829
103903,103944,103967,103980,103935,103958,103979,103923,103939,103947,103951,103965,103985,103943,103951
104015,104080,104109,104089,104068,104085,104089,104063,104072,104076,104078,104086,104092,104074,104078
104156,104210,104249,104252,104198,104220,104236,104193,104200,104214,104214,104221,104253,104202,104214
104284,104329,104351,104361,104315,104344,104360,104302,104308,104310,104328,104349,104363,104309,104325
104437,104465,104484,104487,104455,104477,104486,104441,104448,104452,104460,104481,104488,104450,104456
104570,104599,104620,104624,104585,104614,104623,104576,104590,104594,104598,104619,104626,104592,104598
104670,104722,104750,104752,104707,104730,104751,104699,104711,104718,104722,104748,104755,104714,104722
104813,104842,104861,104864,104826,104853,104863,104820,104830,104837,104842,104859,104866,104833,104839
104907,104962,104972,104975,104951,104967,104974,104945,104954,104957,104962,104970,104976,104956,104962
105032,105085,105102,105109,105073,105096,105108,105067,105081,105089,105091,105100,105109,105085,105091
105159,105202,105221,105230,105190,105214,105229,105184,105195,105206,105209,105219,105231,105199,105209
105298,105329,105352,105358,105317,105344,105357,105311,105322,105339,105339,105350,105365,105325,105339
105404,105456,105478,105484,105445,105470,105483,105438,105450,105461,105465,105476,105486,105454,105465
105538,105577,105598,105606,105565,105591,105605,105559,105570,105581,105586,105596,105611,105576,105583
105681,105704,105726,105736,105694,105719,105735,105687,105699,105711,105714,105725,105740,105703,105714
105783,105827,105850,105856,105817,105840,105855,105811,105822,105833,105833,105848,105858,105826,105833
105911,105948,105970,105987,105937,105963,105986,105931,105942,105954,105959,105968,105990,105948,105956
106033,106072,106097,106103,106062,106088,106102,106056,106067,106078,106081,106095,106104,106071,106081
106150,106192,106214,106223,106182,106205,106222,106176,106187,106200,106200,106213,106231,106191,106200
106271,106306,106328,106334,106295,106321,106333,106290,106300,106312,106316,106326,106335,106304,106316
106391,106432,106453,106466,106423,106447,106465,106416,106427,106438,106443,106452,106468,106432,106440
106508,106560,106583,106589,106550,106574,106588,106544,106554,106568,106568,106581,106592,106558,106568
106645,106685,106709,106715,106675,106700,106714,106669,106679,106690,106695,106707,106718,106683,106695
106801,106821,106845,106851,106812,106834,106850,106806,106816,106829,106829,106843,106852,106820,106829
106901,106951,106974,106982,106942,106965,106981,106936,106947,106960,106962,106973,106985,106951,106962
107030,107074,107097,107105,107064,107088,107104,107058,107069,107082,107085,107095,107107,107074,107085
107152,107196,107220,107229,107187,107210,107228,107181,107191,107205,107205,107218,107232,107195,107205
107287,107317,107339,107347,107308,107331,107346,107302,107312,107324,107327,107338,107350,107317,107327
107403,107437,107459,107468,107428,107451,107467,107421,107432,107444,107447,107457,107472,107436,107447
107538,107566,107588,107599,107557,107581,107598,107551,107561,107573,107577,107587,107602,107566,107577
107649,107695,107718,107724,107685,107708,107723,107679,107690,107703,107703,107716,107726,107694,107703
107789,107818,107839,107849,107808,107832,107848,107802,107812,107825,107829,107838,107852,107816,107829
107916,107952,107975,107984,107943,107966,107983,107937,107948,107961,107964,107974,107986,107952,107964
108037,108082,108105,108112,108073,108094,108111,108067,108077,108091,108091,108103,108115,108081,108091
108168,108204,108228,108234,108195,108219,108233,108189,108199,108212,108216,108226,108235,108204,108216
108294,108331,108354,108363,108322,108345,108362,108316,108326,108339,108343,108352,108367,108330,108343
108440,108462,108484,108493,108453,108471,108492,108447,108457,108472,108472,108482,108498,108461,108472
108547,108583,108606,108616,108574,108598,108615,108568,108579,108590,108595,108604,108621,108583,108592
108673,108711,108734,108743,108702,108726,108742,108697,108706,108719,108723,108733,108747,108710,108723
108799,108839,108861,108870,108829,108852,108869,108824,108834,108847,108849,108859,108873,108838,108849
108947,108968,108988,108996,108958,108980,108995,108953,108963,108976,108976,108986,109001,108967,108976
109075,109095,109119,109126,109085,109110,109125,109079,109089,109101,109106,109118,109128,109094,109103
109211,109231,109257,109263,109222,109245,109262,109216,109226,109239,109242,109255,109265,109231,109242
109323,109360,109382,109389,109351,109367,109388,109345,109356,109369,109371,109380,109392,109360,109371
109466,109486,109510,109518,109476,109501,109517,109470,109481,109493,109498,109509,109522,109485,109498
109590,109616,109639,109646,109607,109631,109645,109601,109611,109623,109628,109638,109649,109616,109628
109704,109736,109756,109764,109726,109749,109763,109720,109730,109743,109744,109755,109767,109735,109744
109848,109871,109893,109900,109859,109885,109899,109852,109863,109874,109879,109891,109906,109867,109876
109993,110017,110038,110043,110005,110031,110042,109998,110009,110023,110026,110036,110046,110012,110026
110125,110152,110170,110177,110137,110163,110176,110131,110141,110151,110156,110168,110180,110145,110156
110262,110288,110311,110318,110278,110302,110317,110272,110283,110296,110296,110310,110319,110287,110296
110364,110421,110443,110450,110412,110435,110449,110406,110416,110428,110433,110441,110453,110421,110430
110506,110543,110567,110574,110534,110558,110573,110528,110539,110550,110554,110565,110577,110543,110554
110650,110670,110694,110702,110661,110685,110701,110655,110665,110677,110682,110692,110706,110670,110682
110753,110794,110816,110822,110785,110807,110821,110779,110789,110802,110804,110814,110824,110794,110804
110875,110911,110939,110943,110899,110924,110940,110893,110903,110917,110921,110936,110944,110906,110910
111002,111040,111046,111049,111027,111055,111063,111015,111018,111021,111051,111058,111064,111020,111048
111112,111174,111189,111205,111198,111206,111210,111144,111154,111160,111177,111185,111203,111157,111174
111266,111303,111316,111332,111281,111308,111325,111276,111283,111288,111304,111312,111330,111286,111301
111434,111450,111495,111502,111441,111471,111498,111435,111448,111460,111467,111493,111501,111454,111464
111551,111586,111602,111606,111578,111596,111605,111574,111581,111586,111592,111600,111607,111583,111589
111648,111710,111730,111733,111699,111722,111732,111690,111705,111719,111721,111728,111736,111707,111709
111787,111840,111856,111869,111825,111850,111868,111813,111829,111836,111844,111854,111874,111832,111839
111914,111965,111983,111987,111955,111976,111986,111948,111960,111969,111972,111981,111987,111964,111972
112036,112085,112110,112113,112070,112095,112112,112064,112075,112087,112087,112098,112153,112082,112087
112186,112209,112269,112276,112197,112220,112236,112190,112204,112212,112216,112232,112239,112208,112216
112307,112328,112352,112355,112319,112341,112354,112311,112325,112334,112337,112350,112358,112329,112337
112400,112445,112479,112481,112434,112461,112479,112428,112441,112450,112456,112466,112483,112446,112453
112520,112568,112589,112597,112557,112580,112596,112551,112562,112574,112574,112588,112597,112567,112574
112636,112685,112705,112711,112676,112699,112710,112670,112681,112689,112695,112703,112711,112685,112692
112761,112807,112833,112837,112796,112823,112836,112790,112802,112813,112819,112832,112846,112808,112816
112885,112929,112955,112959,112919,112934,112958,112913,112925,112930,112930,112935,112939,112930,112937
112999,113044,113065,113070,113034,113058,113069,113028,113038,113047,113053,113063,113072,113042,113050
113121,113160,113181,113188,113149,113174,113187,113143,113154,113165,113169,113180,113191,113159,113169
113232,113280,113303,113309,113270,113285,113308,113264,113274,113279,113279,113286,113291,113279,113288
113351,113394,113417,113422,113383,113409,113421,113377,113388,113400,113405,113415,113424,113393,113405
113474,113517,113539,113546,113506,113531,113545,113500,113511,113524,113528,113537,113550,113517,113528
113590,113631,113652,113661,113621,113645,113660,113615,113625,113638,113642,113650,113664,113632,113642
113707,113744,113766,113776,113734,113759,113775,113728,113739,113750,113756,113764,113779,113743,113753
113817,113864,113888,113894,113854,113871,113893,113848,113859,113863,113863,113872,113897,113863,113874
113933,113976,113997,114005,113967,113990,114004,113960,113972,113982,113987,113995,114008,113977,113987
114056,114096,114119,114127,114087,114111,114126,114081,114091,114104,114107,114117,114131,114095,114107
114175,114217,114240,114245,114207,114231,114244,114201,114212,114225,114227,114238,114248,114216,114227
114298,114329,114351,114359,114319,114343,114358,114312,114324,114338,114338,114350,114367,114328,114338
114408,114448,114469,114478,114438,114461,114477,114431,114443,114454,114457,114467,114482,114447,114457
114518,114562,114584,114589,114553,114576,114588,114547,114557,114571,114572,114582,114591,114561,114572
114645,114679,114703,114709,114669,114694,114708,114663,114674,114687,114690,114702,114712,114678,114690
114759,114797,114818,114827,114787,114811,114826,114781,114792,114803,114808,114817,114829,114796,114805
114872,114909,114930,114937,114899,114921,114936,114893,114904,114916,114916,114928,114938,114908,114916
114991,115023,115044,115055,115013,115037,115054,115007,115017,115028,115033,115044,115058,115022,115033
115099,115139,115161,115169,115130,115153,115168,115124,115134,115148,115148,115160,115172,115138,115148
115217,115249,115270,115276,115239,115262,115275,115233,115244,115256,115258,115268,115280,115248,115258
115332,115364,115387,115396,115354,115379,115395,115348,115359,115370,115375,115387,115398,115363,115372
115446,115482,115504,115511,115472,115495,115510,115467,115477,115491,115491,115503,115515,115480,115491
115562,115592,115612,115621,115582,115604,115620,115576,115587,115600,115600,115611,115624,115591,115600
115674,115705,115730,115736,115695,115718,115735,115689,115700,115712,115714,115729,115738,115705,115714
115787,115824,115845,115854,115814,115836,115853,115808,115818,115833,115833,115843,115859,115823,115833
115899,115933,115952,115963,115922,115945,115962,115916,115928,115939,115941,115950,115968,115933,115941
116025,116048,116068,116076,116036,116061,116075,116030,116041,116053,116055,116066,116079,116045,116055
116132,116163,116184,116190,116151,116174,116189,116145,116156,116167,116167,116183,116194,116160,116167
116247,116281,116302,116312,116270,116295,116311,116264,116275,116286,116290,116301,116316,116280,116290
116360,116402,116422,116432,116391,116415,116431,116385,116396,116407,116411,116420,116435,116400,116411
116483,116519,116536,116551,116508,116530,116550,116502,116513,116523,116526,116534,116556,116518,116526
116597,116630,116647,116659,116621,116635,116658,116614,116626,116637,116640,116646,116662,116631,116640
116711,116744,116765,116777,116734,116758,116776,116727,116740,116751,116756,116764,116782,116745,116753
116826,116860,116881,116887,116850,116874,116886,116843,116855,116867,116870,116880,116888,116860,116870
116929,116964,116983,116990,116954,116975,116989,116948,116959,116971,116971,116981,116992,116964,116971
117047,117073,117094,117099,117060,117085,117098,117054,117065,117074,117077,117092,117100,117069,117077
117147,117193,117214,117224,117182,117208,117223,117175,117187,117199,117204,117212,117227,117194,117201
117270,117311,117330,117336,117300,117322,117335,117293,117305,117318,117318,117328,117340,117311,117318
117399,117430,117450,117458,117419,117443,117457,117413,117425,117436,117439,117449,117464,117430,117439
117505,117546,117568,117573,117537,117558,117572,117531,117541,117554,117554,117566,117576,117545,117554
117621,117652,117672,117683,117642,117665,117682,117636,117647,117659,117661,117671,117686,117652,117661
117726,117764,117793,117784,117754,117776,117783,117748,117758,117771,117774,117780,117784,117763,117774
117838,117878,117884,117893,117871,117881,117922,117866,117875,117878,117878,117883,117899,117878,117885
117952,117984,117999,118020,118007,118025,118043,117955,117963,117969,117987,117995,118022,117966,117984
118066,118096,118112,118127,118119,118137,118156,118066,118074,118080,118098,118107,118138,118077,118094
118178,118222,118235,118252,118244,118246,118262,118215,118222,118226,118226,118231,118248,118226,118233
118285,118352,118366,118373,118324,118358,118369,118313,118327,118333,118352,118363,118373,118330,118348
118427,118468,118479,118489,118438,118473,118482,118428,118442,118450,118469,118478,118485,118445,118463
118551,118590,118602,118608,118570,118594,118605,118561,118575,118581,118588,118601,118609,118578,118584
118658,118711,118723,118727,118692,118716,118726,118658,118665,118672,118710,118721,118730,118668,118706
118781,118830,118845,118847,118799,118837,118846,118795,118802,118808,118831,118841,118849,118805,118821
118910,118959,118973,,118931,118968,118978,118950,118964,118971,118975,118990,118996,118967,118975
119014,119068,119078,,119060,119072,119115,119055,119064,119076,119082,119112,119116,119070,119079
119121,119185,119198,119201,119165,119190,119200,119137,119145,119152,119183,119196,119204,119149,119179
119252,119294,119306,119317,119276,119299,119312,119252,119263,119271,119293,119303,119317,119267,119289
119367,119418,119447,119451,119389,119425,119450,119383,119390,119395,119410,119426,119439,119393,119406
119484,119530,119547,119550,119510,119539,119548,119488,119496,119504,119528,119543,119551,119500,119523
119582,119640,119653,119663,119625,119645,119657,119607,119614,119621,119640,119649,119663,119618,119637
119719,119746,119759,119771,119729,119751,119765,119721,119733,119739,119746,119756,119770,119736,119743
119816,119865,119875,119882,119842,119870,119879,119828,119834,119838,119864,119873,119883,119836,119851
119925,119988,119999,120004,119968,119994,120004,119943,119949,119952,119987,119996,120009,119950,119983
120057,120116,120140,,120070,120124,120144,120064,120075,120081,120119,120139,120145,120079,120116
120172,120221,120231,120233,120198,120227,120233,120193,120201,120212,120221,120229,120235,120203,120217
120278,120320,120332,120336,120312,120325,120334,120308,120316,120319,120319,120329,120339,120319,120335
120390,120443,120453,120461,120414,120448,120460,120390,120402,120409,120443,120451,120466,120405,120440
120489,120578,120608,120626,120669,,,120513,120520,120525,120579,120608,120615,120522,120575
120725,120794,120814,120818,120784,120801,120815,120738,120744,120750,120796,120803,120820,120747,120784
120870,120910,120921,120931,120883,120914,120925,120872,120886,120892,120910,120919,120932,120889,120907
120960,121020,121032,121042,121006,121025,121036,120961,120968,120974,121021,121030,121042,120971,121017
121074,121139,121151,121161,121116,121143,121153,121100,121107,121111,121140,121147,121154,121109,121136
121193,121257,121269,121276,121231,121261,121270,121195,121202,121212,121257,121265,121279,121206,121254
121331,121365,121377,121388,121348,121369,121382,121333,121340,121344,121364,121376,121388,121342,121361
121421,121487,121499,121502,121464,121493,121501,121436,121442,121448,121487,121497,121504,121445,121483
121535,121604,121611,121616,121574,121606,121613,121569,121577,121584,121603,121644,121643,121580,121600
121647,121711,121723,121733,121707,121715,121728,121703,121710,121714,121714,121719,121734,121714,121730
121778,121824,121841,121847,121806,121831,121865,121787,121794,121801,121825,121860,121866,121798,121821
121874,121932,121941,121948,121908,121935,121943,121895,121910,121913,121931,121973,121972,121912,121928
121978,122037,122047,122058,122016,122041,122053,122010,122018,122019,122037,122044,122059,122018,122034
122088,122162,122177,122186,122122,122169,122185,122114,122126,122134,122167,122211,122210,122131,122164
122214,122287,122336,122357,122247,122293,122303,122237,122251,122261,122289,122297,122309,122258,122285
122400,122413,122439,122426,122446,,,122403,122413,122418,122418,122422,122428,122418,122425
122466,122510,122514,122517,122484,122498,122504,122501,122507,122513,122519,122542,122541,122510,122516
122546,122608,122618,122627,122586,122612,122622,122581,122588,122592,122608,122617,122627,122590,122595
122661,122721,122736,122743,122704,122725,122757,122686,122693,122699,122744,122753,122759,122696,122740
122770,122849,122865,,122810,122854,122870,122839,122846,122851,122856,122874,122880,122848,122856
122901,122942,122981,122953,122910,122946,122984,122902,122912,122914,122941,122948,122974,122913,122938
123012,123057,123064,123075,123028,123060,123092,123020,123033,123038,123055,123062,123088,123036,123052
123127,123184,123214,123225,123139,123194,123202,123173,123181,123183,123189,123197,123204,123182,123186
123271,123289,123315,123334,123355,123374,123379,123273,123278,123282,123289,123312,123395,123280,123285
123438,123478,123510,123538,123560,,,123469,123477,123484,123501,123508,123514,123480,123498
123579,123608,123637,123657,123668,123705,123716,123663,123670,,,123663,,123673,
123780,123817,123827,123835,123790,123822,123830,123783,123791,123795,123818,123826,123836,123793,123809
123863,123941,123963,123951,123936,123945,123950,123885,123891,123895,123940,123948,123953,123893,123936
124016,124049,124067,124057,124034,124053,124057,124030,124036,124042,124048,124054,124059,124039,124045
124090,124145,124164,124151,124107,124148,124151,124102,124109,124114,124143,124149,124154,124111,124140
124203,124250,124261,,124216,124256,124276,124203,124209,124213,124251,124259,124266,124211,124248
124294,124348,124382,124401,124421,,,124295,124301,124307,124346,124380,124386,124304,124342
124454,124469,124484,124497,124457,124478,124496,124463,124471,124477,124477,124482,124497,124477,124484
124516,124570,124604,124608,124557,124576,124583,124553,124560,124565,124572,124580,124586,124562,124569
124715,124778,124786,124794,124875,,,124785,124791,,,124785,,124794,
124891,124910,124937,124942,124898,124920,124941,124893,124900,124906,124913,124934,124944,124903,124909
124996,125016,125034,125037,125004,125029,125036,124998,125006,125008,125015,125032,125038,125007,125012
125065,125134,125165,125170,125097,125148,125170,125125,125132,125137,125143,125163,125171,125134,125140
125243,125264,125299,125304,125258,125279,125289,125254,125261,125267,125274,125284,125290,125264,125270
125327,125382,125405,,125376,125388,125410,125362,125368,125373,125381,125404,125411,125370,125377
125430,125510,125550,125553,125495,125520,125529,125491,125497,125502,125509,125524,125531,125500,125505
125606,125648,125676,125681,125735,,,125630,125636,125641,125648,125671,125681,125638,125644
125745,125768,125787,125801,125753,125780,125800,125747,125755,125760,125768,125786,125809,125758,125764
125818,125898,125921,125927,125878,125905,125923,125873,125880,125886,125900,125909,125927,125882,125896
125983,126028,126055,126063,126012,126040,126058,126008,126014,126020,126027,126044,126063,126017,126023
126113,126154,126181,126192,126139,126162,126185,126134,126141,126147,126154,126177,126190,126144,126150
126247,126278,126303,126305,126262,126285,126303,126271,126278,126281,126281,126286,126307,126281,126287
126327,126386,126419,,126423,,,126364,126373,126377,126410,126417,126425,126375,126407
126449,126492,126511,126499,126457,126496,126499,126484,126491,126494,126494,126497,126503,126494,126500
126548,126568,126608,126630,126611,126641,126650,126606,126613,,,126606,,126616,
126718,126753,126784,126789,126732,126780,126788,126744,126752,126760,126775,126782,126793,126756,126772
126838,126864,126879,126881,126846,126868,126881,126841,126849,126855,126862,126876,126884,126852,126858
126934,126970,126980,126983,126949,126974,126982,126944,126952,126960,126969,126978,126986,126956,126965
127032,127085,127096,127100,127065,127091,127099,127060,127069,127078,127086,127094,127101,127073,127083
127154,127202,127213,127222,127184,127208,127221,127178,127187,127194,127202,127211,127227,127190,127198
127261,127319,127368,127374,127302,127328,127342,127296,127305,127312,127319,127336,127345,127308,127315
127428,127451,127472,127476,127438,127465,127473,127432,127440,127447,127452,127469,127476,127443,127449
127539,127565,127589,127599,127553,127580,127593,127548,127558,127570,127576,127585,127598,127567,127573
127671,127696,127714,127725,127682,127708,127724,127676,127685,127698,127703,127713,127728,127688,127693
127787,127820,127840,127843,127803,127828,127842,127797,127807,127817,127823,127838,127846,127813,127820
127882,127935,127968,127948,127917,127941,127947,127911,127920,127930,127936,127943,127948,127924,127933
128003,128052,128066,128069,128036,128059,128068,128030,128039,128047,128054,128064,128072,128043,128051
128127,128146,128172,128175,128136,128158,128174,128131,128140,128148,128153,128170,128179,128143,128150
128211,128236,128254,128264,128227,128249,128263,128222,128230,128239,128245,128253,128268,128234,128242
128312,128332,128353,128356,128320,128341,128355,128315,128324,128344,128344,128351,128358,128326,128344
128404,128434,128454,128458,128425,128449,128457,128419,128429,128441,128446,128452,128460,128436,128443
128508,128539,128560,128564,128530,128547,128561,128525,128534,128549,128551,128557,128565,128537,128541
128608,128635,128659,128661,128626,128646,128659,128621,128631,128642,128642,128652,128663,128635,128642
128702,128732,128745,128756,128722,128739,128755,128717,128727,128733,128733,128743,128782,128730,128733
128808,128824,128846,128848,128816,128830,128846,128810,128821,128835,128835,128840,128850,128826,128835
128881,128915,128925,128936,128907,128920,128935,128902,128912,128918,128918,128924,128939,128918,128926
128984,129002,129019,129022,128993,129008,129019,128988,128997,129003,129003,129013,129023,128999,129003
129064,129089,129109,129116,129082,129096,129112,129076,129085,129093,129093,129101,129117,129089,129093
129166,129184,129201,129207,129174,129190,129203,129168,129182,129187,129187,129197,129210,129187,129201
129242,129275,129295,129300,129268,129281,129296,129262,129274,129286,129286,129291,129301,129278,129286
129348,129368,129385,129390,129359,129375,129386,129353,129365,129372,129372,129381,129391,129368,129372
129437,129456,129471,129476,129448,129463,129475,129442,129452,129457,129457,129468,129483,129457,129473
129528,129546,129571,129573,129537,129552,129562,129531,129542,129552,129552,129556,129563,129552,129560
129622,129638,129656,129662,129630,129645,129657,129624,129634,129644,129644,129649,129665,129644,129653
129701,129728,129745,129752,129720,129734,129748,129715,129725,129731,129731,129740,129753,129731,129747
129800,129817,129831,129838,129809,129824,129837,129804,129813,129820,129820,129829,129843,129817,129820
129880,129908,129922,129927,129900,129914,129926,129894,129905,129913,129913,129920,129928,129909,129913
129983,129999,130016,130025,129991,130005,130019,129986,129996,130000,130000,130012,130027,130000,130016
130051,130086,130107,130112,130079,130093,130108,130074,130083,130093,130093,130100,130113,130087,130093
130146,130172,130187,130195,130164,130180,130194,130158,130168,130175,130175,130185,130197,130171,130175
130243,130261,130282,130286,130253,130266,130285,130247,130257,130270,130272,130280,130288,130262,130272
130338,130354,130369,130373,130346,130362,130372,130341,130350,130358,130358,130367,130374,130353,130358
130426,130446,130465,130471,130438,130455,130467,130433,130443,130452,130452,130462,130471,130446,130452
130509,130534,130554,130557,130526,130541,130554,130521,130530,130541,130541,130550,130559,130534,130541
130602,130619,130634,130637,130611,130627,130636,130605,130615,130624,130624,130632,130639,130619,130624
130686,130705,130726,130729,130697,130710,130726,130692,130702,130706,130706,130716,130731,130706,130725
130772,130789,130808,130812,130782,130795,130809,130776,130786,130798,130798,130804,130812,130791,130798
130850,130870,130888,130891,130863,130875,130890,130857,130867,130879,130881,130886,130893,130872,130881
130935,130953,130967,130974,130944,130960,130973,130939,130948,130954,130954,130964,130978,130951,130954
131019,131037,131054,131060,131029,131045,131056,131024,131033,131041,131041,131050,131060,131036,131041
131105,131122,131141,131146,131114,131128,131143,131108,131119,131125,131125,131133,131148,131125,131136
131184,131204,131220,131225,131197,131210,131224,131192,131201,131205,131205,131218,131227,131205,131223
131267,131286,131303,131308,131279,131293,131305,131273,131283,131290,131290,131299,131312,131286,131290
131343,131370,131390,131397,131363,131375,131392,131358,131367,131371,131371,131381,131397,131371,131383
131439,131456,131472,131481,131449,131461,131475,131443,131453,131457,131457,131467,131483,131457,131471
131524,131540,131556,131565,131533,131546,131559,131528,131537,131542,131542,131552,131564,131542,131557
131606,131623,131641,131647,131615,131629,131643,131610,131619,131625,131625,131634,131648,131623,131625
131690,131707,131724,131734,131700,131713,131729,131695,131704,131708,131708,131719,131735,131708,131723
131775,131791,131809,131816,131784,131798,131811,131779,131788,131795,131795,131804,131817,131791,131795
131855,131873,131892,131899,131866,131880,131894,131861,131870,131874,131874,131887,131900,131874,131895
131937,131954,131969,131973,131946,131960,131970,131940,131950,131956,131956,131965,131973,131953,131956
132014,132033,132044,132054,132025,132038,132053,132020,132030,132036,132036,132041,132058,132036,132044
132097,132114,132127,132132,132107,132117,132131,132101,132111,132115,132115,132121,132136,132115,132123
132178,132196,132216,132219,132189,132200,132216,132183,132193,132203,132203,132211,132221,132197,132203
132260,132278,132293,132299,132269,132285,132298,132263,132273,132281,132281,132291,132303,132277,132281
132340,132358,132372,132379,132350,132365,132378,132344,132355,132360,132360,132370,132379,132359,132360
132423,132442,132454,132458,132433,132447,132457,132427,132438,132447,132447,132452,132460,132447,132455
132507,132523,132537,132542,132516,132528,132541,132510,132520,132525,132525,132532,132543,132525,132539
132575,132604,132616,132623,132596,132608,132634,132591,132600,132614,132623,132630,132636,132605,132620
132673,132723,132735,,132702,132728,132740,132697,132703,132707,132762,132770,132769,132705,132759
132773,132813,132831,132836,132868,,,132797,132805,132809,132814,132821,132826,132807,132814
132884,132914,132938,132956,132949,132958,132972,132898,132904,132910,132928,132936,132954,132907,132925
133020,133065,133075,133077,133025,133040,133083,133043,133050,133056,133079,133085,133092,133053,133076
133102,133141,133169,133174,133107,133147,133161,133128,133136,133150,133154,133158,133163,133138,133142
133212,133225,133251,133252,133218,133238,133251,133211,133222,133229,133235,133241,133254,133225,133232
133266,133304,133313,,133278,133286,133331,133289,133303,133311,133315,133327,133334,133307,133312
133344,133360,133365,133368,133351,133374,133380,133343,133356,133363,133369,133376,133385,133360,133366
133422,133437,133454,133459,133429,133448,133456,133423,133433,133439,133445,133452,133459,133436,133442
133491,133521,133551,133559,133510,133535,133542,133506,133513,133517,133520,133539,133544,133514,133520
133580,133610,133619,133631,133596,133615,133631,133591,133598,133605,133611,133626,133632,133601,133608
133662,133686,133705,133707,133679,133701,133707,133674,133683,133691,133697,133703,133709,133687,133694
133753,133773,133782,133789,133765,133776,133788,133758,133770,133775,133775,133780,133795,133775,133783
133841,133861,133875,133877,133851,133866,133875,133846,133855,133860,133860,133870,133878,133857,133860
133931,133950,133965,133968,133940,133959,133967,133935,133944,133952,133955,133963,133970,133948,133955
134012,134035,134054,134058,134027,134049,134057,134021,134031,134041,134046,134053,134059,134036,134043
134101,134119,134136,134142,134111,134126,134141,134105,134116,134127,134127,134134,134145,134120,134127
134178,134204,134223,134228,134196,134208,134225,134190,134202,134211,134216,134221,134229,134206,134213
134265,134287,134300,134303,134279,134294,134302,134274,134283,134290,134290,134298,134304,134286,134290
134337,134372,134386,134389,134364,134381,134422,134358,134367,134374,134377,134384,134402,134370,134377
134448,134466,134479,134486,134457,134473,134485,134451,134460,134467,134467,134478,134489,134463,134467
134546,134564,134578,134588,134556,134571,134587,134551,134560,134569,134569,134576,134592,134563,134569
134636,134665,134717,134720,134656,134673,134687,134651,134659,134677,134678,134683,134692,134662,134667
134746,134767,134787,134791,134759,134776,134790,134753,134762,134772,134772,134785,134794,134765,134772
134825,134865,134885,134889,134858,134873,134886,134852,134861,134872,134872,134881,134890,134865,134872
134939,134956,134974,134981,134948,134963,134977,134943,134952,134960,134960,134970,134981,134956,134960
135018,135046,135059,135070,135038,135052,135069,135033,135042,135052,135052,135057,135074,135045,135052
135100,135134,135147,135157,135127,135141,135156,135122,135131,135139,135139,135146,135160,135134,135139
135192,135220,135236,135245,135213,135226,135239,135207,135217,135226,135226,135233,135246,135221,135226
135285,135302,135321,135324,135295,135310,135321,135290,135299,135306,135306,135315,135326,135302,135306
135362,135385,135397,135408,135378,135390,135407,135373,135382,135387,135387,135395,135413,135387,135398
135441,135472,135486,135494,135464,135479,135493,135459,135468,135477,135477,135484,135499,135472,135477
135523,135561,135579,135585,135554,135566,135581,135548,135558,135562,135562,135574,135587,135562,135580
135629,135647,135661,135671,135639,135654,135670,135634,135643,135652,135652,135659,135676,135647,135652
135719,135737,135752,135755,135729,135746,135754,135724,135733,135741,135743,135750,135755,135736,135743
135798,135833,135845,135856,135826,135838,135855,135820,135829,135837,135837,135843,135861,135833,135837
135912,135930,135942,135955,135921,135935,135954,135916,135926,135933,135933,135940,135959,135933,135943
135997,136023,136037,136043,136014,136030,136042,136009,136018,136022,136022,136035,136050,136022,136039
136095,136116,136128,136134,136108,136120,136133,136102,136112,136117,136117,136125,136136,136117,136132
136176,136205,136223,136228,136198,136211,136224,136192,136202,136206,136206,136217,136230,136206,136222
136274,136290,136302,136310,136283,136295,136309,136277,136287,136292,136292,136300,136314,136292,136306
136355,136373,136389,136396,136364,136380,136395,136359,136369,136372,136372,136387,136399,136372,136391
136437,136457,136473,136477,136449,136465,136476,136444,136454,136464,136464,136471,136478,136458,136464
136517,136549,136559,136571,136541,136554,136570,136535,136545,136549,136549,136558,136575,136549,136560
136623,136640,136653,136662,136632,136646,136661,136627,136636,136640,136640,136651,136666,136640,136654
136717,136735,136749,136758,136727,136742,136757,136721,136731,136738,136738,136747,136762,136734,136738
136793,136831,136850,136842,136823,136835,136841,136817,136827,136832,136832,136837,136841,136832,136839
136884,136922,136944,136949,136915,136930,136946,136909,136919,136934,136938,136943,136950,136921,136926
136989,137012,137022,137025,137003,137017,137046,136997,137007,137015,137015,137020,137038,137015,137023
137080,137099,137111,137117,137091,137104,137117,137085,137095,137100,137100,137108,137123,137100,137120
137159,137182,137201,137207,137175,137187,137203,137169,137180,137190,137194,137200,137208,137184,137194
137239,137263,137283,137286,137256,137267,137284,137251,137261,137265,137265,137271,137289,137265,137273
137324,137343,137355,137358,137334,137348,137357,137328,137339,137346,137346,137352,137359,137346,137356
137405,137423,137436,137447,137415,137429,137446,137409,137419,137423,137423,137433,137450,137423,137437
137491,137509,137521,137526,137501,137515,137525,137496,137505,137511,137511,137519,137526,137508,137511
137563,137600,137611,137622,137593,137606,137621,137587,137597,137600,137600,137609,137625,137600,137612
137669,137691,137704,137706,137682,137699,137705,137677,137686,137693,137695,137702,137708,137689,137695
137751,137784,137831,137840,137774,137791,137823,137768,137778,137795,137810,137817,137824,137781,137806
137871,137931,137956,137972,137961,137975,137985,137954,137970,,,137954,,137974,
138039,138107,138120,,138046,138108,138126,138063,138072,138079,138110,138118,138132,138075,138106
138148,138180,138202,138220,138210,138223,138233,138148,138155,138161,138192,138200,138273,138158,138188
138309,138348,138360,138378,138366,138376,138384,138358,138371,,,138358,,138375,
138414,138429,138441,138447,138447,138448,,138423,138431,138435,138435,138439,138450,138435,138443
138469,138516,138528,138545,138533,138541,138548,138511,138518,138522,138522,138526,138543,138522,138529
138582,138604,138616,138632,138708,,,138598,138605,138609,138609,138614,138631,138609,138617
138762,138776,138789,138794,138794,138794,,138762,138767,138771,138778,138786,138802,138769,138775
138815,138844,138853,138863,138881,,,138819,138827,138834,138843,138850,138855,138831,138840
138903,138947,138958,138974,138963,138978,138987,138942,138949,138953,138953,138956,138974,138953,138960
139038,139073,139083,139089,139044,139056,139086,139062,139071,139075,139075,139082,139088,139075,139085
139119,139137,139172,139182,139125,139142,139149,139118,139128,139135,139139,139146,139152,139131,139139
139203,139219,139230,139234,139209,139222,139231,139202,139217,139221,139221,139226,139234,139221,139230
139285,139303,139313,139318,139290,139307,139314,139298,139304,139307,139307,139310,139317,139307,139314
139363,139381,139394,139399,139369,139387,139396,139364,139372,139379,139382,139392,139399,139375,139382
139438,139457,139473,139476,139446,139465,139473,139440,139453,139460,139460,139469,139477,139456,139460
139496,139538,139549,139552,139531,139542,139549,139525,139536,139541,139541,139545,139552,139541,139549
139601,139625,139662,139667,139615,139631,139641,139610,139618,139624,139625,139633,139646,139620,139625
139692,139709,139727,139731,139700,139715,139728,139694,139704,139709,139709,139723,139732,139709,139727
139779,139796,139807,139810,139788,139801,139809,139782,139791,139797,139797,139805,139811,139794,139797
139865,139886,139920,139924,139878,139892,139907,139873,139882,139896,139899,139903,139910,139889,139899
139945,139974,139983,139995,139966,139979,139994,139959,139972,139977,139977,139982,139999,139977,139983
140014,140059,140092,140097,140050,140072,140081,140043,140056,140066,140070,140077,140083,140062,140070
140126,140143,140155,140158,140134,140149,140157,140128,140138,140142,140142,140153,140160,140141,140142
140209,140230,140251,140254,140222,140244,140253,140217,140226,140240,140242,140249,140256,140229,140235
140290,140316,140337,140339,140309,140320,140328,140303,140314,140319,140319,140323,140329,140319,140326
140381,140398,140412,140415,140390,140405,140414,140385,140394,140402,140402,140409,140415,140397,140402
140463,140480,140500,140506,140472,140487,140502,140467,140477,140483,140483,140492,140508,140480,140483
140546,140565,140586,140593,140557,140571,140589,140552,140562,140571,140571,140576,140595,140571,140579
140616,140652,140662,140674,140643,140657,140673,140637,140647,140650,140650,140660,140677,140649,140650
140710,140735,140768,140776,140729,140738,140771,140725,140732,140735,140735,140739,140775,140735,140741
140807,140836,140850,140854,140899,140913,140927,140890,140902,,,140890,,140903,
140972,141038,141050,,141059,,,140994,141008,141014,141040,141048,141064,141011,141036
141077,141116,141130,141148,141135,141149,141158,141127,141142,,,141127,,141148,
141210,141277,141291,141308,141296,141310,141320,141288,141305,,,141288,,141309,
141372,141439,141453,141473,141378,141446,141458,141394,141407,141413,141442,141450,141466,141410,141438
141503,141524,141537,141559,141542,141559,141567,141518,141526,141530,141530,141534,141554,141530,141538
141624,141674,141708,141726,141629,141644,141684,141646,141652,141657,141673,141680,141686,141654,141670
141760,141781,141793,141810,141798,141815,141824,141774,141782,141786,141786,141791,141803,141786,141794
141876,141894,141917,141925,141881,141898,141920,141888,141894,141897,141897,141902,141924,141897,141909
141957,141976,141990,141995,141963,141980,142008,141957,141965,141970,141975,142003,142010,141968,141975
142041,142074,142082,142088,142046,142077,142084,142041,142049,142054,142073,142080,142087,142051,142070
142122,142135,142180,142192,142127,142174,142187,142121,142130,142143,142170,142178,142193,142134,142163
142232,142252,142289,142277,142294,,,142244,142252,142260,142267,142273,142280,142256,142264
142317,142336,142382,142370,142388,,,142342,142349,142355,142360,142366,142373,142352,142360
142422,142461,142474,142492,142482,142492,142504,142456,142463,142467,142467,142471,142489,142467,142474
142532,142552,142564,142582,142569,142584,142594,142547,142554,142558,142558,142562,142580,142558,142565
142658,142706,142722,142728,142663,142679,142736,142682,142688,142695,142704,142733,142740,142692,142700
142750,142794,142806,142814,142755,142797,142817,142785,142792,142804,142813,142819,142827,142795,142809
142837,142871,142883,142897,142842,142876,142891,142863,142872,142876,142876,142880,142896,142876,142883
142923,142939,142977,142988,142927,142942,142951,142933,142939,142942,142942,142946,142956,142942,142950
143007,143023,143045,143051,143011,143028,143036,143006,143014,143020,143024,143032,143038,143016,143024
143069,143101,143110,143117,143090,143106,143114,143085,143093,143098,143101,143109,143118,143095,143101
143161,143175,143191,143193,143168,143185,143191,143162,143171,143178,143182,143188,143194,143174,143182
143233,143250,143259,143267,143244,143253,143261,143238,143249,143253,143253,143257,143265,143253,143260
143295,143330,143339,,143324,143334,143340,143319,143329,143337,143355,143362,143361,143333,143352
143365,143409,143417,143420,143404,143412,143450,143398,143406,143410,143410,143414,143437,143410,143417
143479,143528,143538,,143484,143531,143540,143536,143543,143547,143553,143562,143561,143545,143553
143565,143610,143657,143676,143664,,,143634,143637,,,143634,,143638,
143710,143739,143751,143757,143757,,,143711,143719,143726,143740,143749,143765,143722,143737
143777,143803,143820,143823,143823,,,143793,143798,143803,143803,143809,143813,143800,143803
143839,143898,143924,143942,143844,143918,143930,143864,143873,143879,143914,143922,143938,143876,143911
144011,144084,144098,144113,144016,144090,144105,144035,144043,144049,144086,144095,144110,144046,144083
144179,144226,144258,144264,144184,144252,144263,144202,144211,144218,144248,144256,144267,144215,144245
144342,144380,144393,144396,144347,144385,144394,144369,144377,144385,144385,144390,144397,144380,144385
144428,144445,144454,144461,144433,144449,144456,144441,144445,144449,144449,144452,144460,144449,144456
144515,144531,144569,144576,144521,144540,144546,144514,144525,144533,144536,144542,144549,144528,144536
144603,144616,144623,144628,144608,144619,144626,144603,144612,144615,144615,144621,144628,144615,144625
144693,144706,144737,144742,144699,144730,144753,144694,144703,144712,144742,144748,144755,144708,144738
144791,144807,144819,144824,144796,144811,144820,144803,144807,144811,144811,144815,144823,144811,144818
144886,144903,144914,144942,144984,,,144912,144919,,,144912,,144922,
145005,145027,145039,145042,145010,145031,145039,145005,145013,145019,145027,145035,145041,145016,145023
145070,145105,145161,145148,145167,,,145097,145104,145119,145139,145144,145151,145107,145136
145203,145238,145250,145256,145256,,,145216,145222,145233,145240,145248,145263,145225,145237
145276,145317,145338,145358,145432,,,145336,145343,,,145336,,145346,
145491,145507,145518,145536,145529,145532,145546,145501,145508,145512,145512,145516,145534,145512,145519
145557,145600,145612,145629,145617,145630,145634,145593,145601,145605,145605,145609,145624,145605,145613
145676,145691,145703,145725,145708,145728,145737,145685,145693,145697,145697,145701,145721,145697,145705
145769,145785,145797,145801,145801,145802,,145779,145787,145791,145791,145795,145803,145791,145798
145823,145880,145892,145896,145896,,,145874,145881,145885,145885,145890,145898,145885,145893
145918,145941,145958,145965,145923,145944,145948,145932,145939,145942,145942,145945,145950,145942,145948
145986,146068,146080,146085,145991,146068,146084,146062,146070,146074,146074,146078,146087,146074,146081
146114,146161,146173,146179,146179,146178,146178,146156,146163,146167,146167,146171,146186,146167,146174
146215,146250,146262,146284,146268,146277,146286,146243,146251,146256,146256,146260,146273,146256,146263
146312,146336,146348,146353,146353,146358,146361,146312,146325,146330,146338,146347,146357,146328,146335
146385,146406,146437,146441,146441,146441,146449,146386,146394,146400,146427,146435,146444,146397,146424
146474,146500,146527,146545,146621,146621,146636,146475,146482,146489,146517,146525,146606,146485,146514
146701,146721,146746,146754,146706,146740,146749,146716,146723,146730,146737,146744,146752,146727,146734
146792,146812,146823,146828,146797,146816,146824,146806,146812,146816,146816,146820,146826,146816,146823
146883,146900,146912,146919,146888,146906,146914,146882,146891,146900,146902,146910,146916,146895,146902
146973,146992,147000,147004,146978,146994,147001,146997,147003,,,146997,,147005,
147058,147074,147092,147104,147063,147078,147086,147057,147072,147077,147077,147081,147088,147077,147084
147142,147161,147171,147176,147147,147165,147172,147155,147160,147164,147164,147168,147175,147164,147172
147197,147210,147223,147241,147227,147237,147246,147205,147213,147218,147218,147222,147231,147218,147225
147262,147292,147303,147321,147308,147312,147331,147262,147268,147273,147294,147302,147320,147271,147291
147341,147370,147382,147399,147386,147389,147408,147341,147349,147355,147372,147380,147399,147352,147369
147417,147445,147457,147474,147462,147465,147484,147418,147427,147437,147447,147455,147465,147431,147444
147493,147517,147529,147546,147533,147536,147555,147510,147518,147522,147522,147526,147545,147522,147530
147562,147590,147603,147615,147607,147628,147636,147564,147570,147576,147592,147600,147612,147573,147589
147679,147697,147708,147716,147684,147701,147710,147690,147696,147701,147701,147706,147713,147701,147709
147761,147777,147812,147818,147765,147780,147788,147771,147776,147780,147780,147783,147792,147780,147786
147844,147860,147887,147896,147851,147864,147878,147843,147859,147862,147862,147867,147895,147862,147869
147928,147942,147955,147964,147933,147946,147958,147927,147938,147945,147945,147950,147962,147945,147952
148006,148030,148038,148042,148010,148034,148040,148023,148029,148033,148033,148036,148043,148033,148040
148082,148099,148120,148126,148089,148113,148121,148083,148092,148098,148111,148117,148124,148094,148108
148157,148175,148195,148185,148165,148178,148184,148159,148174,148177,148177,148181,148187,148177,148184
148223,148255,148265,148268,148243,148260,148267,148238,148246,148251,148256,148263,148272,148248,148256
148306,148327,148335,148345,148314,148331,148344,148319,148326,148329,148329,148333,148367,148329,148335
148384,148406,148416,148419,148393,148411,148418,148387,148396,148400,148406,148414,148420,148398,148403
148468,148486,148497,148500,148477,148492,148499,148471,148481,148486,148486,148495,148503,148484,148486
148552,148571,148580,148582,148564,148574,148581,148558,148569,148573,148573,148577,148584,148573,148580
148636,148661,148677,148680,148650,148665,148677,148645,148659,148669,148669,148673,148681,148663,148669
148713,148751,148760,148771,148742,148755,148770,148737,148747,148752,148752,148758,148776,148752,148761
148803,148843,148866,148870,148835,148849,148867,148829,148839,148844,148844,148853,148872,148843,148844
148893,148933,148949,148952,148922,148942,148951,148916,148925,148932,148934,148947,148955,148928,148934
148991,149015,149030,149038,149003,149020,149033,148997,149005,149007,149014,149029,149038,149006,149011
149061,149096,149121,149124,149088,149101,149110,149082,149095,149100,149100,149105,149111,149100,149107
149144,149185,149194,149197,149176,149189,149196,149171,149180,149188,149188,149192,149197,149188,149194
149237,149265,149279,149289,149337,149342,149349,149255,149262,149268,149270,149278,149341,149265,149270
149400,149428,149462,149468,149419,149434,149446,149413,149426,149432,149432,149441,149449,149432,149446
149510,149542,149549,149556,149612,149618,149640,149588,149596,149600,149600,149604,149624,149600,149607
149678,149691,149704,149708,149708,149728,149736,149685,149693,149697,149697,149701,149724,149697,149704
149769,149790,149803,149863,149904,149914,149928,149800,149809,,,149800,,149811,
149993,150070,150083,150102,150088,150104,150112,150065,150072,150076,150076,150080,150100,150076,150084
150170,150238,150251,150268,150175,150244,150257,150194,150203,150210,150240,150248,150264,150207,150237
150295,150316,150328,150345,150333,150348,150357,150311,150318,150322,150322,150326,150398,150322,150330
150447,150476,150486,150504,150491,150507,150514,150485,150493,,,150485,,150496,
150564,150582,150615,150620,150568,150585,150592,150576,150581,150585,150585,150588,150595,150585,150592
150642,150662,150672,150675,150647,150722,150731,150642,150650,150657,150719,150727,150735,150653,150716
150820,150840,150862,150867,150824,150857,150864,150832,150838,150845,150853,150860,150867,150841,150850
150911,150930,150957,150960,150916,150952,150959,150923,150928,150934,150949,150955,150961,150931,150937
151003,151025,151047,151054,151009,151039,151049,151018,151024,151031,151036,151045,151053,151027,151033
151094,151118,151150,151155,151100,151134,151143,151094,151102,151108,151130,151138,151144,151105,151111
151183,151205,151225,151234,151188,151218,151228,151198,151203,151208,151214,151223,151232,151206,151214
151267,151298,151309,151319,151271,151302,151314,151279,151284,151290,151298,151306,151319,151287,151294
151350,151373,151400,151407,151438,,,151432,151440,,,151413,,151443,
151483,151497,151516,151535,151602,,,151486,151495,151500,151506,151514,151522,151498,151506
151631,151646,151683,151701,151688,151690,151710,151638,151645,151652,151674,151682,151690,151648,151670
151724,151761,151772,151790,151776,151791,151800,151771,151778,,,151771,,151781,
151830,151845,151857,151862,151862,151863,,151839,151846,151850,151850,151854,151863,151850,151858
151884,151928,151939,151961,152029,,,151938,151946,,,151938,,151948,
152050,152074,152109,152096,152114,,,152050,152056,152063,152073,152093,152100,152059,152068
152136,152179,152191,152196,152196,,,152173,152181,152185,152185,152189,152205,152185,152192
152217,152258,152271,152276,152276,,,152218,152226,152233,152260,152268,152277,152229,152257
152297,152336,152349,152354,152354,,,152297,152308,152310,152338,152347,152356,152309,152335
152382,152416,152428,152447,152433,152449,152467,152426,152442,,,152426,,152446,
152507,152570,152583,152588,152588,,,152529,152537,152543,152572,152580,152597,152540,152569
152623,152647,152660,152690,152745,152752,152770,152642,152649,152654,152654,152658,152730,152654,152661
152822,152888,152901,152919,152827,152894,152905,152843,152850,152856,152890,152899,152914,152852,152887
153090,153133,153145,153162,153150,153164,153181,153143,153159,,,153143,,153163,
153223,153286,153299,153316,153304,153369,153380,153247,153254,153258,153288,153297,153366,153256,153285
153452,153469,153478,153484,153457,153472,153479,153460,153467,153471,153471,153475,153482,153471,153478
153527,153589,153603,153622,153532,153596,153606,153551,153560,153566,153593,153601,153609,153563,153590
153682,153734,153762,153747,153687,153739,153747,153706,153714,153720,153733,153744,153752,153717,153730
153792,153828,153840,153856,153844,153847,153859,153823,153830,153834,153834,153838,153855,153834,153841
153879,153906,153917,153936,153921,153940,153949,153889,153895,153900,153907,153916,153925,153898,153904
154042,154065,154077,154093,154082,154097,154107,154076,154084,,,154076,,154086,
154196,154226,154238,154257,154243,154260,154267,154221,154228,154232,154232,154236,154246,154232,154240
154324,154395,154407,154424,154329,154401,154416,154389,154397,154401,154401,154405,154423,154401,154408
154490,154537,154572,154592,154494,154566,154576,154515,154524,154530,154562,154570,154578,154528,154559
154658,154730,154743,154762,154748,154763,154771,154681,154689,154696,154732,154741,154815,154692,154729
154856,154899,154912,154916,154916,,,154869,154876,154882,154901,154909,154918,154879,154898
154940,154986,154999,155017,155004,155019,155026,154980,154988,154992,154992,154996,155015,154992,155000
155085,155157,155169,,155174,,,155151,155159,155163,155163,155167,155176,155163,155171
155196,155219,155237,155244,155261,,,155196,155203,155209,155215,155238,155246,155206,155212
155283,155335,155347,155365,155352,155368,155375,155329,155337,155341,155341,155345,155364,155341,155348
155434,155505,155518,155535,155439,155512,155522,155458,155464,155468,155508,155516,155528,155466,155505
155605,155624,155692,155708,155610,155674,155696,155690,155698,,,155676,,155699,
155750,155763,155776,155791,155780,155788,155795,155758,155765,155769,155769,155773,155791,155769,155776
155811,155846,155859,155872,155865,155884,155892,155813,155820,155824,155848,155858,155869,155822,155845
155946,155959,155998,156009,155952,155969,156004,155946,155956,155963,155966,155997,156007,155959,155966
156045,156064,156088,156093,156050,156081,156089,156044,156053,156064,156079,156085,156092,156057,156076
156141,156159,156165,156171,156237,,,156164,156170,,,156164,,156173,
156265,156301,156324,156329,156329,156329,156338,156265,156272,156276,156314,156322,156333,156274,156311
156366,156394,156416,156435,156420,156437,156445,156379,156385,156388,156407,156415,156435,156387,156404
156502,156518,156547,156559,156589,,,156583,156592,,,156567,,156594,
156623,156679,156711,156686,156673,156682,156686,156668,156676,156679,156679,156683,156688,156679,156685
156744,156768,156799,156803,156762,156782,156787,156758,156766,156772,156778,156784,156790,156769,156775
156832,156858,156886,156889,156850,156881,156888,156845,156854,156863,156878,156884,156889,156859,156866
156926,156946,156989,156996,156937,156951,156960,156927,156945,156950,156950,156955,156962,156950,156958
157017,157039,157048,157051,157032,157043,157050,157027,157037,157041,157041,157046,157052,157041,157049
157095,157133,157146,157149,157125,157140,157148,157120,157129,157135,157135,157144,157150,157131,157135
157190,157224,157244,157249,157217,157227,157246,157212,157222,157230,157236,157242,157249,157226,157233
157299,157322,157360,157364,157401,,,157302,157310,157316,157321,157369,157375,157312,157318
157423,157443,157452,157461,157470,,,157467,157475,,,157451,,157479,
157486,157556,157571,157587,157576,,,157508,157521,157528,157560,157568,157584,157525,157557
157618,157631,157655,157674,157660,157672,157678,157620,157628,157638,157645,157653,157675,157635,157642
157704,157732,157744,157760,157748,157756,157765,157725,157733,157737,157737,157741,157760,157737,157745
157786,157817,157828,157845,157834,157848,157858,157810,157818,157822,157822,157826,157842,157822,157830
157911,157931,157955,157960,157916,157949,157957,157927,157931,157938,157945,157953,157960,157935,157942
157994,158008,158034,158056,157999,158017,158025,157993,158002,158010,158014,158021,158027,158006,158014
158083,158101,158111,158117,158088,158105,158113,158094,158100,158105,158105,158109,158115,158105,158112
158171,158191,158212,158215,158176,158206,158214,158183,158189,158195,158202,158210,158217,158192,158199
158257,158277,158289,158291,158262,158283,158290,158271,158277,158282,158282,158285,158293,158282,158289
158343,158359,158375,158381,158349,158369,158377,158343,158352,158361,158365,158373,158380,158355,158365
158430,158443,158461,158466,158436,158453,158463,158431,158439,158447,158450,158458,158466,158442,158450
158499,158525,158541,158545,158518,158536,158544,158513,158521,158528,158533,158540,158547,158524,158530
158578,158606,158621,158625,158598,158612,158624,158592,158602,158614,158614,158619,158627,158607,158614
158666,158690,158700,158703,158680,158694,158702,158674,158689,158694,158694,158698,158704,158694,158701
158743,158775,158794,158799,158767,158781,158796,158761,158771,158785,158788,158792,158800,158779,158788
158841,158861,158873,158884,158852,158867,158883,158846,158858,158864,158864,158871,158889,158864,158873
158913,158948,158969,158971,158941,158953,158970,158936,158945,158954,158958,158964,158972,158949,158958
159019,159038,159053,159057,159029,159044,159054,159023,159034,159038,159038,159049,159059,159037,159038
159091,159126,159140,159144,159119,159133,159143,159114,159122,159129,159129,159138,159146,159126,159129
159194,159212,159224,159228,159203,159217,159227,159197,159209,159217,159217,159222,159230,159217,159225
159268,159299,159314,159319,159291,159304,159318,159285,159296,159307,159307,159313,159321,159300,159307
159369,159389,159425,159432,159381,159393,159404,159375,159386,159391,159391,159398,159408,159391,159403
159462,159479,159490,159499,159472,159484,159498,159465,159477,159482,159482,159487,159504,159482,159490
159535,159569,159577,159589,159562,159573,159588,159556,159567,159571,159571,159576,159592,159571,159578
159623,159658,159678,159682,159651,159663,159679,159645,159656,159661,159661,159666,159683,159661,159668
159702,159744,159754,159768,159736,159749,159767,159730,159742,159752,159757,159762,159768,159747,159754
159788,159829,159850,159853,159821,159841,159851,159815,159825,159836,159839,159846,159853,159831,159839
159891,159918,159942,159946,159908,159927,159943,159903,159911,159916,159920,159938,159946,159913,159920
159993,160020,160048,160050,160013,160030,160048,160006,160018,160026,160026,160034,160052,160021,160026
160092,160130,160143,160146,160122,160138,160145,160117,160125,160131,160134,160141,160147,160128,160134
160212,160238,160250,160254,160229,160244,160253,160224,160234,160243,160243,160248,160257,160243,160253
160312,160340,160356,160358,160333,160350,160357,160328,160336,160344,160348,160354,160360,160340,160348
160390,160431,160450,160457,160425,160433,160437,160420,160428,160431,160431,160434,160440,160431,160437
160477,160511,160532,160539,160504,160521,160534,160500,160507,160512,160517,160526,160536,160510,160514
160576,160596,160607,160614,160582,160650,160667,160654,160661,,,160654,,160663,
160737,160821,160941,160964,161058,,,160832,160841,160845,160930,160939,160948,160843,160927
161119,161141,161154,161161,161161,,,161135,161142,161146,161146,161151,161169,161146,161154
161181,161233,161245,,161254,,,161227,161235,161239,161239,161243,161260,161239,161246
161273,161317,161331,161349,161341,161351,161358,161273,161287,161295,161320,161328,161403,161291,161317
161439,161485,161499,161566,161595,,,161480,161487,161491,161491,161496,161503,161491,161499
161646,161677,161689,161694,161694,,,161671,161679,161683,161683,161687,161696,161683,161691
161718,161748,161789,161775,161796,,,161741,161747,161754,161761,161772,161780,161751,161757
161819,161839,161884,161870,161891,,,161867,161875,,,161867,,161879,
161912,161961,161973,161977,161984,,,161955,161962,161966,161966,161970,161977,161966,161973
162005,162042,162054,162061,162061,,,162036,162043,162047,162047,162051,162069,162047,162055
162082,162118,162131,162148,162135,162152,162159,162087,162099,162106,162121,162129,162147,162103,162118
162209,162227,162258,162261,162214,162234,162244,162221,162223,162225,162229,162238,162249,162224,162229
162296,162319,162342,162346,162302,162337,162344,162296,162305,162313,162319,162340,162347,162309,162316
162394,162408,162429,162431,162401,162421,162429,162396,162405,162413,162418,162425,162433,162409,162415
162493,162518,162536,162539,162510,162522,162526,162504,162515,162520,162520,162524,162528,162520,162526
162563,162618,162634,162636,162612,162624,162635,162606,162616,162620,162620,162631,162639,162620,162636
162691,162716,162748,162752,162705,162725,162750,162700,162708,162715,162718,162745,162752,162710,162718
162786,162802,162828,162819,162792,162808,162818,162787,162795,162800,162804,162813,162821,162797,162804
162843,162882,162896,162898,162874,162892,162898,162869,162877,162884,162887,162894,162901,162880,162887
162947,162964,162981,162983,162956,162968,162981,162947,162962,162966,162966,162972,162985,162966,162974
163031,163050,163060,163064,163040,163055,163063,163034,163050,163054,163054,163058,163064,163054,163061
163110,163144,163165,163168,163137,163148,163155,163131,163143,163147,163147,163151,163156,163147,163154
163213,163240,163250,163260,163230,163245,163259,163225,163240,163244,163244,163248,163264,163244,163251
163317,163332,163350,163353,163325,163336,163340,163320,163328,163332,163332,163337,163342,163332,163339
163370,163415,163433,163437,163409,163417,163434,163405,163412,163415,163415,163418,163423,163415,163420
163468,163494,163512,163515,163488,163497,163513,163483,163491,163494,163494,163498,163518,163494,163499
163539,163574,163594,163600,163569,163588,163596,163565,163572,163578,163585,163592,163599,163575,163582
163682,163733,163744,163753,163748,163755,163761,163727,163734,163738,163738,163742,163752,163738,163746
163807,163823,163845,163862,163850,163865,163881,163807,163814,163817,163835,163843,163852,163815,163832
163915,163936,163948,163965,163953,163967,163974,163929,163937,163942,163942,163946,163964,163942,163949
164012,164037,164047,164065,164053,164095,164107,164045,164053,,,164045,,164054,
164142,164159,164171,164177,164152,164163,164173,164141,164158,164162,164162,164167,164176,164162,164171
164229,164247,164259,164269,164237,164250,164264,164228,164245,164255,164255,164259,164268,164249,164255
164310,164327,164341,164351,164315,164331,164346,164319,164326,164330,164330,164334,164351,164330,164337
164387,164405,164416,164419,164391,164408,164416,164397,164404,164408,164408,164412,164419,164408,164415
164462,164476,164490,164494,164468,164484,164493,164462,164470,164476,164480,164488,164495,164473,164480
164539,164557,164567,164570,164549,164562,164569,164543,164555,164561,164561,164565,164571,164561,164567
164610,164643,164677,164684,164637,164647,164680,164632,164640,164649,164668,164675,164684,164644,164665
164724,164740,164756,164761,164734,164746,164757,164729,164738,164746,164746,164753,164761,164741,164746
164825,164842,164857,164860,164831,164848,164858,164825,164834,164836,164842,164852,164861,164835,164842
164915,164932,164945,164950,164921,164937,164946,164914,164931,164936,164936,164941,164948,164936,164945
164997,165014,165034,165047,165003,165019,165040,164997,165006,165010,165013,165034,165046,165007,165013
165075,165095,165115,165122,165079,165099,165119,165075,165081,165087,165093,165114,165122,165084,165090
165151,165170,165182,165185,165158,165176,165184,165152,165161,165166,165171,165180,165186,165163,165171
165221,165247,165280,165286,165237,165262,165283,165232,165240,165254,165259,165278,165284,165243,165256
165324,165342,165356,165361,165329,165351,165357,165335,165339,165346,165349,165354,165360,165342,165349
165389,165422,165435,165454,165550,,,165432,165451,,,165432,,165456,
165617,165631,165645,165652,165652,,,165626,165634,165638,165638,165642,165658,165638,165645
165671,165726,165738,,165748,,,165720,165728,165732,165732,165736,165753,165732,165739
165765,165812,165825,165843,165830,165844,165852,165822,165838,,,165822,,165843,
165909,165953,165988,166006,165913,165982,165992,165932,165941,165944,165978,165987,165994,165942,165975
166065,166082,166092,166101,166070,166086,166095,166073,166080,166084,166084,166090,166098,166084,166094
166137,166154,166165,166173,166144,166157,166168,166136,166151,166155,166155,166163,166172,166155,166168
166207,166224,166235,166245,166212,166229,166239,166206,166221,166227,166227,166235,166243,166225,166227
166273,166289,166305,166311,166280,166293,166307,166272,166287,166291,166291,166296,166312,166291,166298
166341,166357,166368,166380,166346,166360,166375,166350,166355,166359,166359,166363,166380,166359,166366
166410,166424,166436,166445,166415,166429,166439,166409,166424,166429,166429,166433,166444,166429,166438
166479,166494,166510,166521,166486,166498,166514,166479,166492,166497,166497,166502,166519,166497,166504
166551,166566,166576,166591,166556,166569,166578,166559,166565,166569,166569,166573,166580,166569,166576
166623,166638,166651,166659,166628,166644,166653,166622,166631,166635,166639,166648,166656,166633,166639
166697,166714,166725,166731,166703,166718,166726,166709,166714,166718,166718,166722,166729,166718,166725
166769,166784,166797,166804,166775,166790,166800,166769,166779,166787,166787,166795,166803,166785,166787
166838,166851,166879,166884,166843,166860,166867,166838,166846,166852,166857,166863,166870,166849,166854
166904,166920,166943,166934,166909,166925,166933,166904,166911,166914,166920,166928,166935,166913,166917
166954,166988,166998,,166976,166993,167001,166970,166978,166982,166988,167025,167024,166980,166985
167028,167049,167064,167067,167042,167058,167066,167037,167045,167051,167055,167062,167068,167048,167055
167092,167114,167134,167137,167107,167119,167135,167103,167112,167122,167126,167131,167138,167116,167126
167163,167181,167192,167201,167173,167186,167200,167167,167179,167184,167184,167190,167205,167184,167191
167217,167250,167265,167269,167243,167259,167268,167237,167247,167255,167256,167264,167275,167250,167256
167306,167322,167337,167340,167312,167326,167339,167306,167320,167328,167330,167336,167343,167324,167330
167362,167392,167409,167414,167384,167396,167411,167377,167389,167398,167400,167407,167415,167393,167400
167445,167466,167486,167491,167457,167470,167477,167446,167465,167470,167470,167473,167479,167470,167476
167516,167549,167555,167557,167543,167552,167557,167538,167546,167550,167550,167553,167560,167550,167556
167590,167630,167646,167649,167623,167632,167648,167619,167627,167630,167630,167633,167653,167630,167635
167685,167710,167729,167733,167704,167724,167730,167699,167708,167715,167721,167727,167734,167712,167718
167764,167794,167813,167817,167788,167797,167815,167783,167792,167799,167804,167811,167817,167795,167804
167850,167882,167896,167899,167876,167886,167898,167871,167879,167888,167888,167894,167901,167882,167888
167930,167969,167980,167995,167958,167974,167994,167953,167960,167964,167969,167978,167999,167962,167966
168030,168044,168063,168068,168037,168053,168081,168032,168039,168046,168049,168056,168070,168042,168049
168105,168121,168140,168144,168114,168132,168141,168107,168119,168127,168130,168137,168145,168123,168130
168171,168197,168210,168216,168190,168204,168212,168185,168193,168199,168200,168208,168216,168196,168200
168242,168270,168286,168292,168263,168279,168290,168258,168268,168277,168277,168285,168295,168272,168277
168316,168344,168361,168365,168337,168348,168362,168330,168342,168346,168346,168351,168367,168346,168353
168394,168418,168428,168433,168410,168422,168432,168405,168416,168421,168421,168426,168434,168421,168429
168475,168498,168514,168517,168491,168504,168514,168485,168496,168502,168502,168509,168517,168502,168513
168553,168582,168598,168615,168574,168588,168603,168566,168581,168588,168588,168594,168607,168588,168602
168647,168667,168683,168690,168660,168674,168685,168654,168664,168671,168671,168680,168689,168668,168671
168738,168755,168789,168792,168747,168762,168775,168742,168751,168759,168759,168767,168779,168754,168759
168824,168843,168858,168863,168835,168850,168862,168830,168839,168848,168848,168856,168866,168843,168848
168893,168930,168947,168949,168923,168940,168948,168917,168926,168935,168938,168945,168952,168930,168938
168994,169017,169033,169043,169010,169026,169042,169004,169013,169023,169023,169031,169047,169017,169023
169093,169111,169127,169133,169103,169118,169132,169097,169106,169116,169116,169125,169136,169110,169116
169191,169210,169225,169232,169202,169216,169231,169196,169206,169210,169210,169222,169236,169210,169229
169282,169305,169319,169326,169297,169312,169325,169292,169301,169310,169310,169318,169331,169305,169310
169384,169405,169422,169426,169396,169412,169425,169391,169400,169414,169414,169420,169428,169404,169414
169479,169508,169524,169534,169499,169517,169533,169493,169503,169507,169507,169523,169536,169507,169533
169591,169610,169625,169633,169601,169618,169632,169595,169605,169614,169614,169623,169637,169609,169614
169689,169709,169731,169736,169700,169720,169735,169694,169704,169717,169717,169729,169738,169708,169717
169779,169810,169828,169839,169800,169822,169838,169794,169805,169816,169817,169827,169838,169809,169817
169873,169906,169921,169936,169897,169915,169935,169891,169902,169905,169905,169920,169938,169905,169924
169971,169996,170016,,169986,170009,170044,169980,169991,170003,170003,170014,170023,169995,170003
170060,170088,170107,170115,170077,170100,170114,170071,170082,170093,170094,170106,170115,170086,170094
170151,170183,170198,170215,170171,170192,170214,170164,170175,170185,170185,170197,170219,170179,170185
170239,170279,170296,170300,170264,170289,170299,170260,170268,170274,170280,170294,170301,170271,170277
170349,170372,170394,170398,170356,170387,170395,170365,170372,170379,170384,170391,170398,170375,170381
170446,170465,170475,170500,170453,170470,170500,170445,170458,170463,170464,170495,170502,170460,170464
170543,170562,170582,170587,170551,170576,170586,170544,170560,170568,170572,170581,170590,170564,170572
170617,170653,170672,,170642,170666,170686,170637,170645,170652,170653,170707,170706,170648,170653
170710,170743,170757,170778,170731,170752,170777,170725,170735,170742,170744,170756,170782,170737,170744
170810,170838,170857,170862,170822,170849,170861,170816,170826,170835,170838,170855,170864,170829,170838
170892,170934,170955,170961,170922,170943,170960,170916,170926,170933,170937,170954,170963,170929,170937
170989,171028,171077,171082,171014,171043,171063,171010,171017,171021,171027,171047,171068,171019,171024
171111,171128,171161,171163,171116,171142,171161,171122,171125,171132,171138,171146,171165,171129,171135
171217,171233,171248,171250,171223,171243,171249,171216,171228,171234,171239,171246,171251,171231,171239
171310,171328,171352,171357,171318,171339,171356,171311,171327,171337,171337,171342,171358,171337,171343
171382,171424,171443,,171413,171438,171459,171407,171417,171442,171456,171470,171475,171419,171453
171481,171526,171541,171554,171515,171535,171553,171509,171520,171539,171543,171548,171556,171522,171527
171580,171617,171631,171647,171607,171626,171646,171601,171611,171620,171620,171630,171650,171614,171620
171671,171710,171723,171726,171697,171717,171725,171691,171701,171706,171710,171721,171727,171703,171710
171765,171814,171835,,171803,171826,171842,171798,171813,171820,171825,171834,171846,171817,171825
171861,171898,171911,171922,171885,171903,171915,171868,171875,171881,171899,171907,171919,171878,171896
171944,172001,172015,172020,171997,172007,172019,171964,171972,171982,172002,172011,172025,171975,171998
172051,172112,172124,172142,172129,172151,172163,172082,172089,172093,172114,172122,172132,172091,172110
172228,172243,172264,172270,172235,172255,172269,172229,172239,172241,172244,172262,172272,172240,172244
172296,172353,172372,172377,172341,172365,172376,172335,172344,172347,172353,172370,172377,172346,172350
172408,172463,172485,172490,172454,172475,172489,172449,172458,172475,172475,172483,172492,172461,172475
172520,172572,172595,172599,172562,172583,172598,172555,172567,172576,172576,172593,172601,172570,172576
172640,172682,172700,172713,172672,172693,172712,172665,172676,172686,172686,172699,172715,172680,172686
172747,172797,172817,172823,172787,172809,172822,172781,172792,172807,172807,172815,172823,172795,172807
172862,172902,172918,172932,172892,172913,172931,172886,172896,172905,172907,172917,172937,172900,172907
172969,173017,173039,173048,173007,173032,173047,173001,173013,173025,173025,173038,173053,173017,173025
173076,173131,173151,173161,173123,173135,173160,173116,173128,173131,173131,173136,173141,173131,173138
173195,173244,173267,173273,173234,173247,173272,173228,173239,173243,173243,173248,173255,173243,173251
173308,173365,173386,173395,173355,173368,173394,173349,173359,173363,173363,173369,173373,173363,173370
173426,173475,173494,173504,173465,173487,173503,173459,173470,173479,173482,173492,173508,173474,173482
173550,173591,173614,173621,173581,173605,173620,173575,173586,173596,173599,173613,173624,173590,173599
173662,173713,173734,173741,173704,173726,173740,173698,173709,173720,173722,173732,173745,173713,173722
173792,173825,173845,173856,173815,173839,173855,173809,173820,173830,173834,173844,173860,173824,173834
173909,173952,173973,173983,173942,173965,173982,173936,173947,173957,173961,173972,173985,173951,173961
174020,174071,174092,174098,174062,174084,174097,174056,174066,174078,174078,174091,174101,174071,174078
174146,174189,174209,174219,174178,174201,174218,174172,174183,174194,174195,174208,174222,174187,174195
174259,174312,174331,174342,174302,174324,174341,174296,174307,174319,174319,174330,174346,174311,174319
174391,174426,174447,174457,174415,174439,174456,174409,174420,174430,174434,174445,174460,174424,174434
174521,174547,174569,174578,174537,174561,174577,174531,174542,174552,174557,174567,174580,174547,174554
174619,174665,174688,174694,174656,174678,174693,174650,174661,174672,174672,174686,174697,174665,174672
174752,174775,174797,174804,174765,174788,174803,174758,174769,174779,174783,174796,174806,174773,174783
174847,174894,174914,174928,174883,174907,174927,174877,174888,174899,174899,174913,174931,174891,174899
174965,175012,175032,175040,175002,175024,175039,174996,175007,175017,175019,175030,175044,175010,175019
175094,175133,175158,175162,175123,175146,175161,175116,175127,175139,175139,175156,175165,175132,175139
175233,175255,175276,175285,175245,175267,175284,175239,175249,175261,175261,175274,175288,175253,175261
175337,175374,175395,175401,175364,175385,175400,175358,175369,175380,175380,175394,175404,175372,175380
175446,175484,175507,175512,175473,175497,175511,175467,175478,175490,175490,175505,175514,175482,175490
175563,175598,175620,175630,175588,175611,175629,175582,175592,175604,175604,175619,175631,175596,175604
175679,175715,175735,175742,175705,175728,175741,175699,175710,175722,175723,175733,175745,175715,175723
175790,175828,175850,175857,175817,175842,175856,175811,175822,175835,175835,175848,175862,175826,175835
175915,175946,175966,175978,175936,175959,175977,175929,175941,175953,175953,175966,175982,175945,175953
176022,176061,176083,176089,176051,176074,176088,176045,176056,176070,176070,176081,176091,176061,176070
176139,176174,176195,176206,176164,176188,176205,176158,176169,176179,176184,176193,176209,176173,176184
176267,176297,176317,176329,176288,176310,176328,176281,176292,176303,176304,176316,176334,176296,176304
176369,176415,176436,176444,176406,176427,176443,176400,176410,176423,176423,176434,176450,176414,176423
176493,176530,176551,176562,176520,176544,176561,176514,176525,176538,176538,176550,176565,176529,176538
176602,176649,176670,176681,176639,176662,176680,176633,176644,176658,176658,176669,176684,176648,176658
176726,176764,176784,176791,176754,176775,176790,176748,176759,176771,176771,176783,176793,176763,176771
176849,176878,176899,176910,176868,176891,176909,176862,176873,176884,176884,176898,176914,176876,176884
176967,177000,177022,177029,176990,177013,177028,176983,176994,177006,177006,177021,177032,176998,177006
177078,177113,177133,177141,177102,177124,177140,177096,177107,177121,177121,177131,177143,177112,177121
177198,177231,177252,177264,177220,177244,177263,177214,177225,177237,177237,177251,177268,177229,177237
177313,177354,177376,177382,177343,177367,177381,177337,177348,177360,177360,177374,177383,177352,177360
177427,177469,177490,177496,177459,177480,177495,177453,177464,177476,177476,177488,177498,177468,177476
177550,177581,177603,177611,177571,177595,177610,177565,177576,177588,177588,177602,177614,177580,177588
177665,177699,177719,177730,177689,177711,177729,177683,177693,177705,177705,177719,177733,177697,177705
177774,177814,177834,177842,177805,177826,177841,177799,177809,177820,177821,177832,177845,177813,177821
177894,177925,177947,177955,177915,177939,177954,177909,177920,177931,177934,177946,177955,177924,177934
178013,178046,178066,178078,178037,178059,178077,178031,178041,178054,178054,178065,178081,178046,178054
178124,178164,178187,178193,178155,178177,178192,178149,178159,178171,178171,178185,178196,178163,178171
178237,178274,178297,178302,178264,178288,178301,178258,178269,178284,178284,178295,178304,178273,178284
178360,178388,178411,178417,178378,178403,178416,178372,178382,178396,178396,178410,178420,178386,178396
178481,178515,178536,178547,178505,178529,178546,178499,178510,178522,178526,178535,178552,178515,178526
178587,178636,178656,178665,178626,178648,178664,178620,178631,178643,178643,178654,178670,178635,178643
178718,178754,178775,178786,178744,178767,178785,178738,178748,178760,178760,178774,178788,178752,178760
178835,178875,178897,178907,178866,178889,178906,178860,178871,178881,178885,178896,178910,178875,178885
178951,178996,179016,179026,178987,179009,179025,178981,178992,179003,179005,179014,179030,178996,179005
179079,179114,179138,179144,179104,179127,179143,179098,179108,179120,179120,179136,179146,179112,179120
179217,179238,179261,179269,179229,179252,179268,179223,179233,179245,179245,179259,179272,179237,179245
179312,179351,179373,179381,179342,179364,179380,179336,179346,179360,179360,179371,179383,179349,179360
179431,179464,179487,179494,179454,179478,179493,179449,179458,179471,179471,179485,179496,179462,179471
179569,179591,179614,179620,179581,179605,179619,179575,179585,179601,179601,179612,179621,179588,179601
179678,179708,179728,179736,179698,179721,179735,179692,179703,179715,179717,179727,179739,179707,179717
179789,179821,179843,179850,179811,179835,179849,179805,179816,179826,179830,179842,179852,179820,179830
179920,179942,179963,179974,179932,179955,179973,179926,179936,179948,179951,179962,179980,179941,179951
180019,180057,180078,180085,180047,180070,180084,180041,180051,180063,180063,180076,180087,180055,180063
180143,180165,180183,180194,180155,180177,180193,180148,180159,180169,180172,180181,180197,180163,180172
180238,180261,180280,180289,180248,180273,180288,180242,180252,180263,180267,180279,180292,180255,180267
180323,180348,180365,180376,180334,180358,180375,180328,180338,180348,180348,180364,180380,180341,180348
180432,180454,180476,180490,180444,180468,180489,180438,180448,180466,180466,180474,180495,180452,180466
180527,180570,180587,180594,180561,180579,180593,180554,180565,180575,180575,180585,180595,180569,180575
180647,180684,180702,180715,180675,180695,180714,180669,180679,180687,180691,180700,180733,180682,180691
180780,180810,180829,180835,180798,180822,180834,180792,180802,180810,180812,180828,180837,180805,180812
180874,180926,180947,180951,180916,180939,180950,180910,180921,180933,180935,180945,180953,180925,180935
181010,181046,181064,181068,181032,181057,181067,181026,181036,181042,181045,181062,181070,181038,181045
181126,181169,181189,181193,181157,181182,181192,181151,181160,181168,181171,181187,181194,181163,181171
181241,181283,181300,181309,181271,181292,181308,181265,181277,181286,181286,181298,181314,181280,181286
181360,181394,181413,181424,181383,181407,181423,181376,181388,181397,181402,181412,181427,181392,181402
181466,181510,181532,181539,181500,181523,181538,181493,181504,181513,181517,181530,181541,181508,181517
181585,181623,181643,181649,181613,181635,181648,181607,181617,181627,181629,181641,181652,181621,181629
181698,181738,181762,181774,181728,181753,181773,181722,181732,181741,181745,181760,181778,181736,181745
181817,181862,181885,181894,181853,181877,181893,181847,181857,181868,181872,181883,181902,181861,181872
181938,181980,182000,182007,181971,181992,182006,181965,181976,181988,181988,181999,182010,181980,181988
182058,182091,182112,182123,182081,182105,182122,182075,182085,182095,182100,182111,182127,182089,182100
182183,182215,182235,182251,182206,182228,182250,182199,182210,182221,182223,182234,182253,182214,182223
182285,182332,182353,182359,182323,182343,182358,182317,182327,182341,182341,182351,182361,182331,182341
182418,182450,182471,182480,182440,182464,182479,182434,182444,182455,182459,182470,182481,182449,182459
182533,182575,182597,182606,182566,182589,182605,182559,182570,182581,182585,182595,182608,182575,182585
182651,182691,182713,182720,182682,182703,182719,182676,182686,182698,182698,182712,182722,182690,182698
182778,182808,182828,182840,182798,182822,182839,182793,182803,182816,182817,182828,182842,182807,182817
182888,182931,182952,182961,182922,182943,182960,182915,182926,182937,182938,182950,182964,182930,182938
183003,183047,183068,183076,183038,183059,183075,183032,183043,183055,183055,183066,183080,183047,183055
183131,183165,183187,183196,183155,183179,183195,183149,183160,183170,183174,183186,183202,183164,183174
183248,183290,183313,183322,183280,183304,183321,183275,183285,183300,183300,183312,183326,183288,183300
183361,183410,183431,183439,183401,183423,183438,183394,183405,183419,183419,183429,183442,183410,183419
183488,183527,183550,183559,183517,183541,183558,183511,183522,183533,183537,183549,183563,183527,183537
183610,183651,183674,183682,183642,183666,183681,183636,183646,183658,183662,183673,183684,183651,183662
183725,183772,183795,183801,183763,183785,183800,183757,183768,183779,183782,183793,183804,183772,183782
183861,183891,183914,183924,183882,183907,183923,183876,183886,183898,183902,183912,183927,183890,183902
183972,184014,184037,184044,184005,184028,184043,183999,184009,184022,184022,184036,184046,184013,184022
184091,184132,184156,184162,184122,184146,184161,184116,184126,184137,184140,184154,184164,184131,184140
184229,184258,184281,184288,184248,184272,184287,184242,184253,184264,184267,184280,184290,184257,184267
184343,184383,184405,184413,184373,184396,184412,184367,184378,184391,184392,184404,184421,184382,184392
184460,184501,184524,184532,184492,184516,184531,184486,184496,184508,184511,184522,184535,184500,184511
184610,184630,184653,184663,184620,184646,184662,184615,184625,184636,184641,184651,184669,184629,184641
184742,184762,184784,184792,184753,184776,184791,184747,184757,184771,184771,184783,184794,184761,184771
184841,184882,184904,184911,184873,184895,184910,184867,184877,184890,184890,184902,184914,184881,184890
184989,185010,185091,185093,185000,185025,185042,184994,185004,185017,185021,185031,185047,185009,185021
185123,185144,185167,185177,185135,185157,185176,185129,185139,185155,185155,185165,185180,185143,185155
185232,185268,185289,185301,185258,185281,185300,185252,185263,185276,185276,185287,185304,185267,185276
185362,185395,185419,185426,185385,185406,185425,185379,185389,185408,185408,185418,185427,185393,185408
185483,185517,185537,185547,185507,185529,185546,185501,185512,185524,185524,185538,185551,185516,185524
185593,185628,185649,185656,185619,185642,185655,185614,185623,185634,185638,185647,185663,185627,185638
185710,185741,185763,185773,185731,185756,185772,185725,185735,185745,185751,185762,185780,185739,185748
185854,185875,185897,185905,185866,185890,185904,185860,185870,185881,185886,185895,185909,185874,185883
185968,186002,186024,186036,185993,186016,186035,185987,185997,186008,186012,186023,186042,186001,186012
186114,186135,186158,186164,186125,186150,186163,186119,186129,186141,186146,186156,186165,186134,186146
186239,186263,186285,186292,186253,186276,186291,186248,186258,186273,186273,186284,186295,186261,186273
186344,186381,186403,186411,186371,186395,186410,186365,186376,186387,186391,186402,186413,186380,186391
186485,186509,186532,186538,186497,186521,186537,186491,186502,186515,186515,186530,186540,186506,186515
186579,186633,186660,186665,186623,186644,186665,186617,186628,186647,186652,186658,186673,186632,186649
186723,186749,186772,186776,186738,186765,186775,186732,186743,186753,186755,186770,186783,186747,186755
186850,186876,186896,186906,186864,186890,186905,186857,186868,186876,186880,186895,186909,186871,186880
186963,186997,187016,187025,186985,187009,187024,186979,186990,187006,187006,187015,187029,186993,187006
187096,187120,187143,187150,187109,187133,187149,187103,187114,187124,187127,187141,187152,187118,187127
187229,187250,187272,187280,187241,187263,187279,187235,187245,187255,187258,187271,187286,187249,187258
187320,187371,187392,187401,187362,187383,187400,187356,187366,187380,187380,187390,187404,187370,187380
187456,187490,187510,187521,187480,187503,187520,187474,187484,187497,187499,187509,187523,187489,187499
187577,187611,187634,187644,187602,187624,187643,187596,187606,187620,187620,187634,187648,187611,187620
187691,187728,187750,187759,187719,187742,187758,187713,187723,187736,187739,187749,187764,187727,187739
187804,187837,187857,187867,187828,187849,187866,187823,187833,187846,187846,187856,187871,187837,187846
187916,187945,187969,187976,187935,187959,187975,187929,187939,187952,187955,187968,187977,187944,187955
188031,188070,188092,188107,188060,188083,188106,188054,188064,188078,188078,188091,188111,188068,188078
188146,188196,188218,188234,188186,188211,188233,188180,188191,188205,188206,188216,188237,188195,188206
188270,188316,188334,188346,188306,188328,188345,188300,188310,188320,188323,188333,188348,188314,188323
188401,188435,188457,188462,188424,188449,188461,188417,188429,188443,188443,188456,188464,188433,188443
188523,188557,188581,188587,188547,188569,188586,188540,188552,188562,188563,188580,188588,188556,188563
188636,188677,188698,188706,188667,188689,188705,188661,188672,188683,188683,188696,188708,188676,188683
188765,188797,188819,188826,188786,188810,188825,188780,188791,188805,188805,188818,188827,188795,188805
188879,188920,188940,188950,188910,188934,188949,188903,188916,188925,188930,188938,188953,188920,188927
189008,189039,189061,189069,189029,189053,189068,189023,189034,189045,189049,189060,189071,189039,189049
189124,189156,189179,189185,189147,189168,189184,189141,189152,189164,189164,189178,189188,189156,189164
189249,189271,189293,189303,189262,189285,189302,189256,189266,189277,189281,189291,189305,189270,189281
189377,189398,189420,189426,189388,189411,189425,189381,189393,189404,189407,189419,189429,189397,189407
189475,189517,189541,189546,189507,189531,189545,189501,189512,189525,189525,189539,189548,189516,189525
189610,189635,189657,189664,189625,189648,189663,189619,189630,189642,189642,189656,189665,189634,189642
189713,189755,189779,189784,189745,189767,189783,189739,189750,189760,189760,189777,189786,189753,189760
189839,189870,189891,189901,189859,189884,189900,189853,189865,189878,189879,189889,189904,189870,189879
189965,189994,190014,190024,189982,190008,190023,189976,189987,189997,190003,190013,190027,189990,190000
190083,190110,190129,190141,190099,190123,190140,190092,190104,190115,190119,190127,190145,190110,190119
190187,190221,190241,190246,190210,190233,190245,190204,190216,190226,190227,190240,190248,190220,190227
190314,190339,190358,190370,190328,190352,190369,190322,190332,190343,190348,190357,190372,190337,190348
190426,190467,190491,190497,190456,190480,190496,190450,190461,190470,190474,190490,190500,190464,190474
190541,190584,190604,190613,190573,190596,190612,190567,190578,190592,190592,190602,190617,190581,190592
190661,190691,190713,190719,190680,190706,190718,190674,190685,190697,190699,190712,190722,190689,190699
190760,190783,190802,190810,190771,190795,190809,190764,190775,190786,190788,190801,190812,190780,190788
190853,190875,190898,190904,190865,190888,190903,190859,190869,190880,190881,190896,190908,190873,190881
190952,190989,191010,191017,190980,191002,191016,190975,190985,190995,190998,191008,191021,190989,190998
191068,191109,191131,191140,191099,191123,191139,191093,191104,191115,191118,191129,191140,191108,191118
191206,191234,191256,191263,191225,191248,191262,191219,191229,191240,191244,191255,191265,191234,191244
191308,191353,191375,191381,191344,191363,191380,191338,191348,191361,191361,191373,191384,191353,191361
191446,191467,191492,191498,191458,191482,191497,191452,191462,191475,191478,191490,191499,191467,191478
191550,191584,191604,191614,191574,191597,191613,191568,191579,191590,191593,191606,191617,191584,191593
191660,191695,191716,191725,191686,191708,191724,191680,191691,191703,191704,191714,191728,191695,191704
191777,191814,191838,191845,191804,191827,191844,191798,191809,191821,191821,191837,191847,191813,191821
191896,191939,191962,191970,191931,191953,191969,191925,191935,191946,191949,191960,191972,191939,191949
192018,192057,192080,192087,192048,192070,192086,192042,192053,192067,192067,192078,192089,192057,192067
192143,192178,192200,192209,192168,192191,192208,192162,192173,192185,192187,192199,192212,192177,192187
192255,192298,192318,192328,192289,192309,192327,192283,192293,192307,192307,192317,192331,192298,192307
192377,192414,192437,192444,192405,192427,192443,192399,192409,192425,192425,192435,192446,192413,192425
192500,192533,192552,192564,192524,192545,192563,192518,192528,192551,192551,192557,192567,192533,192551
192613,192651,192673,192680,192642,192661,192679,192636,192646,192659,192659,192671,192684,192650,192659
192737,192765,192788,192795,192755,192779,192794,192750,192760,192772,192776,192787,192798,192765,192776
192848,192886,192908,192916,192877,192899,192915,192871,192881,192894,192897,192907,192919,192887,192897
192971,193004,193026,193033,192995,193017,193032,192989,193000,193013,193015,193024,193036,193005,193015
193099,193120,193143,193155,193111,193133,193154,193105,193115,193129,193129,193141,193160,193119,193129
193204,193241,193265,193271,193231,193253,193270,193225,193236,193249,193251,193263,193273,193241,193251
193319,193358,193379,193385,193349,193369,193384,193343,193354,193368,193368,193377,193386,193357,193368
193446,193474,193497,193506,193464,193487,193505,193458,193469,193482,193482,193498,193510,193473,193482
193562,193598,193622,193628,193589,193612,193627,193583,193593,193608,193608,193621,193630,193597,193608
193674,193717,193739,193745,193708,193730,193744,193702,193713,193726,193727,193737,193749,193717,193727
193812,193834,193856,193866,193825,193849,193865,193819,193829,193841,193845,193855,193869,193834,193845
193927,193955,193976,193985,193946,193969,193984,193940,193950,193961,193965,193975,193988,193954,193965
194037,194076,194098,194105,194067,194090,194104,194062,194072,194082,194085,194096,194108,194076,194085
194160,194188,194212,194217,194179,194204,194216,194173,194183,194196,194201,194210,194219,194186,194198
194295,194314,194337,194346,194305,194330,194345,194299,194309,194321,194326,194336,194348,194312,194323
194417,194438,194461,194467,194429,194452,194466,194423,194433,194445,194446,194459,194470,194437,194446
194516,194549,194571,194577,194539,194563,194576,194533,194543,194554,194558,194570,194579,194547,194558
194645,194666,194688,194699,194656,194681,194698,194650,194660,194671,194676,194686,194704,194664,194676
194758,194794,194816,194825,194784,194808,194824,194778,194788,194800,194804,194815,194827,194792,194804
194869,194908,194930,194939,194899,194921,194938,194893,194903,194915,194915,194929,194941,194906,194915
194990,195022,195046,195052,195012,195036,195051,195006,195016,195029,195029,195044,195055,195020,195029
195119,195149,195174,195179,195139,195162,195178,195133,195144,195155,195155,195172,195181,195147,195155
195224,195266,195288,195297,195258,195278,195296,195252,195262,195275,195275,195286,195300,195266,195275
195348,195382,195404,195412,195372,195396,195411,195366,195377,195391,195391,195403,195415,195381,195391
195462,195500,195523,195537,195490,195515,195536,195485,195494,195509,195509,195521,195539,195498,195509
195582,195620,195639,195651,195609,195632,195650,195603,195613,195626,195626,195638,195655,195618,195626
195703,195724,195742,195760,195714,195737,195759,195708,195719,195727,195732,195741,195779,195723,195732
195823,195845,195864,195872,195834,195857,195871,195828,195839,195852,195854,195862,195873,195846,195854
195943,195969,195989,196004,195960,195982,196003,195954,195965,195974,195979,195987,196018,195969,195976
196051,196087,196108,196116,196075,196100,196115,196069,196080,196091,196091,196106,196118,196083,196091
196184,196209,196234,196238,196199,196225,196237,196193,196204,196214,196217,196232,196239,196208,196217
196289,196332,196350,196360,196321,196343,196359,196315,196326,196336,196338,196348,196363,196330,196338
196425,196451,196472,196481,196441,196465,196480,196435,196445,196459,196459,196471,196484,196449,196459
196537,196578,196601,196608,196569,196592,196607,196563,196573,196585,196585,196599,196611,196577,196585
196650,196698,196718,196729,196689,196711,196728,196683,196693,196704,196707,196717,196731,196697,196707
196778,196821,196843,196853,196812,196836,196852,196806,196816,196827,196832,196841,196855,196821,196832
196905,196944,196967,196975,196935,196958,196974,196929,196940,196951,196955,196966,196979,196944,196955
197025,197055,197077,197085,197046,197068,197084,197040,197050,197062,197062,197076,197087,197054,197062
197140,197174,197196,197206,197164,197188,197205,197158,197169,197178,197183,197195,197210,197173,197180
197259,197299,197318,197329,197289,197312,197328,197283,197294,197304,197308,197316,197331,197299,197308
197378,197412,197430,197442,197400,197425,197441,197394,197405,197416,197420,197429,197445,197411,197420
197506,197538,197559,197567,197526,197552,197566,197520,197532,197544,197547,197558,197570,197537,197547
197609,197656,197676,197684,197647,197668,197683,197640,197652,197663,197663,197674,197687,197656,197663
197737,197774,197797,197805,197764,197789,197804,197757,197768,197779,197784,197796,197808,197773,197781
197878,197901,197924,197931,197892,197916,197930,197886,197896,197908,197912,197922,197933,197900,197912
197973,198017,198038,198050,198008,198031,198049,198002,198012,198024,198027,198036,198053,198017,198027
198099,198137,198160,198167,198127,198150,198166,198121,198132,198145,198145,198158,198168,198136,198145
198220,198256,198279,198285,198246,198268,198284,198240,198251,198264,198264,198277,198287,198256,198264
198329,198366,198388,198397,198358,198378,198396,198351,198362,198374,198374,198387,198400,198366,198374
198449,198479,198500,198510,198470,198493,198509,198463,198475,198486,198490,198500,198512,198480,198490
198558,198592,198614,198623,198583,198607,198622,198577,198588,198599,198602,198613,198628,198592,198602
198671,198708,198730,198737,198699,198716,198736,198693,198703,198718,198719,198728,198740,198707,198719
198799,198821,198844,198852,198811,198837,198851,198805,198816,198828,198833,198843,198856,198821,198833
198921,198943,198966,198974,198933,198958,198973,198927,198938,198950,198954,198964,198976,198942,198954
199027,199058,199080,199088,199049,199071,199087,199043,199053,199068,199068,199078,199092,199058,199068
199137,199169,199191,199202,199159,199184,199201,199153,199163,199176,199180,199190,199206,199167,199180
199257,199287,199311,199318,199277,199302,199317,199271,199281,199295,199299,199311,199321,199286,199299
199369,199407,199429,199438,199398,199420,199437,199392,199402,199416,199417,199427,199445,199406,199417
199486,199521,199542,199551,199511,199534,199550,199505,199516,199528,199529,199541,199553,199520,199529
199611,199638,199659,199669,199628,199652,199668,199622,199633,199644,199648,199658,199671,199637,199648
199721,199756,199779,199786,199747,199771,199785,199741,199751,199764,199768,199777,199789,199755,199768
199835,199870,199894,199900,199860,199884,199899,199855,199865,199876,199880,199892,199902,199868,199880
199969,199989,200068,200071,199980,200004,200019,199974,199984,199995,199998,200013,200022,199987,199998
200102,200122,200146,200153,200113,200138,200152,200107,200117,200129,200134,200145,200155,200121,200131
200203,200242,200264,200271,200234,200256,200270,200228,200238,200250,200252,200263,200274,200242,200252
200336,200358,200382,200390,200349,200373,200389,200343,200353,200364,200368,200381,200393,200357,200368
200469,200490,200512,200523,200481,200505,200522,200475,200486,200496,200501,200510,200528,200491,200501
200598,200618,200640,200649,200609,200632,200648,200603,200613,200627,200629,200638,200651,200617,200629
200710,200740,200763,200770,200731,200756,200769,200725,200735,200747,200752,200762,200773,200740,200749
200831,200860,200882,200888,200851,200873,200887,200845,200855,200868,200868,200880,200891,200859,200868
200956,200982,201001,201018,200968,200994,201017,200962,200972,200981,200987,200999,201021,200976,200983
201088,201110,201129,201142,201098,201124,201141,201092,201101,201114,201120,201127,201176,201104,201117
201227,201251,201277,201284,201233,201256,201269,201245,201251,201255,201255,201259,201271,201255,201261
201302,201331,201345,201384,201355,201406,201409,201325,201333,201337,201337,201341,201382,201337,201344
201471,201494,201510,201527,201476,201502,201513,201480,201486,201491,201497,201508,201516,201489,201494
201586,201603,201624,201634,201591,201615,201627,201596,201602,201608,201612,201621,201631,201604,201612
201699,201712,201741,201747,201704,201722,201727,201699,201707,201713,201717,201723,201729,201709,201717
201762,201809,201819,201833,201804,201813,201822,201774,201781,201786,201809,201816,201824,201784,201805
201886,201913,201928,201953,201936,201957,201967,201896,201902,201907,201914,201924,201955,201905,201911
201997,202030,202045,202070,202052,202073,202089,202015,202021,202024,202032,202041,202070,202022,202029
202124,202155,202169,202176,202176,,,202149,202156,202160,202160,202164,202185,202160,202167
202204,202271,202285,202291,202291,,,202236,202251,202256,202273,202282,202296,202253,202270
202323,202394,202409,202414,202390,202399,202413,202387,202394,202398,202398,202403,202426,202398,202407
202448,202515,202530,202545,202489,202522,202534,202481,202494,202501,202517,202526,202535,202498,202514
202572,202634,202646,202658,202653,202662,202666,202599,202607,202610,202635,202643,202658,202609,202631
202714,202740,202748,202765,202754,202776,202786,202747,202756,,,202747,,202756,
202824,202878,202904,202892,202849,202862,202878,202865,202875,202876,202876,202878,202881,202876,202880
202936,202980,202996,203002,202952,202986,202998,202943,202956,202962,202981,202991,203002,202959,202977
203055,203096,203109,203121,203072,203101,203114,203067,203074,203078,203096,203105,203120,203076,203093
203176,203219,203234,203245,203195,203225,203238,203176,203182,203190,203220,203229,203242,203186,203217
203272,203344,203361,203368,203317,203350,203364,203311,203319,203325,203345,203355,203368,203322,203342
203420,203465,203480,203490,203436,203471,203484,203425,203440,203446,203466,203475,203489,203443,203463
203546,203604,203629,,203570,203612,203633,203591,203605,203615,203620,203627,203634,203610,203620
203651,203707,203715,203719,203682,203711,203737,203677,203684,203691,203706,203713,203730,203687,203703
203783,203823,203840,203843,203802,203827,203841,203786,203793,203798,203823,203830,203846,203796,203820
203873,203941,203953,203966,203917,203946,203957,203907,203919,203924,203941,203950,203967,203922,203938
203992,204064,204079,204089,204041,204070,204083,204015,204021,204026,204065,204074,204088,204023,204062
204142,204178,204193,204202,204154,204183,204197,204143,204157,204162,204179,204187,204203,204160,204176
204232,204296,204307,204319,204264,204300,204313,204258,204266,204277,204296,204303,204319,204269,204293
204374,204426,204443,204447,204394,204431,204444,204406,204413,204419,204426,204435,204449,204416,204423
204481,204553,204565,204575,204646,,,204481,204489,204496,204554,204562,204578,204492,204550
204674,204687,204715,204724,204682,204699,204719,204677,204687,204695,204695,204704,204723,204691,204695
204741,204780,204790,204796,204755,204784,204791,204750,204757,204762,204780,204787,204794,204759,204776
204832,204898,204913,204921,204872,204905,204915,204866,204875,204879,204900,204909,204924,204877,204897
204947,205012,205022,205034,204955,205016,205026,204950,204959,204967,205012,205020,205036,204962,205009
205062,205137,205149,205162,205069,205141,205157,205064,205072,205086,205137,205145,205164,205076,205134
205217,205278,205291,205301,205233,205283,205295,205218,205223,205229,205279,205287,205301,205226,205276
205356,205397,205406,205418,205364,205400,205411,205358,205366,205370,205397,205404,205418,205368,205394
205449,205517,205526,205532,205490,205520,205528,205473,205480,205485,205517,205524,205531,205482,205514
205589,205640,205670,205675,205703,,,205597,205604,205609,205640,205661,205677,205606,205637
205719,205736,205760,205749,205725,205745,205749,205719,205727,205730,205737,205746,205751,205728,205734
205783,205831,205842,205852,205914,,,205793,205807,205813,205832,205840,205848,205810,205829
205949,205965,205986,,205954,205980,206000,205949,205956,205960,205966,205984,205991,205958,205963
206016,206066,206077,206084,206032,206070,206079,206018,206025,206028,206066,206074,206083,206027,206062
206117,206177,206189,206198,206149,206181,206207,206137,206142,206143,206176,206183,206200,206143,206172
206250,206283,206292,206305,206276,206286,206294,206272,206281,206286,206286,206290,206297,206286,206293
206336,206394,206403,206409,206380,206397,206408,206362,206370,206376,206393,206401,206416,206373,206390
206443,206498,206507,206517,206484,206501,206510,206468,206474,206480,206498,206505,206514,206477,206495
206544,206596,206606,206620,206583,206600,206610,206568,206574,206578,206596,206604,206621,206576,206593
206649,206716,206729,206734,206688,206720,206731,206683,206692,206699,206716,206724,206738,206695,206713
206768,206838,206851,206856,206806,206844,206855,206789,206795,206801,206839,206848,206859,206798,206836
206911,206951,206963,206969,206921,206956,206964,206915,206922,206924,206952,206959,206969,206923,206949
206999,207062,207075,207079,207029,207066,207076,207024,207032,207038,207062,207070,207083,207035,207059
207109,207172,207186,207191,207147,207177,207187,207134,207140,207143,207173,207181,207192,207141,207169
207219,207276,207289,207296,207266,207282,207291,207241,207249,207251,207279,207286,207299,207250,207266
207326,207387,207400,207404,207365,207392,207401,207326,207334,207340,207388,207396,207404,207337,207385
207438,207505,207523,207526,207475,207514,207523,207458,207464,207470,207511,207519,207527,207467,207508
207581,207618,207629,207633,207596,207623,207630,207591,207598,207601,207619,207626,207633,207600,207605
207663,207729,207743,207750,207689,207736,207744,207684,207690,207696,207755,207776,207775,207693,207752
207779,207849,207858,207863,207823,207864,207874,207832,207838,207844,207863,207870,207876,207841,207860
207912,207944,207954,207961,207929,207948,207956,207925,207932,207938,207945,207952,207960,207935,207941
207990,208053,208072,208076,208024,208058,208073,207990,207997,208004,208053,208062,208076,208001,208048
208104,208182,208210,208223,208150,208195,208215,208170,208177,208179,208187,208196,208223,208178,208183
208280,208295,208324,208333,208285,208306,208310,208280,208288,208293,208299,208307,208312,208291,208296
208350,208386,208393,208401,208478,,,208352,208358,208364,208384,208392,208398,208361,208381
208498,208513,208543,208547,208505,208524,208546,208498,208512,208519,208519,208528,208549,208515,208519
208563,208617,208659,208665,208601,208624,208662,208596,208603,208608,208618,208657,208663,208605,208612
208725,208748,208772,208775,208732,208753,208775,208727,208734,208740,208748,208770,208777,208737,208744
208858,208879,208912,208922,208935,208935,208943,208872,208879,208887,208893,208899,208923,208883,208890
208979,208997,209018,209024,208984,209008,209020,208979,208985,208989,208996,209016,209023,208987,208993
209046,209113,209135,209149,209096,209129,209148,209091,209098,209103,209112,209133,209179,209100,209106
209232,209273,209304,209310,209268,209279,209298,209233,209242,209251,209273,209293,209299,209248,209269
209356,209413,209440,209449,209405,209420,209444,209357,209365,209371,209415,209439,209448,209368,209412
209518,209550,209569,209584,209535,209560,209571,209530,209538,209544,209551,209566,209573,209541,209547
209646,209680,209703,209707,209663,209686,209707,209657,209665,209670,209680,209701,209711,209668,209676
209799,209842,209882,209888,209824,209849,209884,209819,209827,209834,209844,209853,209923,209830,209840
209956,209989,210004,210017,209975,209999,210016,209970,209978,209984,209992,210003,210020,209980,209987
210047,210110,210129,210134,210091,210119,210133,210085,210094,210101,210111,210128,210135,210097,210104
210166,210200,210210,210214,210188,210204,210212,210177,210198,210202,210202,210207,210217,210202,210211
210251,210275,210312,210315,210260,210285,210302,210254,210263,210270,210280,210290,210317,210266,210274
210386,210420,210448,210450,210406,210432,210448,210401,210409,210417,210427,210443,210451,210412,210424
210534,210564,210590,210599,210555,210579,210592,210549,210558,210565,210573,210585,210594,210561,210568
210657,210706,210726,210735,210689,210715,210729,210683,210691,210698,210707,210722,210732,210694,210702
210760,210779,210796,210802,210772,210782,210788,210759,210777,210781,210781,210784,210790,210781,210787
210822,210862,210881,210886,210841,210869,210885,210836,210846,210856,210863,210879,210886,210850,210860
210925,210991,211008,211015,210975,211001,211014,210970,210979,210986,210993,211006,211017,210982,210989
211065,211128,211144,211148,211111,211137,211147,211105,211114,211122,211131,211142,211149,211117,211126
211196,211261,211282,211291,211250,211276,211290,211244,211254,211265,211272,211280,211294,211261,211268
211349,211385,211408,211415,211375,211401,211414,211369,211378,211388,211396,211406,211417,211382,211393
211487,211515,211580,211588,211498,211520,211528,211493,211502,211509,211516,211524,211530,211505,211512
211619,211639,211664,211667,211627,211653,211664,211622,211630,211638,211643,211659,211667,211633,211640
211738,211767,211793,211813,211751,211773,211782,211745,211754,211761,211768,211778,211784,211758,211765
211875,211899,211923,211930,211882,211905,211927,211877,211885,211891,211898,211921,211929,211887,211894
211964,212020,212039,212041,212003,212027,212041,211964,211972,211978,212020,212037,212045,211975,212016
212111,212134,212151,212154,212120,212144,212154,212114,212123,212129,212133,212149,212157,212126,212133
212213,212249,212270,212272,212237,212264,212271,212231,212240,212255,212260,212267,212274,212243,212248
212332,212368,212379,212383,212350,212373,212382,212345,212352,212358,212369,212377,212386,212355,212365
212427,212468,212485,212488,212455,212480,212487,212444,212460,212474,212476,212483,212490,212463,212467
212545,212570,212584,212609,212555,212578,212586,212548,212565,212571,212574,212582,212589,212568,212574
212644,212670,212695,212685,212662,212679,212685,212657,212666,212675,212675,212681,212687,212669,212675
212726,212773,212794,212796,212765,212788,212795,212761,212769,212778,212785,212792,212798,212773,212782
212841,212859,212876,212885,212850,212867,212879,212845,212854,212866,212866,212875,212882,212858,212866
212931,212951,212997,213013,212940,212967,212976,212934,212944,212959,212964,212972,212979,212950,212964
213037,213060,213072,213078,213043,213065,213073,213037,213046,213052,213061,213069,213077,213048,213057
213104,213127,213139,213158,213144,213149,213171,213121,213129,213133,213133,213137,213155,213133,213140
213176,213224,213236,213255,213241,213259,213269,213177,213184,213190,213226,213234,213254,213187,213222
213331,213348,213360,213384,213422,,,213356,213369,,,213356,,213372,
213445,213464,213497,213483,213504,,,213480,213487,,,213480,,213492,
213526,213561,213575,213584,213584,,,213556,213564,213568,213568,213572,213589,213568,213575
213603,213634,213648,213655,213655,,,213621,213627,213629,213637,213646,213660,213628,213634
213675,213698,213716,213723,213723,,,213689,213695,213697,213697,213699,213706,213697,213703
213742,213766,213785,213802,213790,213804,213815,213759,213765,213767,213774,213783,213793,213766,213774
213857,213915,213940,213958,213946,213963,213972,213887,213892,213897,213930,213939,213956,213895,213927
214024,214040,214076,214083,214112,,,214032,214039,214048,214068,214074,214082,214042,214055
214134,214154,214162,214166,214151,214157,214163,214147,214153,214156,214156,214160,214167,214156,214163
214192,214210,214221,214225,214197,214214,214222,214204,214209,214213,214213,214217,214225,214213,214221
214280,214296,214307,214311,214374,,,214363,214378,,,214304,,214382,
214397,214436,214449,214466,214454,214459,214470,214398,214404,214410,214438,214447,214466,214407,214435
214494,214510,214531,214549,214536,214552,214560,214502,214508,214514,214521,214529,214549,214511,214517
214589,214602,214615,214631,214620,214635,214643,214614,214622,,,214614,,214623,
214698,214718,214726,214733,214702,214750,214756,214710,214717,214724,214746,214753,214759,214720,214742
214816,214870,214884,214886,214863,214877,214885,214859,214866,214872,214876,214882,214888,214869,214876
214912,214955,214964,214967,214943,214958,214966,214939,214945,214950,214955,214962,214969,214947,214952
214990,215006,215024,215038,215029,215042,215056,215023,215035,,,215023,,215041,
215108,215125,215147,215150,215113,215128,215137,215117,215123,215127,215127,215132,215140,215127,215137
215164,215226,215247,215262,215276,215288,215298,215246,215254,,,215246,,215255,
215355,215397,215406,215409,215359,215402,215408,215384,215395,215400,215400,215404,215410,215400,215407
215437,215506,215519,215534,215603,,,215517,215532,,,215517,,215536,
215640,215665,215679,215694,215687,215697,215705,215656,215667,215672,215672,215676,215694,215672,215679
215759,215777,215787,215802,215765,215781,215790,215771,215777,215781,215781,215785,215793,215781,215788
215842,215857,215866,215876,215847,215861,215869,215851,215857,215861,215861,215865,215873,215861,215869
215890,215908,215921,215935,215925,215939,215949,215891,215899,215904,215911,215919,215936,215902,215908
215997,216030,216040,216045,216080,216081,216101,215997,216005,216013,216030,216056,216084,216009,216027
216128,216164,216175,216183,216157,216169,216178,216151,216160,216166,216166,216174,216182,216165,216166
216219,216246,216260,216269,216236,216253,216263,216231,216241,216244,216250,216258,216266,216243,216247
216296,216320,216334,216338,216314,216329,216337,216310,216316,216322,216326,216333,216339,216319,216326
216365,216393,216401,216404,216387,216396,216402,216378,216392,216395,216395,216399,216404,216395,216402
216450,216471,216487,216495,216466,216474,216490,216450,216457,216463,216470,216487,216494,216460,216466
216527,216554,216572,216578,216547,216557,216575,216541,216553,216560,216565,216571,216577,216557,216565
216628,216645,216653,216660,216633,216648,216655,216652,216658,,,216652,,216661,
216711,216781,216793,,216798,,,216734,216744,216751,216783,216791,216799,216748,216780
216820,216866,216879,216883,216883,,,216860,216868,216873,216873,216877,216885,216873,216880
216905,216940,216963,216980,216969,216971,216984,216920,216927,216934,216953,216961,216979,216930,216950
217009,217033,217045,217050,217050,,,217027,217035,217039,217039,217043,217059,217039,217046
217071,217112,217125,217131,217131,,,217106,217114,217118,217118,217122,217138,217118,217125
217152,217190,217204,217221,217287,217287,217316,217152,217160,217165,217193,217201,217272,217162,217189
217360,217376,217386,217403,217446,,,217368,217375,217379,217379,217383,217390,217379,217386
217466,217502,217514,217530,217520,217534,217553,217512,217528,,,217512,,217532,
217593,217610,217633,217638,217598,217627,217634,217592,217602,217611,217625,217631,217637,217606,217622
217671,217687,217699,217711,217679,217692,217702,217671,217686,217692,217692,217697,217706,217692,217700
217747,217764,217795,217803,217753,217768,217783,217747,217755,217758,217764,217771,217801,217757,217761
217823,217839,217866,217873,217830,217847,217856,217825,217833,217838,217842,217852,217859,217835,217842
217889,217911,217921,217926,217905,217915,217924,217900,217909,217914,217914,217919,217927,217914,217923
217956,217986,218001,218004,217979,217990,218003,217972,217984,217992,217994,217999,218007,217987,217994
218036,218067,218085,218087,218059,218071,218085,218053,218063,218067,218067,218072,218089,218067,218073
218109,218144,218162,218166,218138,218154,218163,218133,218141,218148,218152,218158,218166,218144,218152
218202,218223,218259,218264,218215,218230,218238,218209,218218,218225,218225,218233,218241,218221,218225
218287,218305,218323,218327,218296,218310,218324,218290,218304,218309,218309,218313,218328,218309,218316
218366,218385,218401,218411,218374,218389,218405,218369,218377,218379,218384,218400,218409,218378,218381
218445,218464,218483,218494,218458,218475,218485,218446,218451,218453,218462,218479,218487,218452,218458
218512,218540,218556,218560,218534,218547,218557,218529,218537,218545,218545,218552,218565,218540,218545
218588,218615,218631,218638,218607,218622,218633,218601,218613,218624,218624,218628,218637,218624,218632
218666,218691,218711,218714,218681,218697,218712,218676,218684,218687,218692,218700,218717,218686,218692
218739,218770,218787,218790,218757,218774,218802,218752,218759,218763,218769,218776,218793,218761,218766
218838,218856,218867,218873,218904,,,218838,218847,218852,218858,218864,218871,218850,218855
218918,218971,218993,218979,218998,,,218962,218969,218973,218973,218976,218983,218973,218979
219031,219058,219070,219088,219074,219091,219094,219032,219038,219044,219060,219068,219105,219041,219057
219125,219163,219179,219186,219156,219173,219182,219151,219159,219168,219172,219178,219185,219162,219172
219239,219257,219282,219303,219244,219264,219271,219253,219258,219264,219264,219267,219274,219264,219271
219323,219339,219350,219362,219328,219344,219354,219349,219359,,,219349,,219361,
219409,219425,219450,219456,219414,219428,219435,219408,219423,219427,219427,219431,219437,219427,219434
219495,219513,219524,219556,219499,219516,219532,219505,219512,219515,219515,219520,219556,219515,219522
219578,219593,219611,219616,219583,219597,219613,219586,219593,219596,219596,219601,219630,219596,219603
219655,219673,219687,219701,219661,219677,219691,219655,219663,219668,219672,219681,219702,219665,219672
219733,219750,219761,219769,219739,219755,219764,219733,219742,219746,219751,219759,219767,219744,219751
219810,219826,219837,219840,219815,219831,219839,219810,219817,219821,219826,219834,219842,219819,219826
219884,219903,219916,219922,219889,219908,219918,219884,219891,219897,219903,219912,219924,219894,219900
219956,219972,219995,219987,219962,219977,219986,219957,219966,219968,219972,219981,219988,219967,219972
220007,220041,220059,220066,220034,220049,220062,220029,220038,220044,220044,220053,220066,220040,220044
220096,220118,220128,220130,220111,220122,220129,220105,220116,220121,220121,220125,220131,220121,220128
220168,220207,220225,220239,220201,220213,220227,220196,220206,220215,220215,220222,220230,220209,220215
220268,220305,220343,220355,220297,220309,220320,220292,220302,220307,220307,220313,220323,220307,220320
220385,220401,220414,220425,220390,220406,220417,220397,220402,220406,220406,220410,220423,220406,220414
220472,220490,220498,220506,220477,220494,220502,220484,220489,220493,220493,220496,220507,220493,220500
220558,220576,220608,220586,220563,220580,220610,220568,220574,220578,220578,220582,220600,220578,220584
220642,220658,220669,220676,220646,220663,220671,220651,220658,220662,220662,220667,220674,220662,220670
220720,220737,220746,220755,220725,220740,220748,220730,220736,220739,220739,220743,220754,220739,220746
220795,220809,220826,220829,220802,220818,220827,220796,220806,220816,220816,220823,220830,220810,220816
220848,220883,220914,220918,220878,220885,220891,220874,220881,220884,220884,220888,220893,220884,220890
220946,220962,220975,220980,220955,220966,220977,220947,220960,220968,220968,220973,220980,220963,220968
221020,221037,221054,221057,221031,221048,221055,221024,221034,221041,221045,221052,221058,221038,221045
221090,221114,221127,221129,221106,221121,221128,221099,221111,221118,221118,221125,221131,221114,221118
221165,221195,221215,221220,221187,221201,221217,221181,221190,221196,221196,221205,221222,221193,221196
221253,221281,221292,221304,221274,221286,221303,221268,221278,221284,221284,221290,221308,221284,221293
221329,221365,221386,221392,221358,221370,221388,221353,221363,221373,221375,221382,221393,221367,221375
221423,221452,221461,221465,221443,221456,221464,221438,221451,221455,221455,221459,221465,221455,221462
221512,221539,221558,221565,221532,221544,221560,221527,221536,221541,221541,221546,221569,221541,221548
221587,221632,221642,221646,221621,221637,221645,221617,221624,221628,221633,221640,221646,221626,221633
221681,221717,221732,221735,221706,221724,221733,221701,221709,221715,221720,221728,221735,221711,221717
221781,221794,221814,221821,221788,221808,221816,221784,221791,221798,221804,221812,221820,221794,221801
221841,221878,221894,221897,221870,221878,221896,221865,221873,221875,221875,221879,221882,221875,221880
221914,221956,221974,221981,221951,221959,221980,221946,221954,221957,221957,221960,221985,221957,221962
222004,222038,222064,222067,222031,222048,222064,222027,222034,222040,222045,222052,222069,222037,222042
222109,222124,222139,222162,222114,222130,222141,222108,222120,222128,222128,222136,222144,222126,222128
222195,222213,222223,222228,222199,222217,222224,222206,222212,222217,222217,222221,222227,222217,222224
222279,222296,222304,222312,222288,222299,222307,222278,222293,222298,222298,222303,222311,222298,222307
222328,222344,222365,222386,222369,222382,222391,222328,222334,222337,222355,222363,222372,222335,222352
222413,222439,222452,222468,222457,222471,222480,222416,222424,222434,222441,222450,222468,222432,222438
222536,222554,222585,222591,222540,222558,222565,222548,222553,222557,222557,222561,222567,222557,222564
222617,222635,222652,222655,222623,222646,222654,222617,222625,222631,222633,222650,222656,222628,222633
222701,222717,222758,222765,222707,222723,222732,222702,222710,222716,222719,222727,222735,222713,222719
222784,222801,222811,222819,222789,222805,222813,222795,222801,222805,222805,222808,222817,222805,222812
222862,222875,222940,222951,222867,222880,222944,222861,222873,222885,222930,222938,222946,222880,222927
223043,223105,223122,223129,223099,223108,223111,223093,223102,223105,223105,223109,223113,223105,223111
223173,223191,223202,223208,223178,223196,223205,223173,223180,223187,223192,223199,223207,223183,223189
223249,223267,223295,223298,223256,223274,223295,223250,223259,223264,223268,223279,223300,223261,223268
223317,223345,223374,223378,223338,223349,223376,223332,223343,223352,223364,223371,223379,223348,223354
223424,223440,223464,223470,223520,,,223462,223468,,,223462,,223471,
223555,223584,223595,223598,223598,223602,223604,223578,223585,223589,223589,223592,223612,223589,223596
223630,223668,223680,223699,223685,223688,223709,223661,223670,223674,223674,223678,223697,223674,223682
223721,223753,223765,223782,223777,223776,223776,223747,223754,223758,223758,223762,223781,223758,223765
223808,223833,223844,223860,223849,223858,223864,223826,223834,223838,223838,223842,223859,223838,223845
223888,223908,223919,223937,223924,223942,223951,223901,223909,223913,223913,223917,223927,223913,223921
223993,224015,224051,224058,224077,,,223993,224001,224008,224041,224049,224063,224004,224037
224112,224140,224149,224163,224154,224168,224178,224148,224158,,,224148,,224160,
224266,224290,224302,224314,224307,224325,224332,224301,224310,,,224301,,224313,
224411,224454,224465,224481,224469,224472,224492,224463,224471,,,224463,,224473,
224507,224536,224547,224564,224551,224568,224574,224520,224527,224531,224538,224545,224554,224529,224535
224628,224646,224674,224679,224634,224651,224657,224628,224636,224642,224646,224653,224659,224639,224646
224714,224749,224765,224755,224718,224737,224755,224740,224747,224749,224749,224752,224757,224749,224755
224799,224816,224825,224830,224804,224819,224826,224811,224816,224819,224819,224823,224828,224819,224825
224879,224894,224909,224921,224884,224899,224917,224889,224894,224898,224898,224903,224922,224898,224907
224956,224974,225037,225046,224961,225030,225039,224969,224974,224982,224989,225035,225043,224978,224986
225116,225132,225155,225163,225122,225138,225159,225117,225125,225142,225148,225154,225161,225127,225145
225195,225209,225221,225229,225201,225214,225224,225195,225207,225213,225213,225220,225227,225213,225224
225270,225286,225296,225298,225277,225290,225297,225271,225280,225281,225286,225293,225299,225281,225286
225335,225365,225374,225377,225355,225370,225377,225349,225361,225368,225368,225372,225380,225368,225376
225407,225445,225461,225466,225438,225454,225462,225430,225443,225451,225452,225459,225466,225447,225452
225518,225532,225545,225553,225523,225538,225547,225518,225526,225531,225534,225543,225550,225528,225534
225602,225620,225637,225643,225606,225623,225630,225614,225619,225623,225623,225626,225631,225623,225628
225685,225703,225722,225739,225690,225706,225727,225696,225701,225710,225711,225714,225741,225704,225711
225770,225787,225804,225810,225775,225795,225806,225769,225779,225787,225791,225799,225810,225782,225791
225855,225871,225884,225889,225859,225877,225885,225854,225862,225868,225872,225881,225889,225864,225872
225935,225952,225960,225968,225940,225955,225963,225946,225951,225955,225955,225959,225966,225955,225962
226014,226032,226043,226046,226020,226037,226045,226014,226023,226029,226032,226041,226048,226025,226032
226096,226112,226131,226136,226101,226116,226133,226095,226110,226114,226114,226121,226137,226114,226125
226176,226192,226217,226223,226181,226197,226206,226186,226192,226197,226197,226202,226209,226197,226206
226253,226270,226295,226302,226258,226275,226283,226252,226268,226275,226275,226279,226286,226275,226283
226329,226344,226358,226368,226333,226348,226362,226339,226343,226347,226347,226352,226369,226347,226353
226408,226426,226436,226443,226412,226430,226439,226421,226427,226431,226431,226435,226442,226431,226438
226490,226505,226516,226519,226495,226510,226518,226490,226497,226502,226506,226514,226520,226499,226506
226572,226588,226618,226608,226579,226593,226607,226573,226581,226588,226588,226597,226612,226584,226588
226632,226671,226681,226693,226664,226676,226692,226658,226669,226674,226674,226679,226697,226674,226681
226732,226758,226778,226781,226750,226763,226778,226744,226755,226762,226762,226766,226783,226762,226768
226801,226844,226862,226866,226838,226847,226863,226833,226842,226845,226845,226848,226867,226845,226850
226888,226928,226943,226945,226920,226937,226944,226915,226924,226931,226934,226941,226947,226927,226934
226991,227012,227026,227032,227004,227019,227031,226998,227009,227014,227014,227023,227036,227012,227014
227066,227097,227112,227115,227089,227101,227114,227082,227094,227106,227106,227111,227119,227098,227106
227159,227176,227188,227195,227168,227181,227194,227162,227174,227180,227180,227185,227199,227180,227195
227229,227254,227271,227276,227245,227260,227275,227240,227253,227266,227266,227270,227278,227258,227266
227312,227335,227348,227354,227326,227342,227353,227320,227331,227342,227342,227346,227360,227342,227350
227380,227415,227434,227440,227410,227418,227437,227405,227413,227420,227426,227432,227440,227416,227423
227489,227503,227514,227518,227494,227507,227515,227499,227502,227507,227507,227511,227518,227507,227514
227535,227558,227570,227584,227574,227586,227587,227536,227544,227550,227560,227569,227578,227547,227557
227617,227647,227658,227675,227662,227693,227701,227642,227648,227652,227652,227656,227674,227652,227659
227744,227761,227788,227794,227748,227782,227790,227754,227760,227767,227779,227786,227793,227763,227770
227828,227847,227871,227881,227833,227854,227875,227842,227848,227858,227864,227870,227877,227854,227861
227912,227925,227941,227945,227918,227929,227944,227911,227923,227932,227934,227939,227946,227927,227934
227992,228010,228037,228040,228000,228017,228024,227993,228005,228011,228011,228020,228027,228007,228011
228056,228087,228103,228111,228080,228096,228105,228074,228083,228090,228092,228101,228109,228086,228092
228150,228165,228198,228208,228157,228178,228186,228152,228160,228173,228174,228182,228189,228163,228174
228230,228243,228260,228266,228237,228254,228263,228232,228240,228247,228250,228258,228265,228243,228250
228351,228379,228393,228398,228398,,,228352,228359,228365,228382,228390,228405,228362,228379
228420,228462,228475,228480,228480,,,228456,228463,228468,228468,228472,228484,228468,228476
228504,228539,228558,228544,228564,,,228505,228512,228518,228537,228542,228549,228514,228534
228590,228633,228647,228652,228652,,,228620,228625,228628,228636,228644,228659,228627,228633
228674,228722,228736,228773,228832,,,228674,228682,228688,228725,228733,228747,228685,228722
228855,228907,228918,228935,228924,228939,228946,228900,228908,228912,228912,228916,228934,228912,228919
229005,229023,229047,229037,229010,229028,229036,229016,229021,229027,229027,229032,229039,229027,229036
229090,229105,229121,229124,229096,229112,229122,229090,229099,229105,229105,229118,229125,229102,229105
229150,229191,229222,229232,229181,229198,229205,229175,229185,229191,229191,229201,229209,229187,229191
229255,229270,229289,229292,229263,229281,229290,229258,229266,229275,229279,229286,229293,229270,229279
229321,229350,229365,229368,229343,229360,229367,229337,229346,229354,229357,229363,229370,229349,229357
229412,229433,229471,229475,229424,229437,229444,229418,229430,229435,229435,229440,229447,229435,229443
229496,229516,229547,229552,229507,229521,229550,229501,229515,229519,229519,229523,229540,229519,229525
229582,229602,229637,229615,229594,229605,229614,229588,229599,229603,229603,229608,229617,229603,229610
229666,229687,229724,229730,229676,229692,229701,229670,229680,229681,229686,229695,229704,229680,229686
229752,229775,229816,229818,229765,229784,229801,229759,229770,229787,229791,229797,229805,229773,229779
229851,229869,229890,229898,229860,229885,229897,229853,229866,229875,229881,229889,229899,229871,229878
229924,229962,229977,229984,229954,229970,229983,229948,229959,229968,229968,229976,229987,229963,229968
230013,230054,230070,230075,230045,230063,230074,230038,230050,230060,230060,230069,230078,230054,230060
230113,230145,230154,230165,230137,230150,230164,230130,230143,230148,230148,230153,230168,230148,230154
230195,230235,230254,230256,230227,230239,230255,230222,230233,230242,230246,230252,230259,230237,230246
230296,230321,230356,230362,230311,230327,230334,230306,230315,230318,230322,230330,230337,230316,230322
230386,230406,230441,230450,230398,230416,230425,230390,230403,230411,230414,230421,230428,230407,230414
230472,230492,230504,230509,230479,230497,230508,230474,230482,230485,230491,230502,230517,230483,230488
230540,230575,230590,230594,230568,230580,230593,230564,230572,230582,230582,230588,230595,230576,230582
230622,230654,230673,230678,230647,230660,230674,230642,230652,230664,230666,230671,230678,230658,230666
230717,230737,230750,230754,230729,230744,230753,230723,230733,230738,230738,230748,230755,230736,230738
230793,230826,230838,230849,230818,230832,230848,230811,230822,230831,230831,230836,230852,230831,230839
230879,230918,230930,230939,230912,230923,230938,230906,230916,230920,230920,230928,230945,230920,230933
230975,231008,231044,231052,231000,231014,231029,230995,231005,231008,231008,231020,231033,231008,231029
231075,231099,231121,231123,231091,231111,231121,231086,231096,231105,231109,231116,231124,231100,231109
231161,231188,231206,231210,231181,231194,231209,231175,231184,231198,231198,231205,231211,231188,231198
231255,231272,231294,231297,231265,231278,231294,231259,231270,231281,231283,231290,231299,231274,231283
231325,231354,231369,231374,231345,231362,231373,231340,231349,231358,231358,231367,231375,231353,231358
231416,231433,231444,231456,231425,231439,231455,231419,231429,231437,231437,231442,231468,231437,231444
231484,231513,231531,231537,231505,231519,231533,231500,231509,231518,231518,231525,231538,231513,231518
231558,231592,231606,231610,231585,231599,231609,231579,231589,231596,231596,231604,231612,231592,231596
231654,231671,231710,231712,231664,231680,231692,231658,231667,231676,231676,231686,231696,231670,231676
231732,231754,231774,231780,231747,231760,231776,231741,231751,231765,231768,231772,231780,231755,231768
231812,231841,231853,231860,231835,231846,231859,231830,231839,231843,231843,231852,231866,231843,231857
231902,231927,231947,231950,231919,231933,231948,231914,231923,231937,231937,231943,231951,231928,231937
231999,232014,232026,232029,232005,232020,232028,231999,232008,232014,232016,232024,232031,232010,232016
232086,232102,232113,232117,232092,232107,232116,232086,232095,232100,232102,232110,232120,232097,232102
232168,232184,232197,232202,232174,232190,232198,232169,232176,232182,232186,232194,232203,232179,232186
232247,232264,232282,232284,232254,232271,232282,232248,232258,232264,232264,232276,232288,232260,232264
232328,232345,232384,232394,232337,232350,232364,232331,232342,232352,232354,232360,232367,232346,232354
232418,232437,232448,232454,232423,232442,232451,232430,232436,232440,232440,232445,232453,232440,232449
232540,232569,232580,232597,232585,232602,232611,232578,232588,,,232578,,232589,
232663,232682,232711,232716,232668,232703,232712,232678,232681,232691,232701,232708,232715,232686,232698
232750,232766,232779,232782,232755,232773,232781,232761,232768,232773,232773,232777,232783,232773,232780
232835,232850,232881,232889,232840,232855,232872,232845,232850,232855,232855,232859,232888,232855,232862
232916,232930,232963,232970,232922,232937,232945,232916,232925,232933,232933,232941,232947,232928,232933
232995,233009,233029,233023,233002,233014,233022,232997,233006,233012,233012,233017,233023,233012,233020
233047,233092,233110,,233086,233097,233115,233080,233089,233098,233101,233109,233117,233093,233101
233129,233172,233189,233192,233166,233176,233191,233162,233170,233173,233173,233178,233194,233173,233178
233219,233246,233257,233266,233240,233251,233265,233235,233244,233249,233249,233256,233269,233249,233264
233293,233322,233331,233334,233315,233326,233333,233310,233319,233323,233323,233329,233336,233323,233332
233378,233399,233416,233423,233392,233408,233422,233387,233396,233405,233405,233414,233426,233399,233405
233468,233485,233515,233525,233477,233498,233507,233470,233482,233492,233495,233502,233508,233486,233495
233569,233588,233599,233605,233574,233592,233601,233597,233604,,,233597,,233608,
233664,233738,233750,233768,233756,233770,233780,233748,233765,,,233748,,233769,
233893,233909,233922,233942,233927,233944,233951,233904,233911,233916,233916,233920,233940,233916,233923
233979,233996,234009,234025,234099,,,233990,233998,234002,234002,234006,234022,234002,234010
234144,234158,234171,234187,234176,234190,234200,234168,234184,,,234168,,234189,
234250,234316,234330,234348,234254,234322,234334,234311,234318,234322,234322,234327,234344,234322,234330
234384,234400,234412,234429,234417,234432,234433,234394,234402,234406,234406,234410,234427,234406,234413
234467,234485,234497,234512,234505,234513,234516,234479,234486,234490,234490,234494,234511,234490,234497
234541,234565,234577,234582,234582,,,234560,234567,234571,234571,234575,234583,234571,234578
234603,234635,234657,234674,234662,234678,234687,234627,234634,234640,234648,234656,234673,234637,234644
234739,234758,234784,234790,234744,234777,234786,234752,234754,234766,234773,234782,234790,234760,234770
234827,234844,234875,234882,234833,234847,234879,234837,234842,234850,234866,234873,234881,234846,234863
234916,234932,234941,234949,234921,234936,234944,234928,234932,234936,234936,234940,234947,234936,234943
235000,235019,235029,235032,235005,235023,235030,235013,235019,235023,235023,235026,235033,235023,235030
235083,235098,235129,235133,235089,235123,235132,235083,235093,235111,235119,235127,235135,235098,235115
235167,235182,235222,235233,235174,235197,235204,235169,235178,235187,235194,235200,235207,235181,235190
235255,235269,235302,235306,235262,235290,235305,235256,235265,235280,235287,235294,235321,235268,235284
235339,235353,235382,235399,235424,235439,235449,235339,235347,235368,235411,235418,235427,235349,235396
235494,235508,235536,235542,235502,235510,235516,235494,235506,235509,235509,235513,235519,235509,235516
235558,235588,235615,235617,235582,235608,235615,235577,235586,235595,235604,235611,235618,235590,235600
235652,235680,235720,235725,235673,235692,235699,235668,235676,235682,235688,235695,235701,235679,235685
235763,235780,235791,235795,235768,235784,235794,235772,235778,235782,235782,235788,235804,235782,235792
235812,235841,235853,235860,235860,,,235812,235820,235834,235843,235851,235867,235824,235839
235879,235925,235938,235955,235947,235958,235970,235935,235951,,,235935,,235955,
236018,236083,236097,236115,236025,236090,236101,236042,236051,236057,236085,236094,236111,236054,236082
236255,236318,236331,236348,236261,236324,236337,236279,236288,236294,236320,236329,236345,236291,236317
236377,236396,236408,236426,236414,236428,236435,236390,236397,236402,236402,236406,236479,236402,236409
236528,236562,236575,236580,236580,,,236546,236553,236558,236565,236573,236582,236555,236562
236604,236651,236663,236679,236668,236683,236692,236644,236652,236657,236657,236661,236672,236657,236665
236747,236764,236775,236780,236753,236768,236776,236746,236762,236768,236768,236772,236779,236768,236775
236827,236845,236872,236883,236832,236849,236893,236837,236843,236851,236863,236889,236897,236847,236860
236936,236978,236990,237006,236995,237009,237021,236972,236980,236984,236984,236988,237005,236984,236992
237075,237091,237109,237115,237081,237094,237114,237074,237088,237092,237092,237098,237119,237092,237100
237132,237147,237159,237175,237165,237171,237178,237140,237149,237153,237153,237157,237173,237153,237160
237195,237228,237240,237258,237244,237257,237262,237195,237202,237209,237229,237238,237257,237205,237226
237292,237309,237320,237335,237325,237340,237347,237302,237310,237315,237315,237319,237328,237315,237322
237403,237420,237429,237435,237407,237423,237430,237412,237418,237422,237422,237426,237432,237422,237429
237483,237501,237510,237518,237488,237504,237513,237508,237516,,,237508,,237520,
237564,237608,237619,237623,237569,237585,237626,237589,237596,237597,237604,237628,237635,237597,237601
237646,237708,237730,237748,237651,237724,237734,237703,237708,237713,237720,237728,237736,237711,237717
237855,237881,237894,237953,237981,,,237875,237883,237887,237887,237891,237904,237887,237895
238017,238051,238063,238067,238067,,,238017,238027,238035,238052,238061,238069,238031,238049
238089,238112,238149,238166,238154,238168,238182,238147,238163,,,238147,,238167,
238234,238305,238319,238336,238239,238312,238324,238257,238265,238269,238308,238317,238334,238267,238305
238376,238390,238402,238419,238408,238422,238430,238384,238392,238396,238396,238400,238418,238396,238403
238482,238498,238508,238518,238487,238502,238511,238492,238497,238501,238501,238506,238514,238501,238509
238561,238629,238640,238645,238565,238633,238644,238622,238629,238633,238633,238638,238647,238633,238642
238680,238704,238717,238734,238723,238742,238750,238715,238728,,,238715,,238733,
238795,238814,238825,238844,238800,238819,238881,238808,238813,238817,238817,238822,238869,238817,238826
238912,238957,238968,238987,238972,238978,238980,238966,238974,,,238966,,238976,
239017,239048,239060,239064,239064,239067,,239036,239050,239054,239054,239058,239066,239054,239061
239096,239142,239154,239159,239159,,,239136,239144,239148,239148,239153,239161,239148,239156
239191,239236,239247,239252,239252,,,239230,239237,239241,239241,239245,239254,239241,239249
239275,239322,239333,239351,239338,239355,239364,239286,239292,239298,239323,239331,239350,239295,239320
239415,239434,239455,239462,239420,239437,239445,239427,239433,239436,239436,239441,239447,239436,239444
239496,239510,239523,239531,239501,239516,239526,239495,239504,239510,239512,239521,239530,239506,239512
239575,239591,239603,239611,239581,239595,239606,239574,239589,239593,239593,239598,239610,239593,239606
239650,239665,239721,239739,239726,239742,239751,239719,239730,,,239719,,239733,
239794,239856,239869,239885,239875,239887,239888,239866,239881,,,239866,,239886,
239948,240017,240031,240087,240036,240111,240123,240028,240044,,,240028,,240047,
240210,240287,240299,240318,240215,240292,240303,240281,240288,240293,240293,240297,240306,240293,240300
240478,240553,240564,,240483,240497,240571,240546,240554,240558,240558,240562,240580,240558,240566
240592,240635,240647,240651,240651,,,240630,240637,240641,240641,240645,240653,240641,240648
240673,240716,240728,240745,240733,240749,240760,240710,240718,240722,240722,240726,240744,240722,240730
240809,240826,240835,240837,240814,240828,240835,240818,240824,240827,240827,240831,240838,240827,240834
240888,240902,240913,240923,240893,240906,240922,240887,240901,240905,240905,240909,240925,240905,240912
240936,240953,240965,240980,240970,240974,240991,240947,240954,240958,240958,240963,240976,240958,240966
240997,241030,241043,241057,241131,,,241016,241022,241026,241033,241042,241052,241024,241029
241153,241201,241213,241219,241219,,,241193,241202,241206,241206,241211,241220,241206,241214
241240,241286,241299,241318,241304,241315,241321,241296,241306,,,241296,,241307,
241358,241373,241386,241404,241390,241450,241458,241368,241375,241379,241379,241383,241464,241379,241387
241501,241545,241557,241574,241562,241561,241561,241501,241511,241520,241547,241555,241565,241516,241543
241595,241628,241639,241644,241644,241645,241665,241621,241629,241633,241633,241637,241648,241633,241641
241675,241709,241721,241726,241726,,,241704,241711,241715,241715,241719,241736,241715,241723
241752,241793,241804,241819,241809,241823,241830,241752,241761,241766,241794,241802,241819,241763,241791
241883,241899,241913,241930,241888,241904,241917,241892,241898,241902,241902,241909,241920,241902,241916
241959,241976,241996,242001,241964,241979,241985,241969,241974,241978,241978,241982,241988,241978,241985
242037,242051,242074,242083,242042,242058,242077,242036,242045,242051,242051,242062,242082,242047,242051
242117,242133,242143,242146,242122,242137,242145,242116,242124,242130,242134,242141,242147,242127,242134
242200,242213,242244,242253,242205,242234,242248,242199,242209,242218,242230,242243,242251,242214,242227
242279,242295,242325,242336,242369,242387,242396,242279,242286,242290,242296,242364,242373,242288,242293
242447,242465,242482,242487,242458,242469,242486,242452,242462,242472,242474,242480,242491,242466,242474
242517,242552,242570,242578,242547,242563,242573,242542,242550,242557,242561,242568,242576,242553,242561
242611,242639,242654,242662,242634,242643,242657,242628,242637,242646,242647,242652,242661,242640,242647
242713,242728,242744,242755,242722,242731,242750,242716,242726,242730,242730,242734,242754,242730,242737
242784,242817,242827,242829,242813,242820,242827,242808,242816,242819,242819,242823,242829,242819,242826
242877,242902,242918,242922,242898,242906,242921,242894,242902,242909,242912,242917,242924,242905,242912
242966,242987,243011,243014,242982,242993,243013,242977,242985,242999,243004,243009,243015,242988,242994
243058,243071,243088,243094,243065,243075,243090,243060,243070,243074,243074,243078,243095,243074,243080
243114,243153,243223,243236,243148,243218,243226,243143,243151,243166,243214,243222,243229,243154,243211
243301,243318,243328,243336,243305,243322,243332,243313,243318,243321,243321,243325,243337,243321,243328
243381,243394,243405,243413,243387,243398,243408,243380,243393,243397,243397,243402,243413,243397,243406
243458,243473,243488,243496,243465,243478,243491,243458,243470,243476,243476,243482,243495,243476,243484
243533,243549,243559,243566,243538,243553,243561,243557,243565,,,243557,,243569,
243608,243623,243633,243642,243614,243627,243641,243607,243622,243626,243626,243630,243646,243626,243632
243682,243699,243715,243721,243687,243704,243716,243692,243698,243708,243708,243712,243719,243702,243708
243755,243771,243785,243790,243760,243774,243789,243763,243769,243773,243773,243777,243793,243773,243779
243824,243841,243860,243866,243829,243845,243862,243835,243840,243845,243845,243849,243866,243845,243852
243894,243911,243967,243985,243898,243961,243971,243904,243910,243922,243957,243965,243973,243914,243954
244020,244034,244048,244053,244059,,,244020,244026,244029,244036,244045,244053,244027,244033
244076,244112,244127,,244105,244113,244117,244101,244109,244115,244133,244141,244140,244112,244130
244144,244223,244244,,244157,244225,244250,244154,244161,244169,244235,244243,244252,244165,244231
244272,244338,244350,,244356,,,244332,244340,244344,244344,244348,244364,244344,244351
244378,244441,244452,244469,244457,244472,244481,244450,244458,,,244450,,244459,
244576,244621,244635,244640,244640,,,244598,244605,244611,244625,244632,244641,244608,244622
244664,244703,244713,244717,244717,,,244696,244704,244708,244708,244711,244719,244708,244715
244743,244799,244815,244803,244792,244800,244803,244787,244795,244798,244798,244801,244806,244798,244803
244845,244873,244893,244882,244867,244876,244882,244861,244870,244874,244874,244878,244885,244874,244881
244943,244957,244994,245014,244951,244960,244968,244946,244955,244959,244959,244963,244971,244959,244966
245040,245066,245084,245105,245060,245071,245088,245054,245064,245073,245075,245082,245091,245068,245075
245164,245177,245207,245218,245171,245180,245209,245166,245175,245183,245189,245205,245210,245179,245186
245244,245282,245301,245309,245277,245293,245303,245273,245280,245287,245291,245298,245306,245283,245291
245370,245388,245406,245413,245375,245392,245409,245383,245388,245394,245398,245404,245411,245391,245398
245459,245476,245489,245493,245547,,,245485,245491,,,245485,,245494,
245576,245638,245655,245658,245633,245640,245658,245628,245635,245641,245647,245653,245660,245638,245644
245681,245720,245740,245764,245748,245764,245772,245713,245719,245726,245731,245737,245752,245722,245728
245810,245862,245909,245886,245914,,,245835,245844,245851,245859,245882,245888,245848,245854
245937,245992,246005,246020,246100,,,245985,245994,245998,245998,246002,246019,245998,246005
246119,246162,246175,246191,246183,246193,246202,246172,246189,,,246172,,246192,
246280,246317,246330,246334,246334,,,246292,246298,246303,246320,246328,246336,246301,246317
246360,246382,246412,246398,246417,,,246363,246371,246374,246389,246395,246402,246373,246377
246443,246471,246509,246528,246514,246530,246545,246491,246499,246503,246503,246507,246526,246503,246510
246592,246605,246618,246622,246622,246624,,246592,246597,246601,246608,246616,246624,246599,246605
246644,246668,246675,246681,246728,,,246658,246666,246670,246670,246673,246680,246670,246677
246750,246775,246817,246836,246823,246831,246839,246765,246772,246780,246808,246816,246834,246775,246805
246877,246894,246905,246923,246910,246926,246927,246887,246895,246899,246899,246903,246922,246899,246906
246960,246974,246986,246991,246991,246994,,246968,246976,246980,246980,246984,246994,246980,246987
247016,247052,247064,247068,247068,,,247038,247043,247046,247054,247062,247069,247045,247051
247091,247131,247142,247161,247147,247167,247177,247124,247132,247136,247136,247140,247150,247136,247144
247224,247237,247255,247262,247230,247248,247258,247224,247233,247241,247243,247252,247261,247236,247243
247322,247335,247351,247371,247327,247342,247353,247321,247332,247341,247341,247348,247355,247338,247341
247428,247445,247455,247461,247433,247449,247457,247438,247444,247448,247448,247452,247460,247448,247456
247528,247545,247579,247586,247623,,,247598,247606,,,247551,,247611,
247643,247681,247700,247686,247705,,,247674,247679,247682,247682,247684,247690,247682,247687
247731,247769,247780,247798,247785,247802,247809,247779,247787,,,247779,,247789,
247896,247926,247949,247960,247954,247962,247967,247917,247924,247931,247939,247948,247957,247928,247936
248009,248055,248061,248063,248048,248058,248063,248042,248051,248055,248055,248059,248065,248055,248062
248102,248151,248238,248254,248145,248155,248170,248139,248148,248156,248159,248165,248172,248151,248159
248329,248346,248373,248380,248334,248349,248360,248340,248345,248348,248348,248352,248365,248348,248355
248415,248430,248449,248470,248501,,,248425,248428,248434,248434,248438,248444,248434,248441
248533,248569,248579,248584,248584,,,248562,248569,248573,248573,248577,248586,248573,248581
248607,248653,248665,248668,248668,,,248636,248643,248649,248655,248663,248671,248646,248652
248691,248735,248757,248773,248761,248774,248791,248714,248720,248727,248748,248755,248763,248723,248745
248820,248845,248856,248866,248860,248872,248874,248839,248846,248850,248850,248854,248863,248850,248858
248902,248942,248953,248969,248957,248974,248984,248951,248960,,,248951,,248961,
249045,249060,249071,249088,249050,249123,249132,249127,249134,,,249127,,249136,
249208,249273,249284,249301,249288,249304,249312,249232,249240,249246,249274,249282,249301,249243,249271
249363,249442,249454,,249459,,,249435,249443,249448,249448,249452,249461,249448,249456
249481,249556,249570,249642,249690,,,249551,249558,249562,249562,249566,249574,249562,249570
249756,249782,249795,249799,249799,,,249777,249784,249788,249788,249792,249800,249788,249795
249821,249881,249892,,249898,,,249874,249882,249886,249886,249890,249907,249886,249893
249919,249971,249983,249987,249987,,,249964,249972,249976,249976,249980,249989,249976,249984
250010,250058,250071,250087,250076,250090,250099,250010,250019,250027,250060,250068,250145,250022,250056
250182,250223,250235,,250245,,,250199,250205,250208,250225,250233,250241,250207,250222
250262,250300,250313,250321,250321,,,250289,250303,250307,250307,250311,250327,250307,250314
250340,250374,250387,250402,250394,250396,250406,250340,250349,250356,250376,250384,250401,250352,250373
250428,250446,250458,250462,250462,250463,,250440,250448,250452,250452,250456,250464,250452,250459
250485,250522,250534,250538,250538,,,250486,250493,250499,250524,250532,250540,250496,250521
250563,250605,250617,250633,250622,250637,250638,250586,250592,250598,250606,250615,250633,250596,250603
250680,250694,250706,250711,250711,250712,,250687,250695,250700,250700,250704,250720,250700,250707
250732,250779,250793,250799,250799,,,250774,250782,250786,250786,250790,250806,250786,250794
250819,250862,250876,250893,250963,,,250857,250864,250869,250869,250873,250889,250869,250876
250984,251029,251042,251048,251048,,,251023,251031,251035,251035,251039,251055,251035,251043
251068,251111,251124,251130,251130,,,251105,251113,251117,251117,251121,251137,251117,251125
251150,251190,251203,251220,251208,251211,251223,251185,251192,251196,251196,251200,251219,251196,251204
251246,251268,251281,251286,251286,,,251262,251270,251274,251274,251278,251287,251274,251282
251308,251348,251361,251378,251452,,,251310,251319,251325,251350,251358,251368,251322,251347
251510,251523,251536,251552,251541,251555,251563,251510,251515,251518,251526,251534,251551,251517,251523
251622,251694,251707,251723,251711,251712,251727,251647,251655,251662,251696,251704,251722,251658,251693
251762,251780,251791,251797,251797,251796,251796,251789,251805,,,251789,,251809,
251817,251862,251875,251890,251961,,,251856,251864,251869,251869,251873,251889,251869,251876
252010,252025,252037,252053,252042,252055,252056,252019,252026,252030,252030,252034,252051,252030,252038
252088,252106,252118,252133,252123,252132,252137,252101,252108,252112,252112,252116,252132,252112,252120
252158,252188,252200,252215,252205,252219,252228,252159,252165,252171,252190,252198,252215,252168,252186
252279,252294,252303,252327,252284,252297,252305,252301,252307,,,252301,,252309,
252361,252377,252386,252393,252366,252380,252388,252370,252375,252379,252379,252383,252390,252379,252386
252445,252458,252471,252478,252450,252465,252473,252469,252476,,,252469,,252479,
252530,252543,252577,252584,252535,252547,252560,252529,252541,252545,252545,252550,252603,252545,252552
252638,252660,252691,252705,252698,252717,252718,252693,252702,,,252693,,252706,
252774,252792,252811,252826,252783,252797,252815,252775,252789,252799,252802,252809,252816,252794,252802
252866,252880,252891,252900,252871,252887,252915,252865,252874,252882,252882,252890,252935,252877,252882
252955,252968,252999,253008,252960,252973,252985,252954,252963,252967,252967,252978,252990,252966,252967
253040,253054,253069,253079,253045,253061,253073,253040,253047,253054,253056,253068,253076,253050,253056
253127,253141,253182,253191,253132,253145,253169,253126,253138,253143,253143,253148,253174,253143,253150
253217,253232,253276,253250,253222,253237,253250,253216,253226,253235,253235,253240,253252,253235,253242
253316,253334,253346,253356,253414,,,253407,253415,,,253345,,253417,
253462,253475,253507,253514,253514,,,253461,253475,253482,253497,253506,253515,253478,253494
253541,253572,253616,253602,253631,,,253562,253569,253575,253593,253599,253607,253572,253577
253646,253672,253689,253692,253659,253676,253691,253653,253661,253665,253671,253687,253692,253663,253668
253725,253791,253811,,253730,253774,253813,253751,253758,253764,253788,253809,253818,253761,253783
253829,253855,253863,253872,253835,253858,253871,253844,253852,253856,253856,253861,253875,253856,253863
253888,253927,253939,253957,253945,253957,253969,253921,253929,253933,253933,253937,253953,253933,253940
253997,254035,254047,254061,254052,254053,254063,254029,254036,254040,254040,254044,254058,254040,254047
254085,254140,254153,254167,254158,254168,254179,254113,254121,254125,254142,254150,254166,254122,254138
254215,254251,254262,254273,254333,,,254235,254241,254244,254252,254260,254267,254243,254249
254362,254377,254400,254405,254369,254392,254404,254362,254376,254383,254388,254397,254408,254379,254385
254458,254473,254498,254506,254467,254487,254505,254461,254470,254478,254480,254497,254508,254473,254480
254532,254575,254597,254601,254567,254583,254600,254561,254575,254585,254588,254595,254603,254580,254588
254653,254670,254695,254699,254661,254682,254696,254655,254669,254680,254680,254692,254700,254674,254680
254720,254760,254779,,254749,254772,254791,254744,254752,254756,254761,254805,254804,254754,254761
254808,254851,254872,254884,254840,254864,254883,254835,254844,254850,254850,254871,254886,254847,254850
254909,254953,254975,254965,254943,254962,254978,254937,254948,254952,254952,254963,254982,254950,254952
255006,255046,255064,255069,255036,255049,255068,255029,255042,255046,255046,255050,255054,255046,255052
255098,255138,255154,255167,255127,255149,255166,255121,255132,255140,255143,255152,255171,255136,255143
255197,255241,255262,255275,255232,255243,255274,255226,255236,255239,255239,255244,255248,255239,255245
255301,255353,255375,255380,255344,255359,255379,255338,255348,255351,255351,255360,255364,255351,255362
255411,255456,255476,255484,255447,255467,255483,255441,255452,255463,255463,255475,255488,255456,255463
255513,255550,255568,255577,255540,255550,255576,255534,255544,255547,255547,255551,255557,255547,255554
255607,255651,255670,255683,255638,255662,255682,255632,255642,255648,255651,255668,255684,255644,255651
255709,255755,255772,,255742,255766,255784,255737,255745,255750,255754,255771,255776,255747,255754
255800,255826,255839,255843,255852,,,255812,255816,255819,255827,255835,255844,255818,255824
255874,255924,255939,255943,255943,,,255878,255886,255893,255926,255935,255944,255889,255923
255973,256037,256051,256056,256056,,,256031,256039,256043,256043,256047,256061,256043,256051
256087,256144,256157,256173,256162,256185,256201,256102,256110,256116,256146,256155,256170,256113,256143
256258,256277,256293,256297,256264,256287,256296,256258,256266,256269,256274,256291,256297,256267,256274
256337,256389,256407,,256379,256400,256418,256373,256384,256393,256393,256407,256426,256388,256393
256440,256491,256512,,256483,256505,256522,256477,256487,256500,256500,256510,256525,256490,256500
256546,256597,256618,256623,256586,256596,256622,256580,256590,256593,256593,256597,256601,256593,256598
256653,256714,256737,,256705,256726,256743,256699,256709,256719,256719,256736,256748,256712,256719
256768,256821,256843,256848,256811,256831,256847,256805,256816,256835,256835,256842,256850,256819,256835
256883,256929,256952,256958,256920,256934,256957,256914,256924,256928,256928,256935,256938,256928,256936
256992,257050,257071,257078,257041,257055,257077,257035,257046,257050,257050,257056,257056,257050,257057
257107,257157,257177,257186,257148,257161,257185,257142,257152,257156,257156,257162,257166,257156,257163
257222,257273,257294,257305,257263,257276,257304,257257,257267,257271,257271,257277,257282,257271,257279
257330,257390,257412,257418,257381,257404,257417,257375,257385,257398,257398,257411,257421,257389,257398
257453,257501,257522,257533,257491,257504,257532,257485,257495,257500,257500,257505,257510,257500,257507
257565,257623,257643,257654,257613,257626,257653,257607,257618,257621,257621,257627,257631,257621,257628
257683,257743,257763,257770,257734,257755,257769,257728,257738,257749,257749,257762,257772,257742,257749
257811,257856,257878,257886,257847,257870,257885,257841,257851,257861,257866,257876,257892,257855,257866
257926,257978,258000,258008,257969,257981,258007,257963,257973,257977,257977,257982,257987,257977,257984
258041,258084,258104,258112,258074,258095,258111,258068,258078,258088,258088,258103,258114,258081,258088
258157,258194,258214,258223,258182,258207,258222,258176,258186,258195,258201,258212,258227,258190,258198
258271,258320,258371,258373,258307,258329,258351,258300,258312,258317,258321,258337,258376,258314,258321
258411,258437,258455,258460,258418,258444,258457,258412,258421,258429,258438,258448,258462,258424,258432
258484,258527,258540,258545,258545,,,258511,258517,258522,258529,258537,258548,258520,258526
258577,258655,258668,258689,258673,258696,258712,258643,258657,258661,258661,258665,258693,258661,258669
258782,258799,258848,258861,258786,258812,258851,258793,258798,258805,258839,258846,258852,258801,258836
258904,258923,258944,258948,258910,258937,258947,258905,258913,258917,258922,258941,258951,258915,258922
259021,259043,259063,259068,259031,259053,259067,259025,259034,259041,259046,259061,259068,259037,259043
259105,259159,259173,259185,259146,259168,259184,259140,259150,259157,259162,259177,259188,259153,259159
259217,259281,259298,259309,259272,259283,259308,259266,259276,259280,259280,259284,259288,259280,259286
259343,259397,259417,259427,259387,259410,259426,259382,259391,259405,259405,259416,259432,259394,259405
259461,259522,259544,259551,259513,259527,259550,259506,259518,259522,259522,259528,259534,259522,259530
259587,259645,259666,259674,259635,259657,259673,259629,259639,259649,259649,259664,259677,259643,259649
259713,259766,259787,259798,259756,259767,259797,259750,259760,259763,259763,259768,259774,259763,259771
259832,259891,259916,259922,259882,259894,259921,259876,259886,259890,259890,259895,259900,259890,259897
259952,260015,260040,260047,260006,260028,260046,260001,260011,260022,260022,260039,260049,260014,260022
260085,260139,260161,260170,260129,260142,260169,260123,260134,260138,260138,260143,260149,260138,260146
260210,260260,260284,260290,260251,260263,260289,260245,260255,260259,260259,260264,260269,260259,260266
260324,260374,260397,260403,260365,260387,260402,260359,260369,260378,260382,260395,260405,260373,260382
260459,260494,260516,260524,260484,260509,260523,260478,260488,260498,260504,260514,260526,260492,260501
260607,260628,260652,260658,260619,260643,260657,260612,260623,260632,260637,260650,260666,260627,260634
260697,260758,260782,260786,260748,260771,260785,260742,260752,260762,260762,260780,260788,260756,260762
260831,260888,260907,,260875,260891,260928,260869,260880,260885,260885,260892,260896,260882,260885
260954,261015,261035,261043,261004,261027,261042,260998,261009,261018,261020,261033,261053,261012,261020
261100,261137,261157,261167,261125,261150,261166,261119,261130,261140,261145,261155,261169,261134,261142
261240,261264,261288,261292,261253,261277,261291,261247,261258,261267,261270,261285,261295,261262,261270
261328,261387,261406,261416,261377,261399,261415,261371,261381,261393,261393,261404,261420,261386,261393
261472,261510,261530,261539,261499,261523,261538,261493,261503,261514,261518,261528,261541,261508,261518
261580,261634,261655,261664,261624,261647,261663,261618,261629,261642,261642,261654,261667,261633,261642
261705,261752,261775,261782,261743,261767,261781,261736,261747,261757,261762,261773,261784,261752,261762
261825,261878,261901,261909,261869,261883,261908,261863,261873,261877,261877,261884,261889,261877,261886
261948,261995,262016,262023,261987,262009,262022,261981,261991,262000,262005,262014,262026,261995,262002
262070,262114,262135,262145,262105,262129,262144,262099,262109,262119,262124,262134,262148,262113,262121
262187,262240,262262,262270,262231,262245,262269,262225,262236,262240,262240,262246,262252,262240,262248
262310,262358,262380,262388,262348,262373,262387,262342,262352,262362,262368,262378,262391,262356,262365
262455,262486,262507,262518,262476,262500,262517,262470,262481,262491,262495,262505,262521,262485,262495
262558,262606,262629,262634,262597,262619,262633,262591,262602,262614,262614,262627,262636,262606,262614
262680,262729,262752,262763,262720,262733,262762,262714,262724,262728,262728,262734,262741,262728,262737
262799,262855,262877,262885,262846,262860,262884,262840,262851,262855,262855,262861,262867,262855,262864
262928,262973,262997,263003,262963,262989,263002,262957,262967,262980,262980,262995,263005,262971,262980
263081,263102,263125,263134,263092,263117,263133,263086,263096,263106,263112,263122,263137,263101,263109
263171,263229,263251,263259,263219,263244,263258,263213,263224,263235,263239,263249,263266,263228,263239
263327,263359,263381,263389,263348,263372,263388,263342,263352,263364,263366,263380,263391,263356,263366
263432,263486,263509,263515,263477,263490,263514,263470,263481,263485,263485,263491,263491,263485,263493
263562,263605,263627,263635,263595,263619,263634,263589,263599,263610,263614,263625,263637,263603,263614
263688,263730,263755,263760,263720,263743,263759,263714,263724,263734,263736,263753,263763,263728,263736
263803,263846,263869,263876,263837,263859,263875,263830,263841,263851,263854,263867,263878,263845,263854
263939,263966,263990,263996,263956,263979,263995,263950,263960,263973,263973,263988,264000,263964,263973
264050,264091,264113,264121,264081,264105,264120,264075,264085,264095,264098,264112,264126,264089,264098
264171,264209,264231,264240,264199,264222,264239,264193,264203,264213,264216,264230,264246,264207,264216
264292,264331,264353,264361,264322,264345,264360,264316,264326,264336,264340,264352,264364,264330,264340
264410,264454,264476,264486,264445,264468,264485,264439,264449,264464,264464,264474,264492,264453,264464
264534,264566,264589,264597,264556,264579,264596,264550,264560,264570,264573,264589,264599,264564,264573
264666,264694,264715,264729,264684,264708,264728,264678,264688,264703,264703,264714,264732,264692,264703
264768,264813,264836,264841,264803,264825,264840,264797,264807,264819,264819,264834,264843,264811,264819
264907,264930,264952,264965,264920,264944,264964,264914,264924,264934,264939,264950,264983,264928,264936
265013,265052,265076,265081,265042,265064,265080,265036,265047,265056,265058,265074,265083,265050,265058
265130,265168,265189,265200,265157,265182,265199,265151,265162,265173,265177,265187,265203,265166,265177
265256,265291,265314,265320,265281,265305,265319,265274,265286,265297,265300,265312,265321,265291,265300
265395,265417,265439,265445,265406,265430,265444,265400,265412,265422,265424,265437,265448,265416,265424
265492,265536,265558,265564,265526,265547,265563,265519,265531,265542,265542,265556,265567,265535,265542
265617,265655,265678,265684,265645,265668,265683,265639,265649,265659,265663,265676,265686,265653,265663
265739,265777,265798,265813,265767,265791,265812,265761,265770,265783,265785,265796,265818,265774,265785
265853,265899,265922,265929,265890,265912,265928,265884,265894,265905,265905,265921,265931,265897,265905
265985,266022,266045,266051,266012,266036,266050,266006,266015,266030,266030,266043,266053,266019,266030
266102,266144,266165,266175,266134,266158,266174,266128,266139,266150,266154,266163,266178,266144,266154
266231,266264,266287,266293,266255,266278,266292,266249,266259,266271,266273,266287,266296,266264,266273
266349,266377,266398,266406,266366,266391,266405,266360,266371,266381,266385,266397,266408,266375,266385
266480,266502,266523,266533,266492,266516,266532,266486,266497,266508,266512,266521,266536,266502,266512
266590,266630,266652,266660,266620,266642,266659,266615,266625,266637,266637,266651,266666,266629,266637
266710,266746,266770,266777,266736,266760,266776,266730,266740,266750,266755,266768,266783,266744,266755
266851,266871,266894,266902,266862,266886,266901,266856,266866,266876,266881,266893,266905,266870,266881
266960,266994,267015,267023,266984,267008,267022,266979,266988,267000,267003,267014,267026,266992,267003
267076,267110,267131,267141,267100,267124,267140,267094,267104,267115,267119,267130,267144,267107,267119
267211,267241,267263,267271,267231,267256,267270,267226,267235,267246,267251,267262,267275,267239,267251
267312,267364,267385,267395,267354,267378,267394,267349,267359,267369,267373,267383,267398,267363,267373
267458,267490,267511,267520,267479,267504,267519,267473,267484,267493,267498,267510,267521,267488,267498
267600,267621,267646,267650,267611,267634,267649,267605,267615,267624,267628,267644,267653,267619,267628
267704,267743,267765,267771,267732,267757,267770,267726,267736,267747,267752,267763,267773,267740,267749
267840,267868,267890,267897,267858,267883,267896,267852,267862,267874,267878,267889,267898,267866,267878
267941,267987,268009,268017,267978,268001,268016,267972,267982,267992,267996,268007,268021,267986,267996
268081,268112,268135,268142,268102,268127,268141,268096,268106,268118,268123,268133,268143,268110,268120
268222,268243,268265,268276,268234,268258,268275,268228,268238,268251,268255,268264,268280,268241,268255
268310,268363,268387,268394,268353,268378,268393,268348,268357,268369,268374,268385,268402,268361,268374
268470,268489,268514,268521,268480,268505,268520,268474,268484,268497,268500,268512,268525,268487,268500
268596,268616,268638,268648,268607,268629,268647,268601,268611,268625,268625,268638,268652,268615,268625
268696,268735,268759,268766,268725,268751,268765,268720,268729,268741,268747,268757,268770,268733,268744
268831,268861,268885,268893,268852,268877,268892,268847,268857,268868,268873,268884,268895,268861,268870
268941,268991,269013,269019,268982,269005,269018,268976,268986,268998,269002,269011,269022,268990,269002
269072,269109,269135,269140,269100,269124,269139,269094,269104,269117,269117,269133,269142,269107,269117
269200,269232,269256,269263,269223,269249,269262,269218,269227,269238,269244,269256,269266,269232,269241
269304,269350,269372,269379,269341,269362,269378,269335,269345,269358,269358,269371,269382,269348,269358
269428,269467,269488,269498,269456,269481,269497,269450,269461,269472,269477,269486,269501,269466,269477
269545,269590,269613,269621,269579,269604,269620,269573,269583,269592,269592,269611,269624,269586,269592
269663,269708,269729,269737,269698,269720,269736,269692,269702,269715,269715,269728,269743,269706,269715
269790,269824,269842,269851,269811,269835,269850,269805,269815,269825,269827,269841,269853,269818,269827
269929,269952,269973,269982,269941,269965,269981,269935,269945,269954,269960,269971,269985,269948,269957
270039,270078,270098,270109,270067,270090,270108,270061,270071,270083,270083,270096,270112,270075,270083
270165,270199,270219,270229,270189,270212,270228,270183,270193,270204,270208,270218,270232,270198,270208
270281,270325,270347,270355,270316,270340,270354,270310,270320,270331,270335,270346,270356,270324,270335
270400,270446,270469,270476,270437,270459,270475,270431,270441,270453,270453,270468,270478,270445,270453
270534,270562,270585,270592,270553,270576,270591,270547,270557,270567,270571,270584,270596,270561,270571
270641,270681,270704,270712,270672,270696,270711,270666,270677,270686,270691,270703,270713,270681,270691
270753,270792,270812,270820,270782,270805,270819,270777,270786,270799,270801,270810,270826,270790,270801
270869,270902,270923,270935,270892,270916,270934,270886,270897,270906,270911,270922,270938,270900,270908
271008,271030,271052,271060,271020,271044,271059,271014,271024,271037,271037,271050,271065,271027,271037
271131,271152,271173,271180,271143,271165,271179,271137,271147,271158,271158,271172,271182,271150,271158
271232,271270,271292,271300,271260,271284,271299,271254,271264,271274,271279,271290,271301,271268,271279
271381,271402,271423,271434,271392,271416,271433,271386,271397,271407,271411,271422,271438,271401,271411
271482,271526,271544,271557,271516,271537,271556,271510,271520,271530,271532,271542,271561,271524,271532
271610,271645,271665,271676,271635,271659,271675,271628,271639,271649,271654,271664,271677,271643,271651
271729,271768,271790,271803,271758,271782,271802,271752,271762,271771,271776,271788,271807,271766,271776
271842,271884,271905,271913,271876,271897,271912,271870,271880,271890,271893,271903,271915,271884,271893
271966,271999,272029,272041,271990,272014,272034,271984,271994,272004,272009,272030,272038,271998,272009
272083,272123,272147,272155,272114,272137,272154,272109,272118,272129,272133,272146,272158,272122,272133
272194,272243,272264,272269,272234,272258,272268,272228,272238,272249,272254,272262,272269,272242,272254
272317,272363,272387,272392,272351,272375,272391,272346,272356,272365,272370,272378,272394,272360,272370
272436,272498,272522,272528,272486,272504,272527,272481,272489,272496,272499,272505,272510,272492,272499
272567,272623,272650,272631,272615,272628,272631,272610,272619,272623,272623,272629,272636,272623,272632
272697,272747,272769,272774,272736,272761,272773,272730,272740,272749,272755,272767,272776,272743,272752
272844,272876,272894,272907,272862,272887,272906,272855,272866,272874,272874,272892,272911,272869,272874
272945,272996,273019,273024,272987,273009,273023,272981,272992,273000,273004,273017,273025,272995,273004
273086,273125,273147,273154,273117,273140,273153,273111,273121,273130,273136,273146,273155,273125,273133
273197,273259,273281,273288,273250,273263,273287,273244,273254,273258,273258,273264,273269,273258,273266
273328,273385,273408,273416,273377,273390,273415,273371,273381,273385,273385,273391,273397,273385,273394
273462,273503,273525,273535,273494,273518,273534,273488,273498,273508,273514,273524,273537,273502,273511
273585,273628,273652,273660,273620,273632,273659,273614,273624,273628,273628,273633,273640,273628,273636
273699,273753,273775,273784,273744,273758,273783,273738,273749,273754,273754,273759,273765,273754,273761
273818,273882,273909,273913,273871,273892,273910,273866,273874,273880,273886,273906,273914,273877,273883
273987,274028,274057,274062,274014,274040,274059,274009,274015,274020,274026,274044,274063,274017,274023
274144,274160,274182,274187,274150,274165,274184,274144,274159,274167,274172,274178,274185,274163,274169
274267,274286,274337,274343,274273,274297,274313,274267,274276,274282,274284,274301,274318,274278,274284
274398,274417,274440,274446,274406,274431,274445,274400,274415,274424,274427,274439,274447,274419,274427
274522,274539,274566,274569,274530,274551,274568,274524,274534,274545,274548,274564,274574,274539,274548
274638,274657,274678,274682,274646,274671,274681,274641,274649,274657,274659,274676,274683,274652,274659
274727,274780,274801,274806,274769,274780,274805,274764,274773,274776,274776,274781,274785,274776,274783
274839,274897,274917,274929,274887,274900,274928,274881,274891,274894,274894,274901,274904,274894,274902
274969,275013,275034,275046,275003,275028,275045,274997,275007,275022,275022,275033,275049,275010,275022
275080,275138,275169,275173,275129,275146,275173,275124,275133,275149,275153,275168,275176,275136,275140
275199,275239,275250,275264,275254,275279,275293,275213,275219,275224,275240,275247,275259,275221,275236
275327,275358,275371,275392,275376,275398,275399,275351,275359,275364,275364,275369,275380,275364,275372
275442,275481,275495,275518,275502,275524,275541,275466,275473,275477,275484,275492,275520,275475,275481
275597,275613,275633,275637,275604,275626,275636,275598,275607,275617,275622,275631,275638,275613,275622
275674,275707,275724,275737,275695,275717,275736,275689,275699,275701,275703,275723,275741,275700,275703
275773,275805,275825,275835,275794,275814,275834,275789,275797,275803,275807,275824,275837,275800,275807
275863,275909,275932,275923,275898,275918,275922,275893,275902,275910,275910,275920,275923,275904,275910
275972,276027,276045,276049,276014,276035,276048,276009,276017,276022,276028,276043,276050,276019,276025
276091,276144,276164,276168,276136,276157,276167,276130,276140,276150,276150,276163,276170,276143,276150
276208,276256,276273,276291,276246,276267,276290,276241,276250,276259,276261,276272,276294,276253,276261
276325,276368,276392,276402,276359,276383,276401,276354,276363,276381,276381,276390,276405,276367,276381
276434,276482,276504,276492,276472,276489,276492,276467,276476,276484,276484,276490,276495,276479,276484
276545,276587,276606,276618,276579,276599,276617,276573,276583,276604,276607,276611,276619,276587,276594
276661,276697,276722,276727,276687,276701,276726,276682,276692,276696,276696,276702,276706,276696,276704
276763,276816,276839,276846,276807,276832,276845,276801,276811,276828,276828,276838,276850,276815,276828
276880,276929,276954,276959,276920,276939,276958,276914,276924,276933,276933,276944,276962,276927,276933
276998,277041,277066,277072,277031,277053,277071,277025,277035,277056,277056,277065,277073,277039,277056
277109,277155,277179,277186,277146,277171,277185,277140,277150,277160,277160,277178,277189,277154,277160
277221,277273,277295,277307,277264,277287,277306,277259,277268,277281,277281,277293,277308,277272,277281
277347,277385,277407,277416,277376,277387,277415,277370,277380,277383,277383,277388,277394,277383,277390
277450,277503,277527,277540,277494,277516,277539,277488,277498,277509,277509,277526,277542,277502,277509
277567,277620,277630,277632,277607,277625,277631,277603,277610,277615,277621,277628,277633,277613,277618
277675,277714,277726,277750,277689,277719,277731,277685,277692,277698,277715,277723,277736,277695,277712
277796,277845,277858,277879,277864,277885,277899,277800,277807,277813,277847,277855,277904,277810,277843
277975,277995,278033,278036,277980,278004,278035,277974,277983,277994,277999,278030,278037,277985,277987
278101,278117,278140,278143,278108,278126,278142,278102,278112,278117,278118,278138,278145,278114,278118
278179,278237,278258,278267,278228,278251,278266,278223,278232,278246,278246,278256,278270,278235,278246
278306,278356,278377,278390,278347,278358,278389,278341,278351,278354,278354,278359,278364,278354,278361
278420,278480,278502,278508,278470,278483,278507,278465,278474,278478,278478,278484,278487,278478,278485
278545,278599,278621,278628,278589,278603,278627,278583,278593,278597,278597,278604,278604,278597,278605
278666,278725,278747,278763,278716,278739,278762,278710,278721,278733,278733,278746,278765,278725,278733
278791,278850,278871,278880,278840,278860,278879,278834,278845,278860,278860,278870,278880,278851,278860
278917,278967,278987,278998,278957,278981,278997,278951,278962,278973,278977,278986,279000,278966,278977
279042,279090,279114,279122,279081,279104,279121,279075,279085,279098,279098,279113,279127,279088,279098
279162,279215,279239,279244,279206,279227,279243,279200,279210,279221,279221,279237,279246,279214,279221
279288,279339,279362,279370,279330,279343,279369,279324,279334,279338,279338,279344,279350,279338,279346
279411,279464,279487,279494,279455,279468,279493,279449,279460,279464,279464,279469,279475,279464,279472
279532,279577,279596,279607,279568,279590,279606,279562,279573,279583,279587,279595,279610,279577,279587
279651,279689,279712,279721,279680,279704,279720,279674,279684,279694,279699,279711,279722,279688,279696
279788,279809,279833,279839,279800,279824,279838,279794,279804,279813,279819,279830,279842,279808,279816
279877,279930,279953,279959,279922,279946,279958,279916,279926,279937,279942,279952,279961,279930,279942
280008,280045,280069,280076,280036,280061,280075,280030,280040,280050,280056,280067,280078,280044,280053
280123,280176,280198,280204,280165,280190,280203,280159,280169,280180,280180,280196,280206,280173,280180
280284,280309,280332,280339,280290,280318,280335,280304,280311,280317,280317,280323,280340,280317,280326
280362,280397,280411,280436,280420,280442,280443,280362,280369,280373,280399,280407,280437,280371,280396
280489,280528,280542,280561,280548,280568,280581,280498,280507,280513,280529,280539,280553,280510,280526
280655,280676,280702,280706,280660,280685,280706,280669,280679,280687,280692,280700,280708,280683,280689
280738,280799,280820,280824,280788,280813,280823,280783,280791,280803,280808,280817,280826,280793,280799
280904,280921,280949,280955,280913,280933,280954,280907,280917,280926,280928,280937,280960,280921,280928
280992,281044,281064,281077,281034,281047,281076,281029,281039,281043,281043,281048,281054,281043,281050
281107,281171,281194,281200,281162,281185,281199,281156,281166,281178,281178,281193,281201,281170,281178
281234,281288,281313,281318,281279,281300,281317,281273,281283,281291,281294,281301,281329,281286,281294
281362,281411,281435,281442,281401,281416,281441,281396,281406,281409,281409,281417,281422,281409,281419
281480,281534,281559,281565,281526,281539,281564,281520,281530,281534,281534,281540,281569,281534,281542
281607,281651,281673,281682,281642,281665,281681,281636,281647,281657,281661,281672,281690,281651,281661
281725,281773,281796,281803,281763,281779,281802,281758,281767,281771,281771,281780,281786,281771,281783
281841,281891,281912,281921,281882,281904,281920,281876,281887,281900,281900,281913,281923,281892,281900
281960,282013,282037,282042,282003,282017,282041,281997,282007,282011,282011,282018,282018,282011,282019
282086,282138,282160,282169,282129,282144,282168,282123,282133,282137,282137,282145,282145,282137,282146
282202,282254,282277,282283,282245,282268,282282,282240,282250,282263,282263,282275,282285,282253,282263
282336,282375,282397,282409,282366,282389,282408,282360,282370,282381,282385,282396,282412,282374,282385
282447,282502,282525,282533,282493,282507,282532,282487,282498,282502,282502,282508,282514,282502,282510
282571,282622,282645,282650,282613,282636,282649,282607,282618,282630,282634,282643,282652,282622,282634
282705,282744,282767,282773,282735,282759,282772,282730,282740,282751,282756,282765,282774,282744,282753
282831,282862,282886,282893,282854,282877,282892,282848,282858,282868,282873,282885,282896,282862,282870
282938,282973,282995,283002,282964,282988,283001,282958,282968,282980,282984,282993,283003,282972,282984
283043,283080,283102,283110,283070,283094,283109,283065,283074,283084,283089,283100,283113,283078,283086
283162,283208,283232,283243,283199,283222,283242,283193,283203,283214,283214,283231,283250,283207,283214
283286,283338,283360,283365,283328,283345,283364,283322,283333,283337,283337,283346,283346,283337,283347
283409,283459,283478,283489,283446,283471,283488,283440,283451,283465,283465,283477,283492,283459,283465
283539,283584,283605,283614,283574,283597,283613,283566,283579,283588,283591,283603,283619,283583,283591
283667,283708,283729,283736,283698,283721,283735,283692,283703,283713,283717,283727,283740,283707,283717
283782,283829,283854,283860,283819,283841,283859,283813,283823,283846,283846,283853,283862,283827,283846
283903,283955,283979,283987,283946,283967,283986,283940,283950,283970,283970,283978,283989,283954,283970
284028,284080,284102,284110,284071,284093,284109,284065,284076,284088,284088,284100,284116,284079,284088
284161,284199,284221,284231,284190,284214,284230,284184,284194,284206,284211,284220,284235,284198,284208
284275,284325,284349,284356,284316,284331,284355,284310,284320,284325,284325,284332,284337,284325,284334
284397,284448,284472,284478,284440,284463,284477,284435,284444,284455,284460,284470,284480,284448,284460
284553,284572,284643,284647,284563,284587,284603,284557,284567,284578,284584,284593,284605,284572,284581
284683,284702,284727,284735,284693,284717,284734,284687,284697,284709,284714,284725,284742,284702,284711
284776,284825,284847,284857,284816,284840,284856,284811,284820,284831,284836,284845,284861,284825,284836
284898,284940,284963,284971,284931,284956,284970,284926,284936,284947,284952,284961,284974,284940,284949
285031,285068,285092,285098,285059,285084,285097,285053,285063,285073,285080,285090,285101,285066,285077
285138,285195,285217,285225,285186,285200,285224,285181,285190,285195,285195,285201,285207,285195,285204
285259,285318,285341,285348,285309,285332,285347,285303,285313,285322,285327,285338,285349,285317,285324
285446,285467,285489,285503,285457,285482,285502,285451,285461,285476,285476,285487,285541,285465,285476
285588,285606,285627,285639,285596,285621,285638,285589,285601,285610,285617,285625,285686,285605,285613
285717,285735,285755,285761,285724,285748,285760,285718,285728,285742,285745,285753,285763,285730,285733
285835,285854,285873,285885,285845,285866,285884,285839,285849,285862,285862,285871,285888,285856,285862
285919,285968,285991,285999,285959,285982,285998,285953,285963,285975,285978,285989,286004,285968,285978
286071,286085,286113,286092,286077,286089,286092,286071,286081,286086,286086,286090,286096,286086,286093
286138,286189,286203,286226,286208,286224,286244,286173,286179,286183,286190,286199,286226,286181,286187
286272,286324,286339,286344,286344,,,286318,286326,286331,286331,286336,286347,286331,286340
286380,286455,286469,286488,286474,286500,286510,286404,286408,286410,286458,286467,286487,286409,286455
286595,286613,286629,286643,286601,286623,286642,286595,286603,286608,286613,286627,286646,286605,286610
286671,286723,286747,,286715,286734,286760,286710,286719,286726,286729,286735,286739,286722,286729
286785,286830,286848,,286821,286842,286859,286815,286825,286847,286862,286886,286885,286828,286859
286889,286934,286954,286960,286924,286938,286959,286918,286929,286934,286934,286939,286945,286934,286942
286993,287052,287074,287077,287043,287067,287076,287038,287047,287055,287061,287072,287079,287050,287057
287170,287184,287246,287255,287176,287196,287255,287171,287179,287186,287190,287242,287256,287182,287190
287295,287310,287337,287345,287301,287327,287340,287295,287303,287307,287311,287334,287344,287305,287311
287371,287420,287441,287452,287412,287429,287451,287407,287416,287424,287424,287430,287456,287419,287424
287481,287524,287544,287548,287515,287531,287547,287509,287521,287528,287528,287534,287551,287528,287535
287582,287622,287644,287655,287613,287637,287654,287608,287616,287630,287634,287642,287658,287619,287623
287687,287725,287749,287753,287715,287735,287752,287710,287719,287740,287743,287747,287756,287723,287730
287835,287863,287886,287898,287850,287880,287897,287845,287854,287861,287865,287884,287934,287857,287865
287976,287995,288014,288029,287983,288009,288028,287978,287986,287997,288004,288020,288036,287988,288001
288056,288116,288137,288124,288103,288121,288124,288098,288105,288109,288115,288122,288127,288107,288115
288172,288226,288247,288255,288216,288232,288254,288211,288220,288223,288223,288233,288237,288223,288234
288286,288334,288357,288363,288326,288341,288362,288319,288331,288335,288335,288342,288348,288335,288345
288401,288443,288465,288476,288433,288457,288475,288427,288437,288447,288449,288464,288480,288441,288449
288517,288568,288590,288595,288558,288582,288594,288552,288562,288571,288571,288588,288595,288565,288571
288640,288692,288718,288724,288682,288704,288723,288677,288687,288695,288698,288707,288726,288690,288698
288761,288812,288834,288848,288803,288825,288847,288797,288808,288819,288819,288832,288852,288812,288819
288879,288923,288946,288951,288914,288933,288950,288908,288918,288937,288937,288944,288953,288921,288937
288993,289033,289058,289050,289024,289041,289049,289018,289029,289033,289033,289045,289050,289033,289048
289092,289143,289168,289173,289134,289154,289172,289128,289138,289159,289159,289166,289175,289142,289159
289218,289266,289290,289305,289256,289279,289304,289250,289261,289274,289274,289289,289308,289265,289274
289335,289386,289408,289418,289376,289400,289417,289370,289380,289394,289394,289407,289420,289385,289394
289459,289505,289532,289538,289496,289508,289537,289489,289501,289505,289505,289509,289514,289505,289511
289575,289623,289640,,289615,289633,289667,289577,289584,289587,289621,289638,289656,289586,289616
289685,289738,289763,289769,289730,289749,289768,289724,289734,289743,289743,289751,289774,289737,289743
289801,289854,289877,289882,289845,289871,289881,289840,289849,289860,289867,289876,289883,289853,289864
289933,289984,290002,290018,289974,289995,290017,289968,289978,289990,289990,290001,290021,289981,289990
290054,290107,290129,290138,290097,290111,290137,290090,290102,290107,290107,290112,290117,290107,290114
290178,290227,290246,290260,290218,290240,290259,290212,290222,290232,290236,290244,290264,290226,290236
290294,290341,290366,290371,290332,290350,290370,290326,290337,290347,290347,290353,290380,290341,290347
290407,290453,290472,290484,290441,290465,290483,290437,290445,290451,290455,290470,290487,290447,290455
290511,290564,290587,,290555,290580,290599,290550,290559,290574,290574,290585,290592,290562,290574
290622,290684,290728,290730,290674,290700,290713,290669,290683,290691,290696,290708,290717,290688,290696
290809,290827,290843,290856,290815,290838,290856,290809,290817,290820,290825,290852,290858,290818,290822
290888,290933,290944,290959,290907,290937,290949,290926,290933,290937,290937,290941,290957,290937,290945
291014,291063,291076,291088,291081,291090,291096,291047,291052,291056,291063,291072,291087,291054,291060
291135,291182,291194,291210,291199,291223,291235,291145,291150,291156,291184,291192,291203,291153,291181
291307,291323,291380,291388,291314,291334,291375,291307,291319,291338,291356,291371,291376,291324,291353
291419,291438,291464,291468,291429,291449,291467,291423,291433,291452,291456,291462,291469,291436,291442
291506,291563,291583,291591,291552,291562,291590,291547,291556,291559,291559,291563,291573,291559,291565
291631,291691,291711,291724,291680,291691,291723,291674,291684,291687,291687,291692,291698,291687,291694
291756,291815,291838,291844,291806,291817,291843,291800,291810,291813,291813,291818,291822,291813,291819
291879,291931,291955,291968,291922,291935,291967,291916,291927,291930,291930,291936,291938,291930,291937
292002,292042,292062,292075,292033,292056,292074,292027,292037,292047,292051,292061,292087,292041,292051
292115,292160,292184,292193,292150,292164,292192,292144,292155,292159,292159,292165,292173,292159,292168
292224,292277,292301,,292268,292285,292321,292262,292273,292278,292278,292286,292292,292278,292288
292342,292384,292396,292398,292376,292391,292397,292371,292380,292387,292387,292394,292399,292382,292387
292442,292507,292538,292542,292495,292522,292539,292491,292498,292502,292507,292529,292543,292500,292507
292610,292627,292651,292653,292616,292641,292651,292621,292626,292632,292637,292645,292654,292629,292637
292708,292727,292763,292769,292714,292739,292755,292707,292716,292728,292735,292743,292757,292718,292732
292795,292820,292840,292843,292802,292828,292842,292796,292805,292813,292822,292838,292845,292808,292819
292898,292921,292935,292947,292904,292926,292940,292915,292922,292925,292925,292930,292944,292925,292932
292962,292985,292999,293020,293004,293027,293029,292971,292976,292979,292987,292996,293020,292978,292984
293065,293110,293123,293146,293129,293144,293155,293104,293111,293115,293115,293119,293151,293115,293123
293189,293241,293255,293274,293262,293273,293283,293235,293243,293247,293247,293252,293267,293247,293257
293320,293358,293373,293392,293379,293393,293402,293321,293334,293341,293360,293369,293393,293338,293357
293434,293476,293488,293502,293493,293519,293534,293467,293477,293481,293481,293486,293500,293481,293489
293602,293617,293639,293643,293607,293633,293642,293601,293616,293624,293630,293637,293644,293620,293627
293676,293724,293749,293755,293716,293730,293754,293711,293720,293723,293723,293731,293735,293723,293733
293794,293833,293850,293868,293824,293844,293867,293818,293829,293837,293838,293848,293871,293832,293838
293892,293931,293949,293971,293922,293944,293970,293915,293927,293935,293940,293948,293975,293931,293940
293997,294033,294059,,294023,294046,294071,294018,294027,294038,294040,294047,294047,294031,294040
294091,294155,294179,294185,294144,294154,294184,294139,294148,294151,294151,294155,294161,294151,294158
294214,294270,294303,294308,294261,294283,294290,294256,294267,294278,294280,294287,294292,294273,294280
294341,294389,294415,294424,294380,294394,294423,294374,294384,294389,294389,294395,294400,294389,294397
294453,294512,294533,,294502,294517,294544,294497,294507,294512,294512,294518,294525,294512,294521
294570,294623,294645,294649,294613,294633,294648,294606,294617,294636,294636,294643,294651,294620,294636
294693,294740,294762,,294730,294754,294777,294724,294734,294746,294746,294760,294778,294737,294746
294801,294862,294883,294893,294852,294870,294892,294846,294856,294860,294860,294871,294871,294860,294871
294934,294977,294999,295012,294967,294992,295011,294961,294972,294983,294988,294997,295015,294977,294985
295046,295099,295120,295132,295089,295112,295131,295083,295094,295105,295105,295118,295135,295098,295105
295167,295217,295239,295251,295208,295225,295250,295202,295213,295218,295218,295226,295230,295218,295227
295280,295325,295347,295353,295316,295338,295352,295310,295320,295332,295332,295345,295355,295325,295332
295396,295439,295462,295479,295429,295455,295478,295424,295434,295446,295450,295461,295486,295438,295450
295510,295565,295590,295596,295555,295569,295595,295550,295560,295564,295564,295570,295575,295564,295572
295635,295691,295715,295721,295682,295698,295720,295676,295686,295692,295692,295699,295723,295692,295700
295764,295812,295833,295844,295802,295826,295843,295796,295807,295817,295822,295831,295847,295812,295819
295882,295937,295959,295968,295928,295942,295967,295922,295933,295937,295937,295943,295948,295937,295945
296013,296059,296081,296089,296050,296072,296088,296044,296054,296069,296069,296080,296091,296058,296069
296131,296173,,,,,,,,,,,,,
