on,sp,dn,dp,off,u,v,w,a,b,c,d,e,f,p1,p2
79,100,122,134,179,91,109,127,85,96,110,110,121,133,100,110
179,207,229,242,290,199,216,234,193,203,217,217,227,240,207,217
290,311,333,346,395,302,321,340,296,307,320,320,331,345,311,320
395,419,441,451,501,409,429,446,403,414,430,430,439,451,418,430
501,523,543,555,603,513,533,548,506,517,530,530,541,553,522,530
603,624,645,656,707,614,635,650,607,619,633,633,644,656,624,633
707,728,748,760,812,718,738,754,711,722,736,736,747,760,727,736
812,833,855,868,914,824,844,861,817,829,843,843,853,867,833,843
914,935,957,971,1015,926,945,963,920,931,946,946,955,970,935,946
1015,1036,1058,1072,1118,1027,1047,1065,1021,1032,1045,1045,1057,1071,1036,1045
1118,1138,1160,1174,1214,1129,1149,1167,1123,1134,1149,1149,1159,1173,1138,1149
1214,1234,1256,1270,1310,1225,1244,1262,1219,1230,1244,1244,1254,1268,1234,1244
1310,1332,1354,1367,1412,1323,1342,1360,1317,1328,1342,1342,1353,1366,1332,1342
1412,1433,1455,1468,1509,1425,1443,1461,1419,1429,1443,1443,1453,1467,1434,1443
1509,1529,1551,1564,1607,1521,1538,1556,1515,1525,1539,1539,1549,1563,1530,1539
1607,1631,1653,1666,1711,1622,1640,1659,1616,1627,1642,1642,1652,1664,1631,1642
1711,1735,1757,1770,1812,1727,1744,1763,1721,1731,1746,1746,1755,1769,1736,1746
1812,1834,1855,1868,1911,1825,1843,1861,1819,1830,1843,1843,1854,1867,1834,1843
1911,1934,1956,1969,2017,1925,1944,1962,1919,1930,1943,1943,1954,1969,1934,1943
2017,2038,2059,2072,2114,2029,2048,2065,2023,2034,2047,2047,2058,2071,2038,2047
2114,2135,2156,2167,2214,2125,2145,2161,2119,2130,2144,2144,2154,2167,2135,2144
2214,2236,2257,2269,2326,2226,2245,2262,2220,2231,2246,2246,2256,2268,2235,2246
2326,2350,2372,2385,2428,2341,2360,2377,2335,2346,2361,2361,2370,2384,2351,2361
2428,2451,2473,2485,2528,2442,2461,2479,2436,2447,2462,2462,2471,2484,2451,2462
2528,2550,2571,2582,2631,2540,2561,2576,2534,2544,2559,2559,2569,2582,2548,2559
2631,2649,2673,2684,2727,2641,2655,2676,2636,2645,2659,2662,2671,2681,2650,2662
2727,2744,2767,2779,2824,2736,2750,2771,2731,2740,2753,2756,2765,2777,2744,2756
2824,2842,2866,2876,2927,2834,2848,2869,2828,2838,2851,2855,2864,2875,2842,2855
2927,2946,2967,2979,3025,2936,2958,2971,2930,2941,2954,2956,2966,2977,2945,2956
3025,3045,3065,3076,3125,3035,3055,3070,3029,3040,3052,3052,3063,3075,3044,3052
3125,3146,3166,3177,3229,3136,3157,3172,3129,3140,3153,3153,3165,3179,3145,3153
3229,3250,3271,3283,3329,3241,3260,3276,3234,3246,3259,3259,3269,3282,3250,3259
3329,3350,3371,3382,3430,3341,3360,3377,3335,3346,3359,3359,3370,3383,3350,3359
3430,3452,3473,3485,3534,3442,3462,3479,3436,3447,3461,3461,3471,3485,3452,3461
3534,3555,3577,3589,3631,3546,3565,3582,3540,3551,3564,3564,3575,3588,3555,3564
3631,3651,3672,3685,3727,3642,3660,3678,3636,3647,3661,3661,3670,3684,3651,3661
3727,3748,3770,3782,3827,3739,3757,3775,3733,3743,3758,3758,3768,3781,3748,3758
3827,3848,3871,3883,3927,3839,3857,3876,3834,3844,3859,3859,3869,3882,3849,3859
3927,3947,3969,3982,4023,3939,3956,3975,3933,3944,3957,3957,3967,3981,3948,3957
4023,4043,4065,4077,4122,4034,4053,4070,4028,4039,4053,4053,4063,4076,4043,4053
4122,4143,4165,4177,4220,4134,4152,4170,4128,4138,4153,4153,4163,4176,4143,4153
4220,4245,4266,4280,4322,4236,4255,4273,4230,4241,4255,4255,4265,4279,4245,4255
4322,4344,4366,4378,4421,4335,4353,4371,4329,4339,4354,4354,4364,4376,4344,4354
4421,4445,4467,4480,4521,4436,4455,4473,4430,4441,4455,4455,4466,4479,4445,4455
4521,4546,4567,4582,4623,4538,4556,4574,4532,4542,4556,4556,4566,4580,4547,4556
4623,4644,4666,4679,4723,4635,4654,4672,4629,4640,4654,4654,4664,4678,4644,4654
4723,4744,4766,4778,4825,4735,4754,4772,4729,4740,4753,4753,4765,4778,4744,4753
4825,4847,4869,4882,4923,4838,4857,4875,4832,4843,4857,4857,4867,4881,4848,4857
4923,4944,4965,4978,5022,4935,4954,4971,4929,4940,4954,4954,4964,4977,4944,4954
5022,5044,5065,5078,5125,5034,5054,5071,5028,5039,5053,5053,5064,5077,5043,5053
5125,5147,5169,5182,5224,5138,5156,5175,5132,5143,5157,5157,5167,5181,5147,5157
5224,5245,5267,5280,5323,5236,5255,5273,5230,5241,5255,5255,5265,5279,5245,5255
5323,5346,5368,5381,5425,5337,5355,5374,5331,5341,5356,5356,5366,5379,5346,5356
5425,5447,5468,5482,5518,5438,5456,5474,5432,5443,5456,5456,5466,5480,5447,5456
5518,5538,5559,5572,5606,5529,5546,5565,5523,5534,5548,5548,5558,5570,5539,5548
5606,5626,5648,5659,5698,5617,5635,5653,5611,5622,5636,5636,5646,5658,5626,5636
5698,5719,5740,5751,5802,5710,5730,5746,5704,5714,5727,5727,5738,5752,5718,5727
5802,5824,5843,5853,5903,5813,5835,5847,5807,5817,5830,5830,5841,5852,5822,5830
5903,5923,5945,5956,6007,5914,5935,5949,5908,5918,5933,5933,5943,5955,5922,5933
6007,6027,6049,6060,6114,6017,6037,6053,6011,6022,6035,6035,6047,6060,6026,6035
6114,6135,6156,6167,6216,6125,6145,6160,6118,6129,6142,6142,6154,6167,6134,6142
6216,6237,6257,6266,6312,6227,6248,6262,6220,6231,6244,6244,6255,6267,6236,6244
6312,6333,6354,6366,6411,6323,6344,6360,6317,6328,6342,6342,6352,6368,6333,6342
6411,6432,6452,6464,6508,6422,6442,6459,6415,6427,6439,6439,6450,6465,6431,6439
6508,6530,6550,6560,6604,6520,6540,6555,6513,6524,6538,6538,6548,6561,6528,6538
6604,6625,6646,6656,6703,6615,6636,6651,6608,6619,6634,6634,6644,6657,6624,6634
6703,6724,6745,6756,6806,6714,6735,6750,6707,6718,6732,6732,6743,6756,6723,6732
6806,6827,6848,6859,6903,6817,6837,6853,6811,6822,6835,6835,6846,6859,6826,6835
6903,6924,6945,6957,7001,6914,6935,6951,6908,6919,6933,6933,6943,6958,6924,6933
7001,7022,7043,7055,7100,7012,7031,7048,7006,7017,7031,7031,7041,7055,7022,7031
7100,7120,7141,7154,7193,7111,7129,7146,7105,7116,7130,7130,7140,7152,7121,7130
7193,7213,7234,7245,7285,7204,7221,7239,7198,7209,7222,7222,7232,7245,7213,7222
7285,7306,7327,7338,7382,7297,7315,7332,7291,7302,7315,7315,7326,7338,7306,7315
7382,7405,7424,7434,7485,7395,7415,7428,7389,7400,7412,7412,7422,7433,7404,7412
7485,7505,7525,7534,7600,7495,7516,7529,7489,7499,7512,7512,7523,7534,7503,7512
7600,7618,7639,7650,7714,7609,7630,7643,7604,7613,7626,7629,7637,7649,7617,7629
7714,7733,7752,7763,7820,7724,7744,7757,7718,7728,7740,7740,7750,7762,7731,7740
7820,7842,7861,7870,7930,7831,7852,7865,7824,7836,7848,7848,7859,7870,7840,7848
7930,7952,7972,7982,8041,7942,7962,7977,7936,7947,7960,7960,7971,7982,7952,7960
8041,8062,8083,8095,8147,8053,8072,8088,8047,8058,8070,8070,8081,8094,8062,8070
8147,8168,8190,8202,8250,8159,8177,8195,8153,8164,8179,8179,8188,8201,8168,8179
8250,8271,8294,8306,8348,8263,8280,8299,8256,8267,8282,8282,8292,8304,8272,8282
8348,8369,8391,8403,8445,8360,8378,8396,8354,8365,8379,8379,8389,8402,8369,8379
8445,8465,8487,8499,8544,8456,8474,8492,8450,8461,8475,8475,8485,8498,8465,8475
8544,8565,8587,8599,8643,8556,8574,8592,8550,8561,8576,8576,8586,8598,8565,8576
8643,8663,8685,8697,8738,8654,8672,8690,8649,8659,8673,8673,8683,8695,8663,8673
8738,8758,8781,8792,8838,8750,8768,8786,8744,8754,8769,8769,8779,8791,8758,8769
8838,8858,8880,8893,8936,8850,8868,8886,8844,8854,8869,8869,8879,8891,8858,8869
8936,8958,8980,8992,9036,8950,8968,8986,8944,8954,8969,8969,8979,8991,8958,8969
9036,9057,9080,9092,9137,9048,9067,9085,9042,9053,9068,9068,9078,9091,9057,9068
9137,9158,9181,9194,9238,9150,9168,9186,9144,9154,9169,9169,9179,9192,9158,9169
9238,9259,9281,9294,9334,9250,9268,9286,9244,9255,9269,9269,9279,9292,9259,9269
9334,9354,9376,9390,9431,9345,9364,9383,9339,9350,9364,9364,9375,9389,9355,9364
9431,9452,9475,9488,9531,9443,9460,9480,9437,9448,9463,9463,9473,9486,9453,9463
9531,9552,9575,9589,9627,9544,9561,9580,9538,9549,9563,9563,9573,9587,9554,9563
9627,9647,9669,9682,9721,9638,9655,9675,9632,9643,9657,9657,9667,9681,9649,9657
9721,9742,9764,9776,9815,9733,9749,9769,9727,9738,9753,9753,9762,9775,9744,9753
9815,9835,9856,9869,9907,9826,9842,9862,9820,9832,9846,9846,9854,9868,9837,9846
9907,9927,9949,9960,10004,9918,9934,9954,9912,9924,9937,9937,9947,9960,9929,9937
10004,10025,10046,10058,10103,10016,10036,10052,10010,10021,10034,10034,10044,10058,10025,10034
10103,10125,10145,10157,10200,10116,10135,10151,10110,10121,10133,10133,10143,10157,10125,10133
10200,10221,10241,10252,10298,10211,10232,10247,10205,10216,10228,10228,10240,10252,10220,10228
10298,10320,10339,10351,10396,10309,10330,10345,10303,10314,10327,10327,10338,10351,10319,10327
10396,10416,10436,10446,10490,10406,10426,10440,10400,10411,10423,10423,10434,10445,10415,10423
10490,10507,10528,10540,10588,10499,10518,10533,10493,10503,10515,10515,10526,10538,10506,10515
10588,10605,10629,10639,10688,10597,10609,10633,10592,10601,10612,10618,10627,10637,10605,10615
10688,10704,10728,10739,10786,10697,10711,10732,10692,10701,10716,10716,10727,10737,10705,10716
10786,10805,10828,10837,10887,10796,10816,10832,10790,10799,10816,10816,10826,10836,10803,10816
10887,10908,10927,10937,10984,10897,10918,10931,10890,10902,10915,10915,10925,10936,10907,10915
10984,11005,11024,11034,11077,10995,11015,11029,10988,11000,11012,11012,11023,11035,11004,11012
11077,11098,11118,11129,11170,11088,11109,11124,11082,11093,11105,11105,11116,11130,11097,11105
11170,11191,11211,11223,11259,11181,11200,11217,11175,11186,11200,11200,11209,11224,11191,11200
11259,11279,11299,11309,11344,11269,11289,11304,11263,11274,11286,11286,11297,11308,11278,11286
11344,11363,11383,11393,11429,11353,11375,11389,11347,11358,11370,11370,11381,11395,11362,11370
11429,11449,11469,11477,11513,11439,11459,11473,11432,11443,11458,11458,11467,11478,11447,11458
11513,11531,11550,11558,11596,11521,11540,11553,11515,11525,11536,11536,11548,11557,11529,11536
11596,11614,11634,11643,11684,11605,11626,11638,11599,11609,11621,11621,11632,11644,11612,11621
11684,11702,11723,11732,11780,11693,11715,11727,11687,11697,11707,11711,11721,11732,11701,11711
11780,11798,11819,11829,11874,11790,11810,11822,11784,11793,11803,11805,11817,11827,11797,11805
11874,11892,11914,11923,11971,11883,11906,11917,11878,11887,11898,11903,11912,11922,11891,11903
11971,11991,12010,12020,12071,11980,12001,12014,11974,11984,11997,11997,12008,12020,11988,11997
12071,12091,12112,12121,12168,12081,12103,12115,12075,12086,12098,12098,12110,12121,12090,12098
12168,12188,12208,12217,12265,12178,12199,12213,12172,12183,12196,12196,12206,12223,12187,12196
12265,12286,12307,12317,12365,12276,12298,12312,12270,12281,12293,12293,12305,12318,12286,12293
12365,12386,12407,12418,12462,12376,12397,12413,12370,12381,12394,12394,12406,12418,12385,12394
12462,12483,12503,12514,12555,12473,12493,12509,12467,12478,12491,12491,12502,12514,12482,12491
12555,12576,12597,12608,12650,12566,12587,12603,12560,12571,12585,12585,12595,12609,12575,12585
12650,12670,12691,12704,12742,12661,12681,12697,12654,12666,12678,12678,12689,12704,12670,12678
12742,12763,12783,12796,12834,12754,12772,12789,12747,12758,12771,12771,12782,12795,12763,12771
12834,12854,12876,12887,12929,12845,12864,12881,12839,12849,12864,12864,12874,12887,12853,12864
12929,12950,12971,12983,13027,12940,12959,12977,12934,12945,12959,12959,12969,12983,12949,12959
13027,13048,13070,13083,13123,13039,13059,13076,13033,13044,13057,13057,13068,13081,13048,13057
13123,13143,13165,13178,13220,13134,13153,13171,13128,13139,13153,13153,13163,13178,13143,13153
13220,13241,13263,13276,13319,13232,13252,13269,13226,13236,13250,13250,13262,13275,13241,13250
13319,13341,13362,13375,13416,13331,13351,13368,13325,13336,13349,13349,13360,13374,13340,13349
13416,13437,13459,13472,13513,13428,13447,13465,13421,13432,13447,13447,13457,13471,13436,13447
13513,13534,13556,13570,13609,13525,13545,13563,13519,13530,13544,13544,13555,13570,13534,13544
13609,13630,13651,13665,13701,13621,13640,13657,13615,13625,13639,13639,13650,13663,13630,13639
13701,13722,13744,13757,13798,13713,13733,13750,13706,13717,13731,13731,13742,13756,13722,13731
13798,13818,13840,13854,13894,13809,13829,13846,13803,13814,13828,13828,13839,13852,13818,13828
13894,13915,13937,13951,13987,13906,13925,13943,13900,13911,13925,13925,13935,13949,13915,13925
13987,14007,14029,14042,14081,13998,14017,14035,13992,14003,14016,14016,14027,14041,14007,14016
14081,14102,14123,14137,14179,14092,14111,14130,14086,14097,14112,14112,14122,14135,14102,14112
14179,14201,14222,14237,14277,14192,14212,14230,14186,14197,14210,14210,14221,14236,14201,14210
14277,14298,14319,14331,14373,14288,14308,14325,14282,14293,14309,14309,14318,14330,14297,14309
14373,14394,14415,14429,14470,14385,14405,14423,14378,14390,14402,14402,14414,14429,14394,14402
14470,14491,14512,14525,14564,14482,14502,14518,14476,14487,14501,14501,14511,14524,14492,14501
14564,14584,14606,14618,14658,14575,14594,14612,14568,14580,14593,14593,14604,14617,14584,14593
14658,14679,14701,14714,14756,14670,14690,14707,14664,14675,14688,14688,14699,14713,14679,14688
14756,14779,14800,14814,14852,14770,14789,14806,14764,14774,14787,14787,14799,14812,14778,14787
14852,14873,14894,14908,14946,14864,14882,14900,14858,14869,14883,14883,14893,14906,14873,14883
14946,14966,14988,15002,15040,14957,14975,14994,14951,14962,14976,14976,14986,15000,14966,14976
15040,15060,15082,15095,15131,15052,15069,15087,15046,15056,15070,15070,15080,15093,15061,15070
15131,15150,15172,15184,15222,15142,15158,15177,15136,15147,15160,15160,15170,15183,15152,15160
15222,15242,15265,15277,15321,15234,15250,15270,15228,15239,15255,15255,15263,15275,15244,15255
15321,15342,15364,15377,15420,15333,15353,15370,15327,15338,15351,15351,15362,15376,15342,15351
15420,15444,15464,15476,15525,15434,15455,15470,15428,15439,15452,15452,15463,15479,15443,15452
15525,15547,15568,15579,15631,15537,15558,15573,15531,15542,15556,15556,15566,15579,15546,15556
15631,15654,15675,15688,15737,15645,15666,15682,15638,15649,15662,15662,15674,15687,15654,15662
15737,15759,15780,15793,15837,15750,15770,15787,15743,15754,15767,15767,15778,15793,15759,15767
15837,15858,15880,15893,15938,15849,15868,15886,15843,15854,15868,15868,15878,15892,15858,15868
15938,15959,15981,15994,16038,15950,15969,15988,15944,15955,15969,15969,15979,15994,15959,15969
16038,16060,16082,16096,16137,16051,16070,16088,16045,16056,16070,16070,16080,16095,16060,16070
16137,16157,16179,16193,16231,16148,16167,16185,16142,16153,16167,16167,16177,16192,16158,16167
16231,16252,16274,16287,16327,16243,16261,16280,16237,16248,16262,16262,16272,16286,16252,16262
16327,16348,16370,16384,16426,16340,16356,16376,16334,16345,16359,16359,16368,16382,16350,16359
16426,16447,16468,16482,16521,16438,16454,16474,16432,16443,16457,16457,16467,16480,16448,16457
16521,16542,16564,16577,16618,16534,16549,16569,16528,16539,16553,16553,16562,16575,16544,16553
16618,16639,16661,16674,16718,16630,16646,16666,16624,16635,16649,16649,16659,16672,16640,16649
16718,16741,16762,16774,16818,16731,16751,16768,16725,16736,16752,16752,16761,16774,16740,16752
16818,16840,16860,16870,16916,16830,16850,16865,16823,16834,16847,16847,16858,16871,16838,16847
16916,16936,16956,16967,17015,16926,16947,16962,16920,16930,16944,16944,16955,16967,16935,16944
17015,17035,17056,17067,17120,17025,17047,17061,17019,17029,17044,17044,17054,17069,17033,17044
17120,17141,17161,17173,17219,17131,17152,17166,17124,17136,17149,17149,17160,17172,17142,17149
17219,17240,17261,17271,17317,17230,17252,17266,17224,17235,17248,17248,17259,17271,17240,17248
17317,17339,17360,17372,17415,17329,17351,17366,17323,17334,17348,17348,17359,17373,17339,17348
17415,17436,17457,17469,17506,17427,17446,17463,17421,17431,17446,17446,17456,17469,17436,17446
17506,17526,17548,17561,17596,17517,17536,17554,17511,17522,17537,17537,17546,17560,17526,17537
17596,17617,17638,17650,17692,17607,17627,17643,17601,17612,17626,17626,17636,17650,17616,17626
17692,17712,17734,17746,17790,17703,17722,17739,17697,17708,17722,17722,17732,17745,17712,17722
17790,17811,17833,17846,17885,17803,17821,17838,17797,17807,17820,17820,17831,17844,17811,17820
17885,17906,17927,17940,17984,17897,17916,17933,17891,17901,17915,17915,17926,17939,17906,17915
17984,18005,18027,18040,18086,17996,18015,18033,17990,18001,18015,18015,18025,18039,18005,18015
18086,18108,18130,18143,18189,18099,18117,18136,18093,18103,18119,18119,18128,18142,18107,18119
18189,18211,18233,18246,18289,18202,18221,18238,18196,18207,18221,18221,18231,18244,18211,18221
18289,18310,18332,18343,18387,18301,18320,18338,18295,18306,18321,18321,18330,18344,18310,18321
18387,18409,18430,18441,18489,18399,18419,18435,18393,18404,18419,18419,18428,18441,18409,18419
18489,18510,18531,18543,18585,18501,18520,18537,18494,18506,18520,18520,18530,18542,18511,18520
18585,18605,18626,18637,18679,18596,18615,18631,18590,18601,18613,18613,18624,18638,18605,18613
18679,18700,18722,18733,18778,18691,18711,18727,18684,18695,18709,18709,18720,18733,18700,18709
18778,18799,18821,18833,18876,18789,18809,18826,18783,18794,18808,18808,18819,18832,18798,18808
18876,18896,18918,18931,18970,18887,18906,18924,18881,18892,18905,18905,18916,18930,18896,18905
18970,18991,19012,19026,19068,18982,19001,19019,18976,18986,19000,19000,19011,19025,18991,19000
19068,19089,19112,19125,19167,19080,19098,19117,19074,19084,19100,19100,19110,19123,19089,19100
19167,19189,19211,19225,19262,19179,19198,19217,19174,19184,19199,19199,19209,19223,19189,19199
19262,19282,19304,19318,19354,19273,19292,19310,19267,19278,19292,19292,19302,19316,19282,19292
19354,19375,19397,19411,19451,19366,19384,19403,19360,19371,19386,19386,19396,19408,19375,19386
19451,19472,19493,19508,19545,19463,19481,19499,19457,19468,19481,19481,19492,19506,19472,19481
19545,19564,19586,19599,19640,19556,19572,19592,19550,19561,19576,19576,19585,19597,19566,19576
19640,19660,19683,19696,19739,19652,19668,19688,19646,19657,19672,19672,19681,19695,19662,19672
19739,19764,19785,19798,19846,19755,19775,19791,19749,19760,19772,19772,19783,19797,19764,19772
19846,19868,19888,19897,19950,19857,19878,19892,19851,19862,19876,19876,19886,19897,19867,19876
19950,19971,19992,20002,20052,19961,19981,19997,19955,19965,19981,19981,19990,20003,19969,19981
20052,20073,20094,20105,20157,20063,20085,20099,20057,20067,20080,20080,20092,20105,20071,20080
20157,20179,20199,20210,20267,20168,20190,20204,20161,20173,20186,20186,20197,20213,20178,20186
20267,20289,20310,20321,20367,20278,20299,20315,20271,20284,20295,20295,20308,20321,20289,20295
20367,20388,20410,20422,20467,20379,20398,20416,20372,20384,20399,20399,20408,20422,20389,20399
20467,20489,20511,20524,20569,20479,20499,20517,20473,20484,20499,20499,20509,20523,20489,20499
20569,20590,20611,20625,20668,20581,20600,20618,20575,20586,20599,20599,20609,20624,20590,20599
20668,20689,20711,20724,20769,20679,20699,20716,20673,20684,20698,20698,20709,20723,20689,20698
20769,20790,20812,20825,20868,20781,20798,20818,20775,20786,20800,20800,20810,20823,20790,20800
20868,20889,20910,20924,20968,20880,20897,20917,20874,20886,20899,20899,20909,20922,20891,20899
20968,20990,21012,21025,21070,20982,20997,21018,20976,20987,21002,21002,21011,21024,20992,21002
21070,21099,21120,21134,21177,21090,21106,21126,21084,21096,21111,21111,21119,21132,21101,21111
21177,21205,21227,21241,21284,21197,21213,21233,21191,21202,21218,21218,21226,21239,21207,21218
21284,21308,21330,21344,21386,21299,21315,21336,21293,21304,21321,21321,21329,21342,21310,21321
21386,21413,21435,21450,21492,21405,21421,21442,21399,21410,21426,21426,21434,21448,21415,21426
21492,21515,21536,21551,21592,21507,21523,21543,21501,21512,21517,21517,21535,21549,21517,21541
21592,21618,21639,21654,21698,21609,21626,21646,21603,21615,21629,21629,21638,21653,21620,21629
21698,21724,21745,21760,21803,21716,21732,21752,21709,21721,21734,21734,21744,21759,21726,21734
21803,21825,21846,21861,21907,21817,21834,21853,21811,21822,21835,21835,21845,21859,21827,21835
21907,21929,21951,21965,22006,21920,21937,21957,21914,21926,21940,21940,21950,21963,21930,21940
22006,22032,22053,22068,22106,22024,22041,22060,22018,22029,22043,22043,22052,22067,22034,22043
22106,22135,22156,22171,22212,22127,22143,22163,22121,22132,22146,22146,22155,22169,22136,22146
22212,22240,22262,22276,22317,22232,22248,22269,22226,22237,22251,22251,22261,22275,22242,22251
22317,22346,22367,22382,22423,22337,22354,22374,22331,22343,22356,22356,22366,22380,22347,22356
22423,22449,22471,22486,22529,22441,22458,22478,22435,22446,22461,22461,22470,22483,22451,22461
22529,22557,22578,22594,22635,22549,22565,22585,22542,22554,22568,22568,22577,22592,22559,22568
22635,22663,22684,22700,22743,22655,22672,22692,22649,22660,22674,22674,22683,22698,22665,22674
22743,22765,22786,22800,22844,22756,22772,22792,22750,22761,22775,22775,22785,22798,22766,22775
22844,22866,22887,22899,22944,22857,22873,22893,22850,22862,22878,22878,22885,22899,22867,22878
22944,22966,22986,22995,23041,22956,22977,22990,22949,22961,22974,22974,22984,22995,22966,22974
23041,23060,23081,23091,23140,23050,23067,23085,23044,23054,23070,23070,23079,23090,23058,23070
23140,23158,23181,23191,23248,23150,23167,23185,23144,23153,23169,23169,23180,23189,23157,23169
23248,23266,23288,23299,23349,23257,23273,23292,23252,23261,23275,23279,23287,23297,23264,23279
23349,23368,23389,23399,23452,23358,23379,23393,23352,23362,23376,23376,23387,23398,23366,23376
23452,23472,23494,23505,23560,23462,23485,23498,23457,23466,23479,23483,23492,23507,23470,23483
23560,23579,23601,23612,23660,23570,23587,23605,23564,23574,23589,23590,23600,23611,23578,23590
23660,23681,23701,23711,23762,23670,23692,23706,23664,23675,23689,23689,23700,23712,23680,23689
23762,23784,23805,23815,23865,23773,23795,23810,23766,23778,23791,23791,23803,23816,23783,23791
23865,23887,23908,23920,23964,23877,23898,23914,23870,23882,23896,23896,23907,23921,23887,23896
23964,23985,24006,24019,24056,23976,23995,24012,23969,23981,23994,23994,24004,24019,23985,23994
24056,24076,24098,24110,24147,24067,24086,24104,24060,24071,24086,24086,24096,24110,24076,24086
24147,24168,24190,24201,24241,24158,24178,24196,24152,24163,24179,24179,24188,24201,24167,24179
24241,24262,24283,24293,24336,24253,24273,24290,24246,24258,24271,24271,24282,24296,24262,24271
24336,24356,24377,24387,24431,24347,24368,24383,24340,24352,24364,24364,24376,24388,24357,24364
24431,24452,24473,24483,24530,24442,24463,24479,24436,24447,24461,24461,24471,24484,24452,24461
24530,24551,24572,24583,24624,24541,24561,24577,24535,24546,24560,24560,24570,24584,24551,24560
24624,24644,24666,24678,24719,24635,24654,24672,24629,24640,24655,24655,24664,24679,24645,24655
24719,24740,24762,24775,24818,24731,24750,24768,24725,24736,24751,24751,24761,24775,24740,24751
24818,24838,24860,24873,24911,24829,24848,24866,24823,24834,24848,24848,24858,24873,24838,24848
24911,24931,24952,24965,25001,24922,24940,24958,24916,24927,24940,24940,24950,24964,24931,24940
25001,25021,25042,25055,25093,25012,25031,25048,25006,25016,25029,25029,25040,25054,25021,25029
25093,25113,25135,25146,25190,25104,25122,25141,25098,25109,25123,25123,25133,25147,25114,25123
25190,25212,25232,25242,25291,25202,25223,25237,25196,25206,25219,25219,25230,25246,25211,25219
25291,25310,25333,25343,25386,25301,25320,25337,25295,25305,25319,25319,25331,25342,25310,25319
25386,25405,25428,25439,25483,25396,25413,25432,25390,25400,25417,25417,25426,25439,25404,25417
25483,25503,25524,25536,25582,25493,25515,25530,25487,25498,25511,25511,25522,25538,25503,25511
25582,25602,25623,25634,25680,25592,25614,25629,25585,25597,25609,25609,25621,25634,25601,25609
25680,25702,25723,25734,25774,25692,25712,25728,25685,25697,25711,25711,25721,25734,25702,25711
25774,25794,25815,25828,25867,25785,25804,25822,25779,25790,25803,25803,25814,25828,25795,25803
25867,25888,25910,25922,25963,25879,25897,25916,25873,25884,25898,25898,25908,25922,25888,25898
25963,25984,26006,26019,26059,25975,25994,26012,25969,25979,25993,25993,26004,26018,25984,25993
26059,26080,26101,26115,26153,26071,26090,26108,26066,26076,26090,26090,26100,26114,26080,26090
26153,26174,26196,26209,26254,26165,26184,26202,26159,26170,26184,26184,26194,26207,26174,26184
26254,26275,26296,26307,26355,26265,26286,26302,26259,26270,26283,26283,26294,26307,26275,26283
26355,26378,26397,26406,26455,26368,26387,26402,26361,26372,26386,26386,26395,26406,26376,26386
26455,26475,26496,26507,26555,26465,26485,26501,26459,26469,26485,26485,26494,26508,26473,26485
26555,26575,26597,26606,26654,26565,26586,26601,26559,26569,26582,26582,26595,26606,26573,26582
26654,26675,26696,26706,26752,26664,26686,26701,26658,26669,26684,26684,26694,26707,26675,26684
26752,26773,26794,26805,26851,26763,26785,26800,26757,26768,26780,26780,26793,26808,26772,26780
26851,26872,26894,26906,26945,26863,26882,26899,26856,26867,26881,26881,26892,26905,26872,26881
26945,26966,26987,27000,27039,26956,26976,26993,26950,26961,26975,26975,26986,27000,26966,26975
27039,27060,27082,27094,27135,27051,27071,27088,27045,27056,27069,27069,27080,27094,27060,27069
27135,27156,27176,27189,27226,27146,27166,27182,27140,27151,27164,27164,27174,27189,27155,27164
27226,27246,27268,27280,27321,27237,27257,27274,27231,27242,27256,27256,27266,27280,27246,27256
27321,27342,27364,27376,27416,27333,27351,27369,27327,27337,27352,27352,27362,27375,27342,27352
27416,27437,27459,27471,27507,27428,27445,27464,27422,27433,27448,27448,27457,27469,27438,27448
27507,27526,27548,27560,27597,27518,27536,27553,27512,27523,27536,27536,27546,27559,27527,27536
27597,27618,27640,27652,27696,27609,27626,27645,27603,27614,27628,27628,27638,27651,27618,27628
27696,27717,27739,27752,27794,27708,27725,27745,27702,27713,27727,27727,27737,27751,27718,27727
27794,27815,27837,27851,27890,27807,27824,27843,27801,27811,27825,27825,27835,27849,27816,27825
27890,27911,27934,27947,27989,27902,27919,27940,27896,27907,27921,27921,27932,27945,27912,27921
27989,28010,28032,28047,28084,28002,28018,28039,27995,28007,28021,28021,28031,28045,28012,28021
28084,28104,28126,28140,28178,28096,28112,28132,28090,28101,28116,28116,28125,28138,28106,28116
28178,28198,28220,28234,28273,28190,28206,28227,28183,28195,28210,28210,28218,28234,28200,28210
28273,28294,28315,28330,28367,28285,28302,28322,28279,28290,28305,28305,28313,28328,28295,28305
28367,28387,28408,28423,28461,28379,28396,28415,28373,28384,28397,28397,28406,28421,28389,28397
28461,28482,28504,28518,28561,28474,28490,28510,28468,28479,28492,28492,28502,28516,28483,28492
28561,28584,28605,28620,28658,28575,28592,28612,28569,28580,28594,28594,28604,28619,28585,28594
28658,28684,28705,28721,28762,28676,28693,28713,28670,28681,28695,28695,28704,28719,28685,28695
28762,28787,28809,28824,28866,28779,28795,28815,28773,28784,28797,28797,28808,28821,28788,28797
28866,28894,28916,28931,28975,28886,28903,28923,28880,28891,28905,28905,28914,28928,28896,28905
28975,28997,29018,29034,29076,28988,29005,29025,28982,28993,29007,29007,29016,29032,28998,29007
29076,29097,29119,29134,29174,29089,29105,29126,29083,29094,29108,29108,29118,29133,29099,29108
29174,29196,29218,29233,29268,29188,29204,29224,29182,29193,29207,29207,29216,29231,29197,29207
29268,29289,29311,29325,29360,29281,29298,29317,29275,29286,29299,29299,29309,29323,29291,29299
29360,29380,29403,29415,29449,29372,29388,29408,29366,29377,29390,29390,29401,29414,29381,29390
29449,29477,29498,29511,29553,29468,29486,29504,29462,29473,29486,29486,29497,29509,29477,29486
29553,29574,29594,29606,29649,29564,29584,29599,29558,29569,29581,29581,29592,29605,29573,29581
29649,29670,29690,29701,29755,29660,29680,29696,29654,29665,29677,29677,29688,29702,29669,29677
29755,29776,29797,29807,29856,29767,29786,29802,29761,29772,29785,29785,29796,29807,29776,29785
29856,29877,29898,29908,29956,29867,29886,29902,29861,29872,29887,29887,29896,29908,29877,29887
29956,29977,29999,30010,30059,29968,29989,30004,29962,29973,29987,29987,29997,30010,29977,29987
30059,30081,30102,30114,30159,30071,30090,30108,30065,30076,30091,30091,30101,30114,30080,30091
30159,30180,30202,30215,30260,30171,30191,30208,30165,30176,30189,30189,30201,30213,30180,30189
30260,30282,30305,30318,30365,30273,30293,30311,30267,30278,30292,30292,30303,30317,30282,30292
30365,30387,30409,30423,30464,30378,30396,30415,30372,30383,30398,30398,30408,30421,30387,30398
30464,30485,30508,30522,30565,30476,30494,30514,30470,30481,30496,30496,30506,30520,30486,30496
30565,30586,30609,30623,30668,30578,30594,30615,30572,30583,30597,30597,30608,30620,30588,30597
30668,30690,30712,30726,30764,30681,30697,30718,30675,30686,30701,30701,30710,30724,30692,30701
30764,30785,30806,30820,30859,30776,30792,30812,30770,30781,30797,30797,30804,30818,30786,30797
30859,30880,30901,30915,30954,30871,30888,30907,30865,30876,30889,30889,30899,30913,30881,30889
30954,30979,31000,31014,31056,30971,30987,31006,30965,30976,30989,30989,30998,31012,30981,30989
31056,31077,31098,31112,31158,31069,31085,31104,31063,31074,31087,31087,31096,31110,31079,31087
31158,31180,31202,31215,31268,31172,31188,31208,31166,31177,31191,31191,31200,31213,31182,31191
31268,31292,31314,31327,31376,31284,31301,31320,31278,31288,31302,31302,31313,31326,31293,31302
31376,31402,31422,31432,31481,31392,31410,31427,31386,31397,31412,31412,31421,31432,31402,31412
31481,31501,31524,31535,31586,31492,31509,31528,31486,31496,31512,31512,31522,31533,31499,31512
31586,31604,31629,31640,31687,31596,31609,31632,31590,31600,31614,31619,31627,31637,31604,31619
31687,31705,31729,31743,31794,31697,31711,31734,31692,31701,31715,31719,31728,31739,31705,31719
31794,31811,31835,31846,31896,31804,31818,31839,31798,31808,31821,31824,31833,31844,31811,31824
31896,31916,31937,31948,31998,31905,31927,31941,31899,31909,31925,31925,31935,31946,31913,31925
31998,32018,32039,32050,32096,32007,32031,32043,32001,32012,32025,32028,32037,32048,32017,32028
32096,32115,32137,32146,32191,32105,32128,32141,32099,32109,32123,32125,32135,32146,32113,32125
32191,32209,32232,32243,32285,32200,32215,32235,32194,32204,32217,32220,32230,32241,32208,32220
32285,32302,32326,32335,32379,32294,32308,32329,32289,32298,32312,32317,32325,32334,32302,32317
32379,32397,32420,32430,32477,32388,32402,32425,32383,32392,32404,32409,32418,32428,32396,32406
32477,32496,32517,32528,32573,32486,32508,32521,32480,32491,32503,32505,32515,32526,32495,32505
32573,32593,32613,32623,32673,32582,32605,32617,32576,32587,32599,32601,32611,32622,32591,32601
32673,32694,32713,32724,32775,32683,32705,32718,32677,32687,32698,32698,32711,32724,32691,32698
32775,32794,32816,32827,32876,32785,32801,32820,32779,32789,32807,32807,32814,32826,32793,32807
32876,32893,32918,32927,32980,32885,32898,32920,32880,32889,32904,32910,32916,32925,32893,32907
32980,32997,33021,33032,33081,32990,33003,33024,32984,32994,33007,33012,33019,33029,32999,33009
33081,33100,33122,33132,33183,33091,33113,33126,33084,33095,33108,33111,33120,33133,33101,33111
33183,33204,33225,33235,33279,33193,33216,33230,33187,33198,33213,33213,33223,33236,33202,33213
33279,33299,33320,33330,33369,33289,33310,33324,33282,33293,33306,33306,33318,33329,33298,33306
33369,33388,33409,33417,33452,33378,33399,33414,33372,33382,33397,33397,33407,33419,33386,33397
33452,33468,33490,33501,33538,33460,33471,33494,33455,33464,33473,33479,33488,33498,33467,33476
33538,33553,33576,33587,33628,33546,33558,33581,33540,33550,33561,33566,33574,33584,33554,33566
33628,33645,33668,33678,33724,33638,33649,33671,33632,33642,33652,33658,33666,33675,33646,33655
33724,33742,33764,33775,33819,33735,33746,33768,33729,33739,33749,33754,33762,33773,33743,33751
33819,33835,33858,33867,33917,33828,33840,33861,33822,33832,33843,33849,33856,33865,33836,33846
33917,33935,33957,33966,34017,33926,33946,33960,33920,33930,33944,33944,33955,33964,33934,33944
34017,34034,34054,34068,34114,34026,34046,34060,34020,34030,34039,34042,34052,34068,34033,34042
34114,34133,34155,34165,34214,34124,34146,34161,34118,34128,34137,34141,34153,34167,34131,34141
34214,34233,34256,34265,34313,34223,34247,34259,34217,34227,34244,34244,34254,34263,34231,34244
34313,34332,34353,34366,34406,34323,34343,34357,34317,34327,34338,34338,34351,34364,34330,34338
34406,34425,34443,34459,34497,34416,34436,34453,34410,34420,34429,34432,34448,34458,34424,34432
34497,34514,34541,34551,34589,34507,34518,34545,34501,34511,34522,34532,34539,34550,34514,34528
34589,34605,34628,34637,34676,34597,34610,34632,34591,34601,34613,34618,34626,34635,34606,34615
34676,34693,34715,34723,34759,34684,34703,34718,34678,34688,34699,34699,34713,34723,34692,34699
34759,34777,34799,34807,34845,34768,34784,34802,34762,34772,34786,34789,34797,34807,34775,34789
34845,34862,34882,34896,34936,34853,34874,34887,34848,34857,34868,34872,34880,34896,34861,34872
34936,34954,34978,34986,35025,34945,34962,34980,34940,34949,34967,34970,34976,34984,34952,34959
35025,35042,35064,35073,35116,35034,35055,35067,35028,35038,35049,35052,35062,35071,35041,35052
35116,35134,35156,35166,35210,35125,35141,35146,35119,35129,35142,35146,35154,35163,35133,35146
35210,35228,35249,35259,35299,35219,35239,35253,35213,35223,35235,35235,35247,35259,35226,35235
35299,35318,35339,35349,35388,35309,35330,35344,35303,35313,35323,35326,35337,35349,35317,35326
35388,35406,35427,35436,35477,35397,35419,35430,35391,35401,35412,35417,35425,35433,35405,35417
35477,35495,35514,35527,35567,35486,35506,35521,35480,35490,35499,35503,35512,35526,35494,35503
35567,35584,35607,35618,35654,35577,35589,35611,35571,35581,35593,35597,35605,35615,35584,35597
35654,35671,35694,35703,35741,35663,35676,35697,35657,35667,35680,35681,35692,35702,35671,35681
35741,35758,35780,35790,35833,35750,35763,35783,35744,35754,35766,35769,35778,35788,35757,35769
35833,35850,35870,35879,35918,35842,35861,35874,35836,35846,35857,35858,35868,35878,35850,35858
35918,35935,35956,35965,36002,35927,35940,35959,35921,35931,35942,35946,35954,35964,35935,35946
36002,36019,36040,36050,36086,36010,36031,36045,36005,36014,36024,36028,36038,36051,36018,36028
36086,36104,36125,36131,36172,36095,36113,36128,36089,36099,36118,36118,36123,36132,36103,36118
36172,36188,36210,36220,36255,36180,36202,36213,36175,36184,36195,36200,36208,36219,36188,36200
36255,36272,36294,36303,36338,36264,36276,36298,36258,36268,36278,36283,36292,36302,36272,36283
36338,36355,36377,36384,36423,36346,36360,36366,36340,36350,36362,36367,36375,36384,36354,36367
36423,36440,36461,36472,36510,36432,36445,36465,36426,36436,36448,36451,36459,36470,36441,36451
36510,36526,36547,36557,36593,36519,36530,36551,36513,36523,36533,36537,36545,36556,36527,36537
36593,36609,36631,36639,36671,36601,36617,36633,36595,36605,36616,36616,36628,36637,36609,36616
36671,36688,36708,36716,36751,36679,36695,36711,36673,36683,36696,36696,36705,36717,36687,36696
36751,36767,36789,36798,36832,36759,36772,36793,36753,36763,36774,36778,36787,36797,36767,36778
36832,36848,36871,36880,36913,36841,36852,36875,36835,36845,36854,36858,36869,36878,36849,36858
36913,36929,36950,36960,36992,36922,36933,36955,36916,36926,36935,36940,36947,36962,36930,36940
36992,37008,37029,37038,37070,37000,37011,37033,36995,37004,37014,37019,37027,37037,37008,37016
37070,37088,37109,37115,37152,37078,37102,37111,37073,37082,37092,37098,37107,37115,37085,37095
37152,37169,37188,37197,37237,37161,37174,37192,37155,37164,37177,37177,37186,37196,37168,37177
37237,37254,37275,37284,37322,37246,37267,37278,37240,37249,37260,37264,37273,37282,37253,37264
37322,37339,37359,37370,37400,37331,37351,37364,37325,37335,37343,37349,37357,37371,37338,37346
37400,37425,37446,37456,37493,37418,37436,37450,37413,37422,37431,37434,37444,37455,37425,37434
37493,37509,37527,37538,37576,37501,37519,37533,37495,37504,37513,37516,37524,37539,37508,37516
37576,37592,37613,37622,37659,37584,37596,37617,37578,37588,37598,37603,37611,37621,37592,37600
37659,37677,37697,37709,37744,37669,37691,37702,37662,37673,37680,37687,37695,37706,37677,37684
37744,37760,37782,37789,37830,37753,37776,37785,37747,37757,37766,37772,37780,37789,37760,37769
37830,37846,37868,37876,37918,37838,37862,37872,37833,37842,37852,37858,37866,37875,37846,37855
37918,37935,37956,37965,38007,37927,37939,37945,37922,37931,37941,37946,37954,37963,37935,37943
38007,38024,38045,38053,38094,38016,38028,38034,38010,38020,38029,38035,38043,38052,38024,38032
38094,38110,38130,38139,38178,38102,38113,38119,38097,38106,38115,38120,38128,38139,38110,38117
38178,38193,38215,38222,38261,38185,38208,38218,38180,38189,38199,38205,38212,38221,38192,38202
38261,38277,38298,38306,38346,38269,38292,38302,38263,38273,38282,38288,38296,38307,38277,38285
38346,38363,38384,38391,38430,38355,38377,38387,38349,38359,38369,38374,38382,38391,38362,38371
38430,38447,38467,38477,38506,38438,38459,38470,38433,38442,38451,38456,38465,38475,38446,38453
38506,38532,38553,38560,38601,38523,38547,38557,38518,38527,38537,38542,38551,38561,38531,38539
38601,38624,38638,38644,38689,38609,38632,38641,38603,38612,38621,38626,38636,38644,38615,38623
38689,38704,38726,38733,38773,38697,38707,38729,38691,38701,38710,38716,38723,38732,38705,38713
38773,38787,38816,,38856,38780,38810,38821,38775,38784,38792,38806,38814,38821,38787,38803
38856,38873,38894,38899,38941,38865,38889,38898,38859,38868,38877,38885,38892,38901,38872,38881
38941,38957,38979,38988,39021,38949,38973,38983,38943,38953,38963,38969,38977,38986,38957,38966
39021,39037,39059,39066,39099,39030,39051,39062,39024,39033,39042,39047,39057,39066,39037,39044
39099,39117,39137,39142,39181,39108,39131,39140,39102,39111,39120,39126,39134,39145,39115,39122
39181,39197,39218,39227,39264,39188,39212,39222,39183,39192,39201,39207,39216,39228,39195,39204
39264,39283,39301,39309,39346,39272,39294,39303,39266,39276,39284,39290,39299,39308,39280,39287
39346,39363,39382,39391,39431,39354,39377,39386,39348,39358,39367,39372,39380,39390,39362,39369
39431,39449,39468,39476,39521,39440,39462,39472,39433,39443,39452,39458,39466,39477,39447,39455
39521,39546,39556,39564,39611,39529,39551,39560,39523,39533,39541,39546,39554,39567,39536,39543
39611,39630,39647,39655,39696,39619,39641,39652,39613,39623,39631,39637,39645,39656,39627,39634
39696,39714,39733,39740,39784,39705,39727,39737,39699,39709,39717,39722,39731,39742,39712,39722
39784,39802,39822,39831,39869,39793,39816,39827,39787,39797,39807,39812,39820,39831,39801,39809
39869,39886,39906,39915,39949,39878,39898,39909,39872,39881,39890,39895,39904,39915,39885,39895
39949,39965,39986,39992,40027,39957,39980,39989,39951,39960,39969,39976,39984,39992,39964,39972
40027,40044,40064,40071,40107,40035,40058,40067,40029,40039,40047,40053,40061,40071,40042,40050
40107,40132,40144,40151,40184,40115,40138,40147,40110,40119,40127,40133,40142,40153,40122,40130
40184,40211,40221,40230,40278,40193,40216,40226,40187,40196,40204,40211,40219,40231,40200,40207
40278,40306,40315,40321,40376,40287,40310,40318,40281,40291,40299,40305,40312,40322,40294,40302
40376,40405,40414,40420,40479,40385,40409,40417,40379,40389,40397,40403,40412,40421,40392,40400
40479,40506,40517,40523,40577,40488,40511,40520,40482,40491,40499,40506,40515,40524,40494,40502
40577,40599,40614,40621,40670,40586,40608,40618,40580,40590,40598,40603,40612,40622,40593,40603
40670,40692,40709,40715,40766,40680,40703,40713,40674,40684,40693,40697,40707,40716,40688,40697
40766,40786,40804,40812,40857,40776,40797,40809,40770,40780,40789,40793,40802,40813,40783,40793
40857,40876,40896,40901,40946,40867,40890,40899,40861,40870,40879,40885,40894,40903,40874,40882
40946,40967,40985,40990,41040,40956,40979,40989,40950,40959,40968,40973,40983,40993,40963,40973
41040,41061,41078,41084,41140,41049,41073,41082,41043,41053,41062,41067,41076,41086,41057,41064
41140,41166,41178,41184,41253,41150,41173,41182,41144,41154,41162,41168,41176,41187,41157,41165
41253,41273,41292,41297,41362,41263,41287,41296,41257,41267,41276,41282,41290,41300,41271,41279
41362,41382,41402,41408,41464,41372,41395,41406,41366,41376,41386,41391,41400,41411,41380,41391
41464,41483,41502,41510,41569,41474,41496,41507,41468,41478,41488,41492,41500,41511,41482,41492
41569,41588,41608,41614,41673,41578,41602,41612,41573,41583,41593,41598,41606,41616,41587,41598
41673,41691,41712,41719,41768,41683,41696,41701,41677,41687,41697,41701,41710,41720,41691,41701
41768,41789,41808,41817,41866,41778,41802,41812,41772,41783,41792,41798,41807,41819,41787,41795
41866,41890,41905,41910,41965,41875,41899,41908,41869,41879,41888,41894,41903,41912,41882,41891
41965,41988,42003,42008,42062,41974,41998,42007,41968,41978,41987,41992,42001,42011,41982,41992
42062,42087,42101,42105,42167,42072,42096,42105,42066,42076,42084,42090,42099,42110,42080,42087
42167,42191,42211,42214,42280,42179,42206,42214,42173,42183,42192,42200,42209,42217,42187,42196
42280,42301,42320,42323,42386,42291,42313,42323,42285,42295,42307,42307,42318,42327,42298,42307
42386,42408,42427,42432,42481,42397,42420,42431,42391,42401,42411,42415,42425,42434,42405,42415
42481,42518,42536,42542,42600,42507,42530,42541,42501,42511,42524,42524,42534,42545,42515,42524
42600,42620,42640,42645,42705,42610,42632,42643,42604,42614,42626,42629,42638,42648,42618,42629
42705,42725,42744,42750,42809,42715,42737,42748,42709,42719,42729,42733,42742,42752,42723,42733
42809,42829,42848,42852,42915,42819,42840,42851,42813,42823,42835,42836,42846,42855,42827,42836
42915,42935,42958,42961,43018,42926,42943,42961,42920,42930,42947,42951,42956,42965,42934,42951
43018,43037,43058,43061,43123,43028,43042,43047,43022,43032,43044,43048,43056,43067,43037,43048
43123,43143,43161,43165,43231,43134,43147,43165,43128,43138,43149,43153,43159,43171,43142,43153
43231,43251,43274,43279,43335,43242,43267,43278,43236,43246,43257,43263,43272,43281,43250,43260
43335,43357,43375,43383,43446,43348,43362,43379,43342,43353,43365,43365,43373,43386,43357,43365
43446,43465,43482,43489,43556,43456,43472,43486,43450,43460,43472,43472,43479,43492,43464,43472
43556,43575,43593,43602,43662,43566,43581,43597,43560,43570,43583,43583,43591,43603,43574,43583
43662,43680,43698,43708,43765,43671,43687,43701,43665,43675,43686,43686,43695,43707,43679,43686
43765,43783,43801,43811,43866,43775,43790,43805,43769,43779,43792,43792,43799,43811,43784,43792
43866,43884,43902,43913,43959,43876,43891,43906,43870,43881,43892,43892,43899,43913,43885,43892
43959,43979,43996,44006,44049,43970,43986,44000,43965,43975,43979,43979,43994,44006,43979,43999
44049,44067,44086,44096,44141,44060,44074,44090,44054,44064,44069,44069,44083,44096,44069,44089
44141,44159,44178,44188,44215,44151,44166,44181,44145,44156,44168,44168,44175,44186,44160,44168
44215,44251,44267,44279,44324,44243,44258,44273,44237,44248,44258,44258,44266,44278,44252,44258
44324,44342,44360,44371,44398,44334,44348,44364,44329,44339,44351,44351,44358,44369,44343,44351
44398,44432,44449,44461,44488,44425,44440,44455,44419,44429,44440,44440,44448,44460,44433,44440
44488,44521,44537,44550,44576,44513,44527,44543,44508,44518,44522,44522,44536,44548,44522,44542
44576,44611,44627,44640,44665,44604,44618,44633,44598,44608,44619,44619,44627,44638,44612,44619
44665,44699,44715,44727,44753,44691,44706,44720,44686,44696,44707,44707,44715,44726,44700,44707
44753,44782,44799,44811,44837,44775,44789,44804,44769,44779,44790,44790,44798,44809,44783,44790
44837,44859,44876,44888,44913,44852,44866,44881,44847,44857,44867,44867,44875,44886,44861,44867
44913,44937,44954,44966,44992,44930,44944,44959,44925,44934,44945,44945,44953,44964,44938,44945
44992,45018,45034,45047,45076,45011,45025,45040,45006,45016,45020,45020,45033,45045,45020,45039
45076,45102,45118,45131,45157,45094,45108,45124,45089,45099,45103,45103,45117,45129,45103,45123
45157,45186,45203,45216,45245,45179,45193,45208,45173,45183,45193,45193,45202,45213,45187,45193
45245,45271,45288,45301,45327,45263,45278,45293,45258,45268,45278,45278,45286,45299,45272,45278
45327,45354,45372,45385,45419,45347,45362,45377,45342,45352,45362,45362,45371,45383,45356,45362
45419,45437,45454,45467,45495,45430,45445,45459,45424,45434,45445,45445,45453,45465,45439,45445
45495,45517,45535,45547,45576,45510,45524,45540,45505,45515,45526,45526,45533,45545,45519,45526
45576,45596,45614,45625,45653,45589,45603,45618,45583,45593,45604,45604,45612,45623,45598,45604
45653,45676,45693,45705,45731,45668,45683,45697,45663,45673,45682,45682,45691,45703,45677,45682
45731,45755,45772,45785,45809,45748,45763,45777,45743,45753,45762,45762,45771,45783,45757,45762
45809,45834,45852,45864,45889,45827,45842,45857,45822,45832,45842,45842,45850,45862,45836,45842
45889,45913,45930,45943,45968,45906,45920,45935,45901,45911,45915,45915,45929,45941,45915,45934
45968,45994,46011,46024,46049,45987,46001,46016,45982,45992,46002,46002,46010,46022,45996,46002
46049,46076,46093,46106,46131,46069,46084,46098,46063,46074,46084,46084,46092,46104,46078,46084
46131,46159,46176,46189,46214,46152,46166,46181,46146,46156,46161,46161,46175,46187,46161,46181
46214,46238,46256,46268,46294,46231,46246,46260,46225,46236,46246,46246,46254,46266,46240,46246
46294,46318,46335,46348,46374,46311,46325,46340,46305,46315,46325,46325,46333,46346,46320,46325
46374,46397,46414,46427,46456,46390,46404,46419,46384,46394,46405,46405,46413,46424,46399,46405
46456,46474,46492,46504,46530,46467,46482,46496,46461,46472,46480,46480,46489,46502,46476,46480
46530,46548,46565,46576,46604,46540,46555,46569,46535,46545,46554,46554,46563,46574,46549,46554
46604,46623,46640,46650,46679,46615,46630,46644,46609,46620,46624,46624,46637,46649,46624,46643
46679,46698,46715,46726,46755,46690,46705,46719,46685,46695,46704,46704,46713,46725,46700,46704
46755,46774,46791,46803,46832,46767,46781,46795,46761,46772,46782,46782,46788,46800,46782,46794
46832,46850,46867,46878,46907,46842,46857,46871,46836,46847,46854,46854,46864,46876,46852,46854
46907,46925,46942,46953,46983,46918,46932,46946,46912,46922,46931,46931,46939,46952,46926,46931
46983,47002,47019,47031,47061,46994,47010,47023,46988,46999,47006,47006,47016,47029,47003,47006
47061,47081,47098,47110,47141,47073,47088,47102,47067,47077,47085,47085,47096,47108,47082,47085
47141,47159,47177,47189,47218,47152,47167,47182,47146,47157,47161,47161,47175,47188,47161,47181
47218,47237,47255,47268,47296,47229,47244,47260,47224,47234,47239,47239,47253,47265,47239,47259
47296,47315,47333,47346,47373,47308,47322,47338,47302,47312,47317,47317,47330,47343,47317,47336
47373,47394,47413,47425,47451,47387,47402,47417,47381,47392,47403,47403,47411,47422,47396,47403
47451,47471,47489,47500,47526,47462,47478,47493,47456,47468,47480,47480,47487,47498,47473,47480
47526,47544,47562,47573,47598,47536,47551,47566,47530,47541,47546,47546,47559,47571,47546,47564
47598,47615,47633,47646,47669,47608,47623,47638,47602,47612,47621,47621,47631,47644,47616,47621
47669,47686,47703,47715,47739,47678,47693,47707,47672,47684,47691,47691,47700,47712,47691,47706
47739,47756,47773,47784,47808,47748,47763,47777,47742,47753,47763,47763,47770,47782,47763,47776
47808,47825,47842,47853,47878,47817,47832,47846,47811,47821,47828,47828,47839,47851,47825,47828
47878,47895,47912,47922,47948,47888,47902,47915,47882,47892,47901,47901,47909,47921,47896,47901
47948,47966,47982,47993,48019,47958,47972,47986,47952,47963,47971,47971,47979,47991,47967,47971
48019,48037,48053,48063,48092,48029,48044,48057,48023,48034,48040,48040,48050,48062,48039,48040
48092,48110,48127,48137,48166,48103,48117,48130,48097,48107,48116,48116,48124,48136,48112,48116
48166,48186,48203,48215,48245,48179,48193,48207,48174,48184,48194,48194,48201,48213,48188,48194
48245,48263,48280,48292,48323,48256,48270,48284,48250,48261,48270,48270,48278,48290,48265,48270
48323,48341,48358,48369,48400,48333,48348,48362,48327,48338,48347,48347,48356,48368,48342,48347
48400,48418,48436,48447,48476,48411,48426,48440,48405,48415,48425,48425,48434,48445,48419,48425
48476,48495,48513,48524,48552,48487,48502,48517,48481,48492,48496,48496,48510,48522,48496,48516
48552,48569,48588,48599,48623,48561,48576,48592,48556,48566,48572,48572,48585,48597,48572,48591
48623,48640,48659,48670,48691,48633,48648,48663,48627,48637,48648,48648,48656,48668,48642,48648
48691,48708,48726,48737,48757,48700,48716,48730,48694,48705,48713,48713,48723,48735,48710,48713
48757,48772,48791,48802,48820,48765,48780,48794,48759,48770,48778,48778,48787,48799,48774,48778
48820,48836,48853,48864,48882,48828,48842,48857,48823,48833,48838,48838,48850,48862,48838,48855
48882,48897,48915,48927,48943,48890,48905,48919,48884,48895,48903,48903,48912,48924,48899,48903
48943,48959,48976,48987,49003,48951,48966,48979,48946,48956,48963,48963,48973,48985,48961,48963
49003,49018,49036,49046,49062,49011,49025,49039,49005,49015,49024,49024,49032,49044,49020,49024
49062,49076,49094,49104,49121,49070,49083,49096,49064,49074,49078,49078,49090,49102,49078,49095
49121,49136,49153,49163,49182,49129,49142,49156,49124,49133,49137,49137,49149,49161,49137,49155
49182,49197,49214,49224,49245,49190,49203,49217,49185,49195,49199,49199,49211,49222,49199,49216
49245,49261,49278,49289,49312,49255,49268,49282,49249,49259,49268,49268,49275,49287,49263,49268
49312,49328,49345,49356,49380,49322,49335,49349,49316,49326,49334,49334,49342,49354,49330,49334
49380,49396,49413,49424,49447,49389,49403,49417,49384,49394,49402,49402,49410,49422,49398,49402
49447,49464,49481,49492,49514,49457,49471,49485,49451,49461,49470,49470,49478,49490,49465,49470
49514,49531,49548,49558,49583,49524,49537,49551,49518,49528,49532,49532,49545,49556,49532,49551
49583,49600,49618,49629,49656,49593,49607,49621,49588,49597,49607,49607,49615,49627,49601,49607
49656,49675,49693,49704,49733,49668,49682,49697,49663,49673,49683,49683,49690,49702,49677,49683
49733,49751,49769,49782,49810,49744,49759,49774,49739,49749,49753,49753,49767,49779,49753,49773
49810,49828,49846,49859,49886,49820,49835,49851,49815,49825,49835,49835,49844,49856,49829,49835
49886,49904,49923,49935,49962,49897,49912,49927,49891,49901,49911,49911,49920,49932,49905,49911
49962,49980,49999,50011,50036,49972,49987,50003,49967,49977,49982,49982,49996,50008,49982,50002
50036,50054,50072,50085,50109,50046,50061,50076,50040,50051,50059,50059,50069,50082,50055,50059
50109,50126,50144,50156,50181,50119,50134,50149,50113,50123,50128,50128,50141,50154,50128,50147
50181,50198,50215,50226,50251,50190,50205,50219,50185,50195,50202,50202,50212,50225,50199,50202
50251,50267,50284,50294,50319,50260,50274,50287,50254,50264,50274,50274,50281,50292,50269,50274
50319,50335,50352,50362,50388,50328,50342,50355,50323,50332,50342,50342,50350,50360,50336,50342
50388,50404,50421,50431,50458,50397,50410,50425,50392,50401,50411,50411,50418,50430,50405,50411
50458,50472,50490,50500,50526,50466,50478,50493,50461,50470,50480,50480,50487,50498,50474,50480
50526,50543,50560,50570,50601,50536,50549,50563,50531,50540,50549,50549,50557,50567,50544,50549
50601,50617,50634,50644,50679,50610,50624,50637,50604,50614,50623,50623,50631,50643,50618,50623
50679,50697,50712,50723,50755,50688,50703,50716,50682,50693,50704,50704,50710,50723,50704,50715
50755,50773,50789,50800,50830,50765,50780,50793,50760,50770,50781,50781,50787,50798,50781,50792
50830,50848,50864,50875,50905,50840,50855,50868,50835,50845,50853,50853,50862,50873,50849,50853
50905,50924,50941,50952,50979,50917,50931,50945,50911,50921,50930,50930,50939,50950,50925,50930
50979,51001,51018,51030,51056,50993,51008,51022,50988,50998,51007,51007,51015,51028,51002,51007
51056,51078,51095,51107,51134,51070,51085,51100,51065,51075,51085,51085,51093,51105,51079,51085
51134,51152,51169,51181,51204,51144,51159,51173,51138,51149,51156,51156,51167,51179,51153,51156
51204,51222,51239,51250,51274,51214,51229,51243,51208,51219,51228,51228,51236,51248,51223,51228
51274,51291,51307,51318,51341,51283,51297,51311,51277,51287,51294,51294,51304,51316,51292,51294
51341,51359,51374,51384,51409,51351,51365,51377,51345,51356,51363,51363,51371,51382,51360,51363
51409,51425,51442,51452,51475,51418,51430,51445,51413,51422,51432,51432,51440,51449,51425,51432
51475,51494,51511,51521,51540,51488,51500,51514,51483,51492,51496,51496,51508,51519,51496,51514
51540,51563,51580,51591,51620,51557,51568,51584,51553,51561,51565,51565,51578,51589,51565,51584
51620,51634,51652,51663,51692,51628,51641,51655,51623,51632,51640,51640,51649,51660,51635,51640
51692,51706,51723,51732,51764,51700,51713,51726,51694,51703,51712,51712,51720,51731,51707,51712
51764,51781,51796,51806,51843,51773,51787,51800,51767,51777,51785,51785,51794,51805,51781,51785
51843,51860,51876,51885,51923,51852,51867,51879,51846,51856,51864,51864,51873,51884,51860,51864
51923,51939,51956,51966,51999,51932,51946,51959,51926,51936,51945,51945,51953,51965,51940,51945
51999,52018,52035,52046,52075,52011,52026,52039,52005,52015,52024,52024,52033,52043,52019,52024
52075,52093,52111,52122,52148,52086,52101,52115,52080,52090,52099,52099,52108,52120,52094,52099
52148,52167,52184,52196,52219,52159,52174,52188,52153,52163,52175,52175,52181,52193,52175,52186
52219,52235,52253,52265,52286,52228,52243,52258,52222,52232,52244,52244,52250,52263,52244,52256
52286,52302,52320,52331,52352,52295,52309,52324,52289,52299,52304,52304,52317,52329,52304,52322
52352,52368,52385,52395,52415,52360,52375,52388,52354,52364,52374,52374,52382,52393,52374,52387
52415,52431,52447,52457,52477,52423,52438,52450,52417,52427,52434,52434,52444,52455,52431,52434
52477,52492,52509,52518,52539,52485,52500,52512,52479,52489,52496,52496,52506,52517,52492,52496
52539,52555,52571,52581,52605,52548,52562,52574,52543,52552,52560,52560,52568,52578,52555,52560
52605,52620,52637,52649,52675,52613,52627,52641,52608,52617,52626,52626,52634,52646,52621,52626
52675,52691,52707,52716,52746,52683,52698,52710,52678,52687,52694,52694,52704,52715,52691,52694
52746,52762,52779,52789,52816,52755,52769,52782,52749,52759,52768,52768,52776,52787,52764,52768
52816,52833,52849,52859,52887,52825,52840,52853,52819,52830,52841,52841,52846,52858,52841,52851
52887,52904,52921,52932,52960,52897,52911,52925,52891,52901,52910,52910,52918,52930,52905,52910
52960,52978,52995,53006,53034,52970,52985,52999,52965,52975,52979,52979,52992,53004,52979,52997
53034,53052,53069,53081,53109,53045,53059,53074,53039,53049,53053,53053,53067,53079,53053,53072
53109,53126,53143,53155,53181,53119,53134,53147,53113,53123,53130,53130,53140,53153,53127,53130
53181,53197,53215,53224,53249,53189,53205,53217,53183,53194,53203,53203,53212,53222,53198,53203
53249,53266,53283,53293,53317,53258,53273,53286,53252,53263,53271,53271,53280,53292,53266,53271
53317,53335,53351,53361,53387,53327,53341,53355,53321,53331,53342,53342,53348,53360,53342,53353
53387,53404,53421,53431,53455,53396,53411,53424,53390,53400,53408,53408,53418,53430,53404,53408
53455,53472,53488,53498,53523,53464,53478,53491,53459,53469,53477,53477,53485,53496,53473,53477
53523,53539,53556,53567,53590,53532,53546,53560,53526,53536,53546,53546,53553,53565,53541,53546
53590,53608,53625,53635,53659,53600,53614,53628,53595,53605,53610,53610,53622,53633,53610,53628
53659,53676,53693,53703,53727,53669,53683,53696,53663,53673,53681,53681,53690,53701,53677,53681
53727,53743,53760,53771,53793,53736,53750,53764,53730,53741,53745,53745,53757,53769,53745,53763
53793,53809,53826,53836,53860,53802,53816,53829,53796,53806,53814,53814,53823,53835,53810,53814
53860,53878,53894,53905,53928,53870,53884,53898,53865,53875,53883,53883,53891,53903,53879,53883
53928,53949,53965,53976,53999,53942,53955,53969,53936,53946,53951,53951,53962,53975,53951,53968
53999,54021,54037,54049,54073,54014,54028,54042,54009,54019,54027,54027,54035,54047,54023,54027
54073,54094,54111,54123,54149,54087,54101,54115,54082,54092,54096,54096,54109,54121,54096,54114
54149,54167,54184,54196,54221,54160,54174,54188,54155,54165,54174,54174,54182,54193,54169,54174
54221,54238,54255,54266,54290,54231,54245,54259,54225,54235,54245,54245,54253,54264,54239,54245
54290,54307,54324,54336,54359,54300,54314,54329,54294,54304,54313,54313,54322,54334,54309,54313
54359,54376,54393,54405,54427,54369,54383,54397,54363,54373,54381,54381,54390,54403,54378,54381
54427,54443,54461,54472,54493,54436,54451,54465,54431,54441,54449,54449,54458,54470,54445,54449
54493,54510,54527,54539,54560,54503,54517,54531,54497,54507,54515,54515,54524,54537,54512,54515
54560,54576,54594,54606,54625,54569,54584,54598,54564,54574,54581,54581,54591,54603,54579,54581
54625,54641,54658,54669,54689,54634,54648,54662,54628,54639,54647,54647,54655,54667,54644,54647
54689,54705,54722,54732,54750,54697,54711,54725,54692,54702,54710,54710,54718,54730,54706,54710
54750,54765,54782,54791,54809,54758,54771,54784,54752,54762,54770,54770,54778,54789,54766,54770
54809,54824,54841,54851,54869,54817,54831,54844,54811,54822,54826,54826,54838,54849,54826,54843
54869,54886,54901,54910,54933,54878,54892,54904,54872,54883,54892,54892,54897,54908,54892,54902
54933,54948,54964,54973,54994,54941,54953,54966,54935,54945,54950,54950,54960,54970,54950,54965
54994,55010,55026,55034,55174,55004,55017,55030,54998,55008,55024,55033,55062,55070,55012,55029
55174,55202,55216,55229,55246,55197,55207,55222,55192,55201,55205,55205,55216,55227,55205,55222
55246,55270,55281,55298,55314,55266,55274,55291,55261,55269,55273,55273,55279,55295,55273,55281
55314,55340,55356,55368,55395,55335,55344,55361,55330,55339,55350,55350,55354,55366,55342,55350
55395,55410,55427,55440,55460,55404,55414,55432,55399,55408,55417,55417,55425,55438,55411,55417
55460,55479,55495,55505,55529,55471,55486,55499,55466,55476,55486,55486,55493,55504,55480,55486
55529,55544,55562,55573,55592,55537,55550,55566,55531,55542,55546,55546,55559,55573,55546,55564
55592,55608,55626,55635,55656,55600,55614,55629,55595,55605,55609,55609,55623,55634,55609,55629
55656,55671,55690,55700,55719,55664,55679,55693,55658,55668,55675,55675,55686,55698,55672,55675
55719,55735,55752,55763,55783,55728,55742,55756,55722,55732,55740,55740,55749,55761,55736,55740
55783,55797,55816,55828,55845,55791,55804,55819,55785,55795,55805,55805,55812,55823,55799,55805
55845,55861,55879,55890,55910,55854,55868,55882,55848,55859,55863,55863,55876,55888,55863,55882
55910,55924,55943,55954,55970,55918,55931,55946,55912,55922,55928,55928,55939,55951,55928,55944
55970,55986,56004,56014,56030,55979,55993,56007,55973,55983,55988,55988,56000,56013,55988,56005
56030,56045,56063,56073,56089,56038,56051,56066,56032,56043,56048,56048,56059,56071,56048,56065
56089,56104,56121,56131,56147,56097,56110,56124,56091,56101,56109,56109,56117,56129,56106,56109
56147,56162,56179,56189,56207,56155,56168,56182,56149,56160,56164,56164,56175,56187,56164,56181
56207,56222,56239,56249,56267,56215,56228,56242,56209,56219,56224,56224,56235,56247,56224,56241
56267,56282,56299,56309,56329,56275,56288,56302,56269,56280,56285,56285,56295,56307,56285,56301
56329,56344,56362,56371,56394,56337,56351,56364,56332,56342,56350,56350,56358,56369,56346,56350
56394,56411,56428,56438,56462,56404,56417,56431,56399,56408,56417,56417,56425,56436,56413,56417
56462,56480,56497,56507,56534,56473,56487,56500,56468,56478,56482,56482,56494,56505,56482,56500
56534,56552,56569,56580,56605,56545,56559,56572,56540,56549,56558,56558,56566,56577,56553,56558
56605,56626,56642,56654,56679,56619,56633,56647,56613,56623,56632,56632,56640,56652,56627,56632
56679,56699,56717,56728,56755,56693,56707,56721,56687,56697,56706,56706,56715,56726,56701,56706
56755,56773,56791,56802,56827,56766,56780,56794,56761,56770,56779,56779,56788,56800,56774,56779
56827,56844,56862,56874,56899,56837,56852,56867,56832,56842,56850,56850,56860,56872,56845,56850
56899,56915,56933,56945,56968,56908,56922,56937,56903,56912,56922,56922,56930,56942,56916,56922
56968,56984,57002,57013,57035,56977,56991,57006,56971,56982,56991,56991,56999,57011,56991,57005
57035,57051,57069,57079,57101,57044,57058,57072,57038,57048,57055,57055,57066,57077,57053,57055
57101,57117,57135,57146,57168,57110,57125,57138,57105,57115,57123,57123,57132,57143,57118,57123
57168,57184,57201,57212,57234,57177,57191,57205,57171,57181,57188,57188,57198,57210,57185,57188
57234,57250,57267,57278,57300,57243,57257,57271,57238,57248,57255,57255,57264,57276,57252,57255
57300,57316,57333,57344,57366,57309,57323,57337,57303,57313,57322,57322,57330,57342,57318,57322
57366,57382,57399,57410,57432,57375,57389,57403,57369,57379,57388,57388,57396,57408,57383,57388
57432,57448,57466,57476,57498,57441,57455,57469,57436,57446,57456,57456,57463,57474,57450,57456
57498,57514,57531,57541,57564,57507,57521,57534,57502,57511,57520,57520,57528,57539,57515,57520
57564,57581,57598,57609,57632,57574,57588,57601,57568,57578,57586,57586,57594,57607,57583,57586
57632,57650,57666,57677,57702,57643,57656,57670,57637,57647,57655,57655,57663,57676,57652,57655
57702,57720,57737,57748,57775,57713,57727,57741,57708,57718,57723,57723,57734,57747,57723,57740
57775,57793,57810,57822,57849,57786,57800,57814,57780,57791,57796,57796,57807,57820,57796,57813
57849,57867,57884,57895,57921,57859,57874,57888,57854,57864,57869,57869,57881,57893,57869,57886
57921,57939,57957,57968,57992,57932,57946,57961,57926,57936,57941,57941,57954,57966,57941,57960
57992,58009,58026,58037,58061,58002,58016,58030,57996,58006,58016,58016,58024,58036,58011,58016
58061,58079,58096,58107,58131,58071,58085,58099,58066,58076,58085,58085,58093,58105,58080,58085
58131,58148,58165,58177,58199,58141,58155,58169,58135,58145,58150,58150,58163,58174,58150,58168
58199,58217,58234,58245,58267,58209,58224,58237,58204,58214,58221,58221,58231,58242,58218,58221
58267,58283,58300,58311,58332,58276,58290,58304,58270,58280,58286,58286,58297,58309,58286,58303
58332,58348,58365,58375,58397,58341,58354,58368,58335,58345,58350,58350,58362,58373,58350,58367
58397,58413,58430,58440,58462,58406,58420,58433,58400,58410,58417,58417,58427,58438,58416,58417
58462,58479,58495,58506,58528,58471,58485,58499,58466,58476,58483,58483,58492,58504,58481,58483
58528,58545,58562,58572,58594,58538,58552,58565,58533,58543,58553,58553,58558,58570,58553,58564
58594,58611,58627,58638,58660,58603,58617,58631,58598,58608,58616,58616,58624,58636,58613,58616
58660,58677,58693,58704,58728,58670,58683,58697,58664,58674,58682,58682,58690,58703,58679,58682
58728,58745,58762,58773,58799,58738,58752,58766,58732,58743,58752,58752,58759,58771,58752,58764
58799,58817,58834,58845,58872,58810,58824,58838,58805,58815,58821,58821,58831,58843,58819,58821
58872,58889,58906,58916,58941,58881,58896,58909,58876,58886,58894,58894,58902,58915,58892,58894
58941,58958,58975,58985,59010,58950,58965,58978,58945,58955,58963,58963,58972,58983,58959,58963
59010,59028,59044,59055,59081,59020,59034,59048,59015,59025,59030,59030,59041,59054,59030,59046
59081,59099,59115,59127,59152,59091,59105,59119,59085,59096,59106,59106,59112,59125,59106,59117
59152,59170,59186,59197,59221,59162,59176,59190,59156,59167,59173,59173,59183,59196,59173,59189
59221,59239,59255,59266,59292,59231,59245,59259,59225,59235,59246,59246,59252,59264,59246,59257
59292,59309,59325,59336,59364,59301,59315,59328,59295,59306,59313,59313,59322,59334,59310,59313
59364,59380,59397,59408,59436,59373,59387,59400,59367,59377,59384,59384,59394,59406,59381,59384
59436,59452,59469,59480,59504,59445,59459,59473,59439,59449,59456,59456,59466,59479,59454,59456
59504,59524,59540,59552,59574,59517,59531,59545,59512,59521,59529,59529,59538,59550,59524,59529
59574,59592,59610,59622,59647,59586,59598,59613,59581,59590,59600,59600,59608,59617,59594,59600
59647,59661,59679,59687,59707,59655,59667,59681,59650,59659,59668,59668,59675,59686,59662,59668
59707,59730,59746,59759,59786,59724,59735,59751,59719,59728,59732,59732,59744,59757,59732,59750
59786,59800,59818,59828,59852,59793,59806,59821,59788,59798,59805,59805,59813,59826,59805,59821
59852,59870,59886,59896,59921,59862,59877,59889,59857,59866,59874,59874,59883,59894,59870,59874
59921,59937,59954,59963,59987,59929,59944,59957,59924,59934,59943,59943,59950,59963,59938,59943
59987,60004,60020,60029,60056,59996,60010,60022,59990,60000,60005,60005,60016,60027,60005,60022
60056,60072,60088,60098,60125,60064,60079,60091,60059,60068,60077,60077,60085,60096,60072,60077
60125,60142,60158,60169,60194,60134,60149,60161,60128,60138,60146,60146,60155,60166,60141,60146
60194,60212,60229,60240,60267,60205,60219,60233,60199,60209,60217,60217,60226,60238,60213,60217
60267,60284,60301,60310,60337,60276,60291,60303,60271,60281,60290,60290,60298,60308,60285,60290
60337,60353,60370,60379,60405,60345,60360,60372,60339,60349,60358,60358,60367,60377,60353,60358
60405,60422,60438,60449,60474,60414,60429,60442,60408,60418,60426,60426,60435,60448,60421,60426
60474,60491,60507,60518,60544,60483,60499,60511,60478,60487,60495,60495,60505,60517,60491,60495
60544,60562,60578,60588,60616,60554,60569,60582,60548,60559,60569,60569,60576,60587,60569,60581
60616,60633,60650,60660,60684,60625,60640,60653,60619,60629,60641,60641,60647,60658,60641,60652
60684,60702,60719,60729,60751,60694,60709,60722,60688,60699,60709,60709,60716,60728,60709,60721
60751,60768,60785,60795,60817,60761,60775,60788,60755,60765,60773,60773,60782,60794,60770,60773
60817,60833,60849,60859,60882,60826,60839,60852,60820,60830,60839,60839,60846,60858,60835,60839
60882,60899,60914,60925,60949,60892,60905,60918,60886,60896,60902,60902,60911,60923,60900,60902
60949,60966,60982,60993,61019,60959,60972,60986,60953,60964,60971,60971,60979,60992,60971,60985
61019,61036,61052,61063,61090,61029,61043,61056,61023,61034,61042,61042,61049,61061,61042,61055
61090,61107,61123,61134,61159,61100,61114,61127,61094,61105,61112,61112,61120,61133,61110,61112
61159,61177,61193,61203,61230,61170,61183,61196,61164,61174,61178,61178,61190,61203,61178,61195
61230,61247,61263,61272,61299,61240,61254,61266,61234,61244,61250,61250,61261,61271,61249,61250
61299,61317,61333,61344,61368,61310,61324,61337,61304,61314,61322,61322,61331,61342,61318,61322
61368,61384,61401,61412,61434,61377,61391,61405,61371,61381,61388,61388,61398,61410,61388,61404
61434,61450,61467,61478,61499,61443,61457,61471,61437,61448,61455,61455,61464,61476,61455,61469
61499,61515,61533,61543,61565,61508,61522,61537,61502,61512,61519,61519,61529,61541,61517,61519
61565,61581,61599,61610,61630,61574,61588,61603,61568,61578,61584,61584,61596,61607,61584,61601
61630,61646,61664,61674,61693,61638,61653,61668,61632,61643,61652,61652,61660,61673,61652,61667
61693,61709,61727,61737,61757,61702,61717,61730,61696,61706,61715,61715,61724,61736,61710,61715
61757,61773,61791,61801,61821,61766,61780,61794,61760,61770,61777,61777,61788,61799,61777,61794
61821,61836,61853,61865,61883,61829,61844,61858,61823,61833,61841,61841,61850,61865,61837,61841
61883,61899,61917,61928,61946,61892,61906,61921,61886,61897,61904,61904,61913,61926,61904,61920
61946,61962,61978,61987,62008,61954,61969,61981,61948,61960,61969,61969,61975,61986,61969,61980
62008,62024,62041,62050,62071,62017,62031,62044,62010,62021,62032,62032,62038,62049,62032,62043
62071,62087,62103,62112,62134,62079,62093,62106,62074,62084,62093,62093,62099,62111,62093,62105
62134,62151,62167,62177,62202,62144,62157,62171,62138,62148,62156,62156,62164,62176,62156,62169
62202,62219,62235,62245,62274,62212,62225,62238,62206,62216,62221,62221,62232,62243,62221,62237
62274,62292,62308,62318,62341,62285,62298,62312,62279,62289,62294,62294,62305,62317,62294,62311
62341,62368,62383,62395,62426,62361,62375,62388,62356,62366,62374,62374,62382,62394,62370,62374
62426,62444,62460,62471,62498,62437,62451,62464,62431,62441,62449,62449,62458,62469,62445,62449
62498,62517,62533,62544,62571,62509,62523,62537,62504,62514,62522,62522,62530,62542,62518,62522
62571,62592,62608,62619,62649,62584,62598,62612,62579,62589,62598,62598,62606,62617,62593,62598
62649,62668,62685,62696,62723,62660,62675,62689,62655,62665,62675,62675,62682,62694,62669,62675
62723,62743,62761,62773,62800,62736,62750,62765,62730,62741,62745,62745,62759,62770,62745,62764
62800,62819,62836,62848,62872,62811,62826,62840,62806,62816,62824,62824,62834,62845,62820,62824
62872,62889,62907,62918,62941,62882,62896,62911,62876,62886,62893,62893,62904,62916,62892,62893
62941,62957,62975,62986,63008,62950,62964,62978,62944,62954,62963,62963,62972,62983,62959,62963
63008,63024,63041,63052,63073,63017,63031,63045,63011,63021,63029,63029,63038,63050,63026,63029
63073,63089,63107,63117,63138,63082,63096,63110,63076,63087,63094,63094,63103,63115,63092,63094
63138,63154,63171,63181,63200,63146,63160,63174,63141,63151,63161,63161,63167,63179,63161,63173
63200,63216,63233,63243,63262,63209,63222,63236,63203,63214,63219,63219,63229,63241,63219,63234
63262,63278,63295,63305,63324,63271,63284,63298,63265,63275,63280,63280,63291,63303,63280,63297
63324,63340,63356,63366,63387,63333,63346,63359,63328,63338,63342,63342,63353,63365,63342,63358
63387,63404,63420,63430,63454,63397,63410,63424,63392,63402,63406,63406,63417,63429,63406,63422
63454,63472,63487,63497,63524,63464,63478,63490,63459,63469,63475,63475,63484,63495,63473,63475
63524,63542,63557,63566,63603,63535,63548,63560,63529,63539,63547,63547,63554,63565,63543,63547
63603,63620,63634,63642,63688,63612,63626,63637,63606,63616,63624,63624,63631,63642,63620,63624
63688,63704,63720,63728,63775,63697,63710,63723,63692,63701,63711,63711,63717,63727,63705,63711
63775,63791,63807,63817,63859,63784,63799,63810,63779,63788,63796,63796,63805,63815,63791,63796
63859,63876,63891,63901,63943,63868,63882,63895,63862,63872,63878,63878,63888,63900,63876,63878
63943,63960,63975,63984,64024,63952,63966,63979,63946,63956,63964,63964,63973,63984,63964,63978
64024,64042,64058,64068,64104,64034,64049,64062,64028,64039,64049,64049,64055,64067,64049,64062
64104,64123,64139,64149,64180,64115,64130,64143,64109,64119,64126,64126,64137,64148,64123,64126
64180,64198,64214,64224,64252,64190,64205,64218,64184,64195,64204,64204,64211,64224,64204,64217
64252,64270,64287,64297,64322,64262,64277,64290,64256,64267,64272,64272,64284,64296,64272,64289
64322,64340,64356,64367,64391,64332,64347,64361,64326,64337,64347,64347,64353,64366,64347,64360
64391,64408,64425,64436,64458,64401,64415,64429,64395,64405,64415,64415,64422,64433,64415,64428
64458,64475,64492,64503,64523,64467,64482,64496,64461,64472,64479,64479,64489,64501,64478,64479
64523,64539,64556,64567,64588,64532,64546,64560,64526,64536,64545,64545,64553,64565,64541,64545
64588,64604,64621,64631,64654,64597,64611,64624,64591,64601,64606,64606,64618,64630,64606,64623
64654,64670,64687,64698,64721,64663,64677,64691,64657,64667,64672,64672,64684,64696,64672,64689
64721,64737,64754,64765,64788,64730,64744,64758,64725,64735,64740,64740,64751,64763,64740,64757
64788,64804,64821,64832,64854,64797,64811,64825,64791,64802,64806,64806,64818,64830,64806,64823
64854,64871,64887,64898,64922,64864,64878,64891,64858,64868,64877,64877,64885,64896,64872,64877
64922,64939,64956,64967,64991,64932,64946,64959,64927,64936,64945,64945,64953,64965,64941,64945
64991,65009,65025,65036,65060,65001,65016,65029,64996,65006,65014,65014,65023,65034,65010,65014
65060,65077,65094,65105,65128,65070,65084,65098,65064,65074,65083,65083,65091,65103,65078,65083
65128,65145,65162,65173,65197,65138,65152,65166,65133,65143,65147,65147,65159,65171,65147,65164
65197,65214,65231,65243,65267,65207,65222,65236,65202,65212,65220,65220,65229,65241,65216,65220
65267,65284,65301,65312,65334,65277,65291,65305,65271,65281,65289,65289,65298,65310,65286,65289
65334,65351,65368,65379,65400,65344,65358,65372,65338,65348,65356,65356,65365,65377,65352,65356
65400,65416,65433,65444,65465,65409,65423,65437,65403,65413,65420,65420,65429,65442,65418,65420
65465,65481,65498,65509,65531,65474,65488,65502,65468,65479,65486,65486,65495,65507,65484,65486
65531,65547,65564,65575,65596,65540,65554,65567,65534,65545,65555,65555,65560,65572,65555,65565
65596,65612,65629,65639,65660,65605,65619,65632,65599,65610,65619,65619,65626,65637,65619,65631
65660,65676,65693,65703,65725,65669,65682,65696,65663,65674,65679,65679,65689,65702,65679,65695
65725,65741,65758,65768,65791,65734,65748,65762,65728,65739,65744,65744,65755,65767,65744,65760
65791,65808,65824,65835,65857,65800,65814,65828,65795,65805,65813,65813,65821,65833,65813,65827
65857,65874,65890,65900,65923,65867,65881,65894,65861,65872,65880,65880,65887,65899,65880,65892
65923,65940,65955,65966,65989,65932,65946,65960,65926,65937,65946,65946,65952,65967,65946,65957
65989,66006,66022,66032,66057,65998,66013,66025,65992,66003,66010,66010,66019,66032,66008,66010
66057,66074,66090,66100,66126,66066,66080,66094,66060,66071,66078,66078,66087,66099,66078,66093
66126,66143,66159,66170,66193,66135,66150,66162,66129,66139,66145,66145,66156,66171,66143,66145
66193,66210,66226,66236,66262,66202,66218,66230,66197,66207,66213,66213,66224,66234,66210,66213
66262,66279,66295,66305,66330,66270,66285,66298,66264,66275,66285,66285,66292,66304,66285,66297
66330,66347,66362,66373,66398,66338,66354,66367,66332,66343,66354,66354,66359,66373,66354,66364
66398,66415,66431,66443,66464,66407,66421,66435,66401,66412,66422,66422,66428,66440,66422,66433
66464,66481,66498,66508,66529,66473,66488,66501,66467,66478,66488,66488,66494,66507,66488,66500
66529,66545,66562,66572,66593,66538,66552,66565,66532,66542,66552,66552,66558,66571,66552,66563
66593,66610,66626,66636,66657,66602,66616,66629,66596,66607,66616,66616,66623,66634,66616,66628
66657,66674,66690,66701,66722,66666,66680,66693,66660,66671,66679,66679,66686,66700,66679,66691
66722,66739,66755,66765,66786,66731,66745,66758,66725,66736,66744,66744,66751,66763,66744,66757
66786,66802,66818,66829,66849,66795,66808,66822,66789,66800,66808,66808,66814,66828,66808,66821
66849,66865,66882,66891,66914,66858,66872,66885,66852,66862,66871,66871,66878,66891,66867,66871
66914,66931,66947,66957,66982,66923,66937,66951,66917,66928,66937,66937,66943,66956,66937,66949
66982,66998,67014,67025,67051,66991,67005,67018,66985,66996,67005,67005,67011,67024,67005,67016
67051,67068,67085,67095,67119,67061,67075,67088,67055,67066,67070,67070,67082,67094,67070,67087
67119,67137,67153,67165,67189,67130,67143,67157,67124,67134,67143,67143,67151,67163,67138,67143
67189,67206,67224,67234,67260,67199,67213,67227,67194,67204,67208,67208,67221,67232,67208,67226
67260,67278,67295,67306,67332,67271,67285,67299,67265,67275,67280,67280,67292,67304,67280,67298
67332,67350,67366,67378,67401,67342,67356,67371,67336,67347,67354,67354,67363,67376,67354,67370
67401,67418,67435,67445,67468,67410,67425,67438,67404,67415,67424,67424,67432,67444,67419,67424
67468,67485,67502,67513,67535,67477,67492,67506,67471,67482,67491,67491,67498,67511,67491,67504
67535,67552,67569,67579,67602,67544,67559,67572,67538,67549,67554,67554,67566,67577,67554,67571
67602,67619,67635,67645,67666,67611,67625,67639,67605,67616,67625,67625,67631,67644,67625,67637
67666,67682,67699,67709,67729,67675,67689,67702,67669,67680,67689,67689,67696,67708,67689,67701
67729,67745,67762,67772,67792,67738,67752,67765,67732,67742,67753,67753,67758,67770,67753,67764
67792,67808,67825,67835,67856,67801,67815,67828,67795,67805,67813,67813,67822,67833,67810,67813
67856,67872,67888,67899,67921,67865,67878,67892,67859,67869,67878,67878,67884,67897,67878,67890
67921,67938,67953,67963,67985,67930,67944,67956,67924,67935,67944,67944,67950,67961,67944,67954
67985,68001,68017,68026,68049,67994,68008,68020,67988,67999,68006,68006,68014,68026,68006,68019
68049,68066,68082,68091,68116,68059,68073,68085,68053,68063,68069,68069,68079,68090,68068,68069
68116,68134,68149,68159,68188,68126,68141,68153,68121,68131,68140,68140,68146,68159,68140,68151
68188,68206,68221,68231,68262,68198,68212,68225,68192,68204,68212,68212,68218,68230,68212,68223
68262,68281,68296,68305,68338,68273,68288,68300,68268,68278,68288,68288,68293,68306,68288,68297
68338,68357,68371,68382,68416,68348,68363,68376,68343,68353,68362,68362,68368,68382,68362,68374
68416,68434,68450,68460,68486,68426,68440,68454,68420,68430,68440,68440,68447,68460,68440,68453
68486,68512,68527,68539,68569,68504,68519,68532,68498,68509,68520,68520,68526,68538,68520,68531
68569,68586,68602,68614,68640,68578,68593,68607,68572,68583,68592,68592,68599,68613,68592,68605
68640,68658,68674,68686,68712,68650,68665,68679,68644,68654,68662,68662,68671,68685,68658,68662
68712,68729,68747,68757,68782,68721,68736,68750,68715,68726,68738,68738,68744,68756,68730,68738
68782,68799,68816,68825,68849,68791,68805,68820,68785,68796,68804,68804,68812,68826,68804,68819
68849,68866,68882,68892,68914,68858,68872,68886,68851,68863,68871,68871,68879,68891,68871,68885
68914,68930,68947,68957,68977,68922,68936,68950,68916,68927,68935,68935,68943,68956,68935,68948
68977,68994,69010,69021,69042,68986,69000,69014,68980,68991,68999,68999,69007,69019,68999,69012
69042,69058,69074,69085,69104,69050,69064,69077,69044,69055,69063,69063,69071,69083,69063,69076
69104,69120,69137,69146,69166,69113,69127,69140,69107,69117,69127,69127,69133,69145,69127,69139
69166,69182,69198,69208,69229,69175,69188,69202,69169,69179,69184,69184,69195,69207,69184,69200
69229,69246,69262,69272,69295,69238,69252,69265,69233,69243,69248,69248,69258,69271,69248,69264
69295,69313,69328,69339,69366,69305,69319,69332,69300,69310,69318,69318,69326,69337,69315,69318
69366,69385,69400,69411,69440,69378,69392,69404,69372,69382,69392,69392,69398,69409,69392,69403
69440,69458,69474,69484,69511,69450,69465,69477,69445,69455,69462,69462,69471,69483,69460,69462
69511,69532,69548,69559,69586,69525,69539,69552,69519,69530,69534,69534,69545,69558,69534,69551
69586,69609,69624,69635,69666,69601,69616,69629,69595,69606,69616,69616,69622,69634,69616,69627
69666,69685,69702,69713,69740,69678,69692,69706,69672,69682,69693,69693,69699,69711,69693,69705
69740,69758,69775,69785,69811,69750,69765,69779,69744,69755,69764,69764,69772,69784,69764,69777
69811,69829,69846,69857,69881,69821,69836,69850,69815,69826,69834,69834,69843,69856,69830,69834
69881,69899,69916,69928,69952,69892,69906,69920,69886,69896,69904,69904,69913,69926,69901,69904
69952,69969,69986,69998,70021,69962,69976,69990,69956,69967,69977,69977,69983,69996,69977,69989
70021,70037,70054,70065,70087,70030,70044,70058,70024,70034,70044,70044,70051,70063,70044,70056
70087,70104,70121,70132,70155,70097,70111,70124,70091,70101,70109,70109,70118,70130,70106,70109
70155,70171,70188,70199,70222,70164,70178,70192,70158,70169,70174,70174,70185,70198,70174,70190
70222,70239,70255,70265,70288,70231,70246,70258,70226,70236,70245,70245,70252,70264,70245,70256
70288,70305,70320,70329,70354,70297,70311,70323,70292,70302,70312,70312,70317,70328,70312,70322
70354,70370,70385,70395,70421,70362,70376,70389,70357,70366,70373,70373,70382,70394,70370,70373
70421,70437,70454,70464,70491,70430,70444,70457,70424,70434,70443,70443,70451,70462,70438,70443
70491,70507,70523,70533,70562,70500,70514,70526,70494,70504,70510,70510,70520,70531,70507,70510
70562,70579,70593,70603,70633,70571,70585,70597,70565,70575,70586,70586,70591,70605,70586,70595
70633,70651,70666,70675,70704,70642,70657,70669,70636,70647,70657,70657,70663,70675,70657,70668
70704,70722,70738,70748,70777,70714,70729,70742,70708,70719,70728,70728,70735,70748,70728,70741
70777,70795,70811,70823,70848,70787,70802,70815,70781,70792,70802,70802,70809,70821,70802,70814
70848,70866,70883,70894,70918,70859,70873,70887,70853,70864,70875,70875,70880,70893,70875,70885
70918,70935,70953,70964,70987,70928,70942,70957,70922,70932,70937,70937,70950,70962,70937,70955
70987,71004,71022,71033,71056,70997,71011,71026,70991,71001,71006,71006,71019,71030,71006,71024
71056,71073,71090,71102,71123,71066,71080,71094,71060,71071,71077,71077,71087,71099,71077,71093
71123,71139,71156,71168,71188,71132,71146,71160,71126,71137,71144,71144,71153,71165,71143,71144
71188,71204,71221,71232,71253,71197,71211,71225,71191,71202,71206,71206,71218,71231,71206,71223
71253,71269,71286,71297,71319,71262,71276,71290,71256,71267,71273,71273,71283,71295,71273,71289
71319,71336,71352,71364,71387,71329,71343,71356,71323,71333,71343,71343,71349,71362,71343,71354
71387,71404,71420,71431,71454,71397,71410,71424,71391,71401,71408,71408,71417,71429,71407,71408
71454,71470,71487,71497,71520,71463,71477,71490,71457,71468,71472,71472,71484,71496,71472,71489
71520,71538,71554,71565,71589,71531,71545,71558,71525,71535,71542,71542,71551,71563,71540,71542
71589,71607,71623,71634,71660,71600,71614,71627,71594,71605,71612,71612,71620,71632,71610,71612
71660,71678,71694,71705,71729,71670,71685,71698,71665,71675,71685,71685,71691,71704,71685,71696
71729,71747,71763,71774,71799,71740,71754,71768,71734,71745,71753,71753,71761,71773,71753,71766
71799,71818,71834,71845,71872,71811,71825,71838,71805,71815,71823,71823,71832,71843,71819,71823
71872,71891,71907,71919,71944,71883,71898,71911,71877,71888,71899,71899,71904,71917,71899,71909
71944,71964,71980,71992,72016,71956,71971,71984,71950,71961,71971,71971,71978,71990,71971,71983
72016,72033,72050,72062,72085,72026,72040,72054,72020,72030,72039,72039,72047,72060,72035,72039
72085,72103,72119,72131,72155,72095,72110,72123,72089,72100,72110,72110,72116,72129,72110,72122
72155,72172,72189,72200,72224,72164,72179,72193,72159,72169,72179,72179,72186,72198,72179,72192
72224,72241,72258,72269,72291,72233,72248,72262,72228,72238,72248,72248,72255,72267,72248,72260
72291,72307,72324,72335,72357,72300,72314,72328,72294,72305,72315,72315,72321,72334,72315,72327
72357,72373,72390,72400,72423,72366,72380,72393,72360,72370,72380,72380,72386,72398,72380,72392
72423,72439,72456,72466,72489,72432,72446,72459,72426,72437,72446,72446,72452,72465,72446,72458
72489,72507,72523,72534,72558,72499,72513,72527,72494,72504,72514,72514,72520,72532,72514,72525
72558,72574,72591,72602,72625,72567,72581,72594,72561,72572,72582,72582,72588,72600,72582,72593
72625,72642,72658,72669,72693,72635,72649,72662,72629,72639,72647,72647,72655,72667,72644,72647
72693,72710,72727,72737,72763,72703,72717,72730,72697,72708,72718,72718,72724,72735,72718,72729
72763,72781,72797,72809,72836,72774,72788,72802,72768,72779,72788,72788,72794,72807,72788,72800
72836,72854,72870,72880,72906,72846,72861,72874,72840,72851,72860,72860,72867,72880,72860,72872
72906,72925,72940,72951,72980,72917,72931,72944,72911,72922,72931,72931,72937,72951,72931,72942
72980,72998,73013,73024,73054,72990,73004,73018,72983,72995,73003,73003,73010,73024,73003,73016
73054,73073,73088,73099,73128,73064,73079,73092,73058,73070,73078,73078,73085,73098,73078,73090
73128,73145,73162,73173,73198,73137,73152,73166,73131,73143,73151,73151,73159,73172,73151,73165
73198,73215,73232,73243,73267,73207,73222,73236,73201,73212,73221,73221,73229,73242,73221,73235
73267,73284,73301,73313,73336,73277,73291,73306,73271,73282,73288,73288,73298,73311,73288,73304
73336,73353,73370,73382,73403,73346,73360,73374,73340,73351,73360,73360,73367,73380,73360,73373
73403,73421,73437,73449,73470,73413,73427,73442,73407,73418,73427,73427,73434,73447,73427,73440
73470,73486,73503,73513,73534,73479,73493,73506,73473,73483,73493,73493,73500,73512,73493,73505
73534,73551,73567,73578,73600,73543,73558,73571,73538,73548,73555,73555,73564,73576,73553,73555
73600,73617,73633,73644,73666,73609,73623,73637,73603,73614,73624,73624,73630,73642,73624,73635
73666,73684,73700,73710,73735,73676,73691,73704,73670,73681,73689,73689,73697,73709,73689,73702
73735,73752,73767,73777,73802,73744,73759,73771,73738,73749,73759,73759,73764,73777,73759,73769
73802,73819,73834,73845,73872,73811,73825,73838,73805,73816,73824,73824,73831,73844,73824,73836
73872,73889,73905,73913,73947,73881,73896,73908,73876,73885,73893,73893,73902,73913,73889,73893
73947,73964,73979,73989,74026,73956,73971,73982,73950,73960,73971,73971,73976,73991,73971,73980
74026,74043,74058,74068,74102,74035,74049,74061,74029,74039,74049,74049,74055,74068,74049,74060
74102,74119,74134,74145,74179,74111,74126,74138,74105,74116,74127,74127,74132,74144,74127,74136
74179,74197,74212,74222,74255,74189,74204,74216,74183,74194,74204,74204,74210,74223,74204,74214
74255,74274,74290,74301,74330,74266,74281,74294,74260,74271,74277,74277,74287,74300,74276,74277
74330,74348,74365,74377,74403,74340,74355,74369,74334,74345,74356,74356,74363,74375,74356,74368
74403,74421,74438,74450,74473,74413,74428,74443,74407,74418,74427,74427,74435,74449,74427,74441
74473,74490,74507,74518,74539,74482,74497,74511,74476,74486,74497,74497,74504,74516,74497,74509
74539,74556,74573,74585,74606,74548,74563,74577,74542,74553,74563,74563,74569,74584,74563,74575
74606,74622,74639,74650,74672,74615,74629,74643,74609,74619,74629,74629,74636,74647,74629,74641
74672,74689,74705,74716,74738,74681,74695,74709,74675,74687,74694,74694,74702,74714,74694,74708
74738,74755,74770,74780,74802,74747,74761,74774,74741,74752,74760,74760,74767,74780,74760,74772
74802,74819,74835,74845,74868,74811,74826,74839,74805,74816,74825,74825,74831,74845,74825,74837
74868,74886,74901,74911,74938,74878,74892,74905,74872,74883,74892,74892,74898,74911,74892,74903
74938,74956,74972,74981,75011,74948,74963,74975,74943,74953,74963,74963,74969,74981,74963,74974
75011,75030,75045,75056,75086,75022,75036,75049,75016,75027,75036,75036,75042,75055,75036,75048
75086,75104,75120,75130,75158,75097,75111,75124,75091,75101,75110,75110,75117,75130,75110,75123
75158,75178,75194,75204,75236,75171,75185,75198,75165,75175,75180,75180,75191,75204,75180,75196
75236,75254,75270,75281,75309,75246,75261,75274,75241,75251,75260,75260,75267,75280,75260,75273
75309,75330,75346,75357,75384,75322,75337,75351,75316,75327,75337,75337,75344,75356,75337,75349
75384,75402,75418,75429,75454,75394,75409,75423,75388,75399,75406,75406,75415,75428,75406,75422
75454,75473,75488,75499,75525,75464,75479,75493,75459,75469,75478,75478,75485,75498,75478,75491
75525,75541,75557,75569,75593,75533,75549,75562,75528,75537,75543,75543,75554,75566,75539,75543
75593,75609,75625,75635,75661,75602,75616,75629,75596,75606,75611,75611,75622,75634,75609,75611
75661,75676,75692,75703,75729,75669,75681,75697,75664,75673,75678,75678,75687,75702,75678,75698
75729,75745,75761,75772,75799,75738,75751,75765,75732,75742,75748,75748,75758,75770,75746,75748
75799,75815,75831,75843,75868,75807,75822,75836,75802,75812,75822,75822,75828,75842,75822,75837
75868,75884,75901,75912,75935,75876,75891,75904,75870,75881,75892,75892,75897,75911,75892,75903
75935,75952,75968,75978,76002,75944,75958,75971,75937,75949,75957,75957,75964,75977,75957,75970
76002,76018,76035,76046,76066,76010,76025,76038,76004,76016,76025,76025,76031,76044,76025,76037
76066,76082,76098,76108,76128,76074,76088,76101,76068,76079,76089,76089,76095,76107,76089,76100
76128,76144,76160,76170,76189,76136,76150,76163,76130,76141,76151,76151,76157,76168,76151,76162
76189,76205,76221,76231,76251,76198,76212,76225,76192,76203,76211,76211,76218,76230,76211,76223
76251,76267,76283,76292,76313,76259,76273,76286,76253,76264,76273,76273,76279,76292,76273,76284
76313,76330,76345,76355,76381,76323,76336,76349,76317,76328,76336,76336,76342,76355,76336,76347
76381,76398,76414,76423,76446,76391,76404,76417,76385,76395,76402,76402,76410,76424,76402,76415
76446,76472,76485,76495,76521,76464,76478,76490,76459,76469,76476,76476,76483,76496,76476,76488
76521,76551,76565,76575,76617,76544,76557,76570,76538,76548,76555,76555,76563,76575,76555,76568
76617,76635,76648,76660,76690,76627,76641,76654,76621,76632,76640,76640,76647,76659,76640,76652
76690,76718,76733,76744,76780,76711,76725,76737,76705,76715,76725,76725,76731,76743,76725,76736
76780,76799,76815,76825,76857,76791,76805,76819,76785,76796,76802,76802,76812,76824,76802,76818
76857,76876,76891,76902,76930,76868,76882,76896,76862,76872,76883,76883,76889,76901,76883,76894
76930,76949,76965,76976,77001,76941,76956,76969,76935,76946,76956,76956,76963,76974,76956,76968
77001,77020,77036,77047,77070,77012,77027,77040,77006,77017,77027,77027,77033,77045,77027,77039
77070,77087,77104,77115,77138,77079,77094,77108,77073,77084,77092,77092,77101,77113,77089,77092
77138,77154,77171,77183,77206,77147,77161,77175,77141,77152,77160,77160,77168,77180,77160,77173
77206,77222,77239,77251,77274,77215,77229,77244,77209,77220,77228,77228,77236,77249,77228,77242
77274,77291,77307,77319,77342,77283,77297,77312,77277,77288,77296,77296,77304,77317,77296,77310
77342,77359,77376,77387,77410,77352,77366,77380,77346,77357,77365,77365,77372,77385,77365,77378
77410,77426,77443,77455,77477,77419,77433,77447,77413,77424,77429,77429,77440,77453,77429,77446
77477,77494,77511,77522,77542,77486,77501,77514,77480,77491,77500,77500,77507,77520,77500,77513
77542,77558,77575,77585,77606,77551,77565,77578,77545,77556,77564,77564,77572,77583,77564,77577
77606,77622,77639,77648,77669,77615,77629,77642,77609,77619,77629,77629,77635,77647,77629,77640
77669,77685,77702,77711,77733,77678,77692,77705,77672,77683,77689,77689,77698,77710,77689,77703
77733,77750,77766,77776,77799,77742,77756,77770,77737,77747,77756,77756,77763,77775,77756,77768
77799,77816,77832,77842,77867,77809,77822,77835,77803,77813,77820,77820,77829,77840,77819,77820
77867,77885,77900,77910,77941,77878,77891,77904,77872,77882,77888,77888,77898,77909,77888,77902
77941,77959,77974,77984,78018,77952,77965,77978,77946,77956,77964,77964,77971,77983,77964,77976
78018,78036,78052,78062,78088,78029,78043,78056,78024,78034,78043,78043,78049,78061,78043,78054
78088,78115,78130,78141,78168,78108,78122,78135,78103,78113,78118,78118,78129,78140,78118,78134
78168,78196,78211,78223,78251,78189,78203,78216,78183,78193,78200,78200,78209,78222,78198,78200
78251,78276,78291,78304,78332,78268,78283,78297,78263,78273,78282,78282,78290,78302,78282,78296
78332,78350,78365,78378,78403,78342,78357,78371,78336,78347,78352,78352,78364,78377,78352,78370
78403,78420,78435,78448,78472,78413,78427,78441,78407,78417,78425,78425,78434,78447,78422,78425
78472,78488,78505,78516,78539,78481,78495,78509,78475,78485,78493,78493,78502,78515,78490,78493
78539,78555,78572,78583,78605,78548,78562,78576,78542,78553,78560,78560,78569,78581,78558,78560
78605,78622,78638,78649,78671,78614,78628,78642,78608,78619,78628,78628,78635,78648,78628,78640
78671,78688,78704,78715,78738,78680,78694,78708,78674,78685,78694,78694,78701,78713,78694,78706
78738,78754,78771,78782,78805,78747,78761,78775,78741,78752,78759,78759,78768,78781,78759,78773
78805,78822,78838,78849,78873,78814,78829,78842,78808,78819,78828,78828,78835,78848,78828,78840
78873,78890,78906,78917,78941,78882,78896,78910,78876,78887,78894,78894,78903,78915,78894,78909
78941,78958,78974,78984,79008,78950,78964,78977,78944,78955,78964,78964,78970,78983,78964,78976
79008,79026,79042,79053,79076,79018,79033,79046,79012,79023,79033,79033,79039,79051,79033,79044
79076,79093,79109,79120,79142,79085,79100,79113,79079,79091,79099,79099,79106,79119,79099,79112
79142,79159,79175,79184,79207,79151,79165,79178,79145,79156,79165,79165,79172,79184,79165,79177
79207,79224,79239,79249,79272,79216,79230,79243,79210,79221,79230,79230,79236,79249,79230,79242
79272,79288,79304,79314,79338,79281,79295,79307,79275,79286,79294,79294,79300,79313,79294,79305
79338,79355,79370,79380,79406,79347,79361,79374,79342,79352,79361,79361,79367,79380,79361,79372
79406,79423,79438,79448,79477,79416,79429,79442,79410,79420,79429,79429,79435,79447,79429,79440
79477,79495,79510,79520,79546,79487,79501,79514,79481,79492,79501,79501,79507,79519,79501,79512
79546,79570,79585,79597,79623,79563,79577,79590,79557,79568,79577,79577,79583,79596,79577,79588
79623,79648,79663,79675,79701,79640,79654,79668,79635,79645,79651,79651,79661,79674,79650,79651
79701,79725,79741,79753,79781,79718,79732,79746,79712,79723,79732,79732,79739,79751,79732,79744
79781,79800,79817,79828,79853,79792,79807,79821,79787,79798,79804,79804,79814,79827,79804,79820
79853,79871,79888,79899,79922,79863,79878,79892,79857,79868,79874,79874,79885,79897,79874,79891
79922,79939,79956,79966,79987,79931,79945,79960,79925,79936,79943,79943,79953,79965,79943,79959
79987,80004,80021,80031,80051,79996,80010,80024,79990,80001,80008,80008,80017,80030,80008,80023
80051,80067,80084,80094,80114,80060,80074,80088,80054,80065,80074,80074,80081,80093,80074,80086
80114,80131,80147,80157,80178,80123,80137,80150,80117,80128,80137,80137,80144,80156,80137,80149
80178,80194,80210,80221,80243,80187,80201,80214,80181,80192,80201,80201,80207,80220,80201,80212
80243,80259,80276,80286,80308,80252,80266,80279,80246,80257,80266,80266,80272,80284,80266,80277
80308,80325,80342,80353,80375,80318,80332,80345,80312,80323,80333,80333,80339,80351,80333,80344
80375,80392,80408,80420,80442,80385,80398,80412,80379,80389,80398,80398,80405,80418,80398,80411
80442,80459,80475,80486,80509,80452,80465,80479,80446,80456,80465,80465,80472,80485,80465,80478
80509,80526,80543,80554,80576,80519,80533,80546,80513,80523,80533,80533,80539,80552,80533,80545
80576,80592,80609,80619,80641,80585,80599,80613,80579,80590,80598,80598,80606,80618,80598,80611
80641,80658,80674,80685,80707,80651,80665,80678,80645,80655,80665,80665,80671,80684,80665,80677
80707,80724,80741,80751,80775,80717,80731,80744,80711,80722,80729,80729,80738,80749,80729,80743
80775,80792,80808,80819,80842,80784,80798,80812,80779,80789,80798,80798,80805,80818,80798,80811
80842,80860,80875,80886,80910,80852,80866,80880,80846,80857,80866,80866,80872,80885,80866,80878
80910,80928,80944,80955,80979,80920,80934,80948,80914,80925,80934,80934,80941,80953,80934,80946
80979,80996,81013,81025,81049,80989,81003,81017,80983,80994,81002,81002,81010,81022,81002,81016
81049,81066,81083,81095,81117,81059,81073,81087,81053,81063,81071,81071,81080,81093,81071,81085
81117,81135,81152,81164,81186,81128,81142,81156,81122,81133,81142,81142,81149,81162,81142,81155
81186,81203,81220,81232,81254,81196,81210,81224,81190,81200,81206,81206,81217,81230,81206,81223
81254,81271,81288,81300,81322,81264,81278,81292,81258,81268,81278,81278,81285,81298,81278,81291
81322,81338,81355,81367,81387,81331,81345,81359,81325,81336,81345,81345,81352,81365,81345,81358
81387,81404,81420,81432,81451,81396,81410,81424,81390,81401,81410,81410,81417,81430,81410,81423
81451,81468,81484,81495,81515,81460,81474,81488,81454,81465,81475,81475,81481,81494,81475,81486
81515,81531,81548,81559,81579,81524,81538,81551,81518,81529,81538,81538,81544,81557,81538,81549
81579,81596,81612,81622,81644,81588,81602,81615,81582,81593,81603,81603,81609,81621,81603,81613
81644,81661,81677,81688,81711,81654,81668,81681,81648,81659,81667,81667,81674,81687,81667,81679
81711,81729,81744,81754,81779,81721,81735,81748,81715,81726,81735,81735,81741,81753,81735,81746
81779,81797,81812,81822,81848,81789,81803,81816,81783,81794,81802,81802,81809,81821,81802,81814
81848,81865,81881,81891,81917,81857,81871,81885,81851,81862,81870,81870,81877,81891,81870,81883
81917,81935,81951,81961,81988,81927,81942,81955,81921,81932,81942,81942,81948,81960,81942,81953
81988,82006,82022,82033,82059,81998,82012,82026,81992,82003,82012,82012,82019,82032,82012,82025
82059,82076,82093,82105,82128,82069,82083,82098,82063,82074,82080,82080,82091,82103,82080,82096
82128,82145,82163,82174,82196,82138,82153,82167,82132,82142,82153,82153,82160,82172,82153,82165
82196,82213,82230,82242,82264,82206,82220,82235,82200,82210,82216,82216,82227,82241,82216,82233
82264,82281,82298,82311,82332,82273,82288,82303,82268,82278,82288,82288,82295,82308,82288,82301
82332,82349,82366,82378,82399,82342,82356,82371,82336,82346,82356,82356,82363,82376,82356,82369
82399,82415,82433,82444,82462,82407,82422,82437,82401,82412,82421,82421,82429,82442,82421,82435
82462,82478,82496,82506,82526,82471,82485,82499,82465,82475,82484,82484,82492,82505,82480,82484
82526,82542,82559,82569,82589,82534,82548,82562,82528,82539,82548,82548,82555,82568,82548,82561
82589,82605,82622,82633,82653,82598,82612,82625,82592,82603,82612,82612,82619,82630,82612,82624
82653,82669,82686,82696,82716,82662,82676,82689,82656,82667,82675,82675,82682,82694,82675,82688
82716,82732,82749,82759,82779,82725,82739,82752,82719,82730,82739,82739,82745,82758,82739,82750
82779,82795,82812,82821,82842,82788,82801,82815,82782,82792,82798,82798,82808,82820,82798,82813
82842,82859,82875,82885,82909,82851,82865,82878,82846,82856,82866,82866,82872,82884,82866,82877
82909,82927,82943,82953,82980,82919,82933,82946,82914,82924,82934,82934,82940,82952,82934,82945
82980,82999,83015,83026,83052,82991,83005,83019,82986,82996,83004,83004,83012,83024,83004,83017
83052,83073,83088,83100,83129,83066,83080,83093,83060,83071,83079,83079,83086,83099,83079,83091
83129,83148,83164,83174,83202,83140,83154,83168,83134,83145,83151,83151,83161,83173,83151,83167
83202,83221,83237,83247,83276,83213,83227,83241,83207,83218,83225,83225,83234,83246,83225,83239
83276,83294,83310,83322,83349,83286,83301,83315,83280,83291,83297,83297,83307,83321,83297,83313
83349,83368,83384,83395,83422,83360,83374,83389,83353,83365,83372,83372,83381,83394,83372,83386
83422,83440,83457,83469,83493,83432,83447,83462,83426,83438,83446,83446,83454,83468,83446,83460
83493,83510,83527,83538,83562,83502,83517,83531,83496,83507,83516,83516,83523,83537,83516,83529
83562,83579,83596,83608,83630,83571,83586,83601,83565,83576,83582,83582,83593,83606,83582,83599
83630,83647,83664,83676,83697,83639,83654,83668,83633,83644,83653,83653,83660,83674,83653,83667
83697,83714,83731,83742,83762,83706,83720,83735,83700,83711,83719,83719,83727,83741,83719,83734
83762,83778,83796,83807,83826,83771,83785,83800,83765,83776,83782,83782,83792,83805,83782,83798
83826,83842,83859,83869,83889,83834,83849,83862,83829,83839,83849,83849,83856,83868,83849,83861
83889,83906,83922,83933,83953,83898,83912,83926,83892,83903,83912,83912,83919,83931,83912,83924
83953,83970,83986,83997,84019,83962,83977,83990,83957,83967,83977,83977,83983,83995,83977,83989
84019,84036,84052,84063,84086,84029,84043,84057,84023,84034,84041,84041,84049,84062,84041,84054
84086,84103,84118,84128,84153,84095,84109,84122,84089,84100,84108,84108,84115,84128,84108,84120
84153,84170,84185,84194,84223,84162,84176,84188,84156,84167,84175,84175,84181,84195,84175,84186
84223,84240,84255,84266,84303,84232,84246,84259,84227,84237,84245,84245,84253,84263,84241,84245
84303,84318,84334,84344,84385,84311,84324,84336,84305,84314,84322,84322,84331,84341,84318,84322
84385,84399,84416,84426,84458,84392,84406,84418,84387,84396,84404,84404,84413,84422,84400,84404
84458,84478,84496,84506,84545,84472,84484,84499,84467,84476,84486,84486,84493,84503,84480,84486
84545,84560,84577,84589,84630,84554,84565,84580,84548,84558,84562,84562,84574,84585,84562,84579
84630,84643,84661,84673,84707,84638,84650,84665,84633,84642,84651,84651,84658,84670,84646,84651
84707,84723,84741,84753,84783,84717,84730,84745,84712,84721,84725,84725,84738,84751,84725,84743
84783,84799,84816,84827,84859,84792,84805,84820,84787,84796,84800,84800,84812,84825,84800,84820
84859,84874,84892,84901,84935,84867,84879,84895,84862,84871,84881,84881,84889,84900,84874,84881
84935,84951,84968,84978,85011,84943,84958,84971,84938,84947,84957,84957,84966,84977,84951,84957
85011,85027,85044,85053,85086,85019,85034,85047,85013,85023,85034,85034,85042,85052,85027,85034
85086,85104,85120,85128,85159,85095,85111,85123,85089,85099,85109,85109,85118,85128,85103,85109
85159,85176,85192,85199,85233,85167,85183,85195,85161,85171,85182,85182,85190,85200,85175,85182
85233,85252,85268,85276,85322,85243,85258,85272,85237,85247,85251,85251,85266,85277,85251,85271
85322,85342,85359,85366,85435,85333,85350,85363,85327,85337,85348,85348,85357,85369,85341,85348
85435,85455,85473,85478,85540,85445,85462,85477,85439,85450,85464,85464,85471,85482,85454,85464
85540,85564,85582,85588,85647,85554,85573,85586,85548,85559,85570,85570,85580,85591,85563,85570
85647,85668,85686,85691,85752,85658,85678,85690,85652,85662,85674,85674,85684,85694,85666,85674
85752,85775,85792,85798,85854,85763,85784,85797,85757,85768,85779,85779,85790,85802,85772,85779
85854,85875,85893,85899,85942,85864,85884,85898,85858,85869,85881,85881,85891,85903,85873,85881
85942,85962,85981,85986,86024,85952,85972,85985,85945,85957,85967,85967,85979,85990,85960,85967
86024,86044,86064,86069,86103,86034,86054,86068,86028,86039,86049,86049,86062,86073,86043,86049
86103,86123,86143,86149,86189,86113,86133,86148,86107,86118,86122,86122,86141,86152,86122,86146
86189,86209,86228,86234,86272,86199,86218,86233,86193,86204,86217,86217,86226,86237,86209,86217
86272,86291,86311,86317,86357,86282,86301,86316,86276,86286,86298,86298,86309,86321,86291,86298
86357,86378,86398,86404,86464,86368,86389,86403,86362,86373,86386,86386,86396,86413,86377,86386
86464,86486,86505,86512,86556,86476,86496,86511,86470,86481,86493,86493,86504,86516,86485,86493
86556,86577,86597,86604,86645,86567,86588,86603,86561,86572,86585,86585,86595,86609,86576,86585
86645,86666,86686,86693,86734,86656,86676,86692,86649,86660,86672,86672,86684,86697,86664,86672
86734,86754,86774,86781,86820,86745,86765,86780,86738,86749,86761,86761,86772,86785,86753,86761
86820,86839,86858,86868,86901,86830,86849,86864,86824,86835,86846,86846,86856,86871,86839,86846
86901,86920,86940,86948,86989,86911,86930,86946,86905,86916,86927,86927,86938,86951,86920,86927
86989,87010,87030,87040,87086,87000,87020,87036,86994,87005,87017,87017,87028,87042,87009,87017
87086,87109,87129,87139,87185,87100,87120,87135,87094,87105,87116,87116,87127,87140,87109,87116
87185,87207,87226,87234,87284,87196,87217,87232,87190,87201,87214,87214,87225,87237,87205,87214
87284,87307,87326,87333,87376,87296,87316,87331,87290,87301,87306,87306,87324,87340,87306,87329
87376,87397,87416,87422,87460,87386,87407,87421,87380,87391,87402,87402,87414,87426,87395,87402
87460,87482,87500,87507,87551,87471,87491,87506,87464,87475,87485,87485,87498,87513,87479,87485
87551,87573,87591,87598,87647,87562,87584,87597,87555,87567,87578,87578,87590,87602,87572,87578
87647,87669,87688,87694,87737,87659,87680,87693,87652,87664,87675,87675,87686,87698,87668,87675
87737,87759,87777,87786,87832,87748,87768,87783,87742,87753,87762,87762,87775,87788,87757,87762
87832,87854,87874,87883,87934,87844,87864,87880,87838,87849,87863,87863,87872,87885,87854,87863
87934,87957,87977,87988,88031,87947,87967,87983,87941,87952,87965,87965,87976,87989,87956,87965
88031,88053,88072,88085,88120,88044,88063,88079,88038,88049,88061,88061,88071,88087,88054,88061
88120,88141,88161,88171,88211,88132,88151,88167,88126,88137,88148,88148,88159,88173,88141,88148
88211,88233,88253,88264,88306,88223,88243,88259,88217,88228,88240,88240,88251,88264,88232,88240
88306,88336,88355,88368,88404,88327,88345,88362,88321,88331,88344,88344,88354,88368,88336,88344
88404,88429,88449,88461,88503,88420,88438,88455,88414,88425,88439,88439,88448,88461,88430,88439
88503,88525,88546,88557,88603,88516,88535,88551,88510,88520,88534,88534,88544,88557,88525,88534
88603,88631,88652,88663,88706,88622,88641,88657,88617,88627,88641,88641,88651,88663,88631,88641
88706,88729,88750,88760,88804,88720,88739,88755,88714,88725,88739,88739,88748,88761,88730,88739
88804,88829,88849,88860,88908,88819,88838,88855,88813,88824,88837,88837,88848,88860,88829,88837
88908,88937,88957,88969,89008,88928,88946,88963,88922,88933,88947,88947,88956,88970,88938,88947
89008,89033,89053,89065,89109,89024,89042,89060,89018,89029,89042,89042,89052,89066,89034,89042
89109,89133,89154,89164,89209,89124,89142,89160,89118,89129,89143,89143,89152,89165,89133,89143
89209,89238,89258,89271,89311,89229,89248,89265,89223,89234,89247,89247,89257,89271,89239,89247
89311,89338,89358,89369,89411,89329,89347,89364,89323,89334,89346,89346,89356,89370,89338,89346
89411,89432,89453,89464,89530,89423,89442,89458,89417,89428,89441,89441,89451,89464,89432,89441
89530,89552,89573,89584,89623,89543,89561,89578,89537,89547,89561,89561,89571,89584,89552,89561
89623,89660,89680,89692,89735,89651,89670,89687,89645,89656,89668,89668,89679,89693,89660,89668
89735,89758,89778,89788,89839,89748,89769,89784,89742,89753,89764,89764,89776,89792,89756,89764
89839,89862,89882,89892,89938,89852,89872,89888,89845,89857,89870,89870,89880,89894,89861,89870
89938,89968,89987,89997,90044,89958,89978,89994,89952,89963,89975,89975,89986,90001,89968,89975
90044,90069,90089,90100,90154,90059,90079,90095,90052,90064,90077,90077,90087,90101,90068,90077
90154,90175,90196,90203,90243,90165,90185,90202,90159,90170,90184,90184,90194,90206,90175,90184
90243,90277,90298,90314,90356,90270,90288,90305,90263,90275,90285,90285,90297,90311,90279,90285
90356,90378,90398,90410,90445,90369,90387,90406,90363,90374,90388,90388,90397,90413,90379,90388
90445,90468,90486,90494,90536,90457,90477,90493,90450,90462,90473,90473,90484,90501,90466,90473
90536,90556,90576,90584,90630,90546,90567,90579,90540,90550,90564,90564,90574,90584,90555,90564
90630,90648,90670,90680,90727,90640,90654,90674,90634,90644,90657,90657,90668,90679,90647,90657
90727,90746,90768,90779,90834,90738,90751,90772,90732,90742,90756,90759,90766,90778,90745,90759
90834,90855,90876,90886,90944,90844,90866,90879,90838,90848,90862,90862,90874,90884,90852,90862
90944,90966,90984,90995,91045,90954,90976,90989,90947,90959,90971,90971,90982,90997,90964,90971
91045,91067,91086,91096,91144,91057,91077,91091,91050,91062,91073,91073,91084,91098,91067,91073
91144,91166,91186,91196,91250,91156,91177,91192,91149,91161,91172,91172,91185,91197,91165,91172
91250,91274,91293,91304,91352,91264,91284,91299,91257,91269,91279,91279,91292,91305,91273,91279
91352,91381,91401,91412,91460,91372,91391,91407,91365,91377,91389,91389,91399,91413,91381,91389
91460,91483,91503,91513,91563,91473,91493,91508,91467,91478,91491,91491,91501,91514,91483,91491
91563,91585,91606,91616,91656,91576,91596,91612,91569,91580,91594,91594,91604,91618,91585,91594
91656,91676,91697,91707,91748,91667,91687,91702,91661,91672,91684,91684,91695,91708,91676,91684
91748,91769,91790,91800,91850,91760,91779,91796,91754,91765,91778,91778,91788,91801,91769,91778
91850,91872,91893,91904,91947,91863,91882,91898,91857,91868,91881,91881,91891,91905,91872,91881
91947,91970,91990,92001,92049,91960,91980,91996,91954,91965,91977,91977,91989,92002,91969,91977
92049,92073,92094,92105,92150,92064,92084,92100,92058,92069,92081,92081,92092,92106,92073,92081
92150,92183,92202,92213,92266,92174,92193,92209,92167,92178,92190,92190,92201,92214,92183,92190
92266,92289,92309,92317,92373,92278,92298,92315,92272,92283,92294,92294,92307,92321,92287,92294
92373,92396,92416,92426,92481,92386,92406,92422,92379,92391,92404,92404,92415,92427,92396,92404
92481,92504,92524,92534,92581,92495,92514,92530,92488,92500,92512,92512,92523,92536,92504,92512
92581,92603,92623,92634,92679,92593,92613,92629,92587,92598,92611,92611,92621,92635,92603,92611
92679,92703,92723,92734,92778,92693,92713,92729,92687,92698,92711,92711,92722,92735,92703,92711
92778,92806,92827,92839,92880,92797,92816,92833,92791,92802,92816,92816,92826,92838,92807,92816
92880,92910,92929,92943,92984,92901,92919,92936,92895,92906,92918,92918,92928,92943,92910,92918
92984,93006,93027,93038,93081,92997,93015,93032,92991,93002,93015,93015,93025,93039,93007,93015
93081,93103,93125,93136,93183,93094,93112,93131,93088,93099,93113,93113,93123,93136,93104,93113
93183,93208,93228,93240,93285,93199,93216,93234,93192,93203,93218,93218,93227,93240,93208,93218
93285,93308,93328,93338,93385,93299,93318,93334,93292,93303,93316,93316,93326,93341,93308,93316
93385,93407,93427,93436,93486,93396,93417,93433,93390,93401,93414,93414,93425,93440,93406,93414
93486,93509,93529,93539,93586,93499,93520,93536,93493,93504,93515,93515,93528,93542,93508,93515
93586,93607,93627,93638,93680,93598,93617,93633,93591,93602,93615,93615,93625,93640,93607,93615
93680,93701,93721,93731,93775,93691,93712,93727,93685,93696,93709,93709,93720,93733,93701,93709
93775,93798,93818,93829,93873,93789,93809,93825,93782,93794,93806,93806,93817,93830,93798,93806
93873,93904,93923,93935,93987,93894,93913,93930,93888,93899,93910,93910,93922,93935,93903,93910
93987,94008,94029,94039,94083,93999,94019,94035,93992,94004,94017,94017,94027,94040,94008,94017
94083,94112,94132,94143,94187,94103,94120,94138,94097,94108,94122,94122,94130,94143,94113,94122
94187,94209,94230,94241,94288,94200,94219,94236,94194,94205,94218,94218,94228,94242,94210,94218
94288,94310,94330,94342,94381,94301,94320,94336,94295,94306,94318,94318,94329,94342,94311,94318
94381,94410,94429,94442,94486,94401,94419,94436,94395,94406,94418,94418,94428,94442,94411,94418
94486,94510,94530,94543,94595,94501,94520,94537,94495,94506,94519,94519,94529,94543,94511,94519
94595,94617,94637,94650,94691,94608,94626,94644,94602,94613,94626,94626,94636,94650,94618,94626
94691,94720,94739,94753,94795,94712,94730,94747,94705,94717,94729,94729,94738,94753,94722,94729
94795,94825,94845,94858,94900,94816,94835,94853,94809,94821,94833,94833,94844,94858,94826,94833
94900,94931,94951,94964,95005,94922,94939,94958,94916,94928,94942,94942,94950,94965,94933,94942
95005,95032,95052,95062,95110,95023,95041,95058,95016,95028,95042,95042,95051,95063,95033,95042
95110,95132,95153,95164,95213,95123,95142,95159,95116,95128,95141,95141,95151,95165,95133,95141
95213,95241,95261,95272,95320,95232,95251,95268,95225,95237,95249,95249,95260,95275,95242,95249
95320,95343,95364,95374,95429,95334,95354,95370,95327,95339,95352,95352,95363,95376,95344,95352
95429,95452,95473,95483,95531,95442,95462,95479,95436,95448,95461,95461,95471,95485,95452,95461
95531,95558,95578,95590,95636,95549,95568,95585,95543,95554,95568,95568,95577,95590,95559,95568
95636,95657,95679,95690,95735,95648,95665,95685,95642,95653,95668,95668,95677,95690,95659,95668
95735,95758,95779,95791,95831,95749,95765,95785,95742,95754,95770,95770,95777,95791,95760,95770
95831,95854,95874,95886,95927,95845,95861,95880,95839,95850,95855,95855,95872,95886,95855,95878
95927,95948,95969,95981,96024,95939,95956,95975,95933,95944,95958,95958,95968,95981,95949,95958
96024,96051,96072,96083,96124,96043,96059,96078,96037,96048,96061,96061,96071,96083,96052,96061
96124,96147,96169,96179,96221,96139,96156,96174,96133,96144,96158,96158,96167,96180,96148,96158
96221,96248,96269,96280,96327,96239,96257,96275,96233,96244,96258,96258,96268,96281,96249,96258
96327,96356,96376,96386,96433,96346,96366,96382,96340,96351,96364,96364,96374,96388,96356,96364
96433,96455,96475,96485,96542,96446,96466,96481,96439,96450,96463,96463,96473,96487,96455,96463
96542,96564,96583,96590,96650,96554,96573,96589,96547,96559,96573,96573,96582,96597,96563,96573
96650,96672,96691,96700,96754,96661,96680,96696,96655,96666,96670,96670,96690,96702,96670,96695
96754,96775,96795,96804,96861,96764,96784,96799,96757,96768,96778,96778,96793,96805,96771,96778
96861,96885,96902,96908,96976,96872,96894,96907,96865,96876,96889,96889,96901,96914,96883,96889
96976,97001,97018,97023,97094,96988,97010,97022,96981,96993,97005,97005,97016,97027,96998,97005
97094,97117,97135,97143,97198,97106,97126,97140,97100,97112,97124,97124,97133,97148,97117,97124
97198,97221,97241,97252,97302,97211,97231,97246,97205,97216,97229,97229,97239,97252,97220,97229
97302,97324,97345,97354,97405,97314,97335,97350,97308,97319,97332,97332,97343,97355,97324,97332
97405,97427,97447,97455,97511,97417,97437,97451,97411,97422,97435,97435,97445,97457,97427,97435
97511,97532,97552,97562,97625,97522,97544,97557,97515,97526,97540,97540,97550,97563,97531,97540
97625,97646,97666,97675,97736,97636,97656,97671,97629,97641,97654,97654,97664,97677,97645,97654
97736,97757,97776,97785,97836,97747,97766,97781,97741,97752,97765,97765,97774,97788,97757,97765
97836,97858,97879,97888,97939,97848,97869,97884,97842,97853,97867,97867,97877,97890,97858,97867
97939,97961,97983,97992,98041,97952,97972,97987,97946,97956,97970,97970,97981,97993,97961,97970
98041,98069,98089,98100,98148,98060,98079,98095,98054,98065,98078,98078,98088,98101,98069,98078
98148,98174,98193,98204,98263,98164,98184,98200,98158,98169,98181,98181,98192,98206,98173,98181
98263,98285,98305,98313,98367,98274,98296,98310,98268,98279,98293,98293,98303,98316,98284,98293
98367,98390,98410,98419,98467,98380,98400,98415,98374,98385,98398,98398,98408,98421,98390,98398
98467,98490,98510,98519,98570,98479,98500,98515,98473,98484,98497,98497,98508,98521,98488,98497
98570,98598,98618,98625,98679,98588,98610,98624,98581,98593,98605,98605,98617,98630,98597,98605
98679,98709,98728,98738,98793,98699,98719,98733,98693,98704,98717,98717,98727,98743,98708,98717
98793,98814,98835,98844,98897,98805,98822,98839,98799,98809,98824,98824,98833,98845,98814,98824
98897,98920,98938,98946,99003,98907,98930,98943,98901,98912,98924,98924,98936,98948,98917,98924
99003,99025,99044,99049,99108,99014,99036,99048,99007,99019,99030,99030,99042,99053,99023,99030
99108,99131,99149,99156,99214,99120,99140,99154,99113,99124,99135,99135,99147,99159,99128,99135
99214,99237,99257,99264,99327,99225,99246,99261,99219,99230,99248,99248,99255,99267,99234,99248
99327,99350,99369,99375,99431,99339,99360,99374,99333,99344,99357,99357,99367,99380,99349,99357
99431,99454,99473,99480,99538,99443,99463,99478,99436,99448,99461,99461,99471,99484,99453,99461
99538,99560,99580,99590,99647,99549,99570,99586,99543,99554,99568,99568,99578,99591,99559,99568
99647,99670,99690,99700,99751,99660,99680,99696,99654,99665,99677,99677,99688,99701,99669,99677
99751,99773,99794,99804,99861,99763,99782,99799,99757,99768,99783,99783,99792,99804,99773,99783
99861,99883,99904,99914,99961,99874,99892,99909,99868,99879,99893,99893,99903,99914,99883,99893
99961,99989,100009,100020,100069,99979,99999,100016,99973,99984,99998,99998,100008,100021,99989,99998
100069,100091,100112,100122,100176,100081,100102,100118,100075,100086,100100,100100,100111,100123,100090,100100
100176,100199,100219,100229,100278,100189,100209,100225,100183,100194,100207,100207,100217,100231,100198,100207
100278,100304,100324,100335,100386,100294,100314,100330,100288,100299,100312,100312,100322,100337,100303,100312
100386,100409,100429,100440,100490,100399,100419,100436,100393,100404,100418,100418,100428,100444,100409,100418
100490,100521,100541,100553,100598,100512,100531,100547,100505,100516,100530,100530,100540,100553,100521,100530
100598,100627,100647,100659,100702,100618,100636,100654,100612,100623,100637,100637,100646,100660,100628,100637
100702,100732,100753,100765,100812,100723,100742,100759,100717,100728,100741,100741,100752,100765,100733,100741
100812,100840,100861,100873,100913,100831,100848,100867,100825,100836,100850,100850,100860,100873,100841,100850
100913,100938,100959,100971,101015,100929,100946,100965,100923,100934,100948,100948,100958,100971,100939,100948
101015,101040,101061,101073,101121,101031,101048,101067,101025,101036,101050,101050,101060,101073,101041,101050
101121,101151,101172,101184,101232,101142,101162,101179,101136,101147,101160,101160,101171,101185,101152,101160
101232,101259,101280,101292,101337,101250,101269,101286,101244,101255,101269,101269,101279,101292,101260,101269
101337,101358,101379,101390,101435,101349,101368,101385,101342,101353,101367,101367,101377,101391,101358,101367
101435,101461,101482,101493,101539,101452,101471,101488,101446,101457,101471,101471,101480,101493,101462,101471
101539,101564,101583,101592,101649,101553,101574,101589,101547,101558,101571,101571,101582,101595,101563,101571
101649,101672,101691,101699,101764,101660,101682,101695,101654,101665,101679,101679,101689,101701,101671,101679
101764,101787,101806,101816,101877,101775,101799,101811,101769,101780,101793,101795,101804,101823,101787,101795
101877,101899,101918,101928,101981,101887,101909,101923,101881,101892,101906,101906,101916,101930,101899,101906
101981,102003,102023,102030,102087,101992,102014,102028,101985,101997,102009,102009,102021,102033,102002,102009
102087,102111,102132,102141,102198,102101,102122,102137,102094,102106,102118,102118,102130,102143,102110,102118
102198,102219,102241,102251,102295,102210,102229,102247,102203,102215,102229,102229,102239,102253,102220,102229
102295,102324,102343,102355,102397,102314,102333,102350,102308,102319,102332,102332,102342,102356,102324,102332
102397,102419,102440,102450,102495,102410,102429,102445,102404,102415,102428,102428,102438,102450,102420,102428
102495,102518,102538,102549,102606,102508,102528,102544,102502,102513,102526,102526,102537,102550,102518,102526
102606,102627,102648,102657,102709,102618,102639,102654,102611,102622,102634,102634,102646,102659,102626,102634
102709,102736,102755,102764,102816,102726,102746,102761,102720,102731,102742,102742,102753,102768,102735,102742
102816,102838,102858,102864,102924,102828,102849,102863,102821,102833,102846,102846,102856,102869,102838,102846
102924,102946,102967,102975,103034,102935,102956,102970,102929,102939,102955,102955,102965,102975,102944,102955
103034,103052,103074,103085,103138,103044,103058,103078,103038,103048,103061,103062,103072,103083,103052,103062
103138,103156,103179,103190,103248,103148,103161,103183,103142,103152,103164,103168,103177,103187,103155,103168
103248,103268,103289,103300,103357,103258,103277,103295,103252,103262,103278,103278,103287,103301,103266,103278
103357,103379,103398,103407,103463,103367,103389,103402,103361,103371,103386,103386,103396,103406,103375,103386
103463,103485,103505,103513,103568,103474,103496,103509,103467,103479,103491,103491,103503,103516,103483,103491
103568,103591,103611,103620,103668,103581,103602,103616,103574,103585,103599,103599,103609,103622,103590,103599
103668,103689,103709,103718,103762,103679,103700,103714,103673,103684,103697,103697,103707,103721,103689,103697
103762,103784,103805,103811,103861,103773,103794,103809,103767,103778,103794,103794,103803,103814,103783,103794
103861,103883,103903,103912,103966,103873,103894,103908,103867,103878,103890,103890,103902,103914,103882,103890
103966,103988,104007,104017,104066,103978,103998,104013,103972,103983,103995,103995,104005,104019,103987,103995
104066,104089,104109,104117,104174,104079,104099,104114,104072,104083,104096,104096,104107,104119,104087,104096
104174,104197,104217,104226,104279,104187,104207,104222,104180,104191,104206,104206,104216,104228,104195,104206
104279,104307,104326,104337,104386,104297,104317,104332,104291,104302,104314,104314,104325,104339,104306,104314
104386,104409,104429,104439,104490,104399,104419,104435,104393,104404,104416,104416,104427,104443,104409,104416
104490,104514,104534,104544,104595,104504,104525,104540,104498,104509,104522,104522,104533,104546,104514,104522
104595,104623,104643,104653,104701,104613,104633,104649,104607,104618,104631,104631,104641,104657,104622,104631
104701,104723,104743,104753,104798,104713,104734,104748,104706,104718,104732,104732,104741,104754,104723,104732
104798,104820,104840,104847,104900,104810,104831,104846,104804,104815,104826,104826,104838,104854,104819,104826
104900,104923,104943,104950,105009,104913,104933,104949,104906,104917,104930,104930,104941,104957,104921,104930
105009,105031,105051,105060,105112,105020,105041,105056,105014,105025,105036,105036,105049,105060,105028,105036
105112,105135,105155,105164,105219,105124,105146,105159,105117,105128,105141,105141,105153,105165,105132,105141
105219,105241,105261,105270,105328,105230,105252,105266,105223,105236,105249,105249,105259,105274,105241,105249
105328,105351,105372,105380,105432,105341,105361,105376,105334,105346,105358,105358,105370,105381,105350,105358
105432,105454,105474,105486,105537,105444,105464,105480,105438,105449,105463,105463,105473,105489,105454,105463
105537,105561,105582,105594,105636,105551,105571,105588,105545,105556,105571,105571,105580,105595,105561,105571
105636,105665,105686,105699,105741,105656,105674,105692,105650,105661,105676,105676,105685,105699,105666,105676
105741,105763,105784,105795,105836,105753,105772,105790,105747,105759,105773,105773,105782,105796,105764,105773
105836,105864,105885,105896,105937,105855,105873,105891,105848,105860,105873,105873,105883,105897,105864,105873
105937,105964,105983,105993,106041,105954,105974,105989,105948,105959,105971,105971,105982,105994,105964,105971
106041,106062,106083,106090,106147,106052,106074,106087,106045,106057,106070,106070,106081,106093,106061,106070
106147,106168,106188,106197,106254,106158,106180,106192,106151,106162,106175,106175,106186,106197,106167,106175
106254,106277,106295,106304,106367,106265,106287,106300,106259,106270,106282,106282,106293,106306,106275,106282
106367,106390,106408,106415,106477,106378,106400,106413,106371,106384,106395,106395,106406,106419,106388,106395
106477,106499,106519,106528,106581,106490,106508,106524,106483,106495,106508,106508,106517,106530,106500,106508
106581,106604,106624,106635,106688,106595,106615,106630,106589,106600,106612,106612,106623,106637,106604,106612
106688,106713,106734,106746,106791,106704,106722,106739,106698,106709,106723,106723,106733,106746,106713,106723
106791,106814,106835,106846,106897,106805,106824,106841,106799,106810,106822,106822,106833,106846,106814,106822
106897,106920,106940,106949,107001,106910,106930,106945,106903,106915,106928,106928,106938,106950,106920,106928
107001,107023,107042,107053,107102,107013,107033,107048,107007,107018,107030,107030,107041,107054,107023,107030
107102,107124,107144,107152,107208,107114,107134,107149,107107,107119,107132,107132,107142,107155,107123,107132
107208,107231,107251,107260,107315,107221,107241,107257,107215,107226,107238,107238,107249,107264,107230,107238
107315,107338,107357,107367,107420,107328,107348,107362,107322,107333,107345,107345,107356,107368,107337,107345
107420,107443,107464,107473,107521,107433,107454,107469,107427,107438,107451,107451,107462,107475,107443,107451
107521,107553,107574,107585,107627,107544,107564,107580,107538,107549,107562,107562,107573,107586,107553,107562
107627,107654,107674,107686,107730,107645,107664,107680,107639,107649,107663,107663,107673,107686,107654,107663
107730,107752,107774,107785,107830,107743,107761,107780,107737,107748,107762,107762,107772,107786,107753,107762
107830,107858,107879,107891,107937,107849,107866,107885,107843,107854,107868,107868,107878,107891,107859,107868
107937,107960,107981,107992,108040,107951,107969,107987,107945,107956,107969,107969,107980,107993,107960,107969
108040,108062,108083,108094,108139,108052,108072,108088,108046,108057,108071,108071,108081,108094,108061,108071
108139,108166,108186,108198,108245,108157,108176,108193,108151,108162,108175,108175,108185,108199,108166,108175
108245,108268,108289,108300,108349,108258,108278,108295,108252,108263,108277,108277,108287,108301,108267,108277
108349,108371,108392,108404,108448,108362,108382,108398,108356,108367,108381,108381,108391,108405,108372,108381
108448,108470,108491,108502,108548,108461,108480,108497,108455,108466,108479,108479,108489,108502,108470,108479
108548,108570,108592,108603,108647,108560,108579,108597,108554,108565,108580,108580,108590,108603,108570,108580
108647,108673,108694,108707,108748,108664,108682,108700,108658,108669,108683,108683,108693,108707,108674,108683
108748,108770,108791,108803,108848,108761,108779,108797,108755,108766,108780,108780,108790,108804,108771,108780
108848,108870,108892,108904,108943,108862,108879,108898,108855,108866,108880,108880,108891,108903,108871,108880
108943,108969,108990,109001,109045,108960,108980,108996,108954,108965,108978,108978,108988,109002,108970,108978
109045,109066,109086,109096,109145,109056,109077,109092,109050,109061,109074,109074,109085,109098,109066,109074
109145,109167,109188,109197,109242,109158,109177,109193,109151,109162,109176,109176,109186,109198,109166,109176
109242,109264,109284,109292,109337,109254,109274,109288,109248,109258,109271,109271,109282,109293,109262,109271
109337,109360,109378,109385,109435,109349,109370,109384,109342,109353,109365,109365,109377,109391,109357,109365
109435,109458,109476,109482,109536,109446,109468,109479,109440,109451,109463,109463,109474,109484,109455,109463
109536,109555,109575,109584,109637,109545,109566,109578,109539,109548,109563,109563,109573,109583,109552,109563
109637,109655,109678,109687,109749,109646,109660,109666,109641,109650,109662,109668,109676,109686,109654,109665
109749,109768,109789,109799,109855,109758,109782,109793,109752,109763,109774,109779,109787,109800,109767,109779
109855,109879,109896,109905,109965,109866,109889,109900,109859,109870,109882,109882,109894,109904,109874,109882
109965,109987,110006,110015,110070,109976,109998,110010,109970,109981,109994,109994,110004,110018,109986,109994
110070,110092,110112,110121,110176,110082,110102,110117,110076,110087,110100,110100,110110,110122,110091,110100
110176,110200,110220,110232,110285,110190,110210,110226,110184,110195,110209,110209,110219,110233,110199,110209
110285,110312,110333,110344,110391,110302,110321,110338,110296,110307,110322,110322,110331,110344,110312,110322
110391,110414,110435,110446,110493,110404,110424,110441,110398,110409,110423,110423,110434,110446,110414,110423
110493,110516,110538,110550,110591,110507,110526,110544,110501,110512,110527,110527,110536,110549,110517,110527
110591,110618,110638,110651,110696,110609,110627,110645,110603,110614,110628,110628,110637,110651,110619,110628
110696,110717,110739,110750,110800,110708,110728,110744,110702,110713,110726,110726,110737,110749,110718,110726
110800,110824,110845,110857,110904,110815,110834,110851,110809,110820,110834,110834,110844,110857,110824,110834
110904,110928,110949,110960,111014,110919,110938,110955,110913,110924,110937,110937,110948,110960,110928,110937
111014,111037,111058,111069,111112,111027,111046,111063,111021,111032,111047,111047,111057,111070,111037,111047
111112,111141,111161,111173,111216,111132,111149,111167,111126,111137,111151,111151,111160,111173,111141,111151
111216,111237,111259,111270,111312,111228,111247,111265,111222,111233,111247,111247,111258,111270,111238,111247
111312,111338,111359,111371,111412,111329,111347,111365,111323,111334,111348,111348,111358,111371,111339,111348
111412,111439,111460,111472,111514,111430,111448,111466,111424,111435,111448,111448,111458,111472,111440,111448
111514,111536,111557,111569,111607,111527,111545,111563,111521,111532,111545,111545,111556,111569,111536,111545
111607,111641,111663,111675,111716,111633,111649,111669,111627,111638,111652,111652,111662,111675,111642,111652
111716,111749,111770,111783,111827,111741,111757,111777,111735,111746,111759,111759,111769,111782,111750,111759
111827,111856,111878,111891,111936,111847,111864,111884,111841,111852,111866,111866,111877,111890,111857,111866
111936,111966,111987,112002,112044,111957,111974,111994,111951,111962,111976,111976,111986,112000,111967,111976
112044,112073,112094,112109,112151,112064,112080,112101,112058,112069,112084,112084,112093,112109,112074,112084
112151,112182,112203,112217,112260,112173,112189,112210,112167,112178,112193,112193,112202,112217,112183,112193
112260,112289,112310,112324,112365,112280,112296,112316,112274,112285,112302,112302,112309,112322,112291,112302
112365,112393,112413,112428,112471,112385,112402,112421,112379,112390,112404,112404,112412,112426,112395,112404
112471,112499,112520,112533,112576,112490,112507,112526,112484,112496,112510,112510,112519,112532,112500,112510
112576,112610,112630,112644,112688,112601,112618,112637,112595,112607,112621,112621,112630,112643,112611,112621
112688,112720,112741,112754,112801,112711,112727,112747,112705,112716,112731,112731,112740,112753,112721,112731
112801,112831,112852,112866,112906,112823,112839,112859,112817,112828,112842,112842,112851,112865,112833,112842
112906,112942,112962,112977,113018,112934,112950,112970,112928,112939,112953,112953,112962,112976,112944,112953
113018,113046,113067,113081,113123,113038,113054,113074,113032,113043,113057,113057,113066,113080,113048,113057
113123,113151,113172,113186,113222,113143,113158,113179,113136,113148,113162,113162,113171,113185,113152,113162
113222,113255,113276,113289,113331,113247,113263,113282,113241,113252,113265,113265,113275,113287,113257,113265
113331,113354,113376,113388,113434,113345,113362,113381,113339,113351,113364,113364,113374,113386,113355,113364
113434,113461,113482,113493,113546,113452,113468,113488,113446,113457,113471,113471,113481,113493,113463,113471
113546,113576,113595,113604,113660,113565,113586,113600,113559,113570,113584,113584,113594,113607,113575,113584
113660,113683,113703,113713,113772,113672,113693,113708,113666,113677,113689,113689,113701,113714,113681,113689
113772,113794,113814,113823,113877,113783,113805,113819,113777,113789,113801,113801,113812,113826,113794,113801
113877,113899,113918,113927,113980,113888,113909,113922,113882,113893,113906,113906,113916,113926,113899,113906
113980,114003,114023,114032,114087,113991,114013,114027,113984,113997,114010,114010,114021,114036,114002,114010
114087,114109,114128,114139,114192,114099,114119,114134,114092,114104,114116,114116,114127,114140,114108,114116
114192,114213,114234,114243,114298,114203,114223,114238,114197,114208,114222,114222,114232,114244,114214,114222
114298,114320,114340,114350,114405,114309,114331,114345,114303,114314,114327,114327,114338,114353,114319,114327
114405,114427,114447,114458,114510,114417,114437,114452,114411,114422,114436,114436,114446,114460,114427,114436
114510,114532,114552,114564,114619,114522,114542,114558,114516,114527,114540,114540,114551,114566,114532,114540
114619,114641,114662,114674,114719,114632,114650,114668,114625,114637,114651,114651,114661,114674,114642,114651
114719,114747,114767,114778,114829,114737,114757,114772,114731,114742,114756,114756,114765,114779,114747,114756
114829,114851,114871,114882,114937,114841,114862,114877,114835,114846,114859,114859,114870,114883,114850,114859
114937,114959,114980,114991,115040,114950,114970,114986,114944,114955,114967,114967,114978,114992,114959,114967
115040,115062,115083,115094,115136,115053,115072,115088,115047,115058,115071,115071,115081,115093,115062,115071
115136,115158,115177,115187,115234,115148,115168,115183,115141,115152,115164,115164,115175,115189,115156,115164
115234,115257,115277,115283,115335,115247,115268,115282,115240,115251,115263,115263,115275,115286,115255,115263
115335,115355,115375,115385,115431,115346,115365,115379,115340,115350,115363,115363,115373,115384,115354,115363
115431,115448,115471,115479,115533,115440,115452,115475,115435,115444,115455,115461,115469,115478,115448,115458
115533,115550,115572,115583,115634,115542,115554,115576,115537,115546,115557,115563,115570,115580,115550,115560
115634,115650,115672,115683,115730,115642,115654,115675,115637,115646,115658,115660,115669,115681,115650,115660
115730,115747,115770,115781,115832,115739,115751,115773,115734,115743,115756,115760,115768,115778,115746,115760
115832,115849,115872,115882,115932,115841,115855,115876,115836,115845,115859,115862,115870,115881,115849,115862
115932,115948,115970,115980,116027,115941,115953,115974,115935,115945,115955,115956,115968,115979,115948,115956
116027,116043,116064,116077,116124,116036,116048,116071,116030,116040,116050,116055,116062,116078,116044,116052
116124,116142,116165,116175,116224,116134,116147,116168,116129,116138,116150,116155,116163,116173,116142,116152
116224,116241,116265,116275,116319,116233,116246,116268,116228,116237,116249,116254,116263,116272,116241,116251
116319,116336,116358,116369,116416,116329,116342,116361,116323,116333,116346,116349,116356,116367,116336,116349
116416,116434,116458,116466,116515,116425,116440,116460,116420,116429,116448,116448,116456,116465,116433,116448
116515,116533,116555,116568,116611,116525,116538,116560,116519,116529,116541,116545,116554,116566,116533,116545
116611,116627,116650,116661,116697,116619,116633,116653,116614,116623,116638,116638,116648,116658,116627,116638
116697,116714,116739,116749,116791,116707,116719,116742,116702,116711,116726,116732,116737,116747,116715,116729
116791,116808,116831,116840,116889,116800,116813,116835,116795,116804,116815,116819,116829,116840,116808,116819
116889,116907,116928,116938,116986,116898,116921,116933,116892,116902,116913,116917,116926,116937,116906,116917
116986,117005,117026,117036,117080,116995,117017,117030,116989,117000,117013,117013,117024,117036,117004,117013
117080,117101,117121,117128,117178,117090,117112,117125,117084,117095,117108,117108,117119,117136,117100,117108
117178,117200,117219,117226,117279,117189,117211,117225,117182,117194,117207,117207,117217,117234,117199,117207
117279,117300,117321,117332,117376,117290,117311,117326,117284,117295,117309,117309,117320,117332,117300,117309
117376,117396,117416,117428,117466,117386,117407,117422,117380,117391,117404,117404,117415,117429,117395,117404
117466,117487,117507,117517,117555,117477,117497,117512,117471,117481,117496,117496,117506,117517,117486,117496
117555,117575,117596,117603,117642,117565,117585,117600,117558,117569,117583,117583,117594,117604,117574,117583
117642,117662,117682,117691,117731,117652,117673,117688,117646,117657,117668,117668,117680,117697,117660,117668
117731,117752,117772,117781,117824,117741,117762,117778,117735,117746,117759,117759,117770,117784,117750,117759
117824,117845,117866,117874,117920,117834,117856,117870,117828,117839,117851,117851,117864,117875,117843,117851
117920,117942,117963,117972,118020,117931,117954,117968,117925,117936,117950,117950,117961,117973,117942,117950
118020,118041,118061,118071,118116,118031,118052,118066,118024,118036,118048,118048,118059,118072,118041,118048
118116,118137,118157,118168,118207,118127,118148,118163,118121,118132,118144,118144,118156,118169,118136,118144
118207,118228,118248,118260,118296,118218,118238,118254,118212,118223,118237,118237,118247,118260,118227,118237
118296,118315,118336,118347,118383,118306,118326,118342,118300,118311,118324,118324,118335,118347,118316,118324
118383,118403,118425,118436,118472,118394,118413,118430,118388,118398,118413,118413,118423,118436,118403,118413
118472,118492,118515,118526,118571,118483,118503,118520,118477,118488,118501,118501,118513,118526,118492,118501
118571,118594,118615,118628,118677,118584,118604,118621,118578,118589,118603,118603,118614,118628,118593,118603
118677,118700,118721,118733,118781,118690,118710,118727,118684,118695,118709,118709,118720,118732,118699,118709
118781,118803,118824,118838,118876,118793,118813,118831,118787,118798,118812,118812,118823,118837,118803,118812
118876,118897,118918,118932,118967,118887,118907,118925,118881,118892,118906,118906,118916,118931,118897,118906
118967,118987,119008,119022,119055,118978,118998,119015,118972,118982,118995,118995,119006,119021,118987,118995
119055,119074,119095,119107,119140,119065,119083,119101,119059,119070,119084,119084,119094,119106,119074,119084
119140,119159,119181,119192,119231,119150,119168,119186,119144,119155,119170,119170,119179,119192,119159,119170
119231,119252,119274,119284,119329,119242,119263,119279,119236,119247,119262,119262,119272,119284,119251,119262
119329,119350,119371,119381,119430,119341,119361,119376,119335,119345,119358,119358,119369,119382,119349,119358
119430,119452,119473,119483,119535,119443,119462,119478,119436,119448,119461,119461,119471,119485,119452,119461
119535,119557,119577,119589,119634,119547,119566,119583,119541,119552,119565,119565,119576,119589,119556,119565
119634,119655,119675,119687,119727,119645,119664,119681,119639,119650,119664,119664,119673,119687,119655,119664
119727,119748,119769,119780,119818,119738,119758,119774,119732,119743,119757,119757,119767,119781,119748,119757
119818,119838,119858,119868,119906,119828,119849,119863,119822,119833,119846,119846,119856,119868,119838,119846
119906,119927,119947,119956,119998,119917,119937,119952,119910,119921,119935,119935,119945,119958,119926,119935
119998,120020,120040,120047,120096,120009,120031,120044,120003,120014,120025,120025,120038,120048,120018,120025
120096,120117,120138,120147,120199,120107,120127,120142,120101,120111,120122,120122,120136,120147,120115,120122
120199,120219,120241,120252,120305,120210,120229,120245,120204,120214,120226,120226,120239,120250,120218,120226
120305,120325,120347,120358,120406,120316,120334,120351,120310,120320,120335,120335,120345,120357,120324,120335
120406,120427,120446,120458,120500,120416,120436,120452,120410,120421,120431,120431,120444,120461,120425,120431
120500,120521,120541,120551,120590,120511,120531,120546,120504,120516,120529,120529,120539,120553,120521,120529
120590,120610,120630,120641,120679,120601,120620,120636,120594,120605,120617,120617,120628,120643,120609,120617
120679,120699,120720,120728,120770,120690,120710,120724,120683,120694,120708,120708,120718,120728,120699,120708
120770,120792,120812,120820,120867,120782,120802,120816,120776,120787,120802,120802,120810,120821,120791,120802
120867,120890,120910,120919,120974,120879,120899,120914,120873,120884,120899,120899,120909,120920,120887,120899
120974,120995,121015,121025,121083,120985,121005,121019,120979,120989,121002,121002,121013,121025,120993,121002
121083,121103,121123,121133,121184,121093,121113,121127,121087,121097,121111,121111,121121,121132,121101,121111
121184,121205,121224,121234,121279,121194,121215,121228,121188,121199,121210,121210,121222,121235,121203,121210
121279,121300,121320,121330,121372,121290,121310,121325,121284,121295,121307,121307,121318,121330,121300,121307
121372,121393,121413,121424,121466,121383,121403,121419,121377,121388,121399,121399,121411,121424,121392,121399
121466,121487,121507,121515,121565,121477,121496,121512,121470,121482,121496,121496,121505,121516,121486,121496
121565,121586,121607,121616,121669,121576,121597,121611,121570,121581,121594,121594,121605,121615,121585,121594
121669,121690,121710,121720,121771,121680,121700,121715,121674,121685,121698,121698,121709,121722,121689,121698
121771,121793,121813,121824,121870,121783,121803,121818,121777,121788,121800,121800,121811,121824,121792,121800
121870,121891,121911,121922,121963,121881,121900,121916,121875,121886,121900,121900,121909,121921,121891,121900
121963,121984,122004,122015,122055,121975,121993,122010,121968,121979,121996,121996,122003,122015,121984,121996
122055,122076,122096,122104,122146,122066,122086,122100,122060,122070,122081,122081,122094,122104,122074,122081
122146,122166,122187,122195,122242,122156,122176,122190,122150,122160,122174,122174,122185,122195,122164,122174
122242,122262,122282,122292,122346,122252,122273,122287,122246,122256,122271,122271,122281,122292,122260,122271
122346,122367,122387,122396,122450,122357,122380,122392,122350,122361,122371,122374,122385,122396,122365,122374
122450,122472,122491,122500,122554,122461,122483,122495,122454,122465,122478,122478,122490,122501,122469,122478
122554,122575,122595,122606,122651,122565,122586,122600,122559,122570,122582,122582,122593,122606,122575,122582
122651,122672,122692,122703,122744,122662,122682,122697,122656,122667,122680,122680,122690,122704,122671,122680
122744,122765,122786,122795,122837,122755,122774,122790,122749,122760,122775,122775,122784,122794,122764,122775
122837,122857,122878,122887,122929,122847,122869,122882,122841,122852,122865,122865,122876,122887,122856,122865
122929,122949,122970,122980,123027,122939,122961,122974,122933,122944,122958,122958,122968,122981,122948,122958
123027,123047,123068,123077,123130,123037,123059,123072,123031,123042,123056,123056,123066,123078,123046,123056
123130,123151,123171,123182,123236,123141,123162,123176,123134,123146,123158,123158,123170,123182,123150,123158
123236,123257,123278,123288,123343,123247,123266,123283,123241,123252,123267,123267,123276,123290,123257,123267
123343,123366,123387,123399,123444,123357,123376,123392,123350,123361,123374,123374,123385,123399,123366,123374
123444,123465,123486,123498,123539,123456,123476,123491,123449,123460,123473,123473,123484,123498,123465,123473
123539,123559,123581,123591,123628,123550,123570,123586,123544,123555,123569,123569,123579,123591,123559,123569
123628,123648,123668,123673,123710,123638,123658,123672,123631,123642,123657,123657,123666,123676,123647,123657
123710,123729,123750,123759,123799,123720,123741,123754,123713,123724,123736,123738,123748,123758,123728,123738
123799,123817,123840,123850,123896,123809,123824,123843,123803,123813,123828,123831,123838,123847,123816,123831
123896,123912,123935,123945,123998,123905,123919,123938,123899,123909,123927,123927,123932,123942,123913,123927
123998,124016,124038,124051,124108,124007,124022,124043,124002,124011,124024,124025,124036,124050,124015,124025
124108,124128,124149,124160,124212,124119,124138,124153,124112,124123,124135,124135,124147,124163,124127,124135
124212,124234,124254,124265,124318,124223,124245,124259,124217,124228,124240,124240,124252,124266,124233,124240
124318,124340,124360,124371,124426,124330,124351,124366,124323,124335,124348,124348,124359,124371,124339,124348
124426,124447,124468,124480,124526,124437,124457,124474,124431,124442,124456,124456,124466,124480,124446,124456
124526,124548,124568,124581,124626,124538,124558,124575,124531,124543,124556,124556,124567,124581,124547,124556
124626,124648,124669,124681,124726,124638,124657,124674,124632,124643,124658,124658,124667,124680,124648,124658
124726,124747,124768,124781,124820,124738,124756,124773,124732,124742,124757,124757,124766,124778,124747,124757
124820,124841,124862,124874,124918,124832,124852,124868,124826,124837,124850,124850,124860,124874,124841,124850
124918,124940,124961,124973,125027,124931,124951,124967,124925,124935,124949,124949,124960,124973,124940,124949
125027,125048,125069,125082,125122,125039,125058,125075,125033,125044,125058,125058,125068,125081,125048,125058
125122,125152,125173,125185,125233,125143,125160,125178,125137,125148,125162,125162,125171,125183,125152,125162
125233,125257,125279,125291,125338,125247,125265,125284,125241,125252,125268,125268,125277,125289,125257,125268
125338,125367,125389,125402,125449,125358,125376,125395,125352,125363,125379,125379,125388,125400,125368,125379
125449,125472,125493,125506,125551,125463,125480,125499,125457,125467,125482,125482,125492,125504,125472,125482
125551,125572,125594,125607,125647,125563,125582,125600,125557,125568,125581,125581,125592,125606,125573,125581
125647,125674,125695,125709,125752,125665,125683,125702,125659,125670,125684,125684,125694,125708,125675,125684
125752,125778,125800,125812,125861,125770,125787,125805,125764,125774,125788,125788,125798,125812,125779,125788
125861,125882,125903,125917,125967,125873,125892,125910,125867,125878,125891,125891,125902,125916,125882,125891
125967,125990,126011,126022,126071,125981,126001,126017,125975,125985,125998,125998,126009,126023,125989,125998
126071,126092,126113,126122,126179,126082,126101,126116,126076,126086,126102,126102,126111,126121,126091,126102
126179,126198,126220,126230,126269,126189,126208,126225,126183,126193,126204,126204,126218,126228,126197,126204
126269,126305,126327,126339,126389,126296,126318,126331,126290,126300,126313,126314,126325,126335,126304,126314
126389,126409,126429,126442,126496,126399,126420,126434,126393,126403,126417,126417,126427,126442,126407,126417
126496,126515,126537,126547,126598,126506,126521,126540,126500,126511,126524,126525,126535,126545,126515,126525
126598,126619,126641,126651,126696,126610,126626,126644,126604,126614,126629,126631,126639,126649,126618,126622
126696,126714,126736,126746,126789,126705,126720,126740,126699,126709,126724,126724,126734,126745,126713,126724
126789,126808,126830,126840,126882,126799,126816,126834,126793,126803,126818,126818,126828,126840,126807,126818
126882,126902,126923,126933,126972,126893,126911,126927,126887,126897,126911,126911,126921,126933,126902,126911
126972,126993,127013,127023,127060,126983,127001,127018,126976,126989,126995,126995,127011,127023,126995,127017
127060,127081,127101,127113,127147,127073,127090,127107,127067,127078,127090,127090,127100,127113,127082,127090
127147,127170,127189,127200,127223,127161,127179,127194,127155,127166,127179,127179,127187,127200,127171,127179
127223,127254,127275,127289,127316,127245,127261,127281,127240,127250,127266,127266,127274,127285,127255,127266
127316,127340,127360,127380,127413,127331,127350,127367,127325,127336,127344,127344,127359,127378,127339,127344
127413,127429,127444,127461,127493,127420,127435,127452,127414,127425,127433,127433,127443,127458,127433,127452
127493,127511,127532,127545,127572,127503,127519,127537,127498,127508,127523,127523,127530,127542,127512,127523
127572,127599,127618,127630,127657,127591,127607,127623,127585,127595,127605,127605,127617,127628,127599,127605
127657,127685,127700,127713,127747,127677,127692,127708,127671,127681,127689,127689,127699,127712,127685,127689
127747,127766,127785,127797,127829,127758,127774,127791,127752,127763,127767,127767,127783,127796,127767,127791
127829,127848,127866,127877,127909,127839,127855,127871,127833,127844,127856,127856,127864,127876,127849,127856
127909,127928,127947,127959,127988,127920,127935,127951,127914,127925,127930,127930,127944,127956,127930,127950
127988,128006,128025,128037,128064,127998,128015,128030,127992,128003,128014,128014,128023,128035,128007,128014
128064,128082,128101,128113,128140,128074,128089,128105,128068,128079,128084,128084,128098,128111,128084,128104
128140,128158,128176,128188,128216,128150,128165,128181,128144,128155,128165,128165,128173,128187,128159,128165
128216,128235,128253,128266,128297,128227,128243,128258,128222,128232,128242,128242,128250,128263,128236,128242
128297,128316,128333,128346,128375,128308,128324,128338,128302,128313,128323,128323,128331,128344,128318,128323
128375,128394,128412,128425,128454,128387,128401,128418,128381,128392,128396,128396,128410,128424,128396,128417
128454,128473,128491,128504,128532,128465,128480,128496,128459,128470,128475,128475,128489,128501,128475,128495
128532,128550,128568,128581,128606,128542,128557,128573,128536,128547,128552,128552,128565,128579,128552,128572
128606,128623,128642,128655,128678,128616,128631,128647,128610,128621,128625,128625,128639,128653,128625,128646
128678,128695,128714,128727,128750,128688,128702,128718,128682,128693,128698,128698,128711,128724,128698,128717
128750,128767,128786,128798,128820,128760,128775,128790,128754,128765,128770,128770,128784,128795,128770,128790
128820,128837,128856,128869,128891,128830,128844,128860,128824,128835,128839,128839,128853,128867,128839,128858
128891,128909,128927,128939,128963,128901,128915,128932,128895,128906,128911,128911,128924,128938,128911,128931
128963,128980,128998,129011,129036,128973,128987,129003,128968,128978,128988,128988,128996,129009,128982,128988
129036,129055,129072,129085,129112,129048,129062,129077,129042,129052,129057,129057,129070,129082,129057,129076
129112,129132,129149,129161,129189,129124,129138,129153,129119,129129,129134,129134,129146,129159,129134,129152
129189,129207,129225,129236,129263,129200,129214,129229,129194,129205,129210,129210,129222,129234,129210,129228
129263,129285,129302,129314,129342,129278,129292,129307,129272,129282,129292,129292,129300,129313,129286,129292
129342,129366,129383,129396,129423,129359,129373,129388,129354,129364,129368,129368,129382,129393,129368,129387
129423,129450,129467,129480,129507,129443,129457,129472,129437,129447,129452,129452,129466,129478,129452,129471
129507,129531,129550,129562,129589,129524,129538,129555,129519,129529,129541,129541,129548,129560,129533,129541
129589,129613,129630,129644,129673,129605,129620,129636,129600,129610,129615,129615,129629,129641,129615,129635
129673,129693,129711,129724,129752,129686,129700,129716,129680,129691,129696,129696,129709,129722,129696,129715
129752,129770,129789,129801,129826,129763,129777,129793,129757,129768,129772,129772,129786,129799,129772,129792
129826,129845,129863,129875,129900,129837,129852,129868,129832,129842,129846,129846,129860,129873,129846,129867
129900,129918,129935,129948,129973,129911,129925,129940,129905,129915,129920,129920,129932,129946,129920,129938
129973,129992,130008,130021,130046,129984,129998,130013,129978,129989,129999,129999,130005,130019,129999,130012
130046,130064,130082,130094,130118,130057,130071,130086,130051,130062,130069,130069,130079,130092,130069,130085
130118,130135,130153,130165,130189,130128,130142,130157,130122,130133,130137,130137,130150,130164,130137,130155
130189,130208,130224,130236,130263,130200,130214,130229,130194,130205,130214,130214,130221,130235,130214,130229
130263,130281,130299,130310,130338,130274,130288,130303,130268,130278,130283,130283,130296,130309,130283,130303
130338,130357,130374,130386,130414,130350,130364,130379,130344,130354,130362,130362,130371,130384,130358,130362
130414,130432,130449,130461,130487,130424,130439,130454,130418,130429,130436,130436,130446,130459,130436,130452
130487,130506,130522,130534,130560,130498,130513,130527,130492,130503,130512,130512,130520,130533,130512,130526
130560,130578,130596,130608,130634,130571,130585,130600,130565,130576,130581,130581,130593,130606,130581,130599
130634,130652,130670,130682,130708,130645,130659,130674,130639,130649,130654,130654,130667,130679,130654,130673
130708,130725,130744,130755,130779,130718,130732,130748,130713,130723,130728,130728,130741,130753,130728,130747
130779,130796,130814,130826,130850,130789,130803,130819,130784,130794,130798,130798,130811,130824,130798,130817
130850,130867,130885,130897,130921,130860,130874,130889,130855,130865,130874,130874,130882,130895,130869,130874
130921,130938,130956,130968,130992,130931,130945,130960,130926,130936,130940,130940,130953,130966,130940,130959
130992,131009,131027,131038,131061,131002,131016,131031,130996,131006,131011,131011,131024,131036,131011,131030
131061,131078,131096,131107,131129,131071,131085,131100,131065,131076,131085,131085,131093,131105,131080,131085
131129,131145,131163,131175,131197,131138,131152,131167,131132,131143,131153,131153,131160,131172,131147,131153
131197,131213,131231,131242,131265,131206,131220,131235,131201,131211,131215,131215,131228,131240,131215,131233
131265,131283,131300,131312,131338,131276,131290,131304,131270,131281,131285,131285,131297,131310,131285,131302
131338,131355,131372,131385,131412,131348,131362,131377,131342,131353,131358,131358,131370,131383,131358,131376
131412,131429,131446,131459,131486,131422,131436,131451,131416,131427,131434,131434,131443,131457,131434,131451
131486,131504,131521,131532,131560,131496,131510,131525,131490,131501,131507,131507,131518,131530,131507,131524
131560,131578,131595,131607,131634,131570,131586,131600,131565,131575,131582,131582,131593,131606,131580,131582
131634,131653,131670,131682,131708,131645,131660,131674,131639,131650,131660,131660,131668,131680,131654,131660
131708,131726,131743,131756,131781,131719,131733,131748,131712,131724,131730,131730,131741,131753,131730,131747
131781,131799,131817,131829,131853,131792,131806,131821,131786,131797,131803,131803,131814,131826,131803,131820
131853,131870,131888,131900,131922,131863,131877,131892,131857,131867,131872,131872,131885,131897,131872,131890
131922,131939,131957,131969,131992,131932,131946,131961,131926,131936,131941,131941,131954,131967,131941,131960
131992,132009,132027,132039,132061,132002,132016,132031,131996,132007,132011,132011,132024,132036,132011,132029
132061,132079,132096,132108,132132,132072,132086,132100,132066,132077,132081,132081,132094,132106,132081,132099
132132,132149,132166,132178,132202,132142,132156,132170,132136,132147,132157,132157,132163,132176,132157,132169
132202,132219,132237,132248,132271,132212,132226,132241,132206,132216,132222,132222,132234,132246,132222,132239
132271,132289,132306,132318,132341,132281,132296,132310,132276,132286,132296,132296,132304,132315,132290,132296
132341,132358,132376,132388,132411,132351,132365,132380,132346,132356,132366,132366,132373,132385,132360,132366
132411,132428,132446,132458,132481,132421,132435,132450,132415,132425,132430,132430,132443,132455,132430,132449
132481,132498,132516,132527,132551,132491,132505,132519,132485,132495,132505,132505,132513,132525,132500,132505
132551,132567,132585,132597,132619,132560,132574,132589,132554,132565,132569,132569,132582,132594,132569,132588
132619,132635,132653,132665,132686,132628,132642,132657,132622,132632,132642,132642,132650,132662,132636,132642
132686,132703,132720,132732,132755,132696,132710,132724,132690,132700,132709,132709,132717,132730,132704,132709
132755,132771,132789,132801,132824,132764,132778,132793,132759,132769,132774,132774,132786,132799,132774,132792
132824,132841,132858,132870,132892,132834,132848,132862,132828,132838,132847,132847,132856,132867,132843,132847
132892,132908,132926,132937,132958,132901,132916,132930,132896,132906,132913,132913,132923,132935,132910,132913
132958,132975,132992,133004,133025,132968,132982,132996,132962,132972,132981,132981,132989,133002,132976,132981
133025,133042,133059,133071,133093,133035,133049,133063,133029,133039,133046,133046,133056,133069,133044,133046
133093,133110,133127,133139,133163,133103,133117,133131,133097,133108,133113,133113,133124,133137,133113,133130
133163,133179,133197,133208,133232,133172,133186,133201,133167,133177,133182,133182,133194,133206,133182,133199
133232,133250,133267,133278,133302,133242,133257,133271,133237,133247,133255,133255,133264,133276,133253,133255
133302,133319,133336,133347,133371,133312,133326,133340,133306,133316,133325,133325,133333,133346,133321,133325
133371,133389,133406,133417,133442,133381,133396,133410,133376,133386,133396,133396,133403,133415,133390,133396
133442,133461,133478,133490,133517,133454,133468,133483,133448,133459,133463,133463,133476,133488,133463,133482
133517,133536,133553,133566,133592,133529,133543,133558,133523,133533,133538,133538,133551,133564,133538,133556
133592,133612,133630,133643,133669,133605,133619,133635,133599,133609,133619,133619,133628,133640,133614,133619
133669,133689,133707,133720,133746,133682,133696,133712,133676,133687,133691,133691,133705,133717,133691,133711
133746,133765,133783,133796,133819,133757,133772,133788,133752,133762,133767,133767,133780,133793,133767,133787
133819,133836,133854,133866,133890,133829,133844,133858,133823,133833,133841,133841,133851,133864,133838,133841
133890,133908,133926,133938,133962,133901,133915,133930,133895,133905,133910,133910,133923,133935,133910,133929
133962,133979,133997,134009,134033,133972,133986,134001,133966,133977,133985,133985,133994,134007,133981,133985
134033,134051,134068,134080,134104,134044,134058,134073,134038,134048,134057,134057,134066,134078,134053,134057
134104,134122,134139,134151,134175,134115,134129,134143,134109,134120,134124,134124,134136,134149,134124,134142
134175,134193,134209,134220,134246,134185,134199,134213,134179,134190,134196,134196,134206,134219,134196,134212
134246,134265,134281,134294,134321,134257,134272,134286,134251,134262,134272,134272,134278,134293,134272,134283
134321,134339,134355,134367,134397,134331,134346,134360,134325,134336,134345,134345,134352,134366,134345,134359
134397,134415,134431,134442,134472,134407,134422,134436,134401,134413,134421,134421,134429,134442,134421,134434
134472,134490,134506,134517,134546,134482,134497,134511,134476,134487,134496,134496,134504,134517,134496,134509
134546,134565,134582,134593,134622,134557,134572,134586,134552,134562,134568,134568,134579,134592,134568,134585
134622,134641,134658,134670,134699,134634,134648,134663,134628,134639,134644,134644,134656,134668,134644,134662
134699,134718,134736,134748,134774,134710,134725,134740,134705,134715,134720,134720,134733,134745,134720,134739
134774,134793,134810,134823,134847,134785,134800,134815,134780,134790,134798,134798,134808,134821,134794,134798
134847,134866,134883,134896,134920,134858,134873,134888,134853,134863,134867,134867,134881,134893,134867,134887
134920,134938,134956,134968,134992,134930,134945,134960,134925,134935,134944,134944,134953,134966,134939,134944
134992,135009,135026,135039,135062,135002,135016,135031,134996,135006,135012,135012,135023,135036,135012,135029
135062,135079,135097,135108,135131,135072,135086,135100,135066,135077,135084,135084,135094,135106,135081,135084
135131,135147,135164,135175,135197,135140,135154,135168,135134,135144,135152,135152,135161,135173,135148,135152
135197,135213,135230,135241,135264,135206,135220,135234,135200,135210,135219,135219,135227,135239,135215,135219
135264,135280,135297,135308,135331,135273,135287,135300,135267,135278,135285,135285,135294,135306,135282,135285
135331,135348,135365,135375,135400,135341,135355,135368,135335,135346,135354,135354,135362,135374,135350,135354
135400,135418,135433,135443,135474,135410,135424,135436,135405,135415,135424,135424,135430,135442,135424,135435
135474,135492,135508,135517,135555,135485,135499,135511,135479,135489,135498,135498,135505,135517,135493,135498
135555,135572,135588,135598,135640,135565,135579,135592,135559,135569,135576,135576,135585,135598,135573,135576
135640,135658,135673,135683,135726,135650,135664,135677,135644,135654,135661,135661,135670,135682,135659,135661
135726,135743,135759,135769,135809,135735,135750,135762,135729,135740,135750,135750,135756,135768,135750,135762
135809,135827,135843,135854,135880,135820,135834,135847,135814,135824,135833,135833,135841,135853,135828,135833
135880,135913,135929,135942,135968,135906,135920,135934,135900,135910,135920,135920,135928,135940,135915,135920
135968,135997,136013,136027,136054,135990,136004,136019,135984,135994,135999,135999,136012,136025,135999,136019
136054,136075,136093,136106,136132,136068,136082,136098,136062,136072,136083,136083,136091,136103,136077,136083
136132,136151,136168,136182,136208,136144,136158,136174,136138,136148,136153,136153,136167,136180,136153,136173
136208,136225,136241,136256,136279,136218,136233,136248,136212,136223,136231,136231,136240,136254,136227,136231
136279,136296,136314,136326,136347,136289,136304,136318,136283,136293,136302,136302,136311,136324,136298,136302
136347,136363,136381,136393,136414,136356,136371,136385,136351,136361,136370,136370,136379,136391,136365,136370
136414,136430,136448,136459,136480,136423,136437,136451,136417,136427,136436,136436,136445,136457,136432,136436
136480,136496,136513,136524,136544,136489,136503,136516,136483,136493,136501,136501,136510,136522,136498,136501
136544,136560,136577,136588,136608,136553,136567,136581,136547,136558,136562,136562,136574,136586,136562,136579
136608,136624,136641,136651,136673,136617,136630,136644,136611,136621,136629,136629,136637,136649,136625,136629
136673,136690,136706,136716,136740,136683,136696,136709,136677,136687,136696,136696,136703,136714,136691,136696
136740,136760,136776,136787,136809,136753,136766,136780,136747,136757,136761,136761,136773,136785,136761,136778
136809,136834,136849,136861,136885,136827,136841,136854,136822,136832,136840,136840,136848,136859,136836,136840
136885,136910,136925,136937,136961,136903,136916,136930,136897,136907,136912,136912,136924,136936,136912,136929
136961,136987,137003,137014,137039,136980,136994,137008,136975,136985,136989,136989,137001,137013,136989,137006
137039,137069,137083,137096,137122,137061,137075,137089,137056,137066,137070,137070,137082,137095,137070,137088
137122,137153,137168,137181,137209,137146,137160,137174,137140,137150,137156,137156,137167,137179,137156,137173
137209,137234,137249,137261,137289,137226,137241,137255,137220,137231,137239,137239,137247,137261,137239,137253
137289,137314,137330,137343,137371,137306,137321,137335,137300,137311,137320,137320,137328,137341,137315,137320
137371,137392,137409,137421,137449,137384,137399,137414,137379,137389,137394,137394,137406,137420,137394,137413
137449,137467,137484,137496,137522,137460,137474,137489,137454,137465,137471,137471,137482,137495,137471,137488
137522,137539,137556,137568,137592,137532,137546,137561,137526,137537,137543,137543,137553,137567,137543,137559
137592,137609,137626,137638,137661,137602,137616,137630,137596,137607,137611,137611,137624,137636,137611,137629
137661,137679,137696,137707,137732,137671,137686,137700,137666,137676,137685,137685,137693,137705,137685,137699
137732,137749,137765,137777,137800,137741,137755,137769,137735,137746,137755,137755,137762,137775,137755,137768
137800,137817,137834,137845,137868,137810,137824,137838,137804,137814,137822,137822,137831,137843,137819,137822
137868,137885,137902,137913,137936,137878,137892,137906,137873,137883,137887,137887,137899,137911,137887,137905
137936,137955,137972,137983,138007,137948,137962,137976,137943,137953,137961,137961,137969,137981,137957,137961
138007,138028,138044,138055,138078,138021,138034,138048,138015,138025,138034,138034,138042,138053,138029,138034
138078,138103,138119,138130,138154,138096,138109,138123,138090,138100,138109,138109,138117,138128,138104,138109
138154,138178,138194,138206,138229,138171,138184,138199,138165,138175,138180,138180,138192,138204,138180,138198
138229,138254,138270,138282,138306,138247,138260,138275,138242,138251,138255,138255,138268,138280,138255,138274
138306,138331,138347,138360,138384,138324,138338,138352,138319,138329,138333,138333,138346,138358,138333,138351
138384,138408,138425,138438,138461,138402,138415,138430,138396,138406,138411,138411,138424,138435,138411,138429
138461,138484,138501,138513,138539,138477,138491,138505,138471,138481,138491,138491,138499,138511,138486,138491
138539,138558,138575,138587,138610,138551,138565,138579,138545,138555,138565,138565,138573,138585,138559,138565
138610,138632,138649,138661,138684,138625,138639,138653,138620,138629,138639,138639,138647,138659,138633,138639
138684,138706,138723,138736,138761,138699,138714,138728,138694,138704,138712,138712,138721,138733,138708,138712
138761,138779,138797,138808,138833,138772,138786,138801,138767,138777,138786,138786,138794,138806,138781,138786
138833,138851,138869,138880,138905,138844,138858,138872,138839,138849,138858,138858,138866,138878,138853,138858
138905,138922,138940,138951,138975,138916,138929,138944,138910,138920,138924,138924,138937,138949,138924,138943
138975,138993,139010,139021,139044,138986,139000,139014,138980,138991,138995,138995,139007,139019,138995,139013
139044,139061,139078,139089,139111,139054,139068,139082,139048,139058,139067,139067,139075,139087,139063,139067
139111,139128,139145,139156,139179,139121,139135,139149,139115,139126,139134,139134,139142,139154,139130,139134
139179,139196,139212,139222,139249,139189,139203,139216,139183,139194,139202,139202,139209,139221,139202,139214
139249,139267,139281,139291,139321,139259,139273,139284,139253,139263,139273,139273,139278,139290,139273,139282
139321,139338,139353,139362,139394,139330,139344,139356,139325,139334,139341,139341,139350,139361,139338,139341
139394,139409,139425,139435,139466,139402,139416,139428,139396,139406,139413,139413,139422,139433,139410,139413
139466,139482,139499,139509,139543,139475,139489,139502,139470,139479,139488,139488,139496,139508,139483,139488
139543,139559,139574,139586,139619,139551,139566,139578,139546,139555,139562,139562,139572,139585,139558,139562
139619,139636,139652,139662,139693,139628,139644,139655,139622,139632,139638,139638,139649,139661,139635,139638
139693,139711,139727,139737,139766,139702,139717,139731,139696,139708,139716,139716,139724,139737,139716,139729
139766,139784,139801,139812,139839,139776,139791,139805,139770,139781,139786,139786,139798,139811,139786,139803
139839,139857,139874,139886,139911,139850,139865,139879,139844,139854,139862,139862,139872,139884,139859,139862
139911,139928,139946,139958,139981,139921,139936,139950,139915,139926,139935,139935,139944,139955,139930,139935
139981,139998,140015,140027,140050,139991,140005,140020,139985,139995,140000,140000,140013,140025,140000,140018
140050,140067,140084,140097,140120,140060,140074,140089,140054,140065,140070,140070,140081,140095,140070,140087
140120,140138,140154,140167,140191,140130,140145,140159,140125,140135,140144,140144,140152,140165,140144,140157
140191,140208,140224,140236,140259,140200,140214,140228,140194,140205,140213,140213,140221,140234,140213,140227
140259,140276,140292,140303,140327,140268,140282,140297,140262,140273,140281,140281,140289,140302,140281,140295
140327,140343,140360,140370,140395,140336,140350,140364,140330,140341,140347,140347,140357,140369,140347,140363
140395,140412,140428,140438,140462,140404,140418,140432,140398,140410,140416,140416,140425,140437,140416,140430
140462,140480,140495,140505,140531,140472,140486,140499,140466,140477,140486,140486,140492,140504,140486,140498
140531,140548,140564,140574,140601,140541,140555,140568,140535,140546,140553,140553,140561,140573,140553,140566
140601,140619,140635,140645,140671,140612,140625,140639,140606,140616,140623,140623,140632,140644,140623,140638
140671,140693,140709,140720,140750,140686,140700,140713,140681,140691,140696,140696,140706,140719,140696,140711
140750,140769,140785,140796,140821,140761,140775,140789,140756,140766,140771,140771,140782,140794,140771,140788
140821,140848,140863,140875,140914,140841,140855,140868,140835,140845,140850,140850,140861,140875,140850,140866
140914,140932,140947,140958,140993,140924,140939,140952,140918,140929,140939,140939,140945,140958,140939,140950
140993,141012,141028,141039,141070,141004,141018,141032,140998,141009,141017,141017,141025,141037,141017,141031
141070,141090,141106,141117,141146,141082,141097,141111,141076,141087,141096,141096,141104,141116,141096,141110
141146,141168,141184,141197,141226,141161,141175,141190,141155,141166,141171,141171,141182,141195,141171,141188
141226,141245,141262,141274,141299,141237,141252,141266,141231,141242,141250,141250,141259,141272,141247,141250
141299,141318,141335,141347,141372,141310,141325,141340,141304,141315,141322,141322,141332,141345,141322,141338
141372,141390,141407,141419,141444,141382,141397,141411,141376,141387,141395,141395,141404,141417,141391,141395
141444,141461,141478,141490,141513,141454,141468,141482,141448,141459,141465,141465,141475,141488,141465,141481
141513,141530,141547,141558,141580,141522,141537,141551,141516,141527,141536,141536,141543,141556,141536,141549
141580,141596,141613,141624,141647,141589,141603,141617,141583,141594,141599,141599,141610,141623,141599,141616
141647,141664,141680,141691,141714,141656,141670,141684,141651,141661,141668,141668,141677,141689,141668,141682
141714,141731,141747,141757,141779,141723,141737,141750,141717,141728,141736,141736,141743,141755,141736,141749
141779,141796,141812,141823,141846,141789,141803,141816,141783,141794,141802,141802,141809,141821,141802,141814
141846,141863,141879,141889,141916,141856,141870,141883,141850,141860,141866,141866,141876,141888,141866,141881
141916,141934,141950,141961,141989,141927,141941,141954,141921,141932,141940,141940,141947,141960,141940,141952
141989,142008,142024,142034,142058,142001,142014,142028,141995,142005,142012,142012,142021,142033,142011,142012
142058,142081,142097,142108,142131,142074,142088,142101,142069,142079,142087,142087,142095,142107,142083,142087
142131,142157,142172,142184,142208,142150,142163,142177,142144,142154,142158,142158,142171,142182,142158,142176
142208,142234,142249,142262,142291,142226,142241,142254,142221,142231,142239,142239,142248,142259,142236,142239
142291,142310,142327,142338,142366,142302,142317,142331,142296,142307,142312,142312,142324,142336,142312,142330
142366,142384,142401,142413,142440,142377,142391,142405,142371,142382,142387,142387,142398,142411,142387,142404
142440,142458,142475,142487,142512,142451,142465,142480,142445,142455,142465,142465,142473,142485,142460,142465
142512,142530,142547,142559,142582,142523,142537,142551,142517,142528,142534,142534,142545,142556,142534,142550
142582,142598,142616,142627,142649,142591,142605,142620,142586,142596,142601,142601,142613,142624,142601,142618
142649,142666,142683,142694,142717,142659,142673,142687,142653,142663,142670,142670,142679,142693,142669,142670
142717,142733,142750,142761,142784,142726,142740,142754,142721,142731,142740,142740,142747,142759,142735,142740
142784,142801,142818,142829,142852,142794,142808,142822,142789,142799,142809,142809,142815,142827,142809,142820
142852,142869,142885,142896,142919,142862,142875,142889,142856,142866,142871,142871,142882,142894,142871,142888
142919,142936,142952,142963,142987,142929,142942,142956,142923,142933,142942,142942,142949,142961,142938,142942
142987,143005,143022,143032,143054,142998,143011,143025,142993,143003,143008,143008,143019,143030,143008,143024
143054,143078,143094,143105,143130,143071,143085,143098,143066,143076,143080,143080,143092,143103,143080,143097
143130,143150,143167,143178,143201,143144,143157,143171,143138,143148,143157,143157,143164,143176,143152,143157
143201,143223,143239,143251,143274,143216,143230,143244,143211,143220,143230,143230,143237,143249,143224,143230
143274,143297,143314,143326,143353,143291,143304,143318,143285,143295,143304,143304,143312,143324,143299,143304
143353,143372,143389,143400,143425,143365,143379,143393,143359,143369,143378,143378,143386,143398,143374,143378
143425,143444,143461,143472,143497,143437,143451,143465,143431,143441,143450,143450,143458,143471,143445,143450
143497,143515,143532,143544,143569,143508,143522,143537,143503,143513,143522,143522,143529,143543,143517,143522
143569,143587,143604,143616,143639,143579,143594,143608,143574,143584,143589,143589,143601,143613,143589,143607
143639,143656,143673,143684,143706,143648,143663,143677,143643,143653,143660,143660,143670,143682,143660,143675
143706,143723,143739,143750,143772,143715,143730,143743,143710,143720,143729,143729,143736,143749,143729,143741
143772,143789,143805,143816,143839,143782,143796,143810,143776,143787,143795,143795,143802,143815,143795,143808
143839,143856,143872,143882,143906,143848,143862,143875,143842,143853,143861,143861,143868,143881,143861,143874
143906,143922,143938,143949,143971,143915,143929,143942,143909,143920,143928,143928,143935,143947,143928,143940
143971,143987,144003,144014,144035,143980,143994,144007,143974,143985,143993,143993,144000,144012,143993,144006
144035,144052,144068,144078,144100,144044,144058,144072,144038,144050,144058,144058,144064,144077,144058,144069
144100,144117,144133,144143,144167,144109,144123,144137,144103,144114,144123,144123,144130,144142,144123,144135
144167,144183,144199,144210,144234,144176,144190,144203,144170,144181,144189,144189,144196,144208,144189,144201
144234,144251,144266,144277,144301,144243,144257,144270,144238,144249,144256,144256,144263,144275,144256,144268
144301,144318,144334,144344,144368,144311,144324,144337,144305,144316,144323,144323,144331,144342,144323,144336
144368,144385,144401,144411,144437,144378,144391,144405,144372,144383,144388,144388,144398,144410,144388,144403
144437,144455,144470,144480,144510,144447,144461,144474,144442,144452,144457,144457,144467,144480,144457,144472
144510,144528,144543,144553,144582,144520,144534,144546,144514,144525,144534,144534,144540,144551,144534,144544
144582,144600,144616,144626,144653,144592,144607,144620,144586,144598,144606,144606,144613,144625,144606,144618
144653,144671,144686,144696,144724,144663,144677,144690,144657,144667,144677,144677,144683,144694,144677,144689
144724,144741,144757,144767,144794,144733,144748,144760,144728,144738,144745,144745,144754,144765,144743,144745
144794,144812,144828,144839,144866,144804,144819,144833,144798,144809,144819,144819,144825,144838,144819,144831
144866,144884,144900,144911,144935,144876,144890,144904,144870,144881,144888,144888,144897,144910,144888,144904
144935,144952,144969,144979,145002,144944,144959,144972,144938,144950,144959,144959,144966,144978,144959,144971
145002,145019,145035,145046,145068,145011,145025,145039,145005,145016,145025,145025,145032,145044,145025,145038
145068,145085,145102,145112,145134,145078,145091,145105,145072,145082,145089,145089,145098,145110,145089,145104
145134,145151,145167,145178,145198,145144,145157,145171,145138,145149,145156,145156,145164,145176,145156,145170
145198,145214,145231,145241,145262,145207,145221,145234,145201,145212,145221,145221,145227,145239,145221,145233
145262,145277,145294,145305,145325,145270,145284,145297,145265,145275,145280,145280,145290,145303,145280,145295
145325,145342,145358,145369,145390,145335,145348,145361,145329,145339,145348,145348,145355,145367,145348,145360
145390,145407,145423,145434,145457,145400,145414,145427,145395,145405,145413,145413,145420,145432,145413,145426
145457,145473,145490,145500,145523,145466,145479,145493,145460,145471,145476,145476,145486,145498,145476,145492
145523,145539,145555,145566,145590,145532,145546,145559,145527,145537,145542,145542,145552,145565,145542,145557
145590,145608,145624,145635,145660,145601,145614,145628,145595,145605,145610,145610,145621,145634,145610,145626
145660,145677,145693,145703,145727,145669,145683,145697,145663,145674,145680,145680,145690,145702,145680,145695
145727,145745,145761,145771,145796,145737,145751,145765,145731,145742,145751,145751,145758,145770,145751,145763
145796,145814,145830,145841,145865,145806,145820,145834,145801,145811,145819,145819,145827,145839,145819,145832
145865,145883,145899,145911,145936,145876,145890,145904,145870,145880,145888,145888,145896,145909,145888,145901
145936,145953,145968,145976,146004,145945,145959,145971,145939,145950,145956,145956,145965,145976,145956,145969
146004,146019,146036,146044,146071,146012,146027,146038,146007,146016,146023,146023,146033,146042,146019,146023
146071,146085,146103,146113,146136,146079,146093,146105,146074,146082,146091,146091,146100,146109,146086,146091
146136,146152,146169,146181,146205,146146,146158,146173,146141,146150,146154,146154,146166,146178,146154,146172
146205,146219,146237,146247,146272,146213,146227,146239,146208,146217,146225,146225,146234,146244,146220,146225
146272,146287,146305,146315,146337,146280,146295,146308,146275,146285,146293,146293,146302,146313,146288,146293
146337,146354,146369,146377,146400,146345,146360,146372,146339,146351,146360,146360,146366,146379,146360,146370
146400,146416,146432,146442,146462,146409,146422,146436,146402,146414,146421,146421,146428,146442,146421,146434
146462,146479,146495,146505,146526,146471,146485,146498,146466,146476,146485,146485,146491,146504,146485,146496
146526,146542,146558,146568,146588,146535,146548,146561,146529,146540,146547,146547,146555,146566,146547,146560
146588,146604,146620,146630,146651,146597,146610,146623,146591,146602,146609,146609,146617,146629,146609,146622
146651,146668,146684,146693,146717,146661,146674,146687,146655,146665,146670,146670,146680,146692,146670,146686
146717,146735,146750,146760,146786,146728,146741,146754,146722,146732,146737,146737,146747,146759,146737,146752
146786,146807,146822,146833,146861,146799,146813,146826,146794,146804,146814,146814,146819,146831,146814,146824
146861,146878,146894,146903,146931,146871,146885,146897,146865,146876,146883,146883,146891,146903,146883,146896
146931,146951,146966,146976,147008,146943,146957,146970,146938,146948,146953,146953,146963,146975,146953,146968
147008,147026,147041,147052,147085,147019,147032,147045,147013,147023,147032,147032,147038,147052,147032,147043
147085,147103,147119,147130,147160,147096,147110,147123,147090,147101,147108,147108,147116,147129,147108,147122
147160,147178,147194,147205,147231,147170,147184,147198,147165,147176,147183,147183,147191,147205,147183,147197
147231,147251,147267,147278,147305,147243,147258,147272,147238,147248,147253,147253,147265,147277,147253,147270
147305,147324,147341,147352,147378,147317,147331,147345,147311,147322,147326,147326,147338,147351,147326,147343
147378,147397,147413,147425,147451,147389,147404,147418,147384,147394,147402,147402,147411,147424,147398,147402
147451,147469,147486,147497,147521,147461,147475,147490,147456,147466,147474,147474,147483,147495,147474,147489
147521,147538,147555,147567,147589,147531,147545,147559,147525,147535,147543,147543,147552,147564,147541,147543
147589,147605,147622,147634,147655,147598,147612,147626,147592,147603,147608,147608,147619,147632,147608,147625
147655,147672,147689,147699,147722,147665,147679,147692,147659,147670,147679,147679,147685,147697,147679,147691
147722,147739,147755,147766,147790,147732,147745,147759,147726,147736,147743,147743,147752,147765,147741,147743
147790,147807,147823,147834,147858,147800,147813,147826,147794,147804,147813,147813,147820,147832,147813,147825
147858,147875,147892,147903,147927,147868,147882,147896,147863,147873,147879,147879,147889,147901,147879,147894
147927,147945,147961,147972,147996,147938,147952,147965,147932,147943,147953,147953,147958,147970,147953,147964
147996,148013,148030,148040,148066,148006,148020,148033,148001,148011,148015,148015,148027,148039,148015,148032
148066,148083,148100,148110,148135,148076,148090,148103,148071,148080,148089,148089,148097,148109,148085,148089
148135,148154,148170,148181,148207,148147,148160,148174,148141,148151,148156,148156,148167,148179,148156,148173
148207,148226,148242,148253,148278,148219,148233,148246,148213,148223,148231,148231,148240,148251,148228,148231
148278,148297,148314,148325,148350,148290,148304,148318,148285,148295,148299,148299,148311,148323,148299,148317
148350,148369,148385,148396,148422,148361,148375,148389,148356,148366,148370,148370,148382,148395,148370,148388
148422,148440,148457,148469,148493,148433,148447,148461,148427,148437,148445,148445,148454,148467,148442,148445
148493,148511,148527,148539,148562,148503,148518,148531,148498,148508,148518,148518,148524,148537,148518,148530
148562,148578,148595,148606,148627,148571,148585,148599,148565,148576,148583,148583,148592,148604,148580,148583
148627,148643,148660,148670,148691,148635,148649,148663,148630,148640,148645,148645,148656,148668,148645,148662
148691,148707,148723,148734,148755,148700,148713,148727,148694,148704,148709,148709,148720,148733,148709,148725
148755,148772,148787,148797,148820,148764,148778,148791,148758,148769,148776,148776,148784,148796,148776,148789
148820,148836,148850,148859,148883,148828,148842,148853,148822,148834,148841,148841,148847,148858,148841,148852
148883,148897,148914,148922,148941,148891,148904,148916,148885,148894,148902,148902,148911,148920,148898,148902
148941,148961,148977,148987,149009,148955,148967,148980,148950,148959,148968,148968,148975,148985,148962,148968
149009,149027,149043,149056,149082,149021,149034,149047,149016,149025,149033,149033,149041,149052,149029,149033
149082,149097,149113,149124,149150,149090,149104,149116,149085,149094,149101,149101,149110,149121,149098,149101
149150,149165,149182,149192,149220,149159,149172,149185,149154,149163,149170,149170,149179,149190,149166,149170
149220,149236,149251,149261,149290,149228,149242,149254,149222,149232,149238,149238,149248,149260,149235,149238
149290,149306,149322,149331,149359,149298,149313,149325,149292,149303,149313,149313,149319,149330,149313,149324
149359,149377,149392,149402,149428,149369,149383,149395,149362,149374,149383,149383,149389,149400,149383,149393
149428,149445,149461,149470,149494,149437,149452,149465,149431,149442,149452,149452,149457,149470,149452,149463
149494,149512,149528,149539,149562,149504,149519,149532,149498,149509,149518,149518,149525,149537,149518,149531
149562,149579,149596,149606,149629,149571,149586,149600,149565,149576,149586,149586,149592,149605,149586,149598
149629,149646,149663,149673,149694,149639,149652,149667,149632,149644,149649,149649,149659,149672,149649,149666
149694,149711,149729,149739,149757,149703,149718,149732,149697,149709,149716,149716,149725,149737,149716,149731
149757,149775,149791,149801,149822,149767,149781,149795,149761,149772,149779,149779,149788,149799,149779,149794
149822,149837,149853,149864,149884,149830,149843,149857,149824,149835,149841,149841,149850,149862,149841,149855
149884,149901,149916,149926,149948,149893,149907,149920,149887,149898,149906,149906,149912,149926,149906,149917
149948,149964,149979,149988,150014,149957,149970,149982,149951,149961,149970,149970,149976,149989,149970,149980
150014,150029,150044,150053,150078,150022,150034,150046,150016,150026,150036,150036,150040,150050,150036,150044
150078,150094,150110,150118,150136,150087,150100,150112,150082,150091,150099,150099,150107,150117,150096,150099
150136,150161,150176,150187,150215,150155,150168,150180,150150,150159,150165,150165,150174,150184,150162,150165
150215,150230,150246,150254,150282,150222,150237,150248,150217,150226,150233,150233,150243,150253,150229,150233
150282,150299,150313,150323,150351,150291,150305,150316,150285,150295,150306,150306,150310,150324,150306,150314
150351,150368,150383,150393,150422,150360,150375,150387,150354,150365,150375,150375,150380,150393,150375,150385
150422,150441,150455,150467,150496,150433,150447,150461,150427,150439,150446,150446,150453,150467,150446,150461
150496,150514,150530,150540,150568,150507,150521,150534,150501,150512,150520,150520,150527,150539,150520,150533
150568,150586,150602,150612,150641,150579,150592,150606,150573,150583,150589,150589,150599,150612,150589,150605
150641,150659,150675,150685,150714,150651,150665,150679,150646,150656,150661,150661,150672,150685,150661,150677
150714,150732,150748,150759,150786,150724,150738,150752,150719,150729,150737,150737,150745,150757,150737,150751
150786,150803,150820,150831,150855,150796,150810,150824,150790,150801,150810,150810,150817,150829,150810,150823
150855,150872,150889,150899,150923,150864,150879,150892,150859,150869,150880,150880,150886,150897,150880,150891
150923,150940,150956,150968,150991,150932,150946,150960,150926,150937,150946,150946,150953,150966,150946,150958
150991,151008,151024,151035,151056,151000,151014,151028,150994,151005,151014,151014,151020,151033,151014,151026
151056,151073,151090,151100,151120,151065,151079,151093,151059,151071,151078,151078,151086,151098,151078,151092
151120,151136,151152,151162,151183,151128,151143,151156,151122,151133,151143,151143,151149,151161,151143,151154
151183,151199,151215,151224,151247,151192,151205,151218,151186,151196,151205,151205,151211,151223,151205,151216
151247,151263,151279,151288,151313,151256,151269,151282,151250,151260,151265,151265,151275,151287,151265,151281
151313,151330,151344,151353,151380,151322,151336,151347,151317,151327,151336,151336,151341,151352,151336,151345
151380,151395,151410,151418,151447,151388,151401,151412,151383,151392,151400,151400,151407,151416,151395,151400
151447,151461,151478,151486,151503,151455,151467,151480,151450,151458,151467,151467,151475,151483,151461,151467
151503,151529,151546,151555,151576,151523,151533,151549,151518,151527,151537,151537,151544,151553,151531,151537
151576,151601,151616,151626,151660,151595,151605,151619,151591,151599,151610,151610,151614,151623,151603,151610
151660,151674,151690,151699,151731,151668,151677,151693,151663,151671,151680,151681,151688,151698,151674,151681
151731,151747,151763,151773,151804,151740,151754,151766,151734,151743,151751,151751,151760,151772,151746,151751
151804,151821,151836,151845,151878,151813,151827,151840,151808,151818,151824,151824,151834,151846,151822,151824
151878,151896,151912,151922,151949,151888,151902,151915,151882,151893,151902,151902,151909,151921,151902,151915
151949,151967,151984,151994,152019,151960,151974,151987,151954,151964,151975,151975,151981,151992,151975,151986
152019,152037,152053,152064,152088,152030,152044,152057,152024,152034,152043,152043,152050,152063,152043,152055
152088,152106,152123,152133,152158,152099,152113,152127,152093,152104,152110,152110,152120,152132,152110,152126
152158,152175,152192,152203,152226,152168,152181,152195,152162,152173,152178,152178,152189,152200,152178,152194
152226,152242,152259,152270,152291,152235,152249,152263,152229,152240,152248,152248,152255,152268,152248,152261
152291,152308,152324,152335,152357,152300,152314,152328,152295,152305,152313,152313,152321,152333,152313,152326
152357,152373,152389,152399,152422,152366,152379,152393,152360,152371,152378,152378,152386,152397,152378,152391
152422,152438,152454,152465,152487,152431,152444,152458,152425,152436,152444,152444,152451,152463,152444,152456
152487,152503,152519,152529,152551,152496,152509,152522,152490,152501,152508,152508,152516,152527,152508,152521
152551,152566,152583,152592,152614,152559,152572,152586,152554,152564,152570,152570,152579,152591,152570,152585
152614,152630,152646,152656,152678,152623,152636,152650,152617,152627,152632,152632,152643,152655,152632,152649
152678,152695,152711,152721,152747,152688,152701,152715,152683,152693,152699,152699,152708,152720,152699,152713
152747,152764,152780,152790,152815,152757,152770,152783,152751,152761,152766,152766,152777,152788,152766,152782
152815,152832,152847,152857,152882,152825,152838,152851,152819,152829,152838,152838,152844,152857,152838,152848
152882,152900,152915,152926,152952,152893,152906,152919,152887,152897,152903,152903,152912,152925,152901,152903
152952,152970,152985,152995,153024,152962,152976,152989,152957,152967,152974,152974,152983,152994,152971,152974
153024,153041,153057,153068,153095,153034,153047,153060,153028,153038,153043,153043,153054,153066,153043,153059
153095,153112,153128,153139,153164,153104,153118,153133,153098,153109,153116,153116,153125,153139,153116,153133
153164,153182,153198,153208,153234,153174,153188,153202,153168,153179,153187,153187,153195,153207,153187,153200
153234,153252,153268,153280,153305,153245,153258,153273,153239,153249,153257,153257,153265,153279,153257,153273
153305,153323,153340,153351,153373,153316,153329,153343,153310,153321,153326,153326,153337,153349,153326,153342
153373,153391,153408,153419,153440,153384,153397,153412,153378,153389,153394,153394,153405,153417,153394,153410
153440,153457,153473,153485,153506,153449,153463,153477,153444,153454,153459,153459,153470,153482,153459,153476
153506,153522,153539,153550,153571,153515,153529,153543,153509,153520,153525,153525,153536,153548,153525,153541
153571,153587,153604,153615,153636,153580,153594,153607,153574,153585,153595,153595,153601,153613,153595,153606
153636,153652,153669,153679,153699,153645,153659,153672,153639,153650,153657,153657,153666,153677,153655,153657
153699,153715,153732,153742,153762,153708,153721,153735,153702,153713,153720,153720,153728,153740,153720,153734
153762,153778,153795,153805,153825,153771,153784,153798,153765,153775,153780,153780,153791,153803,153780,153797
153825,153841,153858,153868,153890,153834,153848,153861,153829,153839,153844,153844,153855,153866,153844,153860
153890,153906,153922,153933,153954,153899,153912,153926,153893,153904,153913,153913,153919,153931,153913,153924
153954,153971,153987,153997,154018,153964,153977,153990,153958,153968,153977,153977,153984,153995,153977,153989
154018,154035,154051,154061,154084,154028,154041,154055,154022,154032,154037,154037,154048,154060,154037,154053
154084,154100,154117,154127,154151,154093,154107,154120,154088,154098,154102,154102,154114,154125,154102,154119
154151,154169,154185,154196,154218,154162,154176,154189,154157,154167,154171,154171,154183,154194,154171,154188
154218,154243,154258,154270,154300,154236,154249,154263,154230,154240,154245,154245,154257,154268,154245,154262
154300,154318,154335,154346,154375,154311,154325,154339,154305,154316,154325,154325,154332,154345,154325,154338
154375,154393,154410,154421,154448,154386,154400,154414,154380,154391,154397,154397,154407,154420,154397,154412
154448,154470,154486,154498,154525,154462,154477,154491,154457,154467,154476,154476,154484,154497,154476,154490
154525,154547,154563,154576,154603,154539,154553,154568,154533,154544,154551,154551,154560,154574,154551,154566
154603,154621,154638,154650,154675,154613,154628,154643,154608,154618,154627,154627,154635,154648,154627,154641
154675,154692,154710,154721,154746,154685,154699,154714,154679,154690,154695,154695,154707,154719,154695,154712
154746,154763,154780,154792,154815,154756,154770,154784,154750,154760,154770,154770,154777,154790,154770,154783
154815,154833,154850,154862,154886,154826,154840,154854,154820,154831,154839,154839,154847,154860,154839,154853
154886,154903,154920,154932,154953,154896,154910,154924,154890,154901,154908,154908,154917,154929,154908,154922
154953,154970,154987,154998,155020,154963,154977,154991,154957,154967,154977,154977,154984,154996,154977,154989
155020,155037,155053,155064,155087,155030,155043,155057,155024,155034,155039,155039,155050,155062,155039,155056
155087,155104,155121,155132,155155,155097,155111,155124,155091,155102,155111,155111,155117,155129,155111,155123
155155,155173,155189,155200,155224,155166,155179,155193,155160,155170,155179,155179,155186,155198,155179,155191
155224,155241,155257,155268,155292,155234,155248,155261,155228,155238,155245,155245,155254,155267,155243,155245
155292,155309,155326,155336,155360,155302,155316,155329,155296,155306,155314,155314,155323,155335,155311,155314
155360,155378,155395,155406,155434,155371,155385,155399,155366,155376,155384,155384,155392,155404,155380,155384
155434,155452,155468,155479,155504,155444,155458,155472,155439,155449,155457,155457,155465,155477,155453,155457
155504,155526,155542,155554,155578,155518,155533,155546,155513,155523,155530,155530,155540,155551,155528,155530
155578,155599,155615,155627,155650,155591,155606,155620,155586,155596,155605,155605,155613,155625,155600,155605
155650,155671,155688,155701,155726,155664,155679,155693,155659,155669,155678,155678,155686,155698,155673,155678
155726,155744,155761,155774,155797,155737,155751,155766,155731,155742,155750,155750,155759,155771,155746,155750
155797,155814,155832,155843,155865,155807,155821,155836,155801,155812,155816,155816,155829,155841,155816,155835
155865,155882,155899,155910,155932,155874,155889,155903,155869,155879,155886,155886,155896,155908,155883,155886
155932,155949,155966,155977,156000,155941,155956,155970,155936,155946,155950,155950,155963,155975,155950,155968
156000,156016,156033,156044,156068,156009,156023,156037,156003,156013,156019,156019,156030,156043,156018,156019
156068,156085,156101,156113,156135,156078,156092,156105,156072,156082,156092,156092,156098,156111,156092,156104
156135,156152,156169,156179,156201,156145,156159,156172,156139,156150,156160,156160,156166,156178,156160,156171
156201,156218,156235,156246,156268,156211,156225,156239,156206,156216,156224,156224,156232,156244,156220,156224
156268,156286,156303,156314,156337,156279,156293,156306,156273,156284,156288,156288,156300,156312,156288,156305
156337,156355,156371,156383,156407,156348,156362,156375,156342,156353,156360,156360,156369,156381,156358,156360
156407,156424,156441,156451,156475,156417,156431,156444,156411,156422,156431,156431,156438,156450,156431,156443
156475,156492,156508,156519,156543,156485,156499,156512,156479,156489,156496,156496,156505,156518,156495,156496
156543,156560,156577,156588,156613,156553,156567,156581,156548,156558,156565,156565,156574,156587,156563,156565
156613,156631,156647,156659,156685,156624,156638,156652,156618,156629,156635,156635,156644,156658,156635,156650
156685,156703,156718,156727,156755,156695,156709,156721,156689,156700,156709,156709,156715,156727,156709,156719
156755,156771,156787,156797,156824,156763,156778,156790,156758,156767,156775,156775,156784,156796,156771,156775
156824,156840,156857,156867,156890,156833,156846,156860,156828,156837,156845,156845,156853,156866,156841,156845
156890,156910,156926,156939,156958,156904,156917,156931,156899,156908,156915,156915,156924,156937,156911,156915
156958,156980,156996,157008,157034,156974,156988,157001,156969,156977,156985,156985,156994,157006,156981,156985
157034,157051,157067,157076,157101,157042,157057,157070,157036,157047,157055,157055,157064,157077,157055,157069
157101,157119,157134,157143,157168,157110,157125,157137,157104,157116,157123,157123,157130,157145,157123,157135
157168,157186,157201,157212,157235,157178,157192,157205,157172,157183,157191,157191,157198,157211,157191,157204
157235,157252,157268,157279,157300,157245,157258,157272,157239,157250,157257,157257,157265,157277,157257,157271
157300,157317,157333,157343,157364,157309,157323,157337,157303,157314,157323,157323,157329,157342,157323,157335
157364,157380,157397,157407,157428,157373,157387,157400,157367,157378,157386,157386,157394,157405,157386,157399
157428,157445,157461,157472,157494,157437,157451,157465,157432,157442,157452,157452,157458,157470,157452,157463
157494,157510,157526,157537,157558,157503,157517,157530,157497,157508,157516,157516,157523,157535,157516,157528
157558,157574,157591,157601,157621,157567,157581,157594,157561,157572,157580,157580,157587,157600,157580,157593
157621,157638,157654,157665,157687,157631,157645,157658,157625,157636,157644,157644,157651,157664,157644,157656
157687,157704,157720,157731,157754,157697,157710,157724,157691,157701,157707,157707,157717,157730,157707,157722
157754,157771,157787,157799,157822,157764,157778,157791,157758,157769,157777,157777,157784,157796,157777,157790
157822,157838,157855,157866,157887,157831,157845,157859,157825,157836,157844,157844,157851,157864,157844,157857
157887,157904,157920,157931,157952,157896,157910,157924,157890,157901,157907,157907,157917,157929,157907,157923
157952,157969,157985,157997,158018,157961,157976,157989,157956,157966,157974,157974,157982,157995,157971,157974
158018,158034,158051,158062,158084,158027,158041,158055,158021,158032,158038,158038,158047,158060,158038,158052
158084,158100,158117,158128,158147,158093,158107,158121,158087,158098,158105,158105,158113,158126,158105,158119
158147,158164,158180,158191,158210,158156,158170,158184,158151,158161,158170,158170,158177,158189,158170,158182
158210,158226,158243,158253,158272,158218,158232,158246,158213,158223,158229,158229,158239,158251,158229,158244
158272,158288,158305,158316,158335,158281,158295,158308,158275,158286,158293,158293,158301,158314,158293,158307
158335,158351,158368,158379,158399,158344,158358,158372,158338,158349,158357,158357,158364,158377,158357,158370
158399,158415,158431,158442,158462,158408,158421,158435,158402,158413,158420,158420,158428,158440,158420,158434
158462,158477,158494,158504,158523,158470,158484,158497,158464,158475,158484,158484,158490,158503,158484,158495
158523,158540,158555,158565,158586,158532,158546,158559,158526,158537,158545,158545,158552,158565,158545,158557
158586,158603,158618,158627,158650,158595,158609,158621,158589,158599,158605,158605,158615,158626,158604,158605
158650,158666,158681,158690,158716,158658,158672,158685,158652,158663,158672,158672,158678,158690,158672,158682
158716,158731,158747,158757,158782,158724,158738,158750,158718,158728,158734,158734,158744,158756,158732,158734
158782,158797,158813,158823,158847,158790,158804,158816,158784,158794,158799,158799,158809,158821,158798,158799
158847,158863,158878,158888,158912,158855,158869,158882,158849,158859,158870,158870,158875,158887,158870,158880
158912,158929,158944,158953,158979,158921,158935,158948,158915,158926,158935,158935,158941,158953,158935,158946
158979,158995,159011,159021,159044,158987,159002,159015,158981,158992,159001,159001,159008,159020,159001,159013
159044,159061,159078,159089,159111,159053,159068,159082,159047,159059,159066,159066,159074,159087,159066,159081
159111,159127,159144,159156,159176,159120,159134,159148,159114,159125,159133,159133,159141,159154,159133,159147
159176,159192,159209,159221,159239,159185,159198,159214,159178,159190,159196,159196,159206,159218,159196,159212
159239,159255,159273,159284,159302,159248,159262,159277,159242,159253,159259,159259,159269,159283,159259,159275
159302,159318,159335,159346,159365,159311,159325,159339,159305,159316,159325,159325,159332,159344,159325,159338
159365,159381,159398,159410,159427,159374,159388,159402,159368,159379,159386,159386,159395,159407,159386,159400
159427,159443,159460,159470,159488,159436,159450,159463,159430,159441,159448,159448,159456,159468,159448,159461
159488,159504,159522,159531,159548,159497,159510,159525,159491,159501,159507,159507,159518,159530,159507,159524
159548,159564,159581,159592,159609,159557,159571,159585,159551,159562,159568,159568,159578,159590,159568,159583
159609,159625,159641,159651,159671,159618,159631,159644,159612,159623,159629,159629,159638,159649,159629,159643
159671,159687,159703,159712,159735,159680,159693,159706,159674,159684,159690,159690,159699,159711,159690,159704
159735,159751,159768,159777,159800,159744,159758,159771,159739,159749,159753,159753,159764,159776,159753,159769
159800,159822,159837,159848,159870,159815,159828,159842,159810,159820,159824,159824,159835,159847,159824,159840
159870,159902,159916,159928,159951,159895,159908,159921,159890,159899,159904,159904,159915,159927,159904,159920
159951,159985,159999,160012,160034,159978,159991,160005,159973,159983,159987,159987,159998,160010,159987,160004
160034,160068,160082,160095,160119,160061,160074,160088,160056,160066,160070,160070,160082,160094,160070,160087
160119,160150,160165,160178,160203,160143,160157,160171,160138,160148,160156,160156,160164,160177,160152,160156
160203,160226,160242,160255,160280,160219,160233,160248,160214,160224,160228,160228,160241,160254,160228,160247
160280,160298,160314,160327,160350,160291,160305,160320,160285,160296,160300,160300,160313,160325,160300,160318
160350,160368,160383,160396,160418,160360,160375,160389,160355,160365,160374,160374,160382,160394,160369,160374
160418,160435,160453,160464,160485,160428,160442,160457,160422,160432,160438,160438,160449,160462,160438,160456
160485,160501,160518,160530,160550,160494,160508,160522,160488,160498,160508,160508,160515,160528,160508,160520
160550,160567,160584,160595,160616,160560,160574,160588,160554,160564,160569,160569,160581,160593,160569,160586
160616,160632,160649,160661,160681,160625,160639,160653,160619,160630,160638,160638,160646,160658,160638,160651
160681,160697,160714,160726,160745,160690,160704,160718,160684,160695,160703,160703,160710,160723,160703,160716
160745,160761,160779,160790,160809,160754,160768,160782,160749,160759,160768,160768,160775,160787,160768,160781
160809,160825,160842,160854,160872,160818,160832,160846,160812,160822,160829,160829,160838,160852,160829,160844
160872,160888,160905,160916,160933,160881,160895,160908,160875,160885,160895,160895,160901,160914,160895,160907
160933,160949,160966,160977,160994,160942,160956,160970,160936,160946,160957,160957,160962,160976,160957,160968
160994,161010,161026,161036,161054,161002,161017,161030,160996,161007,161017,161017,161023,161035,161017,161028
161054,161070,161086,161096,161115,161062,161076,161089,161057,161067,161076,161076,161082,161095,161076,161088
161115,161131,161147,161157,161178,161124,161138,161150,161118,161128,161138,161138,161144,161155,161138,161149
161178,161195,161211,161221,161245,161188,161201,161214,161182,161192,161201,161201,161208,161220,161201,161213
161245,161262,161278,161288,161310,161255,161268,161281,161250,161259,161267,161267,161275,161286,161264,161267
161310,161334,161349,161360,161383,161327,161341,161354,161322,161332,161340,161340,161347,161359,161336,161340
161383,161411,161426,161438,161462,161404,161418,161431,161399,161409,161416,161416,161424,161436,161413,161416
161462,161492,161506,161519,161542,161485,161499,161512,161480,161490,161495,161495,161505,161518,161495,161511
161542,161574,161589,161602,161628,161567,161581,161595,161562,161572,161580,161580,161588,161600,161576,161580
161628,161654,161670,161683,161708,161646,161661,161675,161641,161651,161660,161660,161668,161680,161656,161660
161708,161728,161744,161757,161781,161720,161735,161750,161715,161725,161734,161734,161742,161755,161729,161734
161781,161799,161814,161827,161850,161791,161806,161820,161786,161796,161800,161800,161813,161826,161800,161819
161850,161867,161885,161896,161918,161860,161874,161889,161854,161865,161870,161870,161882,161894,161870,161888
161918,161935,161952,161963,161985,161928,161942,161956,161922,161932,161938,161938,161949,161961,161938,161955
161985,162001,162019,162030,162051,161994,162008,162022,161989,161999,162004,162004,162015,162028,162004,162021
162051,162067,162084,162096,162117,162060,162074,162089,162054,162065,162073,162073,162081,162094,162073,162087
162117,162133,162150,162162,162184,162126,162140,162154,162121,162131,162137,162137,162147,162160,162137,162153
162184,162200,162217,162229,162251,162193,162207,162221,162188,162198,162204,162204,162214,162226,162204,162220
162251,162267,162284,162296,162317,162260,162274,162288,162254,162265,162271,162271,162281,162294,162271,162287
162317,162333,162350,162362,162382,162326,162340,162354,162321,162331,162336,162336,162347,162359,162336,162353
162382,162398,162416,162427,162446,162391,162405,162419,162386,162396,162402,162402,162412,162425,162402,162418
162446,162462,162479,162489,162509,162454,162468,162482,162449,162459,162468,162468,162475,162487,162468,162481
162509,162524,162541,162551,162571,162517,162531,162544,162512,162522,162527,162527,162538,162549,162527,162543
162571,162588,162604,162614,162636,162580,162594,162607,162575,162585,162593,162593,162601,162612,162593,162606
162636,162652,162669,162679,162702,162645,162659,162672,162639,162650,162656,162656,162665,162677,162656,162671
162702,162720,162736,162747,162772,162713,162727,162740,162707,162717,162726,162726,162733,162745,162726,162738
162772,162790,162806,162816,162840,162783,162796,162810,162777,162787,162795,162795,162803,162815,162792,162795
162840,162863,162878,162890,162914,162856,162870,162883,162850,162860,162868,162868,162876,162889,162865,162868
162914,162941,162956,162968,162994,162934,162948,162962,162928,162939,162944,162944,162955,162967,162944,162960
162994,163024,163037,163049,163077,163016,163030,163044,163010,163021,163029,163029,163036,163049,163029,163042
163077,163107,163121,163134,163170,163100,163114,163128,163094,163105,163112,163112,163120,163134,163112,163125
163170,163190,163204,163217,163248,163181,163196,163211,163176,163186,163195,163195,163203,163217,163195,163209
163248,163267,163282,163295,163323,163259,163274,163289,163253,163264,163273,163273,163281,163296,163273,163286
163323,163341,163358,163370,163394,163333,163349,163363,163327,163338,163348,163348,163355,163370,163348,163360
163394,163412,163429,163440,163462,163404,163419,163433,163398,163409,163416,163416,163426,163439,163416,163431
163462,163479,163496,163508,163527,163471,163486,163501,163465,163476,163484,163484,163493,163506,163484,163500
163527,163544,163561,163573,163592,163537,163551,163566,163531,163542,163549,163549,163558,163571,163549,163564
163592,163609,163626,163637,163657,163601,163616,163630,163595,163606,163614,163614,163622,163636,163614,163629
163657,163674,163690,163702,163722,163666,163680,163695,163660,163671,163678,163678,163687,163700,163678,163693
163722,163738,163755,163767,163786,163731,163745,163760,163725,163736,163742,163742,163752,163765,163742,163758
163786,163803,163820,163831,163851,163795,163809,163824,163790,163800,163806,163806,163816,163829,163806,163822
163851,163867,163884,163895,163914,163860,163873,163888,163854,163865,163872,163872,163880,163893,163872,163886
163914,163930,163947,163958,163977,163923,163937,163951,163917,163928,163935,163935,163944,163957,163935,163949
163977,163993,164010,164020,164039,163986,163999,164013,163980,163990,163998,163998,164006,164019,163998,164012
164039,164055,164072,164082,164101,164048,164062,164075,164042,164053,164058,164058,164068,164081,164058,164074
164101,164118,164134,164145,164165,164110,164124,164138,164105,164115,164123,164123,164131,164144,164123,164137
164165,164182,164198,164210,164230,164174,164188,164202,164169,164179,164187,164187,164195,164208,164187,164200
164230,164247,164263,164275,164297,164240,164254,164268,164234,164244,164253,164253,164260,164273,164253,164266
164297,164314,164331,164342,164366,164307,164321,164335,164301,164312,164320,164320,164327,164341,164320,164334
164366,164383,164400,164412,164437,164376,164390,164405,164371,164381,164386,164386,164397,164410,164386,164403
164437,164455,164471,164483,164509,164447,164461,164476,164441,164452,164458,164458,164468,164482,164458,164475
164509,164527,164544,164556,164582,164519,164533,164549,164514,164524,164529,164529,164541,164554,164529,164548
164582,164599,164617,164629,164652,164592,164606,164622,164586,164596,164602,164602,164614,164627,164602,164620
164652,164669,164687,164698,164719,164661,164676,164692,164655,164666,164671,164671,164683,164697,164671,164691
164719,164736,164753,164765,164785,164728,164743,164758,164723,164733,164739,164739,164750,164764,164739,164756
164785,164802,164819,164830,164849,164794,164808,164823,164788,164799,164807,164807,164815,164828,164807,164822
164849,164865,164882,164893,164912,164858,164872,164886,164852,164863,164869,164869,164879,164892,164869,164885
164912,164928,164945,164956,164974,164920,164934,164949,164915,164925,164933,164933,164941,164954,164933,164946
164974,164990,165007,165017,165035,164982,164996,165010,164976,164987,164995,164995,165003,165016,164995,165008
165035,165051,165068,165080,165098,165044,165058,165072,165038,165049,165057,165057,165064,165078,165057,165070
165098,165114,165131,165142,165162,165107,165121,165135,165101,165112,165120,165120,165127,165140,165120,165133
165162,165179,165195,165207,165228,165172,165185,165199,165166,165176,165183,165183,165192,165205,165183,165198
165228,165245,165262,165273,165296,165238,165252,165266,165232,165243,165251,165251,165259,165271,165251,165264
165296,165312,165329,165341,165364,165305,165319,165333,165300,165310,165317,165317,165326,165339,165317,165331
165364,165380,165398,165410,165431,165373,165387,165402,165367,165378,165384,165384,165394,165408,165384,165400
165431,165448,165465,165477,165497,165441,165455,165469,165435,165445,165454,165454,165461,165474,165454,165467
165497,165513,165530,165541,165560,165506,165520,165534,165500,165510,165517,165517,165526,165539,165517,165532
165560,165576,165593,165603,165622,165568,165582,165596,165563,165573,165581,165581,165589,165601,165581,165595
165622,165638,165655,165665,165683,165630,165644,165658,165625,165635,165643,165643,165651,165663,165643,165656
165683,165700,165716,165726,165745,165692,165706,165719,165686,165697,165705,165705,165712,165724,165705,165717
165745,165761,165777,165788,165808,165754,165768,165781,165748,165759,165766,165766,165773,165787,165766,165779
165808,165824,165839,165849,165871,165816,165830,165843,165810,165821,165829,165829,165835,165849,165829,165840
165871,165888,165902,165912,165935,165880,165893,165906,165874,165885,165893,165893,165899,165911,165893,165903
165935,165951,165967,165977,165999,165943,165958,165970,165937,165948,165958,165958,165963,165975,165958,165968
165999,166015,166031,166041,166063,166007,166021,166034,166001,166012,166019,166019,166028,166039,166018,166019
166063,166080,166095,166105,166127,166072,166086,166099,166066,166077,166085,166085,166091,166105,166085,166096
166127,166143,166159,166168,166188,166135,166149,166162,166129,166140,166147,166147,166155,166169,166147,166160
166188,166205,166220,166229,166249,166196,166211,166224,166190,166202,166210,166210,166217,166231,166210,166221
166249,166265,166281,166290,166309,166257,166272,166285,166251,166262,166271,166271,166278,166291,166271,166282
166309,166325,166341,166352,166369,166317,166332,166345,166311,166322,166332,166332,166338,166352,166332,166342
166369,166385,166401,166411,166429,166377,166391,166405,166371,166382,166390,166390,166397,166411,166390,166402
166429,166445,166461,166472,166489,166437,166451,166465,166431,166442,166449,166449,166457,166471,166449,166462
166489,166505,166522,166533,166549,166497,166511,166525,166491,166502,166508,166508,166518,166532,166508,166523
166549,166565,166582,166594,166609,166558,166572,166587,166552,166563,166569,166569,166578,166593,166569,166584
166609,166625,166643,166654,166668,166617,166631,166647,166612,166622,166629,166629,166638,166651,166629,166645
166668,166683,166701,166711,166725,166676,166690,166705,166670,166681,166688,166688,166697,166710,166688,166704
166725,166740,166758,166761,166780,166733,166747,166760,166727,166738,166744,166744,166753,166765,166744,166759
166780,166795,166812,166821,166835,166788,166801,166814,166782,166792,166801,166801,166807,166820,166801,166812
166835,166850,166867,166876,166891,166843,166856,166870,166837,166847,166855,166855,166862,166875,166855,166867
166891,166907,166922,166929,166950,166899,166912,166925,166893,166904,166911,166911,166918,166930,166911,166922
166950,166964,166980,166984,167000,166957,166970,166981,166951,166961,166968,166968,166975,166984,166966,166968
167000,167022,167037,167048,167124,167104,,,167012,167020,167029,167029,167035,167045,167024,167029
167124,167149,167166,167170,167191,167170,,,167141,167149,167158,167158,167164,167174,167153,167158
167191,167215,167231,167237,167259,167237,,,167207,167215,167219,167219,167230,167241,167219,167236
167259,167283,167300,167305,167325,167305,,,167274,167283,167294,167294,167298,167308,167287,167294
167325,167351,167366,167372,167394,167372,,,167342,167350,167358,167358,167365,167375,167355,167358
167394,167418,167435,167446,167462,167413,167423,167439,167409,167417,167426,167426,167434,167443,167421,167426
167462,167485,167501,167511,167530,167479,167491,167504,167475,167483,167491,167491,167499,167508,167486,167491
167530,167551,167566,167570,167591,167545,167556,167569,167540,167549,167552,167552,167563,167579,167552,167567
167591,167616,167630,167642,167664,167610,167623,167635,167606,167614,167619,167619,167628,167644,167618,167619
167664,167681,167693,167707,167728,167674,167687,167701,167668,167679,167686,167686,167692,167706,167686,167702
167728,167742,167755,167771,167788,167735,167749,167765,167729,167740,167748,167748,167754,167769,167748,167756
167788,167803,167821,167830,167847,167796,167810,167824,167790,167801,167808,167808,167816,167829,167808,167824
167847,167863,167879,167888,167907,167855,167869,167882,167850,167860,167868,167868,167875,167887,167868,167880
167907,167922,167939,167949,167965,167915,167928,167941,167909,167920,167927,167927,167934,167946,167927,167940
167965,167980,167997,168007,168024,167974,167987,168000,167968,167978,167987,167987,167993,168006,167987,167998
168024,168039,168056,168065,168083,168032,168045,168058,168026,168037,168043,168043,168052,168063,168043,168057
168083,168098,168115,168125,168145,168092,168105,168118,168086,168096,168102,168102,168111,168123,168101,168102
168145,168160,168176,168186,168208,168153,168166,168179,168148,168158,168166,168166,168173,168184,168166,168178
168208,168224,168240,168251,168271,168217,168230,168243,168211,168222,168229,168229,168237,168248,168229,168242
168271,168287,168304,168310,168339,168280,168295,168309,168275,168284,168293,168293,168302,168312,168288,168293
168339,168353,168369,168377,168399,168346,168358,168371,168341,168350,168357,168357,168365,168376,168355,168357
168399,168420,168437,168448,168467,168414,168427,168441,168408,168418,168423,168423,168434,168445,168423,168439
168467,168490,168506,168519,168541,168483,168497,168511,168478,168488,168496,168496,168504,168516,168492,168496
168541,168558,168575,168586,168609,168551,168565,168579,168546,168555,168565,168565,168572,168584,168560,168565
168609,168626,168643,168654,168676,168619,168632,168647,168613,168623,168627,168627,168640,168653,168627,168645
168676,168694,168711,168722,168746,168687,168701,168715,168681,168691,168701,168701,168708,168720,168695,168701
168746,168763,168780,168790,168813,168755,168769,168783,168750,168760,168764,168764,168777,168789,168764,168782
168813,168829,168846,168856,168880,168822,168837,168850,168816,168826,168833,168833,168843,168856,168830,168833
168880,168896,168913,168923,168945,168888,168902,168917,168883,168893,168903,168903,168910,168922,168897,168903
168945,168961,168979,168990,169012,168954,168969,168983,168948,168959,168968,168968,168976,168988,168962,168968
169012,169027,169045,169057,169075,169020,169034,169048,169014,169024,169033,169033,169041,169053,169028,169033
169075,169092,169109,169118,169140,169085,169098,169113,169079,169089,169093,169093,169106,169117,169093,169112
169140,169155,169173,169182,169202,169148,169162,169176,169142,169152,169156,169156,169169,169181,169156,169175
169202,169219,169236,169246,169266,169211,169226,169240,169206,169216,169226,169226,169233,169245,169220,169226
169266,169282,169300,169309,169330,169275,169289,169304,169269,169279,169290,169290,169297,169309,169283,169290
169330,169347,169366,169376,169396,169339,169355,169371,169334,169344,169354,169354,169363,169376,169347,169354
169396,169413,169431,169439,169466,169405,169421,169435,169399,169410,169420,169420,169428,169440,169413,169420
169466,169484,169502,169510,169536,169475,169491,169506,169470,169480,169484,169484,169499,169511,169484,169506
169536,169553,169572,169578,169611,169545,169562,169577,169539,169549,169561,169561,169570,169581,169553,169561
169611,169630,169648,169655,169701,169621,169639,169654,169615,169625,169636,169636,169646,169659,169629,169636
169701,169721,169740,169746,169802,169712,169730,169745,169706,169716,169728,169728,169738,169750,169720,169728
169802,169824,169843,169851,169895,169816,169834,169849,169810,169820,169831,169831,169842,169854,169824,169831
169895,169915,169934,169942,169983,169906,169924,169939,169900,169910,169923,169923,169932,169944,169915,169923
169983,170002,170022,170031,170069,169993,170012,170028,169987,169997,170009,170009,170020,170033,170001,170009
170069,170089,170109,170118,170159,170080,170099,170114,170074,170084,170096,170096,170107,170119,170088,170096
170159,170178,170198,170209,170240,170170,170188,170204,170164,170174,170186,170186,170196,170209,170178,170186
170240,170259,170279,170289,170321,170250,170269,170285,170244,170255,170267,170267,170277,170291,170259,170267
170321,170339,170360,170370,170402,170331,170350,170366,170325,170335,170347,170347,170358,170371,170339,170347
170402,170421,170440,170451,170482,170412,170431,170447,170406,170416,170428,170428,170438,170452,170420,170428
170482,170501,170520,170531,170559,170492,170510,170526,170486,170497,170508,170508,170518,170531,170501,170508
170559,170577,170597,170608,170638,170569,170587,170603,170563,170573,170584,170584,170595,170609,170577,170584
170638,170657,170677,170688,170720,170648,170667,170684,170642,170653,170665,170665,170676,170691,170657,170665
170720,170739,170760,170771,170803,170731,170749,170766,170725,170735,170748,170748,170758,170770,170739,170748
170803,170822,170841,170853,170885,170813,170831,170847,170807,170818,170828,170828,170839,170855,170821,170828
170885,170905,170925,170937,170970,170896,170915,170931,170890,170900,170912,170912,170923,170937,170904,170912
170970,170989,171009,171021,171051,170980,170999,171015,170974,170984,170996,170996,171007,171022,170988,170996
171051,171070,171090,171102,171131,171062,171080,171096,171056,171066,171078,171078,171088,171102,171070,171078
171131,171150,171170,171183,171212,171141,171160,171177,171135,171146,171158,171158,171168,171183,171150,171158
171212,171231,171252,171263,171294,171222,171241,171257,171216,171227,171240,171240,171250,171262,171231,171240
171294,171313,171333,171346,171373,171304,171322,171339,171298,171309,171322,171322,171331,171346,171314,171322
171373,171391,171411,171424,171449,171383,171400,171417,171377,171388,171400,171400,171409,171424,171392,171400
171449,171468,171487,171500,171527,171459,171477,171494,171453,171464,171476,171476,171485,171499,171468,171476
171527,171546,171566,171578,171607,171537,171556,171572,171531,171542,171554,171554,171564,171578,171547,171554
171607,171626,171646,171660,171688,171617,171635,171652,171611,171622,171634,171634,171644,171659,171627,171634
171688,171707,171726,171740,171766,171698,171716,171733,171692,171703,171714,171714,171724,171740,171707,171714
171766,171785,171805,171818,171846,171776,171795,171811,171770,171781,171792,171792,171803,171817,171785,171792
171846,171865,171885,171898,171929,171856,171874,171891,171850,171861,171873,171873,171883,171897,171865,171873
171929,171949,171969,171982,172016,171941,171958,171976,171935,171945,171957,171957,171967,171981,171950,171957
172016,172035,172055,172068,172102,172027,172044,172061,172021,172032,172036,172036,172053,172067,172036,172059
172102,172122,172143,172156,172192,172113,172131,172149,172107,172118,172131,172131,172141,172156,172123,172131
172192,172212,172232,172245,172276,172203,172221,172238,172197,172208,172221,172221,172230,172244,172212,172221
172276,172296,172316,172329,172361,172287,172305,172323,172281,172292,172305,172305,172314,172329,172296,172305
172361,172381,172402,172415,172454,172373,172391,172409,172367,172377,172389,172389,172400,172414,172381,172389
172454,172477,172497,172512,172546,172469,172487,172505,172463,172473,172485,172485,172496,172511,172478,172485
172546,172567,172587,172601,172632,172558,172575,172594,172552,172563,172577,172577,172585,172600,172567,172577
172632,172652,172673,172686,172723,172643,172661,172679,172637,172648,172661,172661,172671,172685,172653,172661
172723,172748,172769,172783,172822,172740,172756,172776,172734,172745,172759,172759,172768,172782,172750,172759
172822,172854,172873,172890,172929,172845,172862,172882,172839,172851,172865,172865,172873,172889,172856,172865
172929,172952,172973,172988,173029,172944,172961,172980,172937,172949,172964,172964,172972,172987,172954,172964
173029,173050,173070,173086,173119,173041,173059,173078,173035,173047,173052,173052,173068,173085,173052,173075
173119,173139,173159,173174,173202,173131,173148,173166,173125,173136,173148,173148,173157,173173,173141,173148
173202,173221,173242,173255,173286,173213,173230,173247,173206,173218,173230,173230,173240,173253,173222,173230
173286,173306,173327,173340,173374,173298,173316,173333,173291,173303,173314,173314,173325,173339,173307,173314
173374,173394,173413,173426,173460,173385,173403,173420,173379,173390,173402,173402,173411,173426,173395,173402
173460,173480,173500,173509,173552,173471,173490,173506,173465,173476,173488,173488,173498,173512,173480,173488
173552,173574,173594,173604,173662,173564,173584,173600,173558,173569,173582,173582,173592,173606,173574,173582
173662,173683,173703,173712,173757,173674,173693,173709,173667,173679,173690,173690,173701,173714,173683,173690
173757,173779,173799,173808,173853,173769,173789,173804,173763,173774,173785,173785,173797,173809,173778,173785
173853,173875,173896,173906,173951,173865,173885,173901,173859,173870,173884,173884,173894,173906,173875,173884
173951,173976,173996,174008,174048,173967,173985,174002,173961,173972,173986,173986,173995,174008,173976,173986
174048,174071,174092,174104,174145,174062,174080,174098,174056,174067,174080,174080,174090,174103,174071,174080
174145,174169,174189,174203,174240,174160,174177,174196,174154,174165,174178,174178,174188,174202,174170,174178
174240,174269,174289,174303,174348,174261,174278,174296,174255,174266,174270,174270,174288,174303,174270,174294
174348,174370,174391,174404,174443,174362,174379,174398,174355,174366,174379,174379,174390,174404,174371,174379
174443,174470,174491,174505,174544,174462,174480,174498,174456,174467,174479,174479,174489,174504,174471,174479
174544,174570,174590,174603,174645,174561,174577,174597,174555,174566,174580,174580,174589,174602,174571,174580
174645,174666,174688,174700,174738,174658,174673,174693,174652,174663,174677,174677,174686,174699,174668,174677
174738,174766,174785,174800,174836,174758,174774,174793,174752,174763,174767,174767,174785,174799,174767,174791
174836,174861,174882,174896,174932,174853,174869,174888,174847,174858,174871,174871,174880,174895,174863,174871
174932,174960,174981,174995,175031,174952,174970,174987,174946,174957,174970,174970,174980,174993,174962,174970
175031,175063,175082,175097,175134,175055,175071,175090,175049,175060,175072,175072,175081,175096,175064,175072
175134,175159,175180,175194,175231,175151,175168,175186,175145,175156,175170,175170,175178,175192,175161,175170
175231,175260,175280,175295,175335,175252,175270,175288,175246,175257,175269,175269,175279,175294,175262,175269
175335,175364,175384,175399,175441,175356,175373,175391,175350,175361,175366,175366,175383,175397,175366,175390
175441,175462,175483,175497,175534,175454,175471,175489,175448,175459,175473,175473,175482,175495,175464,175473
175534,175564,175584,175598,175637,175555,175572,175591,175549,175560,175573,175573,175583,175596,175565,175573
175637,175666,175686,175700,175736,175657,175674,175693,175651,175663,175676,175676,175685,175698,175667,175676
175736,175763,175784,175798,175834,175755,175772,175791,175749,175760,175774,175774,175783,175797,175765,175774
175834,175863,175883,175898,175929,175854,175871,175890,175848,175860,175874,175874,175883,175896,175864,175874
175929,175964,175983,175999,176033,175956,175973,175992,175950,175961,175974,175974,175983,175998,175966,175974
176033,176065,176085,176101,176137,176057,176074,176093,176051,176062,176076,176076,176085,176100,176067,176076
176137,176169,176190,176205,176239,176161,176177,176197,176155,176166,176180,176180,176190,176203,176171,176180
176239,176266,176287,176301,176335,176258,176275,176294,176252,176263,176277,176277,176286,176299,176268,176277
176335,176365,176386,176399,176432,176357,176375,176393,176350,176362,176375,176375,176385,176400,176367,176375
176432,176464,176484,176498,176534,176455,176472,176491,176449,176460,176474,176474,176484,176497,176465,176474
176534,176564,176585,176600,176636,176556,176573,176593,176550,176561,176574,176574,176584,176599,176566,176574
176636,176668,176689,176703,176740,176660,176676,176696,176653,176665,176679,176679,176688,176702,176669,176679
176740,176768,176788,176803,176841,176760,176777,176796,176754,176765,176778,176778,176787,176802,176769,176778
176841,176862,176883,176896,176932,176854,176871,176890,176848,176859,176872,176872,176882,176895,176863,176872
176932,176959,176979,176993,177028,176950,176967,176986,176945,176955,176968,176968,176978,176992,176959,176968
177028,177056,177077,177090,177124,177048,177065,177084,177043,177053,177066,177066,177076,177090,177057,177066
177124,177152,177173,177185,177234,177144,177161,177179,177137,177149,177162,177162,177171,177186,177153,177162
177234,177256,177276,177287,177334,177247,177264,177282,177241,177252,177266,177266,177274,177289,177257,177266
177334,177363,177383,177394,177445,177354,177373,177389,177348,177359,177372,177372,177382,177394,177364,177372
177445,177467,177487,177498,177550,177458,177477,177494,177452,177463,177476,177476,177486,177500,177468,177476
177550,177573,177593,177605,177646,177564,177581,177599,177557,177569,177583,177583,177592,177605,177573,177583
177646,177676,177695,177709,177753,177667,177685,177703,177661,177672,177685,177685,177694,177708,177676,177685
177753,177775,177796,177809,177850,177766,177783,177803,177760,177771,177785,177785,177794,177809,177777,177785
177850,177878,177898,177912,177953,177869,177886,177905,177863,177875,177889,177889,177897,177911,177880,177889
177953,177978,177998,178012,178052,177970,177986,178005,177964,177975,177988,177988,177997,178010,177980,177988
178052,178073,178095,178108,178146,178065,178082,178101,178059,178070,178083,178083,178093,178107,178075,178083
178146,178173,178194,178207,178244,178165,178180,178200,178159,178170,178184,178184,178193,178206,178175,178184
178244,178273,178294,178307,178345,178265,178281,178301,178259,178270,178283,178283,178293,178307,178275,178283
178345,178375,178395,178410,178446,178366,178383,178403,178360,178372,178384,178384,178395,178408,178376,178384
178446,178476,178495,178509,178552,178467,178484,178502,178461,178472,178485,178485,178494,178509,178477,178485
178552,178574,178594,178604,178653,178565,178583,178601,178558,178570,178583,178583,178592,178606,178575,178583
178653,178675,178695,178705,178751,178665,178685,178701,178659,178670,178682,178682,178693,178706,178675,178682
178751,178773,178793,178803,178846,178763,178783,178799,178757,178769,178781,178781,178791,178805,178773,178781
178846,178868,178888,178899,178946,178859,178879,178895,178853,178864,178876,178876,178887,178901,178868,178876
178946,178969,178990,179002,179043,178960,178978,178996,178954,178965,178978,178978,178988,179003,178970,178978
179043,179068,179088,179100,179145,179059,179079,179095,179053,179064,179077,179077,179087,179100,179069,179077
179145,179167,179187,179197,179245,179156,179177,179193,179150,179161,179174,179174,179185,179198,179166,179174
179245,179267,179286,179295,179339,179257,179276,179292,179250,179262,179274,179274,179284,179298,179267,179274
179339,179360,179381,179390,179436,179350,179371,179387,179344,179356,179368,179368,179379,179392,179361,179368
179436,179457,179478,179487,179530,179448,179468,179483,179442,179453,179466,179466,179476,179489,179457,179466
179530,179552,179572,179583,179625,179543,179562,179578,179536,179548,179560,179560,179570,179583,179552,179560
179625,179645,179665,179672,179720,179635,179656,179671,179629,179640,179651,179651,179663,179677,179644,179651
179720,179742,179762,179769,179818,179731,179752,179767,179724,179735,179750,179750,179760,179771,179740,179750
179818,179840,179858,179865,179919,179829,179849,179864,179822,179834,179847,179847,179856,179870,179839,179847
179919,179941,179960,179966,180026,179930,179952,179965,179923,179936,179948,179948,179959,179970,179941,179948
180026,180048,180068,180077,180129,180038,180058,180074,180032,180044,180056,180056,180066,180080,180049,180056
180129,180151,180171,180183,180227,180141,180161,180178,180135,180146,180159,180159,180170,180185,180151,180159
180227,180250,180272,180284,180328,180241,180260,180278,180235,180246,180261,180261,180270,180283,180251,180261
180328,180351,180372,180385,180424,180343,180360,180379,180337,180347,180362,180362,180371,180385,180352,180362
180424,180447,180468,180481,180523,180438,180455,180475,180432,180443,180457,180457,180466,180481,180448,180457
180523,180544,180565,180576,180622,180534,180552,180571,180528,180539,180554,180554,180563,180576,180544,180554
180622,180643,180663,180670,180720,180634,180654,180668,180627,180638,180652,180652,180661,180671,180643,180652
180720,180741,180760,180768,180825,180730,180751,180765,180724,180735,180748,180748,180758,180772,180740,180748
180825,180846,180866,180871,180932,180835,180856,180870,180829,180840,180854,180854,180864,180877,180845,180854
180932,180955,180972,180980,181038,180944,180964,180977,180937,180949,180959,180959,180971,180983,180953,180959
181038,181060,181080,181090,181141,181050,181071,181086,181044,181055,181068,181068,181079,181091,181060,181068
181141,181170,181190,181201,181246,181161,181180,181196,181155,181165,181178,181178,181189,181201,181170,181178
181246,181274,181295,181307,181353,181265,181284,181301,181259,181270,181284,181284,181294,181307,181275,181284
181353,181382,181402,181416,181455,181373,181390,181409,181367,181378,181392,181392,181401,181416,181383,181392
181455,181489,181509,181523,181569,181480,181497,181516,181474,181485,181499,181499,181509,181522,181489,181499
181569,181590,181611,181625,181668,181582,181598,181618,181576,181587,181601,181601,181610,181625,181592,181601
181668,181694,181715,181729,181766,181686,181702,181722,181680,181691,181706,181706,181714,181728,181696,181706
181766,181794,181814,181829,181866,181786,181803,181822,181780,181791,181804,181804,181814,181828,181796,181804
181866,181895,181916,181929,181977,181886,181903,181922,181880,181891,181905,181905,181915,181928,181896,181905
181977,181999,182020,182034,182071,181991,182007,182026,181985,181996,182009,182009,182019,182032,182000,182009
182071,182099,182121,182133,182171,182090,182107,182127,182084,182096,182111,182111,182120,182132,182100,182111
182171,182205,182226,182240,182275,182197,182213,182233,182191,182202,182215,182215,182225,182239,182206,182215
182275,182311,182332,182346,182380,182303,182319,182339,182297,182308,182322,182322,182332,182345,182313,182322
182380,182418,182440,182453,182489,182409,182426,182446,182403,182414,182428,182428,182438,182452,182419,182428
182489,182525,182545,182560,182595,182516,182533,182553,182510,182522,182536,182536,182545,182559,182526,182536
182595,182623,182645,182658,182695,182615,182631,182651,182609,182620,182634,182634,182644,182657,182625,182634
182695,182721,182743,182756,182793,182713,182729,182749,182707,182718,182732,182732,182742,182755,182722,182732
182793,182821,182842,182855,182893,182813,182829,182848,182807,182818,182831,182831,182841,182854,182822,182831
182893,182920,182941,182954,182994,182911,182927,182947,182906,182916,182930,182930,182940,182953,182920,182930
182994,183025,183046,183059,183095,183017,183033,183053,183011,183022,183035,183035,183046,183059,183026,183035
183095,183132,183153,183165,183203,183123,183139,183159,183117,183128,183143,183143,183152,183164,183133,183143
183203,183241,183263,183276,183311,183232,183248,183269,183226,183237,183251,183251,183262,183275,183242,183251
183311,183350,183371,183385,183420,183342,183358,183378,183336,183347,183360,183360,183370,183385,183351,183360
183420,183452,183473,183487,183524,183444,183460,183480,183438,183449,183463,183463,183473,183486,183453,183463
183524,183559,183580,183594,183635,183550,183566,183587,183544,183556,183570,183570,183579,183593,183560,183570
183635,183665,183686,183700,183739,183657,183673,183693,183651,183662,183676,183676,183685,183698,183667,183676
183739,183766,183787,183800,183838,183758,183774,183793,183752,183763,183776,183776,183786,183799,183767,183776
183838,183867,183888,183901,183934,183859,183875,183895,183853,183864,183877,183877,183887,183900,183868,183877
183934,183973,183994,184006,184050,183965,183981,184000,183959,183970,183983,183983,183993,184005,183974,183983
184050,184081,184102,184114,184179,184072,184088,184108,184066,184077,184091,184091,184101,184113,184081,184091
184179,184200,184221,184234,184273,184192,184208,184227,184185,184197,184210,184210,184220,184233,184201,184210
184273,184310,184331,184343,184389,184302,184318,184336,184296,184307,184320,184320,184329,184341,184312,184320
184389,184415,184437,184449,184488,184407,184423,184442,184401,184412,184426,184426,184436,184448,184417,184426
184488,184523,184543,184557,184601,184514,184530,184549,184508,184519,184533,184533,184542,184554,184524,184533
184601,184631,184651,184663,184716,184622,184638,184657,184616,184627,184633,184633,184650,184662,184633,184656
184716,184744,184764,184774,184833,184734,184753,184770,184728,184739,184753,184753,184762,184777,184744,184753
184833,184857,184877,184887,184942,184847,184866,184883,184840,184852,184865,184865,184875,184888,184857,184865
184942,184965,184985,184995,185050,184955,184972,184990,184949,184961,184977,184977,184983,184997,184966,184977
185050,185073,185092,185105,185147,185064,185082,185099,185057,185069,185081,185081,185091,185105,185074,185081
185147,185176,185196,185208,185248,185168,185184,185202,185162,185173,185186,185186,185195,185207,185178,185186
185248,185269,185291,185302,185344,185261,185279,185296,185255,185266,185278,185278,185289,185301,185270,185278
185344,185366,185387,185396,185438,185357,185374,185392,185350,185362,185375,185375,185385,185397,185367,185375
185438,185468,185486,185496,185550,185458,185478,185492,185452,185463,185474,185474,185485,185498,185467,185474
185550,185572,185590,185596,185661,185560,185582,185595,185554,185565,185577,185577,185588,185599,185570,185577
185661,185683,185701,185708,185769,185671,185692,185705,185664,185675,185689,185689,185699,185710,185681,185689
185769,185793,185809,185815,185879,185780,185802,185815,185773,185786,185796,185796,185807,185821,185791,185796
185879,185901,185920,185927,185986,185891,185911,185924,185884,185896,185908,185908,185918,185933,185900,185908
185986,186007,186028,186036,186085,185998,186017,186032,185992,186003,186014,186014,186026,186037,186007,186014
186085,186107,186128,186137,186192,186097,186118,186133,186091,186102,186115,186115,186126,186138,186107,186115
186192,186214,186235,186242,186299,186205,186226,186241,186198,186210,186223,186223,186233,186247,186214,186223
186299,186323,186343,186350,186401,186312,186332,186348,186306,186317,186331,186331,186341,186353,186322,186331
186401,186421,186441,186450,186500,186411,186432,186445,186405,186415,186429,186429,186439,186450,186419,186429
186500,186521,186541,186550,186599,186511,186533,186546,186504,186516,186528,186528,186539,186552,186520,186528
186599,186620,186639,186647,186690,186609,186630,186643,186603,186614,186627,186627,186637,186647,186620,186627
186690,186711,186730,186737,186781,186700,186722,186735,186694,186705,186717,186717,186728,186741,186710,186717
186781,186803,186823,186830,186882,186793,186814,186829,186787,186797,186810,186810,186821,186833,186802,186810
186882,186903,186923,186932,186981,186893,186913,186927,186887,186897,186909,186909,186921,186933,186901,186909
186981,187000,187022,187032,187083,186991,187012,187026,186985,186995,187006,187008,187020,187032,186998,187008
187083,187100,187123,187133,187192,187091,187105,187126,187086,187096,187108,187111,187121,187132,187100,187111
187192,187209,187232,187243,187293,187201,187215,187236,187195,187206,187219,187223,187230,187241,187210,187223
187293,187312,187334,187344,187398,187303,187324,187337,187297,187307,187321,187321,187332,187343,187311,187321
187398,187420,187439,187448,187503,187408,187431,187443,187402,187413,187427,187427,187437,187448,187418,187427
187503,187523,187544,187555,187601,187513,187533,187548,187508,187518,187532,187532,187542,187552,187522,187532
187601,187620,187641,187651,187704,187611,187632,187645,187604,187615,187627,187627,187639,187650,187619,187627
187704,187724,187745,187755,187807,187714,187736,187749,187708,187718,187732,187732,187743,187753,187723,187732
187807,187828,187849,187858,187905,187818,187836,187853,187812,187822,187841,187841,187847,187858,187826,187841
187905,187927,187948,187956,188005,187916,187938,187952,187910,187921,187934,187934,187946,187957,187926,187934
188005,188027,188047,188056,188107,188017,188039,188053,188010,188021,188033,188033,188045,188059,188026,188033
188107,188129,188149,188160,188202,188119,188139,188154,188112,188124,188137,188137,188147,188161,188129,188137
188202,188223,188244,188256,188299,188214,188233,188251,188207,188219,188230,188230,188242,188257,188223,188230
188299,188320,188342,188353,188399,188311,188331,188348,188305,188316,188328,188328,188340,188353,188320,188328
188399,188420,188442,188453,188495,188411,188430,188447,188405,188416,188431,188431,188440,188453,188420,188431
188495,188516,188537,188548,188594,188507,188526,188543,188500,188512,188524,188524,188535,188548,188516,188524
188594,188616,188637,188647,188697,188606,188626,188642,188600,188611,188625,188625,188635,188648,188616,188625
188697,188718,188740,188751,188795,188709,188729,188745,188703,188714,188727,188727,188738,188750,188718,188727
188795,188816,188837,188846,188896,188806,188826,188842,188800,188811,188826,188826,188836,188847,188815,188826
188896,188918,188938,188948,188994,188908,188929,188944,188901,188913,188925,188925,188936,188950,188917,188925
188994,189016,189036,189047,189090,189006,189026,189042,189000,189011,189023,189023,189035,189047,189015,189023
189090,189112,189134,189144,189187,189103,189122,189139,189096,189107,189122,189122,189132,189145,189112,189122
189187,189212,189233,189245,189290,189203,189222,189239,189197,189207,189222,189222,189232,189245,189212,189222
189290,189313,189334,189347,189389,189304,189323,189340,189298,189309,189322,189322,189332,189347,189313,189322
189389,189410,189432,189443,189491,189401,189421,189438,189395,189406,189420,189420,189430,189447,189411,189420
189491,189512,189534,189545,189592,189503,189523,189540,189497,189508,189521,189521,189532,189544,189512,189521
189592,189614,189636,189646,189691,189605,189625,189641,189598,189610,189623,189623,189634,189645,189614,189623
189691,189713,189734,189745,189793,189703,189724,189741,189697,189708,189722,189722,189732,189746,189713,189722
189793,189816,189837,189849,189894,189807,189826,189843,189800,189811,189823,189823,189835,189849,189816,189823
189894,189914,189936,189948,189988,189905,189924,189942,189899,189910,189924,189924,189934,189948,189915,189924
189988,190010,190032,190043,190087,190001,190019,190038,189995,190006,190021,190021,190031,190043,190010,190021
190087,190110,190130,190138,190186,190100,190119,190135,190093,190104,190120,190120,190129,190142,190109,190120
190186,190207,190228,190237,190284,190197,190218,190232,190191,190202,190215,190215,190226,190237,190206,190215
190284,190305,190327,190336,190390,190295,190316,190331,190289,190299,190311,190311,190325,190336,190303,190311
190390,190411,190431,190442,190491,190401,190421,190436,190395,190406,190418,190418,190429,190442,190410,190418
190491,190513,190532,190541,190593,190503,190524,190538,190496,190508,190519,190519,190530,190543,190512,190519
190593,190614,190635,190647,190696,190605,190625,190641,190599,190610,190622,190622,190634,190647,190614,190622
190696,190717,190738,190750,190796,190708,190728,190743,190702,190713,190725,190725,190736,190750,190717,190725
190796,190818,190840,190851,190899,190809,190826,190846,190803,190814,190829,190829,190838,190853,190820,190829
190899,190921,190943,190954,190998,190912,190930,190948,190906,190917,190932,190932,190942,190954,190922,190932
190998,191021,191042,191053,191095,191012,191031,191047,191006,191017,191030,191030,191040,191053,191021,191030
191095,191116,191138,191149,191194,191107,191127,191143,191101,191112,191126,191126,191136,191148,191116,191126
191194,191216,191238,191250,191292,191207,191225,191244,191201,191212,191227,191227,191237,191249,191216,191227
191292,191312,191333,191346,191386,191303,191322,191339,191297,191308,191321,191321,191331,191346,191313,191321
191386,191407,191428,191439,191486,191398,191418,191435,191392,191403,191416,191416,191427,191441,191408,191416
191486,191508,191529,191539,191583,191498,191519,191535,191492,191503,191515,191515,191527,191540,191507,191515
191583,191604,191625,191634,191677,191595,191614,191630,191588,191600,191614,191614,191623,191635,191604,191614
191677,191698,191718,191728,191773,191688,191709,191724,191682,191693,191706,191706,191716,191731,191698,191706
191773,191795,191816,191825,191872,191785,191806,191821,191779,191790,191802,191802,191814,191826,191794,191802
191872,191894,191914,191925,191967,191885,191904,191920,191878,191889,191903,191903,191913,191927,191893,191903
191967,191988,192008,192019,192060,191978,191998,192014,191972,191983,191996,191996,192006,192019,191988,191996
192060,192082,192104,192114,192157,192073,192092,192109,192067,192078,192092,192092,192102,192114,192082,192092
192157,192180,192200,192210,192253,192170,192190,192205,192164,192175,192187,192187,192198,192212,192179,192187
192253,192273,192294,192304,192350,192264,192284,192299,192258,192268,192282,192282,192292,192305,192272,192282
192350,192369,192391,192400,192448,192360,192381,192395,192354,192364,192378,192378,192389,192399,192368,192378
192448,192468,192490,192499,192544,192459,192477,192493,192453,192463,192478,192478,192488,192498,192466,192478
192544,192564,192586,192594,192641,192555,192576,192589,192548,192559,192572,192572,192584,192594,192563,192572
192641,192662,192682,192691,192739,192652,192673,192686,192645,192657,192669,192669,192680,192692,192661,192669
192739,192759,192779,192790,192832,192750,192770,192785,192744,192754,192767,192767,192777,192791,192759,192767
192832,192853,192874,192881,192927,192843,192863,192879,192837,192848,192863,192863,192872,192883,192852,192863
192927,192949,192971,192980,193029,192940,192961,192976,192933,192944,192958,192958,192969,192982,192949,192958
193029,193051,193071,193082,193127,193042,193061,193076,193036,193046,193059,193059,193069,193083,193050,193059
193127,193148,193169,193179,193227,193139,193159,193174,193133,193144,193156,193156,193167,193182,193148,193156
193227,193249,193270,193279,193334,193239,193260,193275,193233,193244,193256,193256,193269,193280,193248,193256
193334,193355,193376,193387,193432,193346,193366,193381,193340,193351,193364,193364,193374,193388,193355,193364
193432,193453,193474,193485,193531,193443,193463,193480,193437,193448,193462,193462,193473,193485,193453,193462
193531,193553,193574,193586,193626,193543,193562,193580,193537,193548,193563,193563,193573,193586,193553,193563
193626,193650,193671,193683,193722,193642,193659,193677,193636,193646,193661,193661,193670,193682,193651,193661
193722,193743,193764,193775,193819,193734,193752,193769,193728,193739,193753,193753,193762,193775,193743,193753
193819,193842,193862,193872,193920,193832,193853,193868,193826,193837,193850,193850,193860,193877,193842,193850
193920,193949,193968,193978,194029,193940,193959,193974,193934,193945,193957,193957,193967,193980,193949,193957
194029,194050,194071,194079,194121,194040,194060,194075,194034,194045,194060,194060,194069,194080,194050,194060
194121,194142,194162,194171,194211,194132,194152,194166,194125,194137,194149,194149,194160,194171,194141,194149
194211,194231,194250,194261,194301,194221,194241,194256,194214,194225,194237,194237,194248,194262,194229,194237
194301,194327,194348,194358,194401,194318,194332,194352,194313,194323,194334,194337,194346,194357,194327,194337
194401,194417,194440,194451,194488,194410,194422,194443,194405,194414,194428,194430,194438,194447,194418,194430
194488,194504,194521,194537,194574,194497,194509,194525,194491,194501,194513,194513,194519,194525,194505,194513
194574,194590,194611,194622,194658,194582,194595,194616,194577,194587,194597,194600,194609,194621,194590,194600
194658,194677,194697,194709,194760,194669,194682,194703,194663,194673,194685,194686,194695,194709,194677,194686
194760,194778,194800,194811,194864,194770,194784,194804,194764,194774,194788,194788,194798,194809,194777,194788
194864,194883,194905,194916,194962,194874,194888,194909,194868,194878,194892,194896,194903,194916,194883,194896
194962,194981,195002,195012,195062,194971,194994,195006,194965,194976,194987,194991,195000,195012,194980,194991
195062,195083,195103,195113,195160,195072,195093,195107,195065,195076,195089,195089,195101,195113,195081,195089
195160,195180,195200,195212,195249,195170,195190,195206,195164,195175,195185,195185,195198,195212,195179,195185
195249,195269,195289,195297,195332,195259,195279,195295,195252,195264,195275,195275,195287,195300,195268,195275
195332,195352,195372,195382,195417,195342,195363,195377,195336,195347,195358,195358,195370,195383,195351,195358
195417,195438,195458,195468,195511,195428,195447,195463,195422,195433,195444,195444,195457,195470,195437,195444
195511,195533,195553,195565,195618,195523,195543,195559,195517,195528,195541,195541,195552,195565,195533,195541
195618,195640,195660,195671,195722,195631,195649,195666,195624,195635,195650,195650,195659,195672,195640,195650
195722,195745,195765,195778,195825,195735,195755,195772,195729,195740,195753,195753,195763,195779,195745,195753
195825,195850,195872,195884,195932,195841,195861,195878,195835,195846,195859,195859,195871,195884,195850,195859
195932,195955,195976,195988,196034,195946,195965,195982,195940,195951,195963,195963,195975,195987,195955,195963
196034,196054,196076,196088,196134,196045,196064,196081,196039,196050,196064,196064,196074,196086,196055,196064
196134,196155,196177,196189,196233,196146,196164,196183,196140,196151,196166,196166,196175,196188,196156,196166
196233,196259,196280,196293,196337,196250,196267,196285,196244,196255,196269,196269,196278,196293,196259,196269
196337,196358,196380,196391,196435,196349,196366,196385,196343,196354,196368,196368,196378,196391,196358,196368
196435,196462,196484,196496,196538,196454,196470,196490,196448,196459,196473,196473,196483,196495,196463,196473
196538,196570,196592,196605,196648,196562,196579,196598,196556,196567,196582,196582,196591,196603,196571,196582
196648,196673,196694,196706,196747,196664,196682,196699,196658,196669,196682,196682,196692,196705,196673,196682
196747,196775,196797,196809,196855,196767,196782,196802,196761,196772,196785,196785,196795,196808,196776,196785
196855,196884,196905,196918,196964,196876,196892,196912,196870,196880,196894,196894,196904,196917,196885,196894
196964,196993,197014,197028,197070,196985,197002,197021,196979,196990,197003,197003,197013,197026,196994,197003
197070,197093,197115,197127,197166,197085,197100,197120,197079,197090,197103,197103,197114,197126,197094,197103
197166,197193,197214,197227,197276,197184,197201,197220,197179,197189,197203,197203,197213,197226,197194,197203
197276,197298,197318,197330,197373,197288,197307,197324,197282,197293,197306,197306,197316,197330,197298,197306
197373,197395,197415,197425,197478,197385,197405,197420,197378,197390,197402,197402,197413,197426,197394,197402
197478,197499,197520,197530,197589,197489,197509,197525,197483,197495,197508,197508,197518,197531,197500,197508
197589,197613,197633,197643,197689,197603,197623,197638,197597,197608,197621,197621,197631,197643,197613,197621
197689,197716,197737,197748,197798,197707,197727,197742,197701,197712,197725,197725,197735,197748,197716,197725
197798,197821,197843,197855,197902,197812,197830,197848,197806,197817,197831,197831,197841,197854,197821,197831
197902,197925,197947,197960,197999,197917,197933,197953,197911,197922,197935,197935,197945,197959,197926,197935
197999,198025,198047,198060,198102,198017,198033,198053,198011,198022,198036,198036,198046,198059,198026,198036
198102,198128,198150,198163,198202,198120,198136,198156,198114,198125,198138,198138,198149,198161,198129,198138
198202,198230,198251,198264,198305,198222,198238,198257,198217,198227,198240,198240,198250,198263,198231,198240
198305,198332,198353,198366,198410,198323,198338,198359,198318,198328,198342,198342,198352,198364,198333,198342
198410,198436,198458,198470,198507,198427,198442,198463,198422,198432,198446,198446,198456,198469,198437,198446
198507,198537,198558,198571,198613,198529,198544,198564,198523,198534,198548,198548,198557,198570,198539,198548
198613,198642,198663,198676,198719,198634,198649,198670,198628,198638,198652,198652,198662,198676,198643,198652
198719,198750,198771,198784,198832,198741,198760,198778,198735,198746,198759,198759,198770,198785,198750,198759
198832,198854,198875,198886,198937,198844,198864,198880,198838,198849,198863,198863,198873,198886,198853,198863
198937,198958,198979,198990,199044,198949,198970,198984,198942,198953,198967,198967,198978,198990,198958,198967
199044,199065,199086,199096,199147,199055,199075,199090,199049,199060,199074,199074,199084,199095,199064,199074
199147,199169,199189,199201,199252,199159,199180,199195,199152,199164,199176,199176,199187,199202,199169,199176
199252,199273,199295,199306,199354,199264,199283,199300,199258,199269,199283,199283,199293,199305,199274,199283
199354,199377,199398,199411,199458,199368,199386,199404,199362,199372,199387,199387,199396,199410,199377,199387
199458,199479,199501,199513,199555,199471,199487,199507,199464,199476,199490,199490,199500,199512,199480,199490
199555,199585,199606,199620,199661,199576,199593,199613,199571,199581,199595,199595,199605,199619,199586,199595
199661,199689,199711,199723,199766,199681,199697,199716,199675,199686,199700,199700,199710,199721,199691,199700
199766,199789,199811,199824,199864,199781,199797,199817,199775,199786,199800,199800,199810,199822,199791,199800
199864,199892,199913,199926,199964,199884,199900,199919,199878,199889,199905,199905,199913,199924,199894,199905
199964,199993,200013,200027,200068,199985,200001,200020,199979,199989,200002,200002,200012,200025,199994,200002
200068,200097,200118,200132,200173,200089,200104,200125,200083,200094,200108,200108,200117,200131,200099,200108
200173,200201,200223,200236,200283,200193,200208,200228,200187,200198,200213,200213,200222,200234,200202,200213
200283,200304,200326,200339,200380,200296,200311,200331,200290,200301,200317,200317,200324,200338,200305,200317
200380,200407,200429,200441,200484,200399,200414,200435,200393,200404,200418,200418,200428,200440,200408,200418
200484,200509,200529,200540,200592,200500,200518,200535,200494,200504,200518,200518,200527,200541,200509,200518
200592,200611,200632,200643,200696,200602,200620,200636,200596,200606,200618,200618,200630,200641,200610,200618
200696,200714,200738,200748,200798,200706,200719,200741,200700,200710,200725,200725,200736,200746,200714,200725
200798,200817,200838,200849,200898,200809,200823,200843,200803,200813,200825,200826,200836,200849,200817,200826
200898,200917,200939,200950,201004,200909,200922,200943,200903,200913,200925,200928,200937,200949,200917,200928
201004,201022,201045,201054,201106,201013,201027,201048,201008,201018,201031,201032,201043,201053,201022,201032
201106,201124,201144,201155,201200,201115,201136,201148,201109,201119,201130,201133,201142,201154,201124,201133
201200,201221,201241,201250,201296,201210,201233,201245,201204,201215,201228,201228,201239,201254,201219,201228
201296,201317,201337,201344,201395,201307,201329,201340,201301,201311,201325,201325,201335,201344,201315,201325
201395,201415,201435,201443,201485,201405,201425,201439,201398,201409,201422,201422,201433,201445,201413,201422
201485,201504,201526,201534,201573,201495,201517,201530,201489,201499,201510,201512,201524,201534,201503,201512
201573,201592,201612,201622,201660,201582,201603,201617,201576,201586,201598,201598,201610,201622,201590,201598
201660,201674,201695,201705,201738,201666,201678,201698,201660,201669,201680,201684,201692,201703,201673,201684
201738,201754,201778,201788,201823,201747,201759,201781,201741,201751,201761,201764,201776,201785,201754,201764
201823,201840,201862,201873,201909,201833,201845,201867,201828,201837,201849,201854,201860,201873,201841,201851
201909,201926,201948,201960,201993,201919,201931,201952,201913,201923,201934,201938,201946,201958,201927,201938
201993,202009,202033,202041,202075,202001,202017,202036,201996,202005,202017,202017,202031,202040,202009,202017
202075,202093,202117,202126,202158,202084,202102,202121,202079,202088,202100,202100,202115,202127,202092,202100
202158,202174,202196,202207,202235,202166,202186,202201,202160,202170,202181,202181,202194,202207,202174,202181
202235,202253,202275,202284,202312,202244,202264,202280,202239,202248,202260,202260,202273,202285,202252,202260
202312,202329,202352,202361,202391,202320,202339,202355,202315,202324,202334,202334,202350,202360,202328,202334
202391,202408,202429,202439,202469,202400,202417,202434,202394,202404,202414,202414,202427,202439,202407,202414
202469,202486,202508,202517,202552,202478,202496,202512,202472,202481,202491,202491,202505,202517,202485,202491
202552,202569,202593,202603,202638,202561,202577,202597,202555,202565,202585,202585,202591,202603,202569,202585
202638,202656,202678,202688,202723,202647,202663,202682,202642,202652,202667,202667,202676,202686,202656,202667
202723,202740,202762,202772,202806,202732,202746,202766,202726,202737,202750,202751,202760,202770,202741,202751
202806,202824,202846,202855,202894,202816,202830,202851,202810,202820,202832,202835,202844,202860,202825,202835
202894,202911,202933,202942,202979,202903,202917,202937,202897,202907,202920,202920,202931,202942,202911,202920
202979,202996,203016,203028,203060,202988,203004,203023,202982,202992,203005,203005,203014,203029,202996,203005
203060,203077,203098,203104,203142,203069,203089,203102,203062,203073,203082,203085,203096,203106,203076,203085
203142,203161,203181,203189,203226,203151,203169,203184,203145,203155,203170,203170,203179,203189,203159,203170
203226,203244,203263,203274,203307,203235,203254,203268,203229,203239,203251,203251,203261,203273,203243,203251
203307,203324,203346,203354,203386,203316,203335,203349,203310,203320,203329,203332,203344,203354,203323,203332
203386,203404,203424,203435,203469,203395,203416,203430,203389,203400,203410,203413,203422,203439,203404,203413
203469,203486,203508,203517,203553,203477,203495,203511,203471,203481,203497,203497,203506,203516,203484,203497
203553,203569,203591,203599,203634,203561,203582,203593,203555,203565,203575,203580,203588,203599,203568,203577
203634,203650,203672,203681,203714,203642,203655,203675,203637,203646,203658,203660,203669,203680,203650,203660
203714,203731,203752,203761,203795,203723,203736,203755,203717,203727,203740,203740,203750,203760,203731,203740
203795,203813,203834,203842,203876,203804,203817,203839,203798,203809,203819,203824,203832,203845,203813,203821
203876,203893,203913,203922,203953,203885,203904,203916,203879,203889,203900,203900,203911,203921,203892,203900
203953,203971,203991,203999,204030,203962,203982,203994,203956,203966,203977,203979,203989,203999,203970,203979
204030,204048,204068,204076,204108,204039,204059,204072,204033,204043,204055,204055,204066,204077,204047,204055
204108,204126,204146,204153,204186,204117,204138,204148,204111,204121,204131,204135,204144,204153,204125,204135
204186,204204,204223,204231,204264,204195,204212,204226,204189,204199,204211,204211,204221,204230,204203,204211
204264,204280,204301,204309,204344,204272,204292,204304,204266,204276,204286,204289,204299,204309,204279,204289
204344,204361,204381,204390,204428,204353,204374,204387,204347,204357,204366,204370,204379,204392,204360,204370
204428,204444,204465,204475,204515,204437,204457,204469,204431,204441,204450,204455,204463,204474,204444,204452
204515,204531,204553,204562,204600,204524,204535,204557,204519,204528,204538,204543,204551,204561,204532,204540
204600,204616,204639,204647,204686,204609,204620,204642,204604,204613,204623,204628,204637,204647,204617,204625
204686,204705,204724,204734,204776,204696,204714,204728,204690,204700,204711,204711,204722,204734,204704,204711
204776,204794,204813,204822,204859,204784,204805,204817,204778,204788,204799,204799,204810,204823,204792,204799
204859,204877,204896,204904,204941,204868,204887,204899,204862,204872,204882,204882,204894,204905,204876,204882
204941,204960,204978,204983,205024,204950,204972,204983,204944,204954,204963,204966,204976,204988,204958,204966
205024,205044,205061,205069,205111,205033,205054,205065,205027,205037,205045,205049,205059,205070,205040,205049
205111,205130,205150,205157,205198,205121,205142,205154,205115,205125,205135,205138,205148,205157,205129,205138
205198,205217,205236,205243,205293,205208,205230,205240,205202,205212,205220,205225,205234,205244,205215,205225
205293,205312,205331,205338,205394,205302,205325,205335,205297,205306,205315,205320,205329,205340,205310,205320
205394,205411,205431,205440,205486,205403,205424,205434,205397,205407,205416,205421,205429,205438,205411,205418
205486,205502,205522,205529,205573,205494,205504,205525,205489,205498,205507,205512,205520,205529,205501,205509
205573,205591,205612,205619,205666,205583,205595,205600,205577,205587,205596,205602,205610,205620,205591,205599
205666,205682,205704,205713,205756,205675,205686,205692,205669,205678,205688,205694,205701,205712,205682,205690
205756,205773,205794,205801,205844,205765,205776,205797,205760,205769,205778,205784,205792,205800,205773,205781
205844,205859,205879,205886,205929,205852,205873,205882,205846,205855,205864,205869,205876,205887,205859,205866
205929,205949,205966,205973,206022,205938,205960,205970,205932,205941,205950,205955,205964,205975,205944,205952
206022,206041,206058,206066,206120,206031,206053,206062,206025,206034,206043,206048,206056,206068,206038,206045
206120,206137,206155,206162,206219,206128,206149,206159,206122,206132,206140,206145,206153,206164,206135,206145
206219,206236,206256,206263,206314,206227,206249,206259,206221,206231,206240,206245,206254,206263,206235,206242
206314,206331,206351,206359,206410,206322,206344,206354,206317,206326,206335,206340,206348,206360,206329,206337
206410,206430,206448,206456,206506,206419,206442,206453,206414,206423,206431,206437,206446,206458,206426,206434
206506,206523,206543,206550,206595,206515,206527,206533,206509,206519,206529,206534,206541,206551,206523,206531
206595,206612,206632,206639,206684,206603,206627,206636,206597,206607,206616,206623,206630,206640,206611,206619
206684,206701,206720,206725,206775,206693,206715,206724,206687,206696,206705,206711,206718,206729,206700,206708
206775,206793,206812,206819,206867,206785,206807,206816,206779,206788,206796,206802,206810,206821,206792,206799
206867,206883,206902,206910,206957,206875,206896,206906,206869,206878,206886,206892,206900,206911,206882,206889
206957,206982,206994,207000,207053,206966,206988,206997,206960,206969,206977,206983,206992,207001,206973,206980
207053,207079,207090,207097,207153,207062,207085,207094,207056,207065,207074,207080,207088,207097,207069,207077
207153,207172,207190,207197,207247,207161,207184,207193,207156,207165,207174,207179,207188,207197,207169,207176
207247,207273,207284,207291,207344,207255,207278,207287,207250,207259,207267,207273,207282,207291,207262,207270
207344,207370,207382,207385,207442,207353,207377,207385,207347,207357,207365,207372,207380,207389,207360,207368
207442,207461,207480,207485,207535,207452,207475,207484,207446,207455,207464,207470,207478,207488,207459,207467
207535,207553,207572,207579,207623,207544,207567,207576,207539,207548,207557,207563,207570,207580,207552,207559
207623,207639,207660,207667,207710,207631,207654,207663,207625,207635,207643,207649,207658,207667,207638,207646
207710,207727,207747,207753,207806,207718,207742,207750,207713,207722,207731,207737,207745,207754,207726,207734
207806,207834,207844,207852,207907,207816,207839,207848,207810,207819,207828,207835,207842,207852,207823,207831
207907,207925,207944,207952,208003,207916,207939,207948,207910,207919,207928,207934,207942,207953,207923,207931
208003,208023,208042,208049,208097,208012,208036,208046,208007,208016,208025,208031,208040,208051,208020,208028
208097,208124,208135,208140,208195,208107,208130,208138,208101,208110,208119,208125,208133,208142,208114,208122
208195,208222,208233,208237,208297,208205,208228,208237,208199,208208,208217,208223,208231,208243,208212,208219
208297,208323,208335,208340,208399,208307,208330,208340,208301,208310,208319,208325,208333,208345,208314,208322
208399,208425,208438,208442,208496,208408,208433,208442,208402,208412,208421,208427,208437,208446,208416,208424
208496,208516,208534,208540,208590,208505,208528,208537,208499,208509,208518,208524,208532,208542,208513,208521
208590,208613,208627,208632,208681,208599,208622,208630,208593,208603,208611,208616,208625,208636,208606,208616
208681,208706,208720,208724,208775,208691,208714,208724,208685,208695,208703,208709,208718,208728,208698,208706
208775,208797,208814,208818,208874,208785,208809,208818,208779,208789,208797,208803,208812,208822,208792,208800
208874,208896,208913,208917,208977,208884,208907,208917,208878,208888,208896,208902,208911,208921,208891,208899
208977,208998,209017,209021,209083,208987,209010,209020,208982,208991,209000,209006,209015,209024,208995,209003
209083,209103,209122,209127,209187,209094,209116,209126,209088,209098,209107,209112,209120,209130,209101,209109
209187,209207,209227,209231,209288,209198,209220,209230,209192,209202,209211,209217,209225,209235,209206,209214
209288,209308,209329,209335,209384,209300,209321,209332,209294,209304,209314,209318,209327,209337,209308,209318
209384,209403,209423,209428,209477,209394,209416,209427,209389,209398,209408,209413,209421,209431,209402,209410
209477,209497,209518,209522,209568,209488,209511,209521,209483,209493,209502,209507,209516,209526,209496,209507
209568,209587,209607,209612,209655,209578,209600,209611,209572,209582,209591,209596,209606,209616,209586,209596
209655,209675,209695,209699,209752,209666,209688,209698,209660,209670,209679,209684,209693,209704,209673,209681
209752,209772,209792,209796,209859,209763,209785,209795,209757,209767,209775,209781,209790,209800,209770,209778
209859,209879,209899,209903,209971,209870,209892,209902,209864,209874,209883,209888,209897,209907,209878,209885
209971,209992,210012,210016,210081,209982,210005,210015,209977,209987,209997,210001,210010,210020,209990,210001
210081,210102,210122,210126,210184,210093,210114,210125,210087,210098,210109,210112,210120,210130,210102,210112
210184,210205,210225,210230,210290,210196,210218,210229,210190,210200,210211,210214,210223,210233,210204,210214
210290,210310,210331,210340,210398,210302,210323,210336,210296,210306,210318,210319,210329,210342,210310,210319
210398,210417,210438,210445,210497,210409,210422,210442,210403,210413,210425,210429,210436,210447,210418,210429
210497,210517,210538,210545,210597,210509,210522,210541,210503,210513,210525,210528,210536,210546,210517,210528
210597,210616,210638,210644,210686,210608,210621,210641,210603,210612,210624,210628,210636,210647,210617,210628
210686,210715,210736,210744,210797,210708,210720,210741,210702,210712,210722,210727,210735,210746,210716,210724
210797,210817,210837,210845,210896,210809,210822,210841,210804,210814,210825,210828,210835,210846,210818,210828
210896,210914,210935,210942,210995,210906,210919,210939,210901,210911,210922,210926,210933,210944,210915,210926
210995,211013,211034,211041,211074,211006,211018,211038,211000,211010,211022,211026,211032,211043,211014,211026
211074,211112,211131,211140,211194,211105,211117,211136,211099,211109,211123,211123,211129,211141,211113,211123
211194,211212,211232,211241,211295,211204,211216,211236,211199,211209,211220,211224,211230,211241,211213,211224
211295,211312,211331,211340,211393,211305,211317,211335,211299,211309,211313,211313,211323,211341,211313,211325
211393,211409,211428,211434,211488,211402,211414,211423,211396,211406,211410,211410,211420,211423,211410,211421
211488,211503,211523,211526,211581,211496,211508,211525,211490,211500,211511,211514,211521,211531,211504,211514
211581,211597,211615,211626,211671,211590,211603,211620,211584,211594,211606,211606,211613,211626,211598,211606
211671,211687,211706,211716,211743,211680,211693,211710,211675,211685,211697,211697,211704,211716,211689,211697
211743,211776,211793,211805,211830,211769,211782,211799,211764,211774,211787,211787,211793,211805,211778,211787
211830,211865,211880,211894,211917,211858,211871,211887,211852,211862,211866,211866,211881,211893,211866,211887
211917,211953,211969,211982,212008,211946,211960,211975,211941,211950,211961,211961,211969,211981,211954,211961
212008,212040,212057,212070,212095,212033,212046,212063,212027,212037,212049,212049,212056,212068,212041,212049
212095,212125,212142,212155,212178,212119,212132,212148,212113,212123,212134,212134,212141,212153,212127,212134
212178,212208,212225,212238,212264,212202,212215,212231,212196,212206,212210,212210,212224,212236,212210,212230
212264,212288,212305,212317,212342,212281,212295,212310,212276,212286,212297,212297,212304,212316,212290,212297
212342,212367,212384,212397,212421,212360,212374,212389,212355,212365,212369,212369,212383,212395,212369,212389
212421,212446,212463,212475,212499,212439,212453,212467,212433,212443,212453,212453,212461,212473,212447,212453
212499,212524,212540,212553,212581,212517,212530,212546,212511,212521,212526,212526,212539,212551,212526,212545
212581,212600,212616,212629,212652,212593,212606,212621,212587,212597,212602,212602,212615,212627,212602,212621
212652,212676,212693,212705,212729,212670,212683,212698,212664,212674,212678,212678,212692,212704,212678,212698
212729,212755,212771,212784,212808,212748,212762,212776,212742,212752,212761,212761,212769,212782,212756,212761
212808,212835,212851,212865,212887,212828,212842,212857,212823,212833,212837,212837,212850,212863,212837,212857
212887,212916,212933,212946,212970,212910,212923,212938,212904,212914,212919,212919,212932,212944,212919,212938
212970,212994,213012,213024,213051,212988,213001,213017,212982,212992,212996,212996,213010,213022,212996,213016
213051,213072,213089,213102,213125,213065,213078,213094,213059,213069,213073,213073,213087,213100,213073,213093
213125,213148,213165,213178,213201,213141,213155,213170,213136,213146,213150,213150,213163,213176,213150,213170
213201,213225,213242,213254,213279,213218,213232,213247,213212,213222,213227,213227,213240,213252,213227,213246
213279,213299,213317,213328,213352,213292,213306,213321,213286,213296,213306,213306,213314,213326,213300,213306
213352,213375,213392,213404,213430,213368,213382,213397,213362,213372,213376,213376,213390,213402,213376,213396
213430,213449,213467,213479,213505,213442,213456,213471,213437,213447,213451,213451,213465,213476,213451,213470
213505,213523,213540,213553,213577,213516,213530,213545,213510,213521,213526,213526,213538,213551,213526,213544
213577,213595,213611,213624,213648,213587,213601,213616,213582,213592,213597,213597,213609,213622,213597,213614
213648,213666,213683,213694,213720,213659,213673,213687,213653,213663,213668,213668,213680,213692,213668,213685
213720,213737,213754,213766,213792,213730,213744,213759,213724,213735,213739,213739,213751,213765,213739,213757
213792,213809,213826,213837,213863,213802,213816,213830,213796,213807,213813,213813,213823,213836,213813,213828
213863,213880,213897,213909,213934,213873,213887,213901,213867,213878,213884,213884,213894,213907,213884,213900
213934,213951,213968,213980,214005,213944,213958,213972,213939,213949,213957,213957,213966,213977,213954,213957
214005,214022,214039,214051,214074,214015,214029,214043,214009,214019,214024,214024,214036,214049,214024,214042
214074,214091,214109,214121,214144,214084,214098,214113,214079,214089,214093,214093,214106,214118,214093,214112
214144,214161,214179,214191,214214,214154,214168,214183,214149,214159,214163,214163,214176,214188,214163,214182
214214,214231,214248,214260,214283,214224,214238,214252,214218,214228,214233,214233,214245,214257,214233,214251
214283,214300,214318,214329,214351,214293,214307,214321,214288,214298,214307,214307,214315,214327,214302,214307
214351,214368,214386,214397,214419,214361,214374,214389,214355,214365,214370,214370,214383,214395,214370,214388
214419,214435,214453,214464,214488,214429,214442,214457,214423,214433,214437,214437,214450,214462,214437,214456
214488,214504,214522,214533,214558,214497,214511,214526,214492,214502,214506,214506,214519,214531,214506,214524
214558,214574,214592,214604,214628,214567,214581,214596,214562,214572,214576,214576,214589,214601,214576,214594
214628,214644,214662,214673,214696,214638,214651,214665,214632,214642,214651,214651,214659,214670,214647,214651
214696,214712,214730,214741,214762,214705,214719,214733,214700,214710,214720,214720,214727,214739,214714,214720
214762,214778,214796,214807,214829,214772,214785,214800,214766,214776,214785,214785,214793,214805,214780,214785
214829,214845,214863,214874,214896,214839,214852,214867,214833,214843,214853,214853,214860,214872,214847,214853
214896,214912,214930,214941,214963,214906,214919,214933,214900,214910,214915,214915,214927,214939,214915,214932
214963,214980,214997,215009,215030,214973,214987,215001,214968,214978,214986,214986,214994,215006,214982,214986
215030,215046,215064,215074,215095,215039,215053,215067,215034,215044,215048,215048,215060,215072,215048,215066
215095,215111,215129,215140,215160,215105,215118,215132,215099,215109,215113,215113,215126,215138,215113,215131
215160,215177,215194,215205,215227,215170,215183,215198,215164,215174,215178,215178,215191,215203,215178,215196
215227,215243,215260,215272,215294,215236,215250,215264,215231,215241,215246,215246,215257,215270,215246,215262
215294,215311,215327,215338,215361,215304,215318,215331,215298,215309,215317,215317,215324,215337,215317,215329
215361,215377,215393,215402,215425,215370,215384,215396,215364,215375,215384,215384,215390,215400,215384,215394
215425,215443,215459,215468,215493,215436,215449,215462,215430,215440,215445,215445,215456,215467,215445,215461
215493,215509,215526,215536,215561,215502,215516,215530,215497,215507,215514,215514,215523,215535,215511,215514
215561,215577,215594,215604,215629,215570,215584,215598,215564,215574,215584,215584,215591,215603,215584,215597
215629,215645,215662,215672,215695,215638,215652,215666,215632,215643,215651,215651,215658,215672,215651,215664
215695,215711,215728,215740,215759,215704,215718,215733,215698,215709,215714,215714,215725,215740,215714,215730
215759,215775,215792,215803,215822,215767,215782,215797,215761,215773,215782,215782,215789,215804,215782,215794
215822,215838,215855,215866,215885,215831,215845,215859,215824,215836,215844,215844,215851,215865,215844,215857
215885,215901,215918,215930,215949,215894,215908,215922,215887,215900,215907,215907,215914,215928,215907,215920
215949,215965,215982,215992,216012,215957,215972,215985,215951,215963,215971,215971,215978,215990,215971,215984
216012,216028,216045,216056,216077,216021,216034,216049,216015,216026,216031,216031,216042,216054,216031,216048
216077,216093,216110,216122,216143,216086,216099,216114,216080,216091,216097,216097,216106,216119,216097,216113
216143,216159,216176,216188,216208,216152,216166,216180,216146,216157,216166,216166,216173,216185,216166,216178
216208,216224,216241,216252,216270,216217,216230,216244,216211,216221,216226,216226,216238,216249,216226,216243
216270,216286,216303,216314,216334,216279,216293,216307,216273,216284,216288,216288,216300,216311,216288,216305
216334,216350,216366,216377,216398,216343,216356,216369,216337,216347,216351,216351,216363,216374,216351,216368
216398,216416,216430,216440,216458,216408,216421,216434,216403,216413,216421,216421,216427,216440,216421,216431
216458,216482,216497,216506,216590,216476,216488,216500,216470,216479,216488,216488,216495,216505,216483,216488
216590,216621,216630,216641,216660,216617,216625,216633,216612,216620,216624,216624,216628,216633,216624,216630
216660,216693,216702,216715,216736,216689,216697,216705,216685,216692,216696,216696,216700,216705,216696,216703
216736,216768,216777,216793,216812,216763,216771,216785,216758,216766,216770,216770,216775,216792,216770,216778
216812,216846,216859,216872,216895,216839,216851,216866,216834,216844,216848,216848,216859,216871,216848,216865
216895,216924,216939,216953,216985,216917,216930,216946,216912,216921,216928,216928,216940,216950,216928,216946
216985,217000,217018,217030,217055,216993,217007,217022,216988,216998,217005,217005,217015,217027,217005,217022
217055,217075,217091,217104,217130,217068,217082,217097,217063,217073,217078,217078,217091,217102,217078,217097
217130,217147,217165,217176,217200,217140,217154,217169,217134,217144,217152,217152,217162,217174,217152,217169
217200,217217,217235,217246,217270,217210,217224,217239,217204,217214,217225,217225,217233,217244,217219,217225
217270,217287,217305,217316,217341,217280,217294,217308,217274,217284,217293,217293,217302,217313,217288,217293
217341,217357,217375,217385,217409,217350,217364,217378,217345,217355,217360,217360,217372,217383,217360,217378
217409,217427,217444,217455,217478,217420,217434,217448,217414,217424,217431,217431,217441,217453,217429,217431
217478,217495,217512,217523,217544,217488,217501,217516,217482,217492,217499,217499,217508,217521,217499,217515
217544,217561,217577,217590,217615,217555,217568,217582,217550,217559,217567,217567,217575,217589,217563,217567
217615,217630,217647,217656,217744,217623,217634,217694,217618,217627,217644,217654,217689,217697,217631,217649
217744,217774,217783,217799,217820,217769,217778,217784,217764,217772,217776,217776,217781,217784,217776,217782
217820,217850,217866,217879,217914,217845,217854,217871,217840,217848,217858,217858,217865,217876,217852,217858
217914,217927,217943,217953,217987,217921,217932,217947,217915,217925,217929,217929,217942,217953,217929,217947
217987,218001,218017,218029,218061,217994,218009,218022,217989,217998,218007,218007,218016,218028,218001,218007
218061,218077,218094,218104,218126,218070,218083,218098,218064,218074,218078,218078,218090,218103,218078,218098
218126,218151,218167,218180,218204,218145,218158,218173,218139,218149,218153,218153,218165,218179,218153,218173
218204,218225,218241,218254,218274,218218,218231,218248,218213,218223,218228,218228,218238,218252,218228,218248
218274,218295,218308,218324,218378,218289,218300,218313,218285,218293,218297,218297,218306,218313,218297,218310
218378,218428,218443,,218469,218423,218433,218450,218418,218427,218430,218430,218442,218457,218430,218446
218469,218493,218506,218521,218541,218488,218497,218510,218483,218491,218495,218495,218504,218512,218495,218508
218541,218557,218571,218584,218604,218551,218563,218578,218546,218555,218561,218561,218568,218584,218561,218571
218604,218621,218635,218647,218667,218613,218627,218640,218608,218618,218628,218628,218633,218645,218628,218640
218667,218682,218699,218709,218728,218676,218688,218702,218670,218681,218687,218687,218694,218707,218687,218702
218728,218745,218761,218769,218791,218738,218751,218763,218732,218743,218749,218749,218757,218768,218749,218763
218791,218806,218823,218833,218852,218800,218812,218826,218794,218804,218809,218809,218820,218830,218809,218825
218852,218867,218884,218893,218913,218861,218873,218886,218855,218865,218872,218872,218880,218892,218872,218886
218913,218928,218945,218955,218974,218922,218935,218948,218916,218926,218930,218930,218941,218954,218930,218947
218974,218990,219006,219015,219039,218984,218997,219009,218978,218988,218994,218994,219003,219014,218992,218994
219039,219055,219071,219080,219103,219048,219061,219073,219043,219052,219061,219061,219068,219078,219056,219061
219103,219120,219136,219146,219170,219113,219126,219139,219108,219118,219123,219123,219132,219145,219123,219138
219170,219187,219203,219213,219240,219180,219193,219206,219175,219184,219193,219193,219200,219213,219188,219193
219240,219256,219271,219284,219311,219249,219263,219276,219244,219253,219260,219260,219268,219284,219256,219260
219311,219326,219343,219353,219381,219320,219333,219346,219314,219324,219331,219331,219339,219351,219327,219331
219381,219399,219415,219427,219457,219393,219406,219420,219388,219397,219402,219402,219412,219426,219402,219418
219457,219473,219490,219502,219525,219467,219480,219494,219461,219472,219478,219478,219486,219499,219478,219494
219525,219546,219563,219574,219599,219539,219552,219567,219534,219544,219555,219555,219561,219572,219548,219555
219599,219616,219634,219644,219669,219610,219623,219637,219604,219614,219619,219619,219631,219642,219619,219636
219669,219685,219702,219713,219737,219679,219691,219706,219673,219683,219687,219687,219699,219712,219687,219705
219737,219754,219771,219782,219805,219747,219760,219775,219742,219751,219761,219761,219768,219780,219755,219761
219805,219821,219839,219851,219872,219815,219828,219843,219810,219819,219823,219823,219836,219848,219823,219843
219872,219889,219906,219917,219939,219882,219895,219910,219877,219887,219892,219892,219903,219915,219892,219909
219939,219954,219972,219981,220001,219947,219960,219975,219942,219952,219957,219957,219969,219979,219957,219974
220001,220017,220035,220045,220065,220011,220023,220039,220005,220015,220021,220021,220031,220043,220021,220039
220065,220080,220097,220108,220128,220074,220087,220100,220068,220078,220083,220083,220093,220106,220083,220098
220128,220144,220160,220171,220192,220137,220150,220164,220132,220142,220149,220149,220156,220169,220149,220162
220192,220207,220224,220235,220255,220201,220214,220228,220195,220205,220212,220212,220220,220234,220212,220226
220255,220271,220288,220299,220321,220265,220277,220292,220259,220269,220274,220274,220285,220297,220274,220291
220321,220337,220354,220364,220387,220330,220343,220357,220325,220335,220339,220339,220351,220362,220339,220356
220387,220403,220420,220430,220452,220397,220409,220423,220391,220401,220407,220407,220416,220428,220407,220423
220452,220468,220485,220496,220518,220462,220475,220489,220456,220466,220470,220470,220482,220494,220470,220487
220518,220534,220551,220562,220585,220528,220541,220554,220522,220532,220537,220537,220548,220560,220537,220553
220585,220600,220618,220628,220652,220594,220607,220621,220588,220598,220602,220602,220615,220626,220602,220621
220652,220667,220684,220695,220717,220660,220674,220687,220655,220665,220673,220673,220681,220693,220669,220673
220717,220733,220750,220760,220781,220726,220739,220754,220720,220730,220735,220735,220747,220758,220735,220752
220781,220797,220814,220824,220844,220790,220804,220817,220784,220795,220799,220799,220810,220822,220799,220816
220844,220861,220876,220888,220908,220853,220867,220881,220848,220858,220867,220867,220872,220888,220867,220876
220908,220925,220941,220950,220972,220917,220932,220944,220912,220922,220933,220933,220938,220949,220933,220942
220972,220989,221005,221016,221038,220982,220995,221009,220977,220987,220991,220991,221002,221015,220991,221008
221038,221054,221071,221081,221103,221048,221060,221074,221042,221052,221057,221057,221067,221079,221057,221073
221103,221119,221136,221146,221167,221112,221125,221139,221107,221117,221125,221125,221132,221144,221125,221139
221167,221183,221200,221210,221233,221176,221190,221203,221170,221180,221188,221188,221196,221208,221185,221188
221233,221248,221264,221275,221297,221241,221254,221268,221235,221245,221250,221250,221260,221273,221250,221266
221297,221313,221330,221341,221364,221307,221320,221334,221301,221311,221316,221316,221327,221339,221316,221332
221364,221380,221396,221407,221429,221373,221386,221400,221367,221377,221384,221384,221393,221405,221384,221399
221429,221444,221461,221471,221493,221438,221451,221464,221432,221442,221448,221448,221458,221470,221448,221463
221493,221509,221525,221535,221559,221502,221515,221528,221497,221506,221511,221511,221522,221534,221511,221527
221559,221575,221592,221603,221628,221569,221582,221596,221564,221573,221578,221578,221589,221601,221578,221594
221628,221644,221661,221672,221696,221638,221651,221665,221632,221643,221648,221648,221658,221670,221648,221665
221696,221714,221730,221741,221764,221707,221720,221734,221701,221712,221718,221718,221727,221739,221718,221733
221764,221781,221798,221808,221831,221774,221787,221801,221769,221779,221784,221784,221795,221807,221784,221800
221831,221848,221864,221875,221898,221841,221854,221868,221835,221845,221850,221850,221861,221873,221850,221867
221898,221914,221931,221941,221959,221907,221920,221934,221902,221912,221916,221916,221928,221940,221916,221933
221959,221980,221996,222008,222030,221973,221987,222000,221968,221978,221982,221982,221994,222005,221982,222000
222030,222047,222063,222074,222096,222040,222053,222067,222034,222045,222053,222053,222059,222072,222053,222066
222096,222112,222128,222139,222159,222105,222118,222132,222099,222110,222117,222117,222125,222137,222117,222130
222159,222175,222192,222202,222223,222168,222181,222195,222163,222172,222176,222176,222188,222200,222176,222194
222223,222239,222256,222266,222286,222232,222245,222259,222227,222237,222241,222241,222252,222264,222241,222258
222286,222304,222320,222331,222354,222297,222310,222324,222292,222302,222307,222307,222316,222329,222307,222322
222354,222370,222386,222396,222418,222363,222376,222389,222357,222367,222376,222376,222382,222394,222376,222388
222418,222434,222450,222460,222481,222427,222440,222453,222421,222431,222438,222438,222446,222459,222438,222452
222481,222498,222514,222523,222547,222490,222504,222517,222485,222495,222503,222503,222511,222522,222499,222503
222547,222563,222579,222590,222613,222556,222569,222583,222550,222560,222566,222566,222576,222588,222564,222566
222613,222630,222646,222656,222680,222623,222636,222649,222617,222627,222632,222632,222642,222654,222632,222648
222680,222696,222713,222724,222747,222689,222703,222717,222684,222694,222702,222702,222709,222723,222702,222717
222747,222764,222780,222790,222812,222756,222770,222784,222751,222761,222768,222768,222777,222789,222768,222783
222812,222828,222845,222856,222877,222821,222835,222849,222816,222826,222832,222832,222842,222854,222832,222848
222877,222892,222909,222920,222940,222886,222899,222913,222880,222890,222899,222899,222906,222919,222894,222899
222940,222957,222973,222984,223004,222950,222963,222977,222944,222954,222960,222960,222969,222982,222960,222976
223004,223020,223037,223048,223069,223013,223027,223041,223008,223018,223026,223026,223034,223046,223022,223026
223069,223085,223102,223112,223133,223078,223091,223105,223073,223083,223090,223090,223098,223110,223088,223090
223133,223149,223166,223177,223197,223142,223155,223169,223137,223147,223153,223153,223162,223174,223153,223168
223197,223212,223230,223240,223258,223206,223219,223232,223200,223210,223215,223215,223226,223237,223215,223231
223258,223274,223291,223301,223320,223267,223280,223294,223262,223272,223276,223276,223287,223299,223276,223293
223320,223336,223353,223363,223384,223330,223343,223356,223324,223334,223339,223339,223350,223361,223339,223355
223384,223399,223416,223426,223448,223393,223406,223419,223387,223397,223405,223405,223412,223424,223405,223417
223448,223464,223480,223491,223514,223457,223470,223484,223452,223461,223469,223469,223477,223489,223466,223469
223514,223530,223546,223556,223577,223523,223536,223549,223518,223528,223533,223533,223543,223554,223533,223548
223577,223598,223613,223624,223648,223591,223604,223617,223586,223595,223605,223605,223611,223622,223605,223616
223648,223665,223682,223692,223715,223658,223671,223685,223653,223663,223667,223667,223679,223691,223667,223684
223715,223735,223751,223762,223782,223729,223741,223755,223723,223733,223737,223737,223748,223761,223737,223754
223782,223808,223823,223835,223859,223801,223814,223828,223795,223805,223811,223811,223821,223834,223811,223827
223859,223880,223897,223908,223933,223873,223887,223901,223868,223878,223883,223883,223894,223906,223883,223900
223933,223951,223968,223979,224001,223944,223957,223972,223938,223948,223953,223953,223965,223977,223953,223970
224001,224018,224035,224046,224069,224011,224024,224039,224005,224015,224020,224020,224032,224044,224020,224038
224069,224085,224102,224114,224137,224078,224092,224106,224073,224082,224091,224091,224099,224112,224086,224091
224137,224153,224170,224181,224203,224146,224159,224174,224140,224150,224155,224155,224167,224179,224155,224173
224203,224219,224236,224246,224267,224212,224225,224240,224206,224217,224223,224223,224231,224245,224223,224240
224267,224282,224300,224311,224330,224275,224288,224303,224270,224280,224286,224286,224295,224308,224286,224302
224330,224346,224363,224374,224394,224340,224352,224367,224334,224344,224349,224349,224359,224373,224349,224365
224394,224410,224427,224436,224458,224403,224417,224430,224398,224408,224413,224413,224424,224435,224413,224430
224458,224474,224490,224500,224521,224467,224480,224494,224461,224472,224478,224478,224486,224500,224478,224493
224521,224537,224554,224563,224583,224530,224543,224556,224525,224535,224540,224540,224550,224561,224540,224556
224583,224599,224615,224624,224645,224592,224605,224618,224586,224597,224604,224604,224611,224623,224604,224617
224645,224661,224677,224686,224710,224654,224667,224680,224649,224659,224663,224663,224673,224685,224663,224679
224710,224727,224743,224753,224772,224720,224733,224746,224715,224725,224729,224729,224740,224752,224729,224745
224772,224798,224812,224824,224845,224791,224804,224817,224786,224796,224801,224801,224810,224824,224801,224815
224845,224873,224886,224898,224921,224865,224878,224892,224860,224870,224876,224876,224884,224897,224876,224891
224921,224947,224961,224973,224996,224940,224953,224966,224934,224944,224954,224954,224959,224972,224954,224964
224996,225021,225036,225047,225079,225014,225027,225041,225008,225018,225023,225023,225035,225046,225023,225040
225079,225096,225111,225122,225144,225089,225102,225115,225083,225093,225098,225098,225109,225121,225098,225114
225144,225171,225185,225198,225226,225164,225177,225191,225158,225168,225176,225176,225184,225196,225176,225189
225226,225243,225258,225271,225296,225236,225250,225264,225230,225241,225249,225249,225257,225270,225249,225264
225296,225312,225330,225341,225363,225305,225319,225333,225299,225309,225314,225314,225327,225339,225314,225332
225363,225380,225397,225408,225431,225373,225387,225401,225368,225378,225382,225382,225394,225407,225382,225400
225431,225449,225466,225478,225501,225442,225455,225470,225436,225446,225453,225453,225463,225475,225453,225469
225501,225517,225535,225546,225567,225510,225523,225538,225504,225515,225520,225520,225531,225544,225520,225538
225567,225583,225600,225612,225632,225576,225590,225605,225571,225581,225585,225585,225597,225610,225585,225604
225632,225649,225666,225677,225700,225642,225656,225670,225637,225647,225655,225655,225663,225675,225651,225655
225700,225718,225734,225745,225764,225710,225724,225738,225705,225715,225724,225724,225731,225744,225724,225737
225764,225788,225802,225816,225843,225780,225795,225808,225775,225785,225795,225795,225800,225814,225795,225805
225843,225860,225874,225887,225912,225853,225865,225880,225847,225857,225865,225865,225871,225886,225865,225875
225912,225928,225945,225954,225972,225922,225935,225949,225917,225926,225934,225934,225942,225954,225929,225934
225972,225997,226012,226021,226053,225991,226002,226015,225986,225995,225999,225999,226010,226018,225999,226014
226053,226069,226084,226092,226195,226062,226076,226133,226057,226066,226081,226090,226128,226137,226069,226086
226195,226209,226222,226233,226252,226203,226215,226227,226198,226207,226210,226210,226220,226229,226210,226224
226252,226278,226292,226305,226332,226271,226284,226298,226266,226275,226280,226280,226291,226304,226280,226299
226332,226348,226365,226377,226400,226341,226355,226369,226335,226345,226355,226355,226362,226376,226349,226355
226400,226417,226434,226444,226469,226410,226423,226437,226405,226415,226419,226419,226431,226443,226419,226436
226469,226486,226502,226513,226537,226479,226492,226506,226473,226484,226490,226490,226498,226512,226490,226505
226537,226554,226571,226582,226607,226547,226561,226574,226542,226552,226558,226558,226568,226580,226558,226573
226607,226624,226640,226650,226674,226617,226630,226643,226611,226621,226630,226630,226637,226648,226626,226630
226674,226691,226708,226719,226743,226684,226697,226712,226679,226689,226693,226693,226704,226717,226693,226711
226743,226760,226776,226786,226810,226753,226766,226780,226747,226757,226761,226761,226773,226785,226761,226779
226810,226829,226845,226856,226881,226822,226836,226849,226817,226827,226836,226836,226842,226854,226836,226848
226881,226898,226915,226926,226950,226891,226904,226919,226886,226896,226901,226901,226912,226924,226901,226918
226950,226966,226983,226994,227018,226959,226972,226986,226954,226964,226968,226968,226980,226992,226968,226985
227018,227035,227052,227063,227087,227029,227042,227055,227023,227033,227037,227037,227049,227060,227037,227054
227087,227106,227122,227134,227164,227100,227113,227127,227094,227104,227108,227108,227120,227132,227108,227125
227164,227182,227198,227209,227235,227175,227188,227202,227169,227179,227184,227184,227196,227207,227184,227201
227235,227257,227274,227285,227308,227251,227264,227278,227245,227255,227259,227259,227272,227283,227259,227277
227308,227331,227347,227359,227382,227324,227337,227352,227319,227329,227333,227333,227345,227358,227333,227352
227382,227405,227421,227434,227456,227399,227412,227426,227393,227403,227407,227407,227419,227432,227407,227425
227456,227481,227498,227510,227536,227475,227488,227503,227469,227479,227484,227484,227496,227508,227484,227502
227536,227559,227576,227588,227615,227552,227565,227580,227547,227557,227562,227562,227574,227586,227562,227579
227615,227633,227650,227661,227688,227626,227640,227654,227621,227631,227637,227637,227647,227659,227637,227653
227688,227707,227724,227736,227758,227700,227714,227729,227695,227705,227711,227711,227721,227735,227711,227727
227758,227782,227797,227811,227839,227775,227788,227803,227770,227780,227785,227785,227795,227809,227785,227800
227839,227855,227870,227880,227913,227848,227861,227874,227843,227852,227857,227857,227867,227879,227857,227872
227913,227927,227942,227952,227982,227920,227933,227944,227915,227924,227929,227929,227938,227950,227928,227929
227982,227997,228013,228020,228051,227991,228001,228015,227985,227994,227998,227998,228010,228019,227998,228014
228051,228068,228083,228092,228118,228060,228074,228085,228054,228065,228074,228074,228080,228091,228074,228084
228118,228136,228151,228158,228189,228129,228142,228154,228124,228133,228139,228139,228148,228158,228138,228139
228189,228206,228222,228229,228246,228199,228211,228223,228194,228203,228207,228207,228218,228228,228207,228223
228246,228277,228294,228305,228398,228273,228282,228297,228269,228277,228286,228286,228292,228302,228280,228286
228398,228434,228450,228460,228500,228430,228439,228454,228425,228433,228443,228443,228449,228458,228437,228443
228500,228513,228530,228540,228575,228507,228521,228533,228502,228510,228519,228519,228528,228538,228513,228519
228575,228592,228607,228618,228651,228585,228599,228612,228580,228589,228595,228595,228605,228618,228592,228595
228651,228668,228683,228694,228722,228661,228674,228687,228655,228666,228673,228673,228680,228693,228673,228684
228722,228740,228756,228766,228788,228732,228746,228760,228726,228738,228745,228745,228753,228766,228745,228760
228788,228808,228823,228836,228860,228801,228815,228829,228796,228806,228815,228815,228821,228835,228815,228826
228860,228878,228893,228905,228929,228870,228884,228898,228865,228875,228884,228884,228890,228904,228884,228899
228929,228946,228962,228973,228998,228939,228952,228966,228934,228944,228951,228951,228959,228971,228951,228965
228998,229014,229029,229040,229064,229007,229020,229033,229001,229012,229020,229020,229025,229039,229020,229030
229064,229080,229095,229106,229129,229073,229086,229100,229067,229079,229085,229085,229091,229106,229085,229099
229129,229146,229161,229171,229196,229139,229151,229165,229134,229143,229148,229148,229158,229171,229148,229164
229196,229212,229228,229238,229260,229206,229218,229231,229200,229210,229215,229215,229225,229237,229215,229230
229260,229282,229297,229308,229335,229276,229289,229302,229270,229280,229284,229284,229295,229309,229284,229300
229335,229359,229374,229384,229419,229352,229365,229378,229347,229357,229365,229365,229372,229383,229361,229365
229419,229436,229451,229461,229489,229429,229442,229454,229423,229433,229437,229437,229448,229461,229437,229453
229489,229512,229526,229537,229575,229505,229518,229531,229500,229510,229516,229516,229524,229537,229516,229530
229575,229590,229604,229615,229628,229583,229596,229608,229577,229587,229597,229597,229603,229612,229591,229597
229628,229669,229682,229698,229787,229663,229674,229689,229658,229667,229671,229671,229679,229689,229671,229683
229787,229821,229831,229849,229940,229842,229854,229847,229813,229821,229831,229831,229836,229847,229824,229831
229940,229974,229985,230005,230025,229969,229978,229991,229964,229973,229977,229977,229985,229993,229977,229989
230025,230050,230064,230080,230103,230043,230057,230068,230038,230047,230054,230054,230062,230068,230050,230054
230103,230120,230133,230146,230172,230113,230126,230139,230108,230120,230126,230126,230131,230139,230126,230134
230172,230189,230203,230217,230241,230182,230195,230209,230176,230187,230193,230193,230202,230215,230193,230208
230241,230256,230274,230283,230307,230249,230263,230277,230244,230254,230261,230261,230270,230282,230261,230278
230307,230325,230340,230350,230375,230317,230330,230344,230312,230323,230329,230329,230336,230349,230329,230343
230375,230391,230407,230417,230439,230384,230397,230410,230379,230389,230394,230394,230403,230416,230394,230409
230439,230458,230474,230484,230504,230451,230464,230477,230446,230456,230460,230460,230471,230483,230460,230476
230504,230528,230543,230555,230577,230522,230535,230547,230517,230526,230533,230533,230541,230555,230529,230533
230577,230604,230617,230627,230655,230597,230610,230622,230591,230601,230609,230609,230615,230627,230609,230620
230655,230681,230697,230706,230741,230675,230689,230699,230670,230678,230687,230687,230695,230704,230682,230687
230741,230757,230773,230782,230805,230751,230763,230776,230746,230755,230764,230764,230772,230780,230758,230764
230805,230837,230850,230855,230881,230830,230843,230854,230825,230834,230844,230844,230849,230859,230837,230844
230881,230917,230929,230941,230976,230908,230923,230935,230903,230913,230917,230917,230928,230943,230914,230917
230976,230993,231008,231019,231049,230985,230999,231013,230979,230993,230999,230999,231006,231018,230999,231013
231049,231067,231082,231095,231115,231061,231073,231088,231055,231066,231072,231072,231080,231093,231072,231087
231115,231138,231155,231168,231192,231132,231145,231160,231126,231136,231141,231141,231153,231166,231141,231160
231192,231209,231227,231238,231263,231203,231216,231231,231197,231207,231218,231218,231224,231236,231211,231218
231263,231279,231296,231308,231332,231272,231285,231300,231267,231277,231282,231282,231293,231306,231282,231299
231332,231348,231366,231376,231399,231342,231355,231369,231336,231346,231351,231351,231363,231373,231351,231368
231399,231415,231432,231443,231465,231409,231422,231436,231403,231413,231417,231417,231429,231442,231417,231435
231465,231481,231498,231508,231531,231475,231488,231502,231469,231479,231483,231483,231495,231507,231483,231501
231531,231547,231564,231574,231598,231541,231553,231568,231535,231545,231550,231550,231561,231573,231550,231567
231598,231615,231631,231642,231665,231608,231621,231634,231602,231613,231619,231619,231628,231639,231619,231633
231665,231682,231698,231708,231733,231675,231688,231701,231670,231680,231685,231685,231695,231707,231685,231700
231733,231749,231766,231776,231798,231743,231756,231769,231737,231747,231751,231751,231763,231775,231751,231767
231798,231821,231836,231847,231869,231814,231827,231841,231809,231819,231823,231823,231834,231846,231823,231840
231869,231895,231910,231922,231943,231889,231901,231915,231884,231893,231898,231898,231909,231921,231898,231915
231943,231969,231985,231997,232020,231963,231976,231990,231957,231967,231972,231972,231983,231995,231972,231989
232020,232042,232058,232070,232091,232035,232048,232062,232030,232039,232044,232044,232055,232068,232044,232061
232091,232115,232130,232144,232166,232108,232122,232137,232103,232113,232118,232118,232129,232143,232118,232135
232166,232190,232206,232218,232238,232183,232196,232211,232178,232188,232192,232192,232204,232216,232192,232210
232238,232263,232277,232291,232313,232256,232269,232284,232251,232261,232266,232266,232275,232290,232266,232286
232313,232334,232350,232363,232383,232327,232340,232355,232322,232332,232336,232336,232347,232362,232336,232352
232383,232405,232420,232428,232445,232399,232411,232427,232394,232403,232408,232408,232418,232431,232408,232425
232445,232474,232489,232494,232512,232468,232481,232493,232464,232472,232479,232479,232488,232497,232475,232479
232512,232541,232557,232566,232646,232628,,,232555,232564,,,232555,,232567,
232646,232675,232687,232701,232755,232670,232680,232694,232666,232674,232678,232678,232686,232699,232678,232694
232755,232769,232805,232812,232849,232763,232773,232779,232758,232767,232774,232797,232804,232811,232770,232794
232849,232881,232891,232907,232990,232901,232911,232893,232873,232880,232884,232884,232889,232893,232884,232891
232990,233018,233028,233039,233057,233039,,,233010,233018,233021,233021,233026,233029,233021,233028
233057,233090,233100,233110,233133,233085,233094,233109,233080,233088,233099,233099,233103,233113,233092,233099
233133,233162,233170,233185,233203,233157,233165,233179,233153,233160,233164,233164,233169,233183,233164,233171
233203,233237,233252,233266,233352,233305,,,233226,233236,233245,233245,233250,233259,233239,233245
233352,233384,233397,233410,233515,233449,233457,233453,233373,233382,233395,233412,233445,233453,233391,233399
233515,233528,233542,233556,233578,233521,233533,233546,233516,233525,233534,233534,233539,233556,233534,233542
233578,233601,233617,233626,233653,233594,233606,233620,233589,233598,233605,233605,233615,233625,233605,233620
233653,233669,233682,233694,233718,233662,233675,233689,233656,233667,233675,233675,233680,233694,233675,233689
233718,233736,233752,233762,233783,233729,233742,233756,233723,233733,233738,233738,233749,233761,233738,233755
233783,233801,233817,233828,233849,233794,233808,233821,233789,233799,233808,233808,233814,233826,233808,233819
233849,233867,233882,233892,233916,233860,233872,233885,233855,233864,233869,233869,233878,233892,233869,233883
233916,233934,233948,233959,233980,233927,233939,233953,233921,233931,233938,233938,233945,233959,233938,233949
233980,234002,234017,234028,234056,233995,234009,234021,233990,234000,234009,234009,234015,234026,234009,234020
234056,234072,234088,234098,234121,234065,234078,234091,234060,234069,234078,234078,234085,234097,234073,234078
234121,234147,234161,234173,234192,234140,234153,234167,234135,234144,234153,234153,234159,234173,234153,234163
234192,234224,234238,234250,234273,234217,234230,234244,234212,234221,234229,234229,234237,234250,234225,234229
234273,234303,234316,234329,234352,234296,234308,234323,234290,234300,234305,234305,234315,234328,234305,234323
234352,234378,234394,234405,234426,234372,234385,234399,234366,234376,234386,234386,234392,234404,234380,234386
234426,234452,234467,234479,234509,234445,234458,234472,234439,234450,234454,234454,234465,234478,234454,234472
234509,234525,234539,234552,234569,234518,234531,234545,234513,234522,234527,234527,234537,234550,234527,234543
234569,234593,234607,234610,234629,234588,234597,234609,234584,234592,234595,234595,234604,234614,234595,234610
234629,234660,234672,234688,234744,234682,234691,234675,234640,234648,234653,234661,234670,234675,234651,234658
234744,234762,234810,234785,234842,234822,,,234771,234778,,,234771,,234780,
234842,234867,234879,234890,234908,234890,,,234842,234849,234858,234867,234876,234883,234851,234864
234908,234933,234945,234963,235044,234958,234966,234961,234916,234923,234929,234936,234953,234961,234926,234932
235044,235075,235089,235093,235111,235070,235079,235081,235065,235073,235075,235075,235080,235081,235075,235080
235111,235145,235158,235164,235204,235139,235150,235162,235134,235142,235151,235151,235157,235170,235145,235151
235204,235217,235232,235250,235277,235211,235224,235241,235206,235215,235223,235223,235230,235245,235219,235223
235277,235294,235309,235318,235347,235287,235301,235314,235281,235292,235301,235301,235307,235318,235301,235313
235347,235365,235381,235391,235415,235358,235372,235385,235353,235362,235370,235370,235379,235391,235365,235370
235415,235439,235454,235465,235496,235432,235445,235459,235427,235436,235440,235440,235452,235464,235440,235458
235496,235512,235529,235541,235564,235506,235519,235533,235500,235510,235517,235517,235525,235539,235514,235517
235564,235588,235603,235615,235632,235582,235594,235608,235576,235586,235590,235590,235601,235614,235590,235608
235632,235662,235679,235691,235717,235656,235668,235684,235651,235660,235664,235664,235678,235688,235664,235684
235717,235733,235748,235761,235785,235727,235739,235755,235722,235731,235736,235736,235748,235760,235736,235754
235785,235802,235815,235829,235852,235795,235808,235823,235790,235799,235804,235804,235816,235828,235804,235823
235852,235869,235886,235896,235920,235863,235875,235890,235857,235867,235871,235871,235883,235895,235871,235889
235920,235936,235951,235965,235986,235929,235942,235958,235924,235933,235937,235937,235948,235963,235937,235951
235986,236003,236019,236030,236055,235996,236010,236023,235990,236001,236011,236011,236016,236029,236011,236020
236055,236071,236086,236097,236119,236063,236076,236090,236058,236069,236076,236076,236082,236095,236076,236090
236119,236137,236152,236162,236185,236129,236143,236155,236123,236136,236143,236143,236148,236161,236143,236154
236185,236201,236217,236227,236252,236194,236207,236220,236189,236198,236208,236208,236214,236226,236202,236208
236252,236269,236284,236294,236322,236262,236275,236287,236257,236266,236273,236273,236281,236291,236270,236273
236322,236338,236354,236364,236383,236332,236344,236358,236327,236336,236341,236341,236351,236364,236341,236357
236383,236411,236424,236438,236460,236404,236417,236432,236399,236409,236416,236416,236423,236438,236416,236427
236460,236484,236499,236510,236541,236478,236491,236504,236472,236482,236489,236489,236497,236509,236485,236489
236541,236558,236572,236585,236604,236551,236564,236577,236546,236555,236564,236564,236571,236583,236559,236564
236604,236633,236647,236660,236684,236626,236639,236653,236621,236631,236635,236635,236645,236659,236635,236651
236684,236710,236725,236737,236766,236703,236716,236730,236698,236708,236713,236713,236723,236735,236713,236731
236766,236784,236800,236812,236839,236777,236790,236805,236772,236781,236786,236786,236799,236810,236786,236805
236839,236855,236870,236883,236905,236848,236862,236876,236843,236853,236858,236858,236869,236882,236858,236875
236905,236927,236943,236955,236982,236920,236933,236948,236915,236924,236928,236928,236941,236953,236928,236947
236982,236998,237016,237026,237047,236991,237004,237019,236986,236995,236999,236999,237013,237024,236999,237019
237047,237069,237085,237097,237122,237063,237076,237090,237057,237067,237076,237076,237083,237095,237076,237089
237122,237138,237155,237165,237189,237131,237144,237159,237125,237135,237141,237141,237151,237164,237141,237159
237189,237204,237222,237232,237251,237198,237211,237225,237192,237202,237210,237210,237218,237231,237206,237210
237251,237271,237286,237297,237376,237265,237277,237290,237260,237269,237273,237273,237283,237296,237273,237288
237376,237409,237423,237438,237456,237403,237415,237427,237398,237407,237414,237414,237421,237431,237410,237414
237456,237478,237495,237500,237522,237473,237485,237499,237469,237477,237486,237486,237493,237504,237481,237486
237522,237552,237566,237581,237614,237546,237558,237573,237541,237550,237554,237554,237564,237581,237554,237569
237614,237628,237644,237655,237678,237621,237635,237649,237615,237625,237632,237632,237642,237654,237628,237632
237678,237705,237718,237730,237763,237697,237711,237723,237692,237702,237711,237711,237716,237730,237711,237723
237763,237783,237795,237808,237840,237776,237788,237802,237771,237781,237786,237786,237792,237808,237786,237795
237840,237857,237874,237884,237908,237850,237863,237878,237844,237855,237860,237860,237870,237884,237860,237876
237908,237929,237945,237957,237982,237922,237935,237950,237917,237927,237931,237931,237942,237957,237931,237948
237982,238001,238017,238029,238048,237995,238008,238022,237989,237999,238007,238007,238014,238029,238007,238022
238048,238073,238089,238102,238125,238066,238079,238095,238061,238071,238075,238075,238088,238100,238075,238095
238125,238144,238160,238172,238193,238137,238150,238165,238132,238142,238148,238148,238157,238170,238148,238165
238193,238212,238229,238239,238261,238205,238218,238233,238200,238210,238215,238215,238226,238238,238215,238233
238261,238278,238294,238305,238327,238271,238284,238298,238265,238275,238280,238280,238291,238303,238280,238296
238327,238343,238359,238369,238393,238336,238349,238363,238331,238341,238345,238345,238356,238368,238345,238361
238393,238410,238426,238436,238460,238403,238416,238429,238398,238407,238412,238412,238422,238435,238412,238428
238460,238478,238494,238504,238528,238471,238485,238497,238466,238476,238485,238485,238491,238503,238485,238496
238528,238551,238566,238578,238598,238544,238557,238571,238539,238549,238553,238553,238564,238576,238553,238570
238598,238627,238641,238653,238681,238620,238633,238646,238614,238624,238632,238632,238640,238651,238632,238645
238681,238699,238716,238725,238751,238692,238706,238719,238686,238696,238705,238705,238713,238724,238700,238705
238751,238770,238786,238798,238824,238763,238777,238791,238758,238768,238776,238776,238783,238796,238776,238789
238824,238841,238858,238869,238893,238834,238847,238862,238829,238839,238844,238844,238853,238867,238844,238862
238893,238911,238928,238939,238963,238905,238918,238932,238899,238909,238916,238916,238925,238937,238916,238932
238963,238980,238997,239008,239031,238973,238986,239001,238968,238978,238983,238983,238994,239006,238983,239001
239031,239048,239064,239075,239101,239041,239054,239068,239036,239046,239050,239050,239061,239074,239050,239067
239101,239117,239133,239144,239169,239110,239123,239137,239104,239114,239121,239121,239130,239142,239118,239121
239169,239185,239202,239213,239237,239179,239192,239206,239173,239183,239190,239190,239199,239212,239190,239205
239237,239254,239271,239282,239305,239247,239261,239274,239242,239252,239258,239258,239268,239280,239258,239274
239305,239321,239338,239348,239369,239314,239328,239341,239309,239319,239328,239328,239334,239346,239328,239340
239369,239386,239403,239413,239436,239379,239393,239407,239374,239384,239389,239389,239399,239412,239389,239405
239436,239452,239469,239480,239501,239446,239459,239473,239440,239450,239454,239454,239466,239479,239454,239472
239501,239521,239536,239547,239572,239514,239527,239540,239508,239518,239528,239528,239533,239546,239528,239538
239572,239592,239606,239618,239642,239584,239598,239611,239579,239589,239598,239598,239603,239618,239598,239607
239642,239664,239678,239687,239703,239657,239671,239682,239651,239661,239671,239671,239676,239687,239671,239680
239703,239735,239749,239759,239792,239728,239741,239753,239722,239732,239738,239738,239747,239758,239736,239738
239792,239809,239822,239833,239868,239801,239816,239827,239796,239806,239816,239816,239821,239834,239816,239825
239868,239885,239898,239912,239941,239877,239891,239904,239871,239884,239891,239891,239897,239912,239891,239902
239941,239959,239975,239985,240013,239952,239965,239979,239946,239957,239964,239964,239971,239984,239964,239978
240013,240031,240047,240058,240084,240023,240037,240051,240017,240028,240034,240034,240044,240057,240034,240051
240084,240101,240118,240129,240154,240094,240108,240122,240088,240099,240104,240104,240115,240127,240104,240120
240154,240171,240188,240199,240224,240164,240178,240192,240158,240169,240176,240176,240185,240197,240176,240191
240224,240241,240258,240269,240291,240233,240247,240261,240228,240238,240244,240244,240255,240267,240244,240260
240291,240307,240324,240335,240356,240300,240314,240328,240295,240305,240314,240314,240321,240333,240314,240327
240356,240372,240389,240399,240420,240365,240378,240392,240359,240370,240374,240374,240385,240398,240374,240391
240420,240436,240453,240463,240484,240429,240442,240456,240424,240434,240440,240440,240449,240461,240440,240456
240484,240500,240517,240527,240548,240493,240506,240520,240487,240498,240504,240504,240513,240525,240504,240519
240548,240564,240580,240591,240611,240557,240570,240584,240551,240562,240570,240570,240577,240589,240570,240582
240611,240627,240643,240653,240674,240620,240633,240647,240614,240625,240632,240632,240640,240652,240632,240645
240674,240690,240706,240717,240739,240683,240697,240710,240678,240688,240695,240695,240703,240715,240692,240695
240739,240756,240772,240782,240807,240749,240762,240775,240743,240753,240758,240758,240768,240780,240758,240774
240807,240823,240840,240850,240872,240816,240830,240843,240811,240821,240825,240825,240836,240848,240825,240842
240872,240894,240910,240921,240946,240887,240900,240914,240882,240892,240900,240900,240907,240919,240900,240913
240946,240963,240980,240991,241013,240957,240970,240984,240951,240961,240965,240965,240977,240989,240965,240983
241013,241035,241051,241064,241089,241029,241042,241056,241023,241033,241037,241037,241049,241062,241037,241054
241089,241109,241125,241137,241160,241101,241115,241129,241096,241106,241114,241114,241122,241134,241114,241128
241160,241182,241199,241211,241235,241175,241189,241204,241170,241180,241186,241186,241197,241209,241186,241202
241235,241252,241270,241282,241305,241246,241259,241274,241240,241250,241254,241254,241267,241279,241254,241273
241305,241322,241340,241351,241374,241315,241328,241344,241310,241320,241324,241324,241337,241349,241324,241343
241374,241390,241408,241419,241441,241383,241397,241411,241378,241388,241392,241392,241404,241416,241392,241410
241441,241457,241475,241485,241504,241450,241463,241478,241444,241455,241461,241461,241471,241483,241461,241477
241504,241521,241538,241548,241567,241514,241527,241541,241508,241519,241524,241524,241534,241547,241524,241540
241567,241582,241599,241610,241628,241575,241589,241602,241569,241580,241588,241588,241595,241608,241588,241600
241628,241644,241659,241671,241690,241637,241650,241664,241631,241641,241650,241650,241656,241671,241650,241660
241690,241706,241722,241732,241751,241698,241712,241725,241692,241703,241712,241712,241718,241732,241712,241723
241751,241768,241782,241792,241813,241760,241774,241787,241754,241766,241773,241773,241779,241792,241773,241783
241813,241830,241845,241854,241877,241822,241836,241849,241816,241828,241836,241836,241842,241855,241836,241847
241877,241894,241908,241917,241944,241886,241900,241912,241880,241891,241899,241899,241905,241917,241899,241910
241944,241962,241976,241986,242017,241954,241967,241980,241948,241959,241966,241966,241973,241986,241966,241978
242017,242035,242050,242060,242092,242027,242041,242053,242022,242032,242039,242039,242047,242059,242039,242052
242092,242109,242125,242134,242164,242102,242116,242128,242096,242107,242116,242116,242122,242133,242116,242127
242164,242183,242199,242209,242240,242176,242190,242202,242170,242181,242186,242186,242196,242207,242186,242201
242240,242257,242273,242284,242309,242250,242264,242277,242245,242255,242259,242259,242270,242283,242259,242276
242309,242332,242347,242360,242387,242325,242338,242352,242319,242329,242334,242334,242345,242358,242334,242351
242387,242406,242423,242434,242459,242399,242412,242427,242393,242403,242408,242408,242420,242432,242408,242426
242459,242476,242494,242505,242528,242469,242483,242498,242464,242474,242479,242479,242491,242503,242479,242497
242528,242544,242561,242573,242595,242537,242551,242566,242532,242542,242546,242546,242558,242571,242546,242565
242595,242612,242629,242640,242662,242605,242618,242633,242599,242609,242614,242614,242626,242638,242614,242631
242662,242678,242696,242707,242728,242671,242685,242699,242666,242676,242681,242681,242692,242704,242681,242698
242728,242744,242761,242772,242791,242737,242750,242765,242731,242742,242748,242748,242758,242769,242748,242764
242791,242806,242824,242834,242853,242799,242813,242827,242794,242804,242810,242810,242820,242832,242810,242826
242853,242869,242886,242896,242916,242862,242875,242889,242856,242866,242875,242875,242882,242894,242870,242875
242916,242931,242948,242959,242980,242925,242938,242951,242919,242929,242934,242934,242945,242957,242934,242950
242980,242996,243012,243023,243044,242989,243002,243016,242983,242994,243000,243000,243009,243021,243000,243015
243044,243060,243076,243087,243108,243053,243066,243080,243048,243058,243064,243064,243073,243085,243064,243078
243108,243124,243140,243150,243173,243117,243130,243144,243111,243121,243126,243126,243136,243149,243126,243143
243173,243189,243206,243216,243236,243182,243196,243209,243177,243186,243194,243194,243202,243215,243190,243194
243236,243257,243272,243283,243308,243250,243264,243276,243245,243255,243263,243263,243270,243282,243263,243275
243308,243324,243339,243350,243372,243316,243330,243343,243311,243321,243329,243329,243335,243349,243329,243341
243372,243389,243404,243415,243441,243382,243395,243408,243377,243387,243395,243395,243401,243414,243395,243406
243441,243458,243473,243484,243509,243450,243464,243477,243444,243455,243462,243462,243470,243482,243462,243476
243509,243524,243542,243551,243574,243517,243531,243545,243511,243522,243528,243528,243538,243550,243528,243544
243574,243591,243607,243619,243640,243583,243597,243612,243578,243588,243595,243595,243604,243617,243595,243610
243640,243656,243673,243683,243705,243648,243662,243677,243643,243653,243660,243660,243669,243682,243660,243675
243705,243721,243738,243750,243770,243714,243727,243742,243708,243719,243724,243724,243735,243747,243724,243740
243770,243787,243805,243815,243835,243779,243793,243808,243774,243785,243790,243790,243802,243813,243790,243807
243835,243852,243869,243881,243901,243844,243858,243873,243839,243849,243855,243855,243866,243878,243855,243872
243901,243917,243935,243947,243967,243910,243924,243939,243905,243915,243920,243920,243931,243944,243920,243938
243967,243983,244001,244013,244033,243976,243990,244005,243971,243981,243988,243988,243997,244011,243988,244004
244033,244048,244066,244078,244097,244041,244055,244071,244036,244046,244053,244053,244062,244076,244053,244069
244097,244113,244130,244142,244161,244106,244119,244134,244100,244110,244117,244117,244126,244140,244117,244132
244161,244176,244194,244205,244223,244169,244183,244197,244164,244174,244181,244181,244190,244203,244181,244196
244223,244238,244256,244266,244284,244232,244245,244259,244226,244236,244240,244240,244252,244264,244240,244257
244284,244299,244316,244326,244344,244292,244306,244319,244287,244297,244303,244303,244312,244324,244303,244318
244344,244360,244376,244386,244405,244353,244366,244379,244347,244357,244362,244362,244373,244384,244362,244378
244405,244421,244437,244447,244468,244414,244428,244440,244409,244419,244423,244423,244434,244445,244423,244439
244468,244485,244500,244509,244533,244478,244491,244503,244472,244482,244487,244487,244497,244508,244487,244502
244533,244551,244567,244576,244598,244545,244558,244570,244539,244549,244554,244554,244564,244575,244554,244569
244598,244625,244639,244650,244691,244618,244632,244644,244613,244623,244630,244630,244637,244649,244627,244630
244691,244708,244723,244733,244777,244701,244714,244726,244695,244705,244713,244713,244720,244732,244713,244725
244777,244793,244808,244818,244853,244786,244799,244812,244780,244790,244797,244797,244805,244818,244795,244797
244853,244880,244893,244906,244947,244872,244886,244899,244867,244878,244886,244886,244891,244906,244886,244895
244947,244964,244979,244988,245019,244956,244970,244983,244951,244961,244970,244970,244976,244989,244970,244980
245019,245043,245058,245070,245091,245036,245049,245063,245030,245040,245045,245045,245056,245069,245045,245061
245091,245119,245133,245146,245174,245112,245125,245139,245106,245116,245123,245123,245132,245145,245123,245139
245174,245192,245209,245220,245247,245185,245198,245213,245180,245190,245195,245195,245206,245218,245195,245212
245247,245264,245279,245292,245318,245257,245271,245285,245252,245262,245266,245266,245278,245290,245266,245284
245318,245335,245352,245363,245388,245328,245341,245356,245322,245332,245338,245338,245348,245362,245338,245356
245388,245405,245420,245432,245458,245398,245411,245426,245392,245402,245408,245408,245416,245431,245408,245420
245458,245474,245489,245500,245525,245467,245480,245493,245462,245472,245479,245479,245486,245501,245477,245479
245525,245543,245559,245563,245580,245537,245548,245562,245532,245541,245545,245545,245555,245568,245545,245561
245580,245611,245624,245638,245658,245605,245617,245632,245600,245610,245615,245615,245624,245638,245615,245633
245658,245682,245698,245711,245733,245674,245689,245704,245669,245679,245689,245689,245696,245709,245689,245704
245733,245749,245763,245776,245797,245741,245755,245769,245736,245747,245753,245753,245762,245775,245753,245769
245797,245813,245828,245840,245860,245806,245820,245833,245800,245811,245819,245819,245827,245838,245819,245832
245860,245876,245892,245902,245923,245869,245883,245896,245863,245874,245882,245882,245888,245901,245882,245894
245923,245939,245955,245965,245985,245932,245945,245959,245926,245937,245942,245942,245952,245964,245942,245957
245985,246002,246018,246027,246049,245994,246008,246021,245989,245999,246006,246006,246014,246026,246006,246020
246049,246066,246081,246092,246118,246059,246072,246086,246053,246063,246072,246072,246078,246091,246072,246082
246118,246134,246149,246159,246179,246126,246140,246152,246121,246131,246141,246141,246146,246157,246141,246150
246179,246205,246219,246229,246265,246198,246211,246223,246192,246202,246207,246207,246217,246229,246207,246222
246265,246280,246296,246307,246331,246273,246286,246299,246268,246278,246285,246285,246292,246307,246282,246285
246331,246358,246373,246384,246418,246351,246364,246378,246346,246355,246360,246360,246371,246384,246360,246376
246418,246436,246452,246462,246484,246429,246442,246456,246423,246433,246442,246442,246449,246462,246437,246442
246484,246511,246526,246538,246561,246504,246517,246532,246499,246509,246513,246513,246525,246537,246513,246531
246561,246585,246600,246612,246639,246578,246591,246605,246572,246582,246587,246587,246598,246610,246587,246604
246639,246657,246674,246685,246708,246650,246663,246678,246645,246655,246659,246659,246671,246683,246659,246678
246708,246728,246745,246756,246779,246721,246734,246749,246716,246726,246731,246731,246742,246754,246731,246749
246779,246797,246814,246825,246849,246790,246803,246818,246784,246795,246800,246800,246811,246823,246800,246817
246849,246865,246883,246893,246915,246858,246871,246886,246853,246863,246869,246869,246879,246891,246869,246886
246915,246932,246948,246960,246983,246925,246938,246953,246920,246930,246937,246937,246945,246958,246937,246952
246983,246999,247017,247028,247050,246992,247005,247020,246987,246996,247005,247005,247013,247024,247000,247005
247050,247064,247081,247092,247113,247058,247071,247085,247052,247062,247071,247071,247076,247090,247071,247085
247113,247129,247146,247158,247178,247123,247135,247150,247117,247127,247132,247132,247143,247155,247132,247148
247178,247194,247210,247221,247242,247187,247200,247214,247182,247192,247199,247199,247206,247219,247199,247213
247242,247257,247274,247284,247303,247250,247263,247277,247245,247255,247260,247260,247270,247282,247260,247276
247303,247319,247335,247344,247366,247312,247326,247338,247307,247317,247324,247324,247332,247343,247324,247337
247366,247381,247398,247407,247429,247375,247387,247400,247369,247379,247385,247385,247394,247405,247385,247399
247429,247445,247461,247470,247495,247438,247451,247464,247433,247443,247448,247448,247457,247469,247448,247463
247495,247512,247528,247537,247565,247505,247518,247531,247500,247510,247515,247515,247525,247536,247515,247530
247565,247581,247597,247607,247628,247575,247588,247600,247569,247579,247587,247587,247594,247606,247582,247587
247628,247655,247669,247678,247718,247648,247661,247673,247643,247652,247660,247660,247667,247677,247656,247660
247718,247733,247748,247757,247798,247726,247739,247751,247721,247730,247736,247736,247745,247755,247734,247736
247798,247813,247829,247838,247880,247807,247819,247832,247801,247811,247818,247818,247826,247837,247814,247818
247880,247897,247912,247920,247959,247889,247903,247915,247884,247894,247903,247903,247909,247920,247903,247914
247959,247977,247993,248004,248036,247970,247984,247998,247965,247975,247979,247979,247991,248003,247979,247997
248036,248054,248069,248081,248109,248047,248060,248074,248041,248051,248059,248059,248066,248080,248059,248072
248109,248127,248143,248154,248177,248120,248133,248148,248114,248125,248130,248130,248140,248153,248130,248147
248177,248197,248212,248223,248247,248189,248203,248217,248184,248194,248201,248201,248209,248222,248201,248217
248247,248264,248281,248291,248314,248257,248270,248284,248252,248262,248267,248267,248277,248289,248267,248283
248314,248331,248347,248358,248381,248324,248337,248351,248319,248329,248335,248335,248343,248357,248335,248350
248381,248398,248413,248425,248448,248391,248404,248418,248386,248396,248401,248401,248410,248424,248401,248415
248448,248466,248482,248492,248516,248459,248472,248485,248453,248463,248472,248472,248478,248490,248472,248484
248516,248533,248548,248560,248584,248526,248539,248552,248521,248531,248539,248539,248545,248558,248539,248550
248584,248600,248617,248628,248652,248594,248606,248621,248589,248598,248603,248603,248614,248626,248603,248619
248652,248668,248685,248695,248717,248661,248674,248688,248656,248666,248670,248670,248681,248693,248670,248687
248717,248736,248751,248762,248785,248729,248741,248755,248723,248733,248738,248738,248748,248761,248738,248753
248785,248804,248819,248829,248852,248797,248810,248823,248792,248802,248806,248806,248816,248829,248806,248822
248852,248873,248888,248899,248920,248866,248879,248892,248861,248870,248879,248879,248885,248897,248879,248890
248920,248943,248958,248970,248989,248936,248949,248963,248931,248940,248946,248946,248956,248968,248946,248962
248989,249013,249028,249040,249065,249006,249019,249033,249001,249011,249017,249017,249026,249039,249017,249032
249065,249082,249096,249109,249134,249075,249088,249102,249070,249080,249085,249085,249095,249108,249085,249100
249134,249151,249167,249178,249204,249144,249157,249171,249139,249149,249154,249154,249164,249176,249154,249170
249204,249221,249237,249248,249273,249214,249227,249241,249208,249218,249223,249223,249234,249246,249223,249239
249273,249290,249307,249319,249342,249283,249296,249311,249278,249288,249292,249292,249304,249317,249292,249310
249342,249358,249375,249387,249411,249352,249365,249380,249346,249356,249362,249362,249372,249385,249362,249380
249411,249427,249445,249456,249479,249421,249434,249449,249415,249425,249430,249430,249442,249454,249430,249448
249479,249496,249513,249523,249546,249489,249502,249517,249483,249494,249498,249498,249510,249522,249498,249516
249546,249563,249579,249590,249612,249556,249569,249583,249550,249560,249567,249567,249576,249588,249567,249582
249612,249628,249645,249656,249678,249622,249635,249649,249616,249626,249632,249632,249641,249654,249632,249647
249678,249694,249711,249722,249744,249688,249701,249714,249682,249692,249698,249698,249708,249720,249698,249713
249744,249761,249778,249788,249811,249754,249767,249781,249748,249759,249763,249763,249774,249786,249763,249780
249811,249828,249844,249855,249878,249821,249834,249848,249815,249825,249832,249832,249841,249853,249832,249847
249878,249894,249911,249922,249945,249887,249901,249915,249882,249892,249897,249897,249908,249920,249897,249913
249945,249961,249978,249988,250011,249954,249967,249981,249949,249959,249964,249964,249975,249986,249964,249981
250011,250028,250044,250055,250077,250021,250034,250048,250015,250026,250031,250031,250041,250054,250031,250047
250077,250094,250110,250121,250143,250087,250100,250114,250081,250091,250096,250096,250107,250119,250096,250113
250143,250159,250176,250186,250207,250152,250165,250179,250146,250157,250162,250162,250172,250184,250162,250178
250207,250224,250240,250251,250273,250217,250230,250244,250211,250222,250229,250229,250237,250249,250229,250242
250273,250289,250306,250316,250338,250282,250295,250309,250276,250286,250292,250292,250302,250314,250292,250308
250338,250354,250370,250381,250402,250347,250361,250374,250341,250352,250360,250360,250367,250379,250360,250372
250402,250419,250435,250447,250467,250412,250426,250439,250406,250417,250425,250425,250432,250445,250425,250437
250467,250483,250500,250510,250531,250476,250489,250503,250470,250481,250487,250487,250496,250508,250487,250502
250531,250547,250564,250574,250595,250540,250554,250567,250534,250545,250553,250553,250560,250573,250553,250566
250595,250612,250628,250639,250661,250605,250619,250632,250599,250610,250617,250617,250625,250637,250617,250631
250661,250678,250694,250705,250726,250670,250684,250698,250665,250675,250683,250683,250691,250703,250683,250696
250726,250742,250759,250769,250788,250735,250749,250762,250729,250740,250748,250748,250755,250768,250748,250760
250788,250805,250821,250832,250850,250797,250811,250825,250791,250802,250810,250810,250817,250831,250810,250823
250850,250867,250883,250893,250913,250859,250873,250886,250854,250864,250869,250869,250880,250891,250869,250885
250913,250929,250946,250957,250977,250922,250936,250950,250917,250927,250932,250932,250942,250956,250932,250948
250977,250993,251009,251020,251040,250986,251000,251013,250980,250990,251000,251000,251006,251019,251000,251011
251040,251057,251073,251084,251104,251049,251063,251077,251043,251054,251063,251063,251070,251082,251063,251075
251104,251121,251137,251148,251167,251113,251127,251141,251107,251118,251127,251127,251133,251146,251127,251139
251167,251183,251200,251211,251229,251176,251190,251204,251170,251181,251187,251187,251196,251209,251187,251202
251229,251245,251262,251272,251290,251238,251251,251265,251232,251243,251250,251250,251258,251271,251250,251264
251290,251305,251322,251332,251350,251298,251311,251325,251292,251303,251309,251309,251318,251330,251309,251323
251350,251366,251382,251393,251411,251359,251372,251385,251353,251363,251370,251370,251378,251391,251370,251384
251411,251427,251443,251454,251473,251420,251433,251447,251414,251425,251434,251434,251440,251452,251434,251445
251473,251489,251505,251516,251536,251482,251495,251509,251476,251487,251494,251494,251502,251514,251494,251507
251536,251552,251569,251579,251598,251545,251558,251572,251539,251550,251556,251556,251565,251577,251556,251571
251598,251614,251631,251642,251659,251607,251620,251634,251601,251612,251619,251619,251627,251640,251619,251632
251659,251674,251691,251702,251720,251668,251681,251695,251662,251672,251677,251677,251688,251700,251677,251693
251720,251735,251752,251762,251780,251728,251741,251755,251722,251733,251740,251740,251748,251760,251740,251753
251780,251795,251812,251822,251841,251789,251802,251815,251783,251793,251801,251801,251808,251820,251801,251813
251841,251856,251873,251883,251901,251849,251862,251876,251843,251854,251861,251861,251869,251881,251861,251874
251901,251916,251932,251943,251961,251909,251922,251935,251903,251914,251919,251919,251928,251941,251919,251934
251961,251977,251993,252004,252023,251970,251983,251996,251964,251975,251983,251983,251989,252002,251983,251995
252023,252039,252056,252066,252087,252033,252046,252059,252027,252037,252043,252043,252052,252064,252043,252058
252087,252103,252120,252130,252152,252096,252110,252123,252091,252101,252109,252109,252116,252128,252109,252122
252152,252169,252185,252197,252219,252162,252175,252189,252156,252167,252171,252171,252182,252194,252171,252188
252219,252236,252252,252263,252285,252229,252242,252256,252223,252233,252241,252241,252249,252261,252241,252255
252285,252301,252318,252329,252352,252294,252307,252322,252289,252299,252304,252304,252315,252327,252304,252321
252352,252367,252383,252392,252412,252361,252372,252385,252355,252365,252369,252369,252379,252391,252369,252385
252412,252433,252450,252464,252485,252426,252440,252456,252421,252431,252436,252436,252448,252461,252436,252454
252485,252501,252518,252528,252550,252494,252507,252521,252488,252498,252504,252504,252514,252526,252504,252519
252550,252567,252583,252593,252616,252559,252573,252587,252554,252564,252569,252569,252580,252592,252569,252585
252616,252633,252649,252662,252683,252626,252639,252653,252620,252631,252637,252637,252645,252659,252637,252651
252683,252699,252715,252722,252748,252692,252706,252717,252686,252696,252706,252706,252711,252721,252706,252716
252748,252763,252780,252791,252805,252757,252770,252783,252751,252760,252767,252767,252776,252789,252764,252767
252805,252829,252843,252856,252873,252823,252835,252849,252818,252827,252832,252832,252841,252856,252831,252832
252873,252897,252913,252924,252950,252891,252903,252917,252886,252895,252904,252904,252911,252921,252898,252904
252950,252966,252983,252994,253023,252960,252972,252987,252955,252964,252968,252968,252980,252992,252968,252986
253023,253038,253055,253066,253097,253031,253043,253058,253025,253035,253046,253046,253053,253063,253039,253046
253097,253113,253130,253139,253173,253105,253119,253133,253100,253109,253113,253113,253127,253139,253113,253133
253173,253190,253206,253215,253249,253181,253197,253209,253175,253186,253194,253194,253204,253214,253190,253194
253249,253268,253284,253291,253331,253259,253275,253288,253253,253264,253268,253268,253281,253293,253268,253287
253331,253350,253367,253375,253411,253341,253357,253370,253335,253346,253355,253355,253364,253375,253349,253355
253411,253430,253448,253455,253493,253422,253438,253451,253416,253426,253436,253436,253445,253456,253430,253436
253493,253511,253529,253537,253569,253503,253519,253535,253497,253507,253519,253519,253527,253540,253511,253519
253569,253588,253606,253613,253644,253579,253596,253611,253573,253584,253595,253595,253604,253616,253588,253595
253644,253662,253680,253686,253721,253654,253670,253685,253648,253658,253662,253662,253677,253690,253662,253684
253721,253739,253758,253764,253803,253730,253748,253763,253724,253735,253747,253747,253756,253770,253739,253747
253803,253823,253841,253846,253891,253813,253831,253845,253807,253818,253830,253830,253839,253849,253822,253830
253891,253910,253929,253935,253975,253900,253918,253934,253894,253905,253909,253909,253926,253939,253909,253933
253975,253995,254014,254019,254058,253985,254005,254018,253979,253989,254001,254001,254012,254023,253994,254001
254058,254078,254097,254103,254139,254068,254088,254102,254061,254072,254083,254083,254095,254106,254076,254083
254139,254159,254177,254183,254217,254149,254168,254182,254142,254154,254165,254165,254175,254187,254158,254165
254217,254236,254254,254261,254292,254227,254245,254260,254221,254231,254241,254241,254252,254266,254235,254241
254292,254310,254330,254336,254366,254302,254319,254335,254295,254306,254317,254317,254327,254340,254310,254317
254366,254385,254404,254411,254442,254376,254395,254410,254370,254380,254391,254391,254402,254415,254384,254391
254442,254461,254481,254488,254525,254452,254471,254486,254446,254457,254469,254469,254479,254490,254461,254469
254525,254544,254563,254570,254605,254535,254553,254569,254529,254540,254552,254552,254561,254574,254544,254552
254605,254624,254642,254650,254684,254615,254633,254649,254609,254619,254631,254631,254640,254656,254624,254631
254684,254704,254723,254730,254766,254695,254714,254729,254688,254699,254711,254711,254721,254734,254703,254711
254766,254785,254805,254815,254848,254776,254795,254811,254770,254781,254794,254794,254803,254816,254785,254794
254848,254867,254886,254897,254927,254858,254877,254892,254853,254863,254873,254873,254884,254898,254867,254873
254927,254946,254965,254975,255008,254938,254955,254971,254931,254942,254953,254953,254963,254977,254946,254953
255008,255028,255048,255059,255095,255019,255037,255054,255013,255024,255036,255036,255046,255059,255028,255036
255095,255115,255135,255146,255185,255106,255125,255141,255100,255111,255123,255123,255133,255146,255115,255123
255185,255205,255225,255237,255270,255197,255214,255231,255191,255202,255214,255214,255223,255236,255206,255214
255270,255289,255309,255321,255355,255281,255298,255315,255274,255285,255297,255297,255307,255321,255290,255297
255355,255376,255397,255408,255446,255367,255385,255402,255361,255372,255386,255386,255395,255408,255376,255386
255446,255475,255496,255509,255545,255467,255484,255502,255461,255472,255485,255485,255495,255507,255476,255485
255545,255565,255586,255598,255633,255557,255574,255592,255551,255562,255576,255576,255584,255597,255566,255576
255633,255654,255675,255687,255730,255645,255664,255681,255639,255650,255662,255662,255673,255686,255654,255662
255730,255759,255779,255793,255829,255750,255768,255786,255744,255755,255769,255769,255778,255791,255759,255769
255829,255856,255876,255890,255927,255847,255865,255882,255841,255852,255866,255866,255875,255888,255856,255866
255927,255948,255968,255978,256019,255938,255958,255974,255932,255943,255956,255956,255967,255979,255947,255956
256019,256041,256060,256069,256108,256030,256051,256065,256024,256036,256048,256048,256058,256070,256040,256048
256108,256127,256147,256157,256196,256118,256137,256151,256112,256122,256133,256133,256145,256157,256126,256133
256196,256216,256236,256247,256298,256206,256227,256240,256200,256210,256223,256223,256234,256246,256214,256223
256298,256319,256338,256349,256397,256309,256328,256343,256302,256313,256325,256325,256336,256350,256318,256325
256397,256418,256436,256445,256490,256407,256428,256441,256400,256412,256422,256422,256434,256446,256416,256422
256490,256513,256531,256537,256597,256501,256521,256536,256494,256507,256520,256520,256529,256543,256517,256520
256597,256620,256639,256649,256698,256610,256630,256644,256603,256614,256625,256625,256638,256650,256618,256625
256698,256729,256748,256760,256805,256720,256739,256755,256713,256725,256736,256736,256747,256761,256729,256736
256805,256828,256848,256859,256903,256819,256837,256853,256812,256824,256836,256836,256846,256858,256828,256836
256903,256928,256947,256960,257002,256919,256936,256954,256913,256924,256937,256937,256946,256960,256929,256937
257002,257032,257051,257065,257104,257023,257040,257058,257017,257028,257041,257041,257050,257064,257033,257041
257104,257126,257147,257159,257193,257118,257136,257153,257112,257123,257135,257135,257146,257159,257127,257135
257193,257224,257244,257257,257291,257216,257233,257251,257210,257221,257234,257234,257244,257257,257225,257234
257291,257328,257349,257361,257395,257320,257337,257354,257314,257325,257339,257339,257348,257359,257330,257339
257395,257423,257443,257456,257488,257415,257432,257449,257409,257420,257433,257433,257442,257454,257424,257433
257488,257518,257538,257550,257591,257509,257526,257543,257504,257514,257527,257527,257537,257549,257519,257527
257591,257626,257646,257659,257697,257618,257633,257653,257612,257623,257638,257638,257646,257658,257628,257638
257697,257730,257749,257761,257804,257721,257740,257755,257715,257726,257737,257737,257748,257761,257730,257737
257804,257826,257844,257855,257906,257816,257835,257851,257810,257821,257832,257832,257843,257857,257825,257832
257906,257928,257947,257957,258021,257918,257937,257952,257912,257923,257936,257936,257945,257958,257928,257936
258021,258043,258063,258072,258132,258033,258053,258067,258026,258038,258050,258050,258061,258073,258042,258050
258132,258153,258173,258184,258228,258144,258162,258178,258138,258149,258162,258162,258171,258186,258154,258162
258228,258254,258274,258286,258336,258245,258264,258280,258239,258250,258261,258261,258273,258286,258254,258261
258336,258358,258378,258390,258437,258349,258367,258385,258343,258354,258367,258367,258377,258391,258358,258367
258437,258468,258488,258500,258541,258459,258477,258494,258453,258464,258477,258477,258487,258500,258469,258477
258541,258576,258595,258609,258648,258568,258584,258602,258562,258573,258587,258587,258595,258608,258578,258587
258648,258676,258696,258709,258749,258668,258684,258702,258662,258673,258686,258686,258695,258708,258677,258686
258749,258780,258800,258812,258851,258771,258788,258806,258765,258776,258789,258789,258799,258812,258780,258789
258851,258891,258912,258923,258961,258882,258898,258917,258876,258887,258901,258901,258910,258923,258892,258901
258961,258999,259019,259031,259072,258990,259007,259025,258985,258995,259009,259009,259018,259030,258999,259009
259072,259102,259123,259135,259176,259094,259111,259129,259088,259099,259113,259113,259122,259134,259103,259113
259176,259211,259231,259244,259282,259202,259219,259237,259196,259207,259220,259220,259230,259243,259211,259220
259282,259323,259345,259357,259392,259315,259331,259350,259309,259320,259334,259334,259343,259356,259324,259334
259392,259430,259451,259464,259498,259422,259438,259457,259416,259427,259441,259441,259450,259463,259431,259441
259498,259532,259551,259565,259600,259523,259539,259558,259517,259528,259543,259543,259551,259564,259533,259543
259600,259636,259656,259669,259708,259627,259644,259663,259621,259632,259646,259646,259656,259669,259637,259646
259708,259741,259761,259774,259812,259732,259749,259767,259726,259737,259750,259750,259760,259773,259742,259750
259812,259844,259863,259877,259916,259836,259852,259870,259830,259841,259853,259853,259863,259876,259845,259853
259916,259945,259966,259979,260018,259937,259953,259972,259931,259941,259955,259955,259965,259978,259946,259955
260018,260047,260067,260080,260116,260038,260055,260074,260032,260043,260057,260057,260067,260079,260048,260057
260116,260147,260167,260180,260215,260139,260155,260173,260133,260144,260157,260157,260166,260178,260148,260157
260215,260242,260263,260275,260314,260234,260251,260269,260228,260239,260252,260252,260262,260274,260243,260252
260314,260344,260364,260374,260427,260335,260353,260370,260328,260340,260354,260354,260363,260375,260345,260354
260427,260449,260467,260475,260526,260438,260458,260473,260432,260443,260455,260455,260465,260480,260448,260455
260526,260548,260567,260575,260632,260537,260559,260571,260531,260542,260555,260555,260565,260575,260546,260555
260632,260654,260672,260680,260740,260642,260664,260677,260636,260647,260661,260661,260671,260685,260654,260661
260740,260763,260780,260787,260840,260751,260772,260784,260744,260756,260766,260766,260778,260793,260760,260766
260840,260862,260881,260887,260938,260852,260871,260886,260845,260857,260870,260870,260879,260890,260862,260870
260938,260960,260979,260989,261030,260950,260969,260985,260943,260955,260968,260968,260978,260991,260959,260968
261030,261058,261077,261089,261133,261049,261067,261084,261043,261054,261067,261067,261076,261091,261058,261067
261133,261154,261174,261184,261232,261145,261164,261180,261139,261150,261162,261162,261172,261185,261154,261162
261232,261254,261274,261284,261335,261245,261264,261280,261239,261250,261262,261262,261272,261285,261254,261262
261335,261365,261385,261395,261443,261356,261374,261390,261350,261361,261374,261374,261384,261395,261365,261374
261443,261474,261494,261505,261554,261465,261484,261501,261459,261470,261483,261483,261493,261507,261475,261483
261554,261583,261603,261615,261655,261575,261591,261609,261569,261579,261593,261593,261602,261615,261584,261593
261655,261685,261705,261717,261766,261676,261693,261711,261670,261681,261696,261696,261704,261717,261686,261696
261766,261787,261807,261819,261866,261778,261795,261813,261772,261784,261796,261796,261806,261819,261788,261796
261866,261893,261913,261926,261968,261885,261901,261919,261879,261890,261903,261903,261912,261925,261894,261903
261968,261998,262019,262031,262073,261990,262006,262025,261984,261995,262009,262009,262018,262031,261999,262009
262073,262102,262122,262135,262176,262094,262110,262129,262088,262099,262112,262112,262121,262134,262104,262112
262176,262211,262231,262243,262286,262203,262218,262237,262197,262208,262221,262221,262230,262243,262212,262221
262286,262316,262337,262349,262390,262308,262324,262343,262302,262313,262327,262327,262336,262349,262318,262327
262390,262420,262441,262453,262494,262412,262427,262447,262406,262417,262431,262431,262440,262452,262422,262431
262494,262523,262543,262556,262601,262515,262532,262549,262509,262519,262532,262532,262542,262555,262524,262532
262601,262621,262642,262652,262695,262612,262631,262647,262606,262617,262628,262628,262641,262652,262621,262628
262695,262724,262745,262754,262810,262715,262734,262750,262708,262719,262733,262733,262743,262755,262724,262733
262810,262832,262852,262862,262909,262823,262841,262857,262817,262828,262841,262841,262851,262862,262833,262841
262909,262930,262949,262959,263004,262921,262939,262954,262914,262925,262939,262939,262947,262960,262930,262939
263004,263025,263045,263054,263105,263015,263037,263050,263009,263020,263033,263033,263044,263055,263025,263033
263105,263127,263147,263154,263212,263117,263138,263151,263111,263122,263135,263135,263145,263158,263128,263135
263212,263233,263253,263262,263311,263223,263243,263257,263217,263228,263240,263240,263251,263263,263233,263240
263311,263334,263355,263364,263418,263325,263344,263360,263319,263330,263343,263343,263353,263365,263334,263343
263418,263439,263459,263469,263515,263430,263448,263464,263424,263435,263448,263448,263458,263469,263439,263448
263515,263546,263566,263578,263621,263537,263555,263572,263531,263542,263555,263555,263565,263578,263547,263555
263621,263653,263672,263685,263723,263644,263662,263679,263639,263649,263661,263661,263671,263685,263653,263661
263723,263750,263770,263782,263826,263742,263758,263776,263736,263747,263761,263761,263769,263782,263751,263761
263826,263848,263869,263880,263929,263839,263855,263875,263833,263844,263858,263858,263868,263880,263849,263858
263929,263952,263972,263983,264032,263943,263960,263978,263937,263948,263961,263961,263970,263984,263952,263961
264032,264054,264073,264085,264132,264045,264063,264079,264039,264050,264061,264061,264072,264085,264054,264061
264132,264155,264175,264185,264244,264145,264165,264180,264139,264150,264163,264163,264174,264186,264155,264163
264244,264266,264287,264296,264346,264257,264276,264292,264251,264262,264275,264275,264286,264297,264266,264275
264346,264375,264394,264405,264454,264365,264384,264399,264359,264370,264383,264383,264393,264408,264374,264383
264454,264476,264496,264506,264551,264467,264486,264502,264461,264472,264485,264485,264495,264507,264476,264485
264551,264581,264601,264612,264666,264571,264591,264607,264565,264576,264588,264588,264600,264612,264581,264588
264666,264689,264709,264721,264761,264680,264699,264715,264674,264685,264698,264698,264708,264720,264689,264698
264761,264790,264809,264822,264861,264781,264799,264816,264775,264786,264799,264799,264808,264823,264790,264799
264861,264889,264909,264921,264964,264880,264898,264915,264874,264885,264898,264898,264908,264921,264889,264898
264964,264990,265010,265022,265060,264982,264998,265016,264976,264986,264999,264999,265009,265023,264991,264999
265060,265087,265107,265119,265156,265078,265094,265113,265072,265083,265099,265099,265106,265118,265088,265099
265156,265185,265205,265217,265266,265176,265193,265211,265170,265181,265197,265197,265204,265217,265186,265197
265266,265288,265309,265320,265365,265279,265296,265314,265273,265284,265300,265300,265307,265319,265288,265300
265365,265388,265409,265420,265468,265379,265397,265414,265373,265384,265398,265398,265407,265420,265388,265398
265468,265490,265510,265520,265565,265480,265500,265515,265474,265485,265497,265497,265508,265521,265489,265497
265565,265593,265613,265624,265668,265583,265602,265619,265577,265588,265603,265603,265612,265624,265593,265603
265668,265690,265709,265720,265761,265680,265699,265715,265674,265685,265696,265696,265707,265720,265689,265696
265761,265782,265802,265808,265858,265772,265792,265807,265765,265777,265789,265789,265800,265811,265781,265789
265858,265881,265900,265906,265962,265870,265890,265905,265864,265875,265881,265881,265898,265911,265881,265904
265962,265986,266004,266013,266062,265975,265995,266010,265969,265980,265991,265991,266002,266015,265985,265991
266062,266084,266104,266112,266160,266074,266095,266108,266068,266079,266092,266092,266102,266113,266084,266092
266160,266182,266202,266211,266261,266172,266193,266208,266166,266177,266190,266190,266200,266214,266182,266190
266261,266283,266303,266314,266360,266274,266293,266309,266267,266279,266291,266291,266301,266314,266283,266291
266360,266384,266403,266414,266461,266374,266393,266409,266368,266379,266391,266391,266401,266415,266384,266391
266461,266483,266504,266514,266559,266473,266493,266509,266467,266478,266492,266492,266502,266516,266483,266492
266559,266587,266607,266619,266660,266578,266597,266613,266572,266583,266595,266595,266606,266619,266587,266595
266660,266687,266707,266719,266762,266679,266696,266713,266673,266683,266696,266696,266706,266719,266688,266696
266762,266785,266807,266818,266861,266777,266794,266812,266771,266782,266795,266795,266805,266819,266786,266795
266861,266889,266909,266922,266962,266880,266898,266916,266874,266885,266899,266899,266908,266922,266890,266899
266962,266990,267010,267023,267061,266982,266998,267016,266976,266987,267000,267000,267009,267022,266991,267000
267061,267088,267109,267121,267160,267079,267096,267115,267073,267084,267098,267098,267107,267120,267089,267098
267160,267189,267209,267222,267261,267181,267197,267215,267175,267186,267199,267199,267208,267221,267190,267199
267261,267285,267306,267318,267354,267276,267292,267311,267270,267281,267295,267295,267305,267317,267286,267295
267354,267381,267402,267413,267456,267372,267388,267408,267366,267377,267391,267391,267401,267414,267382,267391
267456,267482,267501,267511,267556,267472,267493,267507,267466,267477,267489,267489,267500,267512,267481,267489
267556,267578,267597,267607,267649,267568,267588,267602,267562,267573,267584,267584,267595,267607,267577,267584
267649,267670,267690,267697,267746,267661,267681,267694,267654,267665,267678,267678,267688,267699,267669,267678
267746,267768,267787,267794,267841,267758,267779,267792,267751,267763,267775,267775,267785,267799,267767,267775
267841,267870,267891,267900,267954,267861,267882,267894,267855,267865,267877,267881,267889,267899,267869,267881
267954,267971,267992,268003,268060,267963,267977,267995,267958,267967,267980,267982,267990,268000,267971,267982
268060,268080,268101,268110,268174,268070,268090,268105,268064,268074,268088,268088,268099,268110,268078,268088
268174,268194,268213,268223,268278,268184,268206,268218,268177,268188,268199,268202,268211,268226,268192,268202
268278,268301,268319,268325,268384,268289,268310,268323,268283,268294,268305,268305,268317,268328,268299,268305
268384,268406,268426,268435,268480,268396,268416,268431,268389,268401,268413,268413,268424,268437,268406,268413
268480,268509,268528,268539,268586,268500,268519,268534,268493,268504,268516,268516,268527,268540,268509,268516
268586,268607,268628,268637,268681,268597,268616,268633,268591,268602,268617,268617,268626,268638,268608,268617
268681,268707,268728,268739,268783,268698,268716,268733,268692,268703,268717,268717,268727,268738,268708,268717
268783,268811,268831,268843,268885,268803,268820,268837,268797,268808,268820,268820,268830,268843,268812,268820
268885,268907,268928,268939,268979,268899,268914,268933,268893,268903,268917,268917,268926,268940,268908,268917
268979,269007,269028,269039,269079,268998,269015,269033,268992,269003,269017,269017,269027,269039,269007,269017
269079,269113,269132,269144,269189,269103,269121,269139,269097,269108,269124,269124,269131,269146,269113,269124
269189,269211,269230,269239,269289,269201,269222,269235,269194,269206,269217,269217,269228,269240,269210,269217
269289,269311,269330,269336,269393,269300,269321,269335,269293,269305,269318,269318,269328,269341,269309,269318
269393,269415,269434,269442,269492,269404,269424,269439,269398,269409,269413,269413,269433,269444,269413,269438
269492,269513,269533,269541,269588,269503,269523,269538,269496,269508,269520,269520,269531,269543,269513,269520
269588,269610,269630,269639,269689,269599,269620,269636,269593,269605,269617,269617,269628,269641,269609,269617
269689,269711,269731,269740,269789,269701,269721,269736,269695,269706,269719,269719,269729,269743,269711,269719
269789,269810,269830,269840,269886,269801,269820,269836,269795,269806,269817,269817,269828,269841,269810,269817
269886,269907,269927,269936,269988,269898,269916,269933,269891,269903,269915,269915,269925,269939,269907,269915
269988,270009,270029,270040,270088,270000,270020,270035,269994,270005,270016,270016,270028,270040,270009,270016
270088,270109,270128,270139,270184,270100,270118,270134,270094,270105,270116,270116,270127,270140,270109,270116
270184,270205,270225,270234,270283,270195,270215,270230,270189,270200,270212,270212,270223,270236,270204,270212
270283,270305,270325,270335,270384,270295,270315,270330,270289,270300,270313,270313,270323,270336,270305,270313
270384,270407,270427,270437,270483,270397,270415,270432,270391,270402,270406,270406,270425,270438,270406,270430
270483,270504,270524,270534,270581,270495,270515,270530,270488,270499,270511,270511,270523,270536,270503,270511
270581,270603,270623,270634,270679,270593,270612,270629,270587,270598,270612,270612,270622,270636,270603,270612
270679,270700,270720,270732,270772,270691,270709,270726,270685,270696,270708,270708,270719,270732,270700,270708
270772,270793,270813,270824,270868,270784,270803,270819,270777,270789,270800,270800,270811,270825,270793,270800
270868,270890,270910,270921,270966,270881,270900,270916,270874,270885,270898,270898,270908,270922,270890,270898
270966,270987,271006,271019,271062,270978,270997,271013,270972,270983,270994,270994,271005,271020,270987,270994
271062,271083,271104,271112,271157,271073,271092,271108,271066,271078,271095,271095,271102,271113,271082,271095
271157,271180,271200,271207,271259,271170,271191,271206,271164,271175,271188,271188,271198,271214,271181,271188
271259,271281,271300,271310,271357,271271,271291,271305,271265,271276,271288,271288,271298,271312,271280,271288
271357,271378,271397,271406,271455,271368,271387,271403,271361,271373,271386,271386,271395,271409,271378,271386
271455,271477,271497,271508,271555,271467,271487,271503,271461,271472,271485,271485,271496,271508,271477,271485
271555,271576,271596,271607,271649,271567,271585,271602,271561,271572,271585,271585,271595,271608,271577,271585
271649,271670,271691,271701,271745,271661,271680,271696,271655,271666,271678,271678,271689,271705,271670,271678
271745,271767,271788,271799,271840,271758,271777,271793,271752,271763,271775,271775,271786,271799,271767,271775
271840,271861,271881,271893,271931,271852,271870,271887,271846,271857,271872,271872,271880,271892,271861,271872
271931,271953,271974,271985,272028,271945,271962,271980,271939,271950,271963,271963,271973,271986,271954,271963
272028,272050,272071,272083,272120,272042,272060,272077,272035,272046,272059,272059,272070,272082,272051,272059
272120,272151,272171,272183,272225,272142,272159,272177,272136,272147,272160,272160,272170,272183,272151,272160
272225,272247,272268,272280,272317,272238,272256,272274,272232,272243,272257,272257,272267,272280,272248,272257
272317,272346,272367,272380,272419,272337,272354,272373,272331,272342,272357,272357,272366,272379,272347,272357
272419,272446,272467,272479,272521,272438,272455,272473,272432,272443,272455,272455,272466,272478,272447,272455
272521,272543,272564,272576,272622,272534,272552,272570,272528,272539,272553,272553,272563,272576,272544,272553
272622,272644,272665,272677,272717,272635,272653,272671,272629,272640,272654,272654,272664,272677,272645,272654
272717,272742,272763,272774,272817,272733,272750,272768,272727,272738,272752,272752,272761,272775,272743,272752
272817,272839,272860,272872,272915,272830,272848,272866,272824,272835,272848,272848,272858,272872,272839,272848
272915,272937,272958,272969,273009,272929,272944,272963,272923,272933,272947,272947,272956,272968,272938,272947
273009,273033,273054,273066,273102,273025,273041,273059,273019,273030,273045,273045,273052,273065,273034,273045
273102,273136,273155,273168,273211,273127,273143,273161,273121,273132,273146,273146,273154,273167,273137,273146
273211,273239,273258,273271,273315,273230,273246,273265,273224,273235,273248,273248,273257,273270,273240,273248
273315,273346,273365,273378,273421,273337,273353,273372,273331,273342,273357,273357,273365,273378,273347,273357
273421,273450,273470,273483,273520,273442,273458,273477,273436,273447,273452,273452,273469,273482,273452,273475
273520,273549,273568,273581,273617,273541,273557,273575,273535,273546,273558,273558,273567,273581,273550,273558
273617,273646,273666,273678,273718,273638,273653,273672,273632,273642,273656,273656,273665,273678,273647,273656
273718,273748,273768,273779,273825,273739,273757,273774,273734,273744,273757,273757,273767,273779,273749,273757
273825,273848,273867,273876,273928,273837,273857,273872,273831,273842,273853,273853,273865,273877,273846,273853
273928,273949,273968,273976,274027,273938,273958,273972,273932,273943,273954,273954,273966,273977,273947,273954
274027,274048,274067,274077,274125,274038,274059,274071,274031,274043,274055,274055,274065,274078,274047,274055
274125,274147,274166,274172,274225,274136,274158,274169,274129,274140,274153,274153,274164,274173,274145,274153
274225,274246,274266,274275,274324,274236,274258,274270,274230,274240,274253,274255,274264,274274,274244,274255
274324,274342,274364,274373,274426,274334,274347,274367,274328,274338,274350,274354,274362,274372,274342,274354
274426,274444,274467,274477,274532,274436,274449,274471,274431,274441,274451,274456,274465,274476,274445,274456
274532,274551,274571,274581,274629,274542,274563,274576,274535,274546,274556,274560,274569,274581,274550,274560
274629,274651,274669,274677,274731,274639,274663,274674,274633,274643,274655,274657,274668,274678,274648,274657
274731,274753,274771,274778,274833,274742,274762,274775,274736,274746,274757,274757,274769,274781,274750,274757
274833,274854,274874,274883,274936,274844,274864,274878,274838,274849,274861,274861,274872,274883,274853,274861
274936,274957,274977,274984,275042,274947,274967,274981,274940,274952,274965,274965,274975,274985,274957,274965
275042,275064,275084,275092,275143,275054,275075,275088,275047,275059,275071,275071,275082,275093,275063,275071
275143,275165,275184,275195,275244,275155,275175,275190,275149,275160,275172,275172,275183,275196,275164,275172
275244,275265,275285,275295,275345,275255,275276,275290,275249,275260,275272,275272,275283,275295,275264,275272
275345,275365,275386,275396,275438,275356,275374,275391,275350,275361,275375,275375,275384,275396,275366,275375
275438,275458,275478,275489,275531,275450,275467,275483,275443,275454,275468,275468,275477,275488,275458,275468
275531,275552,275572,275579,275630,275542,275563,275577,275536,275547,275560,275560,275570,275582,275552,275560
275630,275652,275672,275678,275732,275641,275660,275675,275635,275646,275650,275650,275670,275680,275650,275675
275732,275752,275771,275779,275834,275743,275761,275775,275737,275747,275756,275756,275769,275780,275750,275756
275834,275855,275873,275881,275941,275844,275865,275877,275838,275848,275862,275862,275872,275887,275852,275862
275941,275962,275982,275989,276048,275951,275974,275986,275945,275956,275969,275969,275980,275993,275960,275969
276048,276069,276088,276096,276156,276059,276080,276092,276053,276064,276076,276076,276087,276097,276068,276076
276156,276177,276197,276205,276262,276167,276189,276201,276160,276172,276185,276185,276195,276207,276177,276185
276262,276284,276304,276313,276364,276274,276294,276309,276268,276279,276291,276291,276302,276314,276283,276291
276364,276385,276406,276416,276463,276376,276394,276410,276370,276381,276395,276395,276404,276417,276385,276395
276463,276484,276505,276516,276565,276475,276495,276511,276469,276480,276492,276492,276504,276517,276484,276492
276565,276586,276606,276618,276665,276577,276596,276612,276571,276581,276593,276593,276604,276618,276585,276593
276665,276686,276706,276716,276760,276677,276695,276711,276670,276681,276694,276694,276704,276716,276685,276694
276760,276782,276803,276812,276863,276772,276792,276807,276766,276776,276787,276787,276801,276811,276780,276787
276863,276884,276905,276913,276962,276874,276893,276909,276868,276879,276893,276893,276903,276914,276884,276893
276962,276983,277003,277013,277059,276974,276991,277008,276968,276978,276994,276994,277002,277013,276983,276994
277059,277080,277102,277112,277156,277071,277090,277107,277065,277076,277089,277089,277100,277111,277080,277089
277156,277183,277203,277215,277262,277174,277191,277210,277168,277179,277194,277194,277202,277216,277184,277194
277262,277291,277311,277324,277365,277282,277298,277317,277275,277287,277301,277301,277310,277324,277292,277301
277365,277392,277413,277425,277470,277384,277401,277419,277378,277389,277402,277402,277411,277425,277394,277402
277470,277492,277513,277526,277565,277483,277501,277520,277477,277488,277502,277502,277512,277527,277493,277502
277565,277596,277617,277630,277671,277588,277604,277623,277582,277593,277608,277608,277616,277630,277597,277608
277671,277693,277714,277726,277768,277685,277702,277720,277679,277690,277703,277703,277713,277725,277694,277703
277768,277791,277813,277824,277865,277783,277800,277818,277776,277787,277802,277802,277811,277823,277792,277802
277865,277892,277912,277925,277970,277883,277901,277919,277877,277888,277900,277900,277911,277925,277892,277900
277970,277990,278011,278022,278067,277981,278001,278016,277975,277986,277998,277998,278009,278024,277990,277998
278067,278088,278110,278120,278170,278079,278099,278115,278073,278084,278097,278097,278108,278120,278088,278097
278170,278192,278213,278224,278271,278183,278202,278218,278176,278187,278200,278200,278211,278223,278192,278200
278271,278297,278317,278329,278373,278288,278306,278322,278282,278293,278306,278306,278316,278328,278297,278306
278373,278397,278418,278429,278472,278388,278406,278424,278382,278393,278408,278408,278417,278429,278399,278408
278472,278502,278523,278536,278577,278494,278512,278530,278488,278499,278512,278512,278522,278535,278503,278512
278577,278605,278626,278639,278680,278597,278613,278632,278591,278601,278615,278615,278625,278638,278606,278615
278680,278702,278723,278736,278774,278693,278711,278729,278687,278698,278711,278711,278721,278735,278703,278711
278774,278801,278822,278835,278877,278792,278810,278828,278786,278797,278811,278811,278821,278834,278802,278811
278877,278897,278918,278930,278967,278889,278907,278923,278883,278893,278907,278907,278916,278930,278898,278907
278967,278988,279009,279020,279064,278979,278998,279014,278973,278983,278996,278996,279007,279020,278987,278996
279064,279086,279106,279117,279166,279077,279095,279112,279071,279081,279095,279095,279105,279117,279086,279095
279166,279188,279207,279217,279266,279178,279197,279212,279172,279183,279195,279195,279205,279218,279187,279195
279266,279287,279307,279316,279372,279277,279298,279311,279270,279281,279295,279295,279305,279316,279286,279295
279372,279392,279413,279423,279480,279383,279404,279417,279377,279387,279400,279400,279411,279422,279392,279400
279480,279501,279520,279530,279584,279492,279511,279525,279485,279497,279508,279508,279519,279531,279501,279508
279584,279606,279626,279636,279688,279596,279616,279632,279590,279601,279613,279613,279625,279639,279605,279613
279688,279715,279736,279746,279792,279705,279723,279740,279699,279710,279725,279725,279734,279745,279716,279725
279792,279818,279839,279851,279896,279810,279828,279845,279803,279814,279828,279828,279837,279850,279819,279828
279896,279917,279939,279951,279994,279908,279926,279945,279902,279913,279928,279928,279937,279951,279918,279928
279994,280020,280041,280054,280095,280011,280029,280047,280005,280016,280030,280030,280040,280054,280021,280030
280095,280121,280141,280154,280194,280112,280130,280147,280106,280117,280130,280130,280140,280153,280122,280130
280194,280217,280238,280250,280293,280208,280225,280244,280202,280213,280226,280226,280236,280249,280218,280226
280293,280319,280340,280352,280389,280311,280326,280346,280305,280315,280329,280329,280339,280352,280320,280329
280389,280417,280437,280450,280484,280409,280424,280443,280403,280414,280426,280426,280436,280448,280418,280426
280484,280512,280533,280545,280583,280503,280520,280539,280497,280508,280522,280522,280532,280544,280513,280522
280583,280614,280636,280648,280691,280606,280623,280642,280600,280611,280625,280625,280635,280647,280615,280625
280691,280721,280741,280753,280801,280712,280731,280747,280706,280717,280731,280731,280740,280753,280721,280731
280801,280821,280841,280852,280896,280812,280831,280846,280805,280816,280830,280830,280840,280854,280821,280830
280896,280917,280938,280948,280998,280907,280929,280942,280901,280912,280926,280926,280936,280950,280918,280926
280998,281019,281039,281048,281101,281008,281029,281043,281002,281013,281026,281026,281037,281048,281017,281026
281101,281122,281140,281150,281198,281111,281131,281145,281104,281116,281126,281126,281138,281158,281121,281126
281198,281219,281238,281248,281294,281209,281229,281244,281202,281214,281226,281226,281236,281250,281219,281226
281294,281316,281338,281348,281392,281307,281327,281342,281301,281312,281326,281326,281336,281348,281317,281326
281392,281420,281441,281454,281497,281412,281430,281447,281406,281416,281430,281430,281440,281453,281421,281430
281497,281522,281543,281555,281602,281513,281530,281548,281507,281518,281532,281532,281541,281553,281523,281532
281602,281625,281646,281659,281700,281616,281633,281652,281610,281621,281635,281635,281645,281658,281626,281635
281700,281731,281752,281765,281801,281723,281739,281758,281717,281728,281742,281742,281751,281764,281732,281742
281801,281832,281853,281866,281914,281824,281839,281859,281818,281829,281843,281843,281852,281864,281833,281843
281914,281939,281960,281972,282011,281930,281946,281966,281924,281935,281950,281950,281959,281971,281940,281950
282011,282043,282063,282076,282117,282034,282049,282069,282029,282039,282053,282053,282062,282075,282044,282053
282117,282139,282160,282172,282207,282131,282146,282166,282125,282136,282149,282149,282158,282173,282140,282149
282207,282237,282257,282270,282308,282229,282244,282263,282223,282234,282247,282247,282256,282270,282238,282247
282308,282336,282356,282368,282413,282328,282344,282362,282322,282333,282346,282346,282355,282368,282337,282346
282413,282434,282455,282465,282520,282426,282444,282460,282419,282430,282442,282442,282453,282466,282435,282442
282520,282542,282562,282572,282618,282532,282551,282567,282526,282537,282551,282551,282561,282573,282542,282551
282618,282653,282673,282684,282730,282644,282663,282678,282638,282649,282661,282661,282672,282684,282653,282661
282730,282762,282781,282793,282835,282753,282770,282787,282747,282758,282771,282771,282780,282793,282762,282771
282835,282869,282891,282903,282947,282861,282878,282897,282855,282865,282880,282880,282890,282902,282870,282880
282947,282982,283002,283016,283053,282973,282990,283009,282967,282978,282992,282992,283001,283015,282982,282992
283053,283084,283105,283119,283156,283076,283092,283112,283070,283081,283095,283095,283104,283117,283086,283095
283156,283188,283209,283223,283259,283180,283195,283215,283174,283185,283199,283199,283209,283221,283190,283199
283259,283290,283310,283324,283364,283282,283297,283317,283276,283287,283300,283300,283310,283322,283291,283300
283364,283387,283408,283421,283458,283379,283394,283414,283373,283383,283397,283397,283407,283419,283388,283397
283458,283488,283509,283522,283554,283480,283496,283515,283475,283485,283498,283498,283509,283521,283489,283498
283554,283595,283616,283628,283665,283587,283602,283621,283581,283592,283606,283606,283614,283626,283596,283606
283665,283699,283719,283733,283768,283691,283706,283726,283685,283696,283709,283709,283719,283732,283700,283709
283768,283807,283829,283841,283883,283799,283815,283834,283793,283804,283818,283818,283827,283840,283808,283818
283883,283912,283934,283946,284000,283904,283920,283940,283898,283909,283922,283922,283933,283945,283913,283922
284000,284021,284043,284055,284101,284012,284029,284048,284006,284017,284031,284031,284041,284054,284021,284031
284101,284128,284149,284162,284207,284120,284138,284155,284114,284125,284138,284138,284148,284161,284129,284138
284207,284229,284250,284262,284304,284220,284237,284256,284214,284224,284239,284239,284249,284263,284229,284239
284304,284332,284353,284366,284404,284323,284340,284359,284317,284328,284343,284343,284352,284365,284333,284343
284404,284431,284452,284465,284504,284423,284440,284458,284417,284428,284442,284442,284451,284464,284432,284442
284504,284527,284549,284561,284605,284519,284535,284554,284513,284523,284538,284538,284547,284560,284528,284538
284605,284626,284648,284660,284701,284618,284635,284654,284612,284622,284637,284637,284646,284661,284627,284637
284701,284727,284748,284760,284800,284718,284736,284753,284712,284723,284737,284737,284746,284760,284728,284737
284800,284821,284842,284854,284898,284812,284829,284847,284806,284817,284831,284831,284841,284853,284821,284831
284898,284920,284941,284953,284998,284911,284930,284947,284904,284916,284929,284929,284939,284954,284920,284929
284998,285024,285045,285058,285102,285015,285034,285051,285009,285020,285033,285033,285043,285058,285025,285033
285102,285130,285151,285164,285207,285122,285139,285156,285116,285127,285139,285139,285149,285163,285131,285139
285207,285227,285249,285262,285306,285218,285237,285254,285212,285223,285236,285236,285247,285260,285227,285236
285306,285327,285349,285360,285411,285318,285337,285354,285312,285322,285337,285337,285347,285359,285327,285337
285411,285432,285452,285463,285515,285422,285444,285458,285416,285427,285439,285439,285451,285465,285431,285439
285515,285535,285556,285566,285610,285525,285545,285560,285519,285529,285540,285540,285554,285565,285532,285540
285610,285630,285650,285660,285700,285620,285639,285654,285614,285625,285638,285638,285648,285659,285629,285638
285700,285721,285740,285749,285786,285710,285731,285745,285704,285716,285728,285728,285738,285752,285721,285728
285786,285807,285827,285836,285874,285798,285817,285832,285791,285803,285815,285815,285825,285838,285807,285815
285874,285895,285916,285925,285970,285886,285905,285922,285879,285890,285905,285905,285914,285928,285895,285905
285970,285992,286013,286023,286073,285983,286002,286018,285976,285987,286000,286000,286011,286024,285992,286000
286073,286101,286121,286130,286190,286091,286111,286126,286085,286096,286109,286109,286119,286131,286101,286109
286190,286210,286230,286242,286294,286200,286218,286235,286194,286205,286218,286218,286228,286242,286209,286218
286294,286313,286334,286344,286390,286304,286321,286338,286298,286308,286323,286323,286332,286342,286312,286323
286390,286410,286430,286441,286482,286400,286420,286434,286394,286405,286419,286419,286428,286442,286411,286419
286482,286502,286522,286532,286568,286492,286513,286527,286486,286497,286510,286510,286521,286533,286501,286510
286568,286589,286609,286621,286656,286579,286598,286615,286573,286584,286599,286599,286608,286623,286589,286599
286656,286677,286698,286709,286746,286668,286686,286703,286662,286672,286685,286685,286696,286711,286676,286685
286746,286773,286793,286804,286848,286763,286783,286799,286757,286768,286781,286781,286792,286804,286772,286781
286848,286876,286896,286907,286949,286867,286886,286902,286861,286872,286884,286884,286894,286908,286876,286884
286949,286978,286997,287010,287056,286969,286988,287004,286963,286974,286985,286985,286996,287009,286978,286985
287056,287077,287098,287109,287153,287068,287086,287103,287062,287073,287085,287085,287096,287108,287077,287085
287153,287175,287196,287207,287252,287166,287184,287200,287160,287171,287184,287184,287194,287206,287175,287184
287252,287273,287294,287306,287342,287264,287281,287299,287258,287269,287283,287283,287292,287305,287274,287283
287342,287363,287384,287396,287436,287355,287371,287390,287348,287359,287373,287373,287382,287396,287364,287373
287436,287458,287478,287489,287533,287448,287466,287483,287442,287453,287467,287467,287476,287489,287458,287467
287533,287559,287581,287591,287641,287550,287566,287585,287545,287554,287570,287570,287579,287590,287558,287570
287641,287658,287683,287693,287746,287651,287663,287686,287646,287656,287667,287674,287681,287691,287660,287670
287746,287762,287784,287797,287842,287755,287767,287789,287750,287760,287772,287775,287782,287795,287764,287775
287842,287859,287883,287894,287933,287852,287864,287886,287846,287856,287870,287876,287881,287891,287861,287873
287933,287950,287973,287984,288021,287943,287955,287977,287937,287947,287958,287963,287971,287982,287951,287960
288021,288038,288060,288070,288107,288030,288043,288064,288025,288034,288047,288049,288058,288070,288038,288049
288107,288125,288148,288156,288200,288116,288135,288151,288110,288120,288132,288132,288146,288156,288124,288132
288200,288220,288241,288249,288302,288210,288232,288245,288204,288215,288229,288229,288239,288250,288219,288229
288302,288323,288344,288354,288407,288313,288334,288349,288307,288318,288330,288330,288342,288354,288322,288330
288407,288428,288449,288460,288508,288418,288438,288454,288412,288423,288437,288437,288447,288460,288427,288437
288508,288529,288550,288562,288605,288520,288539,288555,288514,288525,288538,288538,288549,288560,288530,288538
288605,288625,288646,288657,288695,288616,288635,288651,288610,288621,288634,288634,288644,288657,288625,288634
288695,288716,288736,288749,288784,288707,288726,288742,288701,288711,288723,288723,288735,288748,288715,288723
288784,288804,288825,288837,288874,288795,288814,288831,288789,288800,288813,288813,288824,288836,288804,288813
288874,288894,288916,288928,288969,288885,288905,288921,288879,288890,288903,288903,288914,288927,288894,288903
288969,288989,289011,289023,289061,288980,288999,289017,288974,288985,288999,288999,289009,289022,288990,288999
289061,289090,289111,289125,289168,289081,289099,289118,289076,289086,289100,289100,289110,289124,289091,289100
289168,289190,289212,289225,289267,289182,289198,289218,289175,289187,289200,289200,289210,289224,289191,289200
289267,289288,289310,289324,289362,289280,289296,289316,289274,289285,289299,289299,289309,289322,289290,289299
289362,289382,289403,289417,289451,289374,289390,289410,289367,289379,289393,289393,289402,289416,289383,289393
289451,289471,289492,289506,289539,289463,289479,289498,289457,289467,289481,289481,289490,289504,289472,289481
289539,289558,289579,289592,289624,289550,289566,289585,289544,289554,289568,289568,289577,289590,289558,289568
289624,289643,289665,289677,289714,289635,289651,289671,289629,289640,289653,289653,289664,289676,289644,289653
289714,289735,289756,289768,289804,289727,289743,289761,289721,289731,289745,289745,289754,289768,289736,289745
289804,289835,289855,289869,289903,289827,289842,289862,289821,289832,289845,289845,289854,289868,289836,289845
289903,289936,289956,289969,290008,289928,289943,289962,289922,289932,289946,289946,289956,289968,289937,289946
290008,290036,290056,290070,290110,290028,290044,290062,290022,290033,290045,290045,290055,290068,290037,290045
290110,290132,290153,290167,290208,290124,290140,290160,290118,290129,290142,290142,290152,290166,290134,290142
290208,290229,290251,290264,290302,290221,290237,290256,290215,290226,290240,290240,290249,290262,290230,290240
290302,290324,290345,290358,290398,290315,290332,290351,290310,290320,290335,290335,290344,290356,290324,290335
290398,290418,290441,290453,290491,290410,290426,290446,290404,290415,290430,290430,290439,290451,290419,290430
290491,290516,290538,290550,290590,290508,290524,290543,290502,290512,290528,290528,290537,290549,290517,290528
290590,290618,290639,290652,290690,290609,290625,290645,290603,290614,290628,290628,290638,290650,290619,290628
290690,290717,290738,290752,290790,290708,290724,290744,290703,290713,290727,290727,290737,290749,290718,290727
290790,290811,290832,290846,290881,290803,290819,290838,290797,290808,290821,290821,290830,290844,290813,290821
290881,290901,290922,290935,290969,290893,290908,290927,290887,290898,290911,290911,290921,290933,290902,290911
290969,290989,291010,291023,291061,290981,290997,291015,290975,290985,290998,290998,291008,291021,290989,290998
291061,291082,291103,291115,291158,291073,291090,291108,291068,291078,291092,291092,291101,291114,291083,291092
291158,291180,291201,291211,291264,291171,291190,291206,291165,291176,291188,291188,291199,291211,291180,291188
291264,291286,291305,291316,291371,291277,291295,291311,291270,291282,291293,291293,291303,291317,291286,291293
291371,291394,291413,291424,291480,291384,291403,291418,291377,291389,291401,291401,291411,291424,291393,291401
291480,291503,291523,291534,291579,291494,291512,291528,291487,291499,291512,291512,291522,291534,291503,291512
291579,291606,291626,291640,291678,291597,291614,291632,291591,291602,291616,291616,291625,291638,291607,291616
291678,291700,291721,291733,291772,291691,291708,291727,291685,291695,291710,291710,291719,291733,291700,291710
291772,291794,291814,291824,291871,291784,291804,291819,291778,291789,291801,291801,291812,291825,291793,291801
291871,291891,291912,291922,291971,291882,291897,291917,291876,291886,291898,291901,291910,291922,291890,291901
291971,291990,292013,292023,292073,291982,291996,292016,291976,291986,292003,292003,292011,292021,291990,292003
292073,292092,292115,292126,292175,292084,292099,292118,292078,292088,292103,292103,292113,292123,292092,292103
292175,292194,292215,292225,292271,292185,292204,292219,292179,292189,292202,292202,292213,292224,292193,292202
292271,292291,292311,292321,292364,292281,292302,292316,292275,292286,292299,292299,292309,292322,292290,292299
292364,292385,292405,292417,292458,292375,292395,292411,292369,292380,292393,292393,292404,292417,292385,292393
292458,292480,292500,292513,292555,292471,292489,292506,292464,292475,292489,292489,292498,292517,292480,292489
292555,292577,292597,292606,292652,292567,292586,292602,292561,292571,292587,292587,292595,292611,292576,292587
292652,292674,292693,292704,292750,292664,292682,292699,292658,292669,292683,292683,292691,292706,292673,292683
292750,292772,292793,292803,292845,292762,292781,292797,292756,292767,292781,292781,292791,292803,292772,292781
292845,292866,292887,292896,292940,292857,292876,292891,292850,292861,292879,292879,292885,292896,292865,292879
292940,292961,292982,292993,293038,292952,292971,292988,292946,292957,292970,292970,292980,292994,292961,292970
293038,293059,293080,293092,293132,293050,293068,293085,293044,293055,293068,293068,293078,293091,293060,293068
293132,293153,293173,293187,293226,293144,293163,293180,293138,293149,293161,293161,293172,293186,293153,293161
293226,293248,293269,293282,293323,293239,293257,293275,293233,293244,293257,293257,293268,293284,293248,293257
293323,293345,293366,293379,293420,293336,293355,293372,293330,293341,293355,293355,293365,293382,293345,293355
293420,293442,293463,293474,293515,293432,293452,293468,293426,293437,293449,293449,293461,293473,293442,293449
293515,293537,293557,293568,293610,293527,293546,293562,293520,293532,293546,293546,293555,293569,293537,293546
293610,293632,293651,293662,293702,293621,293642,293657,293615,293626,293639,293639,293649,293664,293631,293639
293702,293724,293742,293753,293793,293714,293733,293747,293708,293719,293730,293730,293740,293756,293723,293730
293793,293812,293833,293843,293885,293803,293823,293837,293797,293808,293821,293821,293831,293846,293812,293821
293885,293904,293925,293935,293983,293895,293915,293929,293889,293899,293912,293913,293923,293934,293903,293913
293983,294002,294023,294033,294081,293993,294012,294026,293987,293997,294010,294010,294021,294031,294001,294010
294081,294101,294120,294129,294174,294091,294110,294124,294085,294096,294109,294109,294118,294128,294100,294109
294174,294195,294214,294223,294271,294186,294206,294219,294179,294190,294202,294202,294212,294227,294194,294202
294271,294293,294313,294323,294373,294283,294302,294318,294277,294288,294301,294301,294311,294326,294292,294301
294373,294394,294414,294425,294473,294384,294404,294419,294378,294389,294401,294401,294412,294425,294393,294401
294473,294494,294513,294523,294567,294484,294504,294518,294478,294489,294500,294500,294512,294523,294493,294500
294567,294588,294609,294618,294663,294578,294599,294613,294572,294583,294597,294597,294607,294619,294587,294597
294663,294685,294705,294712,294761,294674,294694,294709,294668,294680,294694,294694,294703,294713,294685,294694
294761,294782,294802,294812,294857,294772,294793,294807,294766,294777,294789,294789,294800,294812,294782,294789
294857,294877,294898,294909,294952,294868,294886,294903,294862,294873,294888,294888,294896,294908,294877,294888
294952,294972,294992,295002,295049,294962,294981,294997,294956,294967,294980,294980,294990,295001,294971,294980
295049,295069,295090,295100,295143,295059,295079,295094,295053,295064,295077,295077,295088,295099,295069,295077
295143,295163,295183,295194,295234,295154,295172,295188,295148,295159,295172,295172,295181,295193,295163,295172
295234,295254,295274,295284,295327,295244,295264,295279,295238,295249,295260,295260,295272,295284,295253,295260
295327,295348,295369,295379,295424,295338,295357,295373,295332,295343,295357,295357,295368,295377,295347,295357
295424,295446,295467,295477,295522,295436,295457,295471,295430,295440,295453,295453,295465,295476,295444,295453
295522,295541,295562,295573,295614,295532,295551,295567,295526,295536,295549,295549,295560,295574,295540,295549
295614,295635,295654,295664,295708,295624,295646,295659,295618,295628,295641,295641,295652,295667,295632,295641
295708,295729,295747,295757,295796,295718,295738,295752,295712,295723,295735,295735,295746,295757,295727,295735
295796,295816,295836,295847,295886,295807,295827,295842,295800,295812,295824,295824,295835,295849,295816,295824
295886,295906,295927,295938,295978,295897,295917,295933,295890,295902,295914,295914,295925,295939,295906,295914
295978,295999,296020,296032,296068,295989,296007,296025,295983,295994,296010,296010,296018,296032,295999,296010
296068,296088,296110,296121,296160,296079,296097,296114,296073,296084,296099,296099,296108,296119,296088,296099
