on,sp,dn,dp,off,u,v,w,a,b,c,d,e,f,p1,p2
0,65,78,82,139,49,72,81,42,54,60,66,76,85,57,63
139,168,181,185,248,151,176,184,144,155,157,167,180,188,156,162
248,277,289,297,351,261,284,296,254,267,272,278,288,300,270,275
351,380,392,397,448,364,387,396,358,368,374,380,390,399,371,377
448,480,492,497,545,464,487,496,457,468,474,480,491,499,470,477
545,587,601,605,653,571,595,604,565,576,579,587,599,607,577,583
653,692,706,710,764,677,700,709,671,681,689,692,704,714,684,692
764,792,805,812,865,776,799,811,769,780,786,792,803,815,782,789
865,895,907,914,964,879,902,913,872,883,890,895,906,918,886,895
964,996,1009,1013,1063,981,1004,1012,974,984,990,996,1007,1016,987,993
1063,1091,1104,1108,1165,1075,1099,1107,1068,1080,1087,1091,1102,1110,1082,1091
1165,1194,1205,1208,1270,1177,1202,1208,1170,1182,1188,1194,1203,1216,1185,1191
1270,1299,1312,1317,1368,1284,1306,1316,1277,1288,1292,1298,1310,1323,1290,1295
1368,1398,1410,1414,1472,1382,1405,1413,1375,1387,1392,1397,1408,1417,1389,1397
1472,1502,1514,1519,1577,1485,1509,1518,1478,1490,1492,1501,1512,1520,1491,1498
1577,1608,1620,1625,1674,1591,1614,1624,1584,1596,1602,1608,1618,1629,1599,1605
1674,1702,1715,1720,1768,1686,1709,1719,1679,1691,1696,1702,1713,1724,1693,1699
1768,1797,1809,1813,1866,1780,1804,1812,1773,1785,1789,1797,1807,1815,1787,1793
1866,1895,1907,1911,1967,1878,1902,1910,1871,1883,1887,1894,1905,1915,1885,1891
1967,1995,2005,2008,2064,1979,2001,2008,1972,1982,1989,1993,2003,2017,1985,1993
2064,2093,2105,2110,2169,2076,2100,2109,2070,2079,2085,2091,2103,2115,2081,2087
2169,2197,2209,2213,2268,2180,2204,2212,2173,2184,2190,2197,2207,2215,2187,2194
2268,2306,2320,2322,2380,2291,2315,2321,2284,2295,2303,2307,2318,2324,2298,2307
2380,2409,2421,2425,2485,2392,2417,2425,2385,2396,2403,2410,2419,2429,2400,2407
2485,2513,2526,2530,2583,2496,2520,2529,2489,2500,2507,2514,2524,2532,2503,2511
2583,2622,2637,2640,2696,2607,2630,2639,2600,2611,2618,2623,2635,2644,2613,2620
2696,2724,2735,2738,2799,2706,2731,2738,2700,2710,2717,2724,2733,2740,2712,2724
2799,2829,2844,2850,2908,2811,2837,2849,2803,2828,2833,2833,2842,2852,2833,2847
2908,2938,2948,2950,3008,2921,2945,2950,2913,2926,2931,2937,2946,2955,2929,2934
3008,3036,3048,3052,3111,3020,3044,3052,3013,3024,3030,3036,3046,3057,3027,3033
3111,3140,3152,3159,3219,3123,3147,3158,3116,3128,3133,3140,3151,3162,3130,3137
3219,3250,3263,3267,3323,3233,3257,3266,3226,3238,3242,3249,3261,3269,3240,3246
3323,3354,3367,3371,3431,3338,3362,3370,3331,3343,3352,3354,3366,3373,3347,3354
3431,3460,3473,3477,3540,3444,3467,3476,3436,3448,3453,3460,3471,3479,3451,3457
3540,3569,3582,3586,3646,3552,3576,3585,3545,3558,3564,3570,3580,3590,3561,3567
3646,3674,3686,3690,3747,3658,3681,3689,3651,3663,3670,3674,3684,3696,3666,3674
3747,3776,3788,3792,3851,3759,3782,3791,3752,3763,3769,3776,3786,3794,3766,3773
3851,3880,3894,3898,3954,3864,3888,3897,3857,3872,3878,3878,3892,3900,3876,3878
3954,3982,3994,3999,4051,3966,3988,3998,3959,3970,3976,3981,3992,4005,3973,3981
4051,4080,4094,4098,4156,4064,4088,4097,4056,4069,4073,4079,4092,4101,4071,4076
4156,4186,4198,4203,4265,4169,4193,4202,4161,4173,4178,4185,4197,4204,4176,4182
4265,4296,4308,4311,4372,4279,4304,4311,4272,4283,4288,4295,4306,4315,4285,4292
4372,4402,4412,4416,4478,4384,4408,4416,4377,4389,4394,4400,4410,4425,4391,4400
4478,4510,4521,4526,4585,4492,4518,4526,4485,4495,4501,4508,4520,4530,4498,4505
4585,4613,4625,4629,4682,4597,4620,4628,4590,4602,4607,4613,4623,4633,4604,4610
4682,4711,4722,4727,4785,4694,4717,4726,4687,4697,4702,4709,4720,4734,4700,4706
4785,4814,4826,4830,4887,4797,4821,4829,4789,4814,4819,4819,4824,4834,4819,4828
4887,4916,4929,4934,4986,4901,4923,4933,4894,4904,4909,4916,4927,4937,4906,4913
4986,5014,5027,5032,5087,4998,5022,5031,4991,5003,5008,5014,5025,5035,5005,5011
5087,5117,5130,5136,5198,5100,5124,5135,5093,5104,5107,5116,5128,5140,5106,5113
5198,5228,5241,5245,5302,5212,5236,5244,5205,5217,5223,5228,5239,5247,5219,5228
5302,5332,5344,5348,5407,5315,5339,5347,5308,5319,5325,5332,5342,5351,5322,5329
5407,5439,5452,5456,5520,5422,5447,5455,5415,5427,5429,5438,5450,5457,5428,5433
5520,5550,5564,5568,5623,5535,5558,5567,5528,5540,5543,5549,5562,5571,5541,5546
5623,5652,5665,5669,5728,5636,5660,5668,5629,5641,5646,5652,5663,5673,5644,5649
5728,5758,5771,5777,5840,5741,5765,5776,5734,5747,5750,5757,5769,5778,5748,5754
5840,5870,5883,5887,5944,5854,5878,5886,5847,5858,5863,5870,5881,5890,5861,5866
5944,5974,5986,5991,6048,5959,5981,5990,5952,5963,5969,5974,5985,5994,5966,5971
6048,6078,6090,6096,6161,6062,6085,6095,6055,6067,6072,6078,6089,6097,6069,6075
6161,6189,6203,6208,6270,6174,6197,6207,6166,6179,6182,6188,6201,6210,6180,6185
6270,6298,6311,6316,6374,6283,6305,6315,6276,6288,6294,6297,6309,6322,6290,6297
6374,6403,6416,6420,6489,6387,6410,6419,6380,6392,6398,6402,6414,6423,6394,6402
6489,6517,6531,6537,6599,6502,6525,6536,6495,6507,6513,6517,6529,6540,6510,6517
6599,6627,6640,6644,6704,6612,6634,6643,6606,6616,6623,6627,6638,6648,6619,6627
6704,6732,6745,6749,6817,6717,6740,6748,6710,6721,6728,6732,6743,6751,6724,6732
6817,6845,6859,6865,6928,6829,6853,6864,6823,6833,6839,6845,6857,6868,6836,6842
6928,6955,6969,6974,7031,6940,6962,6973,6934,6945,6951,6954,6967,6977,6947,6954
7031,7058,7071,7075,7138,7042,7065,7074,7035,7047,7054,7059,7069,7078,7050,7056
7138,7168,7181,7187,7254,7153,7176,7186,7146,7157,7164,7168,7180,7190,7160,7168
7254,7282,7296,7301,7361,7268,7290,7300,7261,7272,7279,7282,7294,7305,7275,7282
7361,7389,7403,7407,7476,7374,7397,7406,7367,7378,7386,7390,7401,7409,7381,7390
7476,7504,7519,7524,7592,7489,7513,7523,7482,7493,7501,7505,7517,7527,7496,7505
7592,7621,7634,7639,7698,7606,7629,7638,7600,7611,7621,7621,7633,7641,7614,7621
7698,7726,7739,7744,7805,7711,7733,7743,7704,7715,7721,7726,7737,7747,7718,7726
7805,7833,7846,7852,7916,7817,7840,7851,7810,7821,7826,7833,7844,7858,7823,7830
7916,7943,7958,7963,8017,7928,7952,7962,7922,7933,7942,7942,7956,7966,7936,7942
8017,8045,8059,8065,8121,8030,8053,8064,8023,8035,8041,8045,8057,8070,8037,8045
8121,8149,8164,8169,8229,8134,8158,8168,8128,8139,8147,8149,8162,8170,8142,8149
8229,8258,8272,8277,8330,8244,8266,8276,8237,8249,8256,8258,8271,8280,8252,8258
8330,8359,8372,8377,8437,8344,8366,8376,8337,8348,8353,8358,8370,8378,8350,8358
8437,8465,8479,8488,8549,8450,8473,8487,8443,8455,8461,8465,8477,8490,8457,8465
8549,8577,8590,8595,8650,8562,8584,8594,8555,8566,8572,8577,8588,8597,8569,8577
8650,8677,8691,8696,8754,8662,8685,8695,8655,8667,8675,8677,8689,8700,8670,8677
8754,8782,8795,8801,8863,8767,8790,8800,8760,8771,8778,8783,8794,8803,8774,8783
8863,8890,8904,8909,8963,8875,8898,8908,8869,8880,8888,8892,8902,8912,8883,8892
8963,8989,9003,9008,9065,8975,8997,9007,8968,8979,8987,8990,9001,9010,8982,8990
9065,9093,9106,9114,9175,9077,9101,9113,9070,9082,9089,9094,9105,9117,9085,9091
9175,9203,9218,9223,9285,9189,9212,9222,9182,9193,9203,9203,9216,9225,9196,9203
9285,9311,9325,9330,9386,9297,9319,9329,9290,9301,9310,9310,9323,9334,9304,9310
9386,9415,9429,9435,9493,9399,9423,9434,9392,9404,9410,9415,9427,9437,9407,9415
9493,9523,9536,9542,9601,9508,9531,9541,9501,9512,9520,9522,9535,9545,9515,9522
9601,9632,9645,9650,9705,9617,9639,9649,9610,9621,9627,9632,9643,9654,9624,9632
9705,9733,9747,9751,9807,9717,9741,9750,9710,9721,9728,9733,9745,9754,9724,9733
9807,9837,9850,9855,9913,9821,9844,9854,9813,9826,9831,9836,9848,9858,9828,9836
9913,9944,9957,9962,10016,9929,9952,9961,9922,9934,9940,9945,9956,9966,9937,9945
10016,10044,10057,10063,10123,10029,10052,10062,10022,10034,10041,10043,10056,10067,10036,10043
10123,10150,10164,10169,10230,10135,10158,10168,10128,10139,10145,10150,10162,10173,10142,10150
10230,10260,10273,10277,10334,10245,10267,10276,10238,10250,10256,10260,10271,10280,10252,10260
10334,10361,10375,10380,10434,10346,10370,10379,10340,10351,10361,10361,10373,10383,10355,10361
10434,10464,10477,10484,10542,10449,10472,10483,10441,10455,10459,10464,10475,10486,10457,10464
10542,10570,10583,10587,10644,10555,10577,10586,10548,10560,10565,10569,10581,10591,10562,10569
10644,10671,10685,10690,10742,10657,10679,10689,10650,10661,10669,10669,10683,10692,10664,10669
10742,10769,10783,10790,10847,10755,10777,10789,10748,10759,10765,10770,10782,10791,10762,10770
10847,10876,10889,10897,10954,10860,10884,10896,10854,10865,10872,10876,10888,10900,10868,10876
10954,10982,10995,11001,11054,10967,10989,11000,10961,10972,10978,10982,10994,11004,10974,10982
11054,11081,11095,11101,11157,11066,11089,11100,11059,11071,11079,11081,11093,11104,11074,11081
11157,11184,11199,11206,11259,11170,11193,11205,11163,11174,11182,11185,11198,11208,11177,11185
11259,11289,11303,11308,11360,11275,11297,11307,11269,11280,11288,11290,11301,11311,11283,11290
11360,11387,11401,11407,11465,11373,11396,11406,11366,11378,11385,11388,11400,11409,11381,11388
11465,11492,11507,11513,11572,11477,11501,11512,11471,11482,11491,11493,11505,11515,11485,11493
11572,11599,11613,11618,11672,11585,11607,11617,11579,11589,11597,11598,11611,11621,11592,11598
11672,11699,11713,11719,11776,11685,11707,11718,11678,11689,11697,11700,11711,11723,11693,11700
11776,11804,11818,11826,11883,11789,11812,11825,11783,11794,11801,11805,11817,11830,11797,11805
11883,11911,11925,11931,11984,11897,11919,11930,11890,11901,11909,11911,11924,11934,11904,11911
11984,12011,12025,12033,12084,11997,12019,12032,11990,12002,12010,12010,12023,12038,12005,12010
12084,12111,12126,12131,12177,12096,12120,12130,12090,12101,12108,12112,12124,12133,12104,12112
12177,12205,12219,12226,12273,12189,12213,12225,12183,12194,12199,12205,12218,12227,12196,12202
12273,12300,12314,12321,12368,12285,12308,12320,12278,12291,12298,12300,12312,12322,12294,12300
12368,12395,12408,12414,12463,12381,12402,12413,12375,12385,12392,12395,12406,12417,12388,12395
12463,12490,12504,12511,12564,12475,12498,12510,12468,12480,12489,12489,12503,12513,12483,12489
12564,12591,12607,12613,12668,12577,12600,12612,12571,12582,12590,12590,12605,12615,12584,12590
12668,12693,12708,12713,12763,12680,12701,12712,12674,12685,12693,12693,12706,12717,12688,12693
12763,12789,12804,12811,12863,12775,12798,12810,12769,12779,12787,12790,12802,12814,12782,12790
12863,12890,12904,12911,12969,12875,12898,12910,12869,12880,12887,12891,12902,12914,12883,12891
12969,12993,13008,13013,13065,12980,13002,13012,12974,12985,12994,12994,13006,13015,12988,12994
13065,13090,13104,13109,13162,13076,13098,13108,13070,13081,13089,13092,13103,13112,13084,13092
13162,13188,13203,13209,13266,13173,13196,13208,13167,13178,13186,13189,13201,13212,13181,13189
13266,13292,13307,13312,13367,13278,13301,13311,13271,13282,13291,13294,13305,13314,13285,13294
13367,13392,13407,13412,13464,13379,13400,13411,13373,13384,13393,13393,13405,13415,13387,13393
13464,13490,13505,13511,13568,13476,13499,13510,13469,13481,13488,13492,13503,13513,13484,13492
13568,13595,13610,13616,13675,13581,13603,13615,13574,13586,13594,13595,13608,13618,13589,13595
13675,13701,13716,13721,13775,13688,13710,13720,13681,13693,13701,13703,13714,13723,13696,13703
13775,13801,13816,13822,13880,13787,13810,13821,13781,13792,13801,13803,13815,13825,13795,13803
13880,13907,13922,13929,13989,13892,13915,13928,13886,13897,13905,13907,13920,13931,13900,13907
13989,14015,14030,14035,14088,14002,14023,14034,13995,14006,14014,14015,14028,14037,14009,14015
14088,14114,14128,14134,14187,14100,14122,14133,14093,14104,14111,14115,14126,14137,14107,14115
14187,14214,14228,14236,14290,14199,14222,14235,14192,14204,14211,14214,14227,14239,14206,14214
14290,14317,14332,14337,14389,14303,14325,14336,14297,14308,14316,14316,14330,14340,14310,14316
14389,14414,14429,14434,14488,14401,14422,14433,14394,14405,14412,14415,14427,14437,14408,14415
14488,14515,14530,14536,14596,14500,14524,14535,14493,14505,14514,14518,14528,14537,14509,14518
14596,14625,14639,14646,14701,14611,14633,14645,14604,14615,14623,14625,14638,14648,14618,14625
14701,14733,14747,14753,14810,14720,14741,14752,14713,14724,14732,14734,14746,14755,14727,14734
14810,14837,14853,14861,14906,14823,14846,14860,14816,14828,14835,14838,14851,14863,14831,14838
14906,14947,14963,14971,15019,14934,14957,14970,14927,14939,14948,14949,14961,14973,14942,14949
15019,15059,15074,15078,15137,15045,15067,15077,15039,15050,15059,15059,15072,15081,15054,15059
15137,15165,15178,15184,15247,15150,15172,15183,15144,15154,15160,15164,15177,15186,15157,15164
15247,15274,15289,15301,15359,15260,15283,15300,15253,15265,15274,15276,15288,15301,15269,15276
15359,15387,15401,15406,15461,15373,15395,15405,15366,15378,15387,15388,15399,15409,15381,15388
15461,15491,15505,15509,15568,15477,15499,15508,15471,15482,15490,15492,15503,15512,15485,15492
15568,15595,15610,15615,15680,15580,15604,15614,15574,15585,15592,15595,15608,15617,15587,15595
15680,15708,15723,15730,15793,15694,15717,15729,15687,15698,15705,15710,15721,15733,15701,15710
15793,15820,15834,15840,15896,15806,15828,15839,15799,15811,15820,15820,15833,15843,15814,15820
15896,15924,15937,15943,16005,15908,15931,15942,15902,15913,15920,15924,15935,15947,15916,15924
16005,16032,16047,16052,16120,16017,16041,16051,16010,16022,16031,16031,16045,16054,16025,16031
16120,16148,16161,16166,16224,16133,16155,16165,16126,16138,16145,16148,16159,16168,16141,16148
16224,16253,16266,16272,16337,16238,16260,16271,16231,16242,16248,16252,16265,16276,16245,16252
16337,16366,16380,16385,16450,16351,16374,16384,16343,16356,16361,16365,16378,16388,16358,16365
16450,16481,16494,16499,16558,16467,16489,16498,16460,16471,16478,16480,16492,16502,16474,16480
16558,16587,16600,16605,16670,16572,16594,16604,16565,16577,16584,16587,16598,16608,16580,16587
16670,16699,16713,16721,16786,16683,16708,16720,16676,16689,16697,16701,16712,16722,16694,16701
16786,16814,16829,16833,16892,16800,16823,16832,16793,16804,16812,16815,16827,16835,16807,16815
16892,16920,16934,16941,16998,16905,16928,16940,16899,16910,16918,16921,16932,16946,16913,16921
16998,17025,17039,17045,17108,17010,17033,17044,17003,17014,17022,17025,17038,17047,17017,17025
17108,17136,17150,17156,17216,17121,17144,17155,17114,17126,17135,17135,17149,17160,17130,17135
17216,17244,17257,17262,17318,17230,17251,17261,17223,17234,17241,17244,17256,17266,17237,17244
17318,17346,17360,17365,17424,17331,17354,17364,17324,17335,17341,17346,17358,17368,17338,17346
17424,17455,17468,17475,17539,17439,17463,17474,17432,17444,17450,17455,17467,17479,17447,17455
17539,17567,17582,17587,17645,17553,17576,17586,17546,17558,17568,17568,17580,17591,17563,17568
17645,17673,17687,17692,17755,17658,17681,17691,17652,17662,17669,17672,17686,17695,17665,17672
17755,17783,17798,17803,17861,17767,17792,17802,17760,17772,17778,17783,17796,17805,17774,17780
17861,17896,17911,17916,17974,17882,17906,17915,17875,17887,17897,17897,17910,17919,17890,17897
17974,18002,18015,18020,18080,17987,18009,18019,17980,17992,17998,18002,18013,18028,17995,18002
18080,18107,18120,18126,18191,18092,18114,18125,18085,18098,18104,18108,18118,18130,18101,18108
18191,18218,18232,18240,18299,18204,18226,18239,18197,18209,18217,18219,18231,18243,18212,18219
18299,18325,18339,18345,18401,18311,18333,18344,18305,18316,18324,18325,18338,18347,18319,18325
18401,18428,18443,18447,18510,18413,18436,18446,18406,18417,18425,18427,18441,18450,18420,18427
18510,18538,18552,18559,18617,18523,18546,18558,18516,18529,18538,18538,18551,18562,18532,18538
18617,18649,18664,18669,18724,18636,18657,18668,18629,18640,18649,18650,18662,18672,18643,18650
18724,18753,18767,18772,18835,18738,18761,18771,18732,18742,18749,18753,18766,18775,18745,18753
18835,18862,18877,18882,18944,18847,18870,18881,18840,18851,18859,18863,18875,18885,18854,18863
18944,18972,18986,18991,19048,18958,18980,18990,18952,18963,18970,18973,18984,18995,18966,18973
19048,19076,19089,19096,19159,19060,19084,19095,19054,19065,19072,19076,19088,19102,19067,19076
19159,19185,19200,19207,19265,19171,19194,19206,19164,19175,19182,19184,19198,19210,19178,19184
19265,19294,19308,19313,19367,19280,19302,19312,19273,19284,19291,19295,19306,19317,19287,19295
19367,19395,19408,19414,19475,19380,19402,19413,19373,19384,19391,19396,19407,19416,19387,19396
19475,19502,19517,19524,19572,19488,19511,19523,19481,19492,19501,19503,19515,19526,19495,19503
19572,19613,19627,19632,19687,19598,19621,19631,19592,19603,19610,19613,19625,19635,19605,19613
19687,19714,19728,19733,19792,19699,19722,19732,19692,19704,19711,19715,19726,19736,19707,19715
19792,19821,19835,19840,19898,19806,19830,19839,19799,19810,19820,19822,19834,19842,19813,19822
19898,19930,19944,19949,20004,19915,19938,19948,19909,19920,19928,19928,19943,19952,19923,19928
20004,20031,20045,20050,20109,20016,20039,20049,20009,20020,20027,20031,20043,20053,20023,20031
20109,20137,20151,20157,20219,20122,20145,20156,20115,20127,20134,20137,20149,20158,20129,20137
20219,20246,20260,20265,20319,20232,20254,20264,20225,20236,20243,20247,20258,20268,20239,20247
20319,20346,20360,20365,20422,20331,20354,20364,20325,20335,20342,20347,20358,20367,20338,20344
20422,20450,20465,20470,20532,20435,20459,20469,20428,20439,20443,20449,20463,20472,20441,20446
20532,20560,20575,20580,20634,20546,20569,20579,20539,20551,20558,20558,20573,20584,20553,20558
20634,20665,20678,20684,20744,20651,20673,20683,20645,20655,20664,20664,20677,20686,20658,20664
20744,20772,20786,20793,20857,20757,20780,20792,20750,20762,20770,20773,20784,20798,20765,20773
20857,20884,20899,20904,20955,20870,20893,20903,20863,20875,20884,20885,20897,20907,20878,20885
20955,20993,21009,21014,21069,20980,21002,21013,20974,20984,20993,20994,21007,21019,20987,20994
21069,21096,21110,21116,21177,21082,21104,21115,21075,21086,21094,21096,21109,21119,21089,21096
21177,21204,21220,21226,21277,21190,21213,21225,21183,21194,21204,21204,21218,21229,21198,21204
21277,21314,21330,21334,21391,21301,21323,21333,21294,21305,21314,21314,21327,21337,21308,21314
21391,21418,21432,21439,21502,21404,21426,21438,21397,21409,21416,21420,21430,21442,21412,21420
21502,21529,21544,21549,21616,21514,21538,21548,21507,21519,21529,21529,21543,21551,21522,21529
21616,21642,21657,21664,21719,21628,21651,21663,21621,21633,21642,21642,21655,21667,21636,21642
21719,21748,21762,21767,21828,21733,21756,21766,21726,21738,21747,21748,21760,21771,21742,21748
21828,21857,21870,21877,21939,21841,21864,21876,21834,21846,21850,21856,21868,21880,21848,21856
21939,21970,21983,21988,22047,21954,21977,21987,21948,21959,21966,21969,21981,21992,21962,21969
22047,22077,22090,22094,22156,22061,22084,22093,22054,22067,22075,22076,22088,22097,22070,22076
22156,22185,22198,22206,22271,22169,22192,22205,22162,22174,22178,22185,22196,22211,22175,22182
22271,22301,22313,22318,22382,22284,22308,22317,22277,22289,22295,22301,22311,22320,22292,22298
22382,22411,22424,22429,22488,22396,22418,22428,22389,22400,22405,22410,22422,22432,22402,22410
22488,22517,22530,22536,22600,22501,22524,22535,22494,22507,22513,22516,22528,22540,22510,22516
22600,22628,22642,,22709,22613,22636,22648,22606,22618,22627,22627,22640,22648,22622,22627
22709,22737,22751,22755,22812,22723,22745,22754,22716,22727,22734,22737,22749,22757,22730,22737
22812,22841,22855,22896,22923,22826,22849,22861,22819,22830,22837,22842,22853,22861,22833,22842
22923,22951,22966,22972,23035,22937,22960,22971,22930,22941,22949,22952,22964,22973,22944,22952
23035,23061,23075,23079,23135,23047,23069,23078,23041,23052,23060,23060,23073,23082,23055,23060
23135,23163,23176,23182,23243,23148,23170,23181,23141,23153,23159,23163,23174,23186,23155,23163
23243,23272,23285,23291,23355,23256,23279,23290,23248,23262,23266,23271,23284,23292,23264,23271
23355,23382,23396,23400,23455,23367,23390,23399,23360,23371,23376,23381,23394,23403,23373,23378
23455,23484,23497,23502,23563,23468,23491,23501,23461,23483,23489,23489,23495,23507,23489,23498
23563,23593,23605,23612,23675,23577,23600,23611,23569,23592,23598,23598,23604,23616,23598,23612
23675,23703,23716,23721,23775,23687,23710,23720,23680,23692,23701,23701,23714,23725,23695,23701
23775,23803,23816,23823,23877,23787,23810,23822,23781,23793,23799,23802,23814,23826,23795,23802
23877,23906,23919,23930,23979,23890,23914,23923,23883,23898,23904,23904,23917,23923,23902,23904
23979,24012,24026,24031,24081,23997,24020,24030,23990,24002,24008,24010,24025,24034,24004,24010
24081,24110,24122,24127,24179,24094,24117,24126,24087,24099,24105,24110,24121,24128,24101,24110
24179,24209,24222,24226,24268,24192,24216,24225,24185,24201,24203,24209,24220,24228,24202,24206
24268,24313,24328,24333,24381,24297,24321,24332,24290,24300,24305,24313,24325,24333,24302,24309
24381,24413,24424,24429,24479,24397,24420,24429,24391,24401,24407,24411,24423,24434,24403,24411
24479,24508,24519,24523,24578,24491,24515,24523,24484,24494,24500,24507,24518,24526,24496,24503
24578,24610,24621,24624,24672,24593,24616,24623,24586,24596,24602,24609,24619,24627,24599,24605
24672,24714,24726,24730,24782,24698,24720,24729,24692,24701,24707,24714,24724,24732,24704,24711
24782,24811,24824,24830,24880,24794,24819,24830,24787,24798,24806,24811,24823,24834,24801,24811
24880,24912,24925,24933,24978,24893,24920,24932,24887,24896,24901,24910,24923,24937,24898,24904
24978,25015,25029,25032,25089,24999,25023,25031,24993,25003,25008,25014,25027,25035,25005,25011
25089,25116,25127,25129,25186,25099,25123,25129,25092,25103,25111,25116,25125,25133,25107,25116
25186,25219,25230,25237,25286,25201,25226,25236,25195,25218,25223,25223,25229,25240,25223,25237
25286,25330,25345,25350,25392,25313,25338,25349,25306,25318,25324,25330,25343,25352,25321,25327
25392,25434,25446,25449,25506,25417,25442,25449,25411,25421,25426,25433,25444,25452,25423,25429
25506,25534,25548,,25610,25517,25559,25569,25511,25521,25526,25530,25563,25569,25523,25530
25610,25639,25651,25658,25703,25621,25646,25657,25614,25624,25627,25636,25650,25660,25625,25631
25703,25747,25757,25760,25815,25730,25753,25760,25724,25733,25738,25746,25755,25766,25736,25742
25815,25847,25859,25863,25919,25830,25855,25863,25823,25833,25837,25845,25857,25867,25835,25841
25919,25949,25960,25968,26012,25932,25956,25967,25925,25948,25953,25953,25959,25972,25953,25961
26012,26055,26068,26073,26129,26039,26062,26072,26033,26043,26051,26057,26066,26075,26047,26054
26129,26156,26168,26172,26218,26140,26163,26171,26134,26144,26151,26157,26166,26174,26147,26154
26218,26257,26269,26273,26317,26240,26264,26272,26234,26244,26250,26257,26267,26275,26247,26254
26317,26364,26377,26381,26423,26346,26372,26380,26341,26350,26354,26366,26375,26382,26351,26356
26423,26467,26479,26482,26523,26451,26473,26481,26445,26454,26459,26466,26477,26486,26456,26462
26523,26565,26578,26582,26625,26548,26572,26581,26542,26551,26557,26566,26576,26586,26554,26562
26625,26671,26683,26686,26733,26653,26678,26685,26646,26657,26663,26671,26681,26688,26659,26668
26733,26779,26791,26794,26846,26763,26785,26793,26757,26766,26773,26779,26789,26797,26769,26776
26846,26880,26892,26895,26955,26863,26887,26895,26856,26866,26873,26880,26890,26898,26869,26877
26955,26985,26997,27002,27047,26967,26992,27001,26961,26973,26980,26986,26995,27006,26978,26986
27047,27092,27106,27111,27156,27077,27100,27110,27070,27081,27088,27094,27104,27115,27084,27091
27156,27193,27207,27210,27267,27176,27200,27209,27170,27180,27187,27194,27204,27213,27183,27191
27267,27296,27310,27321,27370,27280,27304,27320,27273,27285,27288,27296,27308,27323,27286,27293
27370,27406,27420,27424,27478,27390,27414,27423,27384,27394,27402,27407,27418,27426,27396,27407
27478,27507,27521,27526,27578,27492,27515,27525,27486,27496,27504,27509,27519,27528,27500,27506
27578,27609,27623,27627,27687,27593,27617,27626,27587,27597,27605,27611,27621,27629,27600,27608
27687,27715,27729,,27780,27700,27724,27744,27693,27707,27715,27718,27737,27744,27711,27718
27780,27816,27828,27832,27883,27801,27823,27831,27794,27805,27811,27816,27826,27836,27808,27816
27883,27913,27925,27929,27977,27896,27919,27928,27889,27899,27904,27912,27924,27932,27902,27908
27977,28012,28025,28040,28077,27995,28019,28032,27989,28000,28004,28013,28023,28032,28001,28010
28077,28119,28131,28136,28182,28103,28126,28135,28097,28106,28112,28119,28129,28137,28109,28116
28182,28219,28231,28234,28283,28203,28225,28233,28196,28206,28214,28220,28229,28238,28210,28217
28283,28314,28326,28330,28380,28297,28322,28330,28291,28301,28307,28313,28325,28334,28304,28310
28380,28408,28418,28421,28479,28390,28414,28421,28383,28394,28401,28407,28416,28424,28397,28404
28479,28508,28519,28522,28587,28490,28514,28521,28483,28493,28499,28507,28517,28525,28496,28503
28587,28616,28626,28630,28675,28598,28622,28630,28592,28601,28609,28616,28624,28634,28605,28612
28675,28714,28737,28750,28777,28706,28718,28723,28701,28710,28714,28714,28719,28727,28714,28724
28777,28825,28834,28837,28889,28819,28828,28836,28814,28823,28827,28827,28831,28839,28827,28835
28889,28935,28944,28947,28999,28929,28938,28946,28925,28933,28937,28937,28941,28950,28937,28945
28999,29040,29078,29046,29128,29031,29042,29046,29026,29035,29038,29038,29043,29052,29038,29046
29128,29153,29168,29170,29210,29137,29162,29169,29131,29140,29147,29157,29165,29172,29143,29149
29210,29267,29278,29281,29324,29249,29273,29280,29243,29252,29259,29267,29276,29282,29256,29263
29324,29375,29388,29398,29432,29360,29382,29397,29354,29364,29370,29377,29386,29400,29367,29374
29432,29480,29493,29496,29534,29463,29487,29495,29457,29467,29475,29482,29491,29500,29471,29479
29534,29591,29605,29610,29642,29575,29599,29609,29569,29579,29585,29593,29603,29611,29582,29589
29642,29704,29721,29726,29766,29691,29714,29725,29685,29695,29703,29708,29719,29728,29699,29708
29766,29812,29830,29834,29876,29799,29824,29833,29793,29803,29811,29815,29829,29836,29806,29815
29876,29922,29938,29943,29982,29908,29932,29942,29902,29912,29922,29927,29936,29944,29915,29927
29982,30035,30051,30060,30092,30021,30045,30059,30015,30026,30034,30040,30049,30062,30030,30037
30092,30145,30162,30172,30210,30132,30156,30171,30126,30136,30144,30150,30160,30174,30139,30147
30210,30251,30266,30270,30312,30236,30260,30269,30229,30239,30247,30253,30264,30271,30242,30250
30312,30361,30376,30382,30422,30346,30370,30381,30340,30350,30361,30365,30375,30383,30353,30355
30422,30472,30488,30493,30535,30458,30481,30492,30451,30462,30469,30475,30486,30496,30465,30472
30535,30580,30593,30598,30640,30564,30588,30597,30557,30568,30574,30581,30591,30599,30571,30578
30640,30695,30709,30715,30753,30679,30703,30714,30672,30683,30690,30697,30707,30717,30686,30694
30753,30809,30823,30827,30875,30794,30818,30826,30788,30798,30806,30811,30821,30829,30801,30808
30875,30918,30932,30937,30997,30902,30926,30936,30896,30907,30914,30920,30930,30938,30910,30920
30997,31034,31049,31054,31097,31017,31042,31053,31010,31022,31030,31036,31046,31057,31026,31033
31097,31150,31164,31169,31226,31136,31158,31168,31129,31140,31147,31152,31162,31173,31143,31152
31226,31260,31273,31278,31345,31244,31267,31277,31237,31248,31255,31260,31271,31280,31251,31260
31345,31374,31388,31393,31437,31357,31382,31392,31350,31363,31370,31376,31386,31396,31367,31373
31437,31487,31501,31505,31551,31472,31495,31504,31465,31476,31484,31489,31499,31508,31479,31486
31551,31596,31609,31614,31683,31580,31603,31613,31573,31584,31589,31596,31607,31616,31586,31593
31683,31712,31726,31731,31779,31696,31720,31730,31689,31701,31707,31712,31724,31734,31703,31712
31779,31828,31843,31848,31896,31813,31837,31847,31807,31818,31826,31830,31841,31850,31821,31830
31896,31935,31949,31952,32014,31919,31942,31951,31912,31923,31929,31934,31946,31955,31925,31931
32014,32043,32057,32061,32110,32027,32051,32060,32020,32031,32038,32044,32055,32063,32034,32041
32110,32155,32169,32172,32223,32139,32163,32171,32133,32143,32151,32157,32167,32175,32147,32154
32223,32258,32270,32274,32333,32242,32265,32273,32236,32246,32253,32259,32268,32278,32249,32256
32333,32364,32375,32380,32446,32345,32370,32379,32339,32349,32357,32364,32374,32381,32352,32361
32446,32478,32490,32498,32541,32461,32485,32497,32455,32465,32473,32480,32489,32501,32467,32477
32541,32590,32603,32607,32656,32574,32598,32606,32567,32578,32585,32592,32601,32609,32581,32589
32656,32697,32712,32715,32772,32680,32706,32714,32674,32684,32690,32697,32710,32718,32687,32693
32772,32810,32823,32828,32872,32792,32817,32827,32786,32795,32804,32811,32821,32832,32798,32808
32872,32924,32938,32945,32990,32907,32932,32944,32900,32910,32917,32925,32936,32948,32913,32922
32990,33036,33049,33053,33100,33019,33043,33052,33014,33023,33030,33037,33047,33056,33026,33034
33100,33142,33155,33161,33225,33124,33149,33160,33118,33127,33134,33142,33152,33165,33130,33139
33225,33254,33266,33269,33322,33237,33261,33268,33230,33241,33248,33255,33264,33270,33243,33252
33322,33371,33383,33405,33436,33353,33378,33387,33347,33357,33360,33371,33381,33387,33358,33367
33436,33480,33492,33495,33549,33464,33487,33495,33457,33469,33473,33479,33490,33498,33471,33476
33549,33578,33590,33593,33643,33561,33584,33592,33555,33565,33572,33578,33587,33596,33568,33575
33643,33671,33682,33685,33737,33653,33676,33684,33647,33657,33664,33670,33680,33688,33660,33667
33737,33764,33776,33780,33838,33746,33770,33779,33740,33749,33755,33763,33774,33783,33752,33758
33838,33868,33880,33885,33937,33849,33874,33884,33843,33852,33858,33867,33879,33889,33854,33861
33937,33978,34012,34039,34068,33960,34006,34016,33954,33963,33970,33978,34011,34018,33966,33974
34068,34095,34109,34112,34151,34078,34104,34111,34072,34080,34087,34094,34108,34115,34083,34090
34151,34201,34215,34218,34272,34185,34209,34218,34179,34189,34197,34204,34212,34222,34192,34201
34272,34302,34313,34317,34367,34283,34308,34317,34277,34286,34293,34301,34311,34321,34290,34297
34367,34395,34408,34411,34464,34378,34403,34411,34371,34381,34389,34391,34406,34415,34384,34391
34464,34492,34503,34508,34566,34473,34498,34508,34466,34476,34482,34491,34501,34512,34479,34486
34566,34595,34607,34611,34667,34576,34601,34610,34570,34579,34584,34595,34605,34614,34581,34591
34667,34703,34715,34719,34784,34684,34710,34719,34678,34688,34695,34704,34713,34724,34690,34701
34784,34815,34829,34833,34887,34798,34824,34833,34792,34801,34808,34815,34828,34837,34804,34811
34887,34924,34936,34938,34995,34907,34931,34938,34901,34910,34917,34922,34934,34943,34913,34919
34995,35024,35034,35037,35091,35006,35030,35037,34999,35010,35016,35023,35032,35040,35012,35023
35091,35119,35130,35133,35185,35101,35126,35133,35094,35105,35112,35119,35128,35137,35108,35115
35185,35214,35226,35230,35289,35196,35220,35229,35189,35200,35207,35213,35224,35233,35203,35210
35289,35321,35333,35337,35397,35303,35328,35336,35296,35308,35315,35321,35331,35341,35311,35318
35397,35431,35446,35450,35511,35413,35439,35449,35407,35417,35426,35431,35444,35453,35420,35428
35511,35543,35557,35561,35631,35526,35552,35560,35520,35530,35536,35539,35556,35565,35532,35539
35631,35658,35672,35676,35730,35642,35667,35676,35636,35646,35653,35658,35670,35680,35649,35655
35730,35759,35771,35775,35827,35742,35766,35774,35736,35746,35755,35761,35770,35779,35750,35758
35827,35856,35868,35872,35923,35839,35864,35872,35832,35843,35851,35857,35866,35876,35847,35854
35923,35952,35964,35968,36023,35934,35959,35968,35927,35937,35944,35951,35962,35973,35940,35948
36023,36052,36065,36069,36131,36034,36059,36068,36028,36038,36043,36051,36063,36071,36040,36047
36131,36160,36174,36179,36243,36143,36168,36178,36136,36148,36156,36161,36172,36181,36151,36161
36243,36272,36286,36290,36347,36255,36280,36289,36248,36260,36263,36263,36284,36293,36262,36263
36347,36382,36396,36400,36454,36367,36391,36399,36361,36372,36383,36384,36395,36403,36375,36384
36454,36483,36495,36499,36553,36467,36490,36499,36461,36471,36478,36483,36493,36503,36474,36480
36553,36579,36594,36598,36645,36564,36587,36597,36557,36568,36576,36579,36592,36601,36571,36579
36645,36673,36687,36692,36741,36657,36681,36691,36650,36661,36669,36674,36685,36695,36665,36674
36741,36768,36783,36787,36844,36752,36777,36786,36745,36757,36765,36766,36781,36789,36760,36766
36844,36873,36887,36891,36950,36856,36880,36890,36849,36860,36867,36872,36885,36894,36863,36872
36950,36978,36991,36996,37053,36961,36985,36995,36955,36965,36971,36975,36990,36998,36967,36975
37053,37089,37102,37105,37159,37071,37096,37104,37065,37075,37083,37090,37100,37109,37078,37087
37159,37192,37205,37210,37262,37177,37201,37210,37171,37181,37189,37194,37204,37216,37184,37191
37262,37293,37304,37308,37359,37275,37299,37307,37269,37278,37286,37293,37302,37311,37281,37290
37359,37387,37400,37403,37454,37370,37395,37403,37363,37373,37379,37386,37398,37407,37376,37383
37454,37483,37494,37497,37555,37464,37489,37496,37457,37469,37476,37483,37492,37500,37473,37480
37555,37584,37595,37599,37662,37566,37591,37599,37559,37571,37580,37584,37593,37608,37577,37584
37662,37689,37703,37708,37769,37673,37696,37707,37667,37676,37681,37687,37701,37714,37678,37684
37769,37800,37813,37817,37866,37783,37807,37816,37777,37787,37794,37800,37811,37819,37790,37797
37866,37908,37920,37925,37980,37893,37914,37924,37887,37896,37903,37909,37918,37930,37899,37906
37980,38009,38020,38023,38075,37991,38015,38023,37985,37995,38001,38008,38018,38026,37998,38005
38075,38102,38114,38117,38167,38084,38109,38117,38077,38088,38095,38102,38112,38120,38090,38102
38167,38195,38206,38210,38259,38177,38201,38209,38170,38181,38189,38195,38205,38213,38185,38192
38259,38287,38300,38304,38359,38270,38294,38303,38262,38274,38278,38285,38298,38308,38275,38282
38359,38389,38401,38406,38467,38372,38395,38405,38365,38376,38384,38389,38399,38410,38380,38389
38467,38495,38508,38513,38573,38478,38502,38512,38472,38482,38491,38495,38506,38521,38485,38495
38573,38602,38614,38618,38675,38586,38610,38618,38580,38590,38599,38604,38613,38622,38595,38604
38675,38701,38713,38717,38769,38686,38709,38717,38679,38690,38698,38703,38712,38720,38693,38703
38769,38797,38809,38812,38863,38779,38804,38812,38773,38783,38791,38797,38807,38816,38786,38794
38863,38891,38904,38908,38957,38873,38898,38907,38866,38878,38884,38891,38902,38911,38880,38888
38957,38985,38996,39001,39056,38967,38991,39000,38960,38972,38979,38985,38995,39006,38976,38982
39056,39085,39098,39102,39162,39068,39092,39101,39061,39075,39080,39085,39096,39105,39078,39085
39162,39191,39203,39208,39268,39173,39197,39207,39166,39180,39186,39192,39201,39212,39183,39189
39268,39295,39308,39312,39376,39279,39302,39311,39272,39282,39287,39293,39306,39314,39284,39290
39376,39405,39417,39421,39477,39389,39413,39421,39382,39393,39400,39404,39416,39424,39396,39404
39477,39505,39518,39523,39583,39489,39513,39522,39482,39493,39501,39506,39516,39528,39496,39503
39583,39612,39624,39632,39668,39596,39619,39631,39589,39601,39608,39613,39622,39636,39604,39610
39668,39713,39727,39736,39776,39697,39721,39735,39690,39701,39707,39712,39725,39739,39704,39712
39776,39816,39831,39835,39882,39801,39825,39834,39794,39807,39815,39815,39829,39838,39810,39815
39882,39921,39935,39939,39984,39906,39929,39938,39899,39911,39918,39922,39933,39942,39914,39922
39984,40023,40036,40041,40091,40008,40030,40040,40001,40012,40018,40023,40034,40044,40015,40023
40091,40119,40131,40141,40190,40103,40126,40140,40096,40108,40114,40119,40129,40142,40110,40116
40190,40218,40231,40241,40285,40202,40226,40240,40195,40207,40215,40219,40230,40241,40210,40219
40285,40321,40335,40339,40381,40306,40329,40338,40299,40311,40317,40322,40333,40341,40314,40322
40381,40423,40437,40442,40488,40408,40431,40441,40401,40413,40420,40424,40435,40445,40416,40424
40488,40527,40543,40547,40590,40513,40536,40546,40506,40519,40529,40529,40541,40549,40526,40529
40590,40632,40646,40650,40713,40617,40640,40649,40610,40621,40631,40631,40644,40652,40624,40631
40713,40742,40757,40762,40821,40726,40750,40761,40718,40734,40740,40742,40755,40765,40737,40742
40821,40848,40860,40866,40923,40833,40855,40865,40826,40839,40844,40848,40858,40873,40841,40848
40923,40951,40964,40969,41029,40934,40958,40968,40927,40939,40947,40952,40963,40972,40942,40949
41029,41059,41075,41079,41128,41042,41068,41078,41034,41047,41054,41059,41073,41080,41050,41056
41128,41164,41179,41183,41240,41149,41173,41182,41142,41153,41157,41161,41177,41185,41154,41161
41240,41271,41283,41286,41352,41253,41278,41285,41246,41256,41262,41269,41281,41288,41258,41265
41352,41382,41394,41397,41451,41364,41389,41396,41357,41368,41377,41383,41392,41400,41370,41380
41451,41494,41506,41511,41569,41477,41501,41510,41471,41480,41488,41494,41504,41515,41483,41491
41569,41602,41614,41618,41678,41585,41610,41618,41579,41590,41596,41601,41612,41623,41593,41601
41678,41714,41726,41729,41773,41696,41721,41728,41690,41700,41709,41716,41724,41732,41704,41713
41773,41827,41838,41841,41893,41809,41833,41840,41804,41812,41821,41828,41836,41844,41816,41824
41893,41927,41949,41952,41995,41919,41944,41952,41914,41923,41933,41940,41947,41955,41926,41937
41995,42038,42060,42064,42110,42029,42054,42063,42023,42032,42042,42049,42058,42067,42036,42046
42110,42155,42174,,42217,42139,42167,42176,42133,42143,42151,42157,42213,42212,42146,42154
42217,42259,42268,42273,42333,42251,42264,42274,42246,42256,42259,42259,42266,42274,42259,42270
42333,42378,42397,42400,42450,42366,42391,42399,42360,42369,42382,42387,42395,42402,42372,42387
42450,42492,42524,42528,42557,42475,42496,42505,42470,42478,42487,42492,42497,42505,42482,42489
42557,42605,42639,42616,42676,42581,42610,42616,42576,42584,42592,42605,42612,42621,42587,42602
42676,42705,42718,42727,42782,42686,42712,42723,42680,42689,42698,42706,42716,42734,42693,42701
42782,42799,42821,42832,42887,42791,42816,42825,42786,42795,42805,42812,42819,42827,42799,42809
42887,42905,42925,42935,42997,42896,42918,42929,42891,42900,42908,42915,42923,42938,42903,42911
42997,43014,43038,43047,43105,43004,43030,43041,42999,43008,43018,43026,43036,43044,43012,43021
43105,43123,43144,43181,43215,43115,43138,43148,43109,43118,43126,43134,43142,43156,43121,43130
43215,43234,43252,43255,43300,43224,43246,43254,43218,43227,43236,43242,43250,43257,43231,43242
43300,43342,43362,43374,43428,43331,43354,43365,43326,43335,43342,43350,43360,43369,43338,43347
43428,43452,43465,43471,43534,43436,43458,43468,43430,43440,43447,43452,43463,43472,43443,43449
43534,43555,43571,43577,43638,43542,43565,43574,43536,43546,43556,43561,43569,43578,43550,43558
43638,43662,43675,43680,43742,43647,43668,43679,43641,43650,43658,43663,43673,43686,43654,43660
43742,43768,43780,43790,43846,43750,43774,43785,43743,43753,43761,43768,43779,43789,43756,43764
43846,43871,43879,43882,43950,43855,43876,43882,43848,43858,43865,43868,43877,43888,43861,43868
43950,43974,43986,43988,44053,43959,43981,43988,43953,43962,43973,43974,43984,43991,43966,43974
44053,44078,44090,44096,44154,44063,44085,44096,44057,44066,44073,44078,44089,44100,44069,44078
44154,44176,44191,44197,44254,44166,44186,44195,44160,44170,44180,44181,44189,44197,44173,44181
44254,44276,44287,44289,44351,44263,44281,44288,44257,44266,44273,44277,44285,44292,44269,44277
44351,44375,44389,44391,44450,44360,44382,44391,44354,44363,44370,44372,44386,44395,44366,44372
44450,44477,44487,44489,44550,44460,44483,44489,44453,44464,44470,44476,44485,44491,44466,44473
44550,44577,44586,44588,44651,44561,44582,44588,44554,44564,44569,44575,44584,44591,44567,44572
44651,44677,44688,44691,44752,44662,44683,44691,44655,44666,44672,44675,44686,44695,44668,44675
44752,44778,44809,44822,44852,44763,44802,44821,44756,44767,44788,44798,44808,44826,44769,44793
44852,44878,44889,44892,44954,44863,44884,44892,44857,44867,44874,44877,44887,44895,44870,44877
44954,44979,44991,44994,45056,44965,44985,44993,44959,44969,44976,44980,44989,44997,44972,44980
45056,45081,45091,45094,45149,45067,45087,45094,45061,45071,45078,45080,45089,45101,45074,45080
45149,45173,45184,45187,45237,45160,45179,45187,45154,45164,45170,45173,45182,45190,45166,45173
45237,45262,45274,45278,45327,45247,45269,45278,45241,45251,45257,45261,45272,45283,45253,45261
45327,45354,45365,45368,45424,45338,45360,45367,45332,45342,45347,45353,45363,45371,45344,45350
45424,45451,45461,45465,45525,45435,45456,45464,45429,45438,45445,45450,45459,45468,45441,45447
45525,45552,45562,45566,45637,45538,45558,45566,45533,45542,45549,45552,45560,45572,45545,45552
45637,45656,45671,45678,45742,45645,45664,45673,45640,45649,45656,45660,45668,45683,45652,45660
45742,45759,45775,45784,45845,45751,45768,45779,45746,45755,45764,45764,45772,45784,45758,45764
45845,45865,45882,45890,45952,45857,45875,45885,45852,45861,45869,45872,45880,45890,45864,45872
45952,45973,45987,45991,46058,45962,45979,45990,45956,45965,45973,45973,45985,45994,45968,45973
46058,46080,46092,46099,46157,46066,46086,46096,46061,46070,46077,46080,46090,46100,46072,46080
46157,46183,46195,46197,46259,46169,46190,46197,46163,46173,46183,46183,46193,46201,46175,46183
46259,46284,46294,46296,46357,46269,46290,46296,46263,46273,46280,46284,46292,46299,46276,46284
46357,46382,46393,46396,46451,46367,46388,46396,46360,46371,46377,46379,46391,46399,46373,46379
46451,46474,46488,46491,46546,46462,46482,46491,46456,46466,46475,46475,46486,46495,46469,46475
46546,46572,46597,46601,46639,46556,46592,46600,46550,46559,46567,46570,46596,46603,46562,46570
46639,46663,46674,46677,46731,46649,46670,46677,46643,46653,46662,46662,46672,46681,46656,46662
46731,46755,46767,46770,46820,46741,46762,46770,46735,46746,46752,46752,46765,46774,46749,46752
46820,46845,46855,46858,46911,46832,46851,46858,46826,46836,46843,46843,46853,46861,46839,46843
46911,46935,46945,46948,47001,46922,46941,46948,46916,46926,46933,46933,46943,46951,46929,46933
47001,47025,47035,47038,47090,47011,47031,47038,47005,47015,47021,47024,47033,47042,47017,47024
47090,47112,47124,47126,47178,47099,47120,47126,47093,47104,47112,47112,47122,47132,47107,47112
47178,47202,47213,47215,47262,47188,47208,47215,47182,47192,47199,47201,47210,47219,47195,47201
47262,47284,47296,47299,47346,47272,47291,47299,47266,47276,47284,47284,47294,47302,47279,47284
47346,47370,47382,47385,47430,47356,47377,47385,47350,47360,47365,47368,47380,47390,47362,47368
47430,47455,47466,47469,47517,47441,47462,47469,47434,47444,47450,47454,47464,47473,47447,47454
47517,47541,47552,47555,47604,47527,47548,47555,47520,47530,47536,47540,47550,47559,47533,47540
47604,47629,47640,47644,47694,47615,47634,47643,47609,47619,47624,47627,47638,47647,47621,47627
47694,47716,47727,47730,47778,47703,47722,47730,47697,47707,47714,47714,47725,47733,47709,47714
47778,47803,47814,47817,47867,47788,47810,47817,47782,47792,47798,47801,47812,47820,47794,47801
47867,47891,47922,47901,47956,47877,47897,47901,47870,47880,47887,47890,47898,47904,47883,47890
47956,47981,47991,47994,48045,47966,47986,47994,47959,47970,47971,47978,47988,47998,47971,47975
48045,48068,48097,48079,48128,48054,48074,48079,48047,48058,48063,48063,48075,48085,48060,48063
48128,48150,48161,48164,48212,48137,48156,48164,48131,48140,48146,48149,48158,48168,48143,48149
48212,48235,48245,48249,48297,48221,48240,48248,48215,48224,48229,48234,48243,48255,48226,48234
48297,48321,48330,48333,48382,48306,48326,48333,48300,48309,48314,48319,48328,48338,48311,48319
48382,48404,48415,48418,48463,48391,48410,48418,48385,48396,48400,48400,48413,48422,48398,48400
48463,48485,48496,48501,48546,48472,48491,48501,48466,48476,48481,48484,48494,48505,48478,48484
48546,48570,48581,48584,48628,48555,48577,48584,48549,48559,48563,48568,48579,48587,48561,48565
48628,48653,48663,48665,48711,48638,48660,48665,48632,48642,48646,48651,48661,48668,48644,48651
48711,48734,48745,48748,48791,48720,48740,48748,48714,48723,48729,48733,48742,48752,48726,48733
48791,48813,48823,48825,48870,48800,48818,48824,48794,48803,48808,48812,48821,48828,48805,48812
48870,48893,48904,48908,48951,48880,48898,48907,48873,48883,48888,48892,48902,48912,48885,48892
48951,48975,48987,48990,49034,48961,48981,48989,48954,48964,48969,48974,48984,48993,48966,48974
49034,49058,49067,49069,49117,49044,49063,49069,49037,49047,49052,49057,49065,49072,49049,49054
49117,49139,49151,49154,49200,49127,49146,49154,49122,49131,49141,49141,49149,49159,49135,49141
49200,49223,49233,49235,49284,49209,49228,49235,49203,49213,49216,49221,49231,49238,49215,49221
49284,49308,49318,49321,49371,49294,49313,49320,49288,49298,49303,49307,49316,49324,49300,49307
49371,49395,49404,49406,49454,49380,49400,49406,49374,49383,49389,49393,49402,49409,49386,49393
49454,49477,49486,49488,49536,49464,49482,49488,49458,49468,49474,49474,49484,49492,49470,49474
49536,49559,49569,49572,49618,49545,49565,49572,49539,49548,49556,49556,49567,49576,49551,49556
49618,49640,49650,49653,49699,49627,49646,49653,49621,49631,49637,49639,49648,49655,49633,49639
49699,49721,49731,49734,49778,49708,49726,49734,49701,49711,49715,49718,49728,49739,49713,49718
49778,49800,49811,49815,49856,49787,49806,49815,49781,49791,49798,49798,49809,49819,49793,49798
49856,49877,49887,49890,49934,49864,49882,49890,49859,49867,49873,49877,49885,49895,49870,49877
49934,49954,49966,49969,50015,49943,49961,49969,49938,49946,49954,49954,49964,49972,49949,49954
50015,50034,50047,50051,50096,50024,50041,50050,50018,50027,50036,50036,50044,50053,50030,50036
50096,50117,50129,50131,50181,50105,50124,50131,50100,50109,50116,50118,50126,50134,50112,50118
50181,50205,50217,50219,50269,50191,50212,50219,50185,50194,50201,50204,50215,50222,50197,50204
50269,50292,50302,50305,50357,50279,50297,50305,50272,50284,50295,50295,50300,50309,50295,50304
50357,50382,50391,50392,50447,50367,50387,50392,50361,50370,50376,50380,50389,50395,50373,50380
50447,50472,50499,50483,50535,50458,50478,50483,50452,50461,50468,50468,50480,50489,50464,50468
50535,50558,50568,50571,50621,50544,50563,50571,50537,50547,50552,50556,50566,50575,50549,50556
50621,50647,50655,50672,50710,50632,50665,50672,50625,50635,50640,50645,50667,50675,50637,50645
50710,50735,50745,50746,50799,50720,50741,50746,50714,50724,50729,50732,50743,50749,50726,50732
50799,50823,50833,50835,50885,50809,50828,50835,50803,50812,50817,50822,50830,50839,50814,50822
50885,50910,50919,50922,50972,50895,50915,50921,50889,50898,50903,50909,50917,50924,50900,50906
50972,50998,51006,51028,51062,50982,51020,51027,50976,50985,50990,50995,51023,51029,50987,50992
51062,51088,51098,51100,51154,51073,51094,51100,51066,51076,51080,51086,51096,51103,51078,51083
51154,51180,51190,51193,51245,51165,51186,51193,51158,51168,51173,51177,51188,51197,51170,51177
51245,51270,51279,51301,51335,51255,51291,51300,51249,51259,51264,51268,51295,51302,51261,51268
51335,51361,51370,51372,51426,51346,51367,51372,51340,51349,51354,51359,51368,51376,51351,51356
51426,51451,51479,51483,51519,51436,51473,51482,51430,51440,51444,51448,51477,51483,51442,51448
51519,51544,51568,51573,51608,51528,51563,51572,51522,51531,51537,51541,51567,51573,51534,51541
51608,51631,51640,51642,51696,51618,51636,51642,51611,51621,51627,51627,51638,51647,51623,51627
51696,51721,51731,51733,51784,51706,51726,51733,51699,51709,51713,51719,51728,51737,51711,51716
51784,51810,51819,51821,51874,51794,51816,51821,51788,51798,51804,51808,51817,51825,51800,51808
51874,51899,51908,51911,51963,51884,51904,51911,51878,51887,51891,51896,51906,51915,51889,51896
51963,51986,51996,51998,52049,51972,51991,51998,51966,51976,51982,51984,51994,52001,51978,51984
52049,52074,52082,52083,52137,52059,52079,52083,52053,52062,52067,52071,52080,52087,52064,52071
52137,52162,52172,52175,52226,52147,52169,52175,52140,52150,52154,52160,52170,52178,52152,52157
52226,52250,52260,52262,52313,52235,52256,52262,52229,52239,52242,52248,52258,52265,52240,52245
52313,52337,52364,52346,52399,52323,52342,52346,52316,52327,52333,52333,52343,52350,52329,52333
52399,52424,52433,52436,52487,52408,52429,52436,52402,52412,52416,52421,52431,52440,52414,52421
52487,52513,52521,52524,52579,52498,52518,52524,52492,52501,52506,52510,52519,52529,52503,52510
52579,52604,52612,52615,52669,52589,52609,52615,52583,52592,52597,52602,52610,52617,52594,52602
52669,52692,52702,52704,52759,52678,52697,52704,52673,52681,52687,52690,52699,52709,52684,52690
52759,52783,52793,52796,52849,52768,52788,52796,52762,52771,52776,52782,52791,52799,52773,52779
52849,52874,52883,52885,52941,52858,52879,52885,52852,52861,52867,52872,52881,52888,52864,52869
52941,52965,52975,52978,53029,52950,52970,52978,52944,52953,52959,52964,52973,52981,52956,52964
53029,53052,53062,53064,53116,53039,53058,53064,53032,53042,53050,53051,53060,53067,53045,53051
53116,53141,53150,53152,53207,53125,53146,53152,53119,53128,53134,53139,53148,53162,53131,53139
53207,53231,53240,53243,53297,53216,53236,53243,53209,53219,53223,53229,53238,53248,53221,53226
53297,53323,53332,53334,53389,53306,53328,53334,53300,53309,53314,53320,53330,53337,53311,53317
53389,53413,53444,53421,53476,53398,53418,53421,53392,53401,53406,53410,53419,53426,53403,53410
53476,53501,53510,53511,53565,53485,53506,53511,53479,53488,53492,53499,53507,53514,53490,53496
53565,53591,53624,53600,53656,53575,53597,53600,53568,53579,53581,53587,53598,53606,53580,53584
53656,53681,53690,53692,53746,53666,53687,53692,53659,53669,53673,53679,53688,53696,53671,53676
53746,53770,53779,53782,53833,53755,53775,53782,53749,53758,53762,53767,53777,53785,53760,53767
53833,53858,53868,53870,53924,53843,53864,53870,53836,53846,53850,53855,53866,53873,53848,53855
53924,53949,53959,53984,54014,53933,53968,53975,53926,53936,53938,53946,53971,53975,53937,53942
54014,54040,54067,54073,54104,54024,54060,54072,54018,54027,54032,54038,54065,54072,54029,54035
54104,54129,54138,54140,54191,54115,54135,54140,54108,54118,54121,54126,54136,54143,54120,54126
54191,54217,54241,54250,54280,54201,54235,54249,54195,54205,54209,54214,54240,54253,54206,54211
54280,54305,54326,,54367,54290,54321,54331,54283,54302,54311,54317,54325,54331,54307,54314
54367,54392,54407,54409,54454,54377,54401,54408,54370,54380,54383,54389,54405,54411,54382,54386
54454,54479,54488,54490,54538,54464,54485,54490,54458,54467,54471,54477,54486,54497,54469,54474
54538,54562,54572,54575,54622,54548,54567,54575,54541,54551,54555,54560,54570,54579,54553,54557
54622,54646,54680,54670,54705,54631,54663,54669,54624,54634,54637,54643,54666,54672,54635,54640
54705,54730,54739,54740,54792,54715,54736,54740,54709,54719,54722,54728,54737,54745,54720,54725
54792,54816,54825,54826,54875,54801,54821,54826,54795,54805,54808,54813,54822,54829,54806,54813
54875,54899,54907,54909,54958,54884,54904,54909,54878,54888,54892,54896,54905,54912,54890,54896
54958,54983,55008,55014,55042,54968,54988,54995,54961,54979,54984,54984,54989,54995,54984,54992
55042,55068,55077,55078,55130,55053,55074,55078,55046,55057,55060,55065,55075,55081,55059,55065
55130,55155,55180,55166,55216,55140,55163,55166,55133,55143,55147,55152,55164,55170,55145,55149
55216,55240,55249,55251,55302,55226,55245,55251,55219,55236,55242,55242,55247,55255,55242,55251
55302,55327,55360,55337,55390,55312,55333,55337,55305,55324,55329,55329,55334,55341,55329,55337
55390,55416,55453,,55480,55401,55431,55437,55394,55412,55427,55427,55432,55437,55417,55427
55480,55504,55514,55533,55566,55490,55524,55532,55483,55501,55512,55520,55528,55534,55506,55516
55566,55590,55600,55602,55654,55576,55596,55602,55569,55587,55592,55592,55598,55606,55592,55601
55654,55680,55690,55692,55744,55665,55686,55692,55658,55668,55669,55677,55688,55695,55669,55674
55744,55769,55787,55789,55834,55755,55782,55789,55748,55765,55779,55779,55785,55792,55770,55779
55834,55859,55869,55873,55920,55844,55865,55873,55837,55847,55850,55857,55867,55880,55848,55854
55920,55946,55974,55955,56011,55931,55952,55955,55924,55935,55938,55943,55953,55965,55936,55943
56011,56037,56072,56048,56102,56021,56044,56048,56015,56024,56027,56034,56045,56053,56025,56031
56102,56127,56136,56137,56191,56112,56133,56137,56105,56114,56118,56124,56134,56140,56116,56121
56191,56215,56224,56226,56277,56200,56220,56226,56194,56203,56208,56212,56222,56229,56205,56212
56277,56302,56331,,56364,56287,56311,56321,56280,56298,56303,56303,56312,56321,56303,56318
56364,56390,56415,56428,56453,56374,56409,56419,56367,56377,56380,56387,56413,56419,56378,56383
56453,56478,56504,56519,56538,56463,56485,56494,56456,56466,56468,56474,56486,56494,56467,56471
56538,56562,56572,56575,56623,56548,56568,56575,56541,56560,56565,56565,56570,56579,56565,56574
56623,56648,56679,56658,56708,56632,56655,56658,56626,56636,56639,56645,56656,56661,56637,56642
56708,56734,56744,56763,56797,56719,56754,56762,56712,56722,56725,56732,56758,56765,56723,56728
56797,56822,56851,56832,56885,56808,56828,56832,56800,56818,56824,56824,56829,56835,56824,56832
56885,56909,56937,56918,56972,56894,56913,56918,56887,56898,56899,56905,56914,56920,56899,56905
56972,56997,57005,57006,57062,56982,57003,57006,56975,56986,56987,56994,57004,57009,56987,56991
57062,57087,57096,57099,57153,57072,57093,57099,57065,57075,57079,57085,57094,57101,57077,57082
57153,57177,57185,57187,57239,57162,57182,57187,57156,57165,57169,57175,57183,57190,57167,57172
57239,57263,57273,57275,57327,57249,57269,57275,57243,57253,57254,57261,57271,57278,57254,57258
57327,57353,57369,57371,57417,57337,57361,57371,57331,57341,57343,57350,57367,57375,57342,57347
57417,57442,57452,57455,57504,57427,57448,57455,57420,57430,57433,57439,57450,57459,57432,57436
57504,57528,57537,57539,57592,57514,57533,57539,57507,57517,57520,57526,57535,57541,57518,57523
57592,57617,57627,57629,57682,57602,57623,57629,57596,57605,57608,57615,57625,57632,57607,57612
57682,57707,57716,,57773,57693,57727,57739,57685,57704,57714,57722,57732,57739,57709,57717
57773,57797,57807,57809,57862,57783,57804,57809,57776,57789,57792,57792,57805,57812,57791,57792
57862,57886,57896,57898,57953,57873,57892,57898,57866,57877,57880,57883,57894,57901,57878,57883
57953,57978,57987,57988,58044,57963,57984,57988,57956,57967,57969,57975,57985,57992,57968,57975
58044,58070,58081,58084,58137,58055,58077,58084,58048,58060,58061,58066,58079,58088,58061,58066
58137,58162,58172,58174,58226,58148,58169,58174,58141,58152,58154,58159,58170,58178,58153,58159
58226,58250,58259,58260,58316,58237,58256,58260,58230,58246,58252,58252,58257,58265,58252,58260
58316,58341,58373,58351,58408,58327,58347,58351,58320,58331,58333,58339,58348,58353,58332,58336
58408,58434,58443,,58503,58420,58454,58465,58413,58423,58426,58431,58460,58465,58425,58431
58503,58527,58537,58539,58594,58513,58534,58539,58507,58517,58522,58525,58535,58542,58519,58525
58594,58617,58627,58629,58685,58603,58623,58629,58597,58607,58612,58615,58624,58631,58609,58615
58685,58710,58720,,58778,58695,58731,,58689,58700,58701,58707,58735,58739,58700,58704
58778,58803,58814,58817,58872,58789,58809,58816,58782,58794,58796,58800,58812,58820,58795,58800
58872,58898,58910,58927,58964,58883,58919,58926,58877,58888,58890,58895,58922,58927,58889,58895
58964,58989,58999,59001,59055,58975,58995,59001,58968,58979,58983,58986,58997,59004,58981,58986
59055,59081,59091,59093,59148,59066,59087,59093,59059,59070,59072,59078,59089,59096,59071,59078
59148,59174,59183,59185,59242,59159,59180,59185,59152,59163,59166,59171,59181,59187,59164,59171
59242,59268,59294,59301,59334,59252,59288,59300,59245,59254,59258,59265,59293,59306,59256,59262
59334,59360,59384,59389,59426,59343,59379,59388,59337,59346,59351,59357,59382,59395,59348,59354
59426,59453,59496,59463,59519,59435,59460,59463,59428,59437,59442,59449,59461,59468,59439,59445
59519,59546,59570,59572,59611,59528,59565,59571,59522,59531,59536,59542,59568,59573,59533,59539
59611,59635,59644,59651,59703,59621,59641,59651,59614,59624,59626,59632,59642,59655,59625,59629
59703,59729,59749,59753,59795,59712,59745,59753,59705,59714,59719,59725,59748,59756,59716,59722
59795,59822,59829,59829,59890,59805,59826,59829,59798,59807,59812,59819,59827,59832,59810,59815
59890,59915,59924,59925,59981,59899,59921,59925,59893,59903,59907,59912,59922,59929,59905,59912
59981,60006,60014,60016,60071,59991,60011,60016,59985,59994,59999,60004,60012,60021,59996,60001
60071,60096,60104,60106,60161,60080,60100,60106,60074,60083,60086,60093,60102,60109,60085,60090
60161,60188,60215,60196,60254,60171,60193,60196,60165,60174,60178,60184,60194,60203,60176,60181
60254,60279,60288,60290,60346,60264,60284,60290,60256,60276,60281,60281,60286,60293,60281,60289
60346,60370,60378,60402,60436,60355,60393,60401,60348,60358,60361,60366,60397,60403,60360,60366
60436,60462,60490,60499,60528,60445,60474,60480,60439,60448,60452,60459,60475,60480,60450,60455
60528,60555,60575,60586,60625,60539,60572,60578,60532,60551,60561,60566,60574,60578,60556,60563
60625,60651,60660,60662,60718,60635,60656,60662,60627,60647,60652,60652,60658,60665,60652,60661
60718,60742,60752,60755,60809,60727,60748,60755,60721,60731,60734,60740,60750,60759,60732,60737
60809,60834,60843,60845,60900,60818,60840,60845,60812,60821,60825,60831,60841,60852,60823,60828
60900,60927,60934,60935,60993,60910,60931,60935,60904,60913,60917,60924,60932,60938,60915,60920
60993,61018,61027,61030,61082,61003,61023,61030,60997,61006,61010,61016,61025,61036,61008,61013
61082,61106,61116,61119,61171,61092,61112,61119,61086,61096,61101,61104,61114,61124,61098,61104
61171,61197,61206,61209,61262,61181,61202,61208,61175,61184,61189,61195,61204,61211,61186,61192
61262,61287,61295,61297,61355,61272,61291,61297,61265,61275,61278,61284,61293,61300,61276,61281
61355,61379,61388,61391,61443,61364,61383,61391,61358,61367,61372,61376,61385,61398,61369,61376
61443,61467,61477,61481,61534,61453,61473,61481,61447,61456,61463,61465,61475,61488,61459,61465
61534,61559,61570,61573,61625,61544,61565,61573,61538,61546,61551,61558,61567,61577,61549,61554
61625,61651,61677,61685,61717,61636,61672,61684,61629,61639,61643,61648,61676,61688,61641,61648
61717,61739,61750,61753,61805,61725,61745,61753,61719,61728,61734,61737,61747,61757,61731,61737
61805,61829,61853,61857,61896,61814,61849,61856,61808,61817,61824,61826,61852,61858,61819,61826
61896,61921,61932,61937,61988,61906,61928,61937,61899,61909,61914,61920,61931,61939,61911,61917
61988,62012,62023,62026,62078,61998,62019,62026,61992,62001,62008,62012,62021,62028,62004,62012
62078,62101,62110,62113,62165,62086,62106,62113,62081,62089,62095,62099,62108,62121,62092,62099
62165,62190,62198,62199,62255,62174,62194,62199,62168,62176,62182,62187,62195,62202,62179,62187
62255,62282,62306,,62346,62265,62301,62315,62258,62268,62271,62278,62305,62315,62269,62274
62346,62372,62379,62400,62437,62356,62392,62399,62350,62359,62363,62369,62395,62400,62361,62366
62437,62459,62470,62472,62523,62446,62465,62472,62440,62450,62452,62456,62467,62476,62451,62456
62523,62548,62570,,62610,62532,62565,62574,62526,62535,62538,62544,62569,62574,62536,62541
62610,62635,62663,,62698,62619,62647,,62612,62622,62625,62631,62648,62654,62623,62628
62698,62723,62734,62737,62789,62707,62730,62737,62701,62711,62715,62721,62732,62739,62713,62718
62789,62812,62824,62827,62876,62798,62819,62827,62791,62801,62805,62810,62821,62830,62802,62807
62876,62898,62927,62931,62960,62885,62904,62910,62878,62895,62900,62900,62905,62910,62900,62907
62960,62985,62995,62997,63047,62970,62992,62997,62963,62983,62988,62988,62993,62999,62988,62996
63047,63072,63094,63097,63134,63057,63089,63096,63050,63070,63079,63085,63092,63098,63074,63082
63134,63158,63168,63170,63219,63144,63164,63170,63138,63149,63151,63156,63166,63173,63150,63156
63219,63244,63253,63255,63305,63229,63250,63255,63222,63232,63235,63242,63251,63258,63234,63239
63305,63330,63352,,63392,63316,63348,,63309,63327,63338,63343,63351,63354,63332,63340
63392,63416,63426,63428,63477,63402,63423,63428,63396,63407,63408,63414,63424,63431,63407,63411
63477,63501,63512,63514,63562,63487,63508,63514,63481,63491,63494,63499,63510,63517,63492,63499
63562,63586,63597,63599,63648,63572,63593,63599,63565,63576,63579,63584,63595,63601,63578,63581
63648,63673,63683,63686,63737,63659,63680,63686,63652,63663,63665,63671,63681,63690,63664,63668
63737,63761,63789,63771,63823,63747,63767,63771,63741,63758,63763,63763,63768,63779,63763,63771
63823,63847,63875,63859,63908,63833,63853,63859,63826,63837,63840,63844,63855,63865,63838,63844
63908,63933,63966,63945,63996,63919,63941,63945,63912,63923,63925,63931,63942,63948,63924,63928
63996,64021,64031,64034,64085,64006,64027,64034,63999,64010,64012,64019,64029,64036,64011,64016
64085,64108,64118,64121,64169,64094,64114,64121,64088,64098,64100,64106,64116,64125,64099,64103
64169,64193,64202,64205,64257,64179,64199,64205,64173,64183,64185,64191,64200,64208,64184,64188
64257,64282,64293,64296,64346,64268,64288,64295,64260,64280,64284,64284,64291,64299,64284,64294
64346,64371,64382,64386,64437,64357,64377,64385,64350,64369,64374,64374,64380,64389,64374,64384
64437,64462,64472,64474,64525,64448,64468,64474,64441,64451,64454,64460,64470,64478,64453,64457
64525,64549,64560,64563,64615,64535,64555,64562,64529,64539,64541,64547,64558,64565,64540,64544
64615,64640,64651,64655,64707,64626,64646,64654,64619,64638,64643,64643,64649,64659,64643,64652
64707,64733,64744,64747,64797,64719,64739,64746,64712,64730,64735,64735,64742,64750,64735,64745
64797,64821,64831,64833,64887,64808,64826,64832,64801,64819,64824,64824,64829,64835,64824,64831
64887,64912,64923,64926,64979,64899,64918,64925,64892,64910,64915,64915,64921,64929,64915,64924
64979,65004,65014,65021,65070,64990,65010,65020,64983,65002,65006,65006,65012,65024,65006,65014
65070,65093,65105,65109,65159,65080,65099,65108,65074,65084,65086,65092,65103,65112,65085,65089
65159,65183,65194,65198,65250,65169,65189,65197,65162,65181,65186,65186,65192,65200,65186,65196
65250,65276,65286,,65344,65261,65282,,65254,65273,65278,65278,65285,65291,65278,65287
65344,65369,65381,65384,65435,65355,65376,65383,65348,65366,65371,65371,65379,65386,65371,65383
65435,65459,65488,65470,65525,65445,65466,65470,65439,65455,65461,65461,65467,65474,65461,65470
65525,65550,65561,65565,65617,65536,65557,65564,65529,65548,65553,65553,65559,65566,65553,65562
65617,65644,65665,65675,65712,65629,65659,65674,65622,65641,65651,65656,65667,65674,65645,65653
65712,65737,65765,65771,65802,65723,65759,65770,65716,65734,65747,65755,65763,65771,65739,65752
65802,65827,65838,65840,65893,65813,65833,65840,65806,65824,65829,65829,65835,65844,65829,65840
65893,65919,65949,,65986,65904,65928,65932,65897,65916,65921,65921,65929,65932,65921,65930
65986,66012,66040,,66081,65998,66032,,65991,66009,66020,66027,66039,66042,66014,66023
66081,66106,66116,66148,66172,66092,66127,66138,66085,66103,66114,66122,66131,66138,66109,66118
66172,66197,66208,66211,66265,66183,66204,66211,66176,66195,66199,66199,66206,66214,66199,66209
66265,66291,66301,66305,66359,66277,66297,66304,66270,66288,66293,66293,66299,66306,66293,66302
66359,66385,66395,66398,66453,66371,66390,66397,66364,66383,66388,66388,66393,66400,66388,66396
66453,66476,66487,66490,66543,66464,66482,66489,66457,66468,66471,66474,66485,66493,66469,66474
66543,66567,66578,66582,66634,66554,66573,66581,66547,66558,66560,66565,66576,66585,66559,66565
66634,66659,66670,66674,66726,66645,66665,66673,66638,66650,66651,66657,66668,66675,66651,66657
66726,66750,66760,66764,66815,66737,66755,66763,66730,66741,66744,66748,66758,66765,66742,66748
66815,66839,66850,66854,66905,66826,66845,66853,66820,66831,66834,66836,66848,66858,66832,66836
66905,66930,66941,66948,66996,66916,66936,66947,66910,66928,66933,66933,66939,66951,66933,66941
66996,67021,67032,67035,67088,67008,67027,67034,67001,67012,67015,67019,67030,67036,67013,67019
67088,67112,67122,67125,67179,67098,67118,67125,67091,67109,67114,67114,67120,67133,67114,67123
67179,67205,67229,67233,67271,67189,67223,67232,67182,67201,67211,67218,67227,67235,67206,67214
67271,67298,67326,67329,67364,67282,67304,67311,67274,67294,67299,67299,67305,67311,67299,67307
67364,67390,67422,67398,67455,67375,67395,67398,67368,67385,67390,67390,67396,67404,67390,67399
67455,67480,67488,67489,67547,67464,67485,67489,67457,67467,67471,67477,67486,67492,67469,67474
67547,67573,67599,67602,67641,67556,67594,67601,67549,67559,67560,67569,67597,67604,67560,67565
67641,67667,67675,67678,67731,67650,67672,67678,67643,67652,67657,67663,67673,67684,67654,67660
67731,67758,67766,67766,67825,67740,67763,67766,67734,67743,67748,67755,67764,67770,67745,67751
67825,67851,67859,67860,67919,67834,67856,67860,67827,67837,67841,67848,67857,67866,67839,67844
67919,67945,67976,,68011,67927,67948,67955,67921,67930,67934,67940,67949,67955,67932,67937
68011,68035,68063,68045,68101,68020,68041,68045,68013,68023,68030,68030,68042,68052,68025,68030
68101,68126,68149,68170,68192,68109,68145,68151,68103,68112,68117,68123,68147,68151,68114,68120
68192,68219,68226,68228,68286,68201,68223,68228,68195,68203,68209,68215,68224,68233,68206,68212
68286,68310,68319,68322,68377,68295,68315,68322,68288,68298,68302,68308,68317,68325,68299,68305
68377,68402,68410,68412,68469,68386,68407,68412,68380,68389,68394,68398,68408,68415,68391,68398
68469,68496,68522,68525,68563,68478,68517,68524,68472,68481,68484,68491,68520,68527,68482,68487
68563,68591,68612,68615,68659,68574,68609,68615,68567,68577,68580,68588,68610,68617,68578,68584
68659,68685,68712,68696,68750,68669,68691,68696,68662,68672,68676,68681,68693,68701,68674,68681
68750,68775,68804,68807,68841,68760,68782,68786,68753,68764,68766,68772,68783,68786,68765,68769
68841,68867,68903,68879,68931,68851,68876,68879,68844,68862,68867,68867,68877,68884,68867,68881
68931,68956,68966,68968,69017,68941,68963,68968,68934,68953,68958,68958,68964,68971,68958,68967
69017,69041,69050,69053,69103,69027,69047,69053,69020,69032,69033,69039,69048,69055,69033,69036
69103,69126,69153,69162,69192,69112,69147,69161,69105,69116,69118,69123,69151,69166,69117,69123
69192,69216,69227,69230,69277,69202,69223,69230,69195,69205,69212,69214,69225,69233,69208,69214
69277,69300,69311,69315,69363,69286,69305,69314,69280,69289,69294,69298,69309,69318,69291,69298
69363,69388,69397,69399,69453,69373,69393,69399,69367,69376,69380,69386,69395,69402,69378,69383
69453,69478,69487,69490,69548,69463,69483,69490,69457,69466,69470,69475,69485,69494,69468,69475
69548,69571,69581,69584,69637,69557,69576,69584,69551,69561,69566,69569,69579,69588,69563,69569
69637,69660,69671,69677,69728,69647,69666,69677,69641,69651,69657,69658,69669,69682,69653,69658
69728,69753,69762,69763,69822,69738,69759,69763,69731,69742,69745,69751,69760,69766,69743,69748
69822,69847,69857,69860,69911,69831,69853,69860,69825,69835,69839,69844,69855,69870,69837,69844
69911,69935,69948,69951,69999,69921,69942,69950,69915,69924,69932,69932,69946,69954,69927,69932
69999,70024,70032,70034,70089,70008,70028,70034,70002,70011,70017,70022,70030,70038,70014,70019
70089,70114,70122,70124,70183,70098,70119,70124,70092,70101,70106,70112,70120,70126,70104,70109
70183,70206,70216,70220,70272,70191,70212,70220,70185,70194,70200,70205,70214,70224,70197,70202
70272,70297,70306,70308,70360,70281,70302,70308,70275,70284,70290,70295,70304,70311,70287,70295
70360,70385,70394,70397,70449,70369,70390,70398,70363,70372,70376,70383,70392,70398,70374,70379
70449,70475,70484,70485,70541,70459,70481,70485,70452,70462,70464,70472,70482,70488,70463,70468
70541,70567,70575,70578,70631,70551,70572,70578,70544,70563,70568,70568,70574,70587,70568,70576
70631,70655,70683,,70719,70640,70660,,70633,70652,70656,70656,70661,70665,70656,70663
70719,70745,70754,70755,70814,70730,70751,70755,70723,70734,70736,70743,70752,70758,70735,70740
70814,70841,70877,70853,70912,70824,70848,70853,70817,70826,70830,70837,70849,70857,70828,70834
70912,70938,70946,70949,71008,70922,70942,70949,70916,70926,70929,70935,70944,70952,70927,70932
71008,71033,71066,71043,71104,71018,71039,71043,71012,71022,71027,71029,71040,71047,71024,71029
71104,71130,71162,71141,71201,71115,71137,71141,71109,71119,71121,71127,71138,71150,71120,71124
71201,71227,71235,71237,71299,71212,71232,71237,71205,71215,71220,71225,71233,71239,71218,71225
71299,71323,71333,71336,71390,71309,71328,71335,71302,71313,71316,71321,71331,71338,71314,71321
71390,71415,71425,71429,71483,71400,71421,71429,71393,71403,71407,71413,71423,71435,71405,71410
71483,71509,71518,71520,71577,71493,71515,71520,71486,71495,71499,71506,71516,71523,71497,71502
71577,71603,71613,71615,71667,71588,71609,71615,71581,71600,71606,71606,71611,71617,71606,71614
71667,71691,71700,71702,71755,71677,71696,71702,71670,71681,71682,71688,71698,71706,71681,71685
71755,71781,71790,71791,71845,71765,71786,71791,71759,71769,71772,71778,71788,71797,71771,71775
71845,71871,71881,71883,71934,71856,71877,71883,71849,71860,71861,71868,71879,71886,71861,71865
71934,71959,71967,71969,72020,71945,71964,71969,71938,71949,71950,71956,71965,71971,71949,71953
72020,72044,72053,72055,72107,72029,72049,72055,72023,72032,72037,72042,72051,72058,72034,72039
72107,72134,72163,,72197,72116,72140,72147,72110,72119,72122,72129,72141,72147,72120,72126
72197,72223,72232,72235,72287,72206,72228,72235,72200,72208,72213,72220,72230,72237,72211,72216
72287,72310,72318,72321,72371,72295,72314,72321,72288,72297,72302,72307,72316,72324,72299,72304
72371,72397,72405,72407,72459,72381,72402,72407,72375,72384,72388,72394,72403,72410,72386,72391
72459,72486,72512,,72548,72469,72493,,72463,72472,72475,72482,72494,72502,72474,72479
72548,72573,72596,72597,72635,72557,72583,72590,72551,72561,72563,72569,72594,72601,72562,72566
72635,72657,72668,72670,72716,72644,72664,72670,72637,72649,72660,72660,72666,72675,72660,72669
72716,72740,72751,72754,72799,72725,72745,72753,72719,72728,72733,72739,72749,72756,72730,72736
72799,72823,72840,72843,72884,72808,72834,72842,72802,72812,72816,72820,72838,72845,72813,72820
72884,72908,72918,72922,72967,72893,72914,72922,72886,72895,72900,72906,72916,72926,72898,72903
72967,72989,73000,73003,73047,72976,72994,73002,72970,72979,72984,72988,72998,73006,72981,72988
73047,73070,73080,73086,73130,73056,73077,73086,73050,73059,73063,73068,73078,73089,73061,73068
73130,73154,73185,73166,73213,73139,73164,73166,73132,73142,73146,73152,73165,73174,73144,73149
73213,73237,73247,73250,73296,73222,73243,73250,73216,73225,73230,73235,73245,73253,73227,73232
73296,73318,73328,73331,73375,73305,73323,73330,73299,73309,73312,73317,73326,73334,73310,73314
73375,73397,73407,73410,73457,73384,73403,73410,73378,73387,73392,73396,73405,73413,73389,73396
73457,73480,73507,73488,73539,73465,73485,73488,73459,73468,73473,73477,73486,73492,73470,73477
73539,73563,73573,73577,73625,73549,73567,73576,73542,73553,73554,73561,73571,73577,73553,73558
73625,73647,73658,73663,73706,73634,73653,73663,73628,73637,73644,73645,73655,73670,73640,73645
73706,73727,73736,73739,73786,73714,73732,73739,73708,73717,73722,73725,73734,73743,73719,73725
73786,73809,73819,73823,73869,73794,73814,73822,73789,73797,73802,73808,73817,73826,73800,73805
73869,73892,73901,73903,73953,73877,73897,73903,73871,73880,73885,73890,73899,73907,73883,73890
73953,73977,73986,73988,74035,73962,73983,73988,73956,73965,73971,73976,73984,73991,73968,73973
74035,74057,74083,74086,74118,74044,74078,74085,74038,74047,74064,74073,74081,74088,74050,74067
74118,74140,74149,74151,74204,74126,74145,74151,74120,74129,74134,74139,74147,74153,74131,74139
74204,74230,74246,74249,74294,74213,74242,74249,74207,74216,74221,74227,74244,74253,74218,74224
74294,74318,74328,74331,74385,74303,74323,74331,74297,74306,74312,74316,74326,74334,74309,74316
74385,74406,74416,74418,74471,74393,74410,74417,74387,74396,74401,74405,74413,74420,74398,74405
74471,74493,74502,74504,74559,74480,74498,74504,74474,74482,74488,74492,74500,74506,74485,74492
74559,74585,74593,74607,74650,74568,74601,74606,74562,74572,74578,74583,74603,74608,74574,74583
74650,74673,74683,74687,74735,74659,74678,74687,74653,74662,74667,74671,74681,74692,74664,74671
74735,74759,74769,74772,74825,74745,74765,74772,74739,74749,74753,74757,74767,74778,74751,74757
74825,74851,74885,74889,74918,74835,74872,74878,74829,74837,74841,74847,74875,74878,74839,74844
74918,74944,74974,74981,75011,74928,74951,74959,74921,74931,74935,74940,74952,74959,74932,74937
75011,75035,75043,75044,75096,75020,75040,75044,75013,75023,75029,75032,75041,75049,75025,75032
75096,75118,75129,75132,75178,75105,75125,75132,75099,75109,75113,75114,75127,75137,75110,75114
75178,75203,75234,75214,75265,75188,75210,75214,75181,75192,75195,75201,75211,75218,75193,75198
75265,75290,75301,75305,75356,75276,75297,75305,75269,75279,75282,75288,75299,75311,75280,75285
75356,75382,75390,75392,75449,75366,75387,75392,75359,75368,75373,75379,75388,75394,75371,75376
75449,75473,75484,75486,75539,75460,75479,75486,75454,75463,75470,75472,75481,75490,75466,75472
75539,75555,75570,75582,75602,75548,75564,75576,75542,75551,75558,75561,75569,75583,75554,75561
75602,75640,75657,75661,75710,75633,75651,75660,75628,75636,75643,75648,75655,75663,75639,75645
75710,75727,75744,75752,75802,75719,75738,75749,75714,75723,75730,75735,75743,75753,75726,75732
75802,75822,75835,75842,75895,75810,75829,75838,75805,75813,75819,75825,75833,75842,75816,75822
75895,75917,75934,75939,75992,75904,75924,75936,75898,75907,75913,75919,75932,75940,75910,75916
75992,76013,76023,76033,76087,76000,76018,76025,75994,76003,76009,76013,76021,76025,76006,76013
76087,76108,76119,76127,76183,76096,76113,76122,76091,76099,76105,76109,76116,76127,76102,76109
76183,76199,76213,76221,76270,76191,76203,76216,76186,76195,76198,76198,76210,76221,76198,76215
76270,76288,76299,76302,76352,76279,76294,76303,76273,76282,76287,76287,76296,76303,76286,76287
76352,76373,76383,76386,76431,76360,76379,76386,76354,76363,76370,76374,76381,76389,76366,76374
76431,76454,76466,76469,76513,76440,76461,76469,76434,76444,76450,76453,76464,76473,76446,76453
76513,76537,76547,76548,76599,76522,76543,76548,76516,76526,76529,76534,76544,76552,76527,76534
76599,76623,76633,76637,76688,76609,76629,76637,76602,76613,76616,76620,76631,76643,76614,76620
76688,76712,76722,76725,76780,76698,76718,76725,76692,76703,76704,76709,76720,76731,76703,76709
76780,76805,76815,76818,76876,76791,76810,76818,76785,76795,76802,76802,76812,76822,76798,76802
76876,76897,76907,76910,76966,76886,76902,76910,76880,76889,76895,76895,76905,76913,76892,76895
76966,76986,76996,76999,77048,76975,76991,76999,76969,76978,76985,76985,76994,77003,76982,76985
77048,77071,77082,77086,77129,77058,77077,77086,77051,77061,77068,77069,77080,77091,77064,77069
77129,77152,77163,77165,77211,77138,77159,77165,77132,77142,77149,77151,77161,77170,77145,77151
77211,77235,77261,77246,77296,77220,77242,77246,77214,77224,77230,77232,77243,77250,77226,77232
77296,77321,77331,77333,77384,77307,77328,77333,77300,77319,77324,77324,77329,77336,77324,77332
77384,77409,77420,,77477,77395,77430,77443,77388,77399,77402,77407,77434,77443,77400,77407
77477,77502,77529,77541,77573,77488,77524,77533,77482,77492,77513,77520,77527,77533,77494,77517
77573,77597,77606,77609,77664,77583,77602,77609,77577,77587,77593,77593,77604,77615,77589,77593
77664,77686,77696,77699,77748,77673,77691,77699,77667,77677,77683,77683,77694,77704,77680,77683
77748,77770,77781,77783,77829,77758,77777,77783,77751,77762,77768,77768,77779,77785,77764,77768
77829,77853,77865,77867,77911,77840,77861,77867,77833,77844,77851,77851,77863,77873,77846,77851
77911,77934,77944,77947,77999,77921,77940,77947,77915,77926,77930,77930,77942,77951,77928,77930
77999,78024,78051,,78089,78009,78045,,78003,78012,78018,78022,78050,78058,78015,78022
78089,78115,78149,78156,78183,78100,78134,78141,78094,78104,78108,78112,78137,78141,78106,78112
78183,78208,78239,78242,78280,78193,78234,78241,78187,78197,78221,78230,78238,78244,78200,78226
78280,78298,78310,78313,78369,78288,78305,78312,78283,78291,78299,78301,78308,78313,78294,78301
78369,78390,78407,78415,78463,78383,78400,78411,78378,78387,78395,78397,78405,78416,78390,78397
78463,78478,78494,78504,78545,78472,78485,78498,78466,78475,78484,78484,78492,78503,78478,78484
78545,78562,78578,78586,78628,78555,78572,78585,78550,78558,78566,78569,78576,78590,78561,78569
78628,78647,78661,78665,78710,78636,78655,78664,78631,78639,78646,78650,78659,78666,78642,78650
78710,78732,78742,78746,78793,78718,78737,78746,78713,78722,78728,78731,78740,78751,78724,78731
78793,78818,78847,78850,78880,78802,78832,78839,78796,78805,78810,78816,78833,78839,78807,78813
78880,78905,78915,78918,78971,78889,78911,78917,78883,78892,78897,78903,78914,78918,78894,78900
78971,78994,79019,79021,79061,78980,79015,79021,78974,78983,78989,78991,79017,79024,78985,78991
79061,79083,79114,79094,79152,79071,79089,79094,79065,79075,79081,79081,79090,79104,79078,79081
79152,79173,79192,79194,79238,79162,79180,79194,79156,79166,79182,79186,79190,79198,79169,79174
79238,79257,79287,79271,79317,79246,79263,79271,79240,79250,79258,79258,79266,79277,79253,79258
79317,79339,79373,79349,79396,79326,79345,79349,79320,79329,79338,79338,79346,79354,79332,79338
79396,79420,79449,79429,79477,79405,79426,79429,79399,79409,79413,79417,79427,79433,79411,79417
79477,79502,79528,79511,79563,79487,79508,79511,79480,79497,79504,79504,79509,79515,79504,79512
79563,79588,79599,79601,79649,79573,79595,79601,79566,79577,79580,79586,79597,79604,79579,79583
79649,79673,79701,,79739,79659,79695,79705,79653,79664,79666,79670,79699,79705,79665,79670
79739,79762,79783,79786,79828,79749,79778,79785,79743,79753,79768,79774,79781,79786,79755,79771
79828,79852,79889,79863,79916,79838,79858,79863,79831,79843,79846,79846,79859,79867,79845,79846
79916,79939,79971,79948,79998,79926,79944,79948,79919,79929,79935,79935,79945,79952,79931,79935
79998,80020,80030,80032,80076,80007,80026,80032,80001,80011,80018,80018,80028,80035,80014,80018
80076,80099,80109,80110,80153,80085,80106,80110,80079,80089,80095,80098,80107,80113,80091,80098
80153,80176,80188,80195,80229,80162,80183,80194,80156,80166,80171,80174,80186,80197,80168,80174
80229,80252,80263,80266,80312,80239,80258,80265,80233,80243,80249,80249,80261,80269,80246,80249
80312,80336,80357,80360,80395,80322,80343,80360,80315,80326,80329,80333,80355,80361,80328,80333
80395,80420,80430,80432,80482,80406,80425,80431,80399,80410,80414,80418,80428,80434,80412,80418
80482,80506,80518,80520,80569,80493,80513,80520,80486,80497,80501,80501,80516,80523,80500,80501
80569,80592,80620,80601,80655,80579,80597,80601,80573,80582,80588,80588,80598,80608,80585,80588
80655,80676,80687,80689,80734,80664,80682,80689,80658,80668,80674,80674,80684,80692,80670,80674
80734,80755,80767,80769,80810,80743,80763,80769,80737,80747,80756,80756,80765,80773,80750,80756
80810,80832,80862,80844,80884,80819,80839,80844,80812,80823,80829,80829,80840,80850,80825,80829
80884,80907,80918,80921,80958,80893,80914,80921,80887,80897,80901,80904,80916,80923,80898,80904
80958,80981,80991,80993,81036,80968,80987,80993,80961,80972,80977,80977,80989,80996,80974,80977
81036,81060,81090,81071,81118,81046,81067,81071,81040,81050,81054,81058,81068,81074,81052,81058
81118,81142,81153,81156,81201,81128,81149,81156,81121,81133,81137,81137,81151,81160,81135,81137
81201,81223,81252,81235,81285,81210,81229,81235,81204,81214,81221,81221,81230,81239,81216,81221
81285,81307,81316,81319,81370,81293,81311,81319,81287,81296,81304,81304,81314,81323,81299,81304
81370,81389,81410,81411,81454,81379,81406,81411,81373,81382,81397,81402,81408,81416,81385,81392
81454,81475,81485,81491,81539,81464,81480,81488,81459,81468,81475,81475,81483,81490,81471,81475
81539,81558,81578,81580,81619,81547,81564,81579,81542,81550,81567,81571,81576,81584,81553,81558
81619,81641,81650,81651,81699,81627,81646,81651,81621,81630,81636,81640,81647,81653,81632,81640
81699,81724,81731,81731,81782,81708,81728,81731,81702,81711,81715,81720,81729,81734,81713,81720
81782,81806,81845,81815,81864,81790,81812,81815,81784,81794,81800,81804,81813,81818,81796,81804
81864,81887,81914,,81945,81872,81891,81904,81866,81876,81881,81881,81892,81904,81878,81881
81945,81968,82000,82006,82026,81953,81974,81984,81947,81957,81961,81964,81975,81984,81958,81964
82026,82050,82079,,82106,82035,82057,,82028,82038,82043,82048,82058,82069,82040,82048
82106,82130,82141,82143,82187,82116,82137,82143,82110,82120,82128,82128,82139,82147,82123,82128
82187,82211,82220,82222,82269,82197,82217,82222,82190,82200,82205,82208,82218,82226,82202,82208
82269,82292,82303,82305,82349,82278,82299,82305,82271,82282,82285,82289,82301,82310,82284,82289
82349,82373,82383,82387,82433,82360,82380,82387,82353,82364,82368,82368,82381,82390,82366,82368
82433,82454,82464,82466,82514,82442,82460,82466,82436,82446,82451,82451,82462,82469,82448,82451
82514,82537,82548,82550,82598,82524,82544,82550,82518,82528,82534,82534,82546,82554,82530,82534
82598,82620,82651,82634,82682,82607,82627,82634,82601,82612,82616,82616,82629,82639,82614,82616
82682,82704,82715,82717,82766,82692,82711,82717,82686,82696,82702,82702,82713,82721,82698,82702
82766,82788,82799,82801,82851,82776,82795,82801,82770,82780,82787,82787,82797,82804,82783,82787
82851,82873,82884,82887,82934,82860,82880,82887,82854,82864,82871,82871,82882,82891,82867,82871
82934,82956,82967,82969,83017,82944,82963,82969,82938,82948,82954,82954,82964,82972,82951,82954
83017,83039,83050,83053,83099,83027,83046,83053,83020,83030,83037,83037,83048,83059,83033,83037
83099,83122,83134,83137,83181,83109,83129,83136,83103,83113,83119,83120,83132,83139,83115,83120
83181,83205,83232,83216,83265,83192,83212,83216,83186,83196,83202,83202,83213,83220,83199,83202
83265,83288,83299,83301,83349,83275,83293,83300,83269,83279,83284,83287,83296,83303,83281,83287
83349,83371,83382,83385,83432,83359,83378,83385,83353,83363,83369,83369,83380,83390,83366,83369
83432,83456,83466,83469,83516,83443,83462,83469,83436,83447,83451,83452,83464,83474,83449,83452
83516,83540,83550,83553,83601,83527,83546,83553,83521,83531,83536,83536,83548,83556,83533,83536
83601,83623,83633,83636,83684,83611,83629,83636,83604,83615,83621,83621,83631,83639,83617,83621
83684,83707,83718,83720,83766,83694,83713,83719,83687,83698,83704,83704,83716,83723,83700,83704
83766,83789,83799,83801,83848,83776,83795,83801,83769,83780,83783,83786,83797,83804,83781,83786
83848,83871,83895,,83934,83858,83879,83899,83852,83862,83867,83868,83894,83899,83864,83868
83934,83956,83967,83970,84017,83944,83963,83970,83938,83948,83954,83954,83965,83973,83950,83954
84017,84040,84068,84055,84100,84027,84046,84054,84021,84031,84034,84038,84049,84058,84033,84038
84100,84123,84134,84138,84184,84110,84129,84137,84104,84114,84119,84121,84132,84139,84116,84121
84184,84207,84235,84223,84268,84194,84216,84223,84187,84198,84204,84204,84219,84226,84200,84204
84268,84299,84317,84323,84357,84292,84310,84322,84287,84295,84304,84304,84315,84324,84299,84304
84357,84382,84390,84393,84446,84367,84386,84393,84360,84371,84375,84376,84388,84398,84372,84376
84446,84470,84496,84480,84533,84455,84476,84480,84448,84459,84463,84466,84477,84484,84460,84466
84533,84558,84579,84582,84621,84542,84573,84581,84536,84546,84552,84554,84577,84583,84548,84554
84621,84646,84654,84657,84709,84630,84651,84657,84624,84633,84638,84642,84652,84665,84635,84642
84709,84731,84742,84748,84795,84717,84736,84745,84712,84720,84725,84729,84740,84749,84722,84729
84795,84818,84831,84850,84885,84804,84823,84850,84798,84807,84813,84817,84843,84857,84810,84817
84885,84906,84916,84919,84976,84893,84911,84918,84888,84896,84903,84907,84914,84921,84899,84907
84976,84997,85008,85011,85064,84983,85002,85010,84977,84986,84992,84997,85005,85013,84989,84997
85064,85088,85097,85100,85154,85072,85093,85100,85067,85075,85081,85087,85095,85108,85078,85084
85154,85178,85188,85190,85244,85162,85184,85190,85156,85165,85170,85176,85186,85193,85167,85173
85244,85270,85281,85283,85334,85253,85276,85283,85246,85256,85260,85265,85278,85287,85258,85265
85334,85361,85369,85371,85428,85343,85365,85371,85337,85346,85352,85358,85367,85373,85349,85355
85428,85455,85462,85464,85518,85436,85459,85464,85431,85439,85446,85452,85460,85467,85442,85449
85518,85546,85582,85570,85614,85526,85566,85570,85520,85529,85535,85542,85567,85573,85532,85538
85614,85642,85652,85671,85717,85623,85665,85671,85616,85625,85631,85639,85667,85673,85628,85635
85717,85744,85753,85759,85820,85726,85749,85759,85720,85729,85736,85742,85752,85765,85732,85739
85820,85844,85858,85862,85919,85829,85852,85861,85823,85832,85842,85846,85856,85864,85835,85846
85919,85944,85955,85958,86018,85928,85950,85957,85922,85931,85939,85945,85953,85960,85935,85942
86018,86042,86054,86056,86102,86026,86050,86056,86021,86029,86039,86043,86052,86059,86032,86043
86102,86135,86148,86151,86195,86119,86142,86150,86113,86122,86129,86136,86146,86153,86125,86132
86195,86228,86239,86243,86285,86209,86234,86242,86203,86212,86220,86229,86238,86246,86215,86225
86285,86323,86335,86344,86377,86306,86330,86343,86300,86309,86316,86323,86333,86346,86312,86320
86377,86423,86436,86455,86485,86407,86431,86440,86401,86411,86417,86424,86434,86440,86413,86421
86485,86526,86538,86541,86585,86509,86532,86540,86503,86512,86519,86527,86536,86543,86515,86523
86585,86622,86634,86637,86683,86603,86629,86636,86597,86606,86611,86623,86632,86638,86608,86620
86683,86726,86739,86743,86794,86708,86733,86742,86701,86711,86716,86725,86736,86745,86713,86720
86794,86832,86844,86847,86897,86814,86838,86846,86808,86818,86824,86833,86842,86849,86820,86830
86897,86928,86941,86944,86997,86912,86935,86943,86905,86917,86918,86927,86939,86947,86917,86923
86997,87027,87038,87042,87089,87009,87034,87041,87002,87013,87017,87026,87037,87044,87015,87023
87089,87132,87144,87158,87199,87114,87139,87149,87107,87118,87120,87132,87142,87149,87119,87129
87199,87229,87239,87246,87287,87212,87234,87245,87205,87216,87222,87228,87238,87251,87219,87225
87287,87325,87339,,87393,87307,87333,,87301,87310,87314,87325,87337,87346,87312,87322
87393,87432,87444,87447,87491,87413,87439,87446,87407,87416,87421,87433,87442,87449,87418,87430
87491,87535,87548,87550,87606,87518,87543,87549,87513,87521,87526,87531,87546,87553,87523,87531
87606,87637,87651,87653,87694,87619,87647,87653,87612,87622,87628,87635,87649,87655,87625,87631
87694,87747,87759,,87802,87728,87754,87781,87722,87731,87741,87748,87776,87782,87733,87745
87802,87854,87867,87871,87914,87837,87861,87870,87831,87840,87849,87856,87865,87874,87842,87853
87914,87958,87970,87974,88023,87940,87964,87973,87933,87943,87948,87958,87968,87977,87945,87954
88023,88072,88084,88095,88129,88053,88079,88085,88047,88056,88061,88073,88082,88085,88058,88070
88129,88181,88193,88196,88256,88165,88188,88195,88158,88168,88173,88181,88191,88198,88170,88178
88256,88286,88313,88299,88342,88268,88293,88299,88261,88272,88275,88285,88294,88302,88274,88282
88342,88399,88412,,88458,88382,88406,88446,88375,88385,88389,88397,88437,88447,88387,88394
88458,88511,88525,88530,88573,88494,88519,88529,88487,88497,88503,88511,88523,88533,88500,88507
88573,88620,88631,88634,88685,88602,88626,88633,88595,88606,88610,88619,88629,88636,88608,88616
88685,88734,88748,,88792,88718,88742,,88711,88722,88725,88734,88746,88753,88723,88730
88792,88847,88866,,88913,88830,88857,88898,88825,88833,88838,88846,88892,88899,88836,88842
88913,88957,88973,88977,89016,88940,88965,88976,88934,88944,88949,88956,88971,88978,88946,88953
89016,89076,89088,89104,89137,89059,89083,89093,89052,89063,89070,89077,89086,89093,89067,89074
89137,89188,89201,89203,89252,89172,89196,89202,89165,89176,89183,89189,89199,89204,89179,89189
89252,89300,89313,89329,89363,89282,89307,89319,89275,89288,89294,89300,89311,89319,89291,89300
89363,89419,89433,,89479,89402,89427,,89395,89410,89413,89420,89431,89446,89412,89420
89479,89530,89547,89560,89601,89514,89538,89553,89508,89518,89524,89530,89544,89553,89520,89527
89601,89639,89652,89659,89725,89622,89646,89658,89615,89626,89632,89639,89650,89659,89629,89635
89725,89755,89769,89783,89815,89737,89763,89774,89730,89755,89761,89761,89767,89774,89761,89770
89815,89872,89885,89897,89939,89855,89879,89896,89848,89859,89864,89872,89883,89898,89861,89869
89939,89981,89994,90001,90051,89963,89988,90000,89956,89967,89972,89981,89992,90001,89969,89978
90051,90101,90114,90119,90159,90083,90108,90118,90076,90087,90095,90102,90112,90119,90091,90099
90159,90223,90237,,90279,90207,90231,90241,90200,90210,90215,90225,90235,90241,90212,90217
90279,90337,90357,90367,90393,90317,90345,90366,90312,90320,90328,90337,90359,90371,90323,90333
90393,90458,90470,,90512,90437,90465,90471,90432,90440,90446,90459,90509,90508,90443,90456
90512,90578,90590,90594,90636,90560,90584,90593,90554,90563,90570,90578,90588,90595,90566,90575
90636,90686,90700,90704,90751,90668,90694,90703,90662,90670,90677,90685,90698,90705,90673,90681
90751,90804,90816,,90861,90784,90811,90820,90778,90787,90794,90805,90814,90820,90790,90802
90861,90920,90934,90938,90993,90903,90928,90937,90898,90906,90911,90920,90932,90939,90908,90915
90993,91028,91057,91061,91107,91010,91043,91060,91004,91013,91020,91028,91056,91062,91016,91025
91107,91141,91153,91156,91201,91123,91148,91155,91117,91126,91131,91142,91151,91158,91128,91139
91201,91257,91273,91278,91316,91240,91266,91277,91234,91243,91249,91257,91271,91279,91246,91253
91316,91363,91387,,91420,91343,91371,91378,91338,91346,91355,91364,91373,91378,91349,91361
91420,91476,91489,91493,91531,91457,91483,91492,91452,91460,91466,91477,91487,91496,91462,91474
91531,91589,91600,,91646,91572,91595,91601,91566,91574,91581,91589,91643,91642,91577,91586
91646,91695,91708,,91754,91677,91703,91709,91671,91681,91687,91696,91706,91709,91684,91692
91754,91809,91823,,91869,91792,91818,91844,91786,91795,91799,91812,91861,91860,91797,91809
91869,91920,91949,91938,91993,91904,91928,91937,91898,91908,91914,91921,91932,91939,91911,91917
91993,92027,92054,,92087,92009,92035,92041,92002,92012,92017,92025,92036,92041,92014,92021
92087,92139,92153,,92192,92122,92147,92186,92116,92126,92131,92140,92183,92187,92128,92137
92192,92249,92261,92264,92318,92232,92256,92263,92225,92237,92244,92250,92258,92264,92241,92250
92318,92356,92369,92387,92415,92338,92364,92372,92332,92342,92348,92357,92367,92372,92344,92354
92415,92471,92488,92504,92530,92455,92481,92493,92449,92460,92465,92472,92486,92493,92462,92469
92530,92580,92594,92599,92651,92564,92588,92598,92558,92568,92574,92580,92592,92601,92570,92577
92651,92690,92703,,92756,92672,92697,,92665,92676,92682,92690,92701,92710,92679,92686
92756,92805,92824,92828,92879,92788,92813,92827,92781,92806,92818,92818,92822,92830,92811,92818
92879,92913,92927,92933,92993,92897,92922,92932,92890,92901,92903,92910,92925,92933,92902,92906
92993,93027,93040,93046,93094,93009,93034,93045,93002,93013,93018,93026,93038,93046,93016,93023
93094,93144,93158,93162,93213,93128,93151,93161,93121,93131,93137,93144,93155,93163,93134,93140
93213,93252,93265,93271,93316,93235,93259,93270,93228,93239,93246,93253,93263,93274,93242,93250
93316,93367,93380,93385,93428,93350,93374,93384,93343,93356,93362,93368,93378,93385,93359,93368
93428,93480,93494,93500,93550,93464,93488,93499,93457,93468,93475,93481,93492,93501,93471,93478
93550,93584,93597,93601,93667,93567,93591,93600,93560,93572,93577,93584,93595,93604,93574,93581
93667,93696,93709,93730,93761,93680,93703,93713,93673,93695,93701,93701,93707,93713,93701,93709
93761,93810,93823,93828,93883,93794,93817,93827,93786,93800,93804,93810,93821,93829,93802,93810
93883,93916,93928,93939,93982,93900,93923,93938,93892,93904,93908,93915,93926,93941,93906,93912
93982,94029,94042,94046,94091,94012,94037,94045,94006,94015,94021,94029,94040,94047,94018,94025
94091,94137,94150,94160,94207,94121,94144,94152,94115,94125,94130,94137,94148,94152,94128,94134
94207,94242,94254,94258,94309,94224,94249,94257,94217,94228,94230,94242,94253,94260,94229,94233
94309,94354,94369,94373,94417,94338,94364,94372,94331,94347,94354,94356,94367,94375,94351,94356
94417,94460,94471,94475,94536,94444,94466,94474,94437,94447,94453,94459,94469,94476,94450,94456
94536,94569,94580,94585,94645,94551,94575,94584,94544,94556,94561,94568,94578,94586,94558,94565
94645,94682,94697,94702,94757,94666,94690,94701,94659,94671,94674,94682,94695,94705,94672,94678
94757,94787,94799,94804,94869,94771,94794,94803,94763,94786,94792,94792,94797,94808,94792,94800
94869,94899,94912,94919,94973,94882,94907,94918,94875,94899,94905,94905,94911,94921,94905,94914
94973,95010,95024,95029,95084,94995,95018,95028,94988,94999,95006,95012,95022,95029,95002,95009
95084,95114,95127,95132,95191,95097,95121,95131,95090,95102,95106,95114,95125,95133,95103,95114
95191,95230,95243,95250,95300,95214,95238,95249,95207,95218,95224,95231,95241,95250,95221,95228
95300,95342,95356,95361,95418,95327,95350,95360,95320,95332,95339,95344,95354,95368,95335,95344
95418,95449,95462,95468,95533,95432,95456,95467,95425,95436,95442,95449,95460,95470,95439,95446
95533,95564,95577,95581,95629,95547,95571,95580,95540,95550,95557,95564,95575,95582,95553,95561
95629,95675,95687,95690,95742,95659,95682,95689,95652,95662,95668,95675,95685,95693,95665,95671
95742,95781,95795,95798,95858,95764,95789,95797,95757,95769,95771,95781,95792,95800,95770,95776
95858,95897,95911,95915,95963,95879,95905,95914,95873,95884,95888,95896,95909,95917,95885,95892
95963,96010,96022,96037,96081,95993,96017,96026,95987,95997,96002,96009,96020,96026,95999,96006
96081,96118,96132,96136,96192,96101,96125,96135,96094,96105,96108,96118,96129,96138,96107,96113
96192,96237,96250,96257,96309,96220,96245,96256,96213,96236,96243,96243,96248,96260,96243,96251
96309,96350,96363,96371,96429,96334,96357,96370,96327,96339,96344,96350,96361,96373,96341,96347
96429,96458,96472,96477,96545,96442,96466,96476,96435,96458,96464,96464,96470,96479,96464,96474
96545,96574,96587,96596,96644,96558,96582,96595,96551,96563,96568,96574,96586,96599,96566,96574
96644,96682,96695,96700,96756,96667,96689,96699,96660,96671,96677,96682,96693,96703,96674,96682
96756,96788,96801,96807,96857,96772,96795,96806,96765,96778,96784,96789,96799,96809,96781,96789
96857,96904,96918,96924,96978,96888,96912,96923,96881,96894,96899,96905,96916,96924,96896,96902
96978,97011,97023,97027,97086,96995,97018,97026,96988,96999,97004,97010,97021,97029,97001,97007
97086,97118,97131,97166,97200,97100,97126,97135,97093,97104,97106,97115,97130,97135,97105,97110
97200,97231,97243,97248,97296,97214,97238,97247,97207,97218,97224,97231,97242,97251,97221,97228
97296,97334,97347,97350,97406,97317,97341,97349,97311,97321,97327,97334,97344,97353,97324,97331
97406,97440,97451,97464,97516,97422,97447,97455,97415,97428,97429,97439,97450,97455,97429,97436
97516,97555,97567,97578,97612,97538,97562,97571,97531,97542,97550,97557,97565,97571,97547,97554
97612,97662,97673,97677,97725,97645,97668,97676,97639,97648,97654,97661,97671,97678,97651,97658
97725,97768,97783,97788,97831,97750,97775,97787,97743,97754,97761,97768,97780,97789,97757,97765
97831,97884,97898,97902,97939,97867,97892,97901,97860,97870,97878,97887,97896,97903,97873,97884
97939,97994,98007,98011,98050,97977,98001,98010,97971,97981,97988,97996,98005,98014,97984,97992
98050,98101,98115,98125,98166,98084,98109,98124,98078,98087,98091,98104,98113,98124,98088,98093
98166,98220,98234,98240,98278,98201,98228,98239,98195,98205,98213,98222,98232,98240,98207,98219
98278,98330,98341,98343,98391,98312,98336,98342,98306,98316,98323,98331,98339,98345,98319,98327
98391,98436,98448,98451,98497,98417,98443,98450,98411,98422,98429,98437,98446,98452,98425,98433
98497,98548,98565,98572,98612,98531,98559,98571,98525,98534,98539,98546,98563,98571,98536,98542
98612,98660,98675,98680,98723,98644,98669,98679,98638,98648,98655,98663,98673,98681,98650,98660
98723,98764,98776,98781,98825,98746,98771,98780,98741,98749,98757,98765,98775,98784,98752,98762
98825,98874,98887,98891,98935,98856,98881,98890,98850,98859,98866,98876,98885,98892,98862,98873
98935,98987,98999,99020,99047,98968,98994,99003,98962,98971,98981,98989,98997,99003,98975,98986
99047,99091,99103,99105,99149,99073,99097,99104,99067,99075,99081,99090,99101,99107,99078,99084
99149,99202,99214,99217,99259,99184,99209,99216,99178,99187,99193,99204,99212,99219,99189,99201
99259,99317,99329,99350,99377,99299,99324,99334,99294,99303,99310,99318,99327,99334,99306,99314
99377,99420,99438,,99473,99404,99430,99442,99399,99408,99415,99422,99470,99469,99411,99419
99473,99531,99546,99548,99591,99515,99540,99547,99510,99518,99526,99535,99544,99551,99521,99530
99591,99643,99662,,99707,99631,99643,99652,99625,99635,99638,99638,99644,99652,99638,99648
99707,99749,99767,99771,99807,99737,99749,99757,99731,99740,99743,99743,99750,99757,99743,99754
99807,99859,99884,99865,99925,99851,99861,99865,99846,99854,99858,99858,99862,99871,99858,99865
99925,99985,100017,,100046,99969,99996,100022,99964,99973,99980,99987,100016,100024,99976,99983
100046,100094,100106,100129,100155,100074,100101,100110,100069,100077,100088,100096,100104,100110,100081,100093
100155,100206,100219,,100261,100188,100214,100243,100182,100192,100201,100208,100238,100246,100195,100205
100261,100318,100334,100346,100382,100304,100319,100324,100299,100307,100314,100317,100320,100324,100310,100317
100382,100427,100438,100440,100477,100410,100435,100440,100405,100413,100420,100428,100436,100442,100416,100424
100477,100527,100554,100538,100601,100520,100531,100538,100515,100524,100528,100528,100533,100544,100528,100535
100601,100656,100667,100670,100719,100638,100661,100669,100633,100641,100649,100657,100665,100672,100645,100653
100719,100763,100775,100777,100819,100745,100771,100777,100740,100747,100754,100763,100773,100780,100750,100757
100819,100876,100892,,100934,100859,100886,100909,100853,100863,100870,100876,100904,100910,100866,100873
100934,100992,101006,101010,101048,100976,101000,101009,100970,100979,100987,100994,101004,101012,100982,100991
101048,101100,101113,101122,101154,101083,101107,101121,101077,101087,101096,101102,101111,101124,101093,101102
101154,101214,101228,101233,101275,101197,101222,101232,101192,101201,101211,101217,101226,101236,101206,101214
101275,101331,101346,101357,101393,101316,101341,101351,101311,101319,101327,101335,101344,101351,101322,101331
101393,101439,101455,,101495,101424,101439,101444,101418,101427,101432,101437,101440,101444,101429,101434
101495,101558,101571,101577,101622,101541,101565,101576,101534,101547,101554,101561,101569,101579,101552,101558
101622,101679,101694,101711,101744,101666,101688,101698,101661,101669,101676,101681,101692,101698,101672,101678
101744,101796,101807,,101850,101777,101802,101822,101771,101780,101789,101797,101817,101823,101782,101794
101850,101913,101927,101932,101996,101894,101920,101931,101888,101898,101907,101915,101925,101935,101902,101912
101996,102038,102056,102061,102100,102024,102049,102060,102019,102028,102035,102043,102054,102064,102031,102040
102100,102157,102170,102173,102215,102142,102165,102172,102137,102145,102152,102160,102168,102174,102148,102156
102215,102271,102298,102311,102364,102251,102279,102310,102246,102254,102262,102273,102298,102315,102257,102269
102364,102391,102405,102411,102440,102374,102399,102410,102368,102377,102386,102394,102404,102414,102380,102390
102440,102508,102525,102528,102580,102497,102507,102515,102491,102500,102504,102504,102508,102515,102504,102512
102580,102627,102649,102662,102723,102609,102634,102642,102603,102613,102622,102629,102637,102642,102617,102626
102723,102745,102767,102771,102807,102734,102760,102770,102728,102738,102747,102754,102764,102774,102742,102751
102807,102870,102884,,102934,102854,102877,102908,102848,102857,102864,102872,102897,102913,102861,102868
102934,102981,102996,,103035,102963,102990,103015,102957,102966,102973,102982,103010,103017,102969,102977
103035,103104,103118,103134,103196,103087,103112,103125,103081,103091,103101,103108,103116,103125,103097,103104
103196,103223,103236,103252,103282,103206,103230,103241,103200,103209,103217,103225,103234,103241,103213,103221
103282,103336,103348,103353,103403,103318,103343,103352,103312,103321,103329,103337,103346,103353,103325,103333
103403,103458,103472,103487,103520,103441,103466,103478,103435,103444,103452,103460,103470,103478,103448,103457
103520,103573,103597,103609,103637,103559,103583,103588,103554,103563,103572,103576,103584,103588,103565,103576
103637,103691,103704,103730,103788,103674,103698,103729,103668,103678,103686,103693,103723,103732,103682,103690
103788,103816,103849,103877,103904,103799,103823,103831,103793,103803,103810,103817,103826,103832,103806,103814
103904,103932,103961,103965,104011,103916,103940,103965,103909,103919,103927,103934,103960,103967,103923,103931
104011,104052,104068,104072,104125,104032,104061,104071,104027,104035,104042,104053,104066,104074,104038,104047
104125,104178,104189,104192,104247,104161,104184,104191,104155,104164,104172,104179,104187,104194,104168,104176
104247,104291,104304,104309,104350,104272,104298,104308,104267,104275,104282,104291,104302,104310,104278,104286
104350,104416,104429,104433,104480,104398,104423,104432,104392,104401,104408,104417,104427,104436,104404,104413
104480,104541,104555,104558,104608,104524,104549,104557,104518,104527,104534,104543,104553,104559,104530,104537
104608,104655,104668,104682,104713,104637,104663,104673,104632,104641,104648,104657,104666,104673,104644,104652
104713,104776,104797,104782,104843,104765,104778,104782,104760,104770,104774,104774,104779,104787,104774,104783
104843,104897,104920,104923,104967,104888,104901,104909,104883,104892,104895,104895,104902,104909,104895,104906
104967,105022,105039,105074,105110,105004,105030,105041,104998,105007,105015,105023,105036,105046,105011,105019
105110,105150,105162,105166,105239,105131,105157,105165,105126,105135,105143,105151,105160,105169,105138,105148
105239,105275,105286,105289,105342,105258,105282,105289,105252,105261,105269,105276,105284,105292,105265,105272
105342,105395,105406,105411,105464,105376,105401,105410,105369,105380,105387,105395,105404,105412,105383,105391
105464,105519,105531,105536,105576,105500,105525,105535,105494,105505,105512,105519,105529,105539,105509,105516
105576,105637,105665,105653,105700,105619,105643,105652,105613,105622,105629,105636,105646,105656,105625,105633
105700,105753,105765,105776,105826,105735,105759,105775,105728,105738,105745,105753,105763,105778,105741,105749
105826,105876,105890,105896,105938,105859,105884,105895,105853,105863,105870,105877,105888,105898,105866,105874
105938,105989,106005,106009,106079,105975,105999,106008,105969,105979,105985,105985,106003,106011,105981,105985
106079,106107,106120,106125,106172,106088,106114,106124,106082,106092,106100,106108,106117,106125,106096,106105
106172,106230,106244,106247,106287,106212,106238,106246,106207,106215,106227,106234,106242,106248,106218,106231
106287,106346,106359,106364,106416,106328,106353,106363,106322,106331,106338,106348,106357,106369,106334,106344
106416,106465,106479,106484,106526,106447,106473,106483,106441,106451,106459,106467,106477,106485,106454,106464
106526,106589,106604,106609,106655,106572,106598,106608,106566,106575,106582,106591,106602,106610,106578,106586
106655,106702,106715,106720,106767,106685,106709,106719,106679,106689,106697,106703,106713,106723,106692,106700
106767,106821,106834,,106884,106802,106829,106839,106796,106806,106813,106823,106832,106839,106809,106819
106884,106943,106957,106967,107007,106927,106951,106966,106921,106930,106938,106945,106955,106967,106933,106941
107007,107059,107091,107082,107131,107041,107065,107073,107035,107045,107053,107060,107068,107073,107049,107056
107131,107179,107194,107224,107270,107161,107188,107197,107155,107165,107172,107180,107191,107197,107167,107176
107270,107297,107330,107318,107357,107282,107307,107317,107276,107285,107292,107300,107311,107321,107288,107296
107357,107411,107426,107434,107503,107395,107421,107433,107389,107400,107409,107416,107424,107437,107405,107413
107503,107531,107549,107553,107595,107515,107542,107552,107508,107518,107524,107530,107547,107555,107521,107527
107595,107653,107668,107672,107719,107637,107661,107671,107631,107640,107647,107654,107666,107674,107643,107650
107719,107765,107778,107781,107854,107749,107773,107780,107743,107752,107759,107767,107776,107783,107755,107763
107854,107883,107895,107905,107954,107865,107890,107904,107859,107868,107874,107884,107893,107907,107871,107881
107954,108004,108017,108021,108067,107987,108011,108020,107981,107990,107998,108005,108015,108028,107993,108001
108067,108116,108129,108132,108178,108100,108124,108131,108094,108103,108110,108118,108127,108133,108106,108114
108178,108237,108249,108253,108298,108218,108243,108252,108212,108221,108229,108238,108247,108255,108225,108234
108298,108353,108367,108371,108415,108338,108362,108370,108332,108341,108349,108356,108365,108374,108344,108353
108415,108465,108479,108484,108533,108447,108472,108483,108441,108451,108458,108466,108477,108485,108454,108462
108533,108582,108594,108600,108643,108564,108589,108599,108558,108567,108575,108583,108592,108602,108570,108580
108643,108702,108715,108729,108768,108686,108710,108719,108680,108691,108698,108704,108713,108719,108694,108704
108768,108816,108829,108836,108882,108799,108823,108835,108793,108803,108811,108818,108827,108837,108807,108815
108882,108939,108951,,108997,108919,108945,108978,108913,108923,108930,108939,108968,108980,108926,108935
108997,109057,109071,109074,109117,109042,109066,109073,109036,109045,109050,109060,109069,109075,109047,109057
109117,109170,109186,109191,109237,109153,109179,109190,109147,109156,109163,109172,109184,109194,109159,109168
109237,109294,109306,109311,109346,109276,109301,109310,109270,109280,109289,109295,109305,109314,109285,109292
109346,109410,109422,109441,109483,109393,109417,109427,109387,109397,109405,109412,109420,109427,109401,109408
109483,109517,109532,109561,109612,109501,109525,109534,109496,109505,109512,109520,109530,109537,109508,109516
109612,109639,109664,109654,109696,109622,109647,109653,109617,109626,109635,109642,109650,109655,109629,109639
109696,109747,109767,109755,109815,109739,109749,109755,109733,109742,109746,109746,109751,109758,109746,109755
109815,109864,109893,109876,109923,109847,109872,109876,109842,109851,109859,109866,109873,109878,109855,109863
109923,109985,109998,,110042,109967,109993,110026,109961,109970,109980,109987,110021,110028,109974,109984
110042,110100,110112,110116,110157,110083,110107,110115,110078,110086,110094,110102,110110,110118,110089,110098
110157,110206,110224,,110269,110189,110215,110245,110182,110192,110203,110209,110237,110246,110195,110206
110269,110324,110339,110343,110388,110304,110332,110342,110298,110307,110314,110324,110337,110345,110310,110320
110388,110441,110452,110454,110510,110423,110447,110453,110418,110426,110434,110442,110450,110457,110430,110438
110510,110547,110571,110563,110605,110530,110555,110562,110525,110533,110541,110548,110558,110563,110537,110544
110605,110664,110679,110683,110720,110648,110672,110682,110642,110651,110659,110666,110677,110686,110655,110662
110720,110779,110792,110812,110841,110764,110787,110811,110759,110767,110773,110781,110806,110814,110770,110777
110841,110885,110899,110915,110942,110868,110894,110906,110862,110871,110882,110889,110898,110906,110875,110886
110942,111000,111012,,111049,110980,111007,,110975,110984,110992,111001,111028,111039,110987,110996
111049,111113,111124,111127,111174,111095,111118,111126,111090,111098,111106,111114,111122,111130,111102,111110
111174,111218,111230,111241,111277,111200,111224,111240,111193,111204,111212,111219,111228,111245,111208,111215
111277,111328,111344,111347,111392,111312,111337,111346,111306,111315,111322,111330,111342,111350,111318,111327
111392,111442,111454,111457,111518,111425,111449,111456,111419,111429,111437,111444,111452,111460,111432,111441
111518,111547,111575,111566,111610,111528,111555,111565,111522,111532,111541,111548,111559,111567,111535,111545
111610,111656,111672,111676,111717,111639,111665,111675,111633,111642,111649,111656,111670,111679,111645,111652
111717,111770,111784,111790,111838,111753,111778,111789,111748,111757,111764,111772,111782,111791,111760,111767
111838,111875,111889,111897,111935,111857,111883,111896,111851,111860,111867,111876,111887,111898,111863,111872
111935,111981,111995,112000,112044,111963,111990,111999,111957,111966,111972,111984,111994,112001,111968,111981
112044,112094,112106,112109,112159,112077,112101,112108,112071,112080,112086,112095,112104,112111,112083,112091
112159,112199,112211,112216,112259,112181,112205,112215,112175,112185,112193,112200,112209,112217,112189,112197
112259,112306,112319,112323,112369,112289,112313,112322,112284,112292,112300,112307,112317,112325,112296,112303
112369,112422,112436,112439,112485,112405,112430,112438,112399,112409,112417,112425,112434,112441,112413,112421
112485,112526,112542,112546,112589,112510,112535,112545,112504,112513,112520,112526,112540,112548,112516,112523
112589,112629,112646,112649,112699,112616,112640,112648,112610,112620,112630,112636,112644,112652,112626,112633
112699,112745,112758,112762,112808,112728,112752,112761,112723,112731,112740,112748,112756,112764,112735,112744
112808,112849,112859,112861,112908,112832,112854,112860,112826,112835,112843,112849,112857,112863,112839,112846
112908,112955,112972,112977,113025,112940,112966,112976,112934,112943,112952,112961,112970,112979,112947,112958
113025,113074,113088,113091,113135,113057,113082,113090,113051,113060,113069,113077,113086,113093,113064,113073
113135,113180,113195,113214,113270,113163,113189,113214,113158,113167,113175,113183,113209,113215,113170,113177
113270,113293,113309,113333,113377,113278,113302,113312,113272,113281,113290,113298,113307,113315,113284,113295
113377,113415,113425,113427,113476,113395,113420,113426,113390,113399,113409,113416,113423,113429,113403,113412
113476,113524,113551,113540,113586,113506,113531,113539,113500,113509,113515,113523,113535,113542,113512,113519
113586,113637,113651,113656,113710,113619,113644,113655,113613,113622,113629,113637,113649,113658,113626,113633
113710,113757,113767,113770,113816,113738,113762,113769,113733,113742,113750,113757,113765,113772,113746,113753
113816,113865,113876,113879,113952,113847,113872,113879,113841,113850,113857,113865,113874,113883,113853,113861
113952,113981,113993,113996,114039,113963,113987,113995,113957,113967,113974,113982,113990,113999,113970,113978
114039,114098,114110,,114156,114080,114105,114133,114074,114083,114090,114098,114124,114137,114086,114094
114156,114206,114218,114220,114291,114189,114213,114219,114183,114191,114197,114207,114216,114222,114194,114204
114291,114323,114336,114342,114386,114306,114331,114341,114300,114308,114313,114322,114334,114347,114311,114317
114386,114442,114453,114456,114506,114425,114448,114455,114419,114428,114435,114442,114451,114457,114431,114439
114506,114551,114563,114567,114611,114533,114557,114566,114527,114536,114542,114551,114561,114569,114539,114546
114611,114668,114682,,114726,114650,114675,114702,114644,114653,114661,114668,114697,114703,114657,114664
114726,114787,114800,114804,114852,114771,114794,114803,114765,114774,114781,114788,114798,114807,114777,114784
114852,114897,114910,114914,114955,114880,114904,114913,114874,114883,114890,114898,114908,114917,114886,114894
114955,115012,115028,115034,115069,114995,115021,115033,114989,114999,115006,115013,115027,115035,115002,115009
115069,115130,115142,115145,115186,115112,115136,115144,115107,115116,115124,115132,115140,115147,115119,115128
115186,115237,115248,115270,115302,115219,115242,115250,115214,115222,115229,115237,115246,115254,115225,115234
115302,115353,115364,115367,115422,115333,115359,115366,115327,115337,115346,115354,115362,115369,115341,115350
115422,115473,115486,115490,115537,115457,115481,115489,115451,115460,115469,115476,115484,115492,115464,115473
115537,115583,115611,115616,115676,115567,115591,115616,115561,115570,115577,115584,115609,115620,115573,115580
115676,115706,115736,115722,115760,115686,115712,115721,115680,115690,115699,115706,115715,115727,115696,115703
115760,115826,115841,115846,115891,115810,115833,115845,115804,115813,115819,115826,115839,115848,115816,115822
115891,115937,115949,115954,115990,115918,115943,115953,115912,115921,115928,115937,115947,115958,115925,115933
115990,116051,116082,116072,116140,116033,116058,116071,116027,116036,116043,116051,116062,116073,116039,116048
116140,116173,116206,116195,116237,116156,116180,116187,116150,116159,116167,116175,116183,116187,116163,116171
116237,116295,116307,116318,116356,116278,116302,116310,116273,116282,116289,116296,116305,116310,116285,116292
116356,116409,116420,116424,116466,116391,116415,116423,116385,116395,116403,116410,116418,116425,116398,116407
116466,116523,116544,116530,116582,116513,116527,116530,116508,116517,116520,116520,116528,116535,116520,116532
116582,116639,116663,116648,116706,116633,116642,116648,116628,116636,116639,116639,116643,116652,116639,116647
116706,116749,116770,116755,116793,116741,116751,116755,116736,116744,116748,116748,116752,116760,116748,116756
116793,116864,116876,116893,116929,116858,116870,116893,116853,116863,116874,116881,116888,116896,116867,116878
116929,116975,116983,116985,117038,116970,116979,116985,116965,116973,116977,116977,116981,116988,116977,116984
117038,117081,117090,117094,117118,117076,117085,117093,117071,117080,117083,117083,117088,117097,117083,117092
117118,117195,117207,117213,117272,117191,117200,117209,117186,117195,117200,117200,117204,117213,117200,117209
117272,117301,117323,117326,117362,117293,117316,117325,117289,117297,117307,117313,117320,117328,117300,117310
117362,117402,117424,117431,117486,117395,117418,117427,117390,117400,117409,117415,117422,117431,117405,117412
117486,117509,117528,117531,117567,117501,117521,117530,117495,117505,117514,117518,117525,117534,117509,117518
117567,117606,117625,117629,117679,117597,117620,117627,117593,117601,117610,117616,117624,117630,117604,117613
117679,117715,117728,117734,117779,117699,117722,117732,117694,117702,117710,117717,117726,117737,117706,117713
117779,117813,117824,117827,117884,117795,117818,117826,117790,117799,117807,117814,117822,117829,117803,117811
117884,117898,117919,117929,117944,117891,117914,117923,117885,117894,117903,117910,117917,117923,117897,117907
117944,117995,118015,,118038,117989,117999,118003,117984,117992,118001,118028,118035,118034,117996,118025
118038,118091,118114,,118134,118084,118099,118117,118079,118088,118096,118120,118128,118127,118091,118117
118134,118185,118205,,118226,118178,118192,118211,118173,118182,118188,118194,118205,118214,118185,118191
118226,118273,118281,118283,118322,118266,118277,118283,118262,118270,118274,118274,118279,118285,118274,118282
118322,118359,118367,118389,118415,118353,118362,118369,118349,118357,118360,118360,118365,118372,118360,118368
118415,118458,118467,118469,118529,118453,118462,118469,118419,118426,118439,118457,118464,118471,118430,118453
118529,118560,118577,118579,118613,118550,118571,118578,118545,118554,118562,118568,118575,118582,118557,118565
118613,118665,118682,118709,118737,118654,118675,118689,118648,118658,118665,118670,118680,118694,118661,118670
118737,118768,118789,118776,118821,118760,118772,118776,118755,118764,118768,118768,118773,118779,118768,118776
118821,118867,118887,118874,118952,118859,118869,118874,118854,118862,118866,118866,118870,118878,118866,118874
118952,118972,118991,118993,119035,118962,118987,118993,118956,118965,118977,118982,118989,118995,118968,118979
119035,119073,119089,119091,119146,119064,119085,119091,119059,119067,119075,119080,119087,119093,119070,119080
119146,119173,119192,119196,119232,119163,119187,119195,119158,119167,119176,119182,119190,119197,119171,119179
119232,119268,119287,119290,119330,119261,119281,119289,119256,119264,119272,119277,119285,119293,119268,119277
119330,119367,119383,119385,119410,119356,119371,119374,119350,119359,119365,119365,119372,119374,119361,119365
119410,119467,119485,119489,119537,119459,119480,119488,119453,119463,119470,119476,119483,119491,119466,119473
119537,119569,119583,119610,119644,119555,119577,119585,119549,119559,119567,119573,119581,119588,119563,119570
119644,119668,119687,119721,119744,119659,119681,119689,119654,119662,119670,119677,119685,119692,119666,119674
119744,119772,119791,119792,119829,119764,119788,119792,119759,119767,119776,119782,119789,119795,119771,119779
119829,119873,119890,119894,119919,119862,119874,119881,119856,119866,119872,119872,119875,119881,119872,119878
119919,119972,119992,119997,120023,119963,119976,119983,119958,119967,119970,119970,119977,119983,119970,119980
120023,120079,120093,120097,120123,120065,120087,120096,120060,120068,120074,120082,120092,120099,120071,120078
120123,120174,120192,120196,120219,120163,120175,120183,120158,120166,120169,120169,120176,120183,120169,120180
120219,120278,120297,120302,120343,120267,120281,120287,120261,120270,120277,120277,120282,120287,120273,120277
120343,120376,120393,120397,120457,120366,120387,120396,120361,120370,120378,120383,120391,120398,120374,120380
120457,120478,120498,120522,120543,120468,120492,120500,120462,120472,120481,120488,120495,120505,120477,120485
120543,120582,120593,120596,120646,120567,120588,120595,120561,120571,120578,120584,120591,120599,120574,120581
120646,120680,120695,120699,120738,120668,120690,120698,120662,120671,120678,120685,120694,120702,120674,120681
120738,120781,120804,120790,120833,120774,120785,120790,120769,120778,120782,120782,120787,120794,120782,120790
120833,120888,120907,120911,120934,120878,120888,120897,120873,120881,120884,120884,120889,120897,120884,120894
120934,120997,121017,121004,121072,120988,121000,121004,120982,120992,120997,120997,121001,121007,120997,121004
121072,121104,121135,121123,121173,121093,121115,121122,121087,121097,121106,121111,121118,121125,121102,121108
121173,121208,121230,121234,121276,121201,121225,121233,121196,121204,121212,121219,121228,121236,121208,121215
121276,121318,121331,121335,121390,121305,121325,121334,121299,121308,121315,121320,121329,121337,121311,121317
121390,121421,121437,121442,121498,121407,121431,121441,121401,121410,121421,121427,121435,121442,121412,121416
121498,121529,121542,121548,121576,121513,121537,121547,121507,121517,121525,121532,121541,121552,121521,121529
121576,121623,121641,121644,121704,121612,121635,121643,121607,121616,121623,121630,121639,121647,121619,121627
121704,121734,121744,121748,121787,121715,121739,121747,121709,121718,121728,121735,121743,121750,121723,121732
121787,121831,121843,121849,121910,121815,121837,121846,121810,121818,121826,121832,121841,121849,121822,121829
121910,121933,121947,,121968,121918,121941,,121912,121921,121929,121937,121945,121952,121925,121933
121968,122032,122049,122052,122093,122022,122033,122040,122016,122026,122030,122030,122034,122040,122030,122037
122093,122137,122148,122151,122196,122118,122143,122150,122113,122122,122130,122139,122146,122153,122125,122135
122196,122236,122247,122251,122289,122220,122242,122250,122214,122223,122231,122238,122245,122252,122227,122234
122289,122332,122345,122351,122402,122316,122339,122350,122311,122319,122326,122334,122343,122354,122322,122330
122402,122437,122450,122455,122508,122419,122444,122454,122414,122422,122430,122440,122449,122457,122425,122436
122508,122539,122552,122556,122585,122523,122546,122555,122518,122527,122534,122541,122550,122558,122530,122538
122585,122635,122654,,122680,122626,122637,122645,122620,122631,122635,122635,122638,122645,122635,122642
122680,122739,122757,122744,122803,122730,122740,122744,122725,122734,122737,122737,122741,122748,122737,122745
122803,122841,122856,122860,122901,122829,122849,122859,122824,122832,122839,122843,122854,122862,122835,122843
122901,122940,122957,122970,122991,122928,122940,122947,122923,122932,122937,122937,122941,122947,122937,122944
122991,123044,123056,123060,123093,123027,123050,123059,123022,123031,123039,123046,123054,123063,123035,123042
123093,123140,123150,123154,123196,123122,123144,123152,123117,123125,123133,123140,123148,123155,123129,123137
123196,123232,123243,123246,123274,123214,123238,123245,123209,123218,123226,123233,123241,123248,123221,123230
123274,123319,123333,123337,123368,123305,123327,123336,123299,123308,123316,123322,123331,123340,123312,123319
123368,123411,123428,123432,123458,123402,123412,123419,123397,123406,123409,123409,123413,123419,123409,123417
123458,123515,123528,123531,123568,123500,123522,123530,123495,123503,123511,123518,123526,123533,123506,123515
123568,123609,123625,123630,123671,123597,123620,123629,123591,123600,123608,123614,123623,123630,123603,123611
123671,123707,123726,123737,123779,123697,123720,123731,123692,123701,123708,123715,123725,123742,123704,123712
123779,123813,123841,123823,123875,123795,123819,123823,123790,123799,123808,123814,123820,123826,123802,123811
123875,123903,123912,123914,123967,123884,123908,123914,123878,123887,123896,123903,123910,123917,123890,123900
123967,123994,124007,124011,124066,123977,124001,124010,123972,123981,123988,123997,124005,124013,123984,123993
124066,124093,124103,124108,124158,124076,124098,124106,124070,124079,124086,124093,124101,124110,124082,124090
124158,124179,124196,124204,124259,124168,124190,124199,124161,124172,124181,124187,124194,124202,124178,124184
124259,124280,124300,124305,124362,124270,124294,124303,124264,124274,124282,124290,124298,124306,124278,124286
124362,124391,124410,124414,124469,124382,124404,124413,124377,124386,124394,124401,124409,124417,124389,124398
124469,124493,124512,124521,124576,124482,124506,124516,124477,124486,124497,124502,124511,124520,124490,124502
124576,124610,124623,124626,124670,124594,124617,124625,124589,124598,124606,124613,124621,124627,124601,124610
124670,124718,124739,124778,124808,124710,124734,124742,124705,124714,124722,124729,124737,124745,124718,124726
124808,124836,124847,124850,124922,124816,124842,124849,124811,124820,124827,124837,124845,124851,124823,124831
124922,124952,124962,124965,125030,124933,124957,124964,124927,124936,124944,124952,124960,124967,124940,124949
125030,125065,125075,125079,125142,125047,125071,125079,125041,125050,125058,125065,125074,125082,125054,125062
125142,125169,125180,125184,125249,125152,125175,125183,125146,125155,125162,125169,125178,125187,125158,125166
125249,125284,125297,125305,125346,125266,125291,125304,125260,125269,125278,125285,125298,125307,125273,125282
125346,125398,125408,125411,125467,125381,125403,125410,125375,125384,125392,125398,125406,125414,125388,125395
125467,125506,125518,125520,125571,125488,125512,125519,125482,125491,125499,125507,125516,125522,125495,125504
125571,125620,125651,125638,125692,125604,125628,125637,125598,125607,125613,125619,125631,125642,125610,125615
125692,125737,125747,125750,125812,125717,125742,125749,125711,125720,125727,125736,125745,125752,125723,125733
125812,125845,125855,125886,125914,125828,125866,125877,125820,125832,125837,125844,125870,125877,125835,125841
125914,125959,125970,125973,126017,125941,125965,125972,125935,125944,125952,125960,125968,125975,125947,125956
126017,126075,126087,126090,126146,126058,126081,126089,126053,126061,126068,126075,126084,126092,126065,126072
126146,126184,126196,126200,126258,126167,126190,126199,126162,126171,126177,126184,126194,126202,126174,126181
126258,126297,126310,126315,126368,126279,126304,126314,126273,126282,126289,126298,126308,126319,126285,126295
126368,126416,126439,126445,126498,126399,126424,126444,126394,126402,126408,126416,126438,126453,126405,126412
126498,126528,126548,126562,126613,126510,126534,126561,126504,126514,126521,126529,126557,126565,126518,126525
126613,126638,126667,126656,126704,126623,126650,126656,126616,126627,126634,126637,126652,126658,126630,126637
126704,126751,126764,126768,126825,126735,126759,126767,126730,126738,126744,126751,126762,126768,126741,126747
126825,126853,126865,126868,126929,126836,126861,126868,126829,126839,126849,126855,126863,126871,126843,126852
126929,126961,126974,126982,127039,126942,126968,126981,126937,126946,126954,126962,126973,126985,126949,126958
127039,127066,127076,127079,127135,127047,127070,127078,127042,127050,127058,127066,127074,127082,127054,127062
127135,127164,127179,127188,127247,127148,127172,127184,127143,127151,127158,127165,127177,127189,127154,127161
127247,127269,127288,127324,127355,127255,127282,127291,127250,127258,127271,127278,127286,127295,127261,127275
127355,127380,127392,127412,127448,127364,127386,127400,127358,127368,127375,127381,127390,127402,127371,127378
127448,127467,127489,127495,127541,127459,127482,127491,127453,127462,127471,127478,127487,127495,127466,127475
127541,127566,127581,127593,127642,127548,127574,127587,127542,127551,127557,127566,127580,127594,127553,127561
127642,127667,127696,127712,127736,127660,127681,127701,127642,127649,127655,127664,127695,127702,127652,127660
127736,127770,127782,127787,127840,127755,127776,127786,127749,127758,127765,127771,127780,127792,127761,127768
127840,127873,127892,127922,127968,127867,127886,127897,127862,127871,127878,127883,127890,127906,127874,127883
127968,127982,128002,128010,128073,127976,127996,128005,127971,127980,127988,127994,128000,128008,127984,127991
128073,128089,128110,128117,128176,128082,128103,128113,128077,128086,128095,128101,128108,128116,128090,128098
128176,128198,128215,128221,128289,128191,128209,128218,128186,128194,128201,128206,128213,128222,128197,128203
128289,128305,128324,128352,128395,128298,128318,128326,128292,128301,128309,128315,128322,128329,128304,128311
128395,128415,128427,128443,128498,128402,128420,128432,128396,128404,128411,128416,128425,128432,128407,128416
128498,128523,128532,128538,128601,128507,128527,128536,128502,128510,128517,128522,128530,128539,128513,128522
128601,128629,128641,128644,128706,128612,128636,128644,128607,128615,128623,128629,128639,128646,128618,128626
128706,128732,128743,128751,128806,128718,128738,128747,128712,128721,128729,128731,128741,128752,128724,128731
128806,128840,128849,128852,128922,128824,128844,128851,128818,128827,128833,128839,128847,128854,128830,128836
128922,128946,128957,128960,129026,128932,128952,128960,128926,128936,128942,128944,128955,128965,128938,128944
129026,129053,129082,129090,129134,129037,129076,129089,129031,129041,129047,129050,129081,129095,129043,129050
129134,129161,129170,129176,129240,129144,129165,129173,129137,129147,129154,129159,129168,129179,129150,129156
129240,129264,129275,129279,129335,129250,129270,129278,129243,129254,129260,129264,129273,129280,129256,129264
129335,129367,129378,129381,129446,129352,129374,129381,129346,129355,129361,129366,129376,129387,129358,129363
129446,129473,129484,129517,129552,129457,129496,129507,129450,129460,129467,129472,129500,129507,129463,129469
129552,129579,129589,129618,129658,129562,129600,129608,129556,129566,129572,129578,129604,129608,129569,129575
129658,129683,129695,129697,129757,129668,129691,129697,129662,129672,129681,129681,129693,129701,129675,129681
129757,129785,129797,129826,129864,129770,129809,129825,129764,129773,129778,129783,129814,129829,129776,129780
129864,129891,129923,129944,129968,129875,129916,129929,129869,129879,129884,129889,129922,129929,129881,129886
129968,129995,130006,130009,130068,129979,130003,130009,129973,129983,129988,129994,130004,130012,129985,129991
130068,130092,130104,130106,130159,130078,130099,130106,130072,130082,130087,130091,130102,130110,130084,130091
130159,130187,130197,130199,130257,130171,130193,130199,130165,130174,130178,130185,130195,130202,130176,130182
130257,130284,130314,130301,130348,130269,130292,130301,130262,130272,130277,130282,130295,130305,130274,130279
130348,130375,130386,130390,130444,130360,130381,130389,130353,130363,130368,130373,130384,130393,130365,130373
130444,130471,130483,130516,130544,130456,130478,130504,130450,130460,130463,130470,130498,130505,130462,130467
130544,130571,130598,,130638,130556,130591,130605,130549,130560,130562,130568,130597,130605,130561,130568
130638,130666,130677,130679,130737,130652,130673,130679,130645,130655,130661,130664,130675,130683,130657,130664
130737,130764,130774,130806,130838,130749,130781,130797,130742,130752,130756,130762,130794,130797,130754,130759
130838,130865,130876,130908,130939,130850,130887,130897,130844,130853,130858,130863,130892,130897,130855,130863
130939,130968,130998,130979,131038,130953,130975,130979,130946,130956,130961,130965,130976,130989,130958,130965
131038,131066,131098,131078,131138,131051,131073,131078,131045,131055,131062,131062,131074,131084,131058,131062
131138,131163,131192,131195,131234,131148,131169,131195,131141,131151,131156,131161,131190,131196,131153,131158
131234,131261,131272,131274,131331,131245,131268,131274,131238,131248,131254,131259,131270,131278,131251,131256
131331,131357,131367,131369,131425,131343,131363,131369,131336,131347,131352,131355,131365,131372,131349,131355
131425,131450,131461,131463,131517,131436,131457,131463,131429,131440,131445,131449,131459,131465,131442,131449
131517,131543,131573,131555,131609,131527,131550,131555,131521,131531,131535,131541,131551,131559,131533,131538
131609,131635,131666,131648,131703,131620,131642,131648,131613,131624,131628,131633,131643,131654,131625,131630
131703,131728,131739,131741,131797,131714,131735,131741,131707,131718,131721,131726,131737,131744,131720,131726
131797,131823,131832,131834,131890,131809,131828,131834,131802,131812,131817,131821,131830,131838,131814,131821
131890,131916,131948,131927,131985,131901,131922,131927,131894,131904,131907,131913,131923,131930,131905,131910
131985,132012,132023,132026,132083,131996,132019,132026,131990,132000,132004,132009,132021,132029,132002,132009
132083,132108,132118,132121,132176,132093,132114,132121,132086,132097,132099,132105,132116,132124,132098,132105
132176,132201,132211,132214,132271,132187,132207,132214,132180,132190,132194,132199,132209,132217,132192,132199
132271,132296,132308,132311,132366,132282,132303,132310,132275,132286,132290,132295,132306,132313,132287,132292
132366,132393,132403,132406,132463,132378,132398,132405,132371,132382,132383,132391,132401,132409,132383,132388
132463,132489,132499,132529,132558,132475,132512,132521,132468,132478,132482,132487,132516,132521,132480,132484
132558,132585,132594,132596,132657,132570,132591,132596,132563,132574,132577,132582,132592,132601,132575,132582
132657,132683,132712,132717,132754,132668,132707,132716,132661,132672,132673,132680,132711,132718,132673,132677
132754,132781,132793,132795,132849,132766,132788,132795,132759,132769,132772,132778,132791,132799,132770,132775
132849,132876,132902,132910,132945,132861,132896,132909,132855,132865,132870,132873,132901,132911,132867,132873
132945,132971,132996,132998,133041,132956,132990,132997,132950,132959,132962,132969,132994,133000,132961,132966
133041,133069,133093,133117,133139,133054,133088,133100,133046,133066,133077,133083,133092,133100,133071,133080
133139,133165,133173,133175,133231,133150,133170,133175,133143,133162,133167,133167,133171,133178,133167,133174
133231,133256,133269,133273,133326,133242,133263,133272,133236,133253,133259,133259,133267,133276,133259,133272
133326,133352,133362,133365,133421,133337,133358,133364,133331,133341,133344,133351,133361,133367,133342,133348
133421,133447,133457,133459,133515,133433,133452,133458,133426,133436,133439,133445,133455,133461,133438,133445
133515,133539,133550,133553,133608,133526,133546,133553,133519,133530,133534,133537,133548,133557,133532,133537
133608,133633,133644,133671,133702,133619,133651,133661,133612,133631,133642,133648,133655,133661,133636,133644
133702,133728,133737,133739,133793,133713,133733,133738,133707,133717,133720,133726,133735,133741,133718,133723
133793,133818,133828,133831,133884,133805,133823,133830,133798,133808,133812,133816,133826,133833,133810,133816
133884,133908,133919,133923,133974,133894,133913,133922,133888,133897,133901,133907,133917,133926,133899,133904
133974,133999,134010,134013,134067,133986,134005,134012,133979,133991,133992,133997,134008,134016,133992,133997
134067,134092,134103,134108,134155,134077,134098,134107,134071,134081,134085,134090,134101,134111,134083,134090
134155,134179,134189,134193,134245,134165,134184,134192,134159,134170,134174,134176,134187,134195,134171,134176
134245,134270,134280,134283,134335,134254,134275,134282,134248,134257,134261,134267,134278,134285,134259,134264
134335,134360,134388,,134425,134346,134381,134398,134339,134356,134367,134373,134386,134398,134362,134369
134425,134451,134460,134461,134512,134436,134457,134461,134430,134439,134443,134448,134458,134467,134441,134448
134512,134535,134545,134547,134599,134521,134541,134547,134515,134524,134528,134533,134543,134551,134526,134533
134599,134625,134641,134643,134690,134609,134635,134643,134602,134613,134616,134622,134639,134646,134614,134619
134690,134715,134724,134725,134777,134698,134720,134725,134692,134701,134705,134712,134722,134730,134703,134708
134777,134802,134811,134813,134864,134787,134807,134813,134780,134790,134793,134799,134809,134816,134791,134796
134864,134891,134900,134902,134957,134876,134896,134902,134869,134879,134883,134889,134898,134905,134881,134886
134957,134982,134991,134993,135049,134967,134988,134993,134961,134970,134974,134980,134989,134995,134972,134977
135049,135074,135083,135085,135139,135059,135079,135086,135053,135062,135067,135070,135081,135086,135064,135070
135139,135162,135171,135173,135231,135147,135167,135173,135142,135150,135156,135161,135169,135176,135153,135158
135231,135254,135266,135270,135324,135239,135260,135269,135233,135242,135249,135255,135264,135272,135245,135252
135324,135347,135357,135362,135413,135332,135351,135361,135327,135335,135341,135346,135355,135364,135338,135343
135413,135436,135446,135449,135500,135422,135441,135449,135416,135425,135431,135436,135444,135457,135428,135436
135500,135524,135535,135538,135588,135509,135530,135538,135504,135512,135518,135523,135533,135540,135515,135523
135588,135613,135622,135625,135677,135597,135618,135625,135591,135600,135606,135611,135620,135629,135602,135608
135677,135701,135711,135729,135765,135687,135722,135728,135681,135690,135695,135700,135725,135730,135692,135697
135765,135789,135816,135819,135854,135774,135810,135818,135768,135776,135782,135787,135815,135822,135779,135787
135854,135881,135906,135911,135946,135864,135900,135910,135858,135866,135871,135878,135905,135914,135869,135874
135946,135973,135981,135982,136039,135956,135977,135982,135951,135959,135965,135970,135979,135986,135962,135967
136039,136062,136071,136073,136127,136048,136067,136073,136042,136051,136056,136060,136069,136075,136053,136060
136127,136151,136164,136167,136215,136136,136158,136167,136130,136139,136143,136149,136162,136170,136141,136146
136215,136242,136278,136269,136304,136226,136263,136268,136219,136229,136232,136238,136265,136269,136230,136235
136304,136331,136340,136342,136393,136316,136337,136342,136310,136319,136324,136329,136338,136351,136321,136326
136393,136418,136446,136427,136482,136404,136423,136427,136397,136407,136410,136414,136424,136436,136408,136414
136482,136506,136536,,136570,136491,136512,136519,136484,136494,136497,136503,136513,136519,136495,136500
136570,136595,136622,136637,136657,136580,136602,136607,136573,136584,136586,136592,136603,136607,136585,136589
136657,136680,136690,136692,136740,136667,136686,136692,136660,136671,136674,136678,136688,136696,136672,136678
136740,136765,136776,136778,136825,136750,136773,136778,136743,136754,136757,136762,136774,136782,136755,136762
136825,136850,136860,136864,136912,136836,136855,136863,136829,136840,136841,136848,136858,136866,136841,136845
136912,136936,136946,136976,136997,136922,136954,136964,136916,136926,136930,136934,136959,136964,136928,136934
136997,137020,137030,137032,137080,137007,137026,137032,137001,137011,137015,137018,137027,137035,137013,137018
137080,137104,137115,137118,137165,137090,137110,137117,137084,137094,137097,137102,137113,137121,137096,137102
137165,137189,137199,137203,137252,137176,137195,137202,137169,137186,137192,137192,137197,137209,137192,137200
137252,137276,137286,137290,137336,137262,137281,137289,137256,137266,137271,137274,137284,137292,137268,137274
137336,137360,137371,137375,137424,137347,137365,137374,137340,137350,137355,137358,137369,137378,137352,137358
137424,137448,137459,137462,137515,137435,137454,137461,137428,137438,137441,137447,137457,137463,137440,137444
137515,137540,137550,137553,137607,137526,137545,137552,137520,137530,137533,137538,137548,137556,137531,137538
137607,137631,137642,137645,137698,137618,137636,137644,137612,137621,137627,137630,137640,137647,137624,137630
137698,137723,137733,137735,137793,137709,137729,137734,137703,137714,137716,137721,137731,137737,137715,137721
137793,137818,137829,137832,137889,137805,137824,137831,137798,137809,137811,137817,137827,137835,137810,137814
137889,137914,137926,137929,137982,137901,137920,137928,137894,137904,137909,137913,137924,137932,137906,137913
137982,138007,138019,138022,138075,137993,138013,138021,137987,137997,138003,138006,138017,138025,137999,138006
138075,138101,138112,138116,138171,138087,138107,138115,138081,138091,138095,138100,138110,138119,138093,138100
138171,138196,138207,138212,138265,138183,138202,138211,138176,138187,138190,138194,138205,138217,138188,138194
138265,138290,138300,138303,138358,138276,138295,138302,138270,138280,138285,138287,138298,138304,138282,138287
138358,138384,138394,138398,138452,138369,138389,138397,138363,138372,138377,138382,138392,138401,138374,138382
138452,138479,138488,138490,138548,138464,138484,138489,138457,138468,138470,138477,138486,138492,138469,138474
138548,138574,138583,138589,138639,138558,138579,138589,138552,138561,138566,138571,138581,138594,138563,138571
138639,138665,138673,138675,138731,138650,138669,138675,138643,138653,138656,138662,138671,138682,138655,138659
138731,138757,138767,138768,138822,138741,138762,138767,138734,138744,138748,138755,138765,138770,138746,138752
138822,138848,138877,138864,138916,138833,138855,138864,138826,138836,138839,138846,138860,138867,138837,138843
138916,138941,138949,138951,139003,138925,138946,138951,138919,138928,138933,138939,138947,138954,138931,138936
139003,139028,139037,139039,139093,139013,139034,139039,139007,139016,139020,139026,139035,139043,139018,139023
139093,139118,139146,139149,139183,139104,139141,139148,139097,139115,139132,139138,139144,139150,139119,139135
139183,139210,139221,139241,139278,139196,139233,139240,139188,139206,139219,139229,139236,139241,139212,139226
139278,139302,139330,139315,139366,139287,139309,139315,139281,139291,139293,139299,139310,139318,139292,139296
139366,139390,139399,139403,139456,139376,139395,139403,139369,139379,139383,139388,139397,139407,139381,139385
139456,139482,139492,139494,139548,139467,139489,139494,139460,139471,139475,139478,139490,139498,139473,139478
139548,139574,139597,139600,139640,139558,139592,139599,139551,139563,139564,139570,139595,139601,139563,139570
139640,139663,139672,139674,139726,139649,139669,139674,139642,139653,139655,139661,139670,139677,139654,139658
139726,139748,139774,,139811,139735,139770,139777,139728,139738,139759,139766,139773,139777,139740,139763
139811,139835,139846,139849,139899,139822,139842,139849,139815,139826,139829,139833,139844,139853,139827,139833
139899,139924,139933,139936,139987,139910,139930,139936,139903,139914,139916,139922,139931,139939,139915,139919
139987,140010,140021,140024,140070,139997,140017,140024,139990,140000,140004,140009,140019,140029,140002,140006
140070,140092,140103,140110,140154,140080,140098,140109,140073,140083,140086,140091,140101,140115,140085,140091
140154,140178,140189,140192,140238,140164,140184,140191,140157,140168,140171,140177,140187,140194,140169,140174
140238,140262,140273,140279,140325,140249,140268,140278,140243,140253,140256,140261,140271,140282,140254,140261
140325,140347,140358,140361,140407,140334,140352,140360,140328,140339,140342,140342,140356,140363,140341,140342
140407,140430,140441,140444,140491,140416,140437,140444,140410,140420,140424,140428,140439,140446,140422,140428
140491,140515,140527,140531,140577,140501,140522,140530,140495,140505,140509,140512,140525,140535,140507,140512
140577,140602,140611,140614,140663,140587,140608,140614,140580,140590,140595,140600,140609,140617,140592,140597
140663,140685,140695,140700,140745,140672,140690,140699,140666,140676,140679,140683,140693,140705,140677,140683
140745,140769,140793,140804,140829,140754,140787,140799,140748,140757,140762,140767,140792,140799,140759,140764
140829,140854,140863,140865,140917,140839,140860,140865,140833,140842,140845,140851,140861,140870,140843,140848
140917,140941,140971,140950,141002,140926,140946,140950,140920,140929,140933,140938,140947,140952,140931,140938
141002,141025,141035,141039,141085,141011,141031,141040,141005,141015,141019,141023,141033,141040,141017,141023
141085,141108,141130,,141167,141094,141125,141131,141088,141098,141102,141106,141128,141131,141099,141106
141167,141193,141218,141220,141253,141177,141199,141205,141171,141180,141184,141191,141200,141205,141182,141188
141253,141278,141287,141290,141337,141263,141283,141290,141257,141266,141269,141275,141285,141295,141267,141272
141337,141360,141369,141372,141418,141346,141363,141371,141340,141349,141351,141358,141366,141374,141350,141355
141418,141441,141449,141451,141499,141427,141446,141451,141421,141431,141432,141439,141447,141453,141432,141436
141499,141524,141543,141544,141584,141510,141539,141544,141503,141522,141531,141535,141541,141547,141526,141535
141584,141609,141617,141619,141669,141594,141614,141619,141588,141598,141601,141607,141615,141621,141599,141604
141669,141693,141702,141705,141752,141680,141699,141706,141673,141684,141685,141691,141700,141706,141685,141688
141752,141775,141796,141800,141836,141762,141781,141800,141755,141766,141769,141773,141794,141801,141767,141773
141836,141860,141870,141873,141922,141846,141865,141872,141840,141849,141853,141858,141868,141876,141851,141858
141922,141945,141954,141956,142005,141931,141951,141957,141925,141935,141938,141943,141952,141957,141937,141943
142005,142027,142037,142040,142087,142015,142031,142039,142008,142019,142021,142025,142035,142049,142020,142025
142087,142110,142128,142133,142170,142096,142122,142132,142090,142099,142103,142108,142127,142135,142101,142108
142170,142194,142202,142204,142255,142180,142199,142204,142173,142183,142186,142192,142200,142206,142184,142189
142255,142277,142286,142289,142337,142264,142281,142288,142258,142267,142270,142276,142284,142291,142269,142273
142337,142358,142370,142373,142418,142346,142365,142372,142340,142350,142354,142358,142368,142374,142352,142358
142418,142442,142453,142455,142503,142428,142449,142455,142422,142440,142445,142445,142450,142459,142445,142454
142503,142527,142536,142537,142590,142514,142533,142537,142507,142524,142529,142529,142534,142539,142529,142537
142590,142615,142625,142626,142676,142601,142622,142626,142594,142612,142618,142618,142623,142630,142618,142626
142676,142701,142726,142737,142764,142687,142721,142730,142681,142697,142708,142717,142725,142730,142702,142711
142764,142789,142815,142819,142852,142774,142795,142800,142767,142777,142779,142786,142796,142800,142778,142783
142852,142878,142899,142903,142944,142863,142895,142902,142856,142866,142868,142875,142898,142905,142867,142872
142944,142969,142998,143002,143033,142954,142975,142982,142947,142957,142959,142965,142976,142982,142958,142962
143033,143057,143087,143065,143122,143043,143062,143065,143036,143052,143058,143058,143063,143070,143058,143066
143122,143147,143173,143193,143214,143132,143167,143180,143126,143135,143138,143145,143172,143180,143137,143142
143214,143240,143267,143271,143309,143225,143261,143270,143218,143237,143247,143257,143265,143271,143241,143250
143309,143335,143344,143345,143403,143320,143341,143345,143313,143331,143337,143337,143342,143348,143337,143345
143403,143429,143462,143437,143493,143414,143434,143437,143407,143418,143420,143425,143435,143443,143419,143425
143493,143521,143531,143533,143589,143507,143527,143533,143500,143518,143524,143524,143529,143535,143524,143531
143589,143615,143642,143656,143683,143600,143636,143646,143593,143604,143605,143612,143640,143646,143605,143609
143683,143708,143718,143721,143776,143694,143715,143721,143688,143698,143701,143706,143716,143727,143700,143706
143776,143800,143810,143813,143867,143786,143806,143813,143780,143790,143794,143798,143808,143819,143791,143798
143867,143892,143903,143905,143960,143878,143898,143904,143871,143882,143883,143890,143901,143907,143883,143887
143960,143985,143997,,144053,143971,143992,,143964,143983,143989,143989,143995,143999,143989,143997
144053,144077,144088,144092,144143,144064,144083,144091,144057,144069,144070,144074,144086,144095,144070,144074
144143,144167,144177,144179,144233,144154,144173,144178,144147,144159,144161,144164,144175,144181,144160,144164
144233,144259,144270,144273,144327,144245,144265,144272,144238,144256,144262,144262,144268,144274,144262,144270
144327,144352,144363,144370,144419,144339,144358,144369,144332,144349,144355,144355,144361,144370,144355,144364
144419,144443,144454,144458,144509,144430,144449,144457,144424,144440,144446,144446,144452,144461,144446,144457
144509,144534,144545,144548,144599,144520,144540,144547,144513,144524,144527,144532,144543,144549,144525,144532
144599,144624,144636,144669,144692,144611,144631,144641,144604,144622,144627,144627,144634,144641,144627,144636
144692,144717,144727,144730,144784,144703,144722,144729,144696,144714,144719,144719,144725,144733,144719,144728
144784,144807,144818,144821,144869,144795,144813,144820,144788,144799,144804,144804,144816,144823,144801,144804
144869,144892,144904,144909,144952,144880,144898,144908,144874,144884,144890,144890,144902,144911,144886,144890
144952,144975,144986,144990,145036,144962,144982,144989,144956,144967,144970,144974,144985,144993,144968,144974
145036,145060,145072,,145120,145047,145067,145076,145040,145051,145053,145059,145070,145076,145052,145056
145120,145146,145156,145160,145208,145132,145152,145159,145125,145136,145138,145144,145154,145162,145137,145144
145208,145233,145261,145270,145293,145218,145247,145252,145211,145222,145225,145228,145248,145252,145224,145228
145293,145315,145324,145326,145376,145303,145320,145326,145297,145306,145314,145314,145321,145330,145309,145314
145376,145393,145406,145409,145456,145384,145400,145408,145379,145387,145395,145395,145404,145412,145390,145395
145456,145474,145488,145498,145537,145464,145481,145492,145459,145468,145474,145476,145486,145500,145470,145476
145537,145554,145569,145577,145620,145546,145562,145572,145541,145549,145555,145559,145567,145576,145552,145559
145620,145636,145651,145657,145701,145628,145645,145653,145623,145631,145638,145641,145649,145657,145634,145641
145701,145718,145730,145732,145781,145710,145723,145731,145705,145713,145720,145720,145727,145733,145716,145720
145781,145799,145813,145816,145864,145790,145807,145815,145784,145793,145799,145802,145810,145818,145796,145802
145864,145885,145895,145898,145948,145872,145890,145898,145866,145876,145881,145885,145893,145901,145878,145885
145948,145970,145979,145985,146031,145956,145975,145985,145951,145959,145965,145969,145977,145990,145961,145969
146031,146052,146061,146064,146114,146039,146056,146064,146033,146042,146047,146050,146059,146072,146044,146050
146114,146136,146163,146166,146198,146122,146158,146165,146116,146124,146129,146134,146161,146166,146126,146131
146198,146222,146251,146256,146284,146207,146226,146233,146201,146210,146216,146219,146227,146233,146212,146219
146284,146307,146315,146317,146368,146293,146311,146317,146287,146296,146301,146305,146313,146321,146298,146305
146368,146391,146417,146425,146454,146378,146412,146424,146371,146382,146398,146406,146416,146427,146384,146403
146454,146477,146486,146488,146539,146463,146482,146488,146457,146466,146470,146475,146484,146491,146468,146475
146539,146563,146572,146574,146624,146549,146568,146574,146543,146552,146556,146561,146570,146578,146554,146558
146624,146646,146655,146657,146704,146633,146651,146657,146626,146636,146640,146643,146653,146665,146638,146643
146704,146727,146737,146739,146788,146714,146733,146739,146707,146718,146721,146724,146735,146743,146719,146724
146788,146812,146840,146824,146874,146798,146820,146824,146791,146802,146805,146809,146821,146829,146804,146809
146874,146898,146906,146908,146959,146883,146903,146908,146877,146887,146891,146895,146904,146910,146889,146895
146959,146982,146994,146996,147041,146968,146988,146996,146962,146972,146976,146979,146991,147001,146974,146979
147041,147064,147073,147075,147124,147051,147069,147075,147045,147055,147058,147062,147071,147078,147056,147062
147124,147149,147176,147180,147211,147135,147154,147160,147128,147138,147142,147146,147155,147160,147140,147146
147211,147236,147269,147245,147296,147221,147241,147245,147214,147225,147229,147232,147242,147249,147227,147232
147296,147318,147345,147330,147377,147305,147326,147330,147299,147310,147318,147318,147327,147335,147318,147332
147377,147401,147429,147410,147459,147386,147407,147410,147380,147390,147397,147397,147408,147414,147393,147397
147459,147484,147506,,147543,147469,147502,147507,147462,147473,147477,147481,147505,147507,147475,147481
147543,147568,147600,,147626,147553,147573,147578,147547,147557,147561,147563,147574,147578,147559,147563
147626,147652,147676,147659,147709,147637,147656,147659,147631,147641,147647,147647,147657,147665,147644,147647
147709,147732,147761,147740,147791,147718,147737,147740,147711,147721,147724,147729,147738,147744,147723,147729
147791,147816,147853,,147875,147801,147822,147827,147794,147813,147817,147817,147823,147827,147817,147824
147875,147899,147907,147909,147959,147885,147904,147909,147878,147896,147900,147900,147905,147913,147900,147909
147959,147983,148016,,148040,147968,147988,147997,147962,147972,147975,147979,147989,147997,147973,147979
148040,148064,148087,148101,148123,148050,148082,148090,148043,148061,148070,148077,148085,148090,148065,148073
148123,148148,148156,148158,148209,148133,148153,148158,148126,148136,148139,148145,148154,148160,148137,148142
148209,148234,148242,148243,148295,148219,148239,148243,148212,148231,148235,148235,148240,148246,148235,148243
148295,148319,148328,148329,148377,148305,148325,148329,148299,148309,148313,148316,148326,148333,148310,148316
148377,148401,148430,148411,148461,148386,148407,148411,148379,148390,148392,148398,148408,148415,148391,148395
148461,148484,148514,148495,148544,148470,148491,148495,148463,148480,148485,148485,148492,148501,148485,148497
148544,148568,148596,148579,148627,148553,148574,148579,148546,148557,148558,148565,148575,148583,148557,148562
148627,148650,148659,148662,148708,148636,148655,148662,148630,148640,148644,148647,148657,148670,148642,148647
148708,148731,148757,148743,148791,148718,148738,148743,148711,148722,148726,148728,148739,148746,148723,148728
148791,148815,148824,148825,148877,148801,148821,148825,148794,148804,148807,148812,148822,148829,148805,148812
148877,148901,148910,148912,148963,148887,148906,148912,148880,148890,148894,148899,148908,148915,148892,148896
148963,148985,148994,148995,149044,148972,148990,148995,148965,148975,148980,148981,148992,148999,148977,148981
149044,149067,149092,,149126,149054,149086,149098,149047,149058,149059,149065,149090,149098,149058,149062
149126,149150,149160,149162,149210,149136,149157,149162,149129,149147,149152,149152,149158,149166,149152,149161
149210,149233,149242,149244,149292,149220,149239,149244,149213,149230,149235,149235,149240,149247,149235,149243
149292,149315,149324,149326,149372,149302,149320,149326,149295,149306,149308,149313,149322,149330,149307,149310
149372,149397,149427,149417,149456,149383,149414,149418,149376,149393,149404,149408,149415,149418,149398,149408
149456,149480,149489,149491,149540,149466,149486,149491,149459,149477,149482,149482,149487,149494,149482,149490
149540,149564,149594,149572,149622,149550,149569,149572,149543,149560,149565,149565,149570,149576,149565,149573
149622,149646,149654,149655,149703,149632,149651,149655,149625,149635,149640,149643,149652,149658,149637,149643
149703,149727,149764,149737,149786,149714,149734,149737,149707,149724,149729,149729,149735,149739,149729,149737
149786,149810,149820,149821,149870,149797,149817,149821,149790,149807,149812,149812,149818,149825,149812,149821
149870,149894,149925,149905,149953,149880,149900,149905,149874,149891,149896,149896,149901,149908,149896,149904
149953,149976,149986,149988,150036,149963,149982,149988,149957,149967,149971,149974,149984,149991,149969,149974
150036,150059,150070,150088,150121,150046,150079,150087,150039,150056,150068,150075,150082,150088,150062,150071
150121,150145,150175,150157,150208,150131,150152,150157,150125,150142,150147,150147,150153,150159,150147,150155
150208,150232,150260,150242,150293,150218,150238,150242,150212,150229,150234,150234,150239,150246,150234,150242
150293,150317,150343,150349,150378,150304,150336,150348,150297,150314,150324,150330,150341,150351,150319,150326
150378,150402,150411,150413,150464,150388,150408,150413,150381,150391,150394,150400,150410,150416,150392,150397
150464,150489,150521,150498,150551,150474,150494,150498,150467,150477,150479,150486,150495,150501,150478,150483
150551,150576,150603,150584,150635,150561,150580,150584,150554,150564,150567,150572,150581,150588,150565,150572
150635,150659,150667,150667,150719,150645,150664,150667,150638,150655,150660,150660,150665,150673,150660,150668
150719,150744,150769,150773,150804,150728,150749,150759,150721,150740,150744,150744,150750,150759,150744,150756
150804,150829,150837,150838,150891,150815,150834,150838,150808,150826,150830,150830,150835,150842,150830,150839
150891,150917,150924,150924,150978,150902,150921,150924,150895,150905,150908,150913,150922,150928,150907,150910
150978,151001,151010,151012,151063,150987,151006,151012,150980,150991,150993,150998,151007,151016,150992,150998
151063,151087,151116,151096,151149,151072,151092,151096,151065,151075,151077,151084,151093,151099,151076,151081
151149,151173,151201,151182,151235,151158,151179,151182,151151,151162,151164,151170,151180,151186,151163,151170
151235,151260,151268,151269,151319,151245,151265,151269,151238,151249,151251,151257,151266,151273,151250,151254
151319,151343,151351,151352,151402,151329,151348,151352,151322,151332,151334,151340,151349,151357,151333,151337
151402,151427,151454,151468,151488,151413,151432,151440,151406,151424,151428,151428,151433,151440,151428,151436
151488,151513,151539,,151577,151499,151534,151545,151492,151509,151520,151529,151538,151545,151514,151524
151577,151600,151609,151611,151662,151587,151605,151611,151580,151591,151593,151597,151607,151614,151592,151597
151662,151685,151711,,151747,151672,151705,151715,151665,151676,151679,151681,151709,151715,151678,151681
151747,151772,151803,151810,151834,151758,151779,151784,151751,151767,151773,151773,151780,151784,151773,151782
151834,151860,151884,151888,151923,151845,151880,151887,151838,151855,151869,151875,151883,151887,151860,151872
151923,151947,151977,151987,152008,151933,151951,151958,151926,151937,151939,151943,151952,151958,151938,151943
152008,152031,152040,152041,152094,152018,152037,152041,152011,152022,152026,152026,152038,152045,152023,152026
152094,152118,152151,152130,152183,152104,152125,152130,152098,152108,152111,152116,152126,152132,152109,152116
152183,152208,152234,152246,152275,152193,152228,152245,152187,152197,152200,152205,152234,152247,152198,152205
152275,152299,152308,152310,152363,152286,152305,152310,152279,152290,152292,152296,152306,152314,152291,152296
152363,152387,152398,152399,152450,152374,152394,152399,152367,152378,152383,152384,152396,152403,152380,152384
152450,152474,152483,152485,152532,152460,152480,152485,152454,152464,152467,152472,152481,152488,152466,152472
152532,152556,152566,152568,152612,152542,152562,152568,152536,152547,152548,152553,152564,152570,152548,152553
152612,152635,152646,152649,152696,152622,152641,152648,152616,152628,152630,152630,152644,152652,152629,152630
152696,152719,152729,152731,152780,152706,152725,152731,152700,152710,152715,152715,152727,152734,152713,152715
152780,152803,152813,152815,152866,152790,152809,152815,152784,152794,152799,152799,152811,152819,152797,152799
152866,152890,152900,152902,152957,152876,152895,152901,152870,152880,152885,152888,152898,152905,152882,152888
152957,152981,152991,152994,153049,152968,152987,152993,152961,152972,152975,152979,152989,152996,152973,152979
153049,153071,153082,153085,153137,153059,153078,153085,153053,153063,153069,153069,153080,153088,153065,153069
153137,153160,153189,153172,153226,153147,153166,153172,153140,153151,153156,153156,153168,153180,153153,153156
153226,153250,153281,153261,153317,153236,153257,153261,153230,153240,153245,153247,153258,153264,153242,153247
153317,153340,153351,153354,153406,153327,153346,153353,153321,153331,153338,153338,153349,153357,153334,153338
153406,153429,153440,153442,153492,153417,153436,153442,153411,153421,153427,153427,153437,153445,153423,153427
153492,153515,153525,153527,153578,153502,153522,153527,153496,153507,153511,153511,153523,153529,153508,153511
153578,153603,153630,153615,153668,153590,153610,153615,153583,153600,153605,153605,153611,153618,153605,153614
153668,153692,153702,153706,153754,153679,153697,153705,153672,153683,153687,153690,153700,153709,153685,153690
153754,153777,153788,153791,153839,153765,153784,153791,153759,153769,153775,153775,153786,153794,153771,153775
153839,153863,153874,153876,153926,153850,153870,153876,153843,153854,153857,153861,153872,153879,153856,153861
153926,153950,153961,153963,154015,153937,153956,153962,153931,153941,153944,153949,153959,153966,153943,153949
154015,154038,154048,,154100,154025,154043,154069,154019,154029,154034,154035,154063,154070,154031,154035
154100,154123,154151,154136,154187,154110,154130,154136,154104,154114,154119,154121,154132,154138,154116,154121
154187,154212,154223,154226,154278,154199,154218,154225,154192,154203,154206,154210,154221,154227,154204,154210
154278,154303,154313,154316,154367,154289,154309,154315,154283,154293,154297,154301,154312,154319,154295,154301
154367,154391,154401,154404,154454,154378,154398,154404,154372,154382,154388,154388,154399,154407,154385,154388
154454,154478,154505,154489,154541,154464,154485,154489,154458,154469,154470,154475,154486,154493,154470,154475
154541,154565,154577,154581,154629,154552,154572,154580,154546,154557,154558,154563,154575,154582,154558,154563
154629,154654,154665,154669,154716,154641,154660,154668,154635,154645,154648,154652,154663,154672,154646,154652
154716,154740,154751,154754,154803,154728,154746,154753,154721,154732,154736,154736,154749,154757,154735,154736
154803,154826,154837,154841,154889,154813,154832,154840,154807,154818,154821,154825,154835,154842,154819,154825
154889,154913,154924,,154978,154900,154920,154944,154894,154905,154908,154910,154938,154945,154906,154910
154978,155002,155013,155017,155065,154989,155009,155016,154983,154993,154997,155001,155011,155018,154995,155001
155065,155088,155098,155101,155152,155076,155093,155100,155069,155085,155091,155091,155096,155103,155091,155099
155152,155176,155187,155191,155242,155163,155182,155190,155156,155174,155179,155179,155185,155192,155179,155188
155242,155266,155277,,155332,155253,155272,,155247,155264,155269,155269,155275,155283,155269,155278
155332,155357,155368,155372,155422,155344,155364,155371,155338,155349,155352,155355,155366,155373,155350,155355
155422,155445,155457,155462,155509,155433,155452,155461,155426,155437,155441,155443,155455,155463,155438,155443
155509,155535,155557,155563,155579,155522,155541,155546,155515,155526,155530,155534,155542,155546,155527,155534
155579,155627,155639,155645,155695,155614,155634,155644,155608,155618,155623,155625,155637,155648,155620,155625
155695,155720,155732,155735,155788,155708,155727,155734,155701,155712,155717,155717,155730,155738,155714,155717
155788,155810,155821,155825,155882,155798,155816,155824,155792,155802,155807,155807,155819,155827,155804,155807
155882,155906,155918,,155969,155893,155913,155922,155887,155898,155901,155905,155916,155922,155899,155905
155969,156000,156014,,156059,155989,156009,,155984,155994,156001,156001,156012,156021,155997,156001
156059,156100,156112,156115,156172,156088,156106,156114,156082,156091,156098,156098,156109,156118,156094,156098
156172,156195,156208,156213,156268,156183,156202,156212,156177,156187,156194,156194,156206,156215,156189,156194
156268,156293,156305,156310,156366,156280,156299,156309,156273,156284,156289,156291,156303,156312,156286,156291
156366,156390,156402,156406,156458,156378,156396,156405,156371,156382,156387,156389,156400,156408,156384,156389
156458,156483,156494,156498,156550,156470,156489,156497,156464,156474,156478,156481,156492,156500,156476,156481
156550,156575,156585,156589,156643,156562,156581,156588,156555,156566,156569,156573,156584,156591,156568,156573
156643,156666,156677,156681,156731,156654,156672,156680,156647,156658,156662,156665,156675,156682,156660,156665
156731,156754,156766,156771,156818,156742,156760,156770,156736,156752,156758,156758,156764,156773,156758,156768
156818,156842,156853,,156904,156829,156848,,156822,156840,156845,156845,156851,156858,156845,156853
156904,156928,156939,156944,156992,156915,156934,156943,156909,156927,156932,156932,156937,156945,156932,156940
156992,157015,157027,,157079,157003,157021,157032,156996,157014,157019,157019,157025,157032,157019,157028
157079,157103,157115,,157171,157091,157109,157121,157084,157102,157107,157107,157113,157121,157107,157116
157171,157195,157208,,157265,157183,157202,157216,157176,157194,157199,157199,157206,157216,157199,157211
157265,157291,157303,,157364,157279,157297,157309,157272,157284,157285,157289,157301,157309,157285,157289
157364,157388,157400,157432,157458,157376,157395,157411,157370,157380,157386,157386,157398,157411,157382,157386
157458,157481,157493,157501,157551,157469,157487,157500,157463,157473,157478,157478,157491,157502,157475,157478
157551,157574,157587,157592,157646,157562,157581,157591,157555,157566,157572,157572,157585,157595,157568,157572
157646,157669,157681,157688,157738,157657,157676,157687,157651,157661,157667,157667,157679,157689,157663,157667
157738,157760,157773,157777,157826,157749,157767,157776,157742,157753,157759,157759,157770,157779,157755,157759
157826,157848,157860,157863,157915,157837,157855,157862,157830,157841,157847,157847,157858,157866,157844,157847
157915,157939,157951,157955,158006,157926,157946,157954,157920,157930,157935,157938,157949,157957,157932,157938
158006,158030,158041,158045,158097,158017,158036,158044,158011,158021,158026,158028,158039,158046,158023,158028
158097,158119,158130,158133,158182,158107,158125,158132,158101,158111,158116,158116,158128,158136,158113,158116
158182,158205,158215,158218,158269,158193,158211,158217,158186,158197,158202,158202,158213,158220,158199,158202
158269,158294,158305,,158359,158281,158300,,158274,158292,158298,158298,158303,158311,158298,158306
158359,158384,158394,158397,158452,158371,158390,158396,158364,158382,158388,158388,158392,158399,158388,158396
158452,158475,158487,158491,158540,158463,158481,158490,158456,158467,158471,158473,158484,158492,158469,158473
158540,158563,158575,158579,158631,158551,158569,158578,158545,158555,158558,158561,158573,158580,158557,158561
158631,158655,158666,158671,158723,158642,158661,158670,158635,158647,158649,158653,158664,158672,158648,158653
158723,158748,158759,158764,158819,158735,158754,158763,158729,158739,158742,158747,158757,158766,158741,158747
158819,158842,158854,158859,158911,158830,158848,158858,158824,158835,158839,158840,158852,158859,158836,158840
158911,158934,158946,158951,159004,158922,158941,158950,158916,158926,158931,158932,158944,158952,158928,158932
159004,159028,159040,,159099,159015,159034,,159009,159020,159023,159027,159038,159045,159021,159027
159099,159123,159135,159139,159194,159111,159130,159138,159104,159115,159119,159122,159133,159140,159117,159122
159194,159216,159229,159233,159286,159205,159223,159232,159199,159209,159215,159215,159227,159235,159211,159215
159286,159310,159322,159351,159380,159298,159317,159327,159291,159302,159306,159308,159320,159327,159304,159308
159380,159406,159417,159444,159477,159393,159412,159422,159387,159397,159401,159404,159415,159422,159399,159404
159477,159501,159513,159517,159571,159489,159508,159516,159483,159493,159499,159499,159511,159518,159495,159499
159571,159593,159605,159610,159658,159582,159599,159609,159576,159586,159591,159591,159603,159611,159588,159591
159658,159681,159693,,159743,159669,159688,159698,159663,159673,159680,159680,159691,159698,159676,159680
159743,159765,159778,159784,159824,159753,159772,159783,159747,159757,159764,159764,159776,159785,159760,159764
159824,159846,159859,159863,159908,159835,159852,159862,159828,159839,159844,159844,159856,159866,159842,159844
159908,159931,159943,159947,160002,159919,159937,159946,159913,159923,159929,159929,159941,159949,159926,159929
160002,160026,160037,160040,160103,160013,160032,160039,160006,160022,160029,160029,160035,160043,160029,160039
160103,160131,160140,160156,160201,160115,160148,160155,160108,160118,160122,160128,160151,160157,160120,160125
160201,160227,160238,160243,160301,160214,160232,160242,160208,160217,160223,160227,160236,160245,160219,160227
160301,160320,160338,160346,160405,160313,160331,160341,160308,160316,160323,160328,160336,160344,160319,160328
160405,160419,160436,160446,160496,160412,160425,160440,160406,160416,160426,160426,160435,160445,160419,160426
160496,160511,160526,160536,160582,160504,160517,160528,160499,160508,160516,160516,160523,160531,160511,160516
160582,160595,160612,160618,160659,160588,160604,160615,160583,160592,160601,160601,160609,160619,160595,160601
160659,160679,160692,160696,160739,160667,160686,160696,160662,160671,160677,160679,160689,160701,160673,160679
160739,160762,160773,160777,160819,160747,160768,160777,160741,160750,160755,160760,160771,160781,160752,160757
160819,160842,160873,160857,160906,160828,160849,160857,160821,160831,160836,160840,160851,160864,160833,160840
160906,160931,160940,160943,160996,160915,160936,160943,160909,160918,160923,160929,160938,160947,160920,160926
160996,161020,161029,161031,161089,161005,161025,161031,160999,161009,161011,161017,161027,161033,161010,161014
161089,161114,161123,161125,161186,161100,161120,161125,161094,161103,161108,161111,161121,161130,161105,161111
161186,161210,161218,161219,161276,161196,161214,161219,161190,161200,161206,161206,161216,161224,161202,161206
161276,161299,161308,161309,161359,161286,161304,161309,161280,161290,161297,161297,161305,161312,161292,161297
161359,161382,161392,161394,161440,161368,161387,161394,161362,161372,161377,161379,161389,161399,161374,161379
161440,161463,161472,161474,161519,161449,161469,161474,161442,161452,161456,161461,161470,161477,161454,161461
161519,161543,161554,161556,161606,161529,161550,161556,161523,161534,161536,161541,161552,161560,161535,161541
161606,161631,161640,,161694,161617,161648,,161610,161628,161638,161643,161651,161657,161633,161640
161694,161719,161747,161732,161787,161705,161727,161732,161699,161716,161721,161721,161728,161737,161721,161732
161787,161810,161820,,161876,161797,161831,161854,161791,161801,161818,161826,161837,161854,161803,161821
161876,161899,161910,161914,161968,161888,161905,161913,161882,161892,161897,161897,161908,161921,161895,161897
161968,161989,162000,162002,162051,161978,161995,162002,161971,161982,161989,161989,161998,162006,161985,161989
162051,162073,162083,162086,162131,162061,162079,162086,162054,162065,162070,162070,162081,162089,162067,162070
162131,162153,162164,162168,162208,162140,162159,162167,162134,162144,162150,162150,162162,162171,162146,162150
162208,162230,162243,162247,162285,162218,162237,162246,162211,162222,162226,162228,162240,162249,162224,162228
162285,162308,162320,162323,162367,162296,162315,162322,162289,162300,162306,162306,162318,162325,162302,162306
162367,162391,162403,162406,162454,162379,162398,162405,162372,162383,162388,162388,162401,162408,162385,162388
162454,162477,162489,162493,162543,162465,162484,162492,162459,162469,162475,162475,162487,162495,162472,162475
162543,162566,162577,162578,162632,162554,162573,162578,162548,162558,162565,162565,162575,162581,162562,162565
162632,162654,162665,162668,162717,162643,162661,162668,162636,162647,162653,162653,162663,162672,162650,162653
162717,162738,162750,162753,162797,162727,162745,162753,162721,162732,162738,162738,162748,162756,162735,162738
162797,162818,162829,162832,162875,162807,162824,162831,162801,162811,162818,162818,162827,162835,162814,162818
162875,162896,162909,162912,162952,162884,162903,162911,162878,162889,162895,162895,162906,162915,162892,162895
162952,162974,162987,162991,163031,162962,162981,162990,162956,162966,162972,162972,162984,162994,162968,162972
163031,163053,163065,163067,163115,163041,163060,163066,163035,163045,163051,163051,163063,163070,163047,163051
163115,163139,163151,163154,163201,163126,163145,163153,163119,163130,163135,163137,163149,163156,163132,163137
163201,163225,163237,163242,163291,163213,163232,163241,163206,163217,163223,163223,163235,163245,163219,163223
163291,163314,163325,163328,163381,163303,163320,163327,163296,163307,163313,163313,163323,163330,163309,163313
163381,163402,163415,163418,163468,163392,163409,163418,163386,163396,163404,163404,163413,163422,163400,163404
163468,163487,163499,163502,163547,163477,163493,163501,163471,163482,163487,163487,163497,163505,163486,163487
163547,163567,163580,163583,163624,163557,163574,163582,163551,163561,163568,163568,163578,163586,163564,163568
163624,163646,163658,163661,163700,163634,163653,163661,163628,163638,163644,163644,163656,163665,163640,163644
163700,163722,163734,163738,163778,163710,163728,163737,163704,163714,163721,163721,163732,163741,163717,163721
163778,163800,163813,163817,163861,163788,163807,163816,163782,163792,163799,163799,163811,163820,163795,163799
163861,163885,163897,,163945,163872,163892,163903,163866,163876,163881,163883,163895,163903,163878,163883
163945,163969,163981,163987,164033,163957,163975,163986,163951,163961,163966,163966,163979,163988,163963,163966
164033,164056,164067,164070,164121,164044,164062,164069,164038,164049,164053,164053,164065,164074,164052,164053
164121,164142,164153,164156,164205,164131,164148,164156,164124,164135,164140,164140,164151,164161,164139,164140
164205,164225,164237,164239,164283,164214,164232,164239,164208,164218,164225,164225,164234,164242,164221,164225
164283,164304,164317,164321,164359,164292,164311,164320,164286,164296,164304,164304,164314,164325,164300,164304
164359,164380,164392,164398,164435,164369,164387,164397,164362,164373,164379,164379,164390,164401,164375,164379
164435,164457,164470,164475,164513,164445,164464,164474,164439,164449,164455,164455,164467,164477,164452,164455
164513,164536,164548,164553,164596,164524,164543,164552,164517,164529,164533,164533,164546,164554,164531,164533
164596,164619,164631,164636,164680,164607,164626,164635,164601,164612,164615,164617,164629,164637,164613,164617
164680,164703,164715,164719,164768,164691,164710,164718,164685,164696,164700,164700,164713,164721,164697,164700
164768,164789,164800,164803,164854,164778,164795,164802,164772,164782,164787,164787,164798,164806,164786,164787
164854,164876,164887,164889,164939,164864,164883,164889,164858,164868,164874,164874,164885,164895,164871,164874
164939,164959,164969,164972,165017,164948,164965,164972,164942,164953,164962,164962,164967,164974,164962,164970
165017,165038,165050,165053,165094,165027,165046,165053,165020,165031,165042,165042,165048,165059,165042,165052
165094,165115,165126,165129,165170,165104,165123,165129,165097,165108,165113,165113,165124,165132,165111,165113
165170,165192,165203,165206,165246,165180,165198,165205,165174,165184,165189,165189,165201,165209,165186,165189
165246,165268,165280,,165327,165257,165275,165288,165251,165261,165266,165266,165278,165288,165263,165266
165327,165350,165363,,165409,165338,165358,,165332,165342,165348,165348,165361,165365,165345,165348
165409,165432,165444,,165495,165421,165439,165456,165414,165425,165431,165431,165442,165456,165427,165431
165495,165517,165544,165548,165580,165505,165522,165548,165499,165510,165526,165536,165543,165549,165518,165532
165580,165601,165611,165614,165665,165589,165607,165614,165583,165594,165603,165603,165609,165618,165603,165612
165665,165686,165697,165699,165750,165675,165692,165699,165668,165679,165685,165685,165694,165702,165682,165685
165750,165771,165782,165784,165831,165760,165777,165784,165753,165764,165770,165770,165779,165787,165767,165770
165831,165853,165886,165865,165911,165840,165860,165865,165834,165844,165851,165851,165861,165869,165846,165851
165911,165933,165944,165945,165991,165920,165940,165945,165914,165925,165932,165932,165942,165948,165928,165932
165991,166013,166025,166030,166075,166001,166020,166029,165995,166006,166012,166012,166023,166035,166008,166012
166075,166097,166108,166111,166161,166086,166104,166111,166080,166090,166096,166096,166106,166113,166093,166096
166161,166183,166194,166197,166246,166171,166189,166196,166165,166175,166181,166181,166192,166200,166178,166181
166246,166267,166279,166284,166328,166256,166273,166283,166250,166260,166266,166266,166277,166287,166263,166266
166328,166350,166362,166366,166411,166338,166357,166365,166332,166342,166348,166348,166360,166369,166344,166348
166411,166434,166445,166449,166494,166421,166440,166448,166415,166425,166430,166432,166443,166451,166427,166432
166494,166517,166529,166532,166579,166505,166524,166531,166499,166509,166515,166515,166527,166534,166511,166515
166579,166602,166613,166617,166664,166590,166608,166616,166584,166594,166599,166599,166611,166619,166596,166599
166664,166686,166699,166704,166748,166675,166693,166703,166669,166679,166685,166685,166696,166706,166682,166685
166748,166769,166781,166785,166831,166758,166776,166784,166751,166762,166768,166768,166779,166786,166764,166768
166831,166854,166866,,166916,166842,166861,166872,166836,166846,166852,166852,166864,166872,166848,166852
166916,166939,166951,166957,167002,166927,166946,166956,166921,166931,166938,166938,166949,166958,166934,166938
167002,167024,167037,167041,167088,167013,167031,167040,167006,167017,167024,167024,167035,167043,167019,167024
167088,167109,167122,167125,167172,167098,167116,167124,167092,167102,167109,167109,167119,167128,167105,167109
167172,167195,167207,167212,167259,167183,167202,167211,167177,167187,167194,167194,167205,167213,167189,167194
167259,167281,167294,167299,167346,167269,167288,167298,167263,167273,167279,167279,167292,167301,167276,167279
167346,167368,167381,167385,167434,167356,167375,167384,167350,167360,167367,167367,167379,167389,167363,167367
167434,167456,167468,167472,167522,167444,167462,167471,167438,167448,167455,167455,167466,167474,167451,167455
167522,167544,167557,167561,167609,167532,167551,167560,167526,167536,167543,167543,167555,167564,167539,167543
167609,167631,167643,167646,167696,167620,167638,167645,167614,167624,167630,167630,167641,167648,167626,167630
167696,167717,167730,167733,167781,167706,167724,167732,167700,167710,167718,167718,167728,167736,167713,167718
167781,167803,167815,167819,167866,167791,167810,167818,167785,167795,167802,167802,167813,167821,167797,167802
167866,167889,167900,167904,167951,167877,167895,167903,167871,167880,167887,167887,167898,167906,167883,167887
167951,167974,167986,167990,168038,167962,167981,167989,167956,167966,167973,167973,167984,167992,167969,167973
168038,168060,168072,168075,168124,168049,168066,168074,168043,168053,168059,168059,168070,168079,168055,168059
168124,168146,168157,168161,168207,168134,168152,168160,168128,168138,168144,168144,168155,168163,168140,168144
168207,168230,168242,168247,168295,168218,168237,168246,168212,168222,168228,168228,168240,168249,168225,168228
168295,168318,168330,168334,168383,168306,168325,168333,168300,168310,168316,168316,168328,168336,168312,168316
168383,168405,168417,168420,168472,168394,168412,168419,168388,168398,168404,168404,168415,168424,168401,168404
168472,168495,168506,168510,168563,168482,168501,168509,168476,168486,168491,168493,168504,168512,168488,168493
168563,168585,168596,168600,168654,168573,168592,168599,168567,168577,168583,168583,168594,168601,168579,168583
168654,168677,168689,168693,168745,168664,168683,168692,168658,168668,168675,168675,168687,168696,168671,168675
168745,168768,168780,168784,168837,168755,168774,168783,168749,168760,168765,168765,168778,168787,168762,168765
168837,168861,168871,168873,168929,168847,168868,168873,168841,168851,168859,168859,168869,168876,168853,168859
168929,168954,168963,168965,169021,168939,168960,168965,168932,168942,168949,168950,168961,168970,168945,168950
169021,169047,169075,169056,169112,169030,169050,169056,169024,169033,169039,169042,169052,169064,169036,169042
169112,169136,169145,169148,169199,169121,169141,169148,169115,169124,169129,169134,169143,169150,169126,169134
169199,169226,169235,169237,169289,169208,169231,169237,169202,169211,169217,169223,169233,169241,169213,169219
169289,169316,169323,169324,169381,169297,169320,169324,169291,169300,169306,169312,169321,169328,169303,169309
169381,169406,169439,169414,169473,169389,169411,169414,169382,169392,169396,169402,169412,169424,169394,169399
169473,169499,169509,169511,169567,169482,169505,169511,169475,169485,169489,169496,169507,169516,169487,169493
169567,169596,169615,169618,169664,169576,169610,169618,169570,169578,169583,169591,169613,169621,169581,169587
169664,169692,169699,169700,169758,169673,169696,169700,169666,169675,169679,169687,169697,169704,169677,169683
169758,169786,169817,169797,169858,169767,169792,169797,169760,169769,169773,169781,169794,169805,169771,169777
169858,169887,169897,169899,169966,169868,169893,169899,169862,169871,169876,169883,169895,169905,169873,169879
169966,169994,170004,170026,170064,169975,170017,170025,169969,169978,169985,169992,170020,170028,169981,169988
170064,170092,170103,170107,170164,170073,170099,170107,170067,170077,170084,170090,170101,170112,170080,170087
170164,170192,170204,170207,170262,170174,170200,170207,170168,170176,170182,170188,170202,170209,170179,170184
170262,170290,170302,170307,170358,170273,170297,170307,170266,170276,170282,170289,170300,170311,170279,170285
170358,170388,170399,170404,170460,170370,170394,170403,170364,170373,170378,170386,170397,170407,170375,170382
170460,170488,170500,170504,170561,170471,170495,170503,170464,170475,170478,170487,170499,170507,170476,170483
170561,170591,170602,170607,170665,170574,170597,170606,170567,170578,170582,170589,170600,170610,170580,170586
170665,170694,170706,170709,170769,170677,170701,170708,170670,170681,170684,170691,170704,170712,170682,170688
170769,170797,170809,170812,170871,170781,170804,170811,170774,170795,170802,170802,170807,170815,170802,170811
170871,170901,170913,170921,170974,170885,170907,170920,170877,170900,170905,170905,170911,170922,170905,170916
170974,171005,171016,171020,171078,170989,171011,171019,170981,171004,171009,171009,171014,171023,171009,171018
171078,171106,171119,171124,171182,171090,171113,171123,171083,171099,171102,171102,171117,171127,171101,171102
171182,171213,171225,171231,171291,171196,171220,171230,171189,171201,171203,171212,171224,171232,171202,171208
171291,171323,171335,171340,171391,171307,171330,171339,171300,171312,171314,171322,171334,171342,171313,171319
171391,171433,171447,171450,171505,171418,171440,171449,171411,171422,171428,171433,171444,171453,171425,171433
171505,171533,171546,171549,171604,171516,171540,171548,171509,171521,171524,171531,171544,171552,171523,171528
171604,171632,171644,171650,171691,171615,171638,171649,171608,171619,171622,171631,171642,171653,171620,171628
171691,171741,171753,171765,171817,171724,171748,171756,171718,171728,171730,171741,171751,171756,171729,171733
171817,171849,171858,171861,171916,171829,171854,171861,171823,171832,171840,171848,171856,171863,171836,171844
171916,171945,171954,171958,172019,171926,171949,171957,171920,171929,171936,171944,171952,171960,171932,171940
172019,172051,172078,172097,172131,172030,172070,172088,172023,172033,172039,172050,172079,172088,172035,172043
172131,172165,172177,172181,172228,172147,172172,172180,172142,172150,172158,172167,172175,172183,172153,172164
172228,172265,172282,172285,172339,172255,172278,172285,172250,172259,172267,172274,172280,172288,172262,172271
172339,172376,172384,172386,172440,172355,172381,172386,172350,172358,172366,172375,172382,172388,172362,172371
172440,172481,172493,172496,172571,172460,172487,172495,172455,172463,172472,172482,172491,172499,172466,172479
172571,172597,172623,172611,172651,172578,172605,172611,172572,172581,172587,172596,172607,172613,172583,172590
172651,172718,172729,,172774,172700,172725,172730,172694,172703,172711,172719,172770,172769,172706,172715
172774,172830,172859,172844,172907,172813,172838,172844,172807,172816,172823,172830,172839,172849,172819,172826
172907,172937,172967,172950,172996,172918,172944,172950,172912,172921,172926,172936,172945,172953,172923,172929
172996,173048,173060,173063,173104,173030,173055,173062,173024,173034,173040,173048,173058,173066,173037,173045
173104,173166,173180,,173228,173149,173174,173205,173143,173152,173158,173168,173196,173209,173154,173161
173228,173281,173315,173298,173354,173266,173291,173298,173261,173270,173277,173277,173293,173304,173272,173277
173354,173389,173403,173405,173455,173373,173399,173405,173367,173376,173385,173392,173401,173408,173379,173389
173455,173503,173514,,173580,173482,173509,173518,173476,173484,173490,173503,173512,173518,173487,173499
173580,173619,173646,173651,173705,173601,173635,173650,173594,173604,173609,173618,173644,173651,173606,173614
173705,173731,173742,173745,173814,173714,173737,173744,173708,173717,173724,173732,173740,173746,173720,173728
173814,173843,173854,173862,173905,173824,173849,173857,173817,173827,173835,173843,173852,173857,173830,173840
173905,173956,173969,173974,174016,173939,173964,173973,173933,173943,173949,173957,173967,173976,173946,173953
174016,174066,174079,174083,174126,174050,174073,174082,174043,174054,174061,174067,174077,174084,174057,174067
174126,174169,174183,174189,174231,174153,174177,174188,174146,174157,174163,174170,174181,174190,174160,174167
174231,174275,174288,174291,174335,174260,174283,174290,174253,174266,174273,174277,174286,174293,174270,174277
174335,174387,174402,174407,174448,174371,174395,174406,174364,174375,174381,174388,174400,174409,174377,174384
174448,174491,174504,174528,174553,174474,174498,174508,174467,174478,174485,174492,174502,174508,174480,174489
174553,174601,174615,174620,174688,174584,174609,174619,174578,174593,174598,174602,174612,174622,174595,174602
174688,174715,174728,174735,174788,174699,174722,174734,174692,174703,174708,174715,174725,174737,174705,174712
174788,174820,174833,174839,174888,174805,174828,174838,174798,174808,174815,174821,174832,174841,174811,174818
174888,174931,174945,,174985,174916,174940,,174909,174920,174927,174932,174943,174955,174923,174932
174985,175041,175054,175059,175110,175026,175048,175058,175020,175030,175036,175042,175052,175062,175033,175042
175110,175139,175151,175155,175210,175124,175146,175154,175117,175128,175134,175139,175149,175161,175131,175139
175210,175239,175253,175259,175302,175223,175247,175258,175216,175227,175232,175240,175251,175261,175229,175237
175302,175347,175361,175368,175408,175333,175355,175367,175326,175337,175344,175349,175359,175370,175340,175349
175408,175450,175464,175470,175521,175435,175458,175469,175429,175440,175447,175453,175462,175472,175443,175450
175521,175557,175571,175578,175614,175540,175564,175577,175533,175544,175550,175557,175571,175581,175547,175554
175614,175666,175679,175685,175731,175649,175673,175684,175643,175652,175659,175667,175677,175685,175656,175663
175731,175765,175778,175781,175825,175749,175773,175780,175743,175752,175758,175767,175776,175783,175755,175763
175825,175873,175887,,175929,175855,175881,175889,175850,175858,175865,175874,175926,175925,175861,175868
175929,175982,175995,,176039,175967,175990,176016,175961,175970,175976,175984,176009,176018,175973,175981
176039,176084,176098,176102,176139,176067,176092,176101,176062,176070,176077,176086,176096,176105,176073,176081
176139,176195,176213,,176253,176177,176207,176245,176172,176180,176188,176196,176238,176246,176183,176192
176253,176302,176315,,176360,176284,176310,176320,176278,176287,176295,176303,176313,176320,176290,176299
176360,176404,176416,176419,176458,176387,176411,176418,176380,176390,176397,176405,176414,176420,176393,176401
176458,176512,176525,176528,176572,176496,176520,176527,176490,176499,176506,176513,176523,176529,176502,176509
176572,176616,176632,176636,176684,176599,176626,176635,176594,176603,176611,176618,176630,176637,176606,176615
176684,176721,176732,176761,176804,176704,176745,176760,176698,176707,176714,176721,176753,176762,176710,176717
176804,176832,176845,176849,176891,176815,176840,176848,176809,176818,176823,176833,176843,176849,176821,176827
176891,176935,176948,176951,176997,176920,176943,176951,176914,176925,176934,176934,176946,176955,176931,176934
176997,177041,177056,177061,177102,177024,177049,177060,177018,177027,177033,177042,177054,177062,177030,177037
177102,177153,177165,177174,177212,177137,177160,177173,177131,177141,177147,177154,177163,177175,177144,177151
177212,177257,177269,177273,177324,177241,177264,177272,177235,177245,177252,177258,177267,177276,177248,177255
177324,177368,177383,177407,177459,177352,177377,177407,177345,177357,177362,177369,177399,177409,177359,177366
177459,177485,177498,177502,177544,177470,177492,177501,177463,177474,177481,177487,177496,177502,177477,177484
177544,177595,177612,177617,177649,177579,177604,177616,177573,177582,177588,177595,177610,177618,177585,177591
177649,177712,177726,177735,177766,177697,177720,177734,177691,177701,177706,177713,177725,177737,177703,177710
177766,177822,177836,177842,177877,177807,177830,177841,177801,177811,177818,177825,177834,177845,177814,177822
177877,177928,177943,,177985,177913,177937,,177907,177917,177920,177928,177941,177950,177918,177924
177985,178041,178056,,178102,178026,178051,178060,178019,178030,178038,178044,178054,178060,178033,178041
178102,178147,178162,178182,178215,178133,178156,178163,178127,178137,178145,178150,178161,178163,178140,178147
178215,178258,178270,178274,178315,178242,178265,178273,178236,178246,178252,178259,178269,178275,178249,178256
178315,178376,178390,,178432,178360,178384,178395,178354,178363,178369,178378,178388,178395,178366,178375
178432,178483,178495,,178544,178467,178490,178500,178461,178471,178477,178483,178493,178500,178474,178480
178544,178594,178609,,178653,178578,178603,,178572,178583,178588,178593,178608,178615,178585,178593
178653,178710,178729,,178768,178693,178717,,178686,178697,178702,178710,178728,178742,178700,178707
178768,178815,178827,178831,178877,178800,178822,178830,178793,178804,178810,178816,178825,178831,178807,178816
178877,178922,178936,178942,178978,178906,178930,178941,178900,178909,178915,178923,178934,178943,178912,178920
178978,179036,179050,,179093,179020,179044,179057,179014,179024,179031,179038,179048,179057,179027,179034
179093,179145,179161,179167,179203,179130,179154,179166,179124,179134,179140,179147,179160,179168,179137,179144
179203,179254,179268,,179306,179237,179262,179273,179231,179241,179247,179255,179266,179273,179243,179252
179306,179371,179387,,179429,179357,179381,179394,179351,179361,179367,179373,179386,179394,179364,179370
179429,179481,179496,179501,179545,179468,179490,179500,179462,179472,179480,179484,179494,179505,179475,179484
179545,179593,179607,179614,179648,179576,179602,179613,179570,179580,179586,179594,179605,179614,179582,179589
179648,179707,179722,179726,179768,179692,179716,179725,179685,179696,179703,179710,179720,179727,179699,179707
179768,179810,179826,179830,179870,179796,179820,179829,179790,179800,179809,179811,179824,179832,179803,179811
179870,179919,179933,179938,179980,179903,179927,179937,179896,179907,179913,179920,179931,179939,179909,179916
179980,180033,180046,180058,180090,180018,180040,180050,180011,180022,180028,180035,180044,180050,180025,180032
180090,180140,180154,180159,180201,180125,180148,180158,180118,180129,180135,180142,180152,180161,180132,180139
180201,180257,180272,180277,180314,180241,180266,180276,180235,180246,180253,180259,180270,180279,180248,180259
180314,180374,180388,180392,180437,180359,180382,180391,180353,180363,180371,180376,180386,180394,180366,180373
180437,180484,180498,180503,180558,180468,180492,180502,180462,180472,180479,180485,180497,180505,180475,180482
180558,180600,180615,,180653,180585,180609,,180579,180589,180596,180602,180613,180622,180592,180599
180653,180714,180728,180732,180784,180700,180722,180731,180694,180704,180711,180716,180726,180733,180707,180713
180784,180824,180838,,180890,180808,180832,180850,180802,180812,180820,180825,180836,180850,180815,180825
180890,180943,180958,,181009,180928,180952,180967,180922,180933,180940,180945,180956,180967,180936,180945
181009,181059,181074,181080,181131,181045,181068,181079,181039,181049,181057,181061,181072,181081,181052,181061
181131,181178,181193,181199,181264,181162,181187,181198,181156,181166,181171,181178,181191,181200,181168,181175
181264,181307,181320,181332,181365,181292,181315,181331,181286,181296,181302,181308,181319,181334,181299,181308
181365,181424,181437,181443,181491,181409,181432,181442,181403,181412,181419,181425,181435,181445,181415,181422
181491,181539,181553,181558,181612,181523,181547,181557,181517,181527,181534,181541,181551,181560,181530,181538
181612,181663,181679,181684,181728,181648,181672,181683,181642,181653,181660,181666,181677,181685,181656,181666
181728,181779,181794,181802,181848,181764,181788,181801,181758,181768,181775,181780,181792,181803,181771,181780
181848,181890,181904,181910,181957,181874,181898,181909,181868,181878,181885,181892,181902,181911,181882,181889
181957,182012,182026,,182075,181996,182020,,181989,182001,182007,182014,182024,182039,182003,182011
182075,182129,182142,182146,182195,182114,182137,182145,182108,182118,182125,182131,182140,182147,182121,182128
182195,182242,182256,182261,182339,182225,182250,182260,182219,182229,182236,182243,182254,182262,182232,182240
182339,182366,182381,182386,182429,182350,182374,182385,182344,182354,182361,182368,182378,182387,182357,182365
182429,182483,182496,182502,182558,182468,182490,182501,182461,182472,182478,182484,182494,182504,182475,182481
182558,182600,182614,182621,182680,182584,182608,182620,182577,182592,182597,182601,182612,182625,182595,182601
182680,182727,182741,182746,182790,182712,182735,182745,182705,182716,182722,182728,182739,182748,182718,182725
182790,182841,182856,182860,182920,182827,182849,182859,182821,182831,182839,182843,182853,182862,182834,182843
182920,182953,182967,182973,183020,182937,182961,182972,182930,182941,182949,182954,182965,182974,182944,182954
183020,183073,183088,183093,183137,183058,183082,183092,183051,183063,183071,183074,183086,183094,183066,183074
183137,183189,183204,183210,183258,183175,183198,183209,183169,183179,183187,183191,183202,183212,183182,183191
183258,183300,183315,,183379,183285,183309,183323,183279,183289,183296,183302,183313,183323,183292,183299
183379,183425,183440,,183489,183410,183434,,183404,183415,183422,183428,183438,183447,183418,183425
183489,183545,183560,183564,183612,183530,183553,183563,183524,183534,183540,183545,183558,183566,183536,183542
183612,183655,183669,183678,183749,183639,183663,183677,183633,183644,183650,183656,183667,183681,183647,183653
183749,183777,183793,183803,183838,183762,183786,183802,183755,183766,183771,183777,183790,183805,183768,183774
183838,183899,183913,183918,183971,183884,183907,183917,183878,183888,183895,183901,183911,183919,183891,183898
183971,184009,184023,184029,184093,183994,184016,184028,183987,183998,184004,184009,184021,184031,184001,184009
184093,184128,184143,184196,184225,184112,184137,184149,184106,184116,184121,184129,184141,184151,184118,184125
184225,184253,184268,184272,184320,184238,184262,184271,184232,184243,184249,184254,184266,184273,184246,184254
184320,184366,184379,184385,184444,184351,184373,184384,184344,184356,184361,184367,184377,184388,184358,184364
184444,184482,184496,184502,184555,184466,184490,184501,184459,184470,184476,184483,184494,184504,184472,184480
184555,184603,184617,184622,184682,184588,184611,184621,184581,184592,184598,184604,184615,184623,184594,184601
184682,184714,184727,184733,184802,184699,184722,184732,184692,184703,184709,184714,184725,184735,184705,184714
184802,184830,184844,184852,184921,184814,184838,184851,184807,184818,184825,184831,184842,184852,184821,184828
184921,184951,184963,184968,185018,184935,184958,184967,184928,184939,184946,184952,184962,184970,184942,184949
185018,185061,185075,185079,185141,185046,185069,185078,185039,185050,185057,185062,185073,185082,185053,185059
185141,185170,185184,185192,185247,185154,185178,185191,185147,185159,185165,185171,185182,185193,185161,185171
185247,185291,185306,185311,185359,185276,185299,185310,185269,185280,185287,185292,185304,185314,185283,185292
185359,185402,185416,185420,185472,185387,185410,185419,185381,185391,185397,185404,185414,185422,185393,185401
185472,185510,185524,185529,185575,185493,185518,185528,185487,185496,185502,185509,185522,185530,185499,185505
185575,185628,185643,185648,185699,185612,185636,185647,185606,185616,185619,185630,185641,185649,185617,185627
185699,185743,185757,185763,185816,185729,185751,185762,185722,185733,185739,185744,185755,185764,185735,185744
185816,185851,185862,185866,185921,185834,185857,185865,185827,185837,185844,185850,185860,185869,185840,185847
185921,185963,185976,,186038,185946,185971,185981,185940,185950,185955,185963,185974,185981,185952,185960
186038,186082,186096,186104,186146,186067,186090,186103,186060,186071,186078,186084,186094,186106,186074,186081
186146,186191,186204,186207,186262,186176,186198,186206,186170,186180,186188,186193,186202,186208,186183,186190
186262,186299,186312,186316,186391,186282,186306,186315,186275,186286,186293,186300,186310,186317,186288,186300
186391,186420,186435,186439,186480,186404,186428,186438,186397,186409,186415,186421,186433,186442,186412,186421
186480,186539,186552,186555,186607,186523,186547,186554,186517,186527,186536,186541,186550,186558,186530,186541
186607,186650,186662,186666,186736,186633,186656,186665,186626,186636,186642,186649,186660,186669,186639,186646
186736,186769,186782,186796,186826,186752,186777,186795,186745,186755,186762,186770,186780,186796,186758,186766
186826,186890,186906,,186960,186876,186900,186953,186870,186880,186904,186935,186945,186954,186883,186932
186960,187003,187016,187022,187071,186986,187011,187021,186979,186990,186994,187003,187014,187022,186992,186999
187071,187121,187133,187134,187196,187105,187129,187134,187097,187121,187126,187126,187131,187137,187126,187133
187196,187239,187252,187256,187306,187223,187246,187255,187217,187226,187232,187239,187250,187258,187229,187236
187306,187347,187362,187365,187437,187331,187356,187364,187325,187335,187341,187348,187359,187367,187337,187345
187437,187465,187479,187482,187529,187449,187473,187481,187442,187454,187461,187467,187476,187484,187458,187464
187529,187586,187599,187603,187653,187571,187593,187602,187564,187576,187580,187586,187597,187605,187578,187583
187653,187701,187715,187722,187789,187685,187709,187721,187678,187689,187693,187701,187713,187723,187691,187701
187789,187822,187836,187840,187893,187806,187830,187839,187799,187809,187815,187823,187834,187842,187812,187820
187893,187943,187956,187959,188013,187927,187951,187958,187921,187931,187938,187944,187954,187959,187934,187941
188013,188055,188085,188090,188135,188038,188062,188090,188031,188041,188049,188056,188083,188097,188044,188053
188135,188175,188189,188194,188236,188159,188183,188193,188153,188162,188168,188176,188187,188196,188165,188171
188236,188299,188314,188318,188365,188285,188307,188317,188279,188289,188295,188301,188312,188320,188291,188298
188365,188413,188426,188430,188489,188396,188421,188429,188390,188400,188407,188414,188424,188432,188403,188411
188489,188533,188548,188554,188599,188516,188541,188553,188510,188520,188523,188534,188546,188556,188522,188531
188599,188657,188672,188675,188724,188642,188666,188674,188635,188646,188654,188660,188670,188677,188648,188660
188724,188770,188785,188788,188836,188753,188778,188787,188746,188756,188763,188769,188783,188790,188759,188766
188836,188892,188906,188912,188951,188876,188900,188911,188870,188881,188885,188894,188904,188912,188882,188891
188951,189019,189039,,189078,189003,189029,189052,188997,189007,189014,189020,189074,189073,189010,189017
189078,189134,189161,189171,189228,189115,189142,189170,189109,189118,189127,189135,189159,189174,189123,189131
189228,189254,189279,189289,189343,189236,189261,189289,189230,189239,189245,189255,189277,189291,189242,189251
189343,189380,189393,189398,189438,189362,189387,189397,189356,189365,189372,189381,189391,189398,189368,189378
189438,189493,189508,189515,189559,189475,189501,189514,189469,189478,189484,189494,189506,189520,189481,189490
189559,189616,189629,189632,189675,189598,189623,189631,189591,189601,189607,189618,189627,189635,189603,189614
189675,189738,189752,189755,189822,189722,189745,189754,189716,189726,189732,189739,189749,189758,189729,189736
189822,189850,189859,189862,189913,189831,189856,189862,189824,189834,189842,189849,189858,189865,189838,189846
189913,189967,189980,,190026,189950,189975,189986,189944,189954,189962,189969,189978,189986,189958,189966
190026,190086,190098,190121,190150,190070,190093,190101,190064,190074,190081,190087,190096,190101,190077,190084
190150,190198,190210,190217,190288,190179,190204,190216,190173,190183,190191,190199,190208,190219,190186,190195
190288,190318,190329,190333,190408,190299,190324,190332,190292,190302,190310,190318,190327,190333,190305,190315
190408,190435,190467,190448,190490,190417,190442,190448,190412,190420,190427,190435,190444,190450,190423,190431
190490,190545,190558,,190597,190526,190552,190560,190520,190529,190536,190546,190592,190591,190532,190542
190597,190664,190677,190681,190720,190647,190671,190680,190640,190650,190656,190665,190676,190683,190653,190660
190720,190775,190786,190789,190840,190759,190782,190789,190753,190763,190770,190776,190784,190792,190767,190773
190840,190880,190911,190914,190957,190862,190887,190895,190856,190866,190874,190881,190890,190895,190869,190878
190957,190995,191007,191032,191059,190978,191001,191017,190972,190981,190987,190995,191005,191017,190984,190991
191059,191107,191119,191122,191174,191090,191114,191121,191084,191094,191102,191108,191117,191126,191098,191105
191174,191214,191227,191230,191280,191197,191221,191229,191191,191201,191208,191215,191225,191232,191204,191212
191280,191329,191341,191344,191391,191313,191336,191343,191307,191316,191323,191330,191339,191347,191319,191327
191391,191440,191453,191457,191503,191425,191447,191456,191419,191429,191435,191441,191451,191461,191432,191441
191503,191549,191561,191567,191607,191532,191555,191566,191525,191536,191542,191549,191559,191570,191539,191546
191607,191664,191680,,191722,191649,191674,191710,191643,191653,191659,191665,191717,191716,191655,191662
191722,191778,191792,191798,191851,191763,191786,191797,191757,191767,191775,191780,191790,191801,191771,191777
191851,191889,191902,191906,191950,191873,191896,191905,191866,191877,191884,191891,191900,191907,191880,191888
191950,192006,192022,192027,192071,191990,192016,192026,191984,191994,192003,192009,192020,192029,191997,192009
192071,192122,192135,192139,192202,192107,192130,192138,192101,192111,192118,192124,192133,192141,192114,192121
192202,192231,192245,192249,192295,192214,192238,192248,192207,192217,192224,192230,192242,192251,192220,192227
192295,192344,192357,192361,192405,192328,192352,192360,192322,192332,192337,192345,192355,192363,192335,192342
192405,192458,192472,192476,192530,192443,192466,192475,192437,192447,192452,192458,192470,192480,192449,192455
192530,192568,192582,192586,192643,192552,192576,192585,192545,192556,192562,192569,192580,192588,192559,192566
192643,192688,192702,192706,192752,192672,192696,192705,192665,192676,192683,192690,192700,192707,192679,192687
192752,192806,192839,192825,192886,192791,192814,192824,192785,192794,192801,192806,192818,192827,192797,192803
192886,192918,192931,,192993,192902,192925,192938,192895,192906,192912,192918,192929,192938,192908,192915
192993,193037,193050,193054,193106,193021,193044,193053,193014,193025,193031,193037,193048,193056,193027,193034
193106,193150,193163,193167,193231,193135,193157,193166,193128,193138,193145,193151,193161,193170,193141,193148
193231,193261,193273,193277,193351,193244,193267,193276,193237,193248,193254,193260,193271,193280,193251,193257
193351,193380,193393,193398,193449,193363,193387,193397,193357,193368,193373,193380,193391,193399,193370,193377
193449,193496,193508,193512,193579,193480,193502,193511,193474,193484,193490,193496,193506,193515,193486,193493
193579,193609,193622,193627,193686,193593,193617,193626,193586,193597,193604,193610,193620,193629,193601,193610
193686,193732,193746,193751,193801,193717,193740,193750,193710,193721,193727,193733,193744,193752,193724,193730
193801,193847,193860,193865,193927,193831,193854,193864,193825,193835,193842,193848,193858,193866,193838,193845
193927,193961,193974,193981,194033,193945,193969,193980,193938,193949,193953,193960,193973,193981,193951,193956
194033,194082,194096,194102,194150,194067,194090,194101,194060,194071,194077,194083,194094,194103,194074,194080
194150,194195,194208,194213,194270,194180,194202,194212,194174,194184,194191,194196,194206,194216,194187,194193
194270,194310,194323,194328,194404,194293,194318,194327,194287,194298,194303,194311,194321,194329,194300,194308
194404,194432,194447,194454,194497,194417,194440,194453,194410,194422,194429,194434,194444,194455,194425,194431
194497,194545,194559,194563,194615,194531,194553,194562,194525,194535,194543,194548,194557,194566,194539,194545
194615,194659,194672,,194726,194643,194667,,194636,194646,194652,194660,194670,194682,194649,194656
194726,194777,194790,194795,194843,194761,194784,194794,194754,194765,194772,194778,194788,194797,194769,194778
194843,194891,194903,194907,194956,194876,194898,194906,194870,194880,194886,194892,194901,194909,194883,194889
194956,195004,195017,195022,195087,194987,195011,195021,194980,194991,194997,195004,195015,195024,194994,195001
195087,195122,195136,195143,195188,195106,195130,195142,195099,195110,195116,195123,195134,195145,195113,195120
195188,195234,195248,195251,195304,195219,195243,195250,195213,195224,195234,195234,195246,195253,195228,195234
195304,195347,195359,195363,195428,195330,195353,195362,195322,195346,195351,195351,195357,195365,195351,195361
195428,195465,195477,195481,195535,195450,195471,195480,195442,195455,195458,195464,195475,195483,195456,195464
195535,195579,195592,195596,195658,195564,195586,195595,195558,195568,195574,195579,195589,195599,195570,195579
195658,195686,195700,195705,195766,195671,195694,195704,195664,195675,195681,195686,195698,195708,195678,195686
195766,195797,195810,195820,195872,195782,195805,195819,195775,195786,195791,195798,195809,195822,195788,195795
195872,195909,195924,195928,195984,195895,195918,195927,195888,195899,195906,195911,195922,195929,195902,195911
195984,196016,196030,196034,196090,196000,196024,196033,195994,196004,196010,196016,196028,196037,196007,196013
196090,196130,196145,196149,196201,196115,196138,196148,196108,196120,196127,196132,196143,196151,196123,196132
196201,196247,196261,196266,196318,196233,196255,196265,196226,196237,196244,196249,196259,196268,196240,196249
196318,196355,196370,196375,196428,196339,196363,196374,196332,196343,196349,196355,196368,196376,196346,196352
196428,196471,196484,196489,196535,196454,196478,196488,196447,196459,196466,196472,196482,196489,196463,196469
196535,196584,196597,196602,196663,196568,196591,196601,196562,196571,196578,196584,196595,196605,196574,196581
196663,196693,196705,196709,196767,196677,196700,196708,196670,196681,196688,196693,196703,196715,196684,196693
196767,196809,196823,196832,196874,196793,196817,196831,196787,196798,196805,196811,196821,196834,196801,196808
196874,196923,196937,196940,196995,196909,196931,196939,196902,196913,196920,196925,196934,196943,196916,196925
196995,197034,197048,197052,197122,197018,197042,197051,197011,197022,197029,197035,197046,197055,197025,197032
197122,197149,197164,197169,197210,197134,197158,197168,197128,197138,197144,197149,197162,197172,197141,197146
197210,197265,197278,197283,197344,197250,197273,197282,197244,197254,197262,197267,197276,197284,197258,197264
197344,197375,197388,197394,197463,197359,197382,197393,197352,197363,197370,197376,197386,197396,197366,197373
197463,197491,197505,197511,197558,197475,197499,197510,197469,197480,197486,197492,197503,197512,197482,197489
197558,197606,197620,197624,197684,197592,197614,197623,197586,197596,197604,197607,197618,197626,197599,197607
197684,197716,197729,197735,197802,197700,197724,197734,197694,197704,197711,197717,197727,197737,197707,197714
197802,197831,197845,197852,197896,197816,197839,197851,197810,197820,197827,197833,197844,197855,197823,197830
197896,197944,197957,197962,198021,197930,197951,197961,197923,197934,197941,197946,197955,197967,197937,197943
198021,198054,198067,198071,198124,198037,198061,198070,198031,198041,198048,198054,198065,198073,198044,198051
198124,198172,198185,198189,198242,198156,198179,198188,198149,198160,198165,198172,198183,198191,198162,198169
198242,198290,198303,198307,198377,198275,198297,198306,198268,198279,198286,198290,198301,198311,198282,198290
198377,198406,198420,198452,198488,198390,198414,198452,198383,198394,198400,198406,198440,198457,198397,198403
198488,198528,198542,198547,198592,198512,198536,198546,198505,198517,198523,198529,198540,198549,198520,198526
198592,198647,198661,198665,198715,198633,198655,198664,198627,198638,198644,198649,198659,198668,198641,198649
198715,198762,198775,198780,198839,198746,198769,198779,198740,198751,198757,198763,198773,198783,198754,198760
198839,198885,198899,198904,198949,198869,198893,198903,198863,198873,198880,198886,198897,198905,198876,198883
198949,199010,199024,199029,199080,198996,199018,199028,198989,198999,199006,199012,199022,199032,199002,199009
199080,199126,199139,199144,199217,199110,199134,199143,199104,199114,199121,199127,199137,199145,199117,199124
199217,199248,199263,199267,199317,199232,199256,199266,199225,199237,199241,199247,199261,199269,199239,199244
199317,199369,199383,199388,199452,199354,199377,199387,199348,199359,199365,199371,199381,199390,199362,199368
199452,199483,199496,199501,199561,199467,199490,199500,199461,199471,199478,199484,199494,199502,199474,199484
199561,199605,199620,199629,199673,199590,199613,199628,199583,199594,199601,199606,199618,199631,199597,199606
199673,199723,199738,199743,199800,199709,199731,199742,199703,199713,199719,199724,199736,199746,199716,199724
199800,199834,199847,199852,199934,199818,199842,199851,199812,199822,199829,199834,199846,199855,199825,199834
199934,199963,199978,200022,200068,199948,199972,199986,199941,199952,199960,199966,199976,199986,199955,199963
200068,200096,200110,200114,200173,200080,200104,200113,200073,200084,200090,200097,200108,200116,200087,200094
200173,200211,200252,200224,200303,200193,200218,200223,200186,200197,200201,200210,200220,200225,200199,200206
200303,200339,200352,200356,200441,200321,200346,200355,200314,200325,200329,200339,200350,200358,200327,200334
200441,200469,200483,200488,200537,200453,200477,200487,200446,200457,200462,200469,200481,200489,200459,200466
200537,200582,200596,200601,200667,200567,200590,200600,200561,200571,200578,200582,200593,200605,200574,200582
200667,200696,200709,200716,200758,200679,200703,200715,200672,200682,200689,200697,200708,200718,200685,200693
200758,200808,200821,,200857,200791,200816,200853,200785,200795,200803,200810,200847,200854,200798,200807
200857,200910,200922,,200961,200893,200917,200945,200888,200896,200903,200911,200938,200946,200899,200907
200961,201014,201028,201033,201073,200997,201022,201032,200992,201001,201010,201018,201026,201041,201004,201014
201073,201116,201128,201155,201190,201099,201122,201130,201094,201102,201110,201118,201126,201133,201106,201115
201190,201205,201227,201216,201249,201198,201211,201216,201193,201201,201204,201204,201213,201219,201204,201216
201249,201309,201333,201321,201372,201303,201313,201321,201298,201307,201310,201310,201316,201324,201310,201321
201372,201421,201429,201431,201475,201400,201425,201431,201395,201404,201412,201419,201427,201434,201407,201416
201475,201500,201510,201515,201556,201493,201503,201511,201488,201497,201502,201502,201507,201515,201502,201511
201556,201600,201608,201613,201660,201594,201604,201613,201590,201598,201601,201601,201606,201617,201601,201612
201660,201697,201705,201711,201765,201690,201699,201706,201684,201695,201699,201699,201702,201709,201699,201706
201765,201786,201795,201801,201835,201780,201789,201797,201775,201783,201787,201787,201792,201800,201787,201796
201835,201877,201886,201889,201922,201872,201881,201888,201867,201876,201880,201880,201884,201891,201880,201888
201922,201974,202001,,202013,201958,201980,202006,201954,201962,201969,201976,202001,202007,201965,201972
202013,202050,202071,202059,202100,202043,202053,202059,202037,202046,202050,202050,202055,202062,202050,202058
202100,202140,202160,202162,202205,202132,202156,202162,202127,202136,202144,202151,202158,202165,202140,202147
202205,202259,202274,,202293,202225,202261,,202220,202229,202237,202260,202278,202284,202233,202255
202293,202327,202348,202335,202369,202320,202330,202335,202315,202323,202327,202327,202331,202339,202327,202335
202369,202428,202436,202438,202490,202421,202431,202437,202416,202425,202429,202429,202434,202441,202429,202437
202490,202536,202548,202552,202588,202520,202542,202549,202515,202523,202530,202537,202545,202553,202526,202534
202588,202632,202643,,202679,202615,202638,202665,202610,202618,202627,202633,202660,202666,202621,202630
202679,202728,202740,,202776,202710,202736,202761,202705,202713,202720,202728,202756,202762,202716,202723
202776,202822,202832,202834,202874,202806,202828,202834,202800,202810,202816,202822,202830,202838,202813,202819
202874,202912,202925,202928,202984,202896,202919,202927,202890,202908,202911,202913,202923,202931,202909,202913
202984,203010,203043,203023,203063,202994,203017,203023,202986,202997,203003,203010,203018,203025,203000,203007
203063,203109,203121,203123,203174,203095,203116,203122,203089,203099,203106,203111,203119,203126,203102,203108
203174,203211,203220,203222,203263,203190,203216,203222,203184,203194,203204,203210,203218,203226,203196,203207
203263,203313,203324,,203364,203295,203318,203351,203290,203298,203305,203313,203345,203353,203301,203309
203364,203418,203432,203435,203477,203404,203427,203434,203399,203408,203416,203422,203430,203437,203412,203422
203477,203521,203535,,203572,203506,203530,203562,203500,203509,203520,203526,203556,203563,203512,203523
203572,203628,203642,203647,203687,203613,203636,203646,203607,203616,203624,203631,203640,203648,203619,203627
203687,203734,203746,203748,203789,203718,203741,203747,203713,203722,203730,203736,203744,203752,203726,203733
203789,203836,203847,203851,203915,203819,203842,203850,203813,203823,203830,203836,203845,203854,203826,203833
203915,203943,203976,203961,204020,203925,203951,203960,203919,203928,203934,203944,203954,203962,203931,203938
204020,204051,204061,204064,204105,204034,204057,204063,204029,204038,204045,204052,204059,204066,204041,204048
204105,204157,204167,204169,204210,204138,204163,204168,204132,204141,204150,204158,204165,204172,204145,204154
204210,204267,204289,,204314,204250,204275,204279,204244,204255,204263,204269,204309,204308,204259,204266
204314,204373,204384,204387,204448,204357,204379,204386,204351,204361,204368,204374,204382,204389,204364,204371
204448,204476,204510,204519,204559,204459,204482,204490,204453,204462,204469,204477,204485,204492,204466,204473
204559,204587,204599,204601,204647,204571,204595,204601,204564,204574,204577,204587,204597,204604,204576,204581
204647,204692,204703,204707,204754,204676,204697,204706,204670,204679,204685,204692,204701,204714,204682,204688
204754,204799,204811,204817,204855,204782,204806,204816,204776,204785,204793,204800,204809,204822,204789,204797
204855,204907,204922,,204966,204894,204917,204957,204888,204898,204906,204911,204952,204958,204901,204911
204966,205014,205025,205028,205084,204998,205021,205028,204992,205001,205009,205015,205023,205031,205005,205012
205084,205117,205130,205133,205171,205100,205124,205132,205094,205103,205110,205118,205128,205137,205106,205114
205171,205226,205238,205241,205284,205209,205232,205240,205204,205213,205221,205228,205236,205242,205217,205225
205284,205330,205342,205345,205407,205315,205337,205344,205309,205318,205325,205332,205340,205348,205321,205329
205407,205434,205446,205449,205484,205418,205440,205448,205411,205421,205427,205434,205444,205452,205424,205431
205484,205539,205551,205556,205593,205524,205546,205555,205518,205528,205533,205539,205549,205558,205530,205536
205593,205642,205654,205658,205719,205627,205649,205657,205621,205630,205637,205643,205652,205664,205634,205640
205719,205747,205760,205764,205799,205731,205754,205763,205724,205734,205742,205749,205757,205765,205738,205746
205799,205856,205868,205871,205910,205839,205862,205870,205834,205843,205851,205858,205866,205872,205845,205855
205910,205960,205972,205976,206031,205944,205967,205975,205938,205948,205956,205962,205970,205982,205952,205959
206031,206066,206078,206094,206137,206050,206073,206082,206044,206053,206061,206068,206076,206082,206057,206064
206137,206175,206187,206190,206236,206158,206181,206189,206152,206161,206168,206176,206185,206194,206164,206172
206236,206278,206290,206294,206351,206262,206285,206293,206256,206266,206273,206280,206288,206296,206269,206276
206351,206385,206395,206399,206458,206368,206391,206398,206362,206371,206378,206385,206394,206399,206374,206382
206458,206495,206506,206509,206554,206478,206501,206508,206472,206481,206488,206496,206504,206511,206485,206492
206554,206599,206610,206619,206678,206581,206604,206618,206576,206585,206592,206599,206608,206621,206588,206595
206678,206708,206720,206725,206770,206692,206715,206724,206686,206695,206702,206709,206719,206728,206698,206705
206770,206815,206826,206830,206866,206799,206821,206829,206793,206802,206808,206815,206824,206833,206805,206812
206866,206919,206953,206938,206999,206903,206926,206937,206897,206906,206913,206919,206930,206941,206909,206916
206999,207028,207039,207042,207094,207012,207034,207041,207005,207016,207022,207029,207037,207044,207019,207026
207094,207131,207144,207147,207210,207117,207138,207146,207111,207120,207127,207133,207142,207150,207124,207130
207210,207235,207250,207257,207317,207220,207244,207256,207214,207224,207233,207239,207248,207258,207228,207236
207317,207344,207357,207362,207408,207328,207351,207361,207322,207331,207338,207345,207355,207362,207334,207342
207408,207447,207458,207461,207526,207431,207453,207460,207425,207434,207441,207448,207456,207462,207438,207445
207526,207553,207566,207572,207633,207537,207560,207571,207530,207540,207548,207555,207564,207572,207544,207551
207633,207666,207676,207679,207734,207650,207671,207678,207644,207652,207658,207665,207674,207683,207655,207662
207734,207769,207779,207783,207822,207752,207774,207782,207746,207756,207763,207769,207778,207785,207759,207766
207822,207874,207887,207890,207934,207858,207881,207889,207851,207861,207867,207874,207884,207893,207864,207871
207934,207975,207986,207989,208033,207960,207980,207988,207954,207963,207969,207975,207984,207992,207966,207972
208033,208072,208085,208089,208125,208056,208079,208088,208050,208059,208066,208074,208083,208091,208062,208070
208125,208171,208183,208187,208230,208154,208177,208186,208149,208158,208165,208172,208181,208188,208161,208169
208230,208263,208275,208278,208325,208247,208269,208277,208241,208251,208259,208265,208273,208280,208255,208262
208325,208357,208369,208373,208434,208341,208363,208372,208335,208344,208349,208358,208367,208375,208346,208353
208434,208463,208474,208478,208518,208445,208469,208477,208439,208448,208457,208464,208473,208480,208452,208461
208518,208567,208579,208582,208633,208551,208574,208581,208545,208555,208563,208569,208577,208585,208559,208566
208633,208668,208680,208684,208746,208651,208675,208683,208645,208654,208660,208669,208679,208686,208657,208664
208746,208778,208788,208794,208836,208761,208783,208793,208755,208764,208771,208778,208787,208798,208767,208774
208836,208887,208898,208901,208963,208871,208892,208900,208865,208874,208881,208887,208896,208904,208877,208884
208963,208994,209004,209008,209080,208976,208999,209007,208970,208979,208986,208994,209002,209010,208983,208990
209080,209110,209122,209126,209170,209093,209116,209125,209087,209096,209103,209110,209120,209129,209099,209106
209170,209226,209238,209241,209292,209210,209232,209240,209204,209214,209221,209227,209236,209243,209217,209224
209292,209333,209345,209350,209413,209317,209339,209349,209311,209320,209327,209334,209343,209353,209323,209330
209413,209444,209457,209461,209513,209427,209451,209460,209421,209430,209436,209444,209455,209463,209433,209440
209513,209560,209574,209580,209619,209545,209568,209579,209539,209549,209554,209561,209572,209583,209551,209557
209619,209672,209685,209690,209740,209657,209679,209689,209651,209661,209667,209674,209683,209692,209664,209671
209740,209784,209797,209801,209847,209768,209791,209800,209762,209772,209778,209785,209795,209802,209774,209782
209847,209904,209918,,209962,209888,209912,209925,209882,209891,209897,209904,209916,209925,209894,209901
209962,210017,210029,210033,210082,210002,210023,210032,209995,210005,210011,210017,210026,210035,210008,210014
210082,210126,210139,210142,210215,210109,210133,210141,210103,210113,210120,210127,210136,210143,210116,210124
210215,210244,210259,210263,210300,210229,210252,210262,210222,210234,210240,210247,210256,210264,210237,210244
210300,210367,210381,210385,210431,210353,210375,210384,210347,210357,210363,210369,210379,210387,210360,210366
210431,210479,210492,210497,210549,210463,210486,210496,210457,210467,210473,210480,210490,210499,210470,210477
210549,210595,210609,210614,210680,210579,210603,210613,210573,210584,210590,210596,210607,210614,210586,210593
210680,210718,210741,210748,210775,210702,210725,210733,210696,210706,210712,210719,210728,210733,210709,210716
210775,210825,210839,210843,210896,210811,210834,210842,210805,210815,210822,210826,210837,210845,210818,210826
210896,210932,210944,210974,211008,210916,210939,210951,210908,210932,210937,210937,210942,210951,210937,210946
211008,211044,211056,211060,211129,211028,211051,211059,211020,211033,211035,211044,211054,211062,211034,211040
211129,211160,211172,211176,211236,211143,211166,211175,211136,211147,211153,211160,211170,211177,211149,211157
211236,211266,211277,211280,211348,211247,211272,211279,211241,211251,211257,211266,211275,211281,211253,211263
211348,211376,211388,211392,211462,211359,211382,211391,211353,211363,211369,211376,211386,211393,211365,211372
211462,211492,211504,211508,211573,211475,211498,211507,211469,211478,211483,211490,211502,211511,211480,211487
211573,211599,211610,211612,211686,211584,211605,211611,211577,211588,211593,211599,211608,211614,211590,211596
211686,211713,211724,211728,211791,211697,211719,211728,211690,211699,211704,211711,211722,211735,211701,211707
211791,211823,211835,211839,211902,211808,211829,211838,211801,211812,211818,211824,211833,211841,211815,211821
211902,211932,211942,211953,212013,211915,211937,211947,211909,211919,211923,211931,211941,211947,211921,211927
212013,212040,212051,212054,212119,212025,212046,212053,212018,212039,212045,212045,212049,212056,212045,212052
212119,212146,212156,212159,212225,212131,212151,212158,212125,212134,212140,212146,212154,212161,212137,212143
212225,212252,212263,212268,212333,212236,212257,212267,212231,212239,212246,212252,212262,212271,212242,212248
212333,212358,212370,212374,212437,212343,212364,212373,212337,212346,212353,212358,212368,212377,212349,212358
212437,212463,212472,212474,212535,212447,212468,212474,212441,212450,212456,212462,212470,212477,212453,212459
212535,212562,212571,212575,212637,212545,212567,212575,212538,212549,212553,212560,212569,212579,212551,212557
212637,212662,212672,212674,212737,212647,212667,212674,212640,212650,212652,212660,212670,212678,212651,212656
212737,212763,212772,212775,212830,212747,212768,212774,212740,212751,212756,212762,212771,212777,212753,212759
212830,212856,212865,212868,212920,212842,212861,212868,212836,212846,212850,212855,212863,212872,212848,212855
212920,212944,212954,212957,213010,212930,212949,212956,212924,212934,212937,212943,212952,212960,212935,212940
213010,213037,213047,213049,213105,213020,213042,213048,213014,213024,213029,213036,213045,213051,213026,213033
213105,213132,213143,213146,213204,213117,213138,213145,213110,213121,213123,213131,213141,213147,213122,213127
213204,213237,213248,213265,213314,213221,213243,213252,213215,213224,213229,213235,213246,213252,213226,213232
213314,213343,213352,213355,213416,213327,213347,213354,213322,213330,213337,213342,213350,213357,213333,213342
213416,213439,213455,213460,213523,213432,213449,213458,213427,213435,213443,213446,213453,213461,213439,213446
213523,213537,213555,213565,213617,213531,213541,213559,213526,213535,213543,213547,213553,213566,213538,213547
213617,213633,213651,213662,213709,213626,213645,213656,213620,213629,213637,213642,213649,213662,213633,213639
213709,213733,213743,213746,213804,213719,213737,213744,213714,213722,213728,213733,213740,213748,213725,213733
213804,213828,213839,213843,213896,213812,213834,213843,213807,213815,213822,213828,213837,213848,213818,213825
213896,213918,213928,213931,213984,213905,213923,213930,213899,213908,213914,213918,213926,213933,213910,213918
213984,214007,214018,214021,214074,213996,214013,214021,213990,214000,214007,214007,214016,214023,214002,214007
214074,214101,214112,214114,214169,214087,214107,214114,214082,214091,214097,214101,214110,214119,214093,214101
214169,214193,214203,214206,214261,214179,214198,214206,214173,214182,214187,214192,214201,214211,214185,214192
214261,214285,214295,214299,214351,214271,214289,214298,214265,214274,214279,214284,214293,214303,214276,214281
214351,214375,214385,214388,214441,214362,214379,214387,214356,214365,214370,214373,214383,214392,214367,214373
214441,214465,214475,214477,214529,214451,214471,214477,214444,214454,214458,214463,214473,214480,214456,214463
214529,214557,214567,214571,214625,214542,214563,214571,214536,214546,214549,214555,214565,214575,214548,214552
214625,214651,214661,214663,214721,214637,214658,214663,214630,214640,214645,214649,214659,214666,214642,214649
214721,214746,214757,214760,214816,214732,214753,214760,214726,214736,214741,214744,214755,214764,214738,214744
214816,214840,214851,214853,214909,214827,214847,214853,214821,214831,214838,214838,214849,214857,214834,214838
214909,214932,214943,214947,215000,214920,214938,214946,214913,214924,214930,214930,214941,214950,214926,214930
215000,215025,215036,215070,215095,215011,215047,215059,215006,215015,215021,215023,215052,215059,215017,215023
215095,215119,215130,215133,215187,215105,215125,215132,215099,215109,215114,215118,215128,215136,215111,215118
215187,215212,215222,215226,215279,215199,215217,215225,215193,215202,215208,215211,215220,215230,215205,215211
215279,215302,215314,215317,215368,215290,215310,215317,215284,215293,215301,215302,215312,215321,215296,215302
215368,215392,215404,215408,215456,215379,215398,215407,215372,215382,215387,215391,215402,215411,215384,215391
215456,215481,215492,215496,215546,215467,215487,215495,215461,215471,215476,215480,215490,215499,215473,215480
215546,215570,215581,215583,215635,215557,215577,215583,215551,215560,215566,215569,215579,215586,215563,215569
215635,215659,215670,215674,215722,215647,215665,215673,215641,215651,215658,215658,215668,215676,215653,215658
215722,215746,215757,215760,215808,215733,215751,215759,215726,215736,215741,215745,215755,215763,215739,215745
215808,215833,215844,215847,215896,215820,215839,215846,215813,215823,215828,215832,215842,215849,215825,215832
215896,215921,215931,215934,215984,215908,215926,215933,215902,215911,215916,215920,215929,215936,215913,215920
215984,216007,216018,216021,216069,215995,216013,216020,215989,215999,216005,216005,216016,216024,216001,216005
216069,216093,216105,216109,216156,216080,216100,216108,216074,216084,216089,216092,216103,216110,216086,216092
216156,216181,216193,216198,216248,216167,216188,216197,216161,216171,216176,216180,216191,216200,216173,216180
216248,216272,216284,216287,216341,216259,216278,216286,216253,216263,216268,216271,216282,216290,216265,216271
216341,216365,216376,216379,216433,216353,216370,216378,216347,216356,216363,216363,216373,216383,216359,216363
216433,216458,216469,216473,216529,216445,216464,216472,216439,216449,216454,216456,216467,216475,216451,216456
216529,216554,216565,216568,216624,216540,216560,216567,216534,216544,216549,216552,216563,216571,216546,216552
216624,216649,216660,216664,216719,216636,216655,216663,216630,216640,216646,216647,216658,216666,216642,216647
216719,216741,216754,216758,216810,216730,216748,216757,216723,216734,216740,216740,216752,216761,216736,216740
216810,216834,216846,216852,216901,216821,216841,216851,216815,216825,216831,216834,216844,216853,216828,216834
216901,216926,216938,216942,216995,216913,216932,216941,216907,216917,216922,216926,216936,216944,216919,216926
216995,217017,217029,217032,217083,217005,217025,217032,216999,217009,217016,217016,217027,217036,217012,217016
217083,217106,217117,217120,217173,217094,217112,217119,217087,217097,217103,217105,217115,217122,217100,217105
217173,217198,217209,217212,217265,217184,217204,217211,217177,217187,217192,217197,217207,217214,217189,217194
217265,217289,217300,217304,217356,217275,217295,217303,217269,217279,217284,217288,217298,217307,217281,217288
217356,217379,217390,217394,217445,217366,217385,217393,217360,217370,217376,217376,217388,217396,217373,217376
217445,217469,217479,217482,217537,217456,217475,217481,217449,217460,217463,217467,217477,217485,217461,217467
217537,217561,217572,217575,217630,217548,217567,217574,217541,217551,217555,217560,217570,217577,217553,217557
217630,217654,217664,217668,217718,217640,217660,217668,217634,217644,217649,217652,217662,217675,217646,217652
217718,217742,217753,217756,217808,217729,217748,217755,217723,217734,217739,217739,217751,217759,217736,217739
217808,217834,217844,217847,217901,217821,217841,217847,217813,217832,217837,217837,217843,217851,217837,217845
217901,217926,217953,,217994,217912,217946,217960,217905,217917,217920,217922,217952,217960,217919,217922
217994,218017,218028,218031,218081,218005,218022,218030,217998,218008,218012,218016,218026,218035,218010,218016
218081,218104,218115,218118,218168,218092,218110,218117,218086,218096,218102,218102,218113,218121,218098,218102
218168,218191,218203,218207,218254,218178,218198,218206,218172,218182,218188,218191,218201,218208,218185,218191
218254,218278,218290,218293,218342,218265,218285,218292,218259,218269,218276,218277,218288,218296,218272,218277
218342,218363,218375,218379,218424,218352,218370,218378,218345,218356,218362,218362,218373,218382,218359,218362
218424,218444,218456,218461,218504,218433,218450,218460,218427,218437,218443,218443,218454,218465,218439,218443
218504,218525,218538,218542,218582,218514,218532,218541,218508,218518,218525,218525,218536,218544,218521,218525
218582,218604,218618,218622,218660,218592,218611,218621,218586,218596,218603,218603,218615,218625,218599,218603
218660,218682,218694,218698,218741,218671,218688,218697,218665,218675,218682,218682,218692,218701,218678,218682
218741,218763,218774,218778,218824,218751,218769,218777,218745,218755,218762,218762,218772,218781,218758,218762
218824,218844,218856,218859,218904,218834,218849,218858,218828,218838,218844,218844,218853,218862,218842,218844
218904,218924,218935,218938,218984,218913,218930,218938,218907,218917,218923,218923,218933,218942,218920,218923
218984,219005,219018,219022,219067,218994,219012,219021,218987,218997,219005,219005,219016,219025,219000,219005
219067,219088,219101,219104,219150,219077,219095,219103,219071,219081,219089,219089,219099,219107,219084,219089
219150,219170,219183,219187,219230,219161,219176,219186,219155,219165,219171,219171,219180,219190,219168,219171
219230,219249,219261,219264,219306,219239,219255,219263,219233,219243,219249,219249,219259,219266,219246,219249
219306,219329,219341,219344,219387,219316,219335,219343,219310,219320,219327,219329,219339,219346,219323,219329
219387,219410,219421,219424,219470,219397,219416,219423,219390,219400,219407,219408,219419,219426,219403,219408
219470,219492,219504,219509,219555,219480,219499,219508,219474,219484,219490,219490,219502,219512,219487,219490
219555,219577,219589,219592,219638,219566,219583,219591,219560,219570,219576,219576,219586,219594,219572,219576
219638,219660,219672,219675,219722,219648,219666,219674,219642,219652,219657,219657,219669,219677,219654,219657
219722,219745,219757,219760,219808,219732,219751,219759,219726,219736,219741,219744,219755,219763,219738,219744
219808,219832,219843,219847,219895,219819,219838,219846,219812,219823,219827,219831,219841,219849,219825,219831
219895,219918,219930,219934,219981,219907,219925,219933,219900,219910,219917,219917,219928,219936,219913,219917
219981,220004,220015,220020,220070,219992,220010,220019,219986,219996,220000,220003,220013,220022,219998,220003
220070,220094,220106,,220162,220081,220100,220111,220075,220085,220089,220093,220104,220111,220087,220093
220162,220186,220198,220202,220251,220174,220192,220201,220168,220178,220183,220185,220196,220204,220180,220185
220251,220274,220287,220291,220341,220263,220281,220290,220257,220267,220273,220273,220284,220293,220270,220273
220341,220364,220376,220382,220430,220353,220371,220381,220346,220356,220361,220363,220374,220382,220358,220363
220430,220454,220467,220498,220521,220442,220461,220474,220436,220446,220453,220453,220465,220474,220449,220453
220521,220543,220555,220558,220606,220532,220549,220557,220526,220536,220542,220542,220553,220560,220539,220542
220606,220628,220640,220643,220691,220617,220634,220642,220610,220620,220627,220627,220638,220645,220623,220627
220691,220714,220726,220731,220778,220702,220721,220730,220696,220706,220713,220713,220724,220733,220708,220713
220778,220801,220813,220817,220865,220789,220807,220816,220783,220793,220799,220799,220811,220819,220795,220799
220865,220886,220898,220902,220949,220875,220892,220901,220869,220879,220886,220886,220896,220904,220882,220886
220949,220971,220983,220987,221037,220960,220978,220986,220954,220964,220970,220970,220981,220989,220966,220970
221037,221060,221072,221076,221126,221048,221066,221075,221041,221052,221057,221059,221070,221078,221054,221059
221126,221149,221161,221165,221214,221137,221155,221164,221131,221141,221148,221148,221159,221168,221144,221148
221214,221236,221248,221252,221302,221224,221242,221251,221218,221228,221235,221235,221246,221253,221231,221235
221302,221326,221337,221342,221392,221313,221332,221341,221307,221317,221322,221325,221335,221343,221319,221325
221392,221416,221428,,221481,221404,221423,221432,221397,221408,221413,221415,221426,221432,221410,221415
221481,221504,221516,221519,221570,221493,221510,221518,221486,221497,221503,221503,221514,221521,221499,221503
221570,221593,221605,221612,221659,221581,221600,221611,221575,221585,221589,221593,221603,221612,221587,221593
221659,221683,221695,,221749,221670,221689,221700,221664,221674,221679,221682,221693,221700,221676,221682
221749,221771,221783,221788,221834,221759,221777,221787,221753,221763,221770,221770,221781,221790,221766,221770
221834,221858,221870,221876,221922,221846,221865,221875,221840,221850,221856,221856,221868,221877,221852,221856
221922,221946,221958,,222011,221934,221953,221965,221928,221938,221943,221946,221956,221965,221940,221946
222011,222035,222047,222050,222099,222023,222042,222049,222017,222027,222033,222033,222045,222051,222029,222033
222099,222122,222134,222137,222184,222111,222128,222136,222105,222115,222121,222121,222132,222138,222117,222121
222184,222206,222218,222221,222268,222195,222212,222220,222189,222199,222204,222204,222216,222223,222201,222204
222268,222291,222303,222307,222352,222278,222297,222306,222272,222282,222287,222290,222301,222308,222284,222290
222352,222375,222388,222392,222439,222363,222382,222391,222357,222367,222372,222374,222385,222394,222369,222374
222439,222461,222473,222477,222525,222450,222468,222476,222444,222454,222460,222460,222471,222478,222456,222460
222525,222546,222558,222562,222608,222535,222552,222561,222529,222539,222546,222546,222556,222564,222542,222546
222608,222630,222642,222646,222691,222618,222636,222645,222612,222622,222628,222628,222639,222648,222624,222628
222691,222714,222726,222730,222776,222702,222720,222729,222696,222706,222711,222713,222724,222731,222708,222713
222776,222799,222811,222816,222863,222787,222806,222815,222781,222792,222797,222797,222809,222818,222793,222797
222863,222885,222898,222901,222948,222874,222892,222900,222868,222878,222885,222885,222895,222903,222881,222885
222948,222969,222982,222987,223032,222959,222976,222986,222952,222963,222967,222967,222980,222990,222966,222967
223032,223055,223066,223071,223118,223043,223061,223070,223037,223047,223052,223053,223064,223075,223049,223053
223118,223141,223153,223156,223207,223129,223147,223155,223123,223134,223139,223139,223151,223158,223136,223139
223207,223229,223242,223246,223294,223218,223236,223245,223212,223222,223228,223228,223239,223248,223225,223228
223294,223316,223328,223331,223381,223305,223322,223330,223299,223309,223315,223315,223326,223333,223311,223315
223381,223404,223417,223421,223471,223392,223411,223420,223386,223396,223401,223403,223415,223423,223398,223403
223471,223493,223505,223510,223560,223482,223500,223509,223475,223486,223490,223492,223503,223512,223488,223492
223560,223582,223594,223598,223648,223571,223588,223597,223565,223575,223581,223581,223592,223599,223577,223581
223648,223669,223682,223687,223735,223658,223676,223686,223652,223662,223668,223668,223680,223687,223664,223668
223735,223759,223771,,223826,223747,223765,223779,223741,223751,223756,223757,223769,223779,223753,223757
223826,223849,223861,,223914,223837,223855,,223831,223841,223847,223847,223859,223866,223843,223847
223914,223937,223949,223954,224003,223925,223943,223953,223919,223930,223936,223936,223947,223955,223932,223936
224003,224026,224038,224063,224092,224014,224033,224044,224007,224019,224022,224025,224036,224044,224020,224025
224092,224115,224126,224129,224182,224103,224121,224128,224096,224108,224110,224113,224124,224131,224109,224113
224182,224203,224215,224220,224268,224192,224210,224219,224186,224196,224202,224202,224213,224222,224198,224202
224268,224289,224301,224305,224354,224279,224295,224304,224273,224283,224288,224288,224299,224307,224285,224288
224354,224377,224389,224394,224441,224365,224384,224393,224359,224369,224374,224376,224387,224396,224371,224376
224441,224464,224476,224479,224528,224452,224470,224478,224446,224456,224461,224463,224474,224481,224458,224463
224528,224551,224563,224567,224614,224539,224557,224566,224533,224543,224549,224549,224561,224570,224545,224549
224614,224636,224648,224652,224702,224625,224642,224651,224619,224629,224634,224634,224646,224654,224631,224634
224702,224725,224737,224740,224792,224713,224731,224739,224706,224717,224721,224724,224734,224741,224719,224724
224792,224816,224828,224834,224883,224804,224823,224833,224798,224808,224814,224814,224826,224833,224810,224814
224883,224906,224919,224923,224973,224895,224913,224922,224889,224899,224906,224906,224917,224925,224901,224906
224973,224996,225008,225013,225063,224984,225003,225012,224978,224988,224995,224995,225006,225014,224991,224995
225063,225087,225099,225104,225155,225075,225094,225103,225069,225079,225086,225086,225097,225106,225082,225086
225155,225178,225190,225194,225244,225166,225185,225193,225160,225170,225177,225177,225188,225196,225173,225177
225244,225267,225278,225282,225334,225255,225273,225281,225249,225259,225266,225266,225276,225284,225262,225266
225334,225357,225369,225373,225423,225345,225363,225372,225339,225349,225354,225356,225367,225374,225351,225356
225423,225447,225459,225463,225513,225435,225454,225462,225429,225439,225446,225446,225457,225464,225441,225446
225513,225535,225547,225550,225600,225524,225541,225549,225518,225528,225534,225534,225545,225552,225531,225534
225600,225623,225635,225639,225687,225611,225630,225638,225605,225615,225620,225623,225633,225640,225617,225623
225687,225711,225723,225727,225777,225699,225718,225726,225693,225702,225708,225710,225721,225727,225705,225710
225777,225800,225812,225816,225865,225788,225806,225815,225782,225792,225798,225798,225810,225818,225794,225798
225865,225886,225898,225902,225949,225875,225893,225901,225869,225879,225886,225886,225896,225904,225881,225886
225949,225971,225983,225989,226034,225960,225978,225988,225953,225963,225969,225971,225981,225990,225966,225971
226034,226057,226069,,226120,226045,226063,226074,226039,226049,226055,226056,226067,226074,226051,226056
226120,226143,226155,226159,226206,226131,226149,226158,226125,226135,226141,226142,226153,226160,226138,226142
226206,226228,226241,226245,226292,226218,226235,226244,226212,226221,226228,226228,226238,226246,226224,226228
226292,226315,226328,,226381,226304,226322,226334,226298,226308,226314,226314,226326,226334,226310,226314
226381,226405,226417,,226472,226393,226411,226424,226387,226397,226403,226403,226415,226424,226399,226403
226472,226495,226507,226513,226562,226484,226502,226512,226478,226488,226494,226494,226505,226514,226490,226494
226562,226583,226595,226599,226647,226572,226589,226598,226567,226576,226582,226582,226593,226601,226579,226582
226647,226669,226682,226687,226734,226658,226676,226686,226652,226662,226668,226668,226680,226687,226664,226668
226734,226757,226769,,226822,226745,226763,226774,226739,226749,226754,226757,226767,226774,226751,226757
226822,226844,226857,226862,226909,226833,226851,226861,226827,226837,226843,226843,226855,226862,226839,226843
226909,226930,226943,226947,226995,226920,226937,226946,226914,226924,226930,226930,226941,226950,226926,226930
226995,227017,227030,,227082,227006,227024,227037,227000,227010,227016,227016,227028,227037,227012,227016
227082,227106,227118,,227171,227094,227112,227125,227088,227098,227103,227105,227116,227125,227100,227105
227171,227194,227206,,227257,227182,227201,227212,227177,227186,227193,227193,227204,227212,227189,227193
227257,227279,227292,227297,227342,227269,227286,227296,227263,227273,227279,227279,227290,227298,227275,227279
227342,227364,227377,227383,227428,227353,227371,227382,227347,227356,227362,227364,227375,227384,227359,227364
227428,227451,227464,227470,227519,227440,227458,227469,227434,227443,227448,227451,227462,227470,227445,227451
227519,227541,227554,,227607,227530,227548,227560,227524,227533,227539,227542,227552,227560,227536,227542
227607,227629,227642,227667,227694,227619,227636,227650,227613,227623,227629,227629,227640,227650,227625,227629
227694,227715,227728,227734,227780,227704,227722,227733,227698,227708,227714,227715,227726,227735,227710,227715
227780,227802,227815,,227866,227790,227809,227821,227784,227794,227799,227802,227812,227821,227796,227802
227866,227889,227901,227906,227953,227877,227895,227905,227872,227881,227887,227889,227899,227908,227884,227889
227953,227974,227987,227992,228036,227963,227980,227991,227957,227967,227973,227973,227984,227994,227969,227973
228036,228059,228071,228076,228123,228047,228065,228075,228041,228051,228057,228058,228069,228077,228053,228058
228123,228145,228157,228161,228210,228133,228151,228160,228127,228137,228142,228144,228155,228162,228139,228144
228210,228232,228244,,228298,228220,228239,228249,228214,228224,228231,228231,228242,228249,228227,228231
228298,228320,228332,,228383,228309,228326,,228303,228313,228319,228319,228330,228338,228316,228319
228383,228406,228419,228424,228471,228395,228413,228423,228389,228399,228405,228405,228417,228425,228401,228405
228471,228495,228507,,228560,228483,228501,228511,228477,228487,228492,228494,228505,228511,228489,228494
228560,228583,228595,228600,228647,228571,228589,228599,228565,228575,228581,228581,228593,228600,228578,228581
228647,228669,228681,228687,228731,228658,228675,228686,228652,228662,228667,228667,228679,228689,228664,228667
228731,228753,228765,228769,228815,228741,228759,228768,228735,228745,228750,228752,228762,228770,228747,228752
228815,228838,228850,228855,228902,228826,228845,228854,228820,228831,228834,228837,228848,228857,228832,228837
228902,228925,228936,228941,228990,228913,228931,228940,228907,228924,228929,228929,228934,228942,228929,228937
228990,229014,229025,,229078,229002,229020,229031,228996,229006,229012,229012,229023,229031,229008,229012
229078,229100,229112,229116,229165,229089,229106,229115,229083,229093,229098,229098,229109,229117,229095,229098
229165,229188,229200,,229253,229176,229194,229207,229170,229180,229183,229187,229198,229207,229181,229187
229253,229277,229289,229319,229344,229265,229283,229294,229259,229269,229273,229276,229287,229294,229271,229276
229344,229366,229378,,229432,229354,229373,229384,229348,229358,229363,229365,229376,229384,229360,229365
229432,229454,229466,229470,229520,229443,229460,229469,229437,229447,229453,229453,229464,229471,229449,229453
229520,229543,229555,229560,229608,229531,229549,229559,229525,229535,229540,229543,229553,229560,229537,229543
229608,229631,229643,229651,229697,229619,229638,229650,229613,229623,229628,229630,229641,229652,229625,229630
229697,229719,229731,229736,229783,229708,229725,229735,229702,229712,229717,229717,229729,229737,229714,229717
229783,229805,229817,229822,229869,229794,229811,229821,229788,229798,229803,229803,229815,229824,229800,229803
229869,229892,229903,229908,229956,229880,229898,229907,229874,229884,229888,229891,229901,229909,229886,229891
229956,229980,229992,229997,230046,229968,229986,229996,229962,229973,229976,229980,229990,229998,229974,229980
230046,230070,230082,230089,230136,230058,230076,230088,230052,230063,230067,230069,230080,230090,230064,230069
230136,230158,230171,230176,230225,230147,230165,230175,230141,230151,230158,230158,230169,230177,230154,230158
230225,230247,230259,,230314,230236,230254,,230230,230240,230246,230246,230257,230264,230242,230246
230314,230339,230351,,230409,230327,230346,230358,230320,230331,230334,230338,230349,230358,230332,230338
230409,230433,230444,230448,230501,230420,230439,230447,230414,230424,230429,230432,230442,230449,230426,230432
230501,230523,230536,230540,230590,230512,230530,230539,230506,230516,230523,230523,230534,230542,230519,230523
230590,230613,230625,230630,230681,230601,230619,230629,230595,230605,230612,230612,230623,230631,230607,230612
230681,230705,230717,,230774,230693,230711,230723,230687,230696,230701,230704,230715,230723,230698,230704
230774,230798,230810,230816,230867,230786,230805,230815,230780,230790,230797,230797,230808,230817,230792,230797
230867,230890,230902,230906,230956,230878,230896,230905,230872,230882,230889,230889,230900,230909,230885,230889
230956,230980,230991,230994,231047,230967,230986,230993,230960,230971,230975,230979,230989,230998,230972,230979
231047,231071,231082,231088,231141,231058,231077,231087,231052,231062,231065,231069,231080,231090,231063,231069
231141,231165,231176,231199,231233,231151,231171,231199,231145,231157,231158,231162,231192,231200,231157,231162
231233,231256,231266,231268,231320,231243,231262,231268,231237,231247,231251,231254,231264,231271,231249,231254
231320,231343,231371,,231410,231331,231350,231373,231324,231340,231353,231361,231370,231374,231346,231358
231410,231434,231446,231476,231502,231421,231440,231465,231414,231425,231426,231433,231460,231466,231426,231430
231502,231526,231538,231548,231596,231513,231532,231547,231507,231518,231520,231524,231536,231548,231519,231524
231596,231620,231631,231635,231686,231607,231626,231634,231601,231611,231617,231619,231629,231637,231613,231619
231686,231709,231721,231725,231776,231697,231715,231724,231691,231701,231706,231707,231719,231727,231703,231707
231776,231800,231812,,231868,231788,231807,231818,231782,231792,231795,231799,231810,231818,231793,231799
231868,231892,231904,231908,231960,231879,231898,231907,231873,231883,231888,231892,231902,231910,231885,231892
231960,231982,231993,231997,232048,231971,231988,231996,231965,231974,231980,231980,231991,231999,231976,231980
232048,232072,232084,232088,232140,232059,232078,232087,232053,232063,232068,232071,232082,232089,232065,232071
232140,232164,232176,232180,232232,232151,232171,232179,232145,232155,232158,232163,232174,232181,232156,232163
232232,232257,232268,232273,232325,232244,232263,232272,232237,232248,232251,232255,232266,232275,232249,232255
232325,232349,232360,232364,232415,232337,232355,232363,232331,232340,232346,232346,232358,232367,232342,232346
232415,232437,232448,232451,232497,232425,232442,232450,232419,232429,232435,232435,232445,232453,232431,232435
232497,232519,232531,232535,232578,232508,232526,232534,232502,232512,232518,232518,232529,232537,232515,232518
232578,232601,232614,232641,232663,232589,232608,232620,232583,232593,232599,232599,232612,232620,232595,232599
232663,232686,232697,232702,232750,232673,232692,232701,232667,232677,232682,232683,232695,232704,232679,232683
232750,232774,232785,232791,232841,232761,232780,232790,232755,232765,232771,232771,232783,232795,232767,232771
232841,232866,232892,232897,232930,232850,232887,232896,232844,232853,232859,232863,232891,232899,232855,232863
232930,232946,232961,232968,233015,232939,232950,232963,232934,232942,232952,232952,232959,232968,232946,232952
233015,233029,233044,233053,233096,233023,233033,233047,233018,233026,233035,233035,233042,233052,233030,233035
233096,233111,233129,233137,233182,233105,233122,233134,233100,233108,233115,233120,233126,233139,233111,233117
233182,233203,233213,233217,233268,233190,233209,233218,233184,233193,233199,233204,233211,233218,233196,233201
233268,233291,233299,233301,233352,233275,233295,233302,233270,233278,233283,233289,233296,233302,233280,233286
233352,233373,233382,233384,233431,233360,233377,233383,233354,233363,233368,233372,233380,233386,233365,233372
233431,233454,233486,233464,233513,233440,233460,233464,233434,233443,233448,233453,233461,233467,233445,233450
233513,233536,233545,233547,233596,233522,233541,233547,233516,233525,233528,233534,233543,233552,233527,233531
233596,233619,233628,233632,233681,233605,233624,233632,233599,233616,233621,233621,233626,233637,233621,233629
233681,233704,233713,233716,233767,233691,233710,233716,233684,233695,233698,233701,233711,233724,233696,233701
233767,233790,233800,233803,233850,233777,233796,233803,233770,233780,233785,233787,233798,233806,233782,233787
233850,233874,233883,233885,233936,233860,233879,233885,233854,233863,233867,233872,233881,233888,233865,233872
233936,233961,233970,233972,234024,233947,233967,233972,233940,233958,233963,233963,233968,233975,233963,233971
234024,234048,234076,234060,234113,234035,234055,234060,234028,234045,234050,234050,234056,234067,234050,234059
234113,234137,234148,234151,234200,234125,234143,234150,234118,234129,234135,234135,234146,234153,234131,234135
234200,234224,234234,234237,234288,234211,234229,234236,234205,234215,234220,234222,234232,234240,234217,234222
234288,234312,234322,234325,234377,234299,234317,234324,234293,234303,234306,234310,234320,234328,234305,234310
234377,234400,234412,234416,234467,234388,234407,234415,234381,234392,234397,234398,234410,234418,234394,234398
234467,234490,234503,234507,234555,234478,234497,234506,234472,234482,234488,234488,234500,234509,234484,234488
234555,234577,234588,234595,234642,234565,234583,234594,234560,234569,234576,234576,234586,234599,234572,234576
234642,234665,234677,234680,234725,234653,234671,234679,234647,234657,234662,234663,234675,234683,234659,234663
234725,234754,234765,234770,234820,234742,234760,234769,234736,234746,234750,234753,234763,234770,234748,234753
234820,234844,234855,234859,234910,234832,234850,234858,234826,234836,234842,234842,234853,234862,234838,234842
234910,234932,234945,234950,234998,234921,234939,234949,234915,234926,234931,234931,234943,234951,234928,234931
234998,235021,235033,235037,235085,235009,235027,235036,235003,235013,235018,235020,235031,235039,235015,235020
235085,235109,235121,235125,235176,235098,235116,235124,235092,235101,235108,235109,235119,235126,235104,235109
235176,235197,235210,235213,235262,235186,235204,235212,235180,235190,235197,235197,235208,235215,235192,235197
235262,235284,235296,235300,235349,235272,235291,235299,235266,235277,235282,235282,235294,235301,235279,235282
235349,235372,235384,235388,235436,235360,235378,235387,235354,235364,235370,235370,235381,235389,235366,235370
235436,235459,235471,235474,235523,235447,235465,235473,235441,235451,235457,235458,235469,235475,235453,235458
235523,235544,235556,235559,235606,235533,235550,235558,235527,235537,235543,235543,235553,235561,235540,235543
235606,235629,235641,235645,235690,235617,235636,235644,235611,235621,235628,235628,235639,235647,235623,235628
235690,235713,235725,235729,235775,235701,235720,235728,235695,235705,235711,235711,235723,235730,235707,235711
235775,235798,235810,235814,235861,235786,235804,235813,235780,235790,235797,235797,235808,235816,235793,235797
235861,235882,235894,235898,235945,235871,235888,235897,235865,235875,235881,235881,235892,235899,235878,235881
235945,235968,235980,235984,236033,235956,235975,235983,235950,235960,235966,235967,235978,235985,235963,235967
236033,236056,236068,,236123,236044,236063,,236038,236048,236053,236055,236066,236072,236050,236055
236123,236146,236158,236162,236212,236134,236152,236161,236128,236139,236144,236144,236156,236164,236141,236144
236212,236234,236246,236249,236302,236223,236240,236248,236217,236227,236233,236233,236244,236251,236229,236233
236302,236325,236337,236340,236394,236313,236331,236339,236307,236317,236323,236323,236335,236342,236319,236323
236394,236418,236429,,236490,236406,236424,236462,236399,236409,236415,236416,236447,236463,236412,236416
236490,236513,236524,236528,236579,236500,236519,236527,236494,236504,236511,236511,236522,236529,236506,236511
236579,236601,236614,236619,236668,236590,236608,236618,236584,236594,236600,236600,236612,236621,236596,236600
236668,236692,236704,236707,236759,236680,236699,236706,236673,236685,236688,236691,236702,236708,236686,236691
236759,236783,236794,236797,236849,236771,236789,236796,236764,236775,236779,236782,236792,236798,236777,236782
236849,236871,236884,236890,236935,236860,236878,236889,236854,236863,236870,236870,236882,236891,236866,236870
236935,236958,236970,236975,237023,236946,236965,236974,236940,236950,236956,236957,236968,236976,236952,236957
237023,237047,237059,237063,237114,237035,237053,237062,237029,237039,237044,237045,237057,237064,237041,237045
237114,237137,237149,237178,237202,237125,237143,237154,237118,237129,237133,237135,237147,237154,237131,237135
237202,237224,237236,237240,237287,237213,237231,237239,237207,237217,237223,237223,237234,237242,237220,237223
237287,237309,237322,237326,237373,237298,237316,237325,237292,237302,237308,237308,237320,237327,237304,237308
237373,237397,237409,237412,237463,237385,237404,237411,237379,237389,237394,237396,237407,237413,237391,237396
237463,237486,237498,237503,237550,237474,237492,237502,237468,237478,237484,237484,237496,237505,237480,237484
237550,237572,237584,237588,237636,237561,237579,237587,237555,237565,237572,237572,237582,237590,237568,237572
237636,237658,237670,237676,237722,237646,237665,237675,237640,237650,237655,237658,237668,237677,237652,237658
237722,237745,237757,237762,237810,237733,237752,237761,237727,237737,237743,237743,237755,237763,237740,237743
237810,237833,237845,237849,237896,237821,237840,237848,237815,237825,237832,237832,237843,237851,237828,237832
237896,237917,237929,237933,237980,237906,237923,237932,237900,237910,237917,237917,237927,237935,237913,237917
237980,238001,238013,,238065,237990,238008,238019,237984,237994,238000,238000,238011,238019,237996,238000
238065,238088,238099,238104,238152,238076,238094,238103,238070,238080,238086,238086,238097,238105,238082,238086
238152,238174,238186,238191,238236,238163,238181,238190,238157,238167,238173,238173,238184,238192,238169,238173
238236,238257,238270,238274,238319,238247,238264,238273,238241,238251,238257,238257,238268,238277,238254,238257
238319,238341,238353,238358,238405,238330,238348,238357,238323,238333,238340,238340,238351,238359,238336,238340
238405,238427,238439,,238492,238415,238434,238445,238409,238419,238426,238426,238437,238445,238422,238426
238492,238513,238526,238530,238575,238502,238520,238529,238496,238506,238513,238513,238524,238532,238509,238513
238575,238596,238608,238611,238658,238585,238603,238610,238579,238589,238596,238596,238606,238613,238592,238596
238658,238680,238692,238697,238742,238668,238687,238696,238662,238672,238678,238679,238690,238697,238674,238679
238742,238765,238778,238786,238829,238753,238772,238785,238747,238757,238764,238764,238776,238786,238760,238764
238829,238851,238864,238869,238914,238840,238858,238868,238834,238844,238851,238851,238862,238869,238847,238851
238914,238934,238948,238952,238998,238924,238942,238951,238918,238928,238935,238935,238945,238954,238931,238935
238998,239020,239032,239037,239084,239009,239027,239036,239003,239012,239019,239019,239030,239038,239015,239019
239084,239107,239120,239125,239175,239096,239114,239124,239090,239100,239107,239107,239118,239126,239103,239107
239175,239196,239209,239215,239262,239186,239203,239214,239180,239190,239196,239196,239207,239216,239192,239196
239262,239284,239296,239300,239350,239272,239290,239299,239266,239276,239283,239283,239294,239302,239279,239283
239350,239373,239385,239390,239439,239361,239379,239389,239355,239365,239371,239371,239383,239391,239367,239371
239439,239463,239476,239481,239531,239451,239470,239480,239445,239455,239462,239462,239474,239482,239458,239462
239531,239552,239564,239569,239616,239541,239558,239568,239535,239545,239551,239551,239562,239570,239548,239551
239616,239637,239650,239655,239701,239626,239644,239654,239620,239630,239636,239636,239647,239655,239632,239636
239701,239723,239736,,239786,239712,239730,239742,239706,239716,239722,239722,239734,239742,239718,239722
239786,239810,239823,,239875,239799,239817,239831,239793,239803,239809,239809,239821,239831,239805,239809
239875,239896,239909,,239959,239885,239903,239916,239879,239889,239896,239896,239907,239916,239892,239896
239959,239980,239993,239999,240044,239970,239987,239998,239964,239974,239980,239980,239991,240000,239977,239980
240044,240066,240079,,240131,240055,240073,240085,240049,240059,240065,240065,240077,240085,240061,240065
240131,240153,240166,,240220,240142,240160,240172,240136,240146,240153,240153,240164,240172,240149,240153
240220,240241,240255,240259,240305,240231,240248,240258,240225,240235,240241,240241,240253,240262,240238,240241
240305,240326,240339,240344,240389,240315,240333,240343,240309,240320,240325,240325,240336,240346,240322,240325
240389,240412,240424,240430,240477,240400,240418,240429,240394,240404,240410,240410,240422,240431,240407,240410
240477,240499,240511,240541,240564,240487,240505,240518,240481,240492,240497,240497,240509,240518,240494,240497
240564,240585,240598,240604,240649,240575,240592,240603,240569,240579,240586,240586,240596,240607,240583,240586
240649,240669,240682,240685,240733,240659,240676,240684,240653,240663,240669,240669,240679,240688,240665,240669
240733,240755,240768,,240821,240744,240762,240774,240738,240748,240754,240754,240766,240774,240750,240754
240821,240843,240855,240860,240907,240831,240849,240859,240825,240835,240842,240842,240853,240860,240838,240842
240907,240927,240940,240945,240988,240917,240934,240944,240911,240921,240928,240928,240938,240947,240923,240928
240988,241009,241021,241025,241069,240998,241015,241024,240992,241002,241008,241008,241019,241027,241005,241008
241069,241091,241104,241108,241154,241080,241098,241107,241074,241083,241089,241091,241101,241109,241086,241091
241154,241176,241189,241194,241240,241164,241183,241193,241158,241169,241174,241174,241187,241195,241171,241174
241240,241263,241275,,241325,241252,241269,241280,241246,241256,241261,241261,241273,241280,241258,241261
241325,241345,241358,241363,241406,241335,241352,241362,241329,241339,241346,241346,241356,241366,241341,241346
241406,241427,241440,241444,241488,241416,241434,241443,241410,241420,241426,241426,241438,241445,241422,241426
241488,241512,241524,,241578,241500,241519,241531,241494,241504,241510,241511,241522,241531,241506,241511
241578,241601,241614,241619,241667,241589,241608,241618,241583,241594,241599,241599,241612,241620,241596,241599
241667,241688,241700,241704,241751,241677,241695,241703,241671,241682,241687,241687,241698,241706,241685,241687
241751,241773,241785,241790,241836,241762,241780,241789,241756,241766,241773,241773,241783,241791,241769,241773
241836,241857,241870,241874,241915,241846,241864,241873,241840,241850,241857,241857,241868,241875,241853,241857
241915,241937,241949,241952,241993,241925,241943,241951,241919,241930,241935,241935,241946,241954,241932,241935
241993,242013,242025,242029,242071,242002,242019,242028,241996,242007,242012,242012,242023,242030,242009,242012
242071,242092,242104,242108,242149,242081,242098,242107,242075,242085,242091,242091,242102,242109,242088,242091
242149,242169,242182,242186,242224,242159,242175,242185,242153,242163,242169,242169,242179,242188,242166,242169
242224,242245,242256,242265,242301,242234,242251,242264,242228,242238,242244,242244,242254,242267,242241,242244
242301,242322,242335,242339,242381,242311,242329,242338,242305,242315,242321,242321,242332,242342,242318,242321
242381,242402,242414,242419,242462,242390,242408,242418,242384,242394,242401,242401,242411,242426,242397,242401
242462,242482,242494,242498,242543,242472,242488,242497,242466,242476,242481,242481,242492,242503,242479,242481
242543,242562,242575,242578,242620,242553,242569,242577,242547,242557,242562,242562,242572,242581,242562,242576
242620,242641,242653,242657,242700,242630,242647,242656,242623,242634,242640,242640,242651,242659,242636,242640
242700,242721,242733,242737,242783,242710,242728,242736,242704,242714,242719,242719,242731,242738,242716,242719
242783,242806,242818,242823,242869,242794,242812,242822,242788,242799,242803,242803,242816,242824,242801,242803
242869,242891,242902,242906,242953,242880,242897,242905,242874,242885,242888,242888,242900,242907,242887,242888
242953,242974,242986,242991,243035,242964,242980,242990,242958,242968,242973,242973,242984,242993,242971,242973
243035,243057,243069,243073,243120,243046,243063,243072,243040,243049,243056,243056,243067,243075,243052,243056
243120,243143,243155,243160,243208,243131,243150,243159,243125,243135,243141,243141,243153,243160,243137,243141
243208,243231,243243,,243299,243219,243237,243248,243213,243223,243228,243230,243241,243248,243225,243230
243299,243321,243334,243340,243385,243310,243328,243339,243304,243313,243320,243320,243331,243340,243316,243320
243385,243408,243420,243451,243473,243396,243414,243425,243390,243400,243406,243406,243418,243425,243403,243406
243473,243497,243510,,243564,243485,243503,243516,243479,243489,243493,243496,243508,243516,243490,243496
243564,243588,243601,243625,243658,243576,243595,243610,243570,243580,243585,243587,243599,243610,243582,243587
243658,243680,243693,,243750,243669,243687,243702,243663,243673,243679,243679,243691,243702,243675,243679
243750,243771,243784,243790,243834,243760,243778,243789,243755,243765,243770,243770,243782,243791,243768,243770
243834,243854,243867,243872,243913,243844,243861,243871,243838,243848,243854,243854,243865,243875,243851,243854
243913,243933,243946,243951,243991,243923,243940,243950,243917,243927,243933,243933,243944,243952,243930,243933
243991,244011,244024,244031,244074,244001,244018,244030,243995,244005,244015,244015,244022,244033,244015,244029
244074,244097,244110,244115,244171,244086,244104,244114,244080,244090,244097,244097,244108,244117,244093,244097
244171,244196,244210,244213,244266,244182,244204,244212,244175,244187,244190,244190,244208,244216,244189,244190
244266,244294,244306,244307,244360,244277,244302,244307,244270,244281,244285,244285,244304,244310,244283,244285
244360,244384,244456,244468,244535,244369,244418,244460,244364,244372,244393,244401,244454,244463,244375,244398
244535,244551,244565,244571,244615,244544,244558,244568,244539,244548,244556,244556,244563,244572,244552,244556
244615,244631,244644,244649,244687,244622,244638,244648,244616,244626,244634,244634,244643,244652,244629,244634
244687,244709,244720,244722,244761,244696,244715,244722,244690,244700,244705,244708,244718,244727,244702,244708
244761,244785,244795,244797,244837,244770,244791,244797,244763,244773,244776,244783,244793,244802,244774,244780
244837,244858,244887,244871,244919,244846,244867,244871,244839,244852,244861,244861,244868,244874,244861,244871
244919,244943,244972,244955,245004,244929,244949,244955,244922,244940,244944,244944,244951,244962,244944,244953
245004,245030,245062,245040,245097,245015,245035,245040,245009,245026,245031,245031,245036,245042,245031,245039
245097,245120,245152,245131,245187,245106,245126,245131,245100,245110,245113,245118,245127,245133,245111,245115
245187,245209,245240,245221,245275,245197,245215,245221,245191,245201,245211,245211,245216,245229,245211,245219
245275,245296,245307,245310,245356,245285,245302,245310,245279,245290,245298,245298,245305,245314,245298,245310
245356,245376,245388,245392,245431,245365,245382,245391,245358,245369,245380,245380,245386,245395,245380,245390
245431,245452,245464,245467,245505,245440,245460,245467,245434,245445,245456,245456,245462,245471,245456,245466
245505,245527,245539,245543,245581,245515,245533,245542,245508,245519,245522,245526,245537,245546,245520,245526
245581,245603,245614,245618,245662,245591,245609,245617,245584,245595,245599,245602,245612,245618,245597,245602
245662,245686,245697,,245749,245673,245692,245707,245667,245678,245682,245683,245695,245707,245679,245683
245749,245771,245783,,245836,245759,245778,245809,245753,245764,245781,245788,245797,245809,245766,245784
245836,245859,245871,245875,245924,245848,245865,245874,245841,245852,245857,245857,245869,245877,245856,245857
245924,245946,245958,245962,246012,245935,245952,245961,245929,245940,245950,245950,245956,245965,245950,245960
246012,246033,246045,246048,246092,246023,246040,246048,246016,246027,246033,246033,246043,246051,246031,246033
246092,246113,246125,246129,246167,246102,246119,246128,246096,246106,246112,246112,246123,246133,246109,246112
246167,246188,246200,246205,246241,246176,246194,246204,246170,246181,246185,246185,246198,246208,246184,246185
246241,246261,246274,246280,246314,246250,246268,246279,246244,246255,246259,246259,246272,246284,246257,246259
246314,246335,246348,246352,246393,246324,246341,246351,246318,246328,246334,246334,246345,246355,246331,246334
246393,246414,246427,246430,246476,246403,246421,246429,246397,246407,246414,246414,246424,246431,246410,246414
246476,246499,246510,246514,246560,246487,246505,246513,246481,246491,246497,246497,246508,246515,246494,246497
246560,246582,246594,246598,246645,246571,246588,246597,246565,246575,246582,246582,246592,246601,246579,246582
246645,246665,246676,246681,246728,246655,246671,246681,246649,246659,246667,246667,246673,246685,246667,246681
246728,246748,246759,246763,246807,246737,246754,246763,246731,246741,246751,246751,246757,246768,246751,246761
246807,246827,246838,246842,246881,246816,246833,246842,246810,246820,246830,246830,246836,246846,246830,246841
246881,246901,246914,246917,246953,246890,246908,246916,246884,246895,246905,246905,246912,246920,246905,246915
246953,246974,246986,246989,247024,246962,246980,246988,246956,246967,246972,246972,246983,246992,246969,246972
247024,247045,247057,247063,247097,247034,247052,247062,247027,247038,247042,247042,247055,247066,247041,247042
247097,247119,247131,247135,247176,247107,247125,247134,247101,247111,247117,247117,247129,247136,247113,247117
247176,247198,247211,,247260,247187,247205,247224,247181,247191,247197,247197,247209,247224,247193,247197
247260,247282,247296,247300,247347,247271,247289,247299,247265,247275,247280,247280,247294,247303,247278,247280
247347,247369,247380,247383,247433,247358,247375,247382,247352,247362,247368,247368,247378,247385,247364,247368
247433,247454,247466,247470,247516,247444,247460,247469,247438,247449,247457,247457,247464,247473,247457,247467
247516,247536,247547,247550,247594,247526,247543,247550,247519,247530,247538,247538,247545,247555,247538,247549
247594,247613,247627,247630,247669,247603,247620,247629,247597,247607,247614,247614,247624,247633,247610,247614
247669,247689,247701,247705,247743,247678,247695,247704,247672,247682,247688,247688,247699,247708,247684,247688
247743,247764,247777,247783,247821,247753,247770,247782,247747,247758,247762,247762,247774,247785,247760,247762
247821,247842,247855,247861,247901,247831,247849,247860,247825,247835,247841,247841,247852,247860,247837,247841
247901,247922,247935,247939,247985,247911,247929,247938,247905,247916,247922,247922,247933,247942,247919,247922
247985,248006,248019,248024,248072,247996,248013,248023,247990,248000,248006,248006,248016,248025,248003,248006
248072,248092,248106,248110,248158,248083,248100,248109,248077,248087,248090,248090,248104,248113,248090,248108
248158,248178,248190,248195,248241,248168,248184,248194,248162,248172,248180,248180,248187,248200,248180,248192
248241,248262,248273,248277,248322,248252,248268,248276,248246,248256,248262,248262,248271,248279,248261,248262
248322,248342,248354,248358,248397,248331,248348,248357,248325,248335,248342,248342,248352,248359,248338,248342
248397,248418,248431,248435,248470,248407,248425,248434,248401,248411,248417,248417,248428,248438,248414,248417
248470,248491,248503,248508,248543,248480,248498,248507,248474,248484,248490,248490,248501,248510,248487,248490
248543,248564,248577,248582,248619,248553,248571,248581,248547,248557,248564,248564,248575,248584,248560,248564
248619,248639,248652,248658,248699,248628,248646,248657,248622,248633,248638,248638,248650,248658,248635,248638
248699,248722,248734,,248783,248710,248729,248739,248703,248714,248719,248719,248732,248739,248716,248719
248783,248806,248816,248818,248869,248794,248811,248817,248787,248798,248802,248802,248814,248820,248800,248802
248869,248890,248901,248904,248954,248879,248896,248904,248873,248883,248889,248889,248899,248908,248886,248889
248954,248975,248986,248988,249039,248964,248982,248988,248958,248968,248974,248974,248984,248991,248970,248974
249039,249058,249068,249071,249116,249048,249064,249071,249041,249052,249060,249060,249066,249075,249060,249069
249116,249137,249148,249151,249192,249126,249144,249151,249120,249130,249141,249141,249146,249155,249141,249150
249192,249213,249225,249227,249266,249201,249220,249226,249194,249205,249211,249211,249222,249230,249207,249211
249266,249288,249300,249304,249341,249276,249294,249303,249269,249280,249286,249286,249298,249306,249282,249286
249341,249362,249375,249382,249417,249350,249369,249381,249344,249354,249360,249360,249373,249382,249356,249360
249417,249439,249451,,249497,249427,249445,249459,249420,249437,249442,249442,249449,249459,249442,249454
249497,249520,249533,,249583,249508,249527,249551,249502,249513,249531,249538,249545,249552,249523,249535
249583,249605,249617,249620,249670,249593,249611,249619,249587,249597,249602,249602,249614,249623,249601,249602
249670,249691,249703,249708,249756,249680,249697,249707,249673,249684,249695,249695,249701,249712,249695,249705
249756,249777,249788,249791,249842,249766,249783,249791,249759,249770,249777,249777,249786,249794,249774,249777
249842,249863,249874,249877,249927,249853,249870,249877,249847,249857,249863,249863,249872,249882,249863,249876
249927,249948,249958,249962,250010,249937,249954,249962,249931,249941,249951,249951,249956,249962,249951,249959
250010,250032,250044,250047,250093,250020,250039,250047,250014,250024,250031,250031,250042,250051,250028,250031
250093,250114,250126,250128,250176,250103,250120,250127,250097,250107,250114,250114,250123,250131,250110,250114
250176,250196,250210,250213,250259,250186,250203,250212,250180,250190,250199,250199,250207,250216,250194,250199
250259,250279,250292,250298,250342,250269,250286,250297,250263,250273,250280,250280,250290,250300,250276,250280
250342,250362,250374,250378,250424,250352,250369,250377,250346,250356,250364,250364,250372,250379,250360,250364
250424,250445,250457,250461,250507,250434,250451,250460,250428,250438,250445,250445,250455,250464,250441,250445
250507,250528,250541,250545,250589,250517,250535,250544,250511,250521,250528,250528,250538,250548,250524,250528
250589,250611,250623,250629,250673,250600,250618,250628,250594,250603,250610,250610,250621,250632,250606,250610
250673,250695,250707,250712,250758,250684,250702,250711,250678,250688,250695,250695,250705,250713,250690,250695
250758,250779,250791,250794,250842,250768,250785,250793,250762,250772,250778,250778,250789,250797,250775,250778
250842,250864,250876,250880,250927,250853,250870,250879,250847,250857,250863,250863,250874,250887,250859,250863
250927,250949,250961,250965,251013,250938,250956,250964,250932,250942,250949,250949,250959,250967,250944,250949
251013,251035,251046,251050,251099,251023,251041,251049,251017,251027,251034,251034,251044,251053,251029,251034
251099,251121,251134,251140,251186,251109,251128,251139,251103,251113,251120,251120,251131,251143,251116,251120
251186,251208,251220,251224,251274,251196,251214,251223,251190,251200,251207,251207,251218,251225,251203,251207
251274,251296,251308,251311,251361,251284,251303,251310,251278,251288,251295,251295,251306,251313,251291,251295
251361,251382,251395,251399,251447,251371,251389,251398,251365,251375,251383,251383,251393,251402,251378,251383
251447,251469,251480,251486,251532,251457,251475,251485,251451,251461,251467,251467,251478,251491,251464,251467
251532,251555,251567,,251617,251543,251561,251574,251537,251547,251553,251553,251565,251574,251549,251553
251617,251640,251652,251658,251703,251628,251647,251657,251622,251632,251639,251639,251650,251659,251634,251639
251703,251725,251738,251744,251787,251713,251732,251743,251707,251717,251724,251724,251736,251747,251719,251724
251787,251810,251821,251823,251872,251798,251816,251822,251792,251801,251807,251809,251819,251825,251804,251809
251872,251894,251904,251914,251957,251882,251899,251913,251875,251886,251891,251891,251902,251918,251888,251891
251957,251979,251989,251992,252044,251967,251984,251991,251960,251971,251976,251976,251987,251995,251973,251976
252044,252065,252098,252078,252130,252054,252072,252078,252048,252058,252064,252064,252074,252080,252061,252064
252130,252153,252164,252167,252217,252141,252160,252167,252134,252145,252151,252151,252162,252172,252147,252151
252217,252240,252252,252255,252305,252227,252246,252254,252221,252231,252237,252238,252249,252257,252233,252238
252305,252328,252339,252344,252394,252315,252334,252343,252309,252319,252326,252326,252337,252347,252321,252326
252394,252417,252427,252430,252484,252405,252422,252429,252399,252408,252414,252414,252425,252432,252411,252414
252484,252507,252517,252519,252575,252495,252513,252519,252489,252498,252504,252504,252515,252521,252500,252504
252575,252597,252608,252611,252667,252585,252603,252610,252579,252589,252595,252595,252606,252614,252592,252595
252667,252690,252717,252724,252756,252676,252706,252723,252670,252680,252685,252688,252716,252728,252682,252688
252756,252779,252790,252793,252843,252767,252786,252793,252761,252771,252779,252779,252788,252800,252774,252779
252843,252866,252877,252880,252929,252853,252872,252879,252847,252857,252864,252864,252875,252882,252859,252864
252929,252953,252964,252966,253015,252939,252960,252966,252933,252942,252948,252952,252961,252969,252945,252952
253015,253040,253050,253052,253103,253024,253044,253052,253018,253028,253036,253036,253047,253057,253031,253036
253103,253126,253146,253160,253178,253111,253141,253148,253106,253115,253121,253124,253144,253148,253117,253124
253178,253212,253221,253224,253274,253198,253218,253224,253192,253201,253207,253211,253219,253229,253203,253211
253274,253296,253307,253310,253358,253281,253301,253309,253276,253284,253290,253295,253305,253313,253287,253292
253358,253381,253391,253393,253444,253366,253387,253393,253360,253369,253374,253380,253389,253396,253372,253377
253444,253470,253480,253485,253534,253454,253475,253485,253448,253457,253461,253467,253478,253489,253459,253464
253534,253557,253566,253569,253619,253542,253562,253569,253536,253545,253549,253555,253564,253571,253547,253552
253619,253645,253654,253657,253708,253628,253651,253657,253622,253631,253635,253643,253652,253659,253633,253639
253708,253732,253744,253749,253796,253717,253737,253748,253710,253720,253723,253730,253742,253753,253721,253726
253796,253819,253830,253837,253879,253804,253824,253836,253798,253807,253811,253817,253828,253841,253809,253814
253879,253904,253916,253920,253967,253889,253910,253919,253882,253892,253896,253903,253914,253923,253893,253899
253967,253992,254006,254010,254054,253977,253999,254009,253971,253980,253984,253991,254004,254014,253982,253988
254054,254081,254092,254096,254142,254065,254087,254095,254059,254067,254072,254079,254091,254098,254070,254075
254142,254172,254185,254188,254226,254156,254180,254187,254149,254166,254169,254174,254183,254189,254168,254174
254226,254268,254279,,254319,254252,254275,254287,254245,254257,254258,254267,254277,254287,254257,254264
254319,254363,254377,,254417,254349,254371,,254343,254353,254357,254364,254376,254384,254355,254361
254417,254460,254474,,254511,254446,254469,,254440,254450,254456,254462,254472,254477,254453,254459
254511,254557,254570,254581,254619,254542,254565,254575,254536,254546,254550,254558,254568,254575,254548,254554
254619,254648,254660,254665,254704,254632,254654,254664,254626,254636,254640,254647,254658,254666,254638,254644
254704,254737,254750,,254795,254723,254745,,254716,254736,254743,254743,254748,254754,254743,254751
254795,254832,254846,,254884,254818,254840,254851,254811,254822,254826,254832,254844,254851,254824,254829
254884,254934,254949,254966,254998,254920,254942,254956,254913,254934,254941,254941,254947,254956,254941,254951
254998,255035,255048,255053,255096,255021,255042,255052,255014,255026,255030,255035,255046,255055,255028,255035
255096,255138,255153,255176,255200,255124,255147,255159,255117,255129,255131,255138,255151,255159,255130,255135
255200,255247,255261,255265,255316,255233,255255,255264,255227,255238,255244,255250,255259,255267,255241,255247
255316,255350,255364,255369,255418,255336,255358,255368,255329,255340,255347,255351,255362,255372,255343,255351
255418,255453,255466,,255510,255438,255461,,255431,255442,255448,255453,255465,255475,255445,255453
255510,255558,255572,255579,255622,255544,255566,255578,255538,255549,255555,255559,255570,255583,255552,255559
255622,255658,255673,,255720,255644,255666,,255637,255648,255654,255659,255671,255687,255650,255656
255720,255759,255774,255780,255822,255745,255768,255779,255738,255751,255759,255761,255773,255782,255754,255761
255822,255872,255886,255890,255934,255856,255880,255889,255850,255860,255866,255873,255884,255893,255863,255870
255934,255976,255989,255993,256035,255961,255984,255992,255954,255967,255973,255977,255987,255994,255970,255977
256035,256088,256101,256107,256146,256071,256095,256106,256064,256074,256078,256087,256099,256109,256076,256083
256146,256195,256208,256211,256255,256180,256202,256210,256174,256184,256187,256195,256205,256214,256185,256191
256255,256297,256310,256315,256361,256282,256304,256314,256275,256288,256292,256297,256308,256316,256290,256297
256361,256407,256421,,256460,256392,256416,256438,256384,256397,256402,256408,256450,256449,256399,256405
256460,256518,256533,,256571,256504,256527,256538,256497,256508,256514,256520,256568,256567,256511,256517
256571,256623,256636,,256680,256607,256631,,256601,256611,256618,256625,256634,256640,256614,256622
256680,256740,256755,,256792,256725,256749,,256719,256730,256736,256743,256753,256763,256733,256740
256792,256846,256861,256879,256907,256834,256845,256850,256827,256838,256842,256842,256846,256850,256842,256848
256907,256951,256966,256972,257009,256937,256960,256971,256931,256942,256948,256954,256964,256972,256945,256951
257009,257062,257078,,257115,257049,257072,257081,257043,257053,257057,257062,257076,257081,257055,257059
257115,257167,257181,257185,257222,257150,257176,257184,257144,257154,257159,257167,257179,257185,257156,257162
257222,257282,257298,257302,257371,257265,257291,257301,257259,257268,257274,257284,257296,257303,257271,257279
257371,257396,257432,257424,257483,257382,257405,257414,257375,257385,257387,257397,257408,257414,257386,257390
257483,257509,257526,257530,257561,257494,257519,257529,257487,257497,257501,257510,257523,257532,257499,257505
257561,257628,257643,,257679,257614,257636,,257608,257619,257625,257631,257641,257648,257622,257631
257679,257740,257754,257759,257802,257724,257748,257758,257718,257727,257733,257740,257752,257758,257729,257736
257802,257854,257869,257875,257946,257839,257863,257874,257832,257843,257848,257856,257867,257876,257845,257852
257946,257971,257987,257995,258028,257957,257980,257994,257951,257961,257965,257972,257985,257996,257963,257968
258028,258085,258100,258138,258182,258070,258094,258109,258063,258074,258078,258087,258098,258109,258076,258084
258182,258208,258224,258230,258267,258194,258217,258229,258188,258198,258205,258211,258222,258231,258201,258208
258267,258320,258336,258341,258378,258308,258320,258325,258302,258312,258315,258315,258321,258325,258315,258323
258378,258435,258452,258458,258530,258421,258445,258457,258415,258425,258431,258437,258450,258460,258427,258434
258530,258556,258572,258579,258612,258542,258564,258578,258535,258546,258551,258557,258569,258581,258548,258554
258612,258661,258676,258681,258726,258648,258670,258680,258642,258652,258659,258664,258674,258681,258655,258661
258726,258775,258789,258794,258832,258759,258783,258793,258753,258764,258771,258777,258787,258795,258767,258777
258832,258890,258905,,258955,258877,258899,258913,258870,258881,258887,258892,258903,258913,258884,258892
258955,259002,259018,259025,259078,258988,259011,259024,258981,258992,258999,259005,259016,259026,258995,259002
259078,259126,259141,259147,259198,259112,259135,259146,259106,259116,259123,259129,259139,259149,259119,259129
259198,259243,259258,259263,259318,259230,259252,259262,259224,259234,259242,259245,259256,259263,259237,259245
259318,259358,259374,259381,259416,259343,259368,259380,259336,259348,259353,259357,259372,259382,259350,259357
259416,259477,259492,259497,259538,259462,259486,259496,259456,259466,259472,259478,259490,259499,259469,259475
259538,259585,259601,259607,259653,259572,259594,259606,259566,259577,259584,259587,259599,259609,259580,259587
259653,259694,259709,,259754,259679,259703,,259673,259684,259690,259696,259707,259728,259687,259696
259754,259810,259826,259832,259871,259797,259809,259813,259790,259801,259805,259805,259810,259813,259805,259812
259871,259919,259934,259941,259980,259906,259928,259940,259900,259910,259917,259921,259932,259941,259913,259921
259980,260028,260043,260054,260094,260014,260037,260053,260007,260018,260024,260030,260041,260055,260020,260027
260094,260141,260156,260162,260200,260128,260150,260161,260122,260132,260138,260143,260154,260163,260135,260143
260200,260245,260260,260268,260310,260231,260254,260267,260225,260235,260241,260246,260259,260268,260238,260246
260310,260358,260374,260381,260420,260344,260367,260380,260338,260350,260357,260360,260372,260383,260353,260360
260420,260467,260483,260488,260546,260454,260476,260487,260448,260458,260465,260469,260481,260490,260461,260469
260546,260574,260590,260601,260650,260560,260583,260600,260553,260565,260574,260575,260588,260602,260567,260575
260650,260690,260707,260712,260762,260677,260700,260711,260671,260681,260690,260692,260705,260713,260684,260692
260762,260795,260810,260815,260872,260782,260804,260814,260776,260786,260793,260797,260808,260818,260789,260797
260872,260902,260917,260925,260968,260888,260911,260924,260881,260892,260899,260905,260916,260927,260895,260905
260968,261017,261033,261040,261075,261004,261026,261039,260998,261008,261015,261020,261031,261042,261011,261020
261075,261122,261136,261143,261187,261108,261130,261142,261101,261112,261118,261123,261134,261145,261114,261123
261187,261232,261248,,261291,261218,261242,,261212,261223,261230,261236,261246,261255,261226,261233
261291,261344,261359,261365,261404,261330,261352,261364,261324,261334,261340,261345,261357,261366,261337,261345
261404,261448,261464,261470,261515,261434,261458,261469,261427,261439,261448,261451,261462,261471,261443,261451
261515,261563,261579,261596,261630,261548,261572,261585,261542,261553,261558,261565,261577,261585,261555,261562
261630,261672,261687,261693,261734,261659,261681,261692,261653,261663,261669,261674,261685,261696,261666,261674
261734,261778,261793,,261842,261763,261786,261800,261756,261779,261785,261785,261791,261800,261785,261794
261842,261894,261910,261918,261956,261880,261903,261917,261873,261885,261891,261896,261908,261919,261888,261896
261956,262005,262020,262025,262072,261992,262014,262024,261986,261996,262003,262008,262019,262027,261999,262008
262072,262114,262128,262176,262209,262099,262122,262139,262092,262103,262109,262115,262126,262139,262105,262112
262209,262236,262251,262256,262298,262221,262244,262255,262215,262226,262233,262238,262248,262257,262229,262238
262298,262347,262362,262370,262414,262334,262356,262369,262328,262339,262345,262349,262360,262372,262341,262349
262414,262458,262474,,262531,262444,262467,262480,262437,262449,262456,262460,262472,262480,262451,262460
262531,262578,262593,,262637,262564,262587,,262557,262568,262574,262580,262591,262602,262570,262577
262637,262690,262705,,262752,262677,262698,,262670,262681,262688,262692,262703,262717,262684,262692
262752,262801,262817,,262899,262787,262811,262823,262780,262796,262803,262803,262815,262823,262801,262803
262899,262927,262942,262948,262987,262912,262936,262947,262905,262921,262925,262929,262940,262948,262923,262929
262987,263045,263060,263066,263122,263031,263053,263065,263025,263037,263042,263047,263058,263069,263039,263047
263122,263154,263169,263176,263230,263140,263163,263175,263133,263145,263151,263156,263167,263176,263148,263156
263230,263274,263289,,263334,263260,263283,,263253,263264,263270,263276,263287,263297,263267,263273
263334,263393,263408,263414,263467,263379,263402,263413,263372,263383,263390,263395,263406,263416,263386,263395
263467,263508,263523,263530,263615,263493,263516,263529,263486,263497,263503,263509,263521,263531,263499,263509
263615,263638,263654,,263696,263624,263646,,263617,263628,263633,263639,263651,263660,263630,263636
263696,263757,263772,263778,263821,263743,263765,263777,263737,263747,263754,263759,263770,263781,263750,263759
263821,263870,263887,263893,263970,263856,263880,263892,263850,263860,263869,263873,263885,263894,263863,263873
263970,263998,264014,264019,264058,263983,264007,264018,263977,263988,263995,264001,264011,264020,263991,263998
264058,264116,264132,264139,264178,264102,264125,264138,264096,264107,264114,264119,264130,264140,264110,264119
264178,264228,264243,264250,264325,264213,264236,264249,264206,264218,264224,264229,264241,264251,264220,264229
264325,264351,264367,264373,264408,264337,264360,264372,264330,264341,264348,264354,264364,264374,264344,264351
264408,264466,264481,264487,264527,264453,264475,264486,264447,264457,264464,264470,264480,264488,264460,264467
264527,264576,264591,264597,264637,264561,264585,264596,264555,264566,264574,264579,264589,264598,264570,264579
264637,264696,264712,264719,264758,264681,264705,264718,264675,264685,264693,264699,264710,264720,264688,264696
264758,264809,264824,264830,264885,264796,264818,264829,264790,264800,264807,264812,264822,264831,264803,264812
264885,264914,264931,264936,264985,264900,264923,264935,264893,264904,264912,264914,264928,264938,264907,264914
264985,265028,265044,,265088,265013,265037,,265007,265018,265026,265030,265042,265052,265021,265030
265088,265144,265158,265171,265208,265129,265152,265161,265123,265134,265140,265146,265156,265161,265137,265143
265208,265252,265265,265276,265342,265236,265259,265275,265229,265241,265247,265253,265263,265278,265244,265250
265342,265371,265387,,265427,265355,265380,,265348,265372,265378,265378,265384,265396,265378,265391
265427,265484,265498,265508,265545,265470,265492,265507,265463,265474,265481,265486,265496,265509,265477,265486
265545,265589,265605,265610,265646,265575,265598,265609,265569,265580,265588,265590,265603,265611,265583,265590
265646,265705,265721,,265767,265691,265705,,265685,265697,265702,265702,265706,265707,265702,265706
265767,265821,265835,265841,265882,265807,265829,265840,265801,265811,265817,265823,265833,265842,265814,265820
265882,265929,265944,,265993,265915,265938,265950,265909,265919,265926,265932,265942,265950,265922,265929
265993,266046,266063,266069,266103,266032,266056,266068,266025,266036,266043,266048,266061,266071,266039,266048
266103,266164,266179,266184,266223,266150,266173,266183,266144,266154,266162,266167,266177,266186,266157,266167
266223,266271,266286,,266333,266255,266280,266286,266249,266259,266266,266272,266285,266286,266262,266269
266333,266387,266403,266408,266449,266372,266396,266407,266365,266378,266383,266390,266401,266409,266380,266387
266449,266499,266513,266518,266556,266484,266507,266517,266478,266488,266495,266502,266511,266520,266492,266499
266556,266604,266619,266639,266697,266588,266612,266639,266582,266592,266599,266606,266632,266641,266595,266603
266697,266725,266743,266748,266776,266709,266733,266747,266703,266714,266720,266727,266739,266749,266717,266723
266776,266840,266854,266865,266894,266826,266849,266864,266819,266831,266838,266843,266853,266865,266835,266843
266894,266949,266975,267003,267044,266934,266961,266981,266928,266939,266941,266946,266973,266981,266940,266943
267044,267070,267085,267093,267133,267055,267078,267092,267048,267061,267062,267073,267082,267094,267061,267070
267133,267182,267195,,267232,267167,267190,267220,267160,267171,267175,267183,267229,267228,267173,267179
267232,267292,267307,,267348,267276,267301,267329,267269,267279,267283,267294,267322,267332,267280,267291
267348,267407,267422,,267463,267392,267406,,267386,267396,267398,267404,267407,267411,267397,267401
267463,267519,267534,267539,267575,267505,267528,267538,267500,267509,267514,267521,267532,267540,267511,267517
267575,267630,267644,267677,267708,267614,267639,267648,267607,267619,267625,267632,267642,267648,267622,267629
267708,267746,267762,,267796,267732,267756,,267725,267738,267744,267749,267760,267767,267741,267749
267796,267863,267877,267883,267918,267850,267872,267882,267843,267854,267861,267866,267876,267883,267857,267866
267918,267977,267992,267997,268071,267962,267985,267996,267955,267968,267973,267979,267990,267999,267970,267976
268071,268097,268116,268122,268162,268084,268107,268121,268077,268088,268095,268100,268112,268124,268091,268100
268162,268216,268231,268238,268277,268202,268225,268237,268196,268206,268212,268218,268229,268239,268209,268215
268277,268328,268343,268389,268425,268314,268336,268355,268307,268318,268324,268330,268341,268355,268321,268327
268425,268451,268466,,268504,268435,268459,268473,268429,268439,268446,268453,268463,268473,268442,268450
268504,268568,268584,,268628,268555,268578,,268549,268559,268566,268571,268583,268590,268562,268568
268628,268679,268693,,268731,268664,268688,,268657,268670,268676,268682,268699,268706,268674,268679
268731,268801,268818,268823,268896,268787,268811,268822,268780,268791,268797,268804,268816,268824,268793,268801
268896,268922,268936,268941,268982,268908,268931,268940,268901,268912,268918,268924,268934,268941,268915,268921
268982,269034,269048,269058,269089,269019,269042,269057,269012,269023,269031,269037,269046,269060,269027,269034
269089,269159,269173,269181,269210,269143,269166,269180,269136,269148,269154,269161,269172,269181,269152,269158
269210,269280,269293,269296,269338,269263,269288,269295,269257,269267,269274,269282,269291,269297,269270,269278
269338,269393,269425,269416,269466,269374,269408,269415,269368,269381,269387,269404,269411,269417,269385,269390
269466,269507,269540,,269563,269491,269518,269546,269485,269494,269499,269508,269539,269554,269496,269503
269563,269596,269607,269620,269667,269587,269601,269610,269582,269594,269600,269600,269604,269612,269600,269608
269667,269725,269747,269751,269809,269716,269741,269750,269670,269681,269689,269719,269745,269755,269684,269715
269809,269857,269867,,269898,269836,269862,269870,269831,269839,269848,269856,269893,269892,269843,269853
269898,269951,269969,269994,270099,269946,269962,269978,269941,269949,269957,269957,269967,269980,269952,269957
270099,270122,270140,270172,270268,270109,270132,270145,270100,270124,270132,270132,270137,270145,270132,270141
270268,270302,270309,270311,270352,270295,270305,270311,270290,270299,270302,270302,270307,270314,270302,270311
270352,270420,270438,,270478,270401,270427,270471,270396,270404,270412,270421,270464,270472,270408,270416
270478,270541,270552,270555,270603,270523,270547,270554,270517,270526,270534,270542,270550,270557,270530,270539
270603,270651,270662,270665,270714,270633,270657,270665,270628,270636,270642,270651,270660,270669,270639,270646
270714,270760,270773,270775,270807,270741,270767,270774,270735,270744,270750,270760,270770,270778,270746,270753
270807,270879,270893,,270939,270862,270886,270899,270856,270865,270871,270880,270891,270899,270868,270875
270939,270990,271004,,271048,270975,270999,271026,270970,270979,270986,270993,271020,271027,270982,270989
271048,271102,271118,,271157,271087,271113,271146,271081,271091,271116,271131,271140,271147,271094,271128
271157,271226,271238,271241,271286,271207,271233,271240,271201,271209,271213,271227,271236,271243,271211,271224
271286,271334,271344,271370,271420,271315,271356,271369,271309,271317,271323,271333,271363,271371,271320,271327
271420,271451,271473,271489,271513,271433,271458,271466,271426,271438,271445,271452,271461,271466,271442,271449
271513,271569,271582,271587,271623,271553,271576,271586,271546,271557,271564,271571,271580,271588,271560,271567
271623,271678,271692,271694,271772,271662,271686,271693,271656,271665,271674,271681,271689,271696,271669,271678
271772,271796,271818,271820,271860,271787,271813,271819,271782,271791,271800,271808,271816,271821,271795,271805
271860,271915,271936,271918,271979,271906,271915,271918,271901,271909,271913,271913,271916,271923,271913,271920
271979,272034,272049,272053,272091,272019,272044,272052,272013,272022,272031,272039,272047,272054,272026,272036
272091,272155,272176,272182,272226,272144,272158,272166,272139,272148,272151,272151,272159,272166,272151,272163
272226,272275,272285,,272322,272259,272281,272311,272253,272263,272270,272276,272303,272312,272267,272273
272322,272390,272404,272425,272467,272372,272398,272407,272366,272375,272384,272392,272402,272411,272379,272389
272467,272519,272531,272535,272580,272502,272526,272534,272496,272505,272512,272520,272530,272536,272508,272516
272580,272633,272645,272648,272724,272615,272639,272647,272609,272619,272626,272634,272643,272650,272623,272630
272724,272756,272793,272784,272813,272737,272763,272783,272731,272740,272745,272756,272767,272784,272742,272752
272813,272874,272888,272893,272944,272858,272882,272892,272853,272862,272868,272874,272886,272893,272864,272871
272944,272990,273003,273007,273088,272973,272997,273006,272967,272976,272982,272990,273001,273008,272979,272986
273088,273117,273131,,273171,273100,273124,,273093,273104,273110,273117,273128,273136,273107,273114
273171,273232,273246,,273288,273217,273240,,273211,273220,273227,273233,273244,273257,273223,273230
273288,273352,273366,273369,273408,273336,273360,273368,273329,273340,273348,273355,273364,273370,273344,273352
273408,273477,273493,273508,273538,273462,273486,273498,273455,273466,273473,273479,273491,273498,273469,273476
273538,273593,273606,273611,273657,273578,273601,273610,273572,273582,273589,273595,273604,273613,273585,273592
273657,273713,273726,273731,273772,273697,273721,273730,273691,273701,273708,273715,273725,273733,273704,273712
273772,273835,273849,273853,273898,273819,273843,273852,273813,273823,273830,273837,273847,273855,273826,273833
273898,273950,273964,273969,274019,273933,273958,273968,273927,273937,273944,273951,273962,273971,273940,273947
274019,274073,274087,274102,274166,274057,274081,274092,274051,274061,274066,274074,274085,274092,274063,274071
274166,274193,274231,274210,274265,274178,274200,274209,274172,274182,274188,274195,274204,274212,274185,274191
274265,274309,274323,274328,274371,274292,274317,274327,274286,274296,274301,274311,274321,274328,274298,274308
274371,274430,274445,274450,274493,274415,274439,274449,274408,274420,274426,274432,274443,274452,274423,274429
274493,274548,274563,274568,274624,274534,274557,274567,274528,274538,274545,274550,274561,274571,274541,274550
274624,274666,274680,274686,274731,274650,274674,274685,274644,274653,274660,274667,274678,274686,274656,274664
274731,274791,274805,274809,274857,274774,274799,274808,274768,274778,274785,274792,274803,274812,274781,274789
274857,274907,274920,274923,274979,274892,274915,274922,274885,274896,274902,274908,274918,274926,274898,274905
274979,275021,275036,275087,275121,275005,275029,275039,274998,275010,275014,275021,275033,275041,275012,275018
275121,275151,275165,275168,275213,275134,275159,275167,275128,275138,275145,275152,275162,275170,275141,275149
275213,275268,275282,275286,275340,275252,275275,275285,275246,275256,275262,275269,275279,275288,275259,275266
275340,275390,275404,275409,275457,275373,275398,275408,275367,275378,275383,275391,275402,275411,275380,275388
275457,275515,275530,275536,275580,275500,275523,275535,275493,275504,275511,275516,275528,275539,275507,275516
275580,275631,275645,275649,275728,275615,275639,275648,275608,275619,275626,275632,275643,275651,275623,275632
275728,275758,275773,275778,275850,275742,275767,275777,275735,275746,275754,275760,275770,275778,275749,275757
275850,275877,275891,275897,275964,275862,275885,275896,275856,275866,275873,275879,275888,275900,275869,275876
275964,275992,276006,276049,276090,275975,276000,276009,275969,275979,275985,275992,276004,276012,275982,275988
276090,276117,276132,276136,276183,276102,276126,276135,276096,276106,276114,276119,276130,276139,276109,276119
276183,276235,276248,276252,276289,276219,276243,276251,276213,276223,276230,276237,276247,276254,276226,276234
276289,276351,276365,276369,276441,276336,276359,276368,276329,276340,276347,276353,276363,276370,276343,276350
276441,276475,276488,276494,276546,276459,276482,276493,276452,276462,276470,276477,276486,276496,276466,276474
276546,276588,276601,276610,276676,276572,276595,276609,276566,276576,276582,276589,276599,276612,276578,276586
276676,276705,276719,276724,276792,276688,276712,276723,276681,276693,276697,276705,276716,276725,276695,276702
276792,276829,276840,276842,276885,276813,276836,276841,276805,276819,276822,276830,276838,276844,276820,276827
276885,276941,276953,276956,277032,276924,276947,276955,276917,276928,276934,276941,276951,276959,276930,276941
277032,277061,277075,277078,277123,277044,277069,277077,277037,277053,277057,277063,277073,277081,277055,277060
277123,277182,277195,277198,277247,277167,277189,277197,277160,277170,277176,277183,277193,277201,277173,277180
277247,277295,277308,277313,277369,277279,277303,277312,277272,277284,277292,277297,277306,277315,277288,277297
277369,277417,277430,277435,277478,277400,277424,277434,277394,277403,277410,277417,277428,277436,277406,277413
277478,277534,277549,277554,277608,277520,277542,277553,277514,277524,277531,277536,277547,277557,277526,277533
277608,277651,277663,277671,277732,277634,277657,277670,277627,277638,277644,277651,277661,277674,277641,277648
277732,277778,277806,277796,277845,277761,277785,277795,277754,277764,277770,277778,277789,277798,277767,277774
277845,277898,277911,277914,277971,277881,277906,277913,277875,277885,277892,277899,277909,277916,277888,277896
277971,278017,278052,278069,278110,278000,278024,278056,277993,278004,278010,278017,278051,278057,278006,278013
278110,278142,278163,278167,278201,278127,278151,278166,278120,278131,278137,278143,278161,278168,278133,278140
278201,278259,278272,278276,278348,278244,278266,278275,278238,278248,278254,278260,278270,278278,278251,278257
278348,278377,278390,278395,278478,278361,278385,278394,278355,278365,278372,278379,278388,278396,278368,278376
278478,278505,278520,278526,278569,278490,278513,278525,278483,278494,278500,278506,278518,278526,278497,278506
278569,278620,278633,278639,278679,278604,278627,278638,278598,278608,278615,278621,278631,278643,278611,278618
278679,278745,278760,278767,278829,278729,278754,278766,278723,278732,278740,278747,278758,278767,278736,278744
278829,278875,278891,278897,278933,278861,278884,278896,278854,278865,278871,278877,278889,278898,278867,278874
278933,278999,279011,279014,279062,278983,279006,279013,278977,278987,278994,279000,279009,279016,278990,278997
279062,279115,279129,,279173,279099,279124,279140,279093,279103,279109,279117,279128,279140,279106,279113
279173,279243,279258,,279299,279227,279252,279283,279221,279230,279237,279246,279275,279286,279232,279242
279299,279361,279377,,279428,279348,279372,279381,279343,279351,279359,279367,279375,279381,279354,279363
279428,279481,279495,,279538,279463,279489,279500,279458,279466,279473,279484,279493,279500,279469,279481
279538,279609,279622,279626,279668,279591,279616,279625,279585,279595,279603,279610,279620,279630,279599,279607
279668,279732,279756,279745,279799,279714,279738,279744,279708,279717,279726,279733,279741,279746,279721,279730
279799,279848,279874,279906,279940,279829,279856,279878,279823,279832,279837,279849,279872,279879,279834,279845
279940,279971,279981,279984,280027,279951,279978,279984,279944,279958,279964,279971,279980,279986,279961,279968
280027,280076,280091,280096,280128,280059,280084,280095,280053,280062,280067,280076,280089,280097,280064,280071
280128,280193,280207,,280250,280177,280201,280214,280171,280181,280188,280195,280205,280214,280184,280192
280250,280305,280318,280321,280355,280290,280313,280320,280285,280293,280300,280307,280316,280323,280297,280304
280355,280410,280431,280415,280472,280400,280412,280415,280394,280404,280409,280409,280413,280421,280409,280417
280472,280532,280559,280535,280592,280521,280533,280535,280515,280526,280530,280530,280534,280540,280530,280537
280592,280650,280663,280666,280707,280635,280658,280665,280630,280639,280646,280653,280661,280668,280642,280650
280707,280755,280770,,280805,280740,280764,280791,280734,280743,280751,280757,280784,280792,280747,280754
280805,280866,280879,280883,280927,280851,280874,280882,280845,280854,280861,280868,280877,280884,280857,280864
280927,280978,280990,280993,281040,280961,280985,280992,280956,280964,280972,280979,280988,280994,280968,280975
281040,281079,281091,281095,281161,281063,281085,281094,281056,281066,281073,281079,281089,281098,281069,281076
281161,281189,281217,281205,281253,281172,281195,281204,281165,281176,281183,281190,281199,281207,281180,281187
281253,281306,281321,281324,281361,281292,281315,281323,281287,281296,281304,281309,281319,281326,281298,281309
281361,281418,281432,281478,281510,281401,281426,281434,281396,281405,281411,281419,281430,281438,281407,281414
281510,281537,281564,281567,281605,281520,281545,281567,281514,281523,281531,281538,281562,281569,281526,281535
281605,281656,281669,281673,281716,281640,281663,281672,281634,281644,281651,281658,281667,281677,281647,281655
281716,281767,281792,281798,281850,281750,281786,281797,281744,281754,281761,281768,281790,281799,281757,281764
281850,281883,281896,281901,281949,281866,281890,281900,281860,281870,281877,281884,281894,281901,281873,281881
281949,282000,282014,282018,282062,281985,282008,282017,281979,281989,281996,282002,282012,282021,281992,281999
282062,282111,282124,282128,282200,282094,282118,282127,282088,282098,282105,282112,282122,282132,282100,282108
282200,282230,282242,282246,282298,282212,282236,282245,282206,282216,282224,282230,282240,282251,282219,282227
282298,282343,282356,282359,282407,282328,282350,282358,282322,282331,282338,282344,282354,282362,282334,282341
282407,282452,282466,282470,282535,282436,282459,282469,282430,282440,282446,282452,282464,282473,282443,282449
282535,282574,282588,282592,282633,282559,282582,282591,282553,282564,282571,282577,282586,282595,282567,282574
282633,282692,282705,,282747,282676,282700,282732,282671,282680,282688,282695,282726,282734,282683,282691
282747,282809,282821,282836,282872,282792,282816,282824,282786,282796,282803,282810,282819,282824,282799,282807
282872,282935,282948,282952,282989,282918,282943,282951,282913,282922,282929,282937,282946,282953,282925,282933
282989,283051,283064,283067,283128,283036,283058,283066,283030,283039,283046,283052,283062,283070,283042,283048
283128,283167,283182,283185,283243,283150,283174,283184,283143,283153,283160,283168,283179,283187,283157,283164
283243,283292,283306,283310,283352,283276,283300,283309,283270,283280,283287,283294,283304,283313,283283,283290
283352,283410,283423,283427,283468,283394,283417,283426,283389,283398,283405,283412,283421,283427,283401,283409
283468,283527,283540,283544,283617,283510,283534,283543,283504,283513,283520,283528,283538,283545,283516,283524
283617,283651,283664,283668,283717,283635,283658,283667,283629,283638,283645,283653,283662,283669,283642,283649
283717,283766,283779,283783,283834,283750,283773,283782,283744,283754,283762,283768,283777,283785,283757,283765
283834,283880,283895,283899,283975,283864,283887,283898,283858,283868,283875,283881,283892,283901,283871,283878
283975,284005,284018,284021,284065,283988,284012,284020,283982,283992,283999,284006,284016,284023,283995,284002
284065,284121,284134,284137,284194,284106,284128,284136,284100,284110,284117,284123,284131,284139,284113,284120
284194,284239,284254,284258,284336,284222,284247,284257,284216,284226,284233,284240,284251,284261,284229,284237
284336,284365,284379,284383,284427,284349,284373,284382,284343,284353,284359,284366,284377,284384,284356,284363
284427,284484,284497,284500,284554,284469,284491,284499,284463,284473,284480,284486,284495,284502,284476,284483
284554,284601,284614,284618,284693,284584,284608,284617,284578,284588,284595,284602,284612,284619,284591,284599
284693,284723,284736,284740,284782,284707,284730,284739,284701,284711,284718,284725,284734,284741,284714,284721
284782,284839,284852,284855,284907,284824,284846,284854,284817,284828,284835,284841,284849,284858,284831,284838
284907,284950,284963,284967,285026,284934,284958,284966,284927,284938,284945,284951,284961,284968,284941,284948
285026,285072,285085,285090,285134,285056,285080,285089,285050,285060,285066,285072,285083,285092,285062,285069
285134,285196,285210,285214,285277,285181,285204,285213,285175,285185,285192,285197,285208,285216,285188,285194
285277,285312,285326,285331,285380,285296,285320,285330,285290,285300,285306,285313,285324,285336,285303,285310
285380,285436,285453,285458,285495,285420,285446,285457,285413,285424,285431,285438,285451,285459,285427,285434
285495,285552,285564,,285611,285536,285559,285601,285531,285540,285547,285553,285595,285602,285543,285550
285611,285664,285675,285679,285740,285646,285670,285678,285640,285649,285657,285664,285673,285680,285653,285661
285740,285782,285810,285837,285875,285766,285791,285815,285760,285769,285775,285784,285809,285816,285771,285779
285875,285902,285913,285915,285974,285885,285908,285915,285880,285888,285895,285902,285910,285918,285892,285899
285974,286003,286015,286018,286071,285987,286009,286017,285981,285990,285997,286004,286013,286021,285993,286000
286071,286100,286112,286116,286172,286083,286106,286115,286077,286086,286093,286101,286110,286118,286089,286097
286172,286200,286211,286215,286277,286182,286205,286214,286175,286186,286194,286201,286209,286218,286190,286198
286277,286306,286315,286327,286402,286286,286310,286320,286280,286289,286297,286305,286313,286328,286292,286301
286402,286428,286438,286442,286509,286409,286433,286441,286404,286413,286421,286429,286436,286443,286417,286425
286509,286535,286561,286568,286631,286529,286555,286563,286524,286533,286543,286551,286559,286568,286537,286547
286631,286654,286662,286666,286761,286748,,,286643,286651,286655,286655,286660,286667,286655,286663
286761,286783,286807,286796,286839,286767,286791,286796,286762,286770,286777,286784,286793,286798,286773,286780
286839,286885,286894,286897,286938,286848,286890,286896,286842,286851,286859,286884,286892,286897,286855,286879
286938,286962,286974,286982,287037,286945,286967,286976,286939,286948,286956,286964,286972,286982,286951,286960
287037,287063,287077,287083,287143,287045,287071,287080,287039,287048,287054,287060,287075,287085,287051,287057
287143,287190,287206,287212,287238,287156,287199,287209,287150,287159,287168,287190,287205,287213,287163,287185
287238,287295,287323,287308,287368,287274,287299,287308,287268,287277,287286,287294,287302,287312,287282,287290
287368,287411,287435,287439,287482,287392,287430,287438,287386,287395,287403,287424,287433,287441,287399,287420
287482,287514,287526,287529,287585,287494,287520,287529,287488,287497,287506,287514,287523,287533,287501,287510
287585,287612,287625,287628,287685,287595,287618,287627,287589,287598,287604,287612,287622,287631,287601,287608
287685,287713,287725,287728,287791,287696,287720,287727,287689,287699,287706,287713,287723,287730,287702,287710
287791,287822,287835,287840,287893,287805,287829,287839,287799,287809,287816,287822,287833,287845,287812,287819
287893,287933,287945,287949,287994,287917,287940,287949,287911,287921,287929,287933,287943,287953,287924,287933
287994,288051,288062,288066,288128,288034,288056,288065,288026,288038,288044,288051,288059,288071,288041,288048
288128,288158,288167,288169,288232,288141,288163,288169,288133,288145,288150,288157,288165,288173,288148,288154
288232,288260,288273,288276,288333,288242,288267,288276,288236,288245,288252,288260,288270,288279,288248,288256
288333,288360,288372,288376,288434,288343,288366,288375,288337,288346,288353,288360,288370,288380,288349,288357
288434,288462,288475,288479,288546,288446,288469,288478,288440,288449,288455,288461,288473,288483,288451,288457
288546,288575,288588,288592,288653,288557,288582,288591,288551,288561,288568,288576,288587,288596,288564,288572
288653,288686,288698,288702,288759,288671,288694,288702,288665,288674,288682,288687,288697,288706,288678,288684
288759,288797,288812,288817,288879,288783,288806,288816,288777,288786,288795,288799,288810,288820,288789,288799
288879,288911,288923,288926,288983,288895,288917,288925,288889,288899,288906,288912,288921,288929,288902,288909
288983,289010,289023,289027,289077,288994,289017,289026,288988,288999,289006,289012,289021,289032,289002,289009
289077,289105,289121,289126,289180,289091,289115,289125,289085,289095,289103,289110,289120,289128,289098,289106
289180,289208,289222,289228,289293,289193,289216,289227,289186,289196,289204,289210,289220,289231,289199,289207
289293,289322,289334,289338,289398,289305,289328,289337,289299,289309,289316,289322,289332,289342,289312,289319
289398,289440,289452,289455,289515,289423,289447,289455,289417,289427,289434,289440,289450,289459,289430,289437
289515,289556,289567,289571,289638,289539,289562,289571,289532,289542,289549,289556,289564,289577,289545,289552
289638,289665,289677,289681,289741,289648,289671,289680,289642,289652,289659,289665,289675,289684,289655,289662
289741,289768,289781,289784,289847,289752,289774,289783,289746,289756,289762,289769,289779,289787,289759,289765
289847,289873,289886,289890,289947,289857,289880,289889,289851,289860,289868,289875,289884,289892,289863,289871
289947,289980,289992,289997,290068,289965,289987,289996,289959,289969,289976,289981,289991,290000,289972,289978
290068,290095,290107,290111,290179,290078,290101,290110,290072,290082,290090,290096,290105,290114,290085,290093
290179,290207,290217,290249,290291,290190,290232,290241,290184,290193,290201,290206,290236,290241,290197,290203
290291,290320,290330,290338,290397,290303,290325,290337,290297,290306,290313,290320,290329,290342,290310,290316
290397,290427,290440,290444,290502,290413,290435,290444,290407,290417,290425,290429,290439,290449,290420,290429
290502,290530,290543,290548,290600,290513,290536,290547,290507,290516,290524,290531,290541,290552,290520,290527
290600,290628,290641,290645,290698,290611,290635,290644,290605,290615,290623,290630,290639,290648,290619,290627
290698,290725,290738,290742,290808,290709,290732,290741,290703,290713,290720,290727,290736,290745,290716,290724
290808,290835,290848,290858,290905,290819,290842,290857,290813,290823,290829,290835,290846,290862,290826,290832
290905,290956,290967,290970,291042,290938,290962,290970,290933,290942,290950,290957,290965,290973,290945,290953
291042,291064,291082,291085,291147,291055,291077,291084,291048,291059,291067,291073,291080,291088,291063,291070
291147,291184,291194,291197,291257,291166,291189,291197,291161,291170,291177,291184,291192,291201,291173,291180
291257,291286,291298,291302,291357,291268,291292,291300,291262,291272,291280,291288,291296,291304,291276,291284
291357,291383,291396,291401,291450,291367,291390,291400,291361,291370,291377,291385,291395,291403,291374,291381
291450,291481,291493,291497,291563,291465,291487,291496,291459,291470,291477,291483,291491,291499,291474,291480
291563,291590,291601,291639,291666,291573,291595,291603,291567,291576,291583,291590,291599,291606,291579,291587
291666,291702,291713,291717,291768,291685,291707,291716,291680,291688,291695,291702,291711,291719,291691,291698
291768,291811,291824,291827,291877,291796,291819,291826,291790,291799,291807,291813,291822,291827,291802,291810
291877,291918,291938,291940,292003,291909,291933,291940,291902,291913,291922,291928,291936,291943,291917,291925
292003,292039,292049,292051,292099,292019,292044,292051,292013,292022,292031,292039,292047,292054,292026,292036
292099,292147,292157,292160,292206,292127,292153,292160,292122,292131,292139,292147,292155,292163,292134,292144
292206,292255,292265,292268,292305,292237,292260,292267,292232,292241,292249,292256,292263,292270,292245,292253
292305,292362,292390,,292421,292346,292374,292408,292341,292350,292357,292363,292401,292409,292353,292360
292421,292470,292483,292486,292532,292453,292477,292486,292447,292456,292464,292471,292481,292489,292460,292467
292532,292580,292591,292594,292641,292563,292586,292593,292557,292566,292573,292580,292589,292595,292569,292577
292641,292693,292704,292707,292754,292676,292700,292707,292670,292680,292686,292692,292702,292712,292683,292689
292754,292804,292825,292816,292872,292786,292811,292815,292781,292790,292797,292804,292813,292817,292793,292800
292872,292916,292928,292931,292997,292898,292923,292931,292893,292902,292910,292917,292926,292935,292905,292914
292997,293028,293043,293046,293113,293011,293036,293045,293006,293014,293022,293030,293040,293049,293017,293026
293113,293139,293160,293164,293197,293125,293149,293163,293118,293129,293137,293141,293158,293164,293132,293141
293197,293254,293267,293270,293316,293238,293261,293269,293232,293241,293247,293255,293264,293272,293244,293251
293316,293370,293382,,293427,293353,293377,293403,293348,293356,293364,293372,293397,293405,293359,293369
293427,293478,293497,293483,293544,293468,293480,293483,293462,293473,293476,293476,293481,293487,293476,293484
293544,293593,293607,293629,293659,293579,293601,293609,293573,293583,293589,293595,293606,293609,293586,293592
293659,293712,293723,293725,293770,293694,293719,293725,293688,293697,293705,293712,293721,293728,293701,293709
293770,293828,293842,293848,293920,293812,293836,293847,293806,293815,293822,293829,293840,293850,293818,293826
293920,293945,293958,293962,294003,293930,293952,293961,293924,293933,293941,293948,293956,293967,293936,293944
294003,294049,294073,294098,294151,294042,294067,294076,294037,294045,294054,294063,294071,294080,294049,294057
294151,294166,294191,294195,294222,294159,294184,294194,294154,294162,294171,294179,294189,294198,294166,294175
294222,294286,294309,294295,294346,294277,294292,294295,294272,294281,294284,294284,294293,294299,294284,294296
294346,294414,294424,,294473,294395,294418,294452,294390,294398,294406,294413,294446,294457,294402,294409
294473,294514,294519,294522,294578,294506,294516,294521,294501,294510,294513,294513,294517,294523,294513,294520
294578,294631,294655,294636,294698,294623,294632,294636,294619,294626,294629,294629,294633,294644,294629,294636
294698,294754,294777,294765,294824,294748,294759,294765,294743,294752,294756,294756,294761,294768,294756,294765
294824,294878,294900,294888,294943,294871,294881,294888,294865,294874,294877,294877,294884,294892,294877,294889
294943,295002,295015,,295064,294986,295009,295018,294980,294989,294997,295003,295060,295059,294993,295000
295064,295124,295171,295159,295219,295105,295144,295152,295100,295109,295117,295124,295148,295152,295113,295120
295219,295234,295256,295244,295294,295228,295237,295244,295223,295231,295235,295235,295240,295247,295235,295243
295294,295349,295370,295372,295448,295341,295366,295372,295336,295344,295354,295361,295368,295375,295350,295358
295448,295466,295486,295488,295523,295457,295480,295487,295451,295460,295469,295476,295483,295491,295463,295473
295523,295595,295623,,295652,295577,295600,295627,295572,295581,295589,295596,295621,295628,295585,295592
295652,295718,295730,295733,295784,295702,295724,295732,295697,295705,295713,295720,295728,295735,295709,295717
295784,295838,295850,295854,295897,295822,295844,295853,295816,295825,295833,295839,295848,295858,295829,295836
295897,295954,295991,295982,296050,295942,295976,295981,295937,295946,295954,295972,295978,295982,295949,295969
