on,sp,dn,dp,u,v,w,a,b,c,d,e,f,p1,p2
0,52,57,77,41,54,76,35,44,47,47,55,63,47,59
120,138,144,164,128,152,163,122,132,142,148,156,168,136,145
201,221,240,243,210,233,242,204,213,224,229,238,246,217,229
282,304,321,326,291,315,325,284,294,304,310,319,330,298,307
365,386,405,410,374,399,409,368,378,389,394,403,416,382,394
448,467,486,491,456,479,490,451,460,471,475,484,496,464,475
529,548,554,573,538,562,572,532,541,552,558,566,578,545,555
616,637,654,658,624,648,657,618,627,637,643,652,662,631,640
704,722,745,749,713,737,746,707,716,726,733,741,750,720,729
788,807,826,830,796,820,829,791,800,809,816,824,832,803,813
874,894,899,918,882,908,917,876,885,897,904,912,921,888,901
962,982,987,1005,970,996,1004,965,974,985,992,1000,1008,977,989
1051,1070,1090,1093,1058,1083,1092,1053,1062,1073,1079,1088,1096,1065,1076
1134,1155,1174,1178,1143,1167,1177,1137,1147,1157,1163,1172,1182,1152,1160
1222,1245,1264,1268,1231,1257,1267,1225,1235,1247,1252,1262,1271,1239,1252
1312,1333,1351,1356,1321,1344,1355,1315,1324,1337,1341,1349,1360,1328,1341
1396,1416,1435,1440,1405,1428,1439,1399,1409,1419,1424,1433,1445,1413,1421
1480,1503,1520,1526,1489,1513,1525,1483,1493,1504,1508,1518,1531,1499,1508
1567,1588,1606,1611,1575,1599,1610,1569,1579,1590,1595,1604,1619,1585,1592
1649,1668,1687,1691,1657,1680,1690,1651,1661,1670,1676,1685,1698,1664,1673
1730,1752,1771,1774,1737,1762,1771,1732,1740,1751,1758,1766,1776,1743,1755
1815,1832,1839,1840,1823,1848,1857,1817,1826,1836,1844,1852,1860,1829,1840
1902,1919,1943,1945,1910,1934,1943,1905,1914,1923,1930,1939,1947,1917,1927
1985,2004,2026,2028,1993,2017,2026,1987,1996,2006,2013,2021,2030,1999,2010
2069,2095,2109,2114,2077,2103,2113,2072,2081,2089,2097,2108,2118,2084,2092
2157,2175,2198,2202,2164,2189,2199,2159,2168,2177,2185,2194,2203,2171,2181
2240,2258,2277,2282,2248,2271,2281,2242,2251,2261,2267,2276,2286,2254,2267
2321,2345,2361,2365,2329,2354,2364,2324,2332,2342,2349,2359,2368,2336,2346
2405,2427,2445,2449,2413,2439,2448,2407,2416,2429,2435,2443,2452,2419,2432
2489,2510,2530,2532,2497,2521,2530,2491,2500,2512,2517,2526,2534,2503,2517
2568,2587,2607,2611,2576,2601,2610,2570,2580,2590,2596,2605,2614,2585,2593
2648,2670,2689,2694,2657,2682,2693,2651,2660,2675,2677,2687,2698,2663,2677
2731,2751,2770,2775,2740,2763,2774,2734,2743,2754,2759,2769,2779,2747,2759
2812,2830,2836,2854,2820,2844,2853,2814,2823,2834,2840,2849,2857,2827,2840
2896,2913,2919,2940,2904,2930,2940,2899,2907,2917,2924,2934,2945,2911,2920
2983,3000,3025,3029,2991,3017,3026,2986,2995,3006,3013,3021,3030,2998,3009
3068,3083,3108,3112,3076,3101,3110,3070,3079,3089,3096,3105,3113,3082,3093
3153,3170,3178,3198,3161,3187,3197,3155,3164,3175,3183,3191,3202,3168,3179
3240,3259,3283,3285,3248,3272,3283,3243,3252,3262,3268,3277,3288,3255,3265
3327,3344,3367,3372,3335,3359,3369,3329,3339,3349,3355,3364,3373,3343,3352
3410,3428,3434,3453,3418,3443,3452,3412,3421,3432,3439,3447,3457,3425,3436
3494,3515,3534,3537,3502,3527,3536,3496,3505,3517,3523,3532,3540,3509,3520
3579,3598,3617,3622,3587,3611,3621,3582,3591,3602,3607,3615,3628,3595,3607
3660,3678,3698,3703,3668,3692,3702,3662,3671,3682,3688,3696,3708,3675,3685
3743,3762,3768,3788,3751,3777,3787,3746,3755,3766,3772,3781,3792,3759,3769
3828,3846,3852,3870,3836,3860,3869,3830,3839,3850,3856,3864,3874,3843,3853
3911,3929,3952,3955,3918,3942,3953,3913,3922,3931,3938,3948,3957,3925,3934
3994,4017,4034,4039,4003,4029,4039,3997,4006,4020,4024,4033,4044,4009,4016
4083,4101,4107,4127,4091,4116,4126,4085,4094,4105,4112,4121,4130,4097,4109
4170,4186,4193,4212,4177,4201,4211,4172,4181,4191,4197,4206,4216,4184,4194
4252,4276,4291,4296,4260,4285,4295,4255,4263,4272,4280,4289,4298,4266,4276
4339,4358,4381,4384,4346,4373,4382,4341,4349,4359,4367,4377,4386,4352,4363
4423,4438,4462,4467,4430,4455,4463,4425,4434,4443,4451,4459,4468,4437,4447
4505,4520,4545,4549,4512,4538,4546,4507,4515,4527,4534,4542,4550,4519,4531
4590,4604,4629,4636,4597,4607,4633,4592,4600,4609,4617,4626,4637,4603,4613
4675,4689,4714,4720,4682,4693,4717,4677,4685,4695,4703,4711,4721,4689,4699
4755,4771,4780,4799,4763,4789,4798,4758,4766,4777,4785,4793,4801,4770,4781
4839,4860,4863,4865,4846,4874,4883,4841,4850,4862,4869,4878,4888,4853,4866
4925,4944,4949,4951,4933,4958,4966,4927,4936,4947,4954,4962,4971,4940,4951
5009,5032,5046,5051,5016,5040,5050,5011,5019,5029,5036,5044,5058,5023,5033
5094,5116,5136,5140,5102,5128,5139,5096,5105,5116,5122,5134,5143,5108,5119
5182,5201,5223,5227,5190,5215,5225,5184,5193,5203,5210,5219,5230,5196,5207
5266,5283,5288,5307,5273,5297,5306,5268,5276,5286,5293,5301,5311,5280,5290
5349,5366,5374,5393,5357,5383,5392,5351,5360,5372,5379,5387,5398,5363,5376
5435,5451,5476,5480,5443,5468,5477,5438,5446,5457,5465,5472,5481,5449,5461
5522,5536,5560,5567,5530,5539,5563,5525,5533,5543,5551,5558,5566,5536,5548
5606,5621,5629,5631,5614,5624,5631,5608,5617,5620,5620,5626,5635,5620,5630
5694,5709,5735,5739,5701,5714,5737,5696,5705,5716,5724,5732,5741,5708,5720
5783,5799,5823,5828,5791,5817,5825,5786,5794,5807,5814,5821,5828,5797,5811
5867,5883,5888,5910,5874,5898,5909,5869,5877,5886,5893,5904,5913,5880,5889
5952,5971,5976,5999,5960,5986,5999,5954,5964,5974,5980,5989,6003,5968,5977
6040,6060,6078,6082,6048,6072,6081,6042,6051,6062,6068,6077,6085,6056,6065
6124,6144,6162,6166,6132,6156,6165,6126,6135,6146,6152,6160,6174,6139,6149
6210,6233,6252,6255,6219,6243,6254,6212,6223,6232,6238,6250,6259,6228,6235
6300,6320,6326,6344,6308,6333,6343,6302,6313,6324,6330,6338,6351,6320,6327
6387,6406,6425,6429,6396,6419,6428,6390,6400,6410,6415,6423,6432,6404,6412
6474,6495,6514,6519,6483,6507,6518,6477,6488,6497,6503,6512,6522,6492,6500
6566,6587,6607,6612,6575,6600,6611,6569,6579,6590,6595,6605,6615,6584,6592
6656,6675,6698,6701,6664,6688,6698,6658,6668,6679,6684,6693,6703,6673,6681
6740,6759,6780,6785,6748,6773,6784,6742,6752,6763,6769,6778,6789,6757,6766
6827,6849,6868,6872,6836,6862,6871,6830,6840,6851,6857,6866,6876,6844,6854
6918,6938,6962,6964,6927,6951,6962,6921,6931,6941,6947,6956,6967,6934,6944
7002,7022,7041,7045,7011,7034,7044,7005,7015,7025,7030,7039,7049,7020,7030
7090,7113,7130,7136,7099,7124,7135,7093,7103,7113,7120,7129,7140,7107,7117
7184,7205,7226,7230,7193,7217,7227,7187,7196,7208,7212,7222,7232,7199,7212
7275,7293,7316,7318,7283,7308,7316,7277,7286,7297,7304,7312,7320,7290,7301
7367,7386,7392,7411,7375,7400,7410,7370,7379,7389,7396,7405,7416,7382,7393
7461,7479,7501,7507,7469,7495,7504,7464,7472,7486,7491,7499,7508,7475,7481
7547,7565,7572,7591,7555,7580,7589,7550,7559,7570,7576,7584,7597,7562,7573
7634,7655,7674,7679,7642,7668,7678,7637,7645,7657,7664,7672,7684,7649,7661
7723,7741,7747,7767,7731,7757,7767,7725,7734,7745,7752,7760,7771,7737,7749
7809,7827,7849,7852,7816,7840,7849,7811,7820,7831,7837,7845,7853,7823,7834
7895,7918,7936,7939,7903,7930,7939,7897,7906,7917,7924,7934,7943,7909,7921
7988,8005,8010,8015,7996,8022,8033,7991,8000,8009,8016,8025,8038,8003,8012
8080,8095,8121,8123,8087,8114,8122,8082,8090,8099,8109,8117,8125,8094,8105
8167,8183,8190,8196,8175,8186,8193,8170,8179,8182,8182,8189,8197,8182,8193
8260,8277,8301,8307,8268,8294,8303,8263,8271,8280,8290,8298,8307,8274,8287
8351,8367,8376,8394,8359,8383,8392,8354,8363,8373,8380,8387,8399,8366,8377
8439,8457,8463,8481,8446,8471,8480,8441,8450,8461,8467,8475,8485,8453,8464
8530,8549,8555,8574,8538,8563,8573,8532,8541,8553,8559,8568,8577,8544,8556
8619,8638,8658,8663,8628,8651,8662,8622,8631,8641,8647,8656,8667,8634,8644
8705,8725,8745,8748,8713,8739,8747,8707,8716,8728,8734,8743,8750,8720,8731
8792,8813,8832,8837,8800,8825,8835,8795,8803,8815,8821,8830,8840,8806,8818
8881,8899,8918,8924,8888,8911,8923,8883,8892,8902,8907,8917,8928,8895,8907
8964,8984,9003,9008,8972,8997,9007,8966,8975,8987,8992,9001,9013,8978,8992
9048,9071,9089,9093,9057,9082,9091,9051,9060,9071,9078,9087,9095,9063,9075
9137,9154,9178,9181,9145,9170,9179,9140,9149,9157,9165,9174,9184,9152,9160
9221,9238,9246,9265,9229,9255,9264,9224,9233,9243,9251,9259,9268,9236,9248
9310,9327,9332,9354,9317,9345,9354,9312,9320,9331,9338,9348,9357,9324,9335
9402,9420,9444,9449,9411,9436,9446,9406,9415,9424,9431,9441,9450,9418,9428
9490,9508,9514,9533,9498,9523,9532,9493,9502,9512,9519,9527,9535,9505,9516
9576,9594,9601,9619,9584,9610,9618,9578,9587,9599,9606,9614,9622,9591,9603
9665,9686,9692,9710,9674,9700,9709,9668,9678,9690,9696,9704,9713,9681,9693
9754,9773,9793,9797,9763,9787,9796,9757,9766,9778,9783,9791,9802,9770,9780
9837,9856,9875,9880,9845,9869,9879,9839,9849,9860,9865,9873,9883,9853,9862
9917,9937,9959,9963,9926,9951,9962,9920,9929,9940,9945,9957,9966,9933,9942
9999,10019,10039,10043,10007,10032,10042,10001,10011,10021,10027,10037,10046,10014,10024
10082,10100,10123,10128,10090,10114,10124,10084,10093,10102,10110,10120,10129,10096,10106
10163,10179,10200,10204,10170,10193,10203,10165,10173,10184,10190,10198,10208,10177,10187
10242,10259,10264,10283,10249,10274,10282,10244,10253,10262,10270,10278,10286,10256,10267
10326,10344,10350,10371,10335,10359,10370,10329,10338,10348,10355,10365,10374,10341,10351
10414,10431,10455,10458,10421,10447,10456,10416,10424,10436,10442,10450,10461,10428,10442
10497,10513,10537,10541,10505,10528,10538,10500,10508,10517,10524,10533,10543,10512,10521
10578,10594,10601,10620,10586,10610,10619,10580,10589,10599,10606,10614,10623,10593,10602
10661,10680,10704,10706,10670,10695,10704,10664,10673,10684,10691,10699,10709,10676,10688
10751,10768,10793,10796,10759,10784,10793,10753,10762,10774,10780,10788,10799,10766,10777
10835,10850,10876,10879,10843,10865,10877,10837,10846,10855,10862,10870,10882,10850,10858
10918,10933,10958,10962,10925,10950,10959,10920,10928,10937,10946,10954,10963,10932,10941
11001,11017,11026,11045,11008,11034,11044,11003,11011,11023,11030,11039,11048,11014,11027
11081,11099,11107,11124,11088,11115,11123,11083,11091,11105,11111,11118,11126,11094,11108
11157,11173,11197,11201,11164,11188,11198,11158,11168,11177,11184,11193,11202,11171,11181
11229,11243,11269,11274,11237,11246,11271,11232,11240,11249,11258,11266,11274,11243,11254
11299,11314,11338,11342,11307,11318,11340,11302,11310,11322,11329,11335,11343,11313,11325
11371,11385,11412,11416,11378,11388,11414,11373,11381,11394,11401,11408,11417,11384,11398
11444,11458,11484,11490,11452,11461,11487,11447,11455,11466,11474,11482,11491,11458,11470
11520,11534,11560,11565,11527,11538,11547,11522,11531,11534,11534,11543,11550,11534,11546
11595,11609,11634,11640,11603,11613,11637,11597,11606,11616,11623,11632,11641,11610,11620
11669,11684,11696,11712,11676,11703,11711,11671,11679,11693,11700,11707,11715,11682,11697
11742,11758,11782,11785,11750,11774,11784,11745,11753,11766,11771,11780,11789,11756,11771
11817,11834,11857,11861,11825,11847,11858,11819,11828,11839,11844,11852,11864,11832,11844
11890,11907,11928,11932,11898,11921,11931,11893,11902,11913,11918,11926,11935,11907,11918
11961,11980,11999,12005,11970,11994,12004,11964,11973,11985,11990,11998,12010,11980,11987
12035,12055,12073,12078,12043,12067,12077,12037,12046,12056,12062,12071,12082,12050,12059
12115,12133,12155,12160,12123,12147,12157,12117,12126,12138,12144,12152,12161,12129,12141
12197,12214,12220,12239,12205,12229,12238,12200,12209,12218,12225,12233,12243,12213,12221
12282,12298,12322,12329,12289,12300,12324,12284,12292,12296,12296,12301,12329,12296,12304
12346,12385,12391,,12375,12388,,12370,12378,12381,12381,12389,12397,12381,12393
12426,12472,12495,12500,12464,12477,12499,12459,12467,12471,12471,12478,12485,12471,12481
12540,12561,12579,12586,12549,12573,12583,12543,12552,12562,12568,12577,12587,12556,12565
12626,12644,12664,12668,12634,12658,12667,12628,12637,12649,12654,12662,12672,12640,12654
12712,12731,12754,12758,12721,12746,12755,12715,12724,12736,12742,12750,12758,12728,12739
12798,12816,12838,12842,12806,12829,12839,12800,12809,12819,12825,12834,12843,12812,12822
12879,12897,12903,12922,12887,12912,12921,12882,12891,12901,12908,12917,12925,12894,12905
12964,12985,13004,13008,12973,12997,13007,12967,12976,12986,12992,13002,13012,12979,12989
13053,13072,13095,13097,13061,13085,13095,13056,13065,13075,13082,13090,13099,13068,13079
13138,13156,13162,13181,13146,13170,13180,13141,13150,13160,13166,13174,13185,13154,13163
13226,13245,13251,13270,13235,13260,13269,13229,13238,13249,13256,13264,13273,13241,13253
13318,13336,13359,13362,13326,13351,13359,13321,13330,13342,13348,13355,13364,13333,13345
13404,13422,13428,13448,13412,13437,13447,13407,13415,13426,13433,13442,13452,13419,13429
13492,13512,13532,13536,13500,13526,13535,13494,13503,13515,13521,13530,13540,13506,13518
13579,13598,13621,13625,13587,13612,13622,13582,13591,13602,13608,13617,13627,13594,13608
13663,13680,13686,13706,13671,13695,13705,13665,13674,13684,13691,13699,13711,13678,13687
13745,13765,13769,13789,13753,13778,13788,13747,13757,13767,13774,13782,13792,13761,13770
13831,13851,13855,13874,13839,13864,13873,13834,13843,13853,13860,13868,13876,13847,13856
13916,13940,13955,13958,13923,13947,13955,13918,13926,13935,13942,13951,13959,13930,13938
13999,14025,14037,14041,14007,14031,14040,14001,14010,14020,14027,14035,14045,14013,14023
14087,14113,14126,14131,14095,14120,14130,14090,14099,14109,14116,14124,14134,14102,14113
14181,14207,14220,14225,14189,14214,14224,14184,14192,14202,14209,14218,14231,14196,14206
14269,14288,14293,14312,14278,14301,14310,14272,14281,14291,14297,14305,14315,14285,14294
14358,14381,14397,14401,14366,14391,14400,14360,14370,14381,14387,14395,14406,14376,14384
14450,14473,14490,14495,14460,14484,14494,14454,14464,14473,14479,14488,14500,14468,14476
14542,14561,14584,14586,14551,14574,14584,14545,14554,14565,14570,14579,14589,14559,14570
14627,14646,14666,14672,14635,14659,14671,14629,14639,14650,14656,14664,14677,14644,14653
14713,14728,14738,14740,14721,14732,14740,14715,14725,14730,14730,14735,14743,14730,14739
14798,14818,14839,14843,14807,14831,14842,14802,14812,14824,14827,14837,14846,14816,14827
14881,14902,14921,14926,14890,14914,14925,14884,14894,14905,14909,14920,14929,14898,14909
14964,14984,15004,15009,14972,14997,15008,14966,14977,14988,14992,15002,15013,14982,14992
15048,15068,15088,15093,15057,15081,15092,15051,15061,15073,15077,15086,15097,15068,15077
15132,15151,15171,15176,15141,15163,15175,15135,15145,15155,15159,15169,15179,15150,15159
15214,15234,15255,15260,15223,15247,15259,15217,15228,15238,15243,15253,15264,15233,15243
15299,15320,15339,15344,15308,15332,15343,15302,15312,15323,15328,15337,15348,15317,15328
15383,15404,15422,15427,15392,15415,15426,15386,15396,15406,15410,15420,15431,15399,15410
15466,15487,15505,15510,15474,15499,15509,15469,15478,15490,15495,15503,15515,15481,15495
15553,15574,15592,15597,15561,15585,15596,15555,15564,15576,15580,15590,15601,15567,15580
15640,15659,15679,15684,15649,15672,15683,15643,15652,15664,15669,15677,15688,15655,15666
15725,15745,15765,15769,15733,15758,15768,15727,15736,15748,15754,15763,15772,15739,15751
15815,15834,15855,15859,15823,15848,15858,15817,15826,15839,15844,15853,15863,15829,15841
15904,15923,15944,15949,15912,15936,15946,15906,15915,15927,15933,15941,15949,15919,15930
15987,16006,16025,16029,15995,16019,16028,15989,15998,16009,16015,16023,16032,16002,16012
16070,16091,16110,16116,16079,16103,16115,16073,16082,16095,16099,16109,16120,16086,16087
16157,16178,16196,16201,16165,16189,16200,16159,16168,16180,16184,16194,16204,16172,16184
16244,16263,16283,16288,16252,16275,16287,16246,16256,16268,16272,16281,16293,16260,16272
16329,16349,16368,16373,16338,16362,16372,16332,16342,16352,16357,16367,16378,16346,16357
16418,16440,16460,16464,16427,16453,16463,16421,16431,16443,16448,16458,16467,16437,16448
16510,16531,16551,16555,16519,16544,16554,16513,16523,16534,16540,16549,16558,16528,16537
16597,16617,16636,16641,16606,16629,16640,16600,16611,16621,16625,16634,16645,16615,16625
16681,16702,16722,16727,16690,16715,16726,16684,16695,16705,16710,16720,16730,16700,16710
16769,16789,16809,16814,16778,16802,16813,16772,16782,16793,16798,16807,16818,16787,16798
16861,16882,16902,16906,16870,16895,16905,16864,16874,16887,16890,16900,16910,16877,16890
16949,16969,16988,16993,16958,16981,16992,16952,16961,16973,16977,16986,16998,16965,16977
17039,17060,17079,17084,17048,17072,17083,17042,17051,17062,17067,17077,17090,17055,17067
17129,17150,17168,17174,17138,17161,17173,17132,17142,17155,17157,17167,17180,17149,17157
17216,17237,17255,17259,17224,17248,17258,17218,17228,17239,17244,17253,17263,17234,17241
17304,17326,17344,17349,17312,17337,17348,17306,17316,17326,17332,17342,17353,17319,17329
17394,17415,17434,17438,17402,17427,17437,17396,17406,17417,17423,17432,17442,17409,17420
17485,17503,17522,17528,17493,17516,17527,17487,17496,17506,17511,17520,17532,17500,17511
17573,17597,17612,17617,17581,17606,17616,17576,17585,17595,17601,17610,17623,17588,17598
17666,17692,17707,17711,17675,17701,17711,17669,17678,17688,17694,17705,17715,17681,17691
17758,17779,17797,17801,17766,17790,17800,17760,17769,17781,17786,17795,17805,17773,17786
17845,17866,17885,17889,17853,17879,17888,17847,17856,17869,17874,17883,17892,17859,17874
17936,17957,17976,17981,17945,17970,17980,17939,17948,17960,17965,17974,17988,17952,17965
18027,18046,18068,18071,18035,18059,18069,18029,18039,18050,18055,18063,18074,18046,18055
18110,18130,18148,18154,18118,18141,18153,18113,18122,18133,18136,18146,18158,18125,18136
18197,18218,18237,18242,18205,18230,18241,18199,18208,18219,18225,18235,18245,18212,18222
18286,18304,18326,18332,18294,18318,18328,18288,18297,18309,18314,18323,18333,18301,18311
18369,18388,18407,18412,18377,18400,18411,18372,18380,18390,18396,18405,18416,18384,18393
18453,18475,18493,18498,18461,18487,18498,18455,18464,18476,18482,18491,18502,18467,18479
18541,18564,18581,18586,18549,18574,18585,18543,18553,18563,18569,18579,18592,18556,18566
18630,18649,18668,18673,18638,18662,18672,18633,18642,18651,18657,18667,18676,18645,18657
18714,18734,18753,18758,18722,18747,18757,18717,18726,18736,18742,18751,18762,18730,18739
18803,18822,18828,18847,18811,18837,18846,18806,18814,18826,18832,18841,18851,18818,18829
18895,18911,18934,18940,18903,18928,18937,18897,18906,18916,18923,18932,18941,18909,18920
18980,18996,19020,19025,18988,19012,19021,18983,18991,19001,19008,19016,19026,18994,19005
19064,19081,19107,19109,19072,19097,19107,19066,19075,19084,19092,19102,19111,19078,19087
19151,19168,19193,19196,19159,19184,19193,19153,19162,19171,19180,19188,19197,19165,19176
19242,19259,19285,19287,19250,19276,19285,19245,19254,19264,19271,19280,19290,19257,19268
19329,19346,19352,19372,19337,19361,19371,19332,19340,19350,19357,19366,19376,19344,19354
19420,19439,19459,19464,19428,19454,19464,19422,19431,19441,19449,19458,19469,19434,19446
19514,19531,19555,19560,19523,19548,19557,19517,19526,19535,19544,19552,19561,19529,19540
19603,19618,19627,19645,19610,19637,19645,19605,19613,19624,19632,19640,19648,19617,19629
19694,19710,19717,19738,19702,19729,19738,19697,19705,19714,19723,19732,19743,19708,19719
19787,19802,19826,19833,19795,19806,19829,19789,19798,19808,19816,19824,19834,19801,19813
19873,19888,19896,19916,19880,19906,19916,19875,19883,19893,19901,19909,19921,19887,19898
19960,19976,19984,20004,19968,19995,20004,19962,19971,19982,19990,19998,20008,19974,19986
20050,20067,20092,20094,20058,20083,20092,20053,20061,20072,20080,20088,20096,20064,20077
20136,20152,20159,20178,20143,20168,20178,20138,20147,20156,20163,20172,20182,20150,20160
20220,20243,20259,20264,20228,20253,20263,20222,20231,20242,20249,20257,20270,20234,20246
20309,20330,20349,20354,20317,20343,20353,20311,20320,20332,20338,20347,20359,20323,20338
20397,20416,20422,20440,20406,20430,20439,20400,20409,20420,20426,20434,20443,20413,20423
20483,20503,20522,20528,20491,20516,20527,20485,20495,20506,20511,20521,20532,20498,20508
20571,20591,20612,20617,20580,20606,20616,20574,20583,20596,20602,20610,20621,20587,20599
20660,20681,20700,20704,20669,20693,20703,20664,20672,20685,20689,20698,20707,20675,20689
20745,20765,20786,20790,20753,20778,20787,20747,20756,20768,20774,20782,20790,20759,20764
20832,20848,20870,20881,20839,20863,20874,20833,20842,20854,20860,20868,20877,20846,20857
20920,20936,20944,20963,20928,20952,20961,20923,20931,20941,20948,20956,20966,20934,20945
21003,21019,21042,21049,21011,21037,21045,21006,21014,21025,21032,21040,21050,21018,21029
21088,21105,21112,21132,21096,21122,21131,21091,21099,21110,21118,21126,21135,21103,21115
21178,21195,21203,21221,21185,21211,21220,21180,21188,21201,21207,21215,21224,21192,21204
21264,21279,21303,21308,21271,21295,21304,21266,21274,21284,21292,21300,21309,21277,21288
21344,21370,21383,21388,21351,21377,21387,21346,21354,21363,21372,21381,21392,21358,21369
21426,21444,21449,21470,21433,21459,21469,21428,21436,21447,21454,21463,21474,21440,21451
21510,21528,21535,21554,21518,21544,21553,21513,21521,21532,21540,21548,21556,21525,21537
21592,21607,21630,21635,21599,21623,21632,21594,21602,21611,21619,21627,21636,21605,21615
21671,21686,21713,21716,21678,21703,21713,21673,21681,21691,21699,21707,21720,21684,21696
21753,21768,21777,21781,21760,21787,21795,21755,21764,21774,21783,21791,21800,21767,21779
21840,21855,21881,21885,21847,21874,21883,21842,21850,21861,21869,21878,21886,21854,21865
21924,21939,21962,21969,21932,21956,21965,21927,21935,21946,21953,21960,21969,21938,21950
22006,22021,22045,22051,22013,22038,22048,22007,22016,22026,22033,22042,22052,22020,22030
22088,22113,22127,22131,22095,22121,22130,22090,22098,22108,22116,22125,22135,22102,22113
22174,22198,22214,22218,22182,22207,22217,22176,22185,22196,22203,22212,22221,22188,22199
22262,22284,22304,22307,22270,22295,22304,22264,22272,22285,22291,22300,22309,22275,22288
22347,22365,22388,22391,22355,22379,22388,22349,22358,22370,22375,22384,22392,22361,22375
22429,22447,22471,22474,22437,22462,22471,22432,22441,22452,22459,22467,22475,22444,22456
22514,22535,22554,22558,22522,22548,22557,22516,22525,22538,22544,22552,22561,22528,22541
22602,22624,22645,22647,22610,22636,22645,22605,22613,22625,22632,22640,22649,22616,22629
22691,22709,22729,22734,22699,22723,22732,22694,22703,22714,22719,22728,22737,22706,22719
22774,22792,22812,22818,22782,22806,22817,22776,22785,22797,22803,22811,22825,22788,22800
22858,22878,22883,22902,22866,22891,22901,22861,22870,22881,22887,22896,22906,22875,22884
22945,22964,22969,22988,22953,22977,22987,22947,22956,22967,22973,22981,22993,22961,22970
23029,23048,23070,23072,23037,23060,23070,23032,23041,23051,23056,23064,23074,23045,23056
23114,23135,23152,23157,23122,23146,23156,23116,23125,23136,23142,23150,23160,23128,23139
23202,23223,23242,23247,23210,23235,23246,23204,23214,23224,23231,23240,23251,23218,23228
23292,23310,23330,23335,23300,23323,23334,23294,23303,23313,23319,23328,23343,23306,23316
23377,23399,23417,23422,23386,23411,23421,23380,23389,23400,23406,23415,23425,23393,23403
23469,23487,23512,23516,23478,23502,23513,23472,23481,23492,23498,23507,23518,23485,23495
23558,23573,23598,23602,23565,23591,23600,23560,23569,23579,23587,23594,23604,23572,23584
23641,23656,23683,23685,23649,23674,23683,23644,23652,23662,23670,23679,23688,23656,23666
23728,23743,23753,23756,23736,23762,23771,23731,23739,23749,23758,23767,23775,23742,23754
23816,23831,23855,23861,23824,23848,23857,23819,23827,23837,23845,23852,23862,23830,23841
23899,23913,23922,23942,23906,23932,23941,23901,23909,23919,23928,23936,23945,23913,23924
23986,24001,24010,24013,23993,24004,24012,23988,23996,24000,24000,24007,24015,24000,24012
24075,24090,24115,24122,24082,24108,24119,24077,24085,24095,24102,24114,24122,24089,24098
24158,24172,24182,24184,24165,24176,24183,24160,24168,24172,24172,24178,24186,24172,24182
24244,24258,24285,24288,24251,24277,24287,24245,24254,24264,24272,24281,24291,24257,24268
24329,24344,24353,24357,24336,24363,24371,24331,24339,24350,24358,24366,24375,24343,24355
24415,24430,24455,24459,24422,24447,24456,24417,24426,24435,24443,24451,24460,24429,24439
24497,24513,24521,24524,24505,24530,24539,24499,24508,24519,24526,24534,24544,24511,24523
24583,24604,24622,24627,24591,24616,24626,24585,24594,24605,24612,24620,24632,24597,24609
24675,24695,24713,24717,24682,24707,24716,24677,24685,24696,24703,24711,24719,24688,24703
24761,24781,24800,24804,24769,24794,24803,24763,24772,24782,24789,24798,24807,24776,24786
24850,24872,24890,24894,24859,24885,24894,24853,24862,24875,24880,24889,24898,24865,24880
24941,24960,24980,24985,24950,24974,24984,24944,24954,24964,24970,24978,24988,24958,24967
25026,25045,25065,25070,25035,25058,25069,25029,25039,25049,25054,25063,25072,25042,25051
25112,25133,25154,25158,25122,25147,25157,25116,25126,25136,25142,25152,25162,25130,25139
25200,25220,25240,25245,25209,25233,25244,25202,25213,25223,25229,25238,25249,25218,25226
25284,25304,25322,25327,25293,25316,25326,25287,25297,25307,25311,25320,25330,25300,25311
25367,25388,25407,25412,25375,25400,25411,25369,25379,25389,25395,25405,25415,25383,25392
25453,25475,25492,25498,25461,25486,25497,25455,25465,25474,25480,25491,25501,25469,25477
25538,25557,25576,25581,25547,25570,25579,25541,25550,25560,25566,25574,25584,25554,25563
25621,25643,25661,25666,25629,25654,25665,25624,25633,25643,25649,25659,25669,25636,25646
25709,25732,25751,25755,25717,25742,25752,25712,25720,25730,25738,25747,25757,25723,25735
25797,25814,25838,25843,25805,25829,25839,25799,25808,25819,25825,25834,25844,25811,25822
25880,25896,25901,25905,25887,25912,25921,25882,25890,25899,25908,25917,25926,25894,25905
25966,25984,26008,26010,25973,25999,26008,25968,25976,25986,25995,26003,26012,25979,25992
26053,26069,26093,26098,26061,26086,26094,26055,26064,26073,26082,26090,26099,26067,26078
26134,26157,26175,26179,26142,26168,26178,26137,26145,26154,26162,26173,26182,26148,26158
26217,26241,26256,26261,26225,26250,26260,26219,26228,26237,26244,26255,26264,26231,26240
26302,26322,26341,26345,26310,26334,26344,26304,26313,26324,26330,26339,26348,26316,26330
26382,26403,26422,26426,26390,26415,26425,26385,26393,26402,26408,26420,26429,26396,26404
26464,26488,26502,26508,26472,26496,26507,26466,26475,26484,26491,26500,26514,26478,26487
26547,26567,26589,26591,26554,26580,26589,26549,26558,26567,26575,26584,26593,26561,26570
26627,26644,26649,26668,26634,26658,26667,26629,26638,26647,26654,26663,26671,26641,26650
26707,26733,26746,26752,26715,26740,26751,26710,26719,26728,26735,26745,26755,26722,26731
26791,26816,26829,26834,26799,26824,26833,26793,26802,26812,26819,26828,26838,26806,26816
26875,26894,26912,26916,26883,26906,26915,26877,26886,26895,26901,26910,26922,26889,26898
26956,26979,26994,26999,26964,26988,26998,26958,26967,26976,26983,26992,27007,26970,26980
27040,27062,27080,27084,27049,27073,27083,27043,27053,27063,27069,27078,27090,27057,27066
27128,27149,27167,27172,27137,27161,27171,27131,27141,27152,27157,27165,27176,27144,27157
27211,27231,27251,27255,27220,27243,27254,27214,27224,27235,27239,27249,27259,27228,27239
27295,27316,27334,27341,27305,27328,27340,27298,27309,27319,27323,27333,27346,27314,27323
27382,27402,27422,27427,27391,27415,27426,27385,27395,27407,27411,27420,27432,27402,27411
27467,27486,27506,27511,27476,27498,27510,27470,27480,27493,27493,27504,27515,27484,27493
27550,27569,27589,27594,27559,27582,27593,27553,27563,27574,27578,27587,27601,27567,27578
27633,27652,27673,27678,27642,27666,27677,27636,27646,27658,27662,27671,27682,27651,27662
27715,27733,27757,27761,27724,27746,27758,27718,27728,27739,27742,27751,27763,27732,27742
27793,27812,27832,27837,27802,27825,27836,27796,27806,27817,27821,27831,27841,27811,27821
27873,27892,27913,27919,27882,27905,27918,27876,27886,27895,27900,27911,27922,27890,27900
27955,27976,27995,28001,27964,27988,28000,27958,27968,27978,27983,27993,28005,27972,27980
28039,28059,28078,28083,28048,28071,28082,28042,28052,28062,28067,28076,28086,28056,28067
28119,28139,28158,28163,28128,28151,28162,28122,28132,28142,28147,28156,28166,28136,28144
28201,28222,28241,28247,28210,28234,28246,28203,28214,28224,28229,28239,28251,28219,28229
28286,28307,28326,28331,28295,28319,28330,28288,28298,28310,28314,28324,28335,28303,28314
28370,28390,28409,28414,28379,28402,28413,28373,28383,28394,28397,28407,28419,28387,28397
28450,28470,28490,28495,28459,28483,28494,28453,28463,28474,28479,28488,28499,28468,28479
28533,28554,28573,28579,28542,28567,28578,28536,28547,28558,28563,28571,28584,28553,28560
28620,28640,28659,28664,28629,28652,28663,28623,28633,28644,28648,28658,28668,28638,28648
28703,28723,28742,28747,28712,28735,28746,28706,28716,28726,28731,28740,28751,28720,28731
28786,28807,28827,28831,28794,28819,28830,28789,28798,28809,28814,28825,28834,28802,28811
28872,28893,28912,28917,28881,28905,28916,28875,28885,28895,28901,28910,28921,28889,28898
28958,28977,28996,29001,28966,28989,29000,28960,28970,28981,28986,28994,29005,28975,28983
29040,29060,29079,29084,29048,29072,29083,29042,29052,29063,29068,29077,29087,29056,29068
29127,29148,29167,29173,29136,29160,29172,29130,29140,29151,29156,29165,29178,29146,29156
29216,29236,29260,29262,29225,29248,29260,29219,29229,29240,29244,29254,29264,29234,29244
29300,29319,29339,29344,29309,29331,29343,29303,29313,29324,29327,29337,29347,29317,29327
29382,29401,29421,29427,29391,29414,29426,29384,29395,29404,29409,29419,29431,29399,29409
29466,29487,29507,29512,29476,29500,29511,29469,29481,29490,29495,29505,29516,29485,29492
29553,29576,29592,29597,29562,29586,29596,29556,29566,29575,29581,29590,29600,29571,29578
29636,29656,29674,29679,29644,29667,29677,29638,29648,29657,29663,29672,29682,29651,29660
29717,29739,29756,29760,29725,29750,29759,29720,29728,29739,29745,29754,29763,29732,29742
29802,29824,29842,29846,29810,29836,29845,29805,29813,29825,29831,29841,29849,29817,29828
29889,29911,29928,29932,29897,29921,29931,29892,29900,29911,29917,29926,29938,29903,29917
29973,29993,30011,30016,29981,30005,30015,29976,29985,29996,30002,30010,30021,29988,29999
30057,30077,30095,30101,30065,30090,30100,30059,30069,30080,30086,30094,30106,30072,30083
30146,30167,30187,30191,30155,30179,30190,30149,30159,30169,30174,30185,30195,30163,30174
30234,30254,30273,30278,30243,30266,30277,30237,30247,30257,30262,30271,30281,30251,30262
30318,30337,30357,30363,30326,30350,30362,30320,30329,30341,30346,30356,30367,30333,30343
30403,30424,30443,30448,30411,30436,30447,30406,30415,30426,30432,30441,30452,30419,30429
30490,30508,30528,30533,30498,30522,30532,30492,30501,30512,30518,30526,30536,30505,30515
30571,30590,30610,30614,30580,30603,30613,30574,30583,30593,30599,30608,30619,30586,30599
30656,30676,30696,30700,30664,30690,30699,30658,30667,30680,30685,30694,30703,30670,30685
30742,30761,30781,30785,30750,30774,30784,30744,30753,30763,30770,30779,30788,30756,30767
30824,30844,30862,30867,30832,30856,30866,30827,30835,30847,30852,30860,30873,30838,30849
30911,30933,30951,30956,30919,30945,30955,30913,30922,30935,30941,30950,30959,30925,30938
30999,31019,31038,31043,31008,31031,31042,31002,31011,31021,31027,31036,31047,31014,31024
31084,31102,31125,31128,31092,31115,31125,31086,31095,31105,31111,31120,31129,31098,31108
31168,31190,31208,31214,31176,31202,31213,31171,31180,31192,31197,31207,31219,31183,31194
31256,31278,31296,31301,31264,31289,31300,31258,31268,31278,31283,31294,31304,31271,31283
31341,31362,31379,31384,31350,31372,31383,31344,31354,31364,31367,31377,31388,31358,31367
31428,31448,31469,31473,31437,31462,31472,31431,31441,31453,31458,31467,31476,31445,31455
31517,31537,31556,31561,31525,31549,31560,31519,31529,31541,31545,31554,31565,31533,31545
31600,31619,31638,31643,31609,31631,31642,31603,31613,31623,31628,31636,31647,31617,31625
31682,31702,31721,31726,31690,31715,31725,31684,31693,31704,31710,31719,31729,31696,31707
31765,31785,31804,31808,31773,31798,31807,31767,31777,31787,31794,31802,31811,31780,31790
31850,31867,31889,31895,31857,31882,31891,31852,31861,31871,31878,31887,31895,31864,31875
31930,31947,31954,31971,31938,31962,31970,31933,31941,31951,31958,31965,31973,31945,31954
32015,32032,32057,32060,32023,32049,32058,32018,32026,32037,32044,32053,32062,32029,32044
32103,32121,32129,32147,32111,32138,32146,32106,32114,32127,32134,32142,32150,32117,32131
32193,32210,32231,32236,32201,32225,32235,32195,32204,32215,32221,32230,32241,32207,32218
32279,32296,32319,32323,32287,32309,32320,32281,32290,32300,32305,32315,32325,32293,32305
32359,32378,32398,32403,32367,32391,32402,32361,32370,32381,32387,32396,32408,32374,32384
32437,32457,32476,32481,32445,32469,32480,32439,32449,32460,32465,32474,32488,32454,32462
32512,32532,32551,32556,32520,32544,32555,32514,32523,32535,32539,32549,32558,32527,32539
32585,32603,32623,32627,32592,32616,32626,32586,32596,32607,32612,32621,32632,32600,32609
32658,32676,32695,32699,32666,32688,32698,32660,32669,32679,32684,32693,32704,32672,32684
32733,32751,32756,32775,32740,32765,32774,32735,32744,32754,32761,32769,32778,32747,32758
32814,32833,32852,32856,32821,32846,32855,32816,32824,32834,32842,32850,32858,32827,32839
32902,32919,32945,32948,32910,32935,32945,32905,32913,32923,32930,32940,32950,32917,32927
32988,33005,33028,33032,32996,33020,33029,32990,32999,33010,33016,33024,33032,33003,33013
33071,33090,33097,33115,33079,33104,33114,33074,33083,33095,33101,33109,33119,33090,33098
33157,33176,33198,33203,33165,33188,33199,33159,33169,33180,33184,33193,33206,33174,33184
33239,33258,33280,33282,33247,33270,33280,33241,33251,33263,33266,33275,33284,33257,33266
33319,33339,33358,33362,33327,33350,33361,33321,33331,33341,33345,33356,33365,33335,33345
33400,33420,33440,33444,33409,33432,33443,33403,33413,33424,33428,33438,33448,33418,33428
33483,33504,33523,33528,33492,33516,33527,33486,33496,33507,33511,33521,33532,33500,33511
33571,33592,33612,33617,33580,33605,33616,33574,33585,33595,33601,33610,33621,33591,33598
33660,33681,33701,33706,33669,33694,33705,33663,33673,33684,33690,33699,33709,33680,33687
33749,33771,33789,33794,33758,33782,33793,33751,33762,33773,33777,33787,33798,33767,33777
33839,33859,33881,33884,33848,33870,33881,33842,33851,33866,33866,33876,33886,33855,33866
33922,33941,33960,33964,33930,33952,33963,33924,33934,33948,33948,33958,33968,33939,33948
33999,34018,34038,34042,34008,34030,34041,34001,34012,34024,34027,34036,34046,34017,34027
34076,34096,34115,34120,34085,34108,34119,34079,34089,34100,34104,34113,34123,34095,34104
34155,34175,34194,34199,34164,34187,34198,34158,34168,34179,34183,34192,34203,34173,34183
34239,34259,34280,34284,34249,34273,34283,34242,34253,34266,34269,34278,34287,34258,34269
34330,34351,34371,34376,34339,34364,34375,34333,34344,34356,34360,34369,34381,34351,34360
34420,34441,34462,34467,34429,34455,34466,34423,34434,34446,34451,34460,34471,34441,34448
34511,34532,34553,34557,34520,34545,34556,34514,34524,34537,34541,34551,34560,34531,34541
34602,34623,34642,34647,34612,34635,34646,34606,34615,34630,34630,34640,34651,34619,34630
34686,34705,34725,34729,34695,34717,34728,34688,34699,34713,34713,34723,34733,34707,34713
34764,34784,34803,34809,34773,34796,34808,34767,34777,34789,34792,34801,34816,34784,34792
34841,34861,34880,34885,34850,34872,34884,34844,34855,34867,34867,34878,34889,34859,34867
34920,34939,34960,34966,34929,34952,34965,34923,34933,34945,34948,34958,34970,34938,34948
35005,35024,35046,35051,35014,35038,35050,35008,35019,35030,35034,35044,35056,35023,35034
35096,35116,35137,35143,35106,35129,35142,35100,35111,35122,35125,35136,35147,35116,35125
35189,35209,35230,35236,35199,35222,35235,35193,35203,35215,35218,35228,35240,35209,35218
35281,35301,35322,35328,35291,35314,35327,35285,35296,35307,35311,35321,35331,35301,35311
35373,35393,35417,35421,35383,35404,35418,35377,35388,35400,35400,35411,35422,35393,35400
35458,35477,35501,35505,35468,35490,35502,35461,35472,35485,35485,35496,35507,35476,35485
35538,35558,35578,35584,35548,35570,35583,35542,35553,35564,35566,35576,35588,35558,35566
35618,35637,35658,35663,35627,35650,35662,35621,35632,35644,35647,35656,35667,35637,35647
35698,35718,35739,35745,35708,35731,35743,35702,35712,35724,35728,35737,35748,35718,35728
35785,35804,35831,35833,35795,35819,35831,35789,35799,35813,35815,35825,35836,35803,35815
35873,35892,35914,35921,35882,35906,35920,35876,35887,35898,35903,35913,35924,35892,35900
35962,35982,36003,36009,35972,35996,36008,35966,35977,35988,35992,36002,36013,35982,35992
36052,36071,36097,36100,36062,36085,36098,36055,36066,36078,36081,36091,36102,36071,36081
36137,36156,36179,36185,36147,36167,36181,36141,36151,36164,36164,36175,36185,36155,36164
36217,36235,36259,36264,36226,36248,36260,36220,36231,36242,36245,36254,36265,36236,36245
36294,36313,36338,36340,36303,36326,36338,36297,36307,36319,36322,36332,36343,36312,36322
36370,36388,36409,36414,36379,36401,36413,36373,36383,36394,36397,36407,36418,36387,36397
36447,36466,36486,36492,36455,36478,36491,36449,36459,36472,36472,36485,36496,36463,36472
36529,36549,36569,36575,36538,36562,36574,36532,36542,36553,36557,36567,36578,36547,36557
36613,36634,36653,36661,36622,36647,36660,36616,36627,36638,36642,36652,36664,36632,36642
36701,36722,36742,36747,36710,36734,36746,36704,36714,36726,36729,36740,36751,36720,36729
36788,36809,36829,36835,36798,36821,36834,36792,36802,36812,36817,36827,36838,36807,36814
36873,36893,36911,36918,36882,36904,36917,36876,36887,36897,36900,36909,36922,36892,36900
36952,36972,36992,36998,36962,36984,36997,36955,36967,36979,36979,36990,37002,36971,36979
37030,37049,37070,37075,37040,37062,37074,37033,37044,37055,37058,37068,37079,37049,37058
37108,37127,37148,37153,37117,37140,37152,37111,37122,37133,37136,37146,37156,37127,37136
37186,37205,37226,37231,37196,37219,37230,37189,37200,37211,37215,37224,37236,37205,37215
37267,37286,37308,37313,37277,37300,37312,37270,37281,37292,37297,37306,37317,37286,37297
37349,37369,37390,37396,37359,37383,37395,37353,37363,37376,37380,37389,37401,37368,37380
37432,37452,37473,37479,37442,37465,37478,37436,37446,37457,37462,37471,37485,37451,37462
37515,37534,37555,37562,37524,37548,37561,37518,37529,37541,37545,37554,37566,37535,37545
37598,37617,37641,37645,37608,37629,37642,37602,37612,37623,37625,37635,37647,37617,37625
37676,37695,37718,37723,37686,37707,37719,37680,37690,37701,37704,37713,37725,37695,37704
37753,37771,37795,37800,37762,37783,37797,37756,37766,37778,37778,37790,37801,37770,37778
37827,37845,37866,37872,37836,37858,37871,37830,37840,37851,37855,37864,37875,37845,37855
37901,37919,37944,37947,37910,37932,37944,37904,37914,37926,37929,37939,37949,37918,37929
37978,37996,38018,38024,37987,38010,38023,37981,37991,38002,38007,38016,38028,37995,38004
38061,38079,38102,38107,38071,38094,38106,38065,38075,38085,38090,38100,38111,38079,38090
38147,38165,38188,38194,38156,38180,38193,38151,38161,38172,38176,38186,38198,38165,38176
38233,38252,38275,38280,38243,38267,38279,38237,38248,38258,38263,38273,38284,38252,38260
38320,38339,38364,38368,38330,38352,38365,38324,38334,38345,38349,38359,38370,38339,38349
38403,38421,38444,38450,38412,38432,38446,38406,38417,38429,38429,38440,38451,38421,38429
38481,38498,38522,38528,38490,38512,38524,38484,38494,38505,38509,38518,38528,38499,38509
38556,38573,38598,38603,38565,38587,38599,38559,38569,38580,38584,38593,38604,38573,38584
38630,38647,38673,38676,38639,38661,38673,38633,38643,38653,38658,38667,38678,38647,38658
38705,38723,38745,38750,38714,38737,38749,38709,38718,38729,38734,38743,38754,38722,38731
38785,38803,38825,38831,38794,38818,38830,38788,38798,38809,38814,38824,38834,38802,38814
38867,38886,38908,38913,38877,38900,38912,38871,38881,38892,38896,38906,38917,38885,38896
38953,38973,38995,39000,38963,38987,38999,38957,38967,38979,38983,38993,39004,38972,38983
39041,39062,39082,39088,39051,39075,39087,39045,39056,39067,39070,39081,39092,39061,39070
39131,39152,39171,39178,39141,39165,39177,39134,39145,39157,39161,39169,39184,39152,39161
39222,39242,39262,39267,39231,39254,39266,39225,39236,39248,39250,39260,39270,39242,39250
39309,39329,39352,39358,39318,39340,39353,39312,39323,39335,39335,39346,39358,39328,39335
39390,39410,39429,39436,39399,39421,39435,39392,39404,39416,39416,39427,39440,39409,39416
39465,39484,39505,39511,39474,39498,39510,39468,39479,39490,39494,39504,39514,39484,39494
39539,39559,39578,39586,39548,39571,39585,39542,39552,39563,39566,39577,39590,39557,39566
39617,39637,39656,39662,39625,39650,39661,39619,39629,39641,39646,39654,39669,39637,39643
39697,39718,39736,39741,39705,39729,39740,39699,39708,39723,39723,39735,39745,39711,39723
39778,39797,39815,39821,39786,39808,39820,39780,39789,39801,39804,39813,39826,39792,39804
39856,39877,39894,39900,39864,39887,39899,39858,39867,39879,39882,39893,39905,39870,39882
39933,39953,39972,39977,39941,39965,39976,39935,39945,39956,39961,39971,39981,39952,39958
40011,40031,40051,40056,40020,40043,40055,40013,40024,40038,40038,40049,40060,40031,40038
40093,40114,40134,40140,40102,40126,40139,40096,40107,40117,40122,40132,40145,40112,40122
40175,40195,40216,40222,40184,40208,40221,40178,40189,40200,40204,40214,40227,40194,40204
40253,40272,40292,40298,40262,40285,40297,40255,40266,40277,40281,40290,40301,40272,40281
40325,40344,40364,40370,40334,40356,40369,40328,40338,40348,40352,40362,40373,40343,40352
40396,40414,40437,40441,40405,40425,40438,40399,40409,40420,40420,40431,40443,40414,40420
40468,40486,40506,40512,40477,40499,40511,40470,40481,40492,40495,40505,40515,40486,40495
40539,40558,40578,40585,40548,40571,40584,40542,40552,40562,40566,40577,40589,40556,40566
40615,40634,40654,40661,40624,40647,40660,40618,40628,40639,40643,40653,40665,40632,40643
40698,40718,40739,40746,40708,40731,40745,40702,40713,40723,40728,40737,40749,40718,40725
40788,40808,40829,40835,40798,40821,40834,40792,40803,40814,40818,40827,40838,40808,40818
40878,40898,40924,40927,40889,40911,40924,40882,40894,40905,40907,40918,40929,40899,40907
40965,40984,41007,41012,40974,40996,41008,40968,40979,40991,40991,41002,41013,40984,40991
41047,41066,41090,41096,41057,41078,41092,41051,41062,41074,41074,41086,41097,41067,41074
41128,41147,41168,41175,41137,41160,41174,41131,41142,41154,41156,41167,41179,41147,41156
41207,41226,41248,41254,41216,41240,41253,41210,41221,41232,41236,41246,41257,41225,41236
41288,41307,41329,41336,41297,41321,41335,41291,41302,41313,41317,41327,41339,41307,41317
41371,41391,41412,41419,41381,41404,41418,41375,41386,41398,41399,41411,41422,41390,41399
41458,41477,41504,41506,41468,41490,41504,41461,41472,41483,41487,41497,41508,41477,41487
41543,41561,41585,41590,41552,41573,41586,41546,41557,41569,41569,41580,41591,41561,41569
41626,41645,41669,41675,41636,41657,41671,41630,41640,41653,41653,41664,41675,41645,41653
41707,41726,41753,41756,41717,41740,41753,41711,41721,41733,41736,41747,41758,41725,41736
41790,41809,41831,41837,41799,41822,41836,41793,41803,41816,41818,41829,41841,41808,41818
41873,41894,41914,41921,41883,41907,41920,41877,41887,41898,41902,41913,41924,41892,41902
41960,41984,42000,42006,41969,41994,42005,41963,41973,41985,41989,41998,42011,41976,41977
42052,42074,42092,42098,42060,42083,42094,42054,42063,42074,42078,42088,42099,42066,42078
42140,42159,42179,42185,42148,42172,42181,42142,42151,42162,42168,42176,42185,42154,42165
42235,42253,42259,42278,42243,42268,42277,42237,42246,42257,42264,42272,42281,42249,42260
42327,42344,42370,42372,42336,42360,42370,42330,42339,42348,42356,42365,42374,42342,42353
42414,42431,42440,42457,42421,42448,42456,42416,42424,42433,42444,42451,42461,42427,42441
42503,42518,42528,42534,42511,42522,42531,42506,42514,42517,42517,42525,42534,42517,42530
42595,42625,42634,42638,42602,42630,42638,42597,42605,42613,42624,42632,42643,42608,42621
42684,42702,42710,42726,42691,42719,42726,42686,42694,42708,42714,42721,42731,42697,42711
42771,42785,42809,42818,42778,42803,42857,42772,42781,42793,42819,42852,42860,42784,42811
42917,42947,42955,42971,42935,42961,42962,42930,42938,42943,42945,42965,42972,42940,42945
43006,43051,43076,43081,43013,43071,43092,43007,43016,43025,43066,43087,43095,43019,43062
43165,43182,43187,43206,43173,43195,43206,43168,43176,43185,43190,43198,43210,43180,43187
43248,43262,43280,43289,43255,43265,43284,43250,43258,43266,43271,43279,43288,43261,43268
43327,43342,43362,43367,43334,43352,43363,43329,43338,43347,43347,43357,43367,43341,43347
43399,43415,43434,43437,43406,43427,43436,43401,43410,43421,43425,43432,43440,43413,43425
43467,43489,43503,43507,43475,43496,43506,43470,43478,43486,43491,43501,43513,43481,43488
43537,43561,43572,43576,43546,43568,43576,43540,43549,43558,43563,43570,43580,43553,43560
43611,43627,43647,43653,43619,43639,43649,43613,43622,43632,43636,43645,43653,43625,43636
43687,43700,43719,43727,43694,43703,43723,43688,43697,43705,43712,43718,43726,43700,43708
43766,43779,43795,43806,43773,43782,43800,43768,43776,43779,43779,43787,43806,43779,43791
43845,43858,43875,43885,43852,43861,43880,43847,43856,43864,43869,43875,43883,43859,43866
43923,43937,43953,43964,43930,43940,43957,43925,43934,43938,43938,43943,43969,43938,43945
43998,44012,44031,44037,44005,44014,44021,44000,44009,44012,44012,44017,44023,44012,44020
44072,44089,44105,44110,44079,44100,44107,44073,44083,44091,44096,44103,44110,44086,44093
44148,44164,44183,44187,44155,44178,44185,44150,44159,44168,44174,44181,44188,44162,44171
44227,44244,44261,44266,44234,44254,44263,44229,44237,44247,44247,44258,44267,44241,44247
44308,44323,44341,44347,44316,44327,44344,44310,44319,44328,44334,44339,44349,44323,44331
44389,44406,44420,44426,44397,44414,44423,44391,44400,44408,44410,44418,44426,44403,44410
44467,44485,44497,44506,44475,44493,44520,44470,44479,44487,44487,44495,44511,44482,44487
44547,44566,44581,44584,44555,44575,44584,44549,44558,44568,44570,44579,44589,44562,44570
44625,44643,44662,44664,44634,44654,44663,44628,44638,44647,44650,44658,44667,44641,44650
44704,44721,44739,44743,44712,44729,44740,44707,44716,44725,44725,44734,44745,44719,44725
44779,44795,44813,44819,44788,44801,44815,44782,44792,44802,44802,44810,44821,44795,44802
44852,44868,44885,44892,44861,44874,44888,44855,44865,44869,44869,44882,44893,44869,44887
44924,44940,44958,44962,44932,44948,44959,44927,44936,44945,44945,44953,44964,44939,44945
44994,45010,45027,45030,45002,45021,45030,44996,45005,45015,45017,45025,45034,45009,45017
45065,45082,45099,45103,45073,45093,45103,45067,45077,45087,45087,45097,45107,45080,45087
45140,45157,45173,45176,45149,45167,45176,45143,45152,45160,45163,45171,45180,45155,45163
45219,45235,45253,45257,45227,45243,45255,45221,45230,45240,45240,45249,45259,45234,45240
45297,45313,45330,45334,45305,45321,45331,45300,45308,45317,45317,45326,45336,45311,45317
45373,45389,45406,45409,45381,45400,45409,45376,45385,45394,45395,45403,45413,45388,45395
45449,45467,45483,45486,45458,45477,45485,45452,45461,45470,45473,45481,45489,45465,45473
45525,45542,45558,45562,45534,45551,45560,45528,45537,45545,45548,45556,45565,45540,45548
45602,45619,45636,45641,45610,45626,45638,45605,45614,45624,45624,45633,45642,45617,45624
45679,45695,45710,45716,45687,45701,45712,45682,45691,45694,45694,45706,45719,45694,45712
45754,45770,45787,45792,45763,45778,45788,45757,45766,45775,45775,45783,45794,45769,45775
45827,45843,45859,45863,45834,45850,45860,45829,45838,45847,45847,45855,45864,45841,45847
45896,45913,45928,45931,45904,45924,45931,45898,45907,45915,45919,45926,45937,45910,45919
45967,45987,46000,46003,45975,45995,46003,45969,45978,45985,45990,45998,46006,45981,45987
46043,46064,46075,46080,46051,46071,46080,46046,46055,46062,46066,46073,46086,46058,46066
46126,46143,46157,46164,46134,46153,46160,46129,46137,46145,46149,46156,46163,46141,46149
46210,46224,46239,46248,46217,46234,46243,46211,46220,46228,46231,46238,46247,46223,46231
46289,46303,46319,46326,46296,46306,46323,46291,46299,46307,46312,46318,46327,46303,46309
46368,46383,46401,46406,46375,46385,46390,46370,46378,46382,46382,46386,46392,46382,46389
46446,46461,46478,46483,46453,46472,46481,46448,46456,46465,46469,46475,46485,46460,46469
46522,46538,46553,46561,46530,46542,46557,46524,46533,46544,46544,46552,46561,46537,46544
46596,46612,46627,46635,46604,46618,46630,46599,46608,46618,46618,46624,46637,46611,46618
46668,46683,46698,46706,46675,46689,46700,46670,46679,46687,46687,46695,46707,46682,46687
46735,46752,46765,46772,46743,46758,46768,46737,46746,46753,46753,46762,46774,46749,46753
46801,46816,46821,46835,46808,46828,46835,46803,46811,46819,46823,46830,46838,46814,46823
46867,46886,46898,46901,46874,46894,46901,46868,46877,46885,46889,46896,46907,46880,46889
46933,46954,46966,46969,46941,46961,46969,46936,46944,46952,46956,46964,46973,46948,46956
47009,47032,47042,47043,47016,47037,47043,47011,47019,47027,47031,47039,47047,47022,47031
47088,47103,47116,47126,47095,47110,47120,47090,47099,47107,47107,47115,47125,47102,47107
47166,47181,47194,47203,47173,47188,47198,47168,47177,47185,47185,47192,47203,47180,47185
47242,47256,47274,47280,47249,47259,47288,47244,47253,47257,47257,47261,47282,47257,47264
47318,47333,47339,47354,47326,47345,47354,47320,47329,47337,47342,47348,47358,47332,47339
47394,47409,47424,47432,47402,47412,47428,47396,47405,47414,47417,47423,47432,47408,47417
47470,47484,47499,47509,47477,47489,47503,47472,47481,47490,47490,47497,47509,47484,47490
47543,47557,47574,47579,47550,47563,47576,47545,47554,47564,47564,47570,47585,47557,47564
47613,47628,47634,47648,47620,47641,47648,47614,47623,47632,47637,47643,47652,47627,47634
47681,47698,47712,47715,47689,47705,47715,47683,47693,47696,47696,47709,47722,47696,47717
47751,47767,47781,47783,47758,47774,47783,47752,47762,47771,47771,47778,47791,47765,47771
47819,47836,47849,47852,47827,47842,47852,47821,47831,47835,47835,47846,47860,47835,47850
47889,47905,47919,47924,47897,47912,47922,47891,47901,47909,47909,47916,47925,47904,47909
47958,47974,47988,47990,47966,47980,47990,47960,47969,47979,47979,47985,47996,47973,47979
48026,48042,48058,48060,48034,48052,48060,48028,48038,48048,48048,48055,48063,48041,48048
48096,48116,48131,48133,48104,48126,48133,48098,48107,48115,48120,48129,48136,48110,48117
48168,48185,48201,48204,48176,48196,48204,48170,48179,48190,48190,48199,48209,48183,48190
48244,48259,48321,48333,48252,48289,48328,48247,48255,48264,48283,48323,48331,48258,48280
48466,48479,48492,48503,48473,48483,48496,48468,48477,48481,48481,48486,48505,48481,48490
48538,48551,48560,48562,48545,48553,48561,48540,48548,48552,48552,48557,48564,48552,48560
48607,48620,48636,48646,48614,48623,48684,48609,48618,48626,48645,48678,48687,48621,48640
48746,48759,48773,48782,48753,48763,48776,48748,48756,48765,48765,48771,48780,48759,48765
48813,48827,48841,48849,48820,48832,48845,48814,48823,48832,48832,48840,48848,48826,48832
48878,48893,48909,48913,48885,48902,48911,48880,48889,48898,48898,48906,48915,48892,48898
48944,48961,48965,48977,48952,48973,48977,48947,48955,48963,48968,48974,48983,48959,48965
49011,49028,49043,49046,49020,49039,49046,49014,49023,49031,49035,49041,49049,49027,49035
49082,49098,49112,49114,49089,49107,49114,49084,49092,49100,49103,49110,49119,49095,49103
49155,49169,49185,49191,49162,49178,49188,49156,49165,49174,49174,49182,49193,49168,49174
49228,49242,49256,49264,49234,49248,49259,49229,49238,49246,49246,49254,49264,49241,49246
49299,49313,49319,49333,49306,49323,49333,49301,49309,49318,49320,49327,49339,49312,49320
49370,49386,49392,49394,49377,49388,49393,49372,49381,49384,49384,49389,49395,49384,49392
49444,49460,49476,49481,49451,49494,49526,49446,49454,49463,49482,49520,49529,49458,49478
49594,49607,49623,49631,49601,49610,49673,49596,49604,49612,49630,49668,49677,49608,49626
49737,49751,49761,49771,49745,49755,49770,49740,49749,49753,49753,49758,49776,49753,49760
49806,49821,49839,49843,49814,49824,49859,49808,49817,49821,49821,49826,49884,49821,49829
49905,49956,49973,49979,49951,49958,49964,49946,49954,49957,49957,49961,49966,49957,49963
50014,50027,50043,50051,50021,50029,50047,50016,50024,50032,50037,50042,50050,50028,50034
50116,50170,50184,50194,50165,50173,50188,50160,50168,50171,50171,50176,50195,50171,50178
50229,50242,50260,50267,50236,50245,50275,50230,50239,50242,50242,50247,50269,50242,50250
50299,50313,50319,50324,50306,50316,50322,50301,50309,50313,50313,50317,50324,50313,50320
50374,50387,50393,50394,50380,50389,50394,50375,50383,50386,50386,50390,50396,50386,50393
50448,50485,50497,50503,50455,50492,50502,50449,50458,50467,50486,50496,50506,50462,50479
50522,50535,50549,50558,50529,50538,50553,50524,50532,50536,50536,50541,50560,50536,50543
50594,50607,50622,50631,50601,50610,50626,50596,50604,50613,50616,50621,50631,50607,50616
50665,50678,50685,50688,50671,50682,50721,50666,50675,50678,50678,50683,50702,50678,50685
50736,50752,50757,50758,50744,50764,50770,50738,50747,50754,50760,50766,50773,50750,50757
50808,50824,50839,50842,50816,50833,50842,50811,50819,50828,50829,50837,50846,50823,50829
50882,50897,50911,50917,50889,50906,50914,50884,50892,50899,50902,50909,50919,50895,50902
50956,50970,50984,50993,50963,50976,50987,50958,50966,50975,50975,50982,50992,50969,50975
51027,51042,51057,51065,51034,51049,51061,51029,51038,51047,51047,51055,51065,51041,51047
51097,51112,51127,51130,51104,51121,51130,51099,51108,51116,51118,51125,51134,51111,51118
51165,51184,51195,51196,51173,51191,51196,51167,51177,51187,51187,51193,51201,51180,51187
51235,51253,51268,51270,51243,51262,51270,51238,51247,51257,51257,51266,51274,51250,51257
51306,51323,51337,51340,51314,51330,51339,51309,51318,51327,51327,51335,51343,51321,51327
51379,51395,51409,51412,51387,51401,51411,51381,51390,51399,51399,51406,51416,51394,51399
51452,51468,51482,51486,51460,51472,51485,51455,51464,51468,51468,51478,51491,51468,51486
51524,51539,51554,51559,51532,51546,51556,51526,51535,51544,51544,51551,51559,51538,51544
51593,51608,51624,51629,51600,51613,51626,51595,51604,51614,51614,51621,51631,51607,51614
51662,51676,51683,51698,51669,51680,51698,51663,51672,51681,51685,51693,51702,51675,51685
51728,51742,51760,51764,51736,51746,51774,51731,51739,51743,51743,51747,51767,51743,51749
51797,51811,51827,51834,51804,51841,51872,51799,51807,51815,51834,51867,51875,51810,51830
51933,51946,51958,51969,51940,51949,52008,51935,51943,51954,51968,52003,52011,51947,51963
52091,52144,52163,52166,52139,52146,52152,52134,52142,52145,52145,52149,52154,52145,52151
52197,52219,52229,52232,52204,52224,52231,52198,52207,52214,52220,52227,52236,52210,52216
52264,52284,52295,52297,52271,52290,52297,52265,52273,52280,52282,52292,52301,52276,52282
52333,52354,52365,52366,52341,52361,52366,52335,52344,52351,52355,52363,52370,52347,52355
52406,52420,52434,52441,52413,52428,52438,52408,52416,52425,52425,52433,52441,52419,52425
52478,52491,52506,52513,52485,52496,52509,52480,52488,52497,52497,52505,52512,52491,52497
52547,52562,52575,52577,52555,52566,52577,52550,52558,52569,52569,52572,52582,52561,52569
52616,52632,52638,52652,52625,52643,52651,52620,52628,52636,52640,52647,52654,52632,52640
52689,52716,52725,52745,52696,52733,52744,52691,52699,52708,52729,52737,52747,52703,52726
52789,52846,52855,,52841,52847,52864,52837,52844,52848,52848,52853,52870,52848,52856
52881,52917,52932,52941,52912,52920,52936,52907,52915,52918,52918,52923,52941,52918,52925
52998,53050,53069,53075,53044,53054,53071,53039,53048,53051,53051,53057,53077,53051,53060
53102,53116,53125,53136,53109,53120,53135,53104,53113,53122,53125,53131,53139,53116,53125
53166,53182,53188,53199,53174,53190,53199,53169,53178,53188,53188,53195,53203,53181,53188
53232,53247,53261,53264,53240,53255,53263,53235,53243,53252,53252,53259,53267,53246,53252
53299,53314,53328,53331,53307,53318,53330,53301,53311,53314,53314,53325,53334,53314,53330
53367,53381,53416,53419,53374,53407,53417,53369,53378,53393,53402,53412,53421,53381,53398
53461,53479,53505,53516,53471,53492,53509,53465,53475,53492,53492,53504,53512,53479,53492
53556,53587,53591,53605,53579,53599,53605,53574,53582,53590,53595,53601,53608,53585,53592
53664,53729,53738,53741,53724,53731,53740,53719,53727,53731,53731,53735,53742,53731,53738
53769,53802,53815,53826,53798,53806,53821,53794,53801,53805,53805,53809,53825,53805,53812
53844,53876,53888,53894,53872,53880,53893,53867,53875,53879,53879,53884,53898,53879,53893
53912,53946,53959,53972,53942,53950,53965,53938,53945,53949,53949,53954,53971,53949,53956
54031,54084,54095,54104,54079,54087,54098,54074,54082,54086,54086,54091,54104,54086,54093
54208,54223,54279,54291,54216,54275,54285,54211,54219,54227,54244,54280,54288,54222,54241
54343,54358,54372,54375,54351,54364,54374,54346,54354,54362,54362,54369,54379,54357,54362
54408,54422,54437,54440,54415,54429,54439,54410,54418,54428,54428,54435,54442,54422,54428
54472,54488,54495,54510,54480,54502,54509,54474,54483,54492,54498,54505,54512,54487,54495
54538,54554,54558,54572,54545,54565,54572,54540,54548,54556,54560,54567,54576,54552,54560
54605,54619,54624,54629,54612,54621,54626,54607,54615,54618,54618,54622,54628,54618,54625
54697,54757,54769,54783,54822,,,54748,54756,54759,54759,54764,54771,54759,54767
54839,54893,54902,,54889,54897,54912,54885,54892,54896,54896,54900,54913,54896,54903
54933,54960,54971,54988,55024,,,54951,54959,54963,54963,54967,54975,54963,54970
55040,55098,55108,55125,55093,55102,55162,55088,55097,55105,55142,55158,55166,55100,55139
55247,55304,55318,55328,55364,,,55295,55303,55306,55306,55310,55316,55306,55313
55381,55434,55444,55447,55428,55437,55444,55423,55431,55435,55435,55440,55447,55435,55443
55549,55566,55583,55589,55560,55569,55605,55555,55563,55566,55566,55570,55635,55566,55572
55672,55708,55720,55726,55704,55712,55725,55699,55707,55711,55711,55716,55731,55711,55719
55746,55780,55790,55808,55848,,,55771,55779,55782,55782,55786,55794,55782,55789
55888,55927,55937,55954,55923,55930,55939,55919,55926,55930,55930,55934,55941,55930,55937
55973,56004,56016,56035,56000,56007,56020,55995,56003,56006,56006,56011,56024,56006,56014
56067,56080,56101,56136,56075,56084,56105,56071,56078,56086,56089,56095,56107,56081,56089
56187,56219,56227,,56214,56223,56239,56210,56218,56221,56221,56226,56239,56221,56228
56254,56282,56299,56307,56278,56286,56302,56274,56281,56285,56285,56289,56308,56285,56292
56324,56345,56356,56372,56341,56349,56358,56336,56344,56348,56348,56352,56360,56348,56355
56389,56407,56418,56438,56403,56411,56420,56399,56406,56410,56410,56414,56422,56410,56417
56512,56540,56550,56565,56535,56543,56553,56531,56539,56542,56542,56547,56556,56542,56550
56648,56678,56690,56698,56674,56682,56697,56670,56678,56681,56681,56686,56702,56681,56688
56715,56747,56755,,56742,56750,56765,56738,56746,56750,56750,56754,56770,56750,56757
56780,56818,56829,56832,56959,,,56808,56817,56825,56843,56881,56889,56820,56840
57025,57038,57050,57060,57032,57041,57053,57028,57036,57039,57039,57048,57058,57039,57053
57097,57110,57125,57134,57104,57114,57129,57099,57107,57110,57110,57119,57134,57110,57122
57165,57179,57186,57199,57173,57181,57198,57168,57176,57179,57179,57184,57202,57179,57186
57231,57247,57255,57267,57240,57250,57267,57235,57244,57252,57257,57263,57270,57248,57254
57300,57318,57333,57336,57308,57328,57335,57302,57311,57318,57323,57330,57338,57314,57323
57367,57385,57395,57416,57375,57408,57415,57369,57378,57392,57405,57412,57418,57381,57395
57466,57520,57535,57537,57514,57525,57536,57509,57517,57522,57522,57530,57543,57522,57534
57560,57590,57629,57634,57584,57593,57632,57579,57587,57595,57618,57627,57634,57591,57615
57680,57733,57752,57759,57727,57735,57741,57722,57730,57733,57733,57737,57743,57733,57740
57868,57881,57890,57904,57876,57884,57899,57871,57879,57882,57882,57887,57954,57882,57889
57990,58024,58035,58048,58086,,,58014,58022,58026,58026,58031,58048,58026,58035
58102,58158,58168,58183,58154,58161,58170,58149,58157,58160,58160,58164,58171,58160,58167
58288,58369,58378,,58293,58300,58387,58289,58296,58303,58368,58376,58390,58299,58364
58404,58441,58452,58456,58436,58444,58455,58432,58440,58443,58443,58448,58465,58443,58451
58477,58511,58520,58526,58577,,,58501,58509,58513,58513,58517,58525,58513,58521
58601,58656,58672,58680,58650,58658,58665,58645,58653,58656,58656,58661,58667,58656,58663
58717,58730,58739,58741,58724,58733,58776,58720,58727,58731,58731,58735,58758,58731,58737
58792,58806,58815,58818,58801,58809,58817,58796,58804,58808,58808,58812,58819,58808,58815
58870,58956,58965,,58876,58884,58974,58871,58879,58887,58954,58963,58978,58883,58950
58995,59026,59039,59042,59089,59095,59105,59016,59024,59032,59047,59084,59093,59027,59043
59150,59164,59167,59171,59157,59176,59184,59152,59159,59166,59172,59179,59188,59162,59169
59217,59302,59311,59326,59224,59304,59319,59219,59227,59235,59300,59308,59342,59230,59296
59406,59441,59450,59456,59436,59444,59451,59432,59440,59443,59443,59447,59453,59443,59450
59522,59579,59590,59603,59574,59582,59596,59570,59577,59581,59581,59585,59603,59581,59588
59632,59645,59655,59669,59640,59648,59663,59636,59644,59648,59648,59652,59711,59648,59655
59747,59774,59784,59798,59770,59777,59790,59765,59773,59776,59776,59781,59795,59776,59783
59824,59837,59846,59849,59895,,,59827,59835,59839,59839,59843,59850,59839,59846
59910,59963,59980,59986,60021,,,59953,59961,59964,59964,59968,59973,59964,59970
60035,60052,60081,60090,60149,,,60145,60152,,,60081,,60156,
60164,60219,60228,60242,60278,,,60209,60217,60221,60221,60225,60233,60221,60229
60304,60353,60359,60366,60347,60356,60362,60342,60350,60353,60353,60358,60365,60353,60361
60414,60428,60436,60440,60422,60431,60438,60417,60425,60428,60428,60433,60440,60428,60436
60491,60505,60521,60528,60498,60538,60577,60494,60502,60509,60527,60572,60580,60505,60523
60669,60729,60753,60755,60723,60733,60743,60718,60726,60730,60730,60739,60746,60730,60742
60788,60802,60821,60824,60795,60805,60822,60790,60799,60807,60811,60818,60826,60802,60811
60859,60873,60888,60894,60866,60878,60890,60861,60869,60879,60879,60885,60895,60873,60879
60929,60944,60958,60965,60936,60950,60961,60931,60940,60943,60943,60954,60966,60943,60961
60997,61011,61025,61032,61005,61017,61027,60999,61008,61016,61016,61022,61032,61016,61027
61062,61077,61093,61100,61070,61081,61095,61065,61074,61078,61078,61088,61102,61078,61097
61127,61142,61151,61163,61135,61145,61162,61129,61138,61142,61142,61148,61168,61142,61150
61192,61207,61224,61227,61200,61217,61226,61195,61203,61212,61215,61222,61231,61207,61215
61259,61274,61280,61292,61267,61286,61292,61261,61270,61278,61282,61288,61295,61273,61282
61329,61342,61358,61363,61336,61346,61361,61330,61339,61347,61350,61356,61364,61342,61350
61429,61482,61497,61504,61477,61486,61499,61472,61480,61484,61484,61490,61504,61484,61493
61610,61623,61665,61673,61618,61626,61640,61613,61621,61624,61624,61629,61646,61624,61631
61706,61761,61775,61785,61756,61764,61780,61751,61759,61762,61762,61767,61787,61762,61770
61817,61842,61849,61851,61824,61833,61851,61819,61827,61834,61840,61847,61858,61830,61837
61888,61909,61918,61920,61894,61914,61920,61889,61897,61904,61909,61916,61923,61900,61906
61959,61995,62011,62014,61965,62002,62013,61960,61968,61976,61994,62009,62017,61972,61990
62056,62112,62123,62134,62175,62183,62190,62101,62109,62119,62134,62170,62179,62113,62128
62269,62320,62342,62345,62314,62323,62329,62309,62317,62321,62321,62326,62332,62321,62329
62378,62401,62424,62427,62385,62417,62426,62380,62388,62395,62401,62422,62429,62391,62398
62472,62526,62532,,62520,62529,62532,62515,62523,62530,62551,62559,62558,62526,62548
62564,62594,62600,62604,62587,62619,62629,62582,62590,62598,62616,62623,62631,62594,62613
62710,62728,62737,62747,62795,,,62790,62798,,,62734,,62802,
62839,62871,62882,62889,62866,62874,62888,62862,62869,62873,62873,62877,62892,62873,62879
62907,62939,62949,62952,62935,62942,62951,62930,62938,62941,62941,62946,62952,62941,62949
62976,63009,63019,63022,63076,,,63000,63008,63011,63011,63015,63022,63011,63018
63122,63151,63161,63175,63147,63155,63165,63143,63150,63154,63154,63158,63175,63154,63161
63260,63288,63301,63317,63284,63292,63306,63280,63288,63291,63291,63296,63316,63291,63300
63334,63355,63374,63379,63350,63358,63369,63346,63354,63357,63357,63362,63370,63357,63365
63459,63486,63505,63511,63482,63490,63507,63477,63485,63488,63488,63492,63512,63488,63495
63539,63552,63563,63569,63547,63556,63568,63543,63551,63555,63555,63560,63575,63555,63564
63586,63618,63629,63640,63614,63622,63635,63609,63617,63621,63621,63625,63640,63621,63628
63695,63746,63757,63770,63742,63750,63759,63737,63746,63750,63750,63754,63762,63750,63757
63797,63810,63822,63828,63806,63813,63827,63801,63809,63813,63813,63817,63831,63813,63819
63847,63874,63882,63897,63869,63877,63884,63865,63872,63876,63876,63880,63886,63876,63882
63976,64004,64014,64017,64000,64008,64016,63996,64004,64007,64007,64011,64018,64007,64015
64042,64074,64085,64094,64071,64078,64093,64067,64074,64078,64078,64082,64096,64078,64085
64111,64145,64157,64164,64141,64149,64163,64137,64145,64148,64148,64153,64167,64148,64156
64183,64215,64226,64233,64233,,,64207,64215,64219,64219,64223,64238,64219,64226
64252,64282,64294,64316,64300,64318,64319,64275,64282,64286,64286,64291,64306,64286,64294
64360,64413,64424,,64365,64418,64432,64405,64414,64418,64418,64422,64438,64418,64425
64453,64479,64491,64500,64500,,,64472,64480,64484,64484,64488,64495,64484,64491
64517,64545,64557,64564,64564,,,64520,64526,64532,64547,64555,64571,64529,64543
64586,64611,64622,64629,64607,64615,64628,64602,64611,64615,64615,64619,64635,64615,64622
64647,64675,64686,64699,64692,64695,64715,64668,64675,64679,64679,64683,64697,64679,64686
64723,64740,64753,64761,64735,64743,64760,64731,64739,64743,64743,64747,64765,64743,64749
64777,64805,64816,64828,64802,64809,64818,64798,64805,64809,64809,64813,64821,64809,64816
64847,64874,64884,64888,64871,64878,64887,64867,64874,64878,64878,64882,64889,64878,64885
64911,64945,64956,64971,64941,64949,64960,64937,64944,64948,64948,64952,64963,64948,64956
64995,65017,65028,65041,65013,65021,65033,65009,65017,65021,65021,65026,65040,65021,65030
65058,65091,65101,65109,65086,65094,65108,65081,65089,65092,65092,65097,65114,65092,65099
65128,65159,65169,65183,65176,,,65151,65159,65162,65162,65167,65182,65162,65170
65200,65227,65239,65243,65223,65231,65242,65219,65227,65231,65231,65235,65244,65231,65239
65269,65297,65307,65321,65292,65300,65311,65288,65296,65300,65300,65305,65314,65300,65309
65339,65364,65375,65378,65359,65367,65377,65355,65363,65367,65367,65371,65378,65367,65374
65397,65429,65443,65454,65511,,,65420,65428,65432,65432,65437,65454,65432,65442
65530,65555,65567,65574,65551,65559,65573,65547,65554,65558,65558,65563,65580,65558,65566
65590,65615,65625,,65611,65620,65635,65606,65615,65618,65618,65622,65636,65618,65625
65649,65678,65685,65687,65673,65681,65686,65668,65676,65680,65680,65683,65689,65680,65686
65713,65740,65748,65754,65735,65742,65749,65731,65738,65742,65742,65746,65752,65742,65748
65790,65806,65814,65816,65801,65809,65815,65797,65804,65808,65808,65811,65817,65808,65814
65839,65877,65885,65888,65872,65880,65887,65868,65875,65879,65879,65883,65888,65879,65885
65909,65950,65958,65964,65945,65953,65960,65940,65948,65951,65951,65956,65963,65951,65959
65982,66021,66030,66033,66016,66025,66032,66012,66020,66024,66024,66028,66035,66024,66031
66058,66097,66117,66125,66092,66100,66108,66088,66095,66099,66099,66103,66109,66099,66105
66195,66250,66269,66303,66321,,,66242,66250,66253,66253,66257,66264,66253,66260
66385,66422,66456,66467,66462,,,66387,66394,66402,66424,66432,66438,66398,66421
66493,66535,66548,66583,66620,66619,66619,66611,66623,,,66544,,66625,
66687,66735,66744,66756,66730,66739,66755,66726,66734,66738,66738,66742,66762,66738,66745
66779,66801,66813,66826,66796,66806,66817,66792,66800,66804,66804,66809,66825,66804,66813
66896,66929,66937,66944,66924,66932,66939,66919,66927,66931,66931,66935,66943,66931,66938
66979,66995,67005,67007,67057,67062,67080,66984,66993,67001,67027,67052,67061,66997,67016
67109,67131,67147,67151,67125,67134,67137,67120,67128,67131,67131,67135,67139,67131,67137
67167,67197,67205,,67192,67200,67215,67188,67195,67199,67199,67203,67215,67199,67205
67229,67263,67287,67291,67258,67267,67288,67253,67261,67265,67265,67271,67292,67265,67274
67315,67337,67349,67354,67325,67343,67353,67320,67329,67335,67339,67347,67363,67331,67339
67384,67399,67413,67421,67392,67407,67416,67387,67395,67402,67405,67412,67419,67398,67405
67496,67528,67539,67553,67525,67532,67542,67520,67528,67532,67532,67536,67543,67532,67539
67630,67657,67669,67683,67716,,,67649,67657,67660,67660,67665,67679,67660,67668
67731,67786,67796,,67782,67789,67807,67779,67786,67790,67790,67794,67801,67790,67797
67823,67857,67868,67872,67853,67860,67868,67849,67856,67860,67860,67864,67870,67860,67867
67891,67932,67945,67953,68003,,,67924,67932,67936,67936,67940,67953,67936,67944
68018,68081,68091,68094,68076,68085,68093,68072,68079,68083,68083,68087,68095,68083,68090
68162,68241,68262,,68220,68229,68268,68232,68240,68244,68252,68262,68270,68242,68249
68277,68325,68344,68365,68284,68356,68365,68278,68285,68291,68299,68360,68368,68288,68294
68446,68463,68472,68481,68628,,,68445,68461,68469,68502,68510,68518,68465,68499
68683,68702,68732,68754,68762,68798,68807,68690,68698,68704,68710,68758,68766,68701,68707
68911,68941,68950,68957,69015,,,68949,68956,,,68949,,68959,
69033,69081,69092,69105,69077,69084,69098,69072,69080,69083,69083,69088,69105,69083,69090
69182,69207,69218,69224,69203,69211,69219,69198,69206,69210,69210,69214,69221,69210,69217
69255,69276,69295,69303,69271,69278,69286,69267,69274,69277,69277,69282,69288,69277,69284
69334,69348,69361,69374,69343,69352,69361,69339,69347,69351,69351,69355,69362,69351,69358
69390,69421,69433,69447,69488,,,69412,69420,69424,69424,69428,69444,69424,69431
69530,69562,69577,69586,69557,69566,69581,69552,69560,69564,69564,69569,69586,69564,69571
69619,69655,69683,69695,69625,69634,69689,69620,69628,69643,69653,69684,69692,69631,69648
69740,69759,69766,69778,69751,69770,69778,69746,69755,69764,69768,69774,69782,69759,69768
69806,69822,69836,69838,69813,69830,69837,69808,69816,69823,69826,69833,69841,69819,69826
69865,69887,69928,69939,69873,69922,69932,69868,69876,69884,69888,69928,69936,69879,69885
70016,70072,70086,70090,70067,70076,70089,70063,70071,70074,70074,70079,70094,70074,70081
70111,70142,70153,70168,70204,70205,70224,70199,70207,,,70149,,70211,
70257,70275,70287,70309,70271,70279,70289,70266,70274,70278,70278,70282,70290,70278,70286
70454,70487,70496,70510,70482,70490,70502,70478,70485,70489,70489,70493,70510,70489,70496
70591,70626,70638,70648,70688,70694,70704,70684,70691,,,70684,,70695,
70751,70764,70771,70774,70758,70766,70785,70752,70761,70769,70775,70781,70787,70764,70771
70822,70837,70897,70910,70830,70876,70885,70825,70833,70841,70857,70880,70889,70836,70854
70946,70985,70991,71006,70978,70986,70999,70973,70981,70984,70984,70989,71014,70984,70990
71033,71077,71116,71125,71050,71088,71098,71044,71053,71060,71078,71093,71103,71056,71074
71167,71219,71235,,71192,71225,71239,71186,71195,71204,71221,71233,71244,71198,71216
71258,71271,71291,71293,71265,71275,71292,71259,71268,71276,71280,71286,71298,71271,71280
71331,71345,71361,71369,71338,71347,71364,71334,71342,71350,71354,71360,71368,71345,71354
71405,71418,71435,71440,71412,71422,71437,71407,71416,71425,71427,71432,71441,71419,71427
71476,71491,71504,71512,71484,71496,71507,71479,71488,71496,71496,71502,71511,71491,71496
71545,71559,71571,71577,71553,71563,71576,71547,71556,71560,71560,71566,71581,71560,71569
71614,71629,71644,71649,71622,71633,71648,71616,71626,71629,71629,71638,71654,71629,71648
71683,71698,71752,71766,71690,71725,71759,71685,71693,71709,71720,71754,71762,71697,71714
71822,71835,71851,71857,71828,71839,71853,71823,71832,71842,71842,71848,71857,71835,71842
71890,71904,71919,71925,71897,71908,71921,71892,71901,71905,71905,71914,71926,71905,71921
71957,71972,71990,71993,71965,71981,71991,71959,71968,71977,71979,71986,71995,71972,71979
72025,72040,72046,72060,72033,72053,72060,72028,72036,72044,72048,72055,72064,72039,72048
72094,72109,72115,72127,72101,72120,72127,72096,72105,72112,72116,72122,72129,72108,72116
72162,72177,72193,72196,72170,72187,72196,72165,72173,72183,72183,72191,72199,72177,72183
72233,72248,72261,72265,72241,72252,72264,72235,72244,72248,72248,72257,72270,72248,72265
72301,72318,72330,72333,72309,72322,72332,72303,72313,72321,72321,72327,72337,72321,72332
72370,72386,72392,72405,72378,72399,72405,72373,72382,72389,72395,72401,72408,72385,72392
72438,72454,72472,72475,72447,72464,72472,72441,72450,72457,72461,72468,72476,72453,72461
72509,72523,72538,72542,72516,72530,72539,72511,72519,72528,72528,72535,72543,72522,72528
72578,72592,72607,72611,72585,72595,72654,72580,72588,72596,72612,72649,72658,72592,72608
72713,72726,72743,72747,72720,72731,72744,72715,72724,72733,72733,72739,72749,72727,72733
72778,72792,72799,72811,72785,72795,72811,72780,72788,72796,72801,72806,72815,72791,72798
72843,72857,72862,72874,72850,72867,72874,72845,72853,72860,72863,72870,72877,72856,72863
72911,72925,72939,72942,72918,72928,72941,72913,72921,72925,72925,72935,72944,72925,72940
72981,72994,73008,73017,72988,72998,73082,73055,73063,,,73055,,73066,
73148,73206,73224,73231,73201,73210,73226,73196,73204,73208,73208,73213,73234,73208,73214
73257,73278,73295,73301,73343,,,73339,73347,,,73284,,73350,
73364,73420,73431,73443,73414,73423,73436,73409,73418,73421,73421,73427,73442,73421,73437
73478,73492,73504,73515,73485,73543,73576,73548,73557,,,73548,,73561,
73611,73625,73641,73646,73618,73634,73644,73612,73621,73631,73632,73639,73647,73625,73632
73676,73692,73707,73710,73683,73701,73710,73677,73686,73696,73696,73705,73714,73689,73696
73740,73756,73772,73774,73748,73763,73772,73743,73752,73759,73759,73767,73777,73755,73759
73806,73821,73838,73840,73814,73829,73838,73809,73817,73825,73827,73834,73841,73820,73827
73873,73887,73900,73906,73880,73892,73903,73875,73883,73893,73893,73899,73907,73887,73893
73940,73954,73960,73960,73947,73956,73960,73942,73950,73953,73953,73957,73962,73953,73960
74008,74029,74038,74039,74015,74033,74039,74010,74018,74024,74028,74035,74044,74021,74028
74080,74095,74100,74115,74087,74106,74114,74081,74090,74097,74103,74110,74118,74093,74100
74155,74175,74188,74190,74162,74220,74238,74157,74165,74172,74177,74233,74241,74168,74174
74297,74319,74334,74341,74314,74322,74337,74309,74317,74320,74320,74325,74342,74320,74328
74380,74393,74406,74419,74388,74396,74459,74383,74391,74400,74417,74454,74462,74395,74412
74509,74532,74551,74540,74527,74537,74540,74523,74530,74534,74534,74538,74542,74534,74540
74569,74597,74611,74622,74654,74658,74678,74588,74596,74605,74605,74611,74659,74599,74605
74707,74720,74734,74743,74714,74724,74737,74710,74718,74727,74727,74733,74741,74721,74727
74766,74779,74792,74801,74773,74783,74795,74768,74776,74786,74786,74790,74799,74780,74786
74824,74837,74851,74858,74831,74841,74853,74826,74834,74837,74837,74848,74857,74837,74853
74880,74894,74907,74913,74887,74899,74909,74882,74890,74896,74896,74904,74918,74894,74896
74935,74951,74965,74967,74942,74957,74966,74937,74946,74955,74955,74962,74970,74949,74955
74991,75009,75023,75025,74999,75017,75025,74993,75003,75010,75010,75020,75029,75006,75010
75055,75075,75086,75088,75064,75081,75088,75058,75067,75073,75075,75083,75090,75069,75075
75141,75160,75172,75174,75150,75167,75174,75144,75154,75157,75157,75170,75177,75157,75173
75219,75238,75250,75252,75228,75244,75251,75222,75231,75238,75240,75247,75255,75233,75240
75297,75315,75329,75331,75304,75322,75330,75299,75307,75314,75318,75325,75333,75310,75318
75375,75397,75406,75408,75382,75401,75408,75377,75384,75391,75397,75404,75412,75387,75394
75458,75482,75492,75496,75465,75487,75494,75460,75468,75476,75482,75490,75497,75472,75479
75551,75575,75584,75590,75558,75579,75587,75552,75561,75568,75575,75582,75589,75564,75571
75643,75684,75695,75698,75650,75691,75697,75645,75653,75661,75686,75694,75699,75657,75683
75731,75745,75758,75768,75737,75749,75764,75732,75740,75750,75750,75757,75768,75744,75750
75811,75826,75840,75848,75819,75833,75844,75814,75822,75831,75831,75838,75849,75825,75831
75889,75902,75915,75925,75895,75906,75919,75890,75898,75902,75902,75912,75925,75902,75920
75958,75971,75987,75993,75964,75976,75989,75959,75968,75977,75977,75983,75994,75971,75977
76023,76037,76054,76057,76030,76042,76055,76024,76034,76038,76038,76048,76059,76038,76055
76086,76102,76117,76119,76094,76109,76118,76088,76097,76106,76106,76114,76123,76101,76106
76148,76164,76180,76182,76156,76169,76181,76151,76160,76163,76163,76176,76186,76163,76183
76213,76228,76245,76248,76221,76234,76245,76215,76224,76234,76234,76241,76249,76227,76234
76282,76298,76314,76317,76290,76306,76315,76285,76293,76302,76302,76310,76318,76296,76302
76353,76368,76374,76388,76361,76377,76388,76355,76364,76373,76374,76381,76393,76367,76374
76423,76438,76444,76455,76430,76442,76454,76425,76434,76443,76443,76450,76459,76437,76443
76494,76508,76515,76527,76501,76512,76527,76496,76504,76513,76517,76523,76531,76507,76517
76564,76578,76585,76598,76571,76581,76598,76566,76574,76582,76586,76592,76603,76577,76586
76631,76646,76660,76664,76638,76651,76663,76633,76642,76651,76651,76657,76672,76645,76651
76697,76712,76727,76731,76704,76721,76729,76699,76707,76716,76716,76724,76732,76710,76716
76760,76775,76793,76795,76768,76781,76793,76762,76771,76780,76780,76787,76798,76774,76780
76823,76839,76856,76858,76831,76846,76856,76826,76835,76844,76844,76851,76862,76838,76844
76889,76905,76920,76924,76897,76909,76921,76892,76901,76906,76906,76914,76926,76906,76921
76959,76974,76989,76994,76967,76980,76992,76961,76970,76973,76973,76986,76995,76973,76991
77033,77048,77063,77066,77040,77057,77065,77034,77043,77052,77052,77060,77068,77046,77052
77107,77121,77138,77141,77114,77129,77140,77108,77117,77125,77125,77133,77146,77120,77125
77181,77195,77209,77215,77188,77200,77211,77183,77191,77194,77194,77205,77219,77194,77208
77253,77268,77283,77287,77261,77273,77284,77255,77264,77273,77273,77280,77288,77267,77273
77324,77341,77352,77358,77331,77345,77354,77326,77334,77340,77340,77349,77357,77337,77340
77392,77408,77422,77428,77399,77414,77425,77394,77403,77411,77411,77419,77429,77411,77425
77457,77472,77486,77492,77464,77478,77488,77458,77468,77475,77475,77483,77493,77471,77475
77519,77536,77549,77551,77527,77541,77550,77521,77530,77536,77536,77545,77555,77533,77536
77581,77598,77611,77614,77589,77604,77613,77584,77593,77601,77601,77608,77617,77597,77601
77646,77664,77677,77680,77655,77670,77679,77649,77658,77665,77665,77674,77683,77661,77665
77722,77740,77753,77757,77730,77747,77756,77725,77734,77742,77742,77751,77760,77737,77742
77805,77824,77837,77840,77813,77831,77839,77808,77817,77825,77825,77835,77842,77820,77825
77887,77907,77920,77923,77896,77915,77923,77891,77900,77908,77909,77918,77926,77903,77909
77972,77990,78004,78006,77981,77999,78006,77975,77984,77994,77994,78002,78010,77987,77994
78056,78073,78087,78089,78064,78081,78089,78058,78067,78076,78076,78084,78094,78070,78076
78137,78154,78165,78172,78144,78159,78168,78138,78148,78154,78154,78162,78178,78151,78154
78211,78228,78242,78245,78218,78234,78243,78213,78222,78230,78230,78238,78248,78225,78230
78281,78299,78313,78316,78289,78305,78316,78284,78293,78302,78302,78310,78320,78296,78302
78351,78369,78382,78385,78359,78376,78385,78353,78363,78372,78372,78380,78389,78366,78372
78422,78439,78452,78455,78429,78447,78455,78424,78433,78441,78441,78450,78458,78436,78441
78495,78511,78525,78527,78503,78520,78527,78497,78506,78515,78516,78523,78531,78509,78516
78569,78585,78601,78604,78577,78596,78604,78571,78580,78588,78592,78599,78609,78583,78592
78644,78659,78674,78679,78651,78668,78677,78646,78654,78662,78666,78672,78681,78658,78666
78719,78733,78750,78752,78726,78736,78751,78721,78729,78737,78742,78747,78756,78732,78739
78793,78807,78821,78830,78800,78813,78825,78794,78803,78812,78812,78819,78830,78806,78812
78866,78881,78895,78902,78874,78887,78898,78868,78877,78886,78886,78893,78902,78880,78886
78937,78952,78967,78973,78945,78958,78969,78939,78948,78957,78957,78964,78973,78952,78957
79007,79022,79036,79039,79014,79029,79039,79008,79017,79027,79027,79033,79047,79021,79027
79074,79091,79104,79109,79082,79098,79109,79077,79086,79095,79095,79101,79114,79089,79095
79145,79161,79177,79180,79153,79170,79180,79147,79156,79166,79166,79174,79184,79159,79166
79220,79237,79251,79253,79228,79247,79253,79223,79232,79240,79243,79249,79255,79235,79243
79300,79318,79332,79336,79307,79326,79334,79302,79310,79318,79322,79329,79339,79313,79322
79381,79395,79401,79405,79388,79397,79434,79383,79391,79394,79394,79399,79420,79394,79401
79460,79473,79485,79495,79467,79476,79489,79462,79470,79474,79474,79479,79494,79474,79481
79565,79626,79640,79651,79692,,,79687,79695,,,79633,,79698,
79711,79764,79781,79789,79825,79825,79839,79754,79762,79766,79766,79770,79829,79766,79772
79887,79902,79916,79918,79894,79910,79918,79888,79896,79905,79905,79913,79921,79899,79905
79956,79975,79991,79992,79963,79981,80001,79958,79966,79974,79974,79983,79997,79969,79974
80031,80051,80062,80065,80039,80059,80065,80033,80042,80050,80051,80060,80068,80045,80051
80112,80130,80144,80147,80120,80139,80147,80115,80123,80131,80133,80141,80152,80127,80133
80194,80210,80225,80228,80202,80220,80228,80196,80205,80214,80215,80223,80232,80208,80215
80275,80291,80306,80310,80283,80298,80309,80277,80286,80295,80295,80304,80314,80289,80295
80354,80370,80385,80390,80362,80376,80386,80356,80365,80371,80371,80380,80392,80368,80371
80427,80444,80458,80462,80434,80449,80459,80429,80438,80444,80444,80454,80463,80441,80444
80495,80512,80526,80529,80503,80520,80529,80497,80507,80516,80516,80524,80532,80510,80516
80562,80579,80594,80597,80571,80587,80596,80565,80575,80584,80584,80592,80601,80578,80584
80630,80648,80662,80665,80639,80655,80664,80633,80642,80650,80650,80659,80670,80645,80650
80700,80717,80731,80735,80708,80726,80735,80703,80712,80721,80721,80729,80740,80715,80721
80771,80789,80803,80806,80780,80797,80806,80774,80783,80792,80792,80801,80810,80786,80792
80845,80863,80877,80880,80854,80871,80879,80849,80858,80866,80866,80875,80883,80861,80866
80921,80937,80952,80956,80929,80943,80953,80923,80932,80941,80941,80948,80957,80936,80941
80994,81010,81023,81027,81002,81015,81026,80997,81006,81010,81010,81020,81030,81010,81024
81064,81081,81095,81098,81072,81087,81097,81067,81076,81085,81085,81093,81100,81079,81085
81133,81149,81164,81166,81140,81154,81164,81135,81144,81151,81151,81158,81169,81147,81151
81223,81273,81288,81297,81332,,,81263,81272,81275,81275,81281,81297,81275,81283
81376,81401,81415,81428,81396,81405,81421,81392,81400,81404,81404,81409,81427,81404,81411
81504,81532,81545,81551,81527,81536,81550,81523,81531,81534,81534,81542,81555,81534,81549
81568,81596,81610,81615,81615,,,81588,81595,81599,81599,81609,81620,81599,81614
81632,81658,81671,81683,81775,,,81650,81658,81666,81681,81710,81718,81661,81677
81796,81843,81851,81866,81838,81846,81883,81833,81841,81844,81844,81848,81910,81844,81850
81972,81985,81994,81998,81980,81988,81995,81976,81983,81987,81987,81991,81997,81987,81993
82071,82129,82142,82148,82124,82132,82147,82119,82127,82136,82138,82141,82152,82130,82138
82171,82200,82215,82223,82332,,,82327,82335,,,82258,,82338,
82397,82429,82463,82496,82404,82434,82469,82412,82418,82422,82429,82463,82472,82420,82426
82525,82557,82576,,82537,82558,,82548,82554,82557,82557,82559,82566,82557,82562
82588,82633,82656,82664,82596,82651,82660,82590,82599,82607,82627,82655,82663,82603,82621
82720,82733,82769,82774,82727,82740,82773,82722,82730,82746,82757,82765,82774,82733,82751
82805,82823,82851,82858,82813,82829,82855,82808,82816,82817,82824,82850,82858,82816,82821
82898,82930,82939,82949,82923,82934,82948,82917,82927,82932,82932,82937,82953,82932,82940
82985,82999,83010,83018,82993,83003,83017,82987,82996,83000,83000,83008,83022,83000,83018
83054,83068,83078,83090,83062,83072,83089,83057,83065,83069,83069,83076,83094,83069,83079
83123,83138,83152,83160,83131,83169,83201,83126,83135,83150,83160,83196,83204,83138,83154
83258,83275,83290,83293,83269,83279,83292,83264,83273,83283,83283,83287,83296,83276,83283
83328,83341,83352,83354,83335,83345,83353,83329,83338,83342,83342,83348,83355,83342,83351
83391,83406,83415,83416,83400,83409,83415,83395,83404,83407,83407,83411,83417,83407,83414
83444,83473,83489,83492,83466,83480,83489,83461,83470,83476,83476,83484,83494,83472,83476
83525,83539,83545,83558,83533,83542,83550,83528,83536,83539,83539,83543,83562,83539,83545
83574,83607,83622,83627,83602,83611,83624,83597,83605,83614,83614,83620,83627,83608,83614
83657,83677,83691,83700,83672,83681,83694,83667,83675,83684,83684,83689,83699,83678,83684
83714,83745,83758,83762,83739,83750,83761,83734,83742,83752,83752,83756,83764,83746,83752
83800,83815,83831,83835,83807,83824,83833,83802,83810,83818,83818,83828,83837,83813,83818
83867,83882,83897,83902,83875,83888,83899,83870,83878,83887,83887,83894,83903,83881,83887
83935,83950,83959,83968,83943,83953,83967,83938,83947,83951,83951,83956,83973,83951,83958
84002,84018,84031,84040,84080,,,84075,84085,,,84030,,84091,
84103,84121,84141,84154,84112,84126,84147,84105,84120,84130,84133,84142,84152,84124,84133
84205,84223,84241,84243,84216,84229,84241,84211,84220,84229,84229,84236,84244,84223,84229
84268,84291,84312,84317,84285,84294,84332,84280,84288,84297,84319,84327,84334,84292,84315
84378,84401,84421,84430,84426,84433,84434,84387,84403,84410,84412,84421,84430,84406,84412
84465,84503,84513,84530,84472,84507,84517,84511,84520,,,84511,,84521,
84588,84604,84614,84617,84596,84640,84648,84587,84601,84611,84630,84644,84651,84606,84626
84690,84703,84717,84719,84697,84712,84719,84692,84700,84708,84708,84715,84723,84703,84708
84760,84796,84808,84830,84871,,,84805,84818,,,84805,,84820,
84885,84906,84948,84952,84889,84917,84950,84898,84904,84922,84930,84946,84954,84906,84927
84993,85049,85079,85091,85109,85116,85123,85039,85049,85055,85058,85069,85113,85051,85058
85183,85206,85214,85214,85187,85211,85214,85197,85205,85208,85208,85212,85216,85208,85214
85247,85298,85342,85356,85266,85325,85347,85262,85270,85278,85319,85332,85352,85273,85315
85394,85434,85444,85450,85429,85438,85449,85425,85433,85436,85436,85442,85451,85436,85448
85471,85517,85526,85532,85590,,,85472,85485,85496,85515,85540,85548,85492,85511
85605,85624,85660,85672,85666,85674,85681,85616,85624,85640,85653,85661,85670,85627,85643
85733,85761,85769,85770,85739,85766,85770,85734,85742,85751,85760,85767,85772,85745,85755
85808,85836,85846,85848,85815,85842,85848,85810,85818,85827,85836,85844,85851,85822,85831
85885,85913,85922,85925,85892,85918,85925,85887,85895,85902,85912,85920,85930,85898,85906
85962,85988,85998,86001,85968,85994,86001,85963,85972,85981,85988,85996,86005,85975,85985
86035,86062,86071,86074,86042,86068,86074,86036,86045,86054,86062,86069,86076,86048,86059
86109,86134,86144,86146,86116,86140,86146,86110,86118,86125,86133,86142,86150,86121,86130
86185,86211,86225,86227,86193,86218,86227,86187,86196,86205,86211,86223,86230,86199,86208
86264,86290,86300,86303,86272,86295,86302,86266,86275,86285,86291,86298,86305,86278,86288
86342,86366,86378,86388,86350,86373,86387,86344,86353,86362,86368,86377,86391,86357,86365
86419,86445,86456,86459,86427,86451,86458,86421,86431,86439,86445,86454,86462,86434,86442
86499,86525,86538,86544,86508,86531,86543,86502,86512,86520,86526,86536,86548,86516,86523
86584,86610,86621,86627,86592,86617,86627,86586,86596,86605,86611,86619,86631,86600,86608
86673,86700,86711,86714,86683,86707,86714,86676,86687,86696,86701,86709,86719,86691,86698
86766,86793,86804,86808,86775,86800,86808,86769,86779,86788,86794,86802,86813,86783,86791
86861,86884,86899,86903,86870,86893,86902,86864,86874,86883,86888,86897,86907,86878,86885
86946,86968,86984,86987,86956,86977,86986,86949,86960,86968,86972,86982,86991,86963,86972
87024,87048,87062,87067,87034,87056,87066,87028,87038,87046,87051,87061,87069,87041,87051
87103,87127,87141,87145,87111,87135,87144,87105,87115,87122,87128,87139,87148,87118,87125
87182,87209,87221,87225,87191,87215,87224,87185,87194,87202,87209,87219,87228,87198,87206
87271,87298,87308,87311,87279,87303,87311,87273,87282,87289,87296,87306,87315,87285,87292
87357,87384,87393,87399,87365,87389,87396,87360,87368,87376,87384,87392,87399,87372,87380
87441,87455,87462,87468,87448,87488,87532,87443,87452,87460,87483,87527,87535,87455,87479
87616,87630,87637,87643,87624,87632,87639,87619,87627,87630,87630,87635,87644,87630,87638
87711,87724,87731,87739,87718,87727,87734,87714,87721,87725,87725,87729,87738,87725,87732
87794,87818,87825,87831,87811,87820,87827,87806,87814,87818,87818,87823,87831,87818,87827
87889,87917,87929,87931,87896,87925,87931,87891,87899,87906,87917,87927,87934,87902,87909
87974,88001,88012,88015,87982,88006,88014,87977,87985,87994,88002,88010,88017,87988,87999
88067,88095,88107,88110,88075,88101,88109,88069,88077,88084,88097,88105,88113,88080,88086
88168,88195,88207,88210,88176,88201,88209,88171,88179,88188,88197,88205,88212,88182,88194
88261,88289,88301,88305,88269,88296,88305,88264,88273,88283,88290,88299,88309,88280,88287
88356,88384,88396,88399,88366,88391,88399,88359,88369,88379,88385,88394,88403,88374,88382
88451,88478,88492,88496,88461,88486,88495,88455,88465,88474,88481,88490,88500,88469,88477
88547,88572,88586,88589,88556,88580,88588,88550,88559,88569,88575,88584,88592,88563,88572
88641,88668,88682,88687,88652,88677,88686,88646,88656,88665,88671,88681,88690,88659,88671
88738,88765,88778,88782,88748,88772,88781,88742,88752,88761,88767,88776,88785,88756,88764
88832,88857,88870,88874,88841,88864,88873,88835,88844,88853,88859,88868,88877,88848,88856
88921,88943,88958,88962,88930,88952,88961,88923,88934,88942,88948,88956,88964,88938,88945
89010,89037,89049,89054,89019,89044,89053,89013,89023,89032,89039,89047,89063,89028,89036
89104,89134,89145,89150,89114,89140,89149,89108,89118,89128,89134,89143,89153,89123,89131
89206,89233,89245,89249,89215,89240,89248,89209,89219,89229,89235,89244,89252,89222,89235
89301,89327,89344,89347,89311,89337,89346,89305,89314,89324,89330,89342,89350,89318,89327
89395,89423,89436,89441,89405,89430,89440,89398,89410,89419,89425,89434,89447,89414,89422
89493,89520,89534,89539,89503,89528,89538,89497,89507,89517,89522,89533,89542,89512,89519
89588,89612,89626,89631,89597,89621,89630,89591,89601,89610,89616,89624,89633,89605,89613
89680,89706,89721,89725,89690,89715,89724,89683,89694,89703,89709,89719,89729,89698,89706
89771,89795,89810,89814,89780,89804,89813,89774,89783,89794,89800,89808,89818,89787,89797
89858,89880,89894,89898,89866,89889,89898,89860,89870,89879,89882,89892,89904,89874,89882
89941,89969,89980,89984,89949,89975,89983,89943,89952,89962,89970,89978,89987,89955,89966
90029,90058,90069,90072,90038,90065,90072,90032,90041,90049,90058,90067,90075,90044,90055
90125,90154,90165,90170,90133,90159,90168,90128,90137,90147,90154,90162,90172,90140,90151
90222,90238,90260,90266,90230,90255,90263,90224,90233,90246,90252,90258,90267,90236,90249
90310,90338,90349,90352,90318,90344,90352,90313,90321,90329,90338,90347,90355,90324,90332
90401,90431,90441,90445,90409,90437,90445,90404,90412,90422,90431,90439,90447,90416,90427
90497,90526,90535,90539,90505,90531,90539,90499,90508,90518,90525,90533,90544,90511,90522
90593,90619,90656,90665,90600,90629,90639,90594,90603,90611,90618,90634,90641,90607,90615
90689,90716,90727,90730,90697,90723,90730,90691,90700,90709,90716,90725,90734,90703,90713
90784,90813,90824,90828,90794,90819,90827,90788,90797,90806,90814,90822,90830,90800,90811
90876,90900,90914,90917,90885,90908,90916,90878,90888,90897,90903,90912,90920,90892,90900
90963,90989,91004,91008,90972,90997,91007,90966,90976,90985,90991,91002,91012,90979,90988
91053,91079,91093,91097,91062,91087,91096,91056,91066,91075,91082,91091,91100,91069,91079
91147,91173,91187,91191,91156,91180,91190,91150,91160,91169,91175,91185,91195,91163,91172
91239,91264,91277,91281,91248,91271,91280,91242,91252,91262,91267,91275,91284,91258,91267
91329,91356,91370,91374,91338,91364,91373,91332,91341,91350,91357,91368,91377,91345,91353
91420,91449,91461,91465,91429,91456,91464,91423,91433,91443,91450,91460,91469,91437,91447
91514,91540,91552,91556,91523,91546,91555,91517,91526,91535,91541,91550,91559,91530,91538
91601,91626,91638,91642,91609,91632,91641,91604,91613,91620,91626,91636,91646,91616,91623
91685,91713,91724,91729,91693,91720,91729,91687,91697,91706,91713,91723,91735,91701,91709
91777,91805,91815,91822,91785,91812,91822,91779,91788,91799,91806,91814,91828,91791,91803
91876,91906,91915,91920,91885,91911,91920,91880,91888,91897,91905,91914,91925,91891,91902
91976,91990,91999,92002,91983,91994,92016,91978,91986,91997,92004,92011,92019,91989,92001
92068,92082,92092,92096,92076,92086,92109,92071,92079,92088,92097,92104,92111,92082,92093
92162,92190,92204,92208,92169,92196,92206,92164,92172,92182,92190,92200,92210,92176,92186
92258,92287,92298,92302,92266,92292,92302,92260,92269,92277,92285,92296,92307,92272,92281
92355,92384,92394,92397,92363,92389,92397,92357,92366,92376,92384,92392,92400,92369,92381
92447,92473,92484,92488,92455,92479,92488,92449,92458,92466,92473,92482,92493,92461,92470
92535,92562,92576,92579,92543,92570,92578,92537,92547,92555,92562,92574,92582,92550,92558
92625,92653,92664,92666,92633,92661,92666,92627,92637,92646,92653,92662,92668,92641,92650
92721,92750,92759,92761,92730,92755,92761,92725,92733,92742,92749,92757,92763,92737,92746
92823,92853,92864,92867,92831,92858,92865,92826,92834,92844,92852,92860,92868,92838,92848
92925,92940,92959,92981,92933,92946,92967,92927,92937,92945,92945,92950,92974,92945,92953
93023,93047,93062,93065,93030,93057,93065,93025,93033,93043,93050,93060,93067,93037,93046
93117,93143,93155,93159,93125,93150,93159,93120,93129,93139,93145,93153,93164,93132,93142
93206,93230,93243,93247,93214,93237,93246,93208,93218,93226,93232,93241,93250,93221,93229
93293,93320,93333,93337,93302,93327,93336,93296,93306,93315,93322,93331,93340,93309,93319
93384,93412,93424,93429,93393,93418,93428,93387,93396,93404,93412,93422,93433,93399,93408
93484,93512,93523,93528,93492,93517,93525,93486,93495,93504,93512,93520,93529,93498,93508
93579,93606,93617,93623,93587,93611,93620,93582,93591,93599,93606,93614,93625,93594,93603
93665,93692,93703,93709,93672,93698,93709,93667,93675,93684,93692,93701,93716,93679,93688
93752,93781,93790,93794,93760,93786,93794,93754,93763,93772,93780,93789,93800,93766,93777
93845,93875,93884,93888,93853,93880,93888,93848,93856,93866,93875,93883,93896,93859,93871
93943,93958,93964,93970,93950,93975,93983,93945,93954,93962,93971,93979,93986,93957,93966
94032,94046,94052,94056,94039,94063,94072,94034,94041,94050,94058,94066,94075,94045,94053
94117,94145,94158,94160,94124,94151,94159,94119,94127,94136,94145,94154,94162,94131,94141
94206,94235,94244,94248,94214,94240,94248,94208,94217,94226,94234,94242,94254,94220,94231
94299,94327,94340,94343,94307,94332,94341,94302,94310,94320,94328,94336,94345,94313,94324
94390,94407,94413,94430,94398,94421,94429,94393,94401,94411,94417,94425,94433,94405,94414
94477,94502,94516,94519,94484,94511,94519,94479,94487,94496,94504,94514,94521,94491,94499
94564,94592,94603,94609,94572,94599,94609,94566,94575,94585,94592,94602,94612,94578,94588
94656,94685,94695,94699,94664,94689,94698,94658,94667,94677,94685,94693,94706,94670,94681
94755,94771,94779,94783,94763,94787,94795,94758,94766,94776,94784,94791,94799,94769,94781
94849,94864,94870,94877,94856,94866,94874,94851,94859,94863,94863,94869,94877,94863,94873
94945,94976,94987,94990,94953,94982,94990,94947,94956,94968,94975,94985,94993,94959,94971
95043,95072,95082,95086,95051,95078,95086,95046,95054,95065,95072,95080,95090,95058,95069
95140,95168,95179,95182,95148,95174,95182,95143,95151,95161,95168,95177,95185,95155,95165
95239,95268,95280,95283,95247,95275,95283,95241,95251,95261,95268,95278,95287,95254,95265
95337,95366,95376,95380,95346,95371,95379,95340,95349,95360,95366,95374,95388,95352,95363
95432,95457,95471,95475,95441,95466,95475,95435,95445,95454,95460,95470,95478,95449,95457
95521,95548,95561,95566,95531,95555,95565,95524,95535,95543,95550,95559,95571,95539,95547
95614,95640,95655,95661,95623,95649,95660,95617,95627,95636,95643,95653,95669,95631,95640
95710,95737,95750,95754,95719,95744,95753,95713,95722,95733,95739,95748,95757,95726,95736
95811,95835,95850,95854,95820,95844,95853,95814,95824,95834,95839,95848,95859,95829,95839
95902,95928,95940,95944,95911,95935,95943,95905,95915,95924,95930,95938,95947,95919,95927
95992,96022,96033,96037,96001,96028,96037,95995,96004,96013,96021,96031,96040,96007,96017
96089,96119,96130,96134,96097,96125,96134,96092,96100,96108,96118,96128,96138,96104,96112
96189,96219,96229,96234,96197,96223,96231,96192,96200,96210,96218,96226,96234,96204,96215
96292,96321,96331,96334,96299,96326,96333,96294,96302,96314,96322,96329,96336,96305,96318
96388,96403,96409,96415,96395,96406,96412,96390,96398,96402,96402,96408,96415,96402,96412
96482,96495,96503,96509,96489,96497,96505,96484,96492,96495,96495,96501,96509,96495,96505
96571,96600,96609,96611,96578,96605,96611,96573,96581,96589,96599,96607,96614,96584,96592
96665,96693,96702,96704,96671,96697,96703,96666,96674,96683,96691,96699,96706,96678,96687
96760,96790,96801,96805,96768,96795,96803,96763,96771,96779,96790,96798,96806,96774,96786
96861,96892,96901,96905,96868,96896,96903,96863,96871,96879,96891,96898,96905,96874,96888
96957,96992,97000,97005,96970,96979,97005,96965,96973,96981,96990,96999,97009,96976,96986
97060,97075,97082,97090,97068,97078,97086,97063,97071,97075,97075,97080,97089,97075,97084
97152,97180,97190,97193,97160,97186,97193,97155,97163,97171,97180,97188,97196,97166,97175
97239,97267,97278,97281,97245,97273,97281,97240,97248,97256,97267,97276,97284,97252,97260
97326,97357,97365,97370,97334,97361,97370,97328,97336,97347,97355,97364,97374,97339,97352
97425,97454,97465,97471,97433,97458,97467,97428,97436,97444,97453,97463,97471,97439,97449
97517,97540,97548,97554,97534,97542,97550,97529,97537,97541,97541,97545,97553,97541,97549
97617,97632,97641,97648,97626,97634,97644,97621,97629,97632,97632,97638,97648,97632,97644
97713,97743,97753,97755,97720,97730,97755,97715,97723,97732,97742,97751,97759,97727,97736
97808,97822,97829,97837,97816,97824,97832,97811,97819,97822,97822,97827,97836,97822,97832
97898,97928,97938,97940,97905,97914,97939,97900,97908,97917,97927,97934,97942,97912,97922
97989,98019,98028,98031,97996,98024,98031,97991,97999,98007,98018,98026,98034,98003,98011
98083,98114,98126,98128,98091,98119,98127,98086,98094,98103,98112,98123,98131,98098,98107
98180,98194,98219,98229,98187,98209,98222,98182,98190,98197,98204,98215,98226,98193,98200
98272,98300,98309,98310,98278,98306,98310,98273,98281,98291,98300,98307,98314,98284,98296
98363,98419,98429,98436,98410,98422,98430,98363,98371,98380,98445,98458,98457,98375,98440
98461,98510,98520,,98480,98515,98541,98473,98484,98493,98503,98537,98542,98489,98497
98547,98561,98570,98574,98555,98564,98572,98550,98558,98562,98562,98567,98575,98562,98571
98633,98663,98672,98674,98640,98667,98673,98635,98643,98653,98661,98669,98675,98647,98657
98723,98751,98762,98766,98729,98756,98765,98724,98732,98741,98751,98760,98769,98735,98747
98812,98840,98850,98855,98819,98844,98851,98814,98822,98830,98839,98847,98855,98825,98834
98900,98926,98936,98939,98907,98930,98938,98902,98910,98918,98925,98934,98942,98913,98921
98985,99015,99026,99028,98992,99021,99028,98987,98995,99004,99012,99024,99031,98999,99008
99075,99106,99114,99117,99083,99110,99117,99078,99086,99094,99104,99112,99120,99089,99101
99166,99181,99189,99197,99174,99183,99207,99170,99178,99187,99196,99203,99210,99181,99192
99257,99270,99277,99285,99264,99273,99281,99259,99267,99270,99270,99275,99285,99270,99279
99348,99362,99370,99378,99356,99364,99373,99351,99359,99362,99362,99368,99377,99362,99374
99443,99458,99466,99474,99451,99460,99469,99446,99454,99458,99458,99464,99473,99458,99469
99535,99549,99557,99565,99543,99551,99560,99538,99546,99550,99550,99555,99564,99550,99559
99625,99638,99646,99654,99632,99640,99649,99627,99635,99639,99639,99644,99653,99639,99649
99715,99730,99737,99746,99723,99731,99740,99718,99726,99730,99730,99734,99746,99730,99737
99809,99823,99832,99835,99816,99827,99834,99811,99819,99823,99823,99829,99836,99823,99832
99899,99928,99937,99940,99907,99933,99940,99902,99910,99918,99928,99935,99942,99914,99922
99992,100024,100035,100038,100000,100030,100037,99995,100004,100013,100023,100033,100041,100007,100017
100089,100119,100129,100133,100097,100125,100133,100092,100100,100110,100118,100128,100138,100103,100114
100183,100211,100223,100226,100190,100218,100226,100185,100193,100203,100211,100221,100231,100197,100206
100278,100307,100319,100322,100287,100315,100322,100281,100290,100299,100307,100318,100327,100293,100303
100374,100403,100414,100417,100382,100409,100416,100377,100386,100396,100403,100412,100421,100390,100400
100472,100500,100511,100514,100481,100505,100513,100475,100485,100493,100500,100509,100516,100489,100497
100565,100594,100604,100612,100575,100601,100612,100569,100578,100587,100594,100603,100616,100582,100590
100662,100690,100704,100708,100671,100697,100707,100665,100675,100684,100691,100702,100712,100679,100687
100762,100788,100802,100807,100771,100795,100806,100765,100774,100784,100791,100800,100810,100778,100787
100856,100885,100899,100903,100867,100893,100902,100861,100870,100879,100887,100897,100906,100874,100883
100952,100981,100995,101001,100963,100989,101000,100957,100967,100976,100983,100994,101005,100970,100980
101052,101078,101092,101096,101061,101086,101095,101055,101065,101074,101081,101090,101099,101068,101077
101142,101165,101180,101184,101151,101174,101183,101145,101155,101164,101170,101178,101192,101159,101167
101227,101255,101270,101273,101235,101261,101272,101229,101238,101248,101256,101269,101276,101241,101252
101316,101346,101355,101357,101324,101351,101357,101318,101327,101338,101345,101353,101359,101330,101342
101414,101443,101453,101460,101423,101448,101459,101417,101426,101435,101443,101452,101464,101431,101439
101520,101537,101542,101549,101528,101554,101562,101523,101531,101541,101549,101557,101565,101535,101545
101618,101646,101659,101665,101626,101653,101664,101621,101629,101638,101648,101658,101668,101633,101643
101718,101748,101758,101786,101726,101775,101785,101721,101729,101739,101748,101779,101788,101732,101744
101825,101852,101864,101871,101834,101859,101870,101829,101838,101847,101854,101863,101877,101841,101851
101923,101950,101962,101966,101932,101958,101966,101926,101935,101946,101952,101960,101970,101939,101949
102019,102049,102060,102064,102028,102055,102063,102022,102032,102043,102050,102058,102066,102039,102047
102122,102150,102161,102164,102130,102155,102163,102125,102134,102143,102150,102159,102167,102137,102147
102220,102249,102260,102264,102229,102255,102264,102223,102232,102241,102249,102258,102272,102235,102245
102320,102349,102359,102367,102328,102355,102367,102323,102332,102341,102349,102357,102372,102335,102345
102426,102454,102467,102470,102434,102460,102469,102429,102437,102446,102455,102464,102472,102441,102451
102525,102555,102565,102568,102533,102559,102567,102528,102536,102545,102555,102563,102570,102539,102551
102628,102658,102669,102673,102636,102664,102673,102631,102639,102651,102658,102668,102676,102643,102655
102734,102763,102773,102777,102742,102769,102777,102737,102745,102756,102763,102771,102782,102749,102760
102832,102861,102873,102876,102840,102868,102876,102835,102843,102851,102862,102871,102879,102846,102854
102930,102960,102970,102973,102939,102966,102973,102933,102942,102952,102960,102968,102975,102945,102957
103033,103061,103073,103078,103042,103067,103076,103036,103045,103056,103062,103070,103079,103048,103059
103130,103160,103171,103174,103139,103166,103174,103133,103142,103152,103160,103169,103177,103145,103157
103231,103261,103271,103274,103239,103267,103274,103234,103242,103251,103261,103269,103277,103246,103255
103330,103360,103369,103371,103339,103365,103371,103333,103342,103351,103359,103367,103374,103345,103355
103422,103450,103460,103464,103429,103454,103463,103424,103432,103441,103449,103458,103467,103436,103445
103514,103544,103554,103557,103522,103549,103556,103516,103524,103533,103544,103552,103560,103528,103538
103613,103643,103652,103655,103621,103648,103655,103616,103624,103633,103642,103650,103657,103627,103639
103709,103737,103749,103755,103716,103741,103751,103711,103719,103728,103737,103746,103755,103722,103733
103804,103833,103843,103846,103812,103839,103846,103806,103815,103824,103833,103841,103849,103819,103829
103909,103938,103948,103952,103917,103943,103952,103911,103920,103930,103937,103946,103957,103923,103934
104017,104045,104057,104062,104026,104053,104062,104020,104030,104040,104046,104055,104065,104034,104043
104112,104140,104153,104157,104121,104148,104157,104115,104124,104134,104142,104151,104161,104128,104138
104208,104237,104250,104254,104218,104245,104254,104212,104222,104231,104238,104249,104259,104226,104235
104308,104337,104348,104352,104317,104344,104352,104311,104321,104332,104338,104346,104356,104324,104335
104404,104431,104442,104446,104413,104437,104445,104407,104417,104426,104433,104440,104447,104422,104430
104498,104527,104539,104542,104507,104534,104542,104501,104511,104520,104528,104537,104545,104515,104524
104594,104623,104634,104640,104603,104630,104640,104597,104606,104616,104623,104633,104644,104610,104620
104691,104718,104731,104734,104700,104725,104734,104694,104703,104712,104718,104729,104737,104707,104714
104784,104811,104823,104826,104791,104818,104826,104786,104794,104803,104812,104821,104829,104797,104808
104866,104908,104920,104924,104888,104914,104923,104883,104891,104900,104909,104918,104926,104895,104905
104978,104993,104999,105006,104986,105012,105020,104981,104989,104997,105007,105015,105024,104992,105000
105069,105082,105091,105095,105075,105084,105092,105070,105079,105082,105082,105088,105096,105082,105092
105157,105186,105198,105203,105164,105192,105200,105159,105167,105176,105186,105195,105204,105170,105183
105252,105265,105271,105280,105259,105268,105274,105254,105262,105265,105265,105269,105280,105265,105272
105406,105446,105454,105463,105440,105448,105457,105436,105443,105447,105447,105452,105461,105447,105457
105526,105539,105547,105557,105533,105541,105630,105528,105536,105545,105555,105625,105633,105540,105550
105712,105742,105749,105751,105720,105729,105751,105715,105723,105731,105740,105747,105760,105726,105735
105805,105835,105906,105918,105912,105920,105930,105808,105816,105824,105834,105908,105916,105819,105830
105990,106009,106018,106026,106004,106012,106020,105999,106007,106011,106011,106016,106025,106011,106020
106086,106106,106114,106122,106101,106109,106117,106096,106104,106107,106107,106112,106121,106107,106116
106191,106205,106213,106221,106199,106207,106215,106194,106202,106205,106205,106210,106220,106205,106214
106283,106298,106305,106311,106291,106318,106325,106286,106294,106302,106313,106320,106328,106297,106309
106377,106406,106417,106420,106385,106412,106420,106379,106388,106397,106407,106415,106423,106391,106403
106474,106503,106513,106517,106482,106509,106517,106477,106485,106496,106503,106511,106522,106488,106500
106566,106594,106605,106609,106575,106601,106609,106569,106578,106587,106594,106603,106613,106581,106591
106659,106688,106702,106705,106668,106697,106705,106662,106671,106681,106689,106700,106707,106675,106685
106756,106785,106796,106799,106764,106791,106799,106759,106767,106775,106785,106794,106802,106770,106781
106848,106875,106887,106890,106856,106881,106889,106851,106859,106867,106875,106885,106893,106863,106870
106941,106970,106979,106983,106949,106975,106983,106944,106952,106961,106969,106977,106986,106956,106965
107040,107066,107080,107085,107047,107073,107083,107042,107050,107059,107067,107077,107086,107054,107063
107132,107159,107170,107173,107139,107165,107173,107134,107142,107150,107158,107168,107176,107146,107153
107227,107257,107266,107270,107235,107262,107270,107230,107239,107248,107256,107265,107272,107242,107253
107326,107355,107366,107370,107334,107360,107369,107329,107337,107346,107355,107365,107373,107341,107350
107417,107443,107456,107460,107425,107450,107459,107420,107428,107436,107444,107454,107464,107431,107439
107507,107536,107547,107550,107516,107542,107550,107510,107519,107528,107535,107545,107554,107523,107531
107600,107629,107639,107642,107608,107635,107642,107603,107611,107620,107629,107637,107644,107614,107626
107688,107715,107728,107732,107697,107722,107732,107691,107700,107707,107714,107726,107736,107703,107711
107779,107808,107819,107823,107788,107814,107823,107782,107791,107800,107807,107817,107828,107795,107804
107878,107907,107916,107919,107886,107912,107919,107880,107889,107899,107906,107914,107927,107893,107903
107972,108001,108010,108014,107980,108006,108014,107974,107983,107992,108000,108008,108017,107986,107996
108068,108097,108107,108111,108076,108102,108110,108071,108079,108089,108098,108106,108112,108082,108095
108167,108197,108207,108211,108175,108203,108211,108170,108179,108188,108197,108205,108219,108182,108194
108260,108278,108284,108289,108269,108297,108305,108264,108272,108282,108291,108300,108308,108276,108288
108356,108385,108395,108398,108364,108390,108397,108358,108367,108377,108386,108393,108401,108370,108382
108452,108483,108492,108498,108460,108506,108548,108455,108463,108472,108500,108543,108551,108467,108495
108609,108665,108687,,108638,108668,,108634,108642,108655,108677,108688,108694,108644,108673
108702,108759,108768,108772,108737,108764,108772,108732,108741,108749,108758,108766,108780,108744,108753
108822,108851,108864,108866,108829,108856,108865,108824,108832,108840,108850,108859,108869,108835,108843
108913,108943,108954,108956,108921,108949,108956,108916,108924,108934,108943,108951,108960,108927,108940
109011,109040,109052,109054,109018,109046,109054,109013,109021,109029,109037,109050,109057,109024,109033
109103,109133,109142,109148,109110,109138,109145,109105,109113,109121,109132,109140,109148,109116,109123
109198,109228,109240,109243,109205,109233,109241,109200,109208,109217,109227,109236,109245,109211,109223
109297,109327,109338,109343,109305,109332,109339,109300,109308,109317,109328,109335,109343,109311,109324
109389,109417,109427,109430,109396,109423,109430,109391,109399,109408,109417,109425,109434,109402,109414
109484,109514,109523,109526,109491,109519,109526,109486,109494,109507,109513,109521,109529,109497,109510
109581,109610,109621,109625,109590,109616,109625,109584,109593,109602,109610,109619,109630,109596,109606
109674,109701,109712,109715,109681,109706,109714,109676,109684,109691,109701,109710,109718,109687,109696
109770,109798,109807,109811,109777,109802,109810,109771,109779,109789,109797,109805,109813,109782,109794
109866,109896,109905,109908,109874,109901,109908,109869,109877,109886,109894,109903,109911,109881,109890
109958,109987,109998,110001,109965,109993,110001,109960,109968,109976,109986,109996,110005,109972,109980
110056,110085,110095,110100,110063,110090,110100,110058,110066,110075,110084,110093,110106,110070,110080
110155,110182,110194,110199,110162,110187,110195,110157,110165,110176,110183,110190,110202,110168,110180
110245,110275,110283,110287,110253,110279,110287,110247,110256,110266,110274,110282,110293,110259,110271
110341,110372,110383,110388,110350,110359,110385,110345,110353,110361,110370,110381,110389,110356,110364
110439,110452,110459,110466,110446,110454,110461,110441,110449,110453,110453,110457,110464,110453,110460
110526,110539,110546,110554,110533,110541,110549,110529,110536,110540,110540,110544,110552,110540,110548
110618,110649,110655,110661,110625,110635,110658,110620,110628,110639,110647,110654,110661,110631,110643
110707,110729,110737,110745,110724,110732,110740,110719,110727,110731,110731,110735,110744,110731,110740
110831,110852,110868,110882,110905,110913,110922,110901,110908,,,110901,,110912,
110994,111024,111033,111037,111002,111011,111037,110997,111005,111013,111023,111031,111045,111008,111017
111089,111119,111129,111133,111097,111125,111133,111092,111100,111108,111119,111127,111136,111103,111115
111176,111206,111214,111220,111183,111210,111218,111178,111186,111193,111205,111213,111221,111189,111196
111259,111287,111296,111299,111266,111291,111297,111261,111268,111276,111285,111293,111300,111272,111280
111342,111372,111379,111381,111349,111375,111380,111344,111352,111362,111371,111377,111383,111355,111367
111432,111462,111472,111474,111438,111446,111473,111433,111441,111450,111460,111469,111475,111445,111453
111519,111532,111541,111549,111527,111535,111544,111522,111530,111534,111534,111539,111547,111534,111542
111603,111616,111626,111634,111611,111619,111628,111607,111615,111618,111618,111623,111632,111618,111627
111692,111707,111716,111728,111702,111710,111719,111697,111705,111708,111708,111713,111723,111708,111717
111760,111800,111809,111819,111795,111803,111813,111791,111798,111802,111802,111806,111817,111802,111811
111873,111887,111896,111904,111881,111890,111899,111877,111885,111888,111888,111893,111902,111888,111898
111957,111979,111988,111997,111973,111982,111991,111969,111977,111981,111981,111986,111996,111981,111991
112048,112073,112082,112091,112068,112076,112085,112063,112071,112075,112075,112079,112089,112075,112083
112143,112161,112171,112179,112156,112164,112248,112151,112159,112168,112178,112243,112251,112162,112174
112328,112347,112357,112365,112342,112350,112360,112338,112345,112349,112349,112354,112364,112349,112359
112390,112435,112443,112453,112429,112437,112447,112425,112433,112436,112436,112441,112451,112436,112445
112509,112528,112537,112547,112523,112531,112540,112519,112527,112530,112530,112534,112544,112530,112537
112597,112623,112632,112643,112618,112626,112636,112613,112621,112625,112625,112629,112641,112625,112632
112696,112710,112718,112727,112705,112713,112722,112700,112708,112712,112712,112716,112726,112712,112721
112763,112804,112813,112822,112798,112807,112816,112794,112802,112805,112805,112810,112820,112805,112814
112856,112900,112909,112918,112895,112903,112912,112890,112898,112902,112902,112907,112917,112902,112912
112971,112990,112998,113006,112984,112994,113002,112979,112987,112991,112991,112997,113005,112991,113001
113070,113098,113106,113108,113077,113102,113108,113072,113080,113090,113097,113104,113110,113084,113094
113161,113192,113201,113205,113170,113196,113204,113165,113173,113183,113192,113199,113208,113177,113188
113252,113281,113289,113291,113260,113286,113291,113254,113263,113271,113280,113287,113293,113266,113276
113345,113373,113383,113387,113353,113378,113386,113348,113356,113364,113373,113381,113390,113359,113368
113440,113468,113482,113486,113449,113475,113484,113444,113452,113460,113468,113479,113488,113455,113463
113533,113563,113572,113574,113541,113568,113574,113536,113544,113553,113562,113570,113578,113548,113558
113621,113658,113670,113673,113636,113663,113672,113631,113639,113648,113658,113668,113676,113643,113653
113724,113751,113763,113768,113732,113758,113768,113727,113735,113743,113751,113761,113773,113738,113747
113811,113840,113852,113855,113821,113847,113855,113815,113824,113832,113841,113850,113857,113827,113836
113902,113930,113941,113945,113910,113935,113944,113905,113913,113921,113930,113939,113947,113916,113926
113995,114021,114034,114039,114003,114029,114039,113997,114006,114014,114022,114032,114044,114010,114017
114084,114110,114122,114125,114092,114117,114124,114086,114096,114105,114112,114120,114128,114100,114109
114171,114199,114212,114215,114180,114206,114214,114174,114183,114192,114201,114210,114218,114187,114196
114263,114292,114305,114309,114272,114298,114307,114266,114275,114284,114292,114301,114312,114279,114288
114353,114378,114394,114397,114361,114387,114396,114356,114365,114373,114380,114392,114401,114368,114376
114439,114464,114479,114490,114448,114472,114489,114442,114451,114459,114465,114477,114504,114454,114461
114529,114557,114568,114572,114537,114562,114571,114532,114540,114549,114557,114566,114580,114544,114552
114621,114649,114659,114665,114630,114653,114661,114625,114633,114642,114649,114657,114665,114637,114645
114711,114728,114731,114734,114719,114744,114753,114714,114722,114730,114739,114749,114756,114725,114733
114803,114829,114843,114847,114811,114836,114847,114805,114814,114822,114829,114841,114852,114818,114825
114898,114924,114938,114941,114906,114932,114940,114900,114909,114917,114927,114936,114943,114912,114924
114984,115014,115024,115028,114994,115019,115027,114988,114997,115007,115015,115023,115030,115001,115011
115075,115104,115114,115117,115082,115108,115116,115077,115086,115095,115104,115112,115119,115089,115100
115165,115178,115202,115213,115172,115182,115253,115167,115176,115185,115210,115248,115256,115179,115206
115329,115342,115350,115358,115336,115345,115354,115331,115339,115343,115343,115348,115358,115343,115354
115413,115443,115452,115454,115421,115430,115474,115416,115424,115432,115441,115467,115477,115428,115437
115544,115595,115603,115614,115591,115598,115606,115586,115594,115597,115597,115601,115613,115597,115605
115670,115715,115754,115764,115677,115684,115731,115672,115680,115688,115699,115725,115734,115683,115695
115813,115849,115858,115869,115844,115852,115933,115840,115847,115856,115881,115929,115936,115851,115878
116069,116107,116117,116140,116187,,,116098,116106,116109,116109,116114,116123,116109,116117
116244,116278,116286,116296,116273,116280,116290,116268,116276,116280,116280,116285,116293,116280,116289
116322,116361,116369,116378,116356,116364,116372,116351,116359,116363,116363,116367,116376,116363,116370
116437,116466,116474,116480,116443,116450,116477,116438,116446,116454,116464,116472,116480,116449,116457
116521,116561,116578,116582,116527,116534,116582,116522,116530,116538,116548,116577,116584,116533,116544
116601,116632,116637,116656,116607,116615,116656,116602,116610,116619,116628,116649,116660,116614,116623
116686,116729,116746,116749,116777,116785,116793,116772,116780,,,116772,,116784,
116854,116883,116891,116893,116860,116867,116892,116855,116863,116871,116881,116888,116895,116866,116876
116935,116966,117023,117034,116942,116950,116976,116937,116945,116954,116963,116971,116980,116949,116959
117078,117123,117135,117142,117200,,,117193,117205,,,117130,,117209,
117223,117254,117271,,117230,117265,117283,117225,117232,117240,117277,117286,117293,117235,117274
117302,117355,117364,117371,117312,117358,117367,117304,117315,117319,117354,117362,117372,117317,117350
117417,117447,117464,117472,117424,117449,117471,117418,117427,117436,117443,117450,117456,117432,117440
117491,117532,117543,117547,117496,117563,117571,117491,117499,117505,117558,117566,117574,117502,117555
117639,117667,117693,117695,117646,117655,117674,117657,117665,117667,117667,117671,117675,117667,117673
117717,117746,117753,117755,117723,117731,117755,117718,117726,117736,117744,117751,117758,117730,117740
117779,117807,117818,117826,117802,117810,117821,117798,117805,117809,117809,117815,117825,117809,117821
117870,117888,117899,117907,117884,117892,117902,117879,117887,117891,117891,117895,117908,117891,117899
117949,117969,117977,117986,117963,117972,117980,117958,117966,117970,117970,117976,117984,117970,117980
118030,118049,118057,118066,118044,118053,118061,118039,118047,118050,118050,118055,118066,118050,118061
118135,118148,118163,118166,118142,118158,118165,118136,118146,118154,118154,118161,118166,118149,118154
118192,118221,118229,118230,118198,118226,118230,118194,118201,118208,118220,118227,118233,118204,118217
118263,118293,118300,118301,118271,118280,118301,118267,118274,118283,118291,118298,118304,118278,118287
118339,118366,118371,118382,118345,118377,118382,118340,118348,118356,118363,118378,118384,118352,118359
118414,118429,118438,118441,118422,118432,118440,118416,118425,118429,118429,118434,118443,118429,118438
118491,118521,118531,118533,118498,118527,118533,118492,118500,118508,118522,118529,118535,118504,118511
118565,118595,118622,118631,118573,118599,118606,118568,118576,118585,118594,118602,118609,118580,118590
118727,118740,118749,118757,118735,118743,118752,118729,118739,118743,118743,118747,118755,118743,118751
118808,118839,118850,118852,118817,118844,118851,118812,118820,118828,118838,118847,118853,118824,118833
118888,118918,118945,118947,118897,118927,118934,118891,118900,118907,118924,118931,118936,118903,118921
118973,119004,119011,119016,118980,118988,119013,118975,118983,118991,119001,119009,119016,118987,118996
119047,119077,119092,119094,119061,119086,119093,119056,119063,119070,119076,119090,119096,119066,119073
119131,119159,119166,,119137,119163,119175,119131,119140,119148,119156,119164,119171,119144,119152
119205,119236,119246,119249,119212,119241,119248,119206,119215,119224,119236,119244,119250,119218,119232
119282,119304,119335,119338,119290,119319,119326,119285,119293,119299,119304,119322,119327,119296,119301
119359,119375,119385,119391,119369,119378,119402,119364,119373,119383,119391,119398,119404,119376,119388
119446,119473,119500,119506,119453,119477,119481,119447,119457,119465,119472,119478,119483,119461,119468
119525,119561,119578,119582,119534,119567,119581,119528,119537,119545,119551,119568,119571,119541,119548
119607,119637,119666,119674,119615,119651,119669,119609,119620,119628,119635,119655,119675,119624,119632
119694,119722,119730,119732,119701,119724,119730,119696,119705,119713,119720,119727,119732,119709,119717
119775,119805,119815,119819,119786,119810,119817,119782,119789,119797,119805,119812,119820,119792,119802
119861,119890,119916,119919,119868,119896,119918,119864,119871,119879,119888,119913,119920,119875,119883
119961,119974,119982,119998,119968,119989,119990,119960,119972,119979,119986,119993,119999,119976,119982
120020,120039,120044,120050,120033,120059,120067,120029,120036,120043,120049,120062,120069,120039,120045
120108,120126,120135,120138,120118,120130,120138,120111,120123,120127,120127,120132,120143,120127,120139
120190,120221,120248,120256,120199,120226,120230,120190,120203,120211,120219,120227,120237,120207,120215
120278,120310,120316,120335,120284,120324,120334,120278,120287,120295,120320,120328,120335,120291,120317
120379,120403,120413,120416,120386,120408,120415,120380,120389,120397,120404,120411,120417,120393,120401
120436,120469,120479,120490,120444,120476,120487,120439,120448,120456,120464,120477,120483,120452,120460
120514,120546,120557,120558,120521,120554,120558,120515,120523,120530,120540,120555,120561,120526,120534
120592,120618,120628,120634,120597,120622,120630,120610,120618,120622,120622,120626,120633,120622,120629
120665,120693,120701,120704,120671,120696,120703,120666,120674,120683,120691,120699,120705,120677,120688
120740,120776,120789,120793,120756,120780,120790,120751,120759,120766,120775,120783,120796,120762,120770
120834,120864,120870,120871,120843,120867,120871,120836,120846,120853,120860,120868,120873,120849,120857
120915,120941,120951,120956,120922,120945,120954,120918,120925,120932,120939,120948,120957,120928,120935
120995,121033,121053,121059,121004,121036,121054,120995,121007,121015,121022,121037,121043,121011,121018
121078,121121,121130,,121086,121125,121136,121078,121090,121097,121121,121139,121145,121094,121118
121161,121195,121219,,121167,121198,121224,121162,121169,121176,121194,121199,121206,121172,121191
121237,121271,121289,121290,121244,121276,121289,121238,121246,121253,121261,121277,121282,121249,121256
121318,121352,121360,121361,121324,121357,121361,121319,121327,121335,121352,121358,121363,121331,121338
121404,121436,121440,121462,121410,121448,121449,121405,121413,121420,121444,121451,121455,121416,121441
121488,121517,121525,121531,121496,121521,121528,121508,121516,121519,121519,121523,121531,121519,121527
121568,121601,121609,121612,121579,121606,121612,121590,121599,121603,121603,121608,121615,121603,121611
121653,121692,121709,121719,121747,,,121657,121665,121672,121679,121707,121712,121668,121675
121760,121783,121795,121797,121780,121788,121795,121776,121784,121787,121787,121791,121797,121787,121794
121819,121863,121876,121879,121843,121868,121877,121838,121846,121854,121863,121872,121881,121850,121859
121897,121933,121941,121944,121912,121936,121943,121908,121915,121923,121931,121938,121951,121918,121928
121992,122022,122051,122054,122001,122037,122051,121996,122003,122011,122020,122048,122054,122007,122015
122101,122121,122131,122134,122107,122125,122132,122102,122109,122115,122121,122128,122142,122112,122118
122163,122191,122198,122200,122185,122194,122200,122163,122172,122180,122188,122196,122203,122176,122185
122246,122271,122283,122290,122339,,,122247,122256,122263,122271,122280,122290,122260,122267
122350,122367,122392,122399,122355,122379,122395,122363,122375,122379,122379,122383,122400,122379,122386
122419,122447,122454,122461,122427,122450,122457,122422,122430,122437,122445,122453,122461,122433,122441
122501,122532,122539,122544,122508,122536,122542,122502,122509,122511,122518,122538,122545,122510,122515
122581,122611,122638,122644,122590,122615,122620,122586,122593,122599,122607,122616,122628,122596,122602
122667,122700,122706,122722,122674,122703,122707,122669,122677,122684,122691,122704,122710,122681,122687
122746,122789,122800,,122752,122795,122807,122780,122789,122804,122810,122817,122816,122793,122807
122824,122852,122863,122867,122833,122856,122864,122828,122835,122842,122852,122860,122867,122838,122848
122911,122939,122949,122953,122918,122943,122951,122913,122921,122930,122938,122946,122954,122924,122935
122997,123043,123053,123063,123005,123048,123062,123000,123008,123017,123043,123051,123064,123011,123039
123083,123111,123119,123126,123106,123115,123122,123101,123109,123113,123113,123117,123126,123113,123122
123169,123220,123229,123230,123278,,,123169,123176,123182,123220,123227,123234,123179,123217
123290,123305,123316,123324,123298,123309,123320,123291,123302,123311,123311,123317,123324,123306,123311
123344,123370,123379,123381,123351,123374,123380,123345,123353,123361,123369,123377,123382,123357,123366
123421,123451,123464,123466,123433,123459,123466,123424,123438,123444,123449,123462,123469,123441,123446
123503,123548,123554,,123508,123550,123562,123503,123510,123519,123557,123565,123573,123514,123554
123582,123605,123627,123632,123586,123610,123618,123600,123606,123610,123610,123613,123619,123610,123616
123650,123671,123676,123679,123664,123684,123692,123651,123657,123660,123668,123688,123695,123659,123664
123732,123759,123792,123795,123740,123776,123782,123734,123742,123749,123756,123779,123784,123746,123752
123819,123846,123869,123878,123827,123850,123857,123822,123830,123838,123846,123853,123859,123834,123842
123901,123933,123941,123943,123909,123938,123943,123903,123911,123918,123933,123940,123945,123914,123930
123980,124010,124018,124020,123991,124014,124020,123986,123995,124003,124009,124016,124023,123999,124006
124068,124097,124105,124106,124077,124100,124105,124071,124080,124088,124095,124103,124108,124083,124092
124153,124186,124196,124200,124168,124191,124199,124163,124170,124177,124186,124195,124202,124174,124181
124234,124274,124286,124292,124257,124280,124291,124253,124261,124268,124275,124284,124295,124264,124271
124330,124360,124369,124371,124338,124365,124371,124332,124340,124343,124359,124367,124374,124341,124356
124416,124444,124457,124460,124425,124451,124459,124419,124428,124436,124443,124456,124463,124432,124439
124502,124531,124543,124547,124516,124536,124544,124511,124519,124526,124532,124540,124547,124522,124529
124599,124630,124643,124647,124612,124638,124646,124607,124615,124621,124627,124642,124647,124618,124624
124686,124726,124738,124745,124708,124731,124744,124701,124711,124719,124726,124736,124751,124715,124722
124784,124814,124825,124829,124796,124820,124828,124790,124799,124807,124815,124824,124831,124803,124811
124875,124906,124913,124936,124886,124920,124935,124881,124890,124897,124904,124923,124938,124893,124901
124961,124995,125008,125012,124979,125001,125011,124974,124982,124989,124995,125006,125015,124986,124992
125057,125092,125106,125108,125073,125098,125106,125068,125076,125084,125092,125102,125110,125080,125087
125151,125181,125197,125199,125165,125188,125197,125161,125168,125175,125182,125193,125200,125171,125178
125242,125274,125286,125290,125256,125280,125289,125250,125259,125266,125274,125284,125292,125262,125269
125334,125372,125386,125389,125353,125377,125388,125348,125356,125364,125371,125383,125391,125360,125367
125437,125469,125491,125494,125452,125476,125492,125447,125456,125463,125471,125479,125496,125459,125467
125539,125564,125600,125604,125547,125569,125579,125541,125550,125558,125564,125573,125582,125554,125561
125628,125656,125671,125686,125637,125662,125685,125631,125640,125648,125655,125669,125692,125644,125651
125723,125752,125763,125766,125731,125758,125765,125725,125734,125743,125754,125761,125768,125738,125751
125816,125844,125855,125860,125825,125849,125859,125820,125829,125837,125844,125854,125862,125832,125840
125907,125935,125944,125946,125917,125939,125945,125912,125920,125927,125935,125942,125948,125923,125931
126005,126029,126043,126056,126022,126034,126048,126017,126028,126033,126033,126040,126057,126033,126045
126098,126113,126135,126143,126105,126126,126137,126100,126109,126117,126123,126131,126145,126112,126120
126189,126205,126212,126218,126198,126208,126215,126193,126202,126206,126206,126210,126218,126206,126214
126267,126294,126302,126306,126287,126298,126304,126282,126291,126296,126296,126300,126307,126296,126304
126368,126382,126389,126393,126376,126385,126391,126370,126379,126383,126383,126387,126394,126383,126390
126458,126490,126495,126501,126466,126476,126498,126460,126469,126479,126488,126494,126501,126473,126484
126550,126594,126639,126651,126558,126633,126644,126553,126561,126569,126577,126639,126648,126564,126574
126717,126744,126752,126755,126724,126748,126754,126719,126727,126735,126743,126750,126757,126731,126739
126803,126845,126856,126858,126809,126850,126864,126803,126811,126819,126827,126866,126880,126815,126823
126887,126925,126938,126941,126893,126932,126940,126888,126896,126905,126929,126936,126943,126900,126926
126959,126985,126996,127015,126979,126988,127008,126975,126983,126987,126987,126992,127016,126987,126995
127060,127073,127080,127086,127066,127076,127083,127061,127070,127074,127074,127078,127085,127074,127082
127147,127176,127183,127205,127154,127195,127205,127149,127157,127166,127174,127200,127208,127161,127169
127252,127276,127297,127307,127320,127328,127336,127315,127323,,,127315,,127327,
127393,127408,127416,127422,127401,127410,127418,127396,127405,127409,127409,127414,127421,127409,127417
127475,127490,127496,127503,127483,127492,127498,127478,127487,127491,127491,127495,127502,127491,127498
127560,127573,127593,127602,127566,127576,127582,127561,127570,127574,127574,127578,127584,127574,127581
127639,127654,127662,127665,127647,127657,127692,127642,127650,127654,127654,127659,127681,127654,127661
127721,127745,127754,127759,127728,127749,127756,127723,127731,127738,127744,127752,127762,127734,127741
127801,127824,127834,127840,127808,127828,127835,127803,127811,127818,127824,127832,127839,127814,127821
127884,127901,127916,127919,127891,127910,127919,127885,127894,127902,127905,127913,127924,127897,127905
127963,127979,127986,127998,127971,127982,127998,127966,127975,127983,127988,127993,128001,127979,127988
128040,128058,128074,128081,128049,128065,128077,128044,128053,128061,128061,128070,128082,128056,128061
128119,128135,128149,128154,128127,128142,128152,128121,128130,128139,128139,128147,128156,128133,128139
128195,128210,128227,128229,128202,128216,128227,128197,128206,128215,128215,128221,128234,128209,128215
128268,128284,128300,128305,128276,128289,128303,128271,128279,128283,128283,128297,128306,128283,128303
128340,128356,128371,128377,128349,128359,128374,128344,128352,128360,128364,128369,128376,128356,128364
128441,128498,128516,128525,128493,128508,128519,128488,128496,128504,128506,128514,128525,128499,128506
128585,128647,128679,128701,128701,,,128624,128633,128640,128659,128670,128688,128636,128655
128738,128756,128787,128789,128746,128773,128787,128740,128750,128765,128769,128782,128791,128753,128759
128818,128884,128893,128895,128944,,,128936,128947,,,128890,,128949,
128968,128987,129007,129059,129040,129064,129080,128975,128990,128994,128994,129001,129059,128994,129007
129149,129213,129225,129239,129160,129217,129232,129205,129212,129216,129216,129220,129239,129216,129223
129295,129354,129365,129369,129350,129358,129368,129345,129353,129357,129357,129362,129370,129357,129365
129396,129427,129436,129453,129423,129430,129440,129418,129426,129429,129429,129434,129444,129429,129438
129492,129532,129571,129582,129654,,,129571,129579,,,129571,,129582,
129667,129684,129702,,129677,129683,129715,129673,129680,129682,129682,129684,129691,129682,129687
129723,129737,129744,129745,129730,129740,129745,129725,129733,129737,129737,129741,129748,129737,129744
129778,129809,129816,129830,129802,129812,129841,129797,129806,129810,129810,129814,129833,129810,129817
129866,129904,129913,,129873,129909,,129868,129876,129883,129904,129920,129925,129879,129898
129935,129951,129957,129971,129944,129962,129970,129939,129948,129956,129960,129966,129973,129951,129960
130008,130024,130040,130046,130017,130027,130043,130011,130020,130028,130033,130039,130047,130024,130030
130083,130096,130113,130134,130091,130100,130118,130086,130095,130103,130108,130112,130121,130098,130105
130154,130169,130177,130180,130163,130172,130178,130158,130167,130170,130170,130174,130181,130170,130177
130226,130241,130262,130268,130235,130245,130267,130230,130239,130248,130255,130262,130271,130242,130251
130298,130312,130320,130321,130307,130314,130320,130302,130310,130313,130313,130317,130323,130313,130320
130369,130384,130401,130412,130377,130434,130444,130371,130380,130388,130413,130440,130448,130384,130410
130530,130549,130560,130564,130536,130554,130563,130530,130537,130542,130549,130557,130569,130540,130546
130590,130650,130675,130687,130711,130722,130741,130706,130715,,,130706,,130718,
130836,130851,130868,130871,130845,130860,130869,130840,130848,130856,130858,130865,130872,130851,130858
130903,130918,130935,130941,130911,130929,130940,130905,130914,130922,130925,130933,130946,130917,130925
130971,130985,131004,131011,130979,130997,131006,130974,130982,130989,130994,131001,131010,130985,130991
131041,131054,131071,131076,131048,131063,131073,131043,131051,131058,131061,131068,131078,131054,131061
131098,131123,131139,131144,131188,,,131112,131120,131124,131124,131134,131143,131124,131138
131210,131264,131273,,131259,131268,131282,131254,131262,131271,131274,131279,131286,131266,131274
131302,131333,131351,131357,131327,131337,131353,131322,131330,131340,131342,131348,131357,131334,131342
131389,131402,131418,131426,131396,131405,131421,131391,131399,131408,131411,131416,131430,131403,131411
131456,131470,131485,131493,131464,131474,131531,131459,131467,131478,131493,131526,131535,131471,131488
131591,131604,131610,131625,131598,131615,131624,131593,131601,131608,131612,131619,131627,131604,131612
131658,131672,131685,131696,131666,131675,131690,131661,131669,131673,131673,131682,131697,131673,131687
131751,131808,131825,131832,131803,131812,131828,131799,131807,131811,131811,131815,131833,131811,131817
131863,131880,131893,131905,131876,131884,131897,131871,131879,131883,131883,131888,131906,131883,131893
131920,131951,131966,131975,131947,131955,131970,131942,131950,131957,131961,131966,131973,131953,131961
132008,132022,132038,132049,132016,132024,132031,132012,132020,132023,132023,132027,132033,132023,132030
132062,132091,132107,132113,132086,132095,132112,132082,132090,132093,132093,132099,132117,132093,132100
132133,132163,132181,132192,132158,132167,132184,132154,132162,132165,132165,132170,132194,132165,132172
132211,132236,132250,132261,132230,132239,132255,132226,132234,132237,132237,132243,132262,132237,132246
132290,132305,132324,132330,132300,132308,132315,132295,132303,132307,132307,132311,132316,132307,132313
132361,132374,132384,132387,132369,132377,132384,132364,132372,132376,132376,132380,132386,132376,132383
132487,132517,132541,132548,132512,132520,132526,132507,132515,132518,132518,132522,132527,132518,132524
132579,132594,132602,132604,132587,132598,132603,132581,132592,132595,132595,132600,132605,132595,132602
132626,132666,132676,132681,132662,132670,132680,132658,132665,132669,132669,132674,132681,132669,132677
132725,132741,132750,132753,132737,132744,132752,132732,132740,132744,132744,132748,132754,132744,132751
132778,132819,132827,132830,132814,132822,132829,132810,132817,132821,132821,132825,132831,132821,132827
132857,132894,132904,132915,132963,,,132884,132893,132896,132896,132901,132908,132896,132904
132978,132993,133013,133019,133031,133037,133048,132984,132992,133000,133019,133026,133036,132996,133015
133071,133104,133115,133126,133098,133107,133121,133093,133102,133106,133106,133111,133126,133106,133113
133152,133171,133179,133193,133166,133173,133181,133163,133169,133173,133173,133176,133183,133173,133179
133207,133237,133246,133251,133234,133240,133250,133230,133236,133240,133240,133244,133262,133240,133246
133272,133303,133319,133328,133299,133306,133323,133295,133302,133305,133305,133309,133327,133305,133311
133355,133370,133378,133384,133365,133373,133380,133360,133369,133372,133372,133376,133382,133372,133379
133405,133439,133477,133488,133433,133441,133448,133429,133437,133440,133440,133444,133449,133440,133446
133532,133566,133576,133589,133661,,,133580,133588,133592,133592,133596,133607,133592,133600
133708,133736,133748,133751,133732,133741,133750,133713,133720,133728,133736,133745,133753,133725,133733
133785,133810,133822,133832,133806,133814,133831,133802,133810,133813,133813,133817,133836,133813,133820
133860,133883,133894,133903,133879,133887,133902,133875,133883,133886,133886,133891,133907,133886,133893
133922,133955,133966,133971,133951,133959,133970,133947,133954,133958,133958,133963,133974,133958,133967
133995,134025,134037,134054,134089,,,134017,134025,134029,134029,134033,134040,134029,134036
134103,134120,134136,134147,134110,134128,134140,134102,134118,134126,134126,134134,134145,134122,134126
134171,134209,134217,134226,134289,,,134217,134225,134229,134229,134234,134252,134229,134238
134328,134358,134367,134374,134353,134361,134369,134348,134356,134360,134360,134364,134372,134360,134368
134415,134495,134510,134521,134490,134497,134537,134485,134493,134500,134525,134532,134539,134496,134522
134555,134570,134585,134594,134563,134574,134589,134558,134567,134578,134581,134585,134593,134572,134581
134629,134642,134659,134668,134636,134644,134664,134631,134640,134647,134652,134659,134667,134643,134652
134700,134713,134721,134722,134707,134727,134735,134702,134711,134718,134724,134731,134739,134714,134721
134806,134860,134868,134871,134855,134863,134870,134850,134858,134862,134862,134866,134872,134862,134869
134900,134935,134945,134948,134930,134938,134947,134926,134934,134937,134937,134942,134949,134937,134945
134971,135011,135022,135029,135006,135014,135028,135001,135010,135013,135013,135018,135034,135013,135020
135050,135082,135093,135102,135078,135085,135095,135073,135081,135085,135085,135089,135098,135085,135093
135121,135154,135169,135177,135218,,,135144,135152,135161,135161,135167,135177,135155,135161
135239,135293,135307,135317,135355,,,135283,135291,135294,135294,135303,135311,135294,135307
135378,135425,135444,135448,135420,135428,135436,135415,135423,135427,135427,135431,135437,135427,135434
135539,135563,135572,135579,135633,,,135554,135562,135565,135565,135570,135577,135565,135573
135677,135708,135722,135732,135704,135712,135731,135700,135708,135711,135711,135715,135739,135711,135718
135769,135783,135794,135798,135779,135787,135797,135775,135783,135787,135787,135791,135799,135787,135795
135825,135859,135870,135893,135855,135863,135871,135851,135859,135862,135862,135866,135873,135862,135869
135975,136006,136015,136021,136002,136009,136017,135998,136005,136009,136009,136013,136020,136009,136016
136051,136079,136089,136108,136152,,,136071,136078,136082,136082,136087,136094,136082,136090
136200,136233,136243,136250,136228,136236,136249,136223,136231,136235,136235,136240,136254,136235,136242
136269,136305,136316,136320,136301,136309,136317,136297,136305,136308,136308,136312,136319,136308,136316
136367,136382,136389,136391,136376,136385,136414,136371,136379,136382,136382,136386,136405,136382,136389
136441,136466,136479,136481,136449,136474,136481,136445,136452,136459,136465,136477,136484,136455,136461
136517,136551,136569,136573,136524,136556,136570,136519,136527,136534,136551,136566,136574,136530,136548
136592,136612,136623,136625,136598,136617,136624,136593,136600,136607,136613,136620,136628,136603,136610
136661,136674,136689,136695,136668,136685,136692,136663,136671,136677,136682,136688,136694,136674,136682
136728,136761,136797,136809,136736,136779,136787,136731,136739,136751,136762,136783,136790,136742,136757
136847,136875,136883,136891,136869,136877,136886,136865,136872,136876,136876,136880,136893,136876,136888
136908,136940,136951,136965,137003,,,136998,137006,,,136947,,137010,
137031,137077,137088,137095,137073,137081,137090,137068,137077,137081,137081,137085,137093,137081,137088
137124,137154,137165,137181,137246,,,137161,137167,,,137161,,137170,
137271,137291,137301,137307,137323,,,137272,137280,137286,137292,137300,137308,137283,137289
137351,137385,137396,137401,137401,,,137378,137385,137389,137389,137393,137408,137389,137397
137419,137459,137470,,137478,,,137453,137460,137464,137464,137468,137483,137464,137471
137494,137530,137542,137547,137547,,,137523,137531,137535,137535,137540,137549,137535,137543
137575,137599,137611,137620,137620,,,137592,137600,137604,137604,137608,137625,137604,137611
137634,137667,137678,137684,137684,,,137660,137668,137671,137671,137676,137689,137671,137679
137706,137734,137745,137763,137752,137754,,137728,137735,137739,137739,137743,137758,137739,137746
137782,137799,137811,137817,137817,,,137793,137800,137804,137804,137808,137820,137804,137812
137833,137863,137874,137878,137878,137883,137885,137856,137864,137868,137868,137872,137881,137868,137875
137912,137929,137940,137960,137925,137933,137942,137922,137929,137933,137933,137937,137944,137933,137941
138009,138042,138066,138073,138022,138077,138087,138018,138027,138035,138073,138081,138089,138032,138070
138134,138151,138162,138178,138166,138180,138187,138144,138151,138155,138155,138160,138169,138155,138163
138214,138232,138244,138264,138258,138261,138271,138226,138233,138237,138237,138241,138262,138237,138245
138289,138317,138328,138347,138313,138321,138332,138309,138317,138321,138321,138325,138334,138321,138328
138368,138402,138413,138430,138398,138406,138416,138393,138401,138405,138405,138410,138420,138405,138413
138471,138484,138494,138503,138479,138487,138497,138474,138482,138487,138487,138492,138500,138487,138496
138530,138566,138575,138582,138562,138569,138577,138558,138565,138569,138569,138573,138580,138569,138576
138629,138649,138657,138661,138722,138730,138737,138640,138647,138654,138710,138717,138726,138650,138707
138792,138805,138812,138815,138798,138807,138814,138794,138801,138805,138805,138809,138817,138805,138813
138867,138881,138900,138908,138875,138894,138903,138870,138878,138885,138891,138898,138910,138881,138888
138943,138956,138974,138979,138950,138960,138976,138945,138954,138961,138965,138971,138982,138957,138965
139016,139033,139050,139053,139024,139044,139052,139019,139027,139035,139039,139048,139056,139030,139039
139088,139106,139121,139130,139098,139113,139124,139093,139101,139110,139110,139119,139131,139104,139110
139167,139180,139215,139224,139174,139191,139199,139168,139177,139184,139189,139195,139203,139180,139186
139241,139255,139262,139275,139249,139258,139275,139243,139252,139260,139265,139270,139276,139256,139262
139314,139329,139345,139348,139322,139339,139347,139317,139325,139332,139336,139343,139351,139328,139336
139387,139400,139417,139424,139394,139402,139420,139389,139397,139404,139409,139415,139424,139400,139406
139458,139472,139492,139496,139465,139475,139481,139460,139469,139473,139473,139478,139484,139473,139481
139530,139544,139553,139556,139539,139547,139553,139534,139542,139546,139546,139550,139556,139546,139553
139584,139617,139626,139630,139611,139620,139628,139606,139615,139618,139618,139623,139630,139618,139626
139694,139715,139726,139741,139752,139758,139771,139748,139756,,,139748,,139759,
139795,139827,139837,139857,139823,139831,139839,139819,139827,139830,139830,139834,139841,139830,139837
139882,139900,139909,139923,139896,139903,139914,139891,139899,139902,139902,139907,139922,139902,139910
139954,139970,139982,139994,139966,139974,139985,139962,139970,139974,139974,139978,139994,139974,139981
140009,140042,140052,140060,140038,140046,140054,140034,140042,140045,140045,140050,140057,140045,140053
140082,140114,140125,140129,140111,140119,140128,140107,140115,140118,140118,140123,140130,140118,140126
140150,140188,140200,140205,140185,140192,140204,140180,140188,140191,140191,140196,140208,140191,140198
140226,140258,140270,140276,140255,140262,140275,140250,140258,140262,140262,140266,140280,140262,140269
140298,140328,140338,140342,140323,140332,140341,140318,140327,140331,140331,140336,140345,140331,140340
140361,140398,140409,140421,140395,140402,140420,140390,140398,140401,140401,140406,140425,140401,140409
140443,140472,140481,140485,140468,140475,140484,140464,140471,140475,140475,140479,140486,140475,140482
140507,140545,140555,,140564,,,140538,140545,140549,140549,140553,140568,140549,140556
140580,140616,140627,140631,140613,140620,140630,140609,140616,140620,140620,140624,140632,140620,140627
140653,140688,140699,140704,140685,140692,140703,140681,140688,140692,140692,140696,140713,140692,140699
140724,140760,140771,140778,140756,140764,140777,140752,140760,140764,140764,140768,140785,140764,140771
140798,140832,140844,140851,140851,,,140824,140832,140836,140836,140840,140857,140836,140844
140868,140902,140913,140917,140917,140916,140916,140895,140903,140907,140907,140911,140919,140907,140915
140944,140977,140985,140988,140973,140980,140987,140968,140976,140979,140979,140983,140989,140979,140986
141013,141052,141064,141068,141048,141055,141067,141044,141051,141054,141054,141059,141070,141054,141063
141091,141126,141137,141140,141122,141130,141139,141118,141126,141129,141129,141134,141141,141129,141137
141159,141200,141208,141214,141269,,,141189,141197,141200,141200,141205,141214,141200,141208
141292,141346,141354,141361,141341,141348,141356,141337,141344,141348,141348,141352,141359,141348,141355
141471,141487,141495,141498,141624,,,141478,141485,141492,141498,141549,141557,141489,141495
141651,141704,141715,141718,141699,141708,141717,141694,141702,141705,141705,141712,141719,141705,141717
141761,141785,141813,141819,141769,141790,141816,141764,141771,141778,141784,141811,141820,141774,141781
141867,141908,141915,141922,141903,141910,141917,141898,141906,141909,141909,141913,141920,141909,141916
141943,141974,141983,141987,141970,141977,141984,141965,141973,141976,141976,141980,141986,141976,141983
142051,142104,142114,,142100,142107,142122,142096,142104,142108,142108,142113,142129,142108,142116
142139,142167,142180,142187,142187,,,142160,142168,142172,142172,142177,142193,142172,142180
142203,142231,142243,142249,142249,,,142224,142231,142235,142235,142240,142257,142235,142243
142269,142292,142306,142314,142314,,,142286,142293,142297,142297,142301,142318,142297,142304
142330,142353,142365,142373,142350,142358,142372,142346,142353,142357,142357,142362,142378,142357,142365
142389,142413,142425,142434,142434,,,142408,142415,142419,142419,142423,142439,142419,142426
142448,142461,142472,142473,142495,,,142448,142456,142462,142465,142470,142477,142459,142465
142514,142541,142552,142571,142557,142596,142604,142535,142542,142545,142545,142550,142609,142545,142553
142648,142675,142683,142705,142688,142713,142723,142682,142691,,,142682,,142695,
142751,142768,142783,142787,142755,142775,142784,142762,142768,142774,142774,142780,142786,142771,142774
142804,142850,142884,142893,142889,,,142821,142827,142833,142859,142866,142872,142830,142856
142927,142970,142979,142984,143042,,,142962,142969,142972,142972,142976,142985,142972,142980
143096,143120,143129,143133,143115,143122,143130,143110,143118,143121,143121,143125,143134,143121,143128
143162,143192,143202,143206,143187,143195,143203,143183,143190,143194,143194,143198,143205,143194,143202
143231,143261,143272,143277,143326,,,143253,143260,143264,143264,143268,143276,143264,143272
143340,143398,143412,143423,143350,143403,143415,143392,143399,143403,143403,143407,143425,143403,143411
143480,143557,143578,143628,143585,143628,143645,143543,143548,143551,143560,143575,143602,143549,143556
143708,143755,143769,143773,143721,143789,143801,143716,143723,143730,143785,143793,143808,143726,143782
143929,143950,143958,143967,143934,143954,143962,143942,143949,143952,143952,143956,143968,143952,143959
144002,144020,144028,144034,144142,,,144058,144066,144069,144069,144073,144080,144069,144076
144155,144174,144191,144204,144223,144224,144242,144219,144227,,,144193,,144231,
144264,144305,144317,144326,144301,144310,144320,144297,144305,144309,144309,144314,144323,144309,144318
144346,144388,144399,144403,144384,144392,144400,144379,144387,144391,144391,144395,144403,144391,144399
144427,144472,144482,144490,144468,144476,144484,144464,144472,144476,144476,144480,144487,144476,144483
144517,144555,144567,144572,144572,144575,144582,144546,144555,144560,144560,144565,144589,144560,144569
144609,144636,144647,144662,144632,144640,144648,144628,144636,144639,144639,144643,144650,144639,144646
144753,144794,144804,144809,144790,144798,144808,144786,144794,144798,144798,144802,144811,144798,144805
144834,144870,144880,144893,144941,,,144861,144869,144873,144873,144877,144884,144873,144880
144983,145025,145034,145038,145021,145029,145037,145017,145025,145028,145028,145032,145040,145028,145036
145063,145082,145101,145106,145076,145094,145121,145063,145068,145072,145106,145114,145126,145070,145102
145158,145190,145198,145201,145214,145225,145235,145209,145216,,,145209,,145219,
145264,145298,145309,145318,145282,145305,145317,145277,145285,145293,145298,145308,145321,145288,145295
145337,145351,145364,145376,145346,145356,145371,145336,145351,145355,145355,145360,145377,145355,145363
145396,145450,145467,,145413,145455,145470,145441,145449,145456,145459,145466,145472,145452,145459
145489,145509,145532,145543,145502,145513,145536,145496,145507,145511,145511,145516,145541,145511,145519
145596,145626,145633,145650,145681,145698,145709,145658,145666,145670,145670,145674,145684,145670,145678
145754,145775,145788,145810,145759,145779,145793,145788,145795,,,145788,,145797,
145862,145908,145919,145936,145904,145912,145922,145900,145908,145912,145912,145916,145925,145912,145920
146050,146063,146074,146077,146059,146067,146076,146055,146063,146067,146067,146071,146079,146067,146074
146099,146115,146125,146133,146156,,,146136,146143,,,146136,,146146,
146183,146198,146213,146220,146190,146224,146235,146185,146194,146201,146220,146229,146238,146197,146217
146277,146296,146307,146329,146292,146300,146309,146288,146296,146300,146300,146304,146311,146300,146307
146418,146456,146466,146474,146452,146460,146468,146448,146456,146459,146459,146463,146471,146459,146467
146492,146533,146544,146548,146548,,,146510,146516,146521,146534,146542,146550,146518,146531
146568,146608,146621,146635,146580,146614,146623,146573,146588,146596,146609,146618,146626,146592,146606
146655,146683,146695,146700,146700,,,146666,146673,146676,146684,146693,146703,146675,146681
146724,146756,146770,146780,146775,146782,146797,146749,146757,146761,146761,146767,146827,146761,146775
146871,146898,146909,146912,146912,146912,146931,146890,146899,146902,146902,146906,146922,146902,146909
146937,146974,146985,146989,146971,146978,146988,146967,146974,146978,146978,146982,146990,146978,146985
147013,147050,147063,147068,147068,147067,147067,147043,147050,147054,147054,147058,147070,147054,147061
147098,147127,147139,147162,147143,147150,147156,147121,147128,147132,147132,147136,147162,147132,147139
147192,147207,147218,147222,147234,,,147201,147208,147212,147212,147216,147224,147212,147219
147256,147275,147281,147286,147307,147314,147320,147257,147263,147268,147287,147295,147312,147266,147284
147373,147421,147429,147435,147378,147440,147454,147399,147404,147408,147436,147444,147459,147406,147432
147519,147537,147544,147556,147526,147583,147594,147564,147569,147571,147579,147587,147599,147570,147576
147657,147691,147700,,147671,147696,147700,147668,147674,147680,147715,147723,147722,147677,147712
147727,147769,147780,147786,147881,,,147796,147811,,,147796,,147814,
147901,147914,147928,147934,147906,147919,147931,147902,147908,147911,147916,147923,147937,147909,147916
147948,148009,148020,148038,147953,148013,148022,147997,148009,148013,148013,148017,148025,148013,148021
148093,148141,148155,148157,148098,148163,148173,148107,148114,148120,148159,148167,148176,148117,148155
148241,148274,148313,148320,148246,148306,148315,148241,148248,148253,148302,148310,148322,148251,148299
148381,148453,148473,148514,148482,148517,148533,148384,148392,148400,148457,148470,148488,148396,148453
148591,148659,148687,148698,148617,148679,148689,148611,148620,148624,148676,148683,148691,148622,148672
148834,148852,148864,148870,148910,,,148844,148849,148855,148870,148887,148895,148851,148867
148934,148968,148979,148985,148964,148973,148981,148960,148968,148974,148974,148977,148984,148974,148981
149031,149060,149091,149098,149038,149075,149081,149033,149040,149047,149061,149078,149084,149043,149058
149129,149157,149174,149193,149189,149196,149214,149149,149156,149162,149179,149185,149193,149159,149176
149236,149265,149278,149282,149244,149270,149279,149258,149266,149270,149270,149274,149281,149270,149278
149327,149343,149353,149373,149482,,,149327,149333,149337,149343,149351,149359,149335,149340
149498,149519,149530,149541,149513,149524,149572,149529,149538,,,149529,,149541,
149610,149631,149642,149661,149627,149635,149647,149623,149630,149634,149634,149641,149650,149634,149646
149782,149798,149804,149811,149786,149846,149856,149803,149810,149818,149842,149850,149858,149814,149838
149924,149943,149960,149968,149929,149954,150002,149974,149988,,,149974,,149992,
150027,150060,150071,150104,150056,150064,150074,150052,150060,150064,150064,150068,150076,150064,150072
150146,150212,150221,150230,150225,150225,150233,150184,150190,150203,150211,150220,150229,150193,150208
150270,150287,150297,150305,150283,150291,150299,150279,150286,150290,150290,150295,150302,150290,150298
150338,150361,150372,150377,150357,150365,150376,150352,150360,150364,150364,150370,150379,150364,150374
150399,150414,150429,150435,150446,150445,150445,150409,150414,150418,150421,150428,150435,150416,150421
150472,150509,150522,150549,150506,150514,150532,150485,150491,150495,150510,150518,150538,150493,150507
150594,150654,150664,150668,150650,150658,150667,150645,150653,150657,150657,150661,150670,150657,150665
150695,150708,150716,150722,150700,150726,150734,150694,150707,150716,150723,150730,150736,150712,150719
150761,150792,150807,150815,150767,150775,150797,150761,150770,150778,150791,150797,150800,150773,150787
150835,150866,150876,150881,150842,150871,150879,150858,150865,150869,150869,150874,150881,150869,150878
150923,150956,150965,150972,150930,151008,151016,150925,150933,150941,151003,151011,151018,150937,151000
151129,151162,151174,151177,151157,151166,151175,151151,151162,151166,151166,151170,151177,151166,151173
151201,151241,151249,151256,151237,151244,151251,151232,151240,151244,151244,151247,151254,151244,151250
151290,151323,151344,151351,151318,151327,151333,151290,151302,151311,151322,151330,151336,151307,151319
151385,151404,151417,151419,151400,151408,151418,151396,151404,151407,151407,151412,151420,151407,151416
151441,151463,151471,151473,151483,,,151454,151462,151466,151466,151469,151474,151466,151472
151496,151521,151529,151535,151558,151561,151574,151505,151511,151515,151521,151554,151562,151513,151518
151598,151617,151628,151636,151694,,,151599,151606,151610,151618,151628,151636,151608,151613
151716,151731,151750,151764,151721,151743,151757,151716,151723,151726,151731,151747,151762,151724,151731
151838,151875,151885,151893,151844,151879,151887,151882,151890,,,151882,,151893,
151970,152011,152019,,151981,152014,152029,152002,152010,152017,152032,152040,152039,152013,152029
152043,152081,152100,152105,152121,,,152061,152070,152075,152081,152087,152092,152072,152078
152135,152150,152160,152177,152143,152154,152163,152134,152149,152154,152154,152158,152165,152154,152162
152240,152275,152284,152304,152271,152278,152286,152258,152264,152268,152274,152281,152287,152266,152271
152369,152423,152433,152446,152467,152476,152486,152463,152470,,,152463,,152473,
152564,152605,152641,152648,152715,,,152564,152574,152583,152648,152657,152666,152579,152644
152726,152773,152783,152789,152758,152778,152786,152737,152744,152754,152772,152781,152789,152751,152769
152876,152935,152950,152957,152927,152941,152976,152880,152888,152893,152962,152970,152977,152890,152959
152984,153032,153049,153061,152992,153046,153060,152986,152994,153006,153011,153047,153066,152997,153003
153106,153178,153199,153203,153132,153190,153201,153126,153136,153143,153149,153193,153208,153139,153146
153287,153349,153359,153363,153336,153354,153361,153331,153337,153342,153349,153356,153363,153340,153346
153463,153497,153535,153543,153564,,,153489,153495,153498,153498,153502,153514,153498,153505
153587,153619,153632,153640,153637,153643,153651,153592,153599,153611,153640,153647,153653,153602,153637
153703,153716,153726,153746,153710,153720,153729,153704,153716,153721,153721,153725,153732,153721,153728
153762,153792,153805,153811,153811,,,153784,153792,153796,153796,153801,153816,153796,153806
153831,153868,153889,153918,153939,,,153859,153868,153871,153871,153875,153882,153871,153878
153974,154019,154029,154037,154014,154023,154032,154009,154018,154023,154023,154027,154035,154023,154031
154057,154096,154105,154123,154091,154099,154108,154087,154095,154099,154099,154103,154112,154099,154107
154154,154172,154182,154187,154202,154206,154192,154164,154171,154175,154175,154179,154206,154175,154182
154237,154273,154281,154284,154245,154276,154282,154240,154248,154255,154273,154279,154285,154251,154270
154315,154328,154339,154339,154324,154332,154338,154319,154327,154331,154331,154334,154340,154331,154337
154363,154402,154416,154420,154398,154407,154419,154393,154401,154405,154405,154414,154422,154405,154418
154447,154479,154497,154502,154475,154484,154501,154471,154479,154482,154482,154488,154504,154482,154489
154530,154556,154568,154574,154550,154560,154570,154545,154555,154559,154559,154564,154572,154559,154568
154595,154632,154642,154647,154628,154636,154643,154624,154631,154635,154635,154639,154647,154635,154643
154667,154704,154715,154733,154700,154708,154718,154696,154703,154707,154707,154712,154720,154707,154715
154752,154778,154786,154801,154773,154781,154788,154769,154777,154780,154780,154784,154790,154780,154787
154823,154852,154862,154881,154847,154855,154866,154843,154851,154854,154854,154859,154870,154854,154862
154966,154999,155009,155019,154994,155002,155012,154989,154998,155002,155002,155006,155015,155002,155010
155059,155073,155084,155088,155069,155105,155114,155064,155072,155080,155101,155109,155116,155075,155098
155152,155167,155184,155192,155158,155171,155178,155152,155166,155170,155170,155174,155179,155170,155176
155207,155255,155276,155281,155236,155261,155279,155208,155216,155223,155241,155275,155283,155219,155237
155327,155371,155385,155389,155336,155377,155388,155327,155341,155349,155355,155383,155391,155345,155352
155407,155445,155456,155459,155414,155451,155458,155408,155417,155424,155446,155454,155461,155421,155443
155491,155517,155529,155535,155496,155561,155568,155505,155511,155518,155557,155564,155571,155514,155553
155642,155664,155668,155683,155726,155735,155743,155668,155671,155675,155706,155715,155731,155673,155702
155789,155806,155815,155838,155796,155811,155864,155842,155849,,,155842,,155853,
155883,155901,155915,155918,155937,155949,155961,155892,155899,155904,155920,155928,155945,155901,155917
156001,156022,156031,156037,156007,156042,156057,156017,156022,156029,156037,156053,156060,156026,156033
156094,156126,156136,156142,156142,,,156135,156146,,,156135,,156150,
156160,156209,156215,156228,156205,156218,156221,156201,156207,156213,156218,156223,156229,156210,156215
156251,156284,156291,156293,156270,156287,156292,156265,156271,156276,156283,156289,156296,156274,156279
156323,156353,156368,156373,156402,156408,156415,156397,156404,,,156397,,156408,
156461,156502,156511,156512,156479,156508,156512,156473,156484,156491,156499,156509,156515,156488,156494
156557,156596,156606,156613,156561,156569,156638,156557,156564,156572,156628,156635,156642,156568,156625
156704,156722,156728,156733,156717,156725,156730,156713,156720,156723,156723,156726,156733,156723,156729
156788,156802,156813,156815,156795,156806,156814,156787,156801,156805,156805,156809,156816,156805,156813
156846,156879,156893,156900,156873,156882,156896,156867,156877,156881,156881,156885,156900,156881,156887
156941,156954,156965,156973,156948,156958,156969,156943,156951,156959,156959,156965,156972,156954,156959
157011,157026,157035,157044,157159,,,157013,157023,157033,157094,157101,157107,157027,157091
157171,157188,157204,,157182,157196,157215,157179,157187,157201,157206,157212,157216,157190,157203
157219,157232,157243,157253,157227,157236,157247,157222,157230,157234,157234,157241,157252,157234,157248
157271,157299,157310,157319,157294,157302,157314,157290,157297,157300,157300,157305,157318,157300,157307
157339,157364,157372,157376,157359,157367,157375,157354,157362,157366,157366,157370,157377,157366,157373
157420,157433,157451,157456,157427,157445,157453,157423,157430,157437,157442,157449,157456,157433,157439
157493,157508,157513,157528,157501,157519,157527,157496,157504,157511,157516,157522,157529,157507,157513
157572,157585,157593,157595,157579,157587,157594,157574,157583,157586,157586,157590,157596,157586,157593
157649,157664,157674,157682,157659,157667,157681,157655,157663,157666,157666,157670,157686,157666,157673
157712,157741,157754,157759,157735,157744,157758,157730,157739,157742,157742,157747,157763,157742,157750
157778,157814,157823,157827,157809,157818,157826,157804,157812,157816,157816,157821,157828,157816,157824
157856,157888,157907,157911,157883,157891,157899,157878,157887,157890,157890,157894,157900,157890,157897
157948,157961,157971,157987,157955,157964,158028,157950,157959,157968,157985,158024,158032,157963,157982
158080,158104,158123,158128,158099,158107,158114,158094,158102,158106,158106,158110,158116,158106,158113
158159,158173,158184,158191,158167,158176,158187,158163,158171,158175,158175,158179,158193,158175,158182
158228,158246,158254,158255,158240,158248,158254,158235,158243,158247,158247,158251,158257,158247,158254
158307,158321,158339,158343,158315,158323,158329,158310,158318,158322,158322,158326,158331,158322,158328
158384,158398,158414,158420,158392,158401,158409,158387,158396,158399,158399,158404,158410,158399,158406
158439,158479,158496,158501,158474,158482,158498,158469,158477,158480,158480,158485,158503,158480,158487
158548,158562,158576,158586,158557,158566,158581,158551,158561,158565,158565,158569,158587,158565,158572
158615,158641,158658,158666,158636,158645,158661,158631,158640,158644,158644,158648,158666,158644,158650
158685,158718,158725,158728,158713,158721,158727,158708,158716,158719,158719,158723,158729,158719,158726
158781,158794,158801,158803,158788,158796,158802,158783,158791,158795,158795,158799,158805,158795,158802
158857,158873,158879,158894,158866,158885,158893,158860,158869,158877,158881,158889,158897,158872,158881
158933,158948,158964,158968,158941,158955,158967,158935,158945,158955,158955,158962,158969,158948,158955
159010,159024,159038,159039,159017,159030,159038,159012,159020,159028,159028,159034,159048,159023,159028
159065,159098,159114,159118,159093,159102,159115,159088,159096,159099,159099,159104,159120,159099,159105
159135,159172,159181,159192,159166,159176,159191,159161,159170,159173,159173,159178,159196,159173,159181
159230,159243,159266,159269,159237,159246,159267,159232,159240,159248,159255,159263,159270,159244,159251
159297,159313,159334,159337,159307,159315,159321,159303,159310,159314,159314,159318,159323,159314,159320
159372,159385,159402,159406,159379,159395,159403,159374,159382,159388,159393,159399,159406,159385,159390
159443,159458,159476,159483,159453,159461,159467,159449,159457,159460,159460,159464,159469,159460,159466
159526,159539,159550,159567,159534,159542,159552,159529,159537,159541,159541,159546,159554,159541,159550
159590,159618,159630,159647,159613,159622,159632,159608,159617,159621,159621,159627,159635,159621,159631
159685,159698,159708,159711,159694,159702,159710,159690,159697,159701,159701,159705,159713,159701,159708
159739,159777,159792,159799,159772,159781,159798,159767,159776,159780,159780,159784,159800,159780,159787
159817,159854,159865,159869,159849,159858,159868,159845,159853,159857,159857,159862,159873,159857,159865
159894,159927,159938,159943,159943,,,159920,159927,159931,159931,159935,159946,159931,159939
159965,159995,160007,160016,159991,159999,160015,159987,159995,159999,159999,160003,160019,159999,160006
160034,160060,160071,160076,160056,160064,160075,160052,160060,160063,160063,160068,160082,160063,160071
160096,160123,160132,,160101,160127,160141,160116,160123,160126,160126,160130,160146,160126,160133
160155,160187,160198,160209,160184,160191,160201,160180,160187,160191,160191,160195,160209,160191,160198
160247,160283,160292,160295,160269,160286,160294,160263,160271,160276,160282,160289,160295,160273,160279
160337,160352,160370,160390,160346,160408,160416,160397,160404,160407,160407,160411,160419,160407,160415
160468,160482,160491,160504,160477,160485,160498,160472,160481,160484,160484,160488,160503,160484,160491
160525,160558,160569,160572,160555,160562,160571,160551,160558,160562,160562,160566,160573,160562,160569
160595,160638,160647,160659,160634,160641,160649,160629,160637,160641,160641,160645,160651,160641,160647
160679,160712,160722,160728,160707,160715,160723,160772,160779,,,160772,,160783,
160880,160914,160921,160924,160909,160917,160923,160905,160913,160916,160916,160920,160925,160916,160922
160949,160981,160989,160992,160977,160984,160991,160972,160980,160983,160983,160987,160993,160983,160990
161021,161051,161062,161066,161047,161055,161063,161043,161051,161054,161054,161058,161065,161054,161061
161089,161123,161134,161139,161120,161127,161138,161116,161123,161127,161127,161131,161146,161127,161134
161156,161197,161207,161213,161176,161201,161212,161190,161197,161200,161200,161204,161216,161200,161207
161234,161272,161281,161289,161268,161275,161283,161264,161271,161275,161275,161279,161286,161275,161282
161354,161370,161383,161399,161359,161418,161426,161407,161414,161418,161418,161421,161427,161418,161424
161492,161508,161517,161521,161542,161550,161564,161515,161521,,,161515,,161524,
161583,161610,161618,161621,161605,161613,161619,161601,161609,161612,161612,161615,161622,161612,161618
161653,161673,161683,161688,161669,161676,161684,161665,161672,161676,161676,161680,161686,161676,161683
161715,161743,161765,161775,161738,161746,161755,161734,161741,161745,161745,161749,161758,161745,161752
161794,161820,161830,161833,161816,161824,161832,161812,161820,161824,161824,161828,161834,161824,161831
161857,161900,161910,161916,161896,161904,161912,161892,161900,161903,161903,161907,161914,161903,161910
161937,161954,161962,161979,161975,161982,161990,161971,161978,161981,161981,161985,161992,161981,161988
162068,162109,162126,162131,162075,162114,162128,162086,162100,162107,162110,162115,162133,162103,162110
162166,162204,162213,,162200,162207,162221,162196,162203,162207,162207,162211,162226,162207,162214
162237,162251,162264,162269,162285,,,162242,162249,162256,162258,162263,162271,162252,162258
162306,162337,162359,162364,162332,162341,162360,162327,162335,162339,162339,162344,162365,162339,162347
162390,162427,162436,162442,162396,162402,162439,162406,162412,162419,162425,162433,162443,162415,162422
162502,162521,162540,162547,162512,162533,162542,162502,162516,162523,162529,162537,162546,162519,162526
162615,162634,162661,162671,162623,162647,162666,162617,162633,162640,162643,162663,162671,162636,162643
162706,162744,162755,162770,162814,,,162736,162744,162747,162747,162752,162760,162747,162756
162827,162853,162859,162868,162837,162857,162886,162859,162866,,,162859,,162869,
162923,162957,162968,162973,162929,162961,162972,162924,162932,162941,162957,162965,162974,162935,162954
162991,163022,163031,,163018,163026,163040,163014,163022,163025,163025,163029,163041,163025,163032
163055,163086,163096,163101,163082,163089,163097,163093,163100,,,163093,,163103,
163185,163215,163224,,163237,,,163209,163216,163219,163219,163223,163228,163219,163225
163252,163289,163299,163314,163302,163317,163325,163283,163290,163293,163293,163297,163315,163293,163300
163378,163430,163439,163443,163537,,,163403,163415,163422,163444,163452,163466,163419,163441
163556,163574,163589,163594,163613,163618,163635,163568,163573,163578,163595,163603,163618,163576,163592
163653,163666,163678,163690,163683,163695,163706,163654,163667,163671,163671,163676,163737,163671,163680
163774,163804,163814,163818,163800,163808,163817,163796,163804,163807,163807,163811,163819,163807,163815
163839,163869,163880,163884,163884,,,163863,163870,163874,163874,163878,163886,163874,163882
163908,163921,163933,163938,163955,163973,163988,163908,163916,163921,163939,163948,163970,163918,163936
164021,164055,164064,164066,164027,164088,164097,164039,164053,164061,164084,164092,164100,164057,164081
164168,164203,164218,164241,164232,164233,164247,164168,164177,164185,164205,164214,164239,164180,164202
164271,164312,164325,164336,164280,164316,164332,164272,164284,164293,164312,164320,164386,164289,164309
164418,164456,164465,164474,164451,164459,164468,164422,164431,164440,164455,164463,164471,164435,164452
164554,164589,164604,164611,164584,164591,164596,164579,164586,164589,164589,164593,164598,164589,164595
164638,164656,164675,164684,164723,164729,164737,164648,164654,164661,164682,164718,164727,164657,164678
164779,164805,164829,164834,164879,,,164795,164803,164810,164814,164818,164824,164806,164814
164903,164964,164973,164976,164960,164968,164975,164955,164963,164966,164966,164971,164977,164966,164974
165017,165047,165064,165070,165042,165050,165066,165038,165045,165049,165049,165053,165072,165049,165055
165091,165125,165134,165140,165120,165128,165139,165115,165123,165127,165127,165132,165145,165127,165136
165163,165200,165209,,165195,165204,165219,165190,165199,165203,165203,165207,165220,165203,165210
165236,165272,165290,165299,165266,165276,165295,165262,165269,165278,165283,165290,165298,165273,165280
165348,165365,165394,165407,165357,165374,165402,165347,165361,165377,165384,165397,165405,165364,165380
165523,165538,165556,165564,165532,165540,165546,165527,165535,165539,165539,165543,165548,165539,165545
165645,165707,165724,,165697,165710,,165678,165685,165692,165712,165724,165737,165688,165696
165747,165800,165832,165841,165757,165828,165837,165751,165760,165769,165788,165832,165840,165764,165785
165910,165948,165989,165997,165917,165957,165965,165912,165920,165927,165935,165959,165971,165923,165930
166037,166071,166081,166085,166067,166075,166084,166063,166070,166074,166074,166078,166086,166074,166082
166110,166142,166152,166157,166137,166145,166153,166133,166140,166144,166144,166148,166155,166144,166151
166221,166278,166296,166300,166273,166281,166287,166269,166276,166280,166280,166283,166289,166280,166286
166333,166366,166379,166384,166340,166373,166383,166335,166343,166358,166367,166378,166388,166346,166362
166426,166481,166488,166490,166475,166482,166489,166470,166478,166481,166481,166486,166493,166481,166488
166514,166547,166554,166554,166541,166550,166554,166537,166544,166547,166547,166551,166556,166547,166554
166586,166622,166632,166635,166608,166627,166634,166604,166611,166617,166623,166630,166637,166614,166620
166672,166689,166724,166728,166680,166696,166706,166674,166682,166689,166689,166700,166712,166685,166689
166747,166766,166777,166779,166755,166771,166778,166750,166758,166764,166768,166775,166781,166760,166768
166800,166837,166844,,166832,166840,166862,166827,166835,166838,166838,166842,166863,166838,166844
166880,166913,166933,166937,166909,166918,166921,166905,166912,166915,166915,166919,166923,166915,166921
166954,166988,167016,167032,166982,166992,167008,166978,166986,166990,166990,166995,167043,166990,166998
167072,167089,167110,167112,167126,,,167072,167087,167095,167101,167108,167114,167091,167098
167144,167202,167218,167230,167197,167206,167222,167192,167200,167210,167210,167217,167227,167204,167210
167288,167340,167356,167364,167314,167345,167363,167331,167339,167342,167342,167346,167368,167342,167347
167395,167411,167420,167432,167405,167414,167425,167399,167409,167413,167413,167418,167430,167413,167425
167449,167476,167502,167505,167471,167482,167494,167467,167475,167478,167478,167488,167495,167478,167492
167533,167546,167562,167570,167540,167554,167565,167535,167543,167552,167552,167560,167568,167546,167552
167601,167616,167632,167634,167609,167623,167632,167604,167612,167621,167621,167628,167636,167615,167621
167671,167685,167702,167727,167679,167689,167710,167674,167683,167692,167695,167700,167714,167686,167695
167744,167759,167774,167779,167752,167764,167778,167747,167756,167760,167760,167770,167783,167760,167775
167818,167832,167846,167854,167826,167837,167853,167821,167830,167834,167834,167842,167857,167834,167846
167890,167905,167921,167924,167972,,,167967,167975,,,167919,,167977,
168010,168028,168044,168063,168053,168068,168069,168045,168062,,,168045,,168066,
168116,168149,168157,168161,168122,168153,168160,168139,168148,168151,168151,168156,168163,168151,168158
168184,168204,168237,168245,168192,168225,168241,168186,168195,168205,168221,168228,168246,168198,168218
168263,168283,168301,168315,168276,168289,168308,168271,168281,168291,168291,168300,168314,168284,168291
168419,168456,168472,168484,168478,168528,168540,168446,168456,168467,168467,168473,168482,168461,168467
168618,168633,168644,168659,168649,168714,168724,168642,168656,,,168642,,168666,
168796,168811,168829,168833,168801,168822,168832,168795,168805,168811,168811,168828,168835,168808,168811
168870,168947,168977,169038,169020,169048,169080,168934,168949,168960,168960,168970,169041,168960,168975
169178,169203,169221,169241,169228,169249,169266,169222,169231,,,169222,,169233,
169309,169337,169343,,169316,169340,169358,169310,169317,169324,169333,169341,169354,169320,169328
169379,169426,169433,169433,169404,169430,169433,169399,169406,169413,169422,169431,169438,169409,169416
169492,169532,169546,169555,169499,169539,169554,169494,169501,169508,169516,169544,169559,169505,169511
169583,169627,169634,169639,169604,169611,169637,169599,169606,169614,169624,169632,169639,169610,169619
169683,169720,169730,169737,169716,169724,169732,169711,169719,169723,169723,169727,169736,169723,169731
169790,169809,169817,169825,169804,169811,169820,169800,169807,169811,169811,169815,169824,169811,169819
169878,169909,169917,169935,169887,169926,169934,169883,169890,169898,169907,169929,169935,169894,169903
169970,169998,170007,170013,169977,169984,170010,169972,169979,169987,169997,170005,170012,169983,169991
170065,170097,170113,170122,170072,170108,170121,170067,170075,170083,170093,170111,170126,170078,170086
170160,170189,170199,170203,170167,170194,170203,170162,170170,170178,170188,170197,170206,170173,170184
170241,170279,170292,170300,170264,170286,170299,170258,170266,170274,170281,170290,170307,170269,170278
170335,170367,170380,170384,170349,170375,170383,170344,170353,170362,170370,170378,170385,170356,170367
170423,170453,170464,170468,170434,170458,170467,170428,170438,170446,170454,170462,170469,170442,170450
170511,170539,170553,170559,170522,170547,170558,170516,170526,170534,170541,170551,170563,170529,170537
170606,170631,170645,170649,170616,170639,170648,170610,170621,170629,170635,170643,170649,170625,170632
170705,170725,170742,170748,170713,170735,170747,170708,170717,170726,170730,170741,170750,170721,170730
170787,170813,170832,170839,170804,170826,170838,170798,170807,170817,170823,170831,170845,170811,170820
170881,170903,170920,170928,170890,170914,170927,170884,170895,170903,170909,170918,170933,170899,170906
170971,170994,171010,171019,170980,171004,171018,170974,170983,170994,171000,171008,171023,170987,170997
171063,171087,171103,171108,171073,171097,171107,171067,171077,171085,171090,171102,171110,171080,171087
171155,171176,171191,171200,171164,171186,171199,171158,171169,171178,171181,171189,171204,171173,171181
171240,171268,171287,171293,171256,171281,171292,171250,171262,171272,171277,171286,171297,171267,171274
171339,171362,171381,171385,171350,171375,171384,171344,171354,171366,171372,171379,171388,171362,171369
171432,171454,171472,171478,171442,171465,171477,171436,171446,171456,171460,171471,171487,171450,171460
171512,171540,171558,171564,171529,171551,171563,171523,171534,171543,171546,171557,171569,171538,171546
171605,171628,171645,171649,171614,171638,171648,171608,171618,171627,171633,171643,171652,171622,171630
171691,171715,171732,171737,171701,171725,171736,171695,171705,171714,171720,171730,171740,171709,171717
171782,171804,171821,171825,171792,171815,171824,171786,171796,171806,171811,171819,171826,171802,171811
171874,171895,171913,171918,171883,171906,171917,171877,171886,171898,171899,171911,171921,171890,171899
171961,171985,172001,172006,171970,171994,172005,171964,171973,171983,171988,171999,172008,171976,171988
172051,172075,172092,172096,172060,172085,172095,172054,172065,172075,172080,172090,172098,172070,172077
172143,172167,172183,172188,172152,172176,172187,172146,172156,172165,172169,172181,172192,172159,172169
172237,172260,172276,172280,172246,172269,172279,172240,172250,172259,172265,172274,172284,172254,172262
172325,172348,172365,172368,172335,172358,172367,172329,172338,172348,172353,172363,172371,172342,172353
172413,172438,172454,172458,172422,172448,172457,172415,172425,172438,172442,172452,172462,172433,172442
172500,172528,172540,172544,172509,172534,172543,172503,172512,172521,172528,172538,172553,172515,172524
172587,172613,172628,172632,172597,172620,172631,172590,172601,172609,172614,172626,172636,172605,172614
172672,172698,172713,172718,172681,172706,172717,172675,172685,172693,172700,172711,172720,172688,172697
172761,172788,172798,172802,172770,172794,172820,172764,172773,172781,172787,172796,172813,172776,172784
172857,172886,172895,172901,172865,172891,172901,172860,172868,172876,172885,172894,172906,172871,172881
172936,172980,172990,172993,172960,172984,172992,172955,172963,172971,172979,172988,172996,172967,172975
173040,173073,173107,173109,173144,,,173045,173053,173061,173070,173104,173111,173057,173065
173199,173246,173255,173263,173241,173248,173258,173236,173244,173247,173247,173252,173262,173247,173258
173313,173334,173345,173353,173330,173337,173348,173325,173333,173336,173336,173341,173352,173336,173348
173385,173426,173435,173444,173421,173429,173438,173417,173424,173428,173428,173432,173442,173428,173437
173502,173522,173531,173539,173517,173525,173534,173512,173520,173523,173523,173529,173539,173523,173534
173595,173630,173641,173644,173610,173618,173642,173605,173613,173621,173629,173637,173646,173616,173625
173697,173726,173738,173741,173705,173731,173740,173700,173708,173716,173725,173734,173743,173711,173719
173787,173828,173858,,173805,173845,173862,173801,173808,173816,173827,173857,173865,173811,173819
173878,173924,173932,173934,173903,173927,173933,173898,173906,173915,173923,173930,173935,173910,173919
173986,174015,174080,174091,173993,174020,174029,173988,173996,174003,174016,174024,174037,173999,174013
174131,174199,174208,,174179,174186,174193,174174,174181,174189,174217,174227,174226,174185,174214
174234,174276,174284,174286,174269,174280,174286,174265,174273,174276,174276,174281,174290,174276,174285
174381,174407,174414,174422,174465,174467,174484,174461,174469,,,174413,,174472,
174515,174565,174577,174587,174561,174569,174581,174556,174564,174568,174568,174574,174584,174568,174580
174636,174663,174675,174684,174659,174667,174679,174655,174662,174665,174665,174670,174682,174665,174673
174738,174762,174773,174781,174758,174766,174775,174753,174761,174765,174765,174769,174779,174765,174773
174833,174854,174864,174871,174849,174857,174866,174845,174852,174856,174856,174861,174870,174856,174865
174924,174946,174957,174966,175039,175047,175057,174937,174945,174953,174963,175035,175043,174948,174959
175125,175145,175157,175164,175141,175149,175159,175136,175144,175148,175148,175153,175162,175148,175158
175222,175241,175252,175261,175236,175244,175255,175231,175239,175243,175243,175249,175259,175243,175255
175291,175341,175351,175359,175336,175344,175354,175331,175339,175343,175343,175349,175357,175343,175353
175388,175442,175453,175458,175438,175445,175454,175433,175441,175444,175444,175449,175458,175444,175452
175513,175540,175551,175558,175536,175544,175553,175531,175539,175542,175542,175547,175557,175542,175552
175612,175638,175649,175657,175633,175641,175651,175629,175636,175640,175640,175645,175654,175640,175650
175710,175735,175747,175756,175731,175739,175750,175727,175734,175738,175738,175742,175753,175738,175745
175812,175832,175842,175852,175827,175835,175846,175823,175830,175834,175834,175838,175850,175834,175847
175912,175933,175942,175951,175928,175936,175945,175923,175931,175934,175934,175939,175949,175934,175943
176017,176037,176045,176054,176032,176039,176048,176027,176035,176038,176038,176042,176054,176038,176045
176200,176233,176237,176251,176227,176235,176244,176222,176229,176232,176232,176237,176250,176232,176239
176321,176403,176427,,176327,176335,176345,176322,176330,176339,176436,176445,176444,176333,176431
176448,176512,176530,176532,176456,176524,176531,176477,176485,176490,176520,176527,176534,176487,176517
176600,176640,176651,176658,176742,,,176631,176639,176642,176642,176647,176657,176642,176651
176757,176781,176795,176807,176761,176784,176800,176772,176779,176783,176783,176787,176808,176783,176789
176830,176850,176862,176871,176846,176854,176866,176841,176849,176852,176852,176857,176870,176852,176859
176928,176954,176964,176972,176949,176957,176966,176944,176952,176956,176956,176961,176970,176956,176965
177042,177073,177080,177080,177050,177059,177080,177045,177053,177061,177071,177078,177083,177056,177066
177141,177171,177181,177185,177148,177176,177184,177144,177151,177159,177171,177180,177186,177155,177163
177244,177273,177285,177289,177251,177278,177286,177246,177254,177262,177272,177282,177290,177258,177266
177331,177377,177387,177390,177353,177381,177388,177349,177356,177364,177377,177385,177392,177360,177367
177454,177484,177495,177500,177462,177490,177499,177457,177465,177473,177484,177493,177500,177468,177480
177558,177586,177596,177600,177565,177592,177600,177560,177568,177577,177586,177595,177603,177572,177582
177657,177685,177699,177719,177664,177710,177718,177659,177667,177675,177683,177714,177721,177670,177678
177758,177787,177801,177803,177766,177792,177801,177761,177769,177777,177787,177796,177804,177773,177781
177860,177876,177883,177889,177868,177879,177886,177863,177872,177876,177876,177882,177889,177876,177886
177957,177989,177998,178005,177967,177993,178004,177962,177970,177978,177988,177997,178009,177973,177985
178052,178077,178084,178092,178070,178080,178088,178066,178073,178077,178077,178083,178092,178077,178087
178163,178176,178184,178192,178170,178178,178187,178166,178174,178177,178177,178182,178191,178177,178185
178258,178271,178278,178286,178266,178273,178281,178261,178268,178272,178272,178276,178286,178272,178279
178347,178372,178381,178387,178366,178375,178383,178361,178369,178373,178373,178379,178387,178373,178383
178460,178473,178480,178488,178467,178475,178482,178462,178470,178474,178474,178478,178486,178474,178481
178549,178587,178599,178602,178565,178593,178601,178560,178568,178576,178587,178597,178605,178571,178579
178658,178688,178697,178702,178666,178693,178701,178661,178669,178679,178687,178696,178706,178672,178684
178758,178785,178795,178799,178765,178790,178798,178759,178768,178777,178785,178793,178806,178771,178782
178848,178875,178887,178889,178856,178881,178888,178850,178859,178867,178876,178885,178891,178862,178872
178937,178967,178977,178980,178945,178971,178979,178939,178948,178957,178967,178975,178983,178951,178964
179028,179055,179066,179072,179035,179060,179071,179029,179038,179046,179054,179064,179078,179041,179050
179114,179144,179153,179156,179123,179148,179155,179118,179126,179134,179143,179151,179158,179129,179140
179214,179242,179255,179270,179221,179229,179270,179217,179224,179232,179239,179265,179272,179228,179235
179318,179331,179340,179348,179326,179333,179342,179321,179329,179332,179332,179337,179346,179332,179341
179408,179428,179437,179445,179423,179431,179440,179418,179426,179430,179430,179435,179445,179430,179439
179512,179527,179537,179545,179521,179530,179540,179517,179525,179528,179528,179534,179544,179528,179538
179603,179625,179636,179642,179620,179628,179638,179615,179623,179627,179627,179632,179641,179627,179635
179698,179718,179728,179737,179713,179721,179731,179709,179716,179720,179720,179725,179735,179720,179728
179867,179908,179919,179928,179904,179912,179922,179900,179907,179911,179911,179916,179926,179911,179922
179954,179999,180009,180017,179995,180002,180012,179990,179998,180002,180002,180006,180016,180002,180010
180044,180083,180093,180103,180079,180087,180096,180075,180082,180086,180086,180091,180100,180086,180096
180133,180171,180179,180188,180166,180174,180182,180162,180169,180173,180173,180177,180186,180173,180180
180224,180251,180259,180268,180246,180254,180262,180242,180249,180253,180253,180257,180266,180253,180260
180316,180358,180369,,180321,180328,180378,180317,180324,180332,180358,180368,180382,180328,180354
180395,180417,180426,180435,180412,180420,180429,180408,180416,180419,180419,180424,180433,180419,180428
180487,180507,180516,180526,180503,180510,180520,180499,180506,180509,180509,180514,180523,180509,180518
180551,180599,180610,180619,180595,180603,180613,180591,180599,180602,180602,180607,180617,180602,180613
180648,180701,180712,180721,180697,180705,180714,180693,180700,180704,180704,180709,180718,180704,180712
180776,180807,180819,180840,180803,180811,180822,180799,180807,180810,180810,180815,180825,180810,180818
180869,180902,180912,180921,180898,180905,180915,180893,180901,180904,180904,180909,180919,180904,180914
180979,181000,181010,181022,180995,181003,181015,180991,180998,181001,181001,181006,181020,181001,181008
181048,181101,181110,181121,181096,181104,181114,181091,181099,181103,181103,181108,181117,181103,181112
181174,181213,181223,181226,181190,181198,181226,181186,181194,181201,181212,181221,181229,181197,181205
181282,181295,181304,181312,181289,181298,181307,181284,181292,181296,181296,181302,181311,181296,181307
181380,181393,181403,181411,181387,181397,181407,181382,181390,181394,181394,181401,181410,181394,181407
181471,181500,181509,181511,181479,181505,181511,181474,181482,181490,181499,181507,181513,181485,181494
181569,181599,181608,181610,181576,181603,181609,181571,181579,181587,181599,181606,181612,181582,181596
181668,181696,181706,181708,181676,181701,181707,181671,181678,181686,181696,181704,181711,181682,181689
181752,181777,181781,181787,181769,181792,181799,181765,181772,181780,181788,181795,181803,181775,181784
181850,181888,181899,181904,181866,181893,181901,181861,181869,181879,181888,181896,181905,181872,181884
181946,181986,181998,181999,181963,181971,181999,181959,181966,181975,181983,181996,182002,181970,181978
182041,182067,182075,182081,182060,182070,182078,182055,182064,182067,182067,182073,182082,182067,182078
182150,182180,182189,182192,182157,182185,182191,182152,182160,182171,182180,182187,182193,182163,182176
182253,182281,182293,182297,182260,182287,182295,182255,182263,182274,182282,182290,182299,182266,182278
182351,182379,182392,182395,182359,182384,182392,182353,182362,182372,182380,182388,182395,182367,182376
182443,182472,182484,182487,182452,182478,182486,182446,182455,182466,182473,182482,182490,182458,182470
182542,182571,182583,182588,182551,182576,182587,182545,182554,182563,182571,182581,182591,182558,182567
182642,182669,182682,182687,182651,182676,182686,182645,182654,182663,182671,182680,182692,182658,182667
182736,182765,182776,182781,182745,182772,182806,182739,182749,182759,182766,182775,182793,182754,182763
182835,182864,182878,182882,182844,182872,182882,182838,182848,182857,182865,182876,182884,182853,182861
182935,182958,182975,182980,182944,182969,182979,182938,182949,182958,182964,182973,182987,182954,182961
183028,183058,183070,183075,183038,183066,183075,183032,183043,183053,183060,183068,183083,183048,183056
183126,183156,183167,183173,183136,183162,183172,183130,183140,183149,183156,183166,183181,183145,183153
183227,183254,183267,183270,183236,183261,183269,183229,183240,183249,183256,183265,183273,183244,183252
183319,183347,183359,183363,183328,183354,183363,183322,183332,183341,183349,183357,183367,183335,183345
183417,183446,183457,183461,183427,183453,183477,183421,183430,183441,183448,183455,183472,183434,183445
183518,183546,183557,183562,183527,183553,183562,183521,183530,183538,183547,183555,183569,183533,183543
183609,183629,183647,183651,183616,183641,183650,183610,183619,183632,183637,183645,183658,183622,183627
183697,183724,183735,183740,183704,183729,183739,183699,183707,183715,183724,183733,183743,183710,183720
183789,183815,183827,183834,183795,183821,183831,183790,183798,183807,183815,183825,183834,183802,183811
183877,183903,183914,183919,183884,183908,183918,183879,183887,183896,183904,183912,183923,183891,183900
183964,183991,184002,184012,183971,183996,184011,183966,183974,183983,183991,184000,184016,183977,183988
184058,184086,184098,184102,184065,184090,184099,184060,184068,184077,184086,184094,184103,184071,184082
184153,184167,184175,184181,184160,184186,184193,184155,184163,184172,184182,184190,184197,184167,184179
184240,184265,184279,184282,184247,184272,184281,184242,184250,184258,184266,184277,184285,184253,184261
184329,184358,184368,184376,184337,184364,184376,184331,184339,184352,184358,184372,184381,184342,184355
184425,184452,184463,184467,184433,184459,184467,184427,184435,184447,184453,184461,184469,184438,184450
184520,184545,184559,184562,184528,184554,184562,184522,184531,184541,184548,184557,184565,184535,184545
184610,184636,184649,184654,184618,184644,184654,184612,184621,184634,184639,184647,184661,184623,184636
184707,184733,184748,184752,184716,184744,184752,184710,184719,184733,184738,184746,184755,184721,184735
184806,184832,184847,184849,184815,184842,184849,184809,184819,184829,184836,184845,184852,184823,184832
184898,184922,184939,184943,184907,184933,184942,184901,184912,184921,184928,184938,184946,184916,184924
184993,185020,185034,185040,185003,185028,185039,184996,185009,185017,185022,185032,185042,185013,185022
185092,185116,185132,185137,185101,185126,185136,185095,185105,185115,185121,185130,185141,185110,185118
185185,185206,185224,185228,185194,185218,185227,185188,185198,185208,185214,185222,185230,185202,185211
185279,185306,185320,185326,185289,185314,185325,185282,185293,185303,185309,185319,185328,185298,185306
185377,185405,185418,185423,185387,185412,185422,185381,185391,185400,185407,185416,185431,185395,185403
185471,185490,185508,185511,185480,185502,185510,185474,185484,185493,185498,185506,185514,185488,185498
185555,185581,185594,185598,185564,185589,185597,185559,185568,185578,185585,185592,185599,185571,185582
185647,185676,185692,185695,185657,185683,185694,185651,185660,185669,185676,185690,185698,185664,185673
185746,185775,185785,185789,185754,185780,185789,185749,185758,185766,185774,185783,185794,185761,185770
185845,185870,185883,185889,185852,185875,185885,185847,185855,185862,185870,185881,185889,185858,185865
185936,185964,185974,185976,185943,185970,185976,185938,185946,185955,185964,185972,185979,185950,185959
186034,186063,186072,186096,186041,186088,186095,186036,186044,186053,186062,186091,186097,186047,186058
186135,186165,186175,186180,186142,186151,186178,186137,186145,186153,186164,186173,186181,186149,186157
186230,186257,186268,186276,186238,186263,186276,186233,186241,186248,186256,186271,186281,186244,186251
186329,186358,186368,186373,186336,186362,186372,186331,186339,186348,186357,186366,186376,186342,186353
186428,186456,186467,186476,186436,186461,186475,186431,186439,186449,186456,186465,186480,186442,186453
186527,186551,186564,186567,186534,186557,186567,186528,186537,186545,186550,186562,186570,186540,186547
186619,186644,186658,186662,186628,186653,186662,186622,186631,186641,186646,186657,186666,186635,186646
186717,186745,186756,186763,186726,186751,186762,186720,186729,186739,186746,186754,186768,186733,186743
186817,186841,186857,186861,186826,186850,186860,186820,186829,186839,186846,186855,186864,186833,186843
186912,186937,186951,186955,186921,186945,186954,186915,186924,186933,186940,186949,186958,186927,186936
187009,187039,187050,187055,187018,187045,187055,187012,187021,187032,187039,187048,187062,187026,187036
187110,187137,187149,187153,187118,187143,187152,187112,187121,187133,187139,187147,187157,187124,187136
187208,187226,187229,187233,187215,187239,187250,187210,187219,187228,187235,187244,187255,187223,187232
187298,187324,187338,187342,187307,187332,187341,187301,187310,187321,187328,187336,187344,187313,187325
187396,187425,187436,187441,187404,187431,187440,187399,187407,187418,187426,187435,187445,187411,187423
187497,187524,187536,187540,187505,187530,187539,187500,187508,187519,187526,187534,187544,187511,187522
187591,187617,187628,187632,187599,187622,187631,187593,187602,187610,187618,187626,187635,187605,187614
187685,187713,187722,187725,187693,187718,187725,187687,187696,187706,187713,187720,187727,187700,187709
187785,187812,187823,187831,187792,187818,187827,187787,187795,187802,187812,187821,187830,187798,187806
187882,187895,187902,187909,187889,187898,187905,187884,187892,187895,187895,187900,187909,187895,187904
187976,187989,187997,188006,187983,187991,188001,187979,187986,187990,187990,187995,188005,187990,188001
188112,188182,188191,188199,188177,188185,188194,188172,188180,188183,188183,188188,188198,188183,188194
188282,188366,188374,188384,188361,188369,188456,188356,188364,188372,188382,188451,188459,188367,188378
188602,188641,188651,188661,188636,188644,188655,188632,188639,188643,188643,188647,188659,188643,188649
188694,188735,188744,188753,188828,188836,188845,188824,188831,,,188742,,188835,
188914,188927,188934,188941,188921,188946,188954,188916,188924,188932,188942,188950,188958,188927,188937
189009,189037,189049,189052,189015,189023,189050,189010,189018,189026,189035,189044,189053,189022,189030
189105,189118,189127,189132,189112,189120,189128,189107,189115,189119,189119,189123,189134,189119,189126
189188,189211,189220,189229,189205,189214,189223,189201,189209,189212,189212,189218,189227,189212,189223
189282,189304,189314,189325,189299,189307,189318,189295,189303,189306,189306,189311,189322,189306,189316
189383,189403,189412,189418,189398,189406,189414,189394,189401,189405,189405,189409,189417,189405,189413
189482,189495,189504,189512,189490,189497,189506,189485,189493,189496,189496,189501,189511,189496,189504
189609,189684,189692,189700,189679,189687,189695,189674,189682,189686,189686,189690,189698,189686,189694
189760,189788,189798,189807,189783,189791,189880,189779,189786,189795,189805,189875,189883,189790,189800
190034,190092,190102,190111,190184,,,190083,190091,190095,190095,190100,190108,190095,190104
190199,190222,190231,190233,190204,190225,190232,190214,190221,190224,190224,190228,190234,190224,190231
190257,190291,190301,190313,190287,190294,190306,190282,190290,190293,190293,190298,190310,190293,190300
190346,190391,190402,190413,190387,190395,190406,190383,190390,190393,190393,190398,190411,190393,190401
190464,190485,190495,190507,190481,190488,190498,190477,190484,190488,190488,190492,190506,190488,190495
190554,190585,190596,190607,190581,190589,190600,190577,190584,190588,190588,190592,190605,190588,190595
190643,190687,190697,190706,190683,190690,190700,190678,190686,190689,190689,190694,190705,190689,190699
190758,190781,190791,190802,190777,190784,190794,190773,190780,190784,190784,190788,190798,190784,190793
190868,190884,190895,190921,190880,190887,190899,190875,190883,190886,190886,190891,190903,190886,190894
190946,190987,190997,191008,190982,190990,191000,190978,190985,190989,190989,190994,191004,190989,190997
191063,191086,191095,191106,191081,191089,191099,191076,191084,191088,191088,191093,191102,191088,191098
191129,191190,191200,191222,191186,191193,191204,191181,191189,191192,191192,191197,191207,191192,191201
191274,191293,191302,191311,191386,191393,191403,191284,191292,191300,191309,191381,191390,191295,191303
191481,191527,191536,191539,191487,191495,191539,191483,191490,191498,191526,191534,191540,191494,191523
191560,191594,191602,191610,191688,,,191585,191592,191596,191596,191600,191608,191596,191603
191701,191726,191741,191743,191706,191737,191743,191717,191724,191730,191733,191739,191745,191727,191733
191786,191799,191807,191815,191794,191801,191809,191789,191797,191800,191800,191804,191814,191800,191808
191854,191902,191911,191920,191897,191905,191914,191893,191901,191904,191904,191909,191919,191904,191913
191973,191998,192007,192016,191993,192001,192010,191989,191997,192000,192000,192005,192014,192000,192010
192066,192098,192107,192116,192199,,,192089,192097,192100,192100,192105,192115,192100,192109
192249,192303,192312,192321,192298,192306,192315,192294,192301,192305,192305,192310,192319,192305,192314
192365,192395,192403,192413,192390,192397,192406,192386,192393,192397,192397,192401,192413,192397,192404
192467,192512,192521,192527,192488,192495,192524,192484,192491,192499,192512,192520,192526,192494,192508
192561,192592,192602,192623,192588,192595,192605,192583,192591,192594,192594,192599,192608,192594,192603
192653,192684,192693,192704,192680,192687,192697,192676,192683,192687,192687,192691,192702,192687,192694
192742,192774,192784,192788,192770,192778,192787,192766,192774,192777,192777,192782,192792,192777,192785
192828,192874,192884,192910,192870,192877,192888,192865,192873,192877,192877,192882,192892,192877,192886
192955,192975,192986,192996,192972,192979,192988,192968,192975,192979,192979,192983,192992,192979,192986
193046,193074,193084,193098,193069,193077,193088,193065,193073,193076,193076,193081,193092,193076,193086
193152,193174,193184,193198,193171,193178,193189,193167,193174,193177,193177,193181,193195,193177,193184
193230,193274,193283,193309,193270,193277,193286,193265,193273,193277,193277,193281,193290,193277,193284
193357,193394,193412,193418,193363,193370,193398,193358,193366,193374,193393,193398,193403,193369,193390
193448,193494,193502,193504,193546,,,193449,193457,193464,193492,193499,193506,193460,193488
193561,193582,193603,193608,193565,193586,193593,193574,193582,193586,193586,193590,193596,193586,193593
193629,193673,193686,193689,193635,193643,193688,193647,193656,193663,193671,193682,193689,193659,193667
193714,193737,193748,193757,193734,193741,193751,193729,193737,193741,193741,193745,193754,193741,193749
193827,193842,193854,193879,193839,193847,193858,193835,193842,193846,193846,193851,193861,193846,193855
193911,193939,193951,193977,193955,193979,193987,193933,193940,193943,193943,193948,193975,193943,193951
194022,194036,194050,194085,194055,194080,194092,194030,194037,194042,194042,194046,194074,194042,194050
194113,194140,194152,194184,194156,194163,194170,194133,194140,194144,194144,194149,194160,194144,194154
194215,194238,194250,194255,194235,194242,194254,194231,194238,194242,194242,194247,194258,194242,194251
194282,194334,194346,194352,194331,194339,194351,194328,194335,194338,194338,194342,194356,194338,194345
194380,194397,194417,194421,194432,,,194391,194397,194404,194409,194415,194421,194400,194406
194447,194473,194481,194501,194452,194492,194500,194463,194471,194479,194488,194496,194503,194475,194483
194544,194570,194600,194603,194629,,,194562,194569,194576,194590,194597,194604,194572,194578
194642,194668,194674,194678,194648,194656,194676,194658,194665,194668,194668,194672,194680,194668,194675
194726,194770,194788,194790,194732,194739,194830,194727,194735,194742,194753,194826,194833,194738,194746
194919,194949,194958,194964,194927,194954,194964,194921,194930,194939,194948,194956,194966,194933,194944
195020,195050,195060,195066,195027,195053,195061,195022,195029,195041,195049,195056,195064,195032,195045
195120,195148,195160,195167,195127,195152,195161,195122,195130,195139,195148,195156,195164,195133,195144
195221,195250,195259,195263,195228,195255,195263,195223,195231,195240,195250,195258,195267,195235,195246
195322,195338,195347,195350,195331,195342,195349,195326,195334,195338,195338,195344,195351,195338,195347
195409,195443,195454,195461,195426,195449,195460,195421,195429,195436,195444,195453,195464,195432,195440
195512,195542,195550,195556,195519,195546,195556,195514,195523,195533,195541,195548,195562,195527,195537
195608,195634,195657,195660,195614,195639,195708,195609,195617,195624,195635,195704,195711,195620,195631
195789,195815,195856,195858,195795,195820,195845,195791,195798,195805,195814,195841,195847,195801,195808
195887,195916,195924,195929,195893,195901,195929,195887,195896,195905,195914,195922,195934,195900,195910
195972,196019,196025,196030,195994,196002,196027,195989,195997,196006,196016,196023,196031,196001,196011
196077,196094,196102,196111,196089,196097,196105,196085,196092,196096,196096,196100,196109,196096,196104
196205,196232,196243,196256,196293,196300,196309,196288,196296,,,196288,,196299,
196369,196393,196403,196414,196389,196396,196406,196384,196392,196395,196395,196400,196410,196395,196405
196482,196526,196543,196548,196587,196594,196603,196483,196490,196500,196510,196582,196591,196494,196505
196671,196697,196709,196717,196774,196774,196790,196672,196680,196687,196695,196725,196778,196683,196691
196831,196878,196886,196895,196873,196881,196890,196868,196876,196880,196880,196884,196894,196880,196889
196952,196990,197014,197020,196966,196974,196998,196962,196969,196977,196988,196995,197000,196972,196985
197057,197088,197095,197103,197064,197072,197099,197059,197067,197076,197086,197094,197101,197071,197082
197150,197170,197179,197190,197165,197173,197182,197161,197168,197172,197172,197176,197188,197172,197179
197234,197266,197276,197287,197262,197270,197280,197258,197265,197269,197269,197274,197284,197269,197279
197350,197367,197377,197389,197363,197370,197382,197359,197366,197369,197369,197374,197387,197369,197376
197435,197467,197477,197488,197463,197470,197481,197459,197466,197470,197470,197474,197485,197470,197477
197539,197561,197571,197581,197556,197564,197575,197552,197559,197563,197563,197569,197579,197563,197574
197602,197618,197649,197659,197655,197662,197675,197651,197658,,,197651,,197662,
197716,197759,197770,197779,197755,197763,197773,197751,197759,197762,197762,197767,197777,197762,197772
197825,197854,197864,197874,197850,197857,197867,197845,197853,197857,197857,197862,197871,197857,197867
197898,197952,197963,197969,197948,197955,197968,197944,197951,197955,197955,197959,197973,197955,197962
197999,198054,198065,198069,198051,198058,198068,198047,198054,198058,198058,198062,198072,198058,198066
198101,198151,198161,198173,198147,198155,198165,198142,198150,198154,198154,198159,198169,198154,198164
198201,198250,198261,198273,198247,198254,198265,198243,198250,198254,198254,198258,198270,198254,198262
198324,198353,198363,198376,198349,198356,198367,198345,198352,198356,198356,198360,198372,198356,198364
198426,198445,198456,198482,198538,,,198437,198444,198447,198447,198452,198463,198447,198459
198553,198579,198590,198601,198558,198583,198594,198568,198576,198583,198583,198588,198599,198583,198594
198628,198644,198654,198664,198640,198648,198657,198636,198644,198647,198647,198652,198661,198647,198656
198710,198738,198748,198759,198734,198742,198751,198730,198737,198741,198741,198745,198755,198741,198749
198848,198892,198907,198912,198935,198943,198954,198930,198938,198942,198942,198948,198958,198942,198952
199094,199126,199136,199159,199121,199129,199141,199117,199124,199128,199128,199132,199145,199128,199135
199217,199246,199255,199262,199222,199229,199258,199218,199225,199233,199244,199253,199261,199228,199237
199308,199322,199331,199340,199317,199325,199334,199313,199320,199324,199324,199328,199339,199324,199334
199389,199413,199437,199446,199407,199416,199424,199403,199411,199415,199415,199420,199427,199415,199423
199530,199543,199550,199554,199584,,,199531,199541,199548,199556,199568,199574,199544,199551
199599,199633,199660,199673,199669,199677,199678,199613,199620,199627,199640,199665,199674,199623,199637
199722,199761,199775,199780,199740,199767,199777,199735,199743,199747,199763,199771,199781,199745,199760
199824,199847,199858,199865,199843,199851,199860,199839,199846,199850,199850,199855,199864,199850,199860
199894,199930,199940,199951,199944,199948,199953,199922,199930,199934,199934,199938,199948,199934,199942
199979,200018,200028,200040,200014,200021,200032,200010,200017,200021,200021,200025,200036,200021,200029
200082,200108,200118,200142,200190,,,200101,200108,200112,200112,200116,200126,200112,200120
200203,200228,200238,200253,200279,200287,200297,200275,200283,,,200275,,200287,
200337,200375,200386,200396,200371,200379,200390,200367,200374,200378,200378,200383,200393,200378,200389
200506,200549,200559,200570,200545,200553,200563,200541,200548,200552,200552,200557,200567,200552,200563
200663,200680,200711,200722,200718,200725,200734,200664,200673,200675,200721,200729,200738,200674,200717
200812,200839,200870,200874,200884,,,200825,200830,200834,200840,200847,200853,200832,200837
200897,200921,200930,200936,200902,200924,200932,200914,200921,200924,200924,200928,200935,200924,200931
200968,201010,201055,201064,200973,200980,201031,200969,200976,200984,200996,201027,201033,200980,200988
201107,201123,201143,201146,201117,201126,201145,201114,201121,201124,201124,201127,201135,201124,201131
201159,201185,201204,201218,201168,201195,201209,201158,201178,201195,201195,201204,201212,201183,201195
201299,201329,201356,201365,201323,201336,201345,201318,201328,201335,201335,201340,201347,201335,201343
201394,201417,201456,201463,201403,201466,201475,201394,201407,201413,201463,201470,201479,201410,201459
201552,201577,201586,201595,201557,201581,201607,201568,201576,201579,201579,201583,201599,201579,201586
201631,201655,201664,201671,201636,201683,201696,201648,201655,201662,201670,201692,201699,201659,201666
201743,201781,201792,201807,201864,,,201773,201781,201785,201785,201789,201802,201785,201792
201878,201951,201960,201981,201947,201954,201964,201943,201950,201953,201953,201958,201969,201953,201962
202022,202064,202075,202091,202027,202034,202078,202023,202030,202038,202065,202072,202079,202034,202062
202123,202140,202158,202164,202193,,,202189,202196,,,202155,,202200,
202206,202227,202238,202247,202211,202232,202246,202222,202228,202232,202232,202236,202253,202232,202239
202267,202300,202323,202330,202272,202280,202327,202268,202275,202283,202298,202321,202329,202279,202287
202364,202377,202411,202421,202370,202393,202401,202363,202373,202382,202389,202397,202403,202377,202386
202444,202457,202464,202469,202449,202460,202467,202443,202453,202458,202458,202462,202470,202458,202466
202511,202553,202563,,202517,202525,202582,202512,202521,202529,202569,202577,202584,202524,202565
202592,202626,202633,202634,202600,202608,202634,202611,202624,202628,202628,202631,202637,202628,202634
202662,202689,202698,202710,202776,,,202696,202704,,,202696,,202706,
202787,202800,202823,202829,202791,202816,202825,202786,202794,202806,202813,202820,202828,202797,202810
202848,202882,202889,202891,202861,202869,202891,202857,202864,202871,202880,202887,202894,202867,202875
202935,202979,202990,,202942,202983,202994,202954,202963,202972,202981,202989,202998,202966,202977
203012,203050,203059,203067,203118,,,203041,203049,203057,203067,203073,203079,203052,203063
203130,203151,203173,203176,203134,203158,203165,203143,203154,203158,203158,203161,203167,203158,203164
203194,203223,203232,203239,203286,,,203213,203220,203223,203223,203232,203239,203223,203236
203296,203309,203315,203333,203302,203324,203332,203297,203305,203312,203318,203328,203335,203308,203315
203366,203412,203421,203424,203374,203415,203422,203369,203377,203384,203411,203418,203424,203380,203408
203452,203485,203492,203493,203458,203489,203493,203453,203460,203468,203484,203490,203496,203464,203481
203533,203561,203570,203573,203540,203565,203572,203535,203543,203552,203560,203568,203576,203547,203556
203615,203648,203655,203656,203622,203631,203656,203618,203626,203633,203646,203653,203658,203629,203636
203701,203716,203724,203733,203711,203719,203727,203707,203715,203718,203718,203722,203731,203718,203726
203786,203822,203827,203831,203800,203808,203829,203811,203818,203822,203822,203826,203833,203822,203829
203873,203916,203925,,203881,203921,203954,203892,203901,203908,203915,203951,203955,203904,203911
203958,204003,204009,204010,203965,203973,204010,203978,203986,203993,204000,204007,204012,203989,203996
204046,204075,204082,204088,204053,204061,204085,204063,204072,204078,204078,204081,204088,204078,204085
204132,204161,204168,204172,204138,204164,204170,204133,204141,204149,204158,204166,204173,204144,204154
204231,204253,204271,204283,204384,,,204295,204303,204307,204307,204311,204320,204307,204315
204397,204421,204430,204433,204403,204425,204432,204413,204420,204424,204424,204428,204434,204424,204431
204459,204488,204494,204499,204465,204472,204513,204460,204467,204476,204485,204508,204515,204471,204481
204556,204581,204602,204609,204628,204634,204643,204556,204564,204573,204582,204623,204631,204568,204578
204701,204731,204739,204741,204725,204734,204740,204720,204728,204732,204732,204736,204744,204732,204739
204792,204816,204828,204833,204797,204820,204829,204808,204815,204819,204819,204824,204833,204819,204829
204868,204891,204901,204910,204886,204894,204905,204882,204889,204893,204893,204898,204910,204893,204904
204941,204964,204974,204979,204946,204967,204975,204954,204962,204966,204966,204971,204979,204966,204975
205011,205036,205046,205051,205028,205040,205050,205023,205033,205039,205039,205044,205058,205039,205047
205083,205109,205126,205131,205088,205116,205128,205098,205107,205116,205116,205121,205132,205116,205127
205162,205189,205201,205208,205166,205193,205203,205176,205189,205193,205193,205197,205211,205193,205200
205247,205269,205292,205294,205252,205278,205292,205247,205255,205262,205269,205279,205296,205258,205265
205316,205356,205366,205369,205322,205361,205368,205316,205324,205332,205357,205364,205370,205328,205353
205410,205430,205436,205436,205415,205432,205436,205410,205417,205422,205427,205433,205438,205419,205427
205464,205479,205492,205513,205475,205482,205498,205472,205478,205481,205481,205485,205519,205481,205487
205548,205591,205604,205610,205553,205598,205609,205563,205570,205577,205592,205602,205614,205573,205588
205631,205672,205686,205688,205635,205672,205687,205645,205654,205661,205668,205673,205678,205657,205664
205713,205751,205758,205758,205733,205755,205758,205714,205721,205728,205736,205756,205760,205724,205732
205793,205834,205846,205849,205813,205840,205848,205794,205801,205808,205835,205844,205851,205805,205830
205875,205914,205928,205930,205884,205923,205929,205878,205887,205895,205902,205926,205931,205891,205898
205979,205997,206006,206009,205985,206014,206015,205980,205987,205993,206011,206017,206022,205990,206008
206052,206083,206110,206112,206074,206087,206110,206054,206061,206068,206080,206088,206094,206064,206071
206133,206176,206186,,206140,206181,206193,206135,206144,206151,206176,206195,206203,206147,206172
206214,206254,206268,,206235,206261,206289,206214,206222,206229,206253,206286,206290,206225,206249
206295,206336,206352,206356,206301,206325,206336,206296,206303,206310,206320,206336,206342,206306,206313
206381,206422,206445,206449,206386,206426,206430,206413,206420,206423,206423,206427,206433,206423,206429
206469,206504,206512,206513,206474,206509,206513,206469,206476,206483,206504,206510,206516,206479,206501
206554,206581,206590,206600,206561,206569,206596,206556,206563,206571,206578,206586,206599,206567,206574
206639,206678,206686,206686,206659,206683,206686,206654,206662,206669,206677,206684,206689,206665,206673
206719,206748,206752,206753,206740,206749,206777,206735,206742,206746,206746,206750,206766,206746,206752
206802,206829,206836,206843,206823,206832,206839,206818,206827,206831,206831,206835,206842,206831,206838
206879,206915,206924,206930,206894,206919,206927,206889,206897,206905,206914,206922,206930,206901,206910
206976,207017,207027,207031,207062,,,206976,206983,206990,207016,207025,207032,206986,207012
207075,207097,207113,207120,207093,207106,207116,207088,207096,207103,207103,207112,207120,207098,207103
207138,207166,207172,207177,207159,207169,207174,207138,207146,207153,207163,207170,207177,207149,207158
207225,207269,207280,207289,207246,207274,207283,207240,207249,207256,207269,207279,207287,207252,207259
207331,207363,207374,,207344,207369,207377,207340,207346,207352,207365,207392,207391,207349,207354
207398,207426,207434,207440,207490,,,207417,207425,207428,207428,207432,207439,207428,207435
207498,207512,207522,207525,207505,207515,207524,207500,207509,207513,207513,207518,207528,207513,207525
207562,207606,207613,207616,207570,207609,207614,207565,207573,207580,207603,207611,207617,207576,207599
207657,207680,207694,207696,207674,207685,207694,207669,207679,207684,207684,207688,207699,207684,207692
207711,207752,207782,207786,207817,,,207798,207829,,,207781,,207834,
207859,207894,207921,207965,207941,208009,208025,207873,207880,207888,207898,207909,207960,207884,207893
208107,208134,208142,208145,208113,208137,208144,208107,208115,208124,208132,208140,208147,208119,208129
208185,208221,208235,,208193,208225,208241,208187,208195,208202,208208,208226,208239,208198,208205
208265,208292,208299,208300,208270,208296,208300,208265,208272,208278,208291,208297,208303,208275,208280
208343,208395,208401,,208360,208396,208418,208355,208362,208371,208407,208417,208419,208366,208404
208427,208465,208490,208501,208445,208473,208481,208441,208451,208459,208466,208477,208482,208455,208462
208531,208555,208563,208563,208538,208560,208563,208531,208540,208545,208554,208561,208569,208542,208551
208587,208636,208647,208650,208617,208642,208649,208611,208622,208630,208637,208645,208652,208627,208634
208694,208708,208716,208720,208701,208710,208717,208696,208705,208709,208709,208713,208719,208709,208716
208780,208812,208822,208824,208785,208817,208823,208800,208812,208816,208816,208819,208826,208816,208822
208861,208888,208895,208898,208870,208892,208922,208862,208873,208879,208886,208893,208917,208876,208883
208944,208974,209005,209007,208954,208979,209005,208946,208960,208966,208973,208981,209009,208963,208970
209032,209062,209070,209071,209041,209066,209071,209035,209044,209053,209061,209068,209074,209048,209057
209110,209145,209155,209157,209126,209150,209156,209121,209129,209137,209144,209152,209159,209132,209141
209240,209253,209272,209273,209246,209257,209272,209239,209253,209256,209256,209258,209276,209256,209260
209290,209317,209327,209329,209300,209323,209328,209294,209303,209311,209318,209325,209331,209306,209315
209369,209406,209415,209417,209386,209410,209416,209380,209388,209391,209406,209413,209418,209389,209403
209464,209490,209498,209514,209472,209505,209513,209467,209475,209481,209488,209509,209516,209478,209484
209549,209591,209599,209601,209556,209595,209600,209550,209558,209563,209572,209597,209604,209560,209569
209631,209655,209662,209667,209636,209657,209664,209646,209654,209657,209657,209660,209667,209657,209663
209689,209732,209745,209747,209713,209740,209747,209708,209715,209721,209728,209742,209750,209718,209724
209790,209817,209827,209830,209799,209821,209829,209794,209802,209809,209816,209824,209836,209805,209812
209863,209896,209904,209910,209888,209915,209923,209883,209891,209903,209910,209918,209926,209895,209907
209999,210021,210048,210052,210075,,,210010,210018,210029,210053,210058,210064,210021,210050
210104,210122,210140,,210148,,,210104,210123,210140,210153,210162,210161,210128,210149
210165,210184,210197,210212,210202,210217,210218,210174,210183,210191,210191,210195,210213,210191,210199
210250,210271,210281,210296,210256,210276,210285,210266,210272,210276,210276,210280,210288,210276,210283
210333,210360,210379,210382,210338,210345,210381,210333,210341,210349,210357,210376,210383,210344,210352
210419,210459,210467,210470,210442,210462,210469,210437,210445,210452,210458,210465,210470,210448,210455
210506,210549,210553,210557,210511,210537,210555,210506,210514,210527,210546,210552,210558,210517,210543
210594,210622,210655,210666,210601,210627,210632,210596,210605,210613,210620,210628,210635,210609,210616
210701,210726,210741,,210710,210735,210757,210704,210729,210735,210735,210739,210757,210735,210742
210773,210817,210828,210833,210792,210822,210852,210785,210795,210803,210811,210848,210854,210799,210806
210863,210889,210896,210906,210883,210893,210920,210879,210887,210890,210890,210894,210910,210890,210896
210954,210981,211005,211015,211050,,,210955,210966,210972,211016,211024,211035,210969,211012
211094,211115,211130,211145,211106,211121,211138,211093,211112,211121,211121,211127,211144,211121,211130
211239,211258,211281,211291,211320,,,211251,211258,211265,211291,211300,211308,211261,211287
211356,211389,211394,211397,211382,211403,211411,211376,211385,211392,211399,211407,211413,211388,211395
211448,211461,211470,211475,211455,211464,211471,211448,211459,211463,211463,211467,211475,211463,211471
211510,211535,211542,211544,211529,211538,211543,211524,211532,211535,211535,211539,211545,211535,211542
211588,211678,211688,211692,211673,211675,211689,211667,211676,211680,211680,211684,211691,211680,211687
211724,211751,211769,211777,211745,211756,211771,211741,211749,211758,211758,211766,211775,211752,211758
211811,211825,211845,211850,211819,211840,211847,211814,211822,211830,211836,211843,211851,211826,211833
211886,211899,211907,211908,211893,211901,211907,211888,211896,211899,211899,211904,211909,211899,211906
211958,211973,211987,211995,211966,211980,211990,211961,211969,211977,211977,211985,211994,211972,211977
212031,212055,212063,212065,212038,212058,212064,212031,212041,212048,212053,212060,212067,212044,212053
212102,212116,212132,212138,212110,212121,212135,212104,212113,212123,212123,212128,212143,212116,212123
212173,212188,212207,212213,212181,212191,212209,212176,212185,212193,212198,212204,212211,212188,212198
212245,212261,212278,212285,212254,212263,212281,212249,212258,212265,212270,212276,212285,212261,212270
212318,212332,212352,212357,212326,212345,212353,212321,212330,212337,212342,212349,212359,212333,212339
212381,212407,212413,212429,212400,212420,212428,212395,212404,212411,212417,212424,212431,212407,212414
212466,212482,212500,212503,212476,212493,212502,212471,212479,212486,212490,212497,212504,212482,212490
212524,212558,212574,212579,212551,212567,212576,212546,212554,212562,212565,212572,212579,212558,212565
212619,212633,212649,212657,212627,212637,212652,212622,212631,212640,212640,212647,212657,212634,212640
212693,212706,212713,212730,212700,212709,212730,212695,212703,212711,212716,212723,212734,212707,212713
212765,212779,212798,212802,212772,212790,212800,212767,212776,212784,212788,212795,212804,212779,212785
212838,212853,212871,212874,212846,212857,212874,212841,212849,212858,212862,212869,212877,212853,212862
212903,212927,212943,212948,212921,212930,212944,212916,212924,212932,212934,212940,212947,212927,212934
212987,213001,213017,213025,212995,213005,213020,212990,212998,213008,213008,213015,213025,213002,213008
213062,213075,213091,213100,213069,213079,213094,213064,213073,213082,213082,213089,213098,213076,213082
213135,213148,213166,213172,213142,213151,213168,213137,213146,213153,213157,213163,213173,213149,213157
213207,213221,213228,213241,213215,213224,213241,213210,213218,213226,213230,213236,213243,213221,213230
213280,213294,213311,213314,213288,213299,213313,213283,213291,213301,213301,213308,213316,213295,213301
213354,213395,213413,,213362,213370,213416,213357,213365,213373,213391,213412,213419,213369,213387
213431,213444,213460,213467,213438,213451,213462,213433,213441,213450,213450,213457,213465,213444,213450
213506,213519,213535,213545,213513,213522,213539,213508,213516,213525,213529,213535,213544,213520,213529
213578,213592,213613,213617,213586,213598,213614,213581,213590,213599,213599,213604,213619,213593,213599
213701,213733,213748,213752,213727,213740,213752,213722,213730,213739,213739,213746,213755,213734,213739
213807,213867,213879,213884,213861,213872,213883,213855,213865,213870,213870,213877,213888,213870,213882
213919,213932,213944,213957,213926,213935,213947,213921,213929,213937,213937,213943,213950,213932,213937
213986,213999,214017,214020,213993,214008,214018,213988,213996,214004,214004,214013,214022,213999,214004
214051,214066,214082,214092,214060,214070,214086,214055,214063,214073,214075,214081,214091,214067,214075
214107,214132,214147,214155,214126,214135,214150,214122,214130,214138,214142,214146,214154,214133,214142
214182,214196,214213,214221,214191,214200,214215,214186,214194,214203,214206,214210,214224,214198,214206
214240,214261,214279,214291,214255,214264,214284,214251,214259,214266,214271,214277,214291,214262,214268
214315,214329,214347,214355,214323,214338,214349,214318,214326,214334,214336,214344,214353,214329,214336
214417,214471,214489,214497,214467,214475,214492,214462,214470,214474,214474,214479,214496,214474,214481
214532,214545,214562,214565,214540,214549,214564,214535,214543,214552,214554,214558,214566,214547,214554
214585,214613,214622,214625,214608,214617,214624,214604,214612,214615,214615,214620,214626,214615,214622
214648,214681,214693,214700,214676,214684,214695,214671,214679,214683,214683,214688,214700,214683,214695
214787,214810,214827,214830,214805,214813,214827,214800,214808,214816,214818,214823,214830,214811,214818
214861,214874,214889,214898,214869,214879,214892,214864,214872,214876,214876,214886,214895,214876,214890
214910,214936,214953,214957,214929,214942,214956,214924,214933,214943,214943,214951,214959,214936,214943
214983,214999,215014,215027,214991,215006,215015,214986,214995,215002,215002,215010,215017,214997,215002
215043,215062,215076,215086,215054,215068,215078,215049,215057,215061,215064,215073,215086,215059,215064
215112,215125,215137,215143,215118,215132,215142,215113,215123,215125,215125,215136,215148,215124,215125
215158,215190,215200,215212,215167,215195,215211,215161,215169,215174,215190,215206,215215,215171,215187
215247,215261,215275,215285,215255,215265,215278,215250,215258,215267,215267,215272,215284,215261,215267
215298,215329,215346,215357,215324,215335,215350,215319,215327,215336,215336,215344,215354,215330,215336
215385,215399,215414,215420,215393,215407,215419,215388,215396,215405,215405,215413,215423,215399,215405
215453,215467,215474,215476,215462,215470,215475,215457,215465,215468,215468,215472,215478,215468,215475
215506,215537,215556,215566,215532,215540,215560,215527,215535,215539,215539,215543,215565,215539,215546
215626,215675,215690,215704,215740,,,215668,215676,215679,215679,215684,215702,215679,215686
215784,215811,215823,215831,215831,,,215804,215811,215815,215815,215819,215834,215815,215822
215847,215875,215890,215897,215897,,,215868,215875,215879,215879,215883,215887,215879,215885
215912,215939,215952,215968,215958,215988,215996,215931,215939,215942,215942,215948,216001,215942,215956
216041,216060,216074,216089,216056,216064,216114,216052,216059,216067,216086,216110,216117,216063,216081
216187,216203,216208,216216,216195,216236,216246,216224,216232,216236,216236,216241,216250,216236,216245
216336,216349,216357,216370,216344,216352,216361,216355,216367,,,216355,,216377,
216446,216481,216494,216504,216475,216484,216499,216470,216480,216483,216483,216487,216504,216483,216490
216524,216550,216562,216571,216546,216554,216564,216542,216550,216554,216554,216558,216567,216554,216561
216613,216642,216662,216674,216707,,,216630,216641,216653,216659,216664,216672,216646,216656
216724,216764,216785,216792,216742,216769,216788,216751,216765,216769,216769,216773,216835,216769,216776
216869,216884,216892,216904,216875,216908,216944,216895,216903,216912,216930,216938,216951,216907,216915
216992,217043,217053,217056,217039,217047,217055,217034,217042,217046,217046,217050,217057,217046,217053
217080,217112,217121,217125,217108,217116,217124,217104,217112,217115,217115,217119,217126,217115,217122
217150,217189,217198,217201,217185,217193,217200,217180,217189,217192,217192,217196,217201,217192,217198
217232,217269,217278,,217265,217273,217291,217261,217269,217272,217272,217276,217289,217272,217279
217305,217350,217362,217374,217346,217354,217367,217305,217312,217318,217349,217358,217373,217315,217346
217405,217430,217442,217451,217426,217434,217450,217422,217430,217433,217433,217438,217456,217433,217441
217467,217508,217521,217535,217504,217512,217528,217499,217507,217511,217511,217517,217535,217511,217520
217556,217585,217603,217606,217580,217588,217605,217576,217584,217587,217587,217592,217609,217587,217594
217624,217661,217670,217673,217656,217665,217672,217632,217641,217652,217660,217668,217674,217644,217657
217698,217735,217751,217756,217731,217739,217755,217726,217734,217738,217738,217743,217757,217738,217745
217774,217807,217820,217827,217803,217810,217826,217798,217806,217809,217809,217814,217828,217809,217817
217843,217878,217896,217937,217947,217955,217972,217943,217950,,,217943,,217954,
218061,218093,218104,218118,218089,218097,218112,218085,218092,218096,218096,218100,218117,218096,218103
218143,218165,218176,218183,218161,218169,218178,218157,218164,218168,218168,218173,218181,218168,218176
218250,218274,218281,218288,218266,218298,218309,218263,218270,218280,218291,218305,218313,218274,218286
218469,218521,218530,218533,218516,218525,218532,218511,218520,218523,218523,218528,218534,218523,218531
218559,218588,218603,218616,218584,218592,218609,218580,218587,218591,218591,218596,218655,218591,218599
218732,218783,218799,218812,218740,218788,218805,218774,218783,218787,218787,218792,218829,218787,218794
218855,218877,218897,218907,218863,218893,218926,218897,218905,,,218897,,218908,
219008,219029,219042,219054,219025,219033,219048,219021,219028,219032,219032,219037,219053,219032,219040
219102,219156,219165,,219152,219160,219177,219148,219155,219159,219159,219163,219171,219159,219166
219194,219219,219231,219244,219279,219279,219301,219275,219282,,,219228,,219285,
219327,219350,219361,219371,219345,219354,219364,219340,219349,219354,219354,219359,219369,219354,219362
219393,219412,219423,,219408,219416,219432,219404,219412,219415,219415,219419,219425,219415,219422
219443,219481,219495,219501,219476,219485,219497,219471,219479,219488,219488,219493,219501,219483,219488
219518,219547,219561,,219542,219551,219564,219537,219545,219555,219555,219560,219568,219549,219555
219579,219612,219625,219639,219606,219617,219629,219602,219610,219616,219616,219623,219635,219616,219626
219660,219677,219686,219688,219670,219680,219687,219664,219675,219679,219679,219683,219687,219679,219685
219719,219746,219758,219777,219806,219816,219828,219801,219809,,,219801,,219812,
219869,219882,219909,219916,219876,219886,219911,219871,219879,219888,219892,219897,219916,219883,219892
219943,219961,219973,219977,219950,219967,219976,219945,219953,219958,219962,219971,219981,219955,219962
220020,220038,220052,220056,220028,220044,220053,220023,220032,220039,220039,220049,220057,220035,220039
220081,220114,220128,220135,220107,220121,220134,220102,220111,220119,220119,220126,220139,220114,220119
220174,220188,220204,220209,220182,220192,220205,220178,220186,220189,220189,220199,220212,220189,220204
220232,220264,220277,,220257,220269,220280,220253,220261,220275,220291,220298,220297,220264,220288
220305,220337,220355,220363,220332,220341,220358,220328,220336,220339,220339,220344,220362,220339,220346
220389,220414,220429,220435,220408,220417,220431,220403,220411,220421,220422,220426,220435,220415,220422
220499,220552,220561,220564,220548,220556,220563,220544,220551,220555,220555,220559,220564,220555,220561
220592,220618,220627,220630,220613,220621,220629,220609,220617,220620,220620,220625,220631,220620,220628
220653,220683,220692,220697,220679,220687,220696,220674,220682,220686,220686,220691,220698,220686,220694
220721,220749,220758,220762,220744,220753,220761,220739,220747,220751,220751,220755,220762,220751,220758
220789,220815,220828,220837,220877,,,220806,220813,220820,220824,220828,220835,220816,220824
220917,220947,220954,220957,220943,220950,220956,220939,220946,220949,220949,220953,220958,220949,220955
220987,221015,221027,221044,221011,221019,221036,221007,221014,221018,221018,221022,221089,221018,221025
221124,221137,221157,221166,221162,221170,221183,221157,221165,,,221157,,221169,
221278,221317,221328,221332,221313,221321,221331,221309,221316,221320,221320,221324,221334,221320,221328
221352,221391,221403,221407,221387,221395,221406,221383,221390,221394,221394,221399,221407,221394,221402
221427,221464,221476,221481,221460,221468,221480,221456,221464,221467,221467,221473,221483,221467,221479
221501,221532,221544,221555,221528,221536,221548,221524,221531,221535,221535,221540,221552,221535,221548
221610,221665,221678,221695,221689,,,221660,221666,221670,221670,221674,221681,221670,221677
221720,221734,221745,221749,221749,221751,221755,221728,221735,221739,221739,221743,221759,221739,221746
221770,221789,221802,221808,221829,221829,221843,221781,221787,221792,221808,221816,221833,221790,221805
221863,221881,221891,221897,221897,,,221874,221881,221885,221885,221889,221904,221885,221892
221915,221954,221966,221970,221970,,,221948,221955,221959,221959,221963,221972,221959,221966
221992,222028,222040,222044,222044,,,222022,222030,222034,222034,222037,222045,222034,222041
222066,222105,222117,222121,222121,,,222068,222075,222081,222107,222115,222123,222078,222103
222143,222158,222176,222183,222151,222187,222203,222144,222155,222163,222183,222191,222209,222159,222180
222234,222256,222269,222275,222275,222283,222289,222249,222257,222260,222260,222265,222281,222260,222268
222312,222330,222343,222352,222327,222335,222351,222323,222331,222334,222334,222339,222355,222334,222342
222367,222403,222415,222420,222420,,,222396,222404,222408,222408,222412,222426,222408,222416
222445,222475,222487,222500,222493,,,222469,222476,222481,222481,222485,222499,222481,222489
222519,222545,222558,222563,222563,,,222521,222529,222538,222546,222555,222568,222535,222543
222580,222611,222626,222637,222680,,,222590,222599,222606,222613,222621,222628,222603,222610
222696,222710,222729,222742,222704,222714,222734,222700,222707,222717,222719,222729,222740,222711,222719
222766,222824,222836,,222848,,,222817,222825,222830,222830,222834,222841,222830,222837
222861,222896,222908,222966,222962,222970,222981,222904,222919,,,222904,,222923,
223048,223073,223078,223109,223059,223114,223129,223102,223109,223113,223113,223117,223146,223113,223120
223191,223215,223233,223223,223204,223220,223223,223200,223208,223212,223212,223221,223225,223210,223212
223259,223314,223324,223348,223377,,,223321,223334,,,223321,,223338,
223417,223445,223460,223478,223440,223450,223462,223435,223444,223449,223449,223454,223463,223449,223459
223519,223532,223548,223567,223523,223537,223551,223528,223532,223541,223541,223545,223553,223536,223542
223590,223645,223656,223660,223660,,,223599,223607,223613,223646,223653,223662,223610,223642
223684,223704,223725,223742,223692,223718,223728,223683,223702,223708,223714,223722,223730,223706,223714
223797,223831,223842,223847,223823,223838,223846,223818,223826,223830,223832,223841,223848,223828,223832
223863,223927,223939,223951,223877,223932,223942,223921,223928,223932,223932,223937,223946,223932,223940
224038,224066,224080,224124,224099,224125,224131,224076,224090,,,224076,,224093,
224182,224207,224218,224223,224203,224212,224222,224199,224207,224211,224211,224216,224225,224211,224220
224252,224277,224290,224302,224319,224333,224340,224271,224278,224282,224282,224286,224346,224282,224288
224387,224413,224425,224435,224409,224417,224434,224406,224413,224416,224416,224420,224438,224416,224423
224454,224480,224491,224495,224477,224485,224494,224473,224481,224485,224485,224488,224496,224485,224492
224521,224549,224563,224567,224529,224555,224564,224523,224533,224541,224550,224559,224566,224537,224546
224588,224621,224631,224635,224617,224624,224631,224612,224620,224623,224623,224627,224633,224623,224630
224659,224688,224702,224711,224683,224692,224710,224678,224687,224691,224691,224695,224712,224691,224698
224727,224742,224751,224758,224733,224745,224753,224726,224742,224746,224746,224749,224757,224746,224753
224776,224806,224824,224832,224828,224833,224837,224796,224806,224812,224818,224823,224831,224809,224815
224866,224880,224893,224902,224897,224900,,224865,224880,224885,224885,224892,224901,224883,224885
224921,224969,224978,224981,224965,224973,224980,224961,224968,224971,224971,224975,224982,224971,224978
225012,225039,225046,225049,225035,225042,225048,225030,225038,225041,225041,225044,225049,225041,225047
225098,225119,225141,225166,225102,225133,225145,225111,225118,225124,225129,225140,225148,225120,225126
225211,225247,225255,225263,225243,225250,225258,225239,225246,225249,225249,225253,225261,225249,225257
225283,225316,225328,225330,225314,225320,225329,225310,225317,225320,225320,225324,225330,225320,225327
225351,225388,225399,225415,225357,225391,225407,225351,225359,225371,225387,225395,225418,225361,225384
225436,225461,225470,225480,225457,225464,225479,225453,225460,225463,225463,225467,225482,225463,225470
225495,225529,225542,225549,225502,225533,225548,225495,225506,225513,225529,225538,225557,225509,225526
225565,225600,225611,225616,225596,225604,225615,225592,225600,225604,225604,225608,225616,225604,225611
225660,225674,225686,225700,225671,225678,225693,225667,225674,225678,225678,225682,225699,225678,225684
225713,225746,225758,225773,225768,225768,225776,225713,225721,225729,225747,225755,225772,225725,225744
225800,225816,225828,225832,225832,225832,,225810,225818,225822,225822,225826,225834,225822,225829
225852,225891,225900,225905,225887,225894,225904,225883,225890,225894,225894,225898,225911,225894,225900
225928,225961,225972,225986,225979,,,225954,225962,225966,225966,225970,225984,225966,225973
226005,226029,226041,226046,226046,,,226023,226031,226034,226034,226039,226047,226034,226042
226066,226097,226109,226143,226254,,,226174,226182,,,226174,,226184,
226270,226286,226295,226319,226350,,,226295,226308,226314,226321,226330,226335,226311,226318
226379,226392,226438,226465,226445,226452,226455,226381,226389,226395,226424,226434,226449,226391,226421
226494,226521,226532,226546,226502,226527,226566,226530,226546,,,226530,,226550,
226609,226630,226635,226654,226622,226632,226657,226615,226626,226630,226630,226635,226652,226630,226637
226693,226710,226716,226717,226702,226713,226717,226697,226706,226709,226709,226714,226721,226709,226717
226756,226786,226795,226805,226767,226790,226798,226759,226773,226776,226784,226792,226806,226775,226781
226914,226931,226943,226951,226920,226938,226946,226913,226927,226931,226934,226941,226948,226929,226934
227022,227062,227067,227070,227057,227075,227091,227052,227059,227066,227071,227087,227094,227062,227068
227227,227255,227272,227276,227248,227260,227275,227243,227253,227257,227257,227261,227280,227257,227262
227298,227333,227344,227353,227305,227338,227352,227299,227307,227315,227333,227343,227360,227311,227330
227389,227407,227423,,227399,227415,227434,227391,227403,227421,227426,227431,227438,227407,227423
227445,227462,227474,227479,227453,227468,227478,227446,227462,227467,227467,227472,227480,227467,227475
227510,227552,227561,227563,227523,227558,227562,227541,227550,227554,227554,227560,227564,227554,227562
227609,227650,227688,227698,227636,227656,227664,227628,227650,227655,227655,227660,227668,227655,227664
227731,227769,227778,227781,227745,227773,227780,227741,227747,227753,227769,227776,227781,227750,227756
227802,227845,227891,227913,227907,,,227835,227842,227858,227865,227890,227896,227845,227861
227957,227977,228000,228003,228039,,,227969,227978,227985,227992,227998,228004,227982,227989
228053,228084,228098,228107,228070,228089,228102,228065,228073,228079,228085,228098,228106,228076,228082
228125,228151,228179,228197,228226,,,228125,228132,228143,228151,228177,228185,228135,228148
228246,228292,228311,228318,228272,228298,228314,228267,228274,228281,228293,228302,228319,228278,228290
228420,228438,228466,228471,228424,228442,228452,228430,228437,228441,228441,228446,228456,228441,228452
228491,228540,228556,228565,228513,228546,228561,228507,228522,228529,228539,228555,228564,228526,228534
228696,228711,228720,228726,228740,228760,228767,228696,228702,228706,228726,228734,228744,228704,228723
228798,228851,228864,228879,228803,228856,228869,228827,228833,228844,228852,228861,228875,228835,228848
228994,229009,229016,229031,229001,229055,229070,229015,229021,229025,229051,229059,229074,229023,229048
229128,229146,229158,229167,229136,229151,229197,229172,229179,,,229172,,229182,
229250,229268,229294,229303,229257,229273,229299,229249,229266,229276,229281,229288,229303,229271,229281
229334,229368,229378,229390,229464,,,229334,229344,229352,229368,229376,229384,229349,229365
229480,229509,229523,229534,229501,229517,229533,229496,229505,229513,229513,229522,229540,229508,229513
229557,229595,229613,,229571,229601,,229564,229577,229586,229594,229613,229621,229582,229590
229627,229648,229684,229688,229636,229677,229685,229629,229646,229654,229674,229681,229687,229650,229671
229740,229798,229837,229847,229940,,,229787,229797,229809,229819,229861,229871,229802,229816
229963,230018,230027,230030,230059,,,230010,230017,230021,230021,230025,230030,230021,230027
230084,230113,230132,230138,230090,230117,230134,230085,230091,230095,230114,230118,230140,230093,230110
230159,230219,230235,230246,230164,230228,230238,230173,230180,230186,230201,230233,230241,230183,230198
230309,230379,230385,,230416,,,230310,230318,230326,230398,230408,230420,230322,230395
230432,230464,230485,,230447,230476,230513,230435,230453,230456,230462,230483,230501,230454,230459
230525,230605,230664,230670,230597,230629,230667,230592,230601,230609,230648,230663,230670,230604,230645
230782,230806,230817,230831,230865,,,230799,230806,230809,230809,230814,230832,230809,230817
230904,230947,230961,,230931,230953,230967,230926,230933,230939,230946,230960,230971,230936,230942
230982,231003,231011,231013,230998,231007,231013,230982,230990,230995,231001,231008,231020,230992,230998
231051,231101,231126,231138,231138,,,231078,231086,231093,231101,231120,231127,231091,231098
231178,231213,231223,231233,231196,231216,231227,231193,231200,231205,231212,231221,231232,231203,231209
231292,231350,231362,231376,231302,231355,231368,231344,231351,231355,231355,231359,231373,231355,231362
231450,231463,231476,231483,231456,231466,231480,231451,231459,231465,231465,231469,231485,231465,231471
231496,231551,231562,231581,231521,231555,231565,231516,231523,231534,231552,231560,231569,231526,231549
231630,231670,231691,231695,231718,,,231662,231668,231671,231671,231676,231684,231671,231681
231728,231755,231765,231770,231740,231760,231775,231748,231754,231764,231771,231777,231783,231761,231768
231790,231824,231841,231845,231802,231836,231843,231812,231821,231830,231832,231840,231847,231824,231832
231893,231924,231935,231939,231921,231929,231938,231917,231924,231928,231928,231932,231940,231928,231936
231956,231982,231993,232000,231966,231988,231997,231960,231968,231974,231982,231992,232001,231971,231977
232036,232070,232085,232089,232117,232133,232168,232111,232118,,,232111,,232121,
232186,232221,232231,232238,232216,232225,232237,232186,232193,232197,232220,232228,232249,232195,232217
232260,232278,232286,232293,232272,232282,232290,232268,232276,232280,232280,232285,232295,232280,232291
232336,232364,232375,232379,232359,232368,232378,232337,232343,232351,232364,232372,232380,232347,232361
232400,232433,232446,232467,232479,232510,232525,232427,232435,232439,232439,232443,232507,232439,232446
232587,232644,232654,232674,232593,232648,232657,232627,232633,232638,232644,232652,232659,232635,232641
232725,232785,232793,,232736,232788,232802,232732,232738,232745,232784,232804,232810,232742,232781
232825,232859,232868,232870,232854,232862,232869,232850,232858,232861,232861,232865,232871,232861,232868
232900,232929,232939,232943,232925,232933,232942,232920,232929,232933,232933,232937,232943,232933,232940
232971,232999,233010,233025,232996,233003,233013,232992,232999,233003,233003,233007,233015,233003,233010
233084,233143,233155,,233166,,,233103,233109,233114,233144,233160,233169,233112,233140
233182,233216,233229,233232,233212,233222,233231,233208,233217,233222,233222,233226,233234,233222,233230
233250,233281,233294,233304,233255,233286,233303,233250,233258,233263,233281,233290,233307,233260,233277
233328,233349,233359,233376,233412,,,233342,233349,233353,233353,233357,233364,233353,233360
233427,233448,233457,233465,233431,233453,233495,233477,233484,,,233477,,233488,
233523,233552,233573,233577,233547,233555,233563,233543,233550,233554,233554,233558,233565,233554,233561
233599,233618,233636,233643,233613,233622,233638,233609,233616,233624,233628,233634,233642,233620,233628
233670,233690,233709,233697,233683,233693,233697,233679,233686,233689,233689,233694,233700,233689,233698
233724,233757,233776,233785,233731,233762,233780,233749,233756,233767,233771,233776,233783,233759,233771
233817,233830,233843,233853,233823,233838,233888,233818,233826,233831,233850,233884,233892,233828,233845
233934,233961,233969,233978,233954,233964,233977,233949,233958,233961,233961,233967,233994,233961,233969
234012,234032,234041,234050,234084,234085,234108,234015,234023,234027,234031,234039,234088,234025,234031
234126,234153,234173,234175,234148,234157,234209,234143,234151,234154,234154,234158,234214,234154,234160
234258,234278,234285,234292,234273,234280,234287,234269,234276,234280,234280,234283,234290,234280,234287
234320,234341,234354,234356,234337,234345,234354,234333,234341,234344,234344,234349,234357,234344,234352
234381,234405,234414,234422,234401,234409,234417,234397,234404,234408,234408,234412,234420,234408,234416
234480,234533,234544,234547,234529,234537,234546,234525,234532,234536,234536,234540,234549,234536,234544
234575,234596,234607,234626,234592,234599,234615,234588,234595,234599,234599,234603,234627,234599,234605
234670,234718,234728,,234715,234722,234738,234711,234718,234722,234722,234726,234743,234722,234729
234753,234779,234792,234801,234776,234783,234800,234772,234779,234783,234783,234787,234806,234783,234790
234822,234840,234852,234860,234836,234843,234859,234832,234839,234843,234843,234847,234864,234843,234849
234877,234898,234910,234918,234894,234902,234917,234890,234897,234901,234901,234905,234921,234901,234908
234934,234954,234970,234979,234950,234958,234973,234947,234954,234957,234957,234961,234981,234957,234964
235026,235072,235080,,235067,235075,235081,235062,235070,235078,235084,235112,235111,235073,235081
235117,235136,235147,235151,235128,235140,235148,235123,235131,235136,235136,235144,235150,235134,235136
235182,235198,235211,235214,235189,235204,235211,235184,235192,235197,235201,235208,235215,235194,235201
235245,235259,235274,235279,235252,235264,235276,235247,235256,235260,235260,235270,235280,235260,235276
235308,235323,235339,235343,235316,235331,235342,235310,235320,235330,235330,235337,235350,235323,235330
235372,235392,235405,235408,235381,235399,235407,235375,235385,235390,235392,235402,235411,235387,235392
235446,235463,235478,235496,235453,235469,235481,235447,235457,235461,235461,235474,235484,235459,235461
235515,235539,235566,235571,235531,235545,235567,235526,235539,235544,235544,235549,235572,235544,235552
235594,235613,235628,235636,235604,235621,235630,235599,235607,235613,235617,235624,235636,235610,235617
235658,235687,235700,235704,235677,235695,235703,235672,235680,235686,235691,235698,235705,235683,235688
235740,235784,235813,,235751,235767,235788,235745,235754,235761,235780,235788,235794,235757,235775
235819,235857,235867,235870,235826,235862,235869,235819,235829,235837,235858,235865,235872,235832,235855
235891,235933,235943,235945,235899,235937,235944,235894,235902,235909,235934,235941,235947,235905,235931
235965,236045,236066,236072,236041,236048,236055,236036,236044,236047,236047,236051,236058,236047,236054
236107,236187,236205,236213,236183,236191,236208,236108,236115,236122,236186,236194,236256,236119,236182
236299,236323,236332,236338,236319,236326,236334,236315,236322,236326,236326,236329,236336,236326,236332
236367,236392,236401,236407,236458,,,236383,236391,236395,236395,236399,236406,236395,236402
236503,236532,236543,236549,236528,236537,236548,236524,236531,236535,236535,236541,236549,236535,236545
236576,236631,236660,236676,236668,236674,236688,236662,236672,,,236662,,236676,
236729,236744,236763,236769,236738,236748,236765,236733,236742,236745,236745,236750,236771,236745,236752
236783,236816,236875,236886,236951,,,236804,236813,236823,236868,236876,236885,236817,236865
236971,236984,237017,237027,237023,237033,237034,236970,236983,236991,237003,237018,237027,236987,236994
237073,237133,237146,237165,237093,237137,237149,237088,237097,237111,237166,237187,237186,237102,237162
237191,237239,237292,237301,237230,237264,237295,237224,237235,237245,237260,237278,237300,237239,237257
237348,237398,237406,237408,237363,237402,237408,237358,237366,237375,237394,237404,237411,237370,237388
237473,237508,237521,237524,237489,237512,237523,237484,237492,237498,237505,237518,237527,237495,237502
237584,237606,237623,,237595,237618,237630,237589,237598,237601,237612,237628,237634,237599,237608
237642,237680,237709,237716,237648,237703,237712,237654,237660,237665,237675,237707,237716,237662,237667
237838,237851,237866,237876,237845,237859,237869,237840,237848,237854,237856,237864,237875,237850,237856
237902,237915,237933,237937,237910,237921,237936,237905,237914,237918,237918,237926,237941,237918,237930
237949,237983,237994,237998,237973,237989,237997,237969,237977,237984,237986,237993,238003,237980,237986
238028,238042,238055,238070,238100,,,238096,238103,,,238052,,238106,
238113,238128,238141,238168,238164,238172,238183,238161,238168,238172,238172,238176,238192,238172,238179
238243,238299,238311,238329,238316,238331,238332,238293,238300,238304,238304,238308,238327,238304,238312
238381,238438,238448,,238387,238439,238453,238432,238439,238443,238443,238447,238455,238443,238450
238473,238505,238516,,238525,,,238499,238506,238509,238509,238513,238528,238509,238516
238540,238569,238581,238597,238586,238598,238605,238563,238570,238574,238574,238579,238592,238574,238582
238646,238698,238708,,238656,238700,238718,238691,238698,238702,238702,238706,238713,238702,238709
238732,238761,238773,238788,238781,238790,238791,238755,238762,238766,238766,238770,238786,238766,238773
238835,238850,238870,238876,238841,238881,238888,238834,238846,238857,238876,238883,238891,238850,238873
238946,238961,238972,238983,238955,238965,238979,238950,238959,238964,238964,238968,238984,238964,238971
239001,239039,239050,239063,239112,,,239028,239037,239046,239064,239071,239078,239041,239061
239133,239197,239206,,239192,239197,239216,239186,239196,239199,239199,239204,239210,239199,239206
239233,239275,239284,239287,239269,239278,239286,239265,239273,239277,239277,239281,239288,239277,239284
239341,239355,239377,239380,239348,239370,239379,239343,239352,239360,239366,239374,239382,239355,239362
239418,239434,239450,239457,239428,239437,239452,239424,239432,239439,239442,239448,239458,239435,239442
239501,239514,239531,239539,239508,239517,239534,239503,239512,239521,239523,239529,239539,239515,239523
239579,239593,239602,239615,239587,239597,239623,239582,239591,239594,239594,239599,239617,239594,239601
239656,239669,239687,239693,239664,239673,239689,239659,239668,239672,239672,239677,239693,239672,239679
239735,239749,239765,239768,239742,239756,239818,239737,239745,239761,239800,239814,239822,239749,239797
239883,239897,239916,239921,239891,239900,239907,239886,239895,239898,239898,239903,239908,239898,239905
240016,240051,240058,240071,240045,240054,240070,240040,240048,240056,240060,240066,240074,240052,240060
240116,240129,240136,240138,240123,240131,240137,240118,240126,240130,240130,240134,240139,240130,240136
240192,240206,240251,240253,240200,240209,240214,240195,240203,240206,240206,240210,240216,240206,240213
240271,240285,240292,240305,240279,240288,240305,240274,240282,240290,240295,240301,240307,240286,240292
240353,240367,240375,240389,240361,240370,240389,240356,240365,240372,240377,240384,240391,240368,240377
240431,240445,240453,240454,240438,240447,240453,240433,240442,240445,240445,240450,240456,240445,240452
240508,240522,240540,240543,240516,240525,240543,240511,240519,240527,240531,240538,240546,240523,240531
240571,240602,240617,240620,240593,240611,240620,240588,240597,240606,240606,240615,240623,240600,240606
240661,240675,240692,240696,240669,240682,240695,240663,240672,240682,240682,240689,240698,240675,240682
240732,240747,240766,240769,240740,240760,240768,240734,240743,240751,240757,240764,240771,240746,240753
240803,240819,240837,240840,240812,240831,240839,240807,240815,240822,240828,240835,240842,240818,240825
240874,240895,240901,240917,240888,240907,240916,240883,240891,240899,240904,240911,240920,240895,240901
240957,240970,240989,240992,240964,240974,240991,240960,240968,240971,240971,240976,240997,240971,240978
241013,241045,241051,241053,241039,241048,241052,241034,241042,241045,241045,241050,241054,241045,241052
241089,241119,241126,241140,241112,241133,241139,241107,241115,241124,241130,241136,241143,241119,241127
241176,241193,241199,241213,241185,241205,241212,241180,241189,241197,241201,241208,241215,241192,241201
241250,241264,241282,241285,241257,241275,241285,241252,241261,241271,241273,241280,241288,241264,241273
241316,241334,241349,241352,241326,241341,241351,241321,241330,241340,241340,241347,241354,241334,241340
241386,241401,241415,241421,241394,241405,241417,241389,241397,241406,241406,241413,241421,241401,241406
241450,241467,241482,241486,241460,241471,241483,241454,241464,241475,241475,241479,241487,241468,241475
241513,241529,241545,241549,241522,241533,241546,241517,241526,241536,241536,241541,241550,241530,241536
241575,241591,241608,241612,241584,241598,241611,241579,241588,241598,241598,241605,241615,241592,241598
241640,241654,241671,241677,241647,241658,241673,241642,241651,241661,241661,241668,241677,241654,241661
241704,241719,241734,241741,241712,241726,241737,241706,241716,241725,241725,241732,241740,241719,241725
241770,241785,241799,241802,241779,241790,241801,241774,241782,241786,241786,241796,241808,241786,241800
241837,241851,241866,241869,241844,241856,241868,241839,241848,241851,241851,241861,241875,241851,241866
241888,241919,241934,241938,241911,241928,241937,241906,241914,241923,241924,241933,241941,241918,241924
241972,241985,241992,242007,241979,241997,242006,241974,241983,241990,241994,242001,242010,241986,241994
242027,242084,242099,242112,242050,242088,242103,242075,242083,242086,242086,242090,242114,242086,242091
242137,242200,242218,242245,242148,242212,242245,242139,242149,242152,242197,242237,242246,242151,242193
242336,242350,242366,242370,242343,242356,242369,242338,242347,242357,242357,242364,242372,242350,242357
242407,242423,242435,242435,242415,242428,242435,242410,242419,242422,242422,242431,242438,242422,242435
242459,242498,242507,242510,242483,242502,242509,242478,242486,242492,242498,242505,242516,242489,242495
242542,242578,242609,242618,242549,242605,242614,242544,242551,242559,242577,242609,242616,242555,242574
242675,242707,242716,242719,242748,,,242676,242683,242690,242706,242714,242721,242686,242702
242760,242774,242783,242789,242764,242777,242785,242768,242773,242777,242777,242781,242788,242777,242784
242810,242846,242869,242871,242817,242824,242888,242812,242820,242828,242873,242883,242891,242823,242868
242954,242971,242983,242985,242961,242978,242984,242955,242963,242969,242974,242981,242987,242966,242974
243023,243059,243079,243081,243101,,,243023,243032,243041,243059,243077,243085,243036,243055
243123,243139,243170,243185,243177,243189,243193,243170,243180,,,243170,,243184,
243227,243261,243275,243280,243254,243269,243279,243249,243257,243266,243266,243274,243281,243261,243266
243323,243336,243350,243356,243329,243342,243355,243324,243333,243338,243338,243347,243359,243338,243355
243395,243410,243425,243433,243403,243416,243427,243398,243407,243412,243412,243422,243431,243412,243426
243470,243484,243503,243507,243478,243489,243504,243473,243481,243485,243485,243498,243508,243485,243504
243549,243563,243606,243608,243557,243565,243572,243552,243560,243563,243563,243568,243574,243563,243570
243627,243640,243663,243670,243634,243692,243710,243629,243638,243645,243669,243705,243713,243641,243666
243776,243790,243810,243813,243784,243794,243799,243779,243787,243791,243791,243795,243801,243791,243798
243851,243930,243940,,243857,243915,243948,243851,243859,243874,243928,243938,243954,243863,243924
243973,243995,244007,244018,243990,243999,244012,243986,243994,243997,243997,244003,244015,243997,244012
244046,244060,244076,244077,244054,244063,244076,244048,244058,244062,244062,244067,244081,244062,244070
244097,244122,244138,244149,244182,244198,244207,244177,244184,,,244177,,244187,
244276,244292,244306,244309,244280,244340,244350,244287,244294,244304,244336,244344,244355,244299,244333
244406,244420,244429,244435,244417,244424,244431,244413,244420,244423,244423,244427,244433,244423,244430
244473,244504,244515,244519,244501,244508,244518,244497,244504,244508,244508,244512,244520,244508,244516
244541,244587,244598,244602,244584,244591,244601,244579,244587,244591,244591,244595,244604,244591,244599
244633,244658,244679,244687,244687,,,244637,244645,244650,244656,244661,244667,244648,244653
244703,244740,244752,244771,244806,,,244732,244740,244743,244743,244748,244761,244743,244751
244858,244871,244886,244898,244891,244890,244890,244860,244870,244878,244881,244886,244894,244874,244881
244911,244933,244946,244956,244956,,,244925,244933,244937,244937,244942,244949,244937,244945
244972,244995,245010,245014,244990,245001,245013,244986,244994,245001,245001,245007,245016,245001,245012
245032,245059,245075,245080,245054,245062,245079,245050,245058,245061,245061,245065,245081,245061,245068
245095,245124,245135,245150,245189,,,245116,245123,245127,245127,245131,245138,245127,245134
245203,245264,245274,,245209,245245,245280,245257,245264,245268,245268,245272,245283,245268,245275
245299,245340,245353,245360,245334,245343,245356,245330,245337,245345,245347,245352,245359,245341,245347
245399,245414,245432,245433,245408,245418,245432,245402,245411,245415,245415,245420,245436,245415,245421
245447,245480,245491,245506,245500,245509,245512,245473,245480,245483,245483,245487,245504,245483,245490
245563,245617,245628,245634,245612,245621,245633,245607,245616,245621,245621,245626,245640,245621,245630
245657,245682,245696,245707,245746,,,245695,245704,,,245695,,245707,
245762,245780,245790,245799,245769,245786,245794,245761,245772,245778,245782,245789,245796,245775,245782
245868,245887,245916,245944,245878,245893,245900,245872,245882,245885,245886,245896,245903,245883,245886
245995,246018,246041,246093,246001,246035,246044,246039,246046,,,246039,,246048,
246166,246203,246211,246226,246191,246207,246226,246186,246194,246195,246201,246219,246232,246195,246201
246273,246307,246320,246326,246288,246331,246341,246335,246343,,,246335,,246344,
246405,246462,246472,246497,246481,246535,246543,246453,246460,246468,246472,246476,246533,246464,246472
246611,246627,246637,246659,246616,246677,246686,246650,246657,246663,246673,246682,246689,246660,246668
246756,246815,246828,246838,246760,246820,246830,246778,246784,246789,246816,246824,246832,246787,246813
246878,246932,246937,246944,247018,,,246950,246957,,,246950,,246960,
247075,247093,247097,247117,247083,247133,247143,247077,247090,247098,247116,247137,247146,247094,247113
247192,247217,247249,247253,247204,247241,247250,247197,247208,247230,247238,247245,247252,247210,247235
247314,247350,247372,247388,247320,247366,247377,247315,247323,247334,247350,247371,247380,247327,247338
247503,247516,247524,247542,247510,247548,247556,247504,247513,247521,247543,247552,247559,247517,247540
247616,247647,247659,247669,247643,247651,247664,247616,247623,247625,247647,247655,247669,247624,247643
247686,247736,247749,247761,247890,,,247885,247893,,,247790,,247896,
247910,247955,247970,247977,247950,247960,247973,247945,247953,247962,247962,247968,247977,247956,247962
248028,248059,248065,248083,248077,248080,,248067,248082,,,248067,,248085,
248111,248158,248172,248183,248121,248165,248176,248112,248128,248134,248139,248169,248183,248131,248136
248252,248293,248304,248326,248376,,,248253,248260,248267,248293,248301,248309,248263,248290
248398,248415,248426,248429,248447,,,248398,248405,248410,248416,248424,248432,248407,248413
248467,248497,248508,248511,248475,248501,248510,248489,248498,248501,248501,248505,248512,248501,248508
248534,248560,248572,248579,248579,,,248554,248561,248565,248565,248569,248585,248565,248572
248595,248612,248618,248622,248637,,,248595,248604,248608,248612,248617,248624,248606,248612
248659,248685,248696,248699,248699,,,248661,248667,248672,248686,248694,248700,248669,248673
248717,248734,248743,248748,248764,,,248717,248723,248727,248734,248742,248750,248725,248731
248783,248816,248827,248843,248899,,,248784,248793,248800,248817,248825,248833,248796,248814
248929,248959,248967,248973,248955,248962,248969,248941,248947,248952,248958,248965,248972,248949,248955
249038,249064,249070,249071,249047,249066,249070,249056,249062,249065,249065,249068,249072,249065,249070
249105,249125,249129,249131,249114,249139,249153,249106,249119,249127,249133,249148,249157,249123,249130
249201,249247,249256,249268,249241,249251,249300,249273,249281,,,249273,,249284,
249357,249402,249417,249426,249521,,,249516,249524,,,249415,,249527,
249576,249589,249632,249637,249637,249644,249648,249578,249585,249589,249595,249632,249640,249587,249592
249686,249708,249737,249740,249695,249731,249739,249685,249701,249711,249719,249736,249743,249708,249716
249778,249806,249816,249820,249788,249811,249819,249781,249790,249797,249804,249814,249822,249793,249800
249878,249916,249962,249972,249892,249923,249931,249881,249897,249903,249907,249925,249934,249900,249907
250003,250017,250036,250053,250011,250020,250026,250006,250015,250018,250018,250022,250027,250018,250025
250093,250130,250138,250154,250125,250146,250153,250120,250128,250135,250142,250149,250155,250131,250138
250196,250211,250218,250219,250203,250215,250219,250197,250207,250211,250211,250216,250222,250211,250219
250246,250276,250290,250302,250268,250284,250301,250262,250271,250278,250278,250288,250320,250274,250278
250345,250377,250385,250387,250370,250380,250386,250366,250374,250378,250378,250382,250388,250378,250384
250451,250495,250512,250517,250487,250507,250514,250478,250492,250499,250503,250509,250517,250496,250503
250608,250631,250657,250693,250668,250702,250710,250619,250626,250629,250645,250653,250676,250627,250642
250816,250834,250854,250857,250869,250913,250925,250816,250822,250825,250832,250865,250872,250824,250829
250981,251058,251077,,251012,251054,251082,250985,250992,250999,251067,251077,251085,250995,251063
251096,251129,251147,,251119,251142,251154,251114,251125,251146,251152,251167,251174,251130,251149
251184,251277,251344,251354,251195,251280,251286,251267,251275,251279,251279,251283,251288,251279,251285
251419,251432,251453,251459,251425,251445,251455,251420,251428,251435,251441,251449,251457,251432,251438
251497,251511,251528,251532,251504,251517,251531,251499,251507,251521,251521,251527,251535,251516,251521
251545,251586,251605,251613,251581,251589,251609,251576,251584,251591,251596,251603,251611,251587,251593
251679,251739,251776,251782,251734,251745,251757,251729,251737,251747,251747,251752,251761,251741,251747
251821,251876,251892,251895,251836,251884,251894,251831,251838,251844,251877,251889,251896,251841,251874
251957,251976,251987,252006,251971,251980,252021,251998,252005,,,251998,,252009,
252040,252054,252091,252069,252106,,,252043,252051,252060,252060,252065,252072,252054,252060
252125,252145,252161,252172,252139,252151,252166,252134,252143,252147,252147,252158,252172,252147,252167
252262,252284,252303,252309,252270,252294,252305,252278,252289,252295,252295,252300,252309,252295,252305
252378,252392,252405,252409,252442,252445,252450,252377,252390,252401,252427,252436,252456,252395,252424
252483,252540,252570,252588,252488,252564,252573,252499,252506,252511,252560,252568,252576,252508,252557
252646,252663,252671,252673,252651,252668,252694,252656,252662,252665,252665,252669,252683,252665,252671
252725,252760,252774,252777,252731,252760,252776,252737,252744,252750,252757,252761,252766,252747,252753
252799,252838,252851,,252824,252846,252863,252811,252817,252821,252839,252859,252866,252819,252836
252874,252924,252950,252970,252880,252944,252952,252874,252882,252888,252940,252947,252955,252885,252937
253022,253058,253081,253099,253026,253103,253113,253049,253056,253063,253099,253107,253116,253059,253096
253196,253219,253231,253243,253273,253279,253288,253209,253216,253229,253276,253283,253292,253224,253273
253354,253374,253384,253405,253370,253378,253387,253366,253373,253377,253377,253382,253391,253377,253386
253442,253461,253469,253479,253457,253464,253472,253453,253460,253463,253463,253468,253476,253463,253471
253524,253569,253574,253579,253546,253553,253577,253541,253549,253557,253566,253573,253588,253552,253562
253611,253642,253648,253649,253622,253645,253649,253614,253625,253632,253638,253646,253652,253629,253635
253712,253748,253759,253761,253727,253754,253760,253722,253730,253737,253747,253757,253763,253733,253741
253797,253820,253828,253831,253814,253823,253829,253809,253817,253820,253820,253825,253833,253820,253828
253879,253916,253925,253927,253894,253920,253926,253890,253897,253905,253916,253923,253929,253901,253913
253971,253998,254009,254012,253978,253986,254064,253973,253981,253988,253996,254059,254067,253984,253992
254132,254173,254186,254190,254154,254179,254189,254163,254171,254178,254178,254185,254191,254175,254178
254226,254256,254272,254276,254241,254266,254275,254236,254243,254249,254255,254270,254276,254246,254251
254313,254338,254350,,254321,254345,254371,254315,254323,254329,254340,254349,254372,254325,254332
254389,254418,254428,254430,254396,254424,254430,254391,254399,254408,254417,254426,254432,254403,254413
254466,254493,254503,254526,254473,254498,254525,254468,254475,254482,254492,254501,254527,254478,254487
254544,254570,254581,254583,254550,254576,254583,254545,254552,254559,254569,254579,254587,254555,254562
254617,254645,254652,254653,254623,254648,254653,254618,254625,254632,254643,254650,254656,254628,254636
254694,254724,254732,254734,254701,254728,254734,254697,254704,254712,254722,254730,254737,254707,254718
254770,254805,254828,254834,254783,254791,254814,254778,254785,254793,254804,254811,254817,254789,254797
254854,254869,254876,254886,254864,254871,254879,254860,254867,254871,254871,254875,254884,254871,254878
254937,254969,254977,255000,254947,254955,254975,254942,254949,254957,254967,254975,254981,254953,254961
255022,255057,255067,255071,255035,255063,255071,255031,255038,255045,255057,255066,255074,255041,255048
255115,255153,255163,255166,255132,255158,255165,255127,255135,255144,255153,255161,255168,255138,255150
255206,255243,255257,255261,255224,255251,255260,255219,255227,255235,255243,255255,255262,255230,255238
255293,255328,255342,255348,255311,255336,255347,255306,255314,255322,255330,255341,255350,255317,255326
255378,255410,255425,255433,255394,255418,255432,255388,255397,255404,255411,255424,255436,255400,255408
255469,255497,255512,255517,255481,255506,255516,255474,255488,255495,255500,255510,255518,255492,255500
255564,255589,255605,255610,255575,255600,255609,255568,255581,255589,255595,255604,255612,255585,255592
255655,255685,255700,255706,255671,255695,255705,255665,255675,255685,255690,255699,255707,255680,255687
255741,255776,255793,255801,255765,255788,255800,255759,255769,255777,255783,255792,255806,255773,255780
255832,255865,255882,255889,255853,255876,255888,255847,255857,255865,255870,255882,255891,255861,255867
255922,255954,255973,255978,255942,255966,255977,255935,255946,255955,255961,255972,255981,255951,255958
256025,256048,256067,256074,256036,256060,256073,256030,256040,256050,256056,256065,256080,256044,256053
256116,256149,256166,256172,256137,256161,256171,256131,256142,256150,256156,256165,256172,256146,256153
256208,256241,256259,256264,256230,256253,256263,256224,256234,256243,256248,256258,256267,256238,256245
256297,256333,256350,256357,256321,256343,256356,256315,256324,256333,256336,256348,256359,256328,256336
256391,256425,256441,256451,256411,256435,256450,256405,256415,256425,256430,256440,256454,256420,256427
256487,256522,256537,256546,256507,256531,256545,256500,256511,256519,256525,256536,256549,256514,256522
256590,256623,256639,256648,256609,256633,256647,256603,256614,256623,256628,256638,256653,256619,256628
256678,256716,256734,256741,256704,256727,256740,256698,256709,256717,256723,256732,256747,256713,256720
256786,256810,256828,256833,256797,256821,256832,256791,256801,256809,256815,256826,256836,256804,256812
256873,256905,256920,256926,256890,256914,256925,256884,256893,256901,256908,256919,256929,256897,256905
256965,257002,257019,257024,256988,257012,257023,256981,256992,257001,257006,257017,257027,256996,257003
257070,257100,257119,257125,257089,257112,257124,257083,257093,257102,257107,257118,257129,257097,257107
257159,257192,257209,257215,257181,257203,257214,257175,257185,257194,257199,257208,257218,257189,257196
257261,257302,257321,,257270,257313,257330,257264,257273,257289,257302,257323,257338,257276,257298
257350,257377,257394,257405,257363,257386,257404,257356,257369,257373,257376,257393,257408,257371,257376
257445,257470,257486,257497,257455,257481,257496,257449,257462,257471,257476,257485,257499,257467,257473
257546,257572,257587,257591,257555,257582,257590,257548,257558,257563,257569,257585,257592,257560,257566
257630,257659,257682,257694,257650,257669,257685,257645,257654,257657,257661,257676,257692,257655,257661
257725,257764,257780,257785,257748,257774,257784,257743,257752,257758,257762,257778,257787,257754,257759
257819,257857,257875,257878,257840,257864,257875,257834,257845,257853,257859,257868,257882,257849,257856
257920,257948,257962,257966,257928,257955,257964,257921,257930,257936,257943,257959,257968,257933,257939
258003,258030,258046,258048,258012,258041,258047,258004,258028,258036,258036,258044,258049,258031,258036
258083,258112,258124,258147,258093,258122,258129,258086,258096,258099,258112,258123,258148,258097,258109
258166,258194,258204,258207,258174,258200,258206,258167,258176,258179,258193,258202,258208,258177,258183
258243,258269,258284,258287,258251,258279,258286,258243,258259,258263,258268,258282,258288,258261,258268
258316,258344,258353,258364,258324,258349,258363,258318,258327,258335,258343,258360,258366,258330,258340
258397,258424,258434,258438,258405,258429,258437,258400,258408,258415,258423,258432,258441,258411,258419
258474,258507,258516,258520,258488,258512,258519,258483,258491,258499,258507,258515,258520,258494,258503
258559,258594,258605,258609,258573,258600,258608,258568,258575,258581,258595,258604,258611,258578,258592
258654,258681,258700,258703,258666,258693,258702,258660,258669,258683,258686,258698,258705,258671,258675
258745,258781,258795,258799,258763,258789,258798,258758,258766,258773,258785,258793,258802,258769,258782
258835,258872,258886,258890,258856,258880,258889,258851,258859,258866,258874,258884,258892,258862,258869
258925,258959,258970,258982,258941,258966,258981,258936,258944,258953,258960,258969,258982,258947,258957
259010,259042,259058,259062,259026,259052,259061,259020,259028,259034,259039,259056,259064,259030,259036
259109,259134,259149,259153,259117,259144,259152,259111,259119,259125,259131,259148,259155,259122,259128
259204,259231,259244,259260,259214,259239,259259,259208,259216,259223,259233,259242,259264,259219,259224
259300,259325,259339,259342,259308,259333,259341,259303,259311,259319,259329,259337,259344,259313,259326
259378,259416,259429,259440,259398,259424,259439,259393,259400,259407,259416,259427,259441,259403,259410
259477,259512,259523,259529,259492,259518,259528,259486,259494,259501,259511,259522,259531,259497,259504
259583,259611,259625,259629,259590,259620,259628,259585,259593,259600,259608,259623,259630,259596,259604
259675,259712,259721,259765,259692,259753,259764,259687,259694,259701,259711,259759,259765,259697,259705
259821,259880,259889,,259877,259884,259891,259873,259880,259887,259906,259917,259916,259883,259903
259922,259960,259973,259978,259932,259965,259975,259951,259958,259965,259965,259970,259978,259965,259974
260028,260097,260106,260122,260074,260115,260121,260070,260077,260085,260094,260118,260125,260081,260088
260183,260207,260217,260228,260188,260211,260220,260200,260206,260210,260210,260215,260223,260210,260218
260242,260266,260274,260284,260261,260269,260277,260257,260264,260268,260268,260272,260282,260268,260275
260367,260392,260406,260414,260373,260399,260408,260384,260394,260401,260401,260404,260412,260401,260408
260433,260460,260470,260495,260456,260463,260473,260452,260459,260463,260463,260467,260479,260463,260470
260538,260566,260576,260586,260562,260569,260579,260558,260565,260568,260568,260573,260583,260568,260577
260640,260669,260677,260689,260664,260671,260681,260660,260667,260671,260671,260675,260686,260671,260679
260747,260788,260798,260800,260765,260792,260799,260760,260767,260775,260787,260795,260803,260771,260782
260844,260884,260893,260895,260860,260889,260894,260856,260863,260870,260883,260891,260896,260866,260873
260938,260980,260989,260991,260957,260984,260990,260952,260959,260966,260980,260987,260993,260962,260977
261038,261074,261086,261090,261053,261080,261089,261049,261056,261063,261074,261084,261090,261059,261066
261130,261168,261177,261185,261147,261172,261184,261142,261149,261156,261167,261175,261188,261152,261164
261234,261263,261277,261281,261242,261271,261280,261237,261244,261249,261265,261275,261283,261247,261262
261332,261360,261373,261377,261342,261367,261376,261336,261344,261350,261359,261371,261378,261347,261354
261434,261460,261472,261477,261441,261466,261476,261436,261443,261450,261459,261470,261480,261447,261454
261513,261576,261604,261657,261647,261649,261664,261535,261543,261550,261587,261599,261653,261546,261584
261723,261753,261760,261774,261730,261768,261774,261725,261732,261739,261749,261770,261777,261735,261743
261840,261854,261864,261888,261846,261859,261888,261840,261853,261861,261877,261883,261891,261857,261874
261924,261957,261965,261967,261931,261938,261967,261926,261934,261941,261955,261963,261970,261937,261951
262007,262031,262039,262049,262026,262034,262042,262022,262029,262033,262033,262037,262046,262033,262041
262096,262127,262136,262147,262123,262130,262140,262118,262126,262129,262129,262134,262144,262129,262138
262210,262243,262250,262255,262217,262224,262253,262213,262220,262228,262239,262248,262255,262223,262231
262311,262342,262350,262356,262318,262325,262353,262314,262321,262329,262339,262348,262356,262324,262333
262407,262446,262455,262457,262422,262430,262457,262417,262425,262433,262443,262453,262459,262429,262437
262526,262557,262563,262563,262532,262539,262563,262527,262535,262543,262554,262561,262567,262538,262546
262607,262653,262662,262665,262629,262636,262665,262625,262632,262639,262652,262660,262667,262635,262649
262712,262744,262753,262756,262720,262749,262755,262715,262722,262729,262743,262752,262758,262725,262740
262805,262835,262844,262865,262812,262853,262864,262807,262814,262821,262831,262860,262867,262817,262824
262920,262934,262942,262946,262926,262938,262944,262920,262932,262936,262936,262940,262947,262936,262943
262990,263023,263031,263042,263019,263026,263035,263014,263022,263025,263025,263029,263041,263025,263032
263089,263124,263133,263144,263120,263127,263137,263115,263123,263126,263126,263131,263142,263126,263135
263294,263327,263338,263345,263323,263331,263340,263319,263326,263330,263330,263335,263346,263330,263340
263394,263459,263478,263480,263431,263459,263479,263426,263434,263441,263454,263460,263469,263437,263445
263512,263556,263567,263571,263535,263562,263571,263530,263538,263546,263554,263565,263577,263542,263550
263632,263699,263726,263735,263639,263714,263731,263635,263642,263649,263661,263727,263734,263645,263653
263833,263860,263893,263898,263918,,,263851,263857,263860,263860,263863,263870,263860,263866
263931,263956,263977,263982,263936,263960,263969,263948,263955,263959,263959,263963,263971,263959,263967
263999,264028,264037,264051,264024,264031,264041,264020,264027,264030,264030,264035,264046,264030,264038
264108,264139,264149,264160,264135,264142,264152,264131,264138,264142,264142,264146,264158,264142,264149
264216,264242,264251,264263,264238,264245,264255,264234,264241,264245,264245,264249,264260,264245,264252
264348,264371,264389,264394,264353,264376,264391,264364,264371,264379,264383,264387,264395,264374,264383
264422,264452,264460,264477,264427,264434,264477,264423,264430,264437,264449,264472,264478,264433,264441
264516,264545,264555,264557,264623,,,264532,264541,264547,264547,264553,264560,264547,264556
264635,264663,264707,264715,264733,,,264655,264662,264665,264665,264669,264674,264665,264671
264746,264759,264765,264767,264752,264761,264766,264745,264755,264758,264758,264762,264768,264758,264765
264809,264859,264867,264869,264834,264842,264869,264830,264838,264846,264857,264864,264871,264841,264851
264922,264955,264979,264985,264929,264937,264964,264925,264932,264940,264953,264960,264967,264936,264943
265017,265049,265059,265063,265024,265032,265061,265020,265027,265035,265044,265057,265063,265031,265039
265137,265150,265159,265176,265142,265166,265175,265136,265148,265156,265163,265170,265178,265153,265160
265226,265260,265269,265271,265337,,,265244,265252,265257,265260,265267,265274,265254,265260
265349,265376,265385,265389,265437,265445,265454,265433,265441,265444,265444,265449,265458,265444,265452
265544,265568,265578,265591,265708,,,265612,265619,265623,265623,265627,265638,265623,265630
265718,265763,265784,265790,265790,,,265718,265731,265738,265765,265782,265797,265735,265762
265811,265853,265867,265867,265831,265864,265867,265824,265837,265845,265851,265865,265872,265842,265848
265941,266001,266016,266023,265948,266007,266052,266028,266035,,,266028,,266039,
266110,266156,266172,266182,266116,266203,266213,266128,266138,266146,266199,266207,266217,266142,266196
266294,266316,266327,266346,266443,,,266355,266363,266366,266366,266371,266381,266366,266375
266457,266483,266492,266497,266461,266486,266493,266475,266482,266486,266486,266489,266495,266486,266492
266520,266548,266560,266586,266545,266553,266563,266541,266548,266552,266552,266556,266569,266552,266560
266625,266668,266680,266712,266664,266672,266684,266660,266668,266671,266671,266676,266688,266671,266681
266758,266775,266786,266812,266771,266779,266790,266767,266775,266778,266778,266783,266794,266778,266789
266858,266878,266889,266915,266874,266882,266892,266870,266877,266881,266881,266886,266896,266881,266890
266956,266974,266984,266989,266970,266977,266988,266966,266973,266977,266977,266981,266993,266977,266984
267017,267065,267075,267087,267061,267068,267078,267057,267064,267068,267068,267072,267083,267068,267076
267133,267151,267160,267170,267238,,,267143,267150,267154,267154,267158,267167,267154,267162
267252,267275,267285,267297,267258,267280,267296,267268,267275,267283,267286,267291,267300,267278,267286
267326,267345,267354,267368,267341,267348,267359,267337,267344,267348,267348,267352,267364,267348,267355
267438,267455,267465,267477,267451,267459,267469,267447,267454,267458,267458,267463,267473,267458,267467
267531,267560,267570,267583,267557,267564,267574,267553,267560,267564,267564,267568,267579,267564,267571
267640,267665,267675,267700,267661,267668,267679,267657,267664,267668,267668,267672,267683,267668,267676
267739,267765,267776,267787,267761,267769,267780,267757,267764,267768,267768,267773,267784,267768,267779
267811,267857,267866,267871,267853,267860,267870,267849,267856,267860,267860,267864,267875,267860,267868
267903,267945,267954,267974,267941,267948,267956,267937,267944,267948,267948,267952,267959,267948,267955
268024,268037,268046,268056,268032,268040,268049,268028,268035,268039,268039,268044,268054,268039,268048
268116,268138,268148,268159,268134,268141,268152,268130,268137,268141,268141,268146,268156,268141,268152
268220,268247,268258,268272,268243,268251,268263,268239,268246,268250,268250,268255,268268,268250,268258
268345,268377,268385,268408,268353,268400,268407,268349,268356,268368,268376,268403,268409,268359,268373
268450,268479,268489,268492,268458,268483,268491,268453,268461,268470,268479,268487,268495,268465,268474
268563,268609,268638,268647,268643,268651,268652,268596,268610,268618,268631,268639,268647,268613,268620
268701,268778,268799,268851,268808,268858,268880,268728,268735,268742,268784,268794,268837,268739,268780
268955,268978,268994,268998,268962,268989,268997,268955,268966,268972,268978,268992,269000,268969,268975
269035,269060,269071,269079,269045,269066,269078,269040,269048,269055,269061,269069,269083,269051,269058
269108,269184,269191,269192,269162,269170,269192,269157,269165,269174,269182,269189,269195,269169,269178
269248,269293,269302,269305,269255,269262,269304,269266,269278,269286,269293,269300,269306,269283,269290
269327,269369,269399,269406,269346,269374,269380,269357,269368,269372,269372,269376,269383,269372,269380
269435,269468,269475,269480,269443,269450,269478,269438,269446,269454,269463,269472,269483,269449,269457
269529,269581,269594,269596,269556,269563,269595,269552,269559,269567,269579,269589,269598,269562,269575
269645,269693,269699,269700,269668,269676,269700,269664,269671,269680,269690,269697,269703,269675,269685
269754,269794,269822,269825,269770,269778,269801,269766,269773,269781,269792,269799,269804,269777,269786
269858,269888,269897,269914,269865,269906,269913,269860,269867,269876,269885,269909,269915,269871,269879
269948,269977,269988,269991,269955,269983,269990,269950,269958,269966,269974,269986,269993,269961,269969
270055,270069,270078,270098,270061,270087,270097,270056,270066,270076,270083,270091,270101,270072,270079
270122,270162,270171,270181,270158,270165,270174,270153,270161,270164,270164,270169,270179,270164,270173
270263,270307,270323,270328,270270,270277,270325,270266,270273,270281,270291,270319,270329,270276,270286
270349,270383,270392,270401,270378,270386,270395,270374,270382,270385,270385,270390,270399,270385,270394
270453,270479,270489,270501,270476,270483,270492,270472,270479,270483,270483,270487,270495,270483,270490
270547,270569,270579,270601,270564,270572,270584,270560,270568,270571,270571,270575,270588,270571,270578
270646,270676,270685,270688,270652,270659,270687,270647,270655,270663,270674,270682,270690,270658,270666
270732,270750,270758,270769,270746,270753,270762,270742,270749,270753,270753,270757,270766,270753,270760
270827,270857,270867,270880,270871,270882,270889,270850,270857,270860,270860,270864,270877,270860,270868
270931,270963,270974,271000,270960,270967,270976,270956,270963,270967,270967,270971,270979,270967,270974
271050,271066,271077,271090,271082,271106,271114,271059,271066,271070,271070,271074,271103,271070,271078
271146,271162,271172,271197,271159,271166,271175,271155,271162,271166,271166,271170,271179,271166,271173
271241,271255,271264,271276,271251,271258,271268,271246,271254,271258,271258,271262,271273,271258,271265
271334,271364,271373,271378,271341,271348,271375,271337,271344,271352,271362,271371,271379,271348,271356
271423,271459,271469,271471,271436,271445,271470,271432,271439,271447,271456,271466,271473,271443,271451
271527,271560,271575,271578,271536,271570,271577,271531,271539,271548,271557,271574,271579,271543,271552
271625,271665,271673,271675,271639,271668,271674,271635,271642,271650,271663,271671,271677,271645,271660
271734,271764,271780,271785,271741,271772,271782,271736,271744,271753,271761,271776,271787,271748,271757
271833,271858,271871,271875,271840,271865,271874,271835,271843,271850,271859,271869,271877,271846,271853
271916,271957,271964,271970,271935,271960,271967,271929,271938,271945,271953,271962,271972,271941,271949
272072,272147,272169,,272124,272145,272177,272119,272127,272135,272157,272169,272180,272130,272154
272187,272240,272264,272266,272196,272260,272266,272189,272201,272212,272220,272262,272269,272208,272216
272321,272376,272405,272413,272343,272399,272408,272321,272331,272337,272355,272404,272412,272334,272341
272466,272538,272547,,272516,272542,272561,272511,272519,272529,272537,272565,272574,272523,272533
272598,272641,272649,272654,272617,272624,272651,272613,272620,272627,272640,272647,272654,272623,272637
272698,272722,272730,272741,272716,272724,272734,272712,272720,272723,272723,272728,272739,272723,272732
272805,272826,272836,272848,272821,272830,272840,272817,272825,272829,272829,272834,272844,272829,272837
272914,272946,272953,272958,272920,272928,272955,272916,272923,272931,272944,272951,272958,272927,272940
273016,273061,273071,,273021,273066,273080,273017,273024,273033,273043,273094,273100,273028,273038
273109,273142,273151,273154,273119,273146,273154,273114,273122,273130,273140,273149,273157,273125,273135
273205,273233,273243,273245,273213,273237,273244,273208,273215,273223,273232,273241,273248,273219,273227
273293,273323,273336,273339,273302,273330,273338,273297,273305,273313,273326,273334,273342,273308,273323
273391,273421,273431,273433,273398,273424,273431,273393,273401,273412,273420,273427,273435,273404,273416
273485,273519,273531,273535,273497,273523,273532,273493,273501,273508,273517,273528,273535,273504,273512
273588,273601,273609,273619,273596,273604,273613,273592,273599,273602,273602,273607,273618,273602,273612
273671,273710,273718,273720,273687,273696,273719,273683,273690,273699,273708,273715,273722,273693,273705
273773,273804,273812,273814,273780,273789,273814,273776,273783,273791,273802,273810,273817,273787,273794
273855,273904,273911,273918,273878,273886,273914,273874,273881,273890,273902,273910,273918,273885,273898
273958,274005,274029,274032,273981,273988,274016,273976,273984,273991,274003,274012,274019,273987,273995
274056,274097,274106,274110,274074,274100,274107,274070,274078,274087,274095,274103,274111,274081,274091
274153,274183,274193,274197,274159,274187,274195,274154,274162,274170,274180,274190,274198,274165,274176
274242,274284,274298,274304,274248,274291,274303,274243,274250,274258,274284,274296,274309,274254,274280
274339,274370,274376,274401,274344,274351,274396,274340,274347,274355,274367,274391,274397,274350,274358
274454,274480,274500,274504,274534,274542,274552,274470,274479,274486,274538,274546,274556,274482,274534
274614,274627,274637,274662,274622,274630,274640,274618,274626,274630,274630,274634,274644,274630,274637
274728,274755,274769,274779,274734,274760,274773,274745,274754,274758,274758,274766,274778,274758,274773
274801,274817,274827,274851,274813,274820,274831,274809,274816,274820,274820,274824,274835,274820,274827
274897,274914,274926,274931,274911,274919,274930,274907,274914,274918,274918,274923,274933,274918,274927
274961,275007,275018,275022,275003,275011,275021,274999,275006,275010,275010,275015,275024,275010,275019
275052,275100,275109,275121,275096,275103,275112,275092,275099,275103,275103,275107,275116,275103,275111
275150,275194,275205,275210,275191,275198,275209,275187,275194,275198,275198,275202,275216,275198,275205
275242,275291,275302,275315,275385,,,275283,275291,275294,275294,275299,275313,275294,275301
275396,275410,275419,275439,275402,275428,275438,275396,275405,275417,275424,275433,275442,275409,275420
275475,275501,275511,275520,275481,275505,275514,275476,275484,275492,275501,275509,275518,275488,275496
275556,275581,275592,275616,275578,275585,275596,275573,275581,275584,275584,275589,275600,275584,275594
275659,275672,275683,275695,275687,275711,275721,275665,275672,275676,275676,275681,275708,275676,275684
275744,275766,275777,275788,275762,275770,275781,275758,275766,275769,275769,275774,275786,275769,275777
275842,275862,275874,275904,275859,275867,275877,275855,275863,275866,275866,275871,275881,275866,275874
276002,276018,276029,276036,276048,276055,276065,276044,276051,276055,276055,276059,276068,276055,276063
276129,276149,276160,276164,276146,276153,276163,276141,276149,276153,276153,276157,276167,276153,276161
276197,276239,276250,276255,276255,,,276232,276239,276242,276242,276247,276259,276242,276251
276284,276327,276339,276364,276324,276332,276343,276319,276327,276331,276331,276336,276347,276331,276340
276467,276485,276494,276504,276516,276523,276533,276512,276519,276523,276523,276527,276536,276523,276530
276591,276609,276620,276625,276605,276613,276624,276601,276609,276612,276612,276617,276629,276612,276620
276660,276707,276718,276722,276704,276711,276721,276700,276707,276710,276710,276715,276726,276710,276717
276755,276770,276776,276784,276824,276831,276837,276800,276808,276812,276812,276816,276828,276812,276821
276876,276902,276913,276925,276899,276906,276916,276895,276902,276906,276906,276910,276919,276906,276914
276988,277002,277014,277039,276999,277006,277020,276995,277002,277005,277005,277010,277024,277005,277012
277074,277103,277112,277125,277194,,,277110,277122,,,277110,,277126,
277208,277221,277246,277252,277214,277237,277249,277207,277218,277225,277230,277243,277254,277221,277227
277290,277335,277350,277354,277295,277302,277352,277306,277315,277326,277334,277347,277355,277318,277330
277392,277423,277430,277435,277398,277405,277433,277394,277401,277408,277422,277429,277435,277404,277419
277506,277521,277545,277549,277511,277538,277546,277505,277520,277528,277535,277542,277548,277524,277532
277592,277638,277651,277658,277597,277604,277648,277592,277600,277608,277638,277644,277649,277603,277635
277692,277734,277746,277749,277792,,,277693,277701,277709,277718,277743,277751,277704,277714
277804,277818,277841,277845,277808,277834,277843,277803,277813,277821,277827,277838,277846,277818,277824
277885,277931,277939,,277891,277899,277946,277887,277894,277902,277930,277948,277954,277898,277927
277967,277995,278005,278027,277991,277999,278008,277987,277995,277998,277998,278003,278012,277998,278007
278080,278115,278119,278121,278086,278093,278136,278097,278106,278118,278124,278131,278137,278109,278121
278203,278233,278245,278248,278209,278241,278248,278219,278226,278232,278236,278243,278251,278229,278236
278283,278315,278320,278326,278290,278298,278323,278285,278293,278303,278312,278319,278325,278297,278309
278362,278390,278400,278412,278386,278393,278405,278382,278389,278392,278392,278397,278409,278392,278405
278474,278503,278512,278516,278479,278486,278514,278474,278482,278490,278501,278509,278516,278486,278494
278590,278616,278632,278639,278594,278622,278634,278609,278617,278621,278621,278627,278642,278621,278634
278670,278715,278725,278728,278675,278683,278728,278671,278678,278686,278714,278723,278730,278682,278709
278751,278772,278782,278793,278768,278776,278786,278764,278772,278775,278775,278780,278790,278775,278784
278842,278861,278871,278882,278858,278865,278875,278854,278861,278865,278865,278869,278879,278865,278874
278942,278973,278979,278991,278968,278976,278982,278961,278971,278974,278974,278978,278984,278974,278980
279028,279057,279067,279092,279053,279061,279071,279049,279057,279060,279060,279065,279075,279060,279068
279137,279160,279171,279182,279155,279163,279175,279151,279158,279162,279162,279168,279179,279162,279175
279263,279287,279298,279300,279348,,,279278,279287,279292,279292,279295,279302,279292,279299
279360,279389,279397,279439,279450,,,279380,279388,279395,279402,279410,279417,279391,279398
279462,279488,279502,279507,279554,,,279480,279490,279497,279497,279500,279508,279497,279504
279565,279579,279586,279590,279655,,,279564,279577,279580,279580,279584,279590,279580,279587
279665,279678,279688,279693,279671,279683,279691,279666,279676,279682,279682,279686,279694,279682,279690
279750,279783,279813,279816,279759,279767,279791,279754,279762,279771,279780,279787,279794,279766,279775
279853,279884,279890,279913,279860,279905,279913,279855,279863,279870,279881,279908,279916,279866,279877
279957,279988,279998,280003,279963,279993,280000,279958,279965,279974,279984,279996,280003,279969,279979
280051,280084,280109,280116,280057,280066,280112,280052,280060,280069,280079,280107,280116,280064,280074
280168,280197,280212,280226,280260,,,280169,280179,280188,280197,280222,280227,280183,280192
280271,280284,280294,280311,280277,280303,280310,280271,280280,280292,280299,280306,280313,280288,280296
280350,280383,280390,280393,280358,280386,280392,280353,280360,280368,280381,280388,280394,280364,280378
280445,280483,280513,280517,280459,280488,280514,280454,280461,280473,280481,280489,280519,280465,280477
280542,280588,280596,280601,280565,280607,280616,280560,280568,280576,280602,280611,280620,280571,280598
280671,280684,280696,280700,280678,280689,280697,280672,280685,280689,280689,280693,280700,280689,280696
280754,280788,280800,280806,280763,280794,280805,280758,280766,280776,280785,280799,280810,280770,280780
280853,280891,280900,280903,280867,280895,280902,280862,280870,280879,280889,280898,280905,280874,280883
280943,280982,280992,280995,280961,280986,280994,280956,280964,280974,280982,280990,280997,280968,280979
281053,281082,281094,281097,281060,281088,281096,281055,281063,281072,281083,281092,281099,281067,281076
281155,281185,281195,281199,281163,281190,281198,281158,281166,281177,281185,281194,281202,281169,281181
281238,281277,281291,281294,281258,281284,281293,281252,281261,281269,281278,281289,281296,281264,281273
281343,281371,281385,281387,281350,281377,281385,281345,281353,281361,281372,281381,281388,281356,281369
281438,281466,281478,281482,281445,281471,281481,281440,281448,281456,281464,281476,281485,281452,281460
281533,281563,281574,281581,281541,281567,281577,281536,281544,281551,281562,281572,281581,281547,281556
281623,281653,281660,281662,281630,281655,281661,281625,281633,281643,281651,281658,281664,281636,281648
281714,281742,281753,281772,281720,281763,281771,281715,281724,281732,281741,281766,281773,281728,281737
281806,281837,281847,281850,281814,281841,281849,281809,281817,281828,281836,281845,281853,281820,281832
281892,281920,281929,281934,281898,281924,281932,281893,281901,281909,281918,281927,281934,281904,281913
281975,282017,282026,,281982,281989,281998,281977,281985,281993,282044,282051,282050,281988,282040
282054,282071,282080,282101,282067,282074,282082,282062,282069,282073,282073,282077,282086,282073,282080
282141,282170,282179,282185,282148,282155,282182,282144,282151,282159,282169,282177,282185,282154,282163
282230,282278,282287,,282237,282244,282295,282248,282257,282270,282278,282314,282320,282261,282275
282326,282357,282363,282366,282332,282372,282378,282327,282335,282343,282354,282375,282380,282338,282351
282416,282445,282454,282458,282424,282449,282456,282419,282427,282435,282443,282451,282458,282430,282439
282523,282547,282558,282566,282529,282552,282565,282539,282547,282552,282552,282556,282570,282552,282559
282598,282633,282640,282656,282603,282610,282656,282599,282606,282613,282628,282651,282658,282609,282624
282694,282724,282729,282731,282699,282739,282740,282695,282702,282710,282720,282742,282750,282705,282715
282780,282811,282818,282837,282787,282828,282836,282783,282790,282798,282809,282832,282838,282793,282805
282872,282901,282911,282918,282879,282886,282914,282875,282882,282889,282899,282909,282918,282885,282893
282969,283000,283008,283011,282974,282981,283009,282970,282977,282985,282998,283005,283012,282981,282993
283061,283102,283114,283118,283161,,,283157,283164,,,283110,,283167,
283173,283198,283232,283235,283177,283203,283210,283190,283198,283202,283202,283206,283212,283202,283209
283253,283284,283294,283301,283259,283266,283298,283255,283262,283269,283282,283290,283302,283265,283278
283354,283385,283393,283408,283360,283367,283408,283355,283363,283371,283383,283403,283409,283366,283377
283445,283477,283487,283502,283453,283460,283502,283449,283456,283464,283474,283498,283504,283460,283467
283542,283572,283602,283607,283548,283575,283583,283543,283551,283559,283570,283578,283585,283554,283565
283641,283687,283722,283727,283647,283656,283747,283643,283650,283659,283669,283743,283750,283654,283664
283833,283877,283915,283918,283839,283847,283907,283835,283842,283851,283861,283902,283908,283846,283855
283954,283979,283988,283997,283959,283983,283996,283970,283978,283981,283981,283986,283999,283981,283987
284035,284078,284116,284121,284040,284048,284091,284036,284043,284052,284078,284085,284093,284046,284074
284146,284169,284197,284199,284150,284174,284181,284159,284171,284174,284174,284178,284185,284174,284181
284218,284262,284272,284274,284224,284231,284274,284219,284227,284236,284245,284269,284276,284231,284240
284316,284360,284367,284379,284322,284330,284379,284334,284342,284351,284358,284374,284380,284347,284355
284418,284462,284470,284473,284424,284431,284473,284435,284446,284454,284461,284469,284475,284450,284457
284495,284521,284530,284540,284516,284524,284533,284512,284520,284523,284523,284528,284538,284523,284531
284604,284650,284661,284664,284711,284718,284731,284605,284613,284621,284633,284707,284715,284616,284624
284830,284853,284869,284876,284912,,,284846,284852,284856,284856,284860,284865,284856,284862
284925,284949,284961,284978,285006,,,284941,284949,284954,284954,284959,284968,284954,284963
285020,285050,285072,285074,285026,285054,285060,285037,285050,285053,285053,285056,285062,285053,285059
285090,285111,285120,285133,285106,285114,285123,285102,285109,285113,285113,285117,285128,285113,285121
285202,285245,285261,285270,285301,,,285203,285210,285218,285230,285255,285270,285213,285226
285315,285340,285352,285360,285320,285345,285355,285330,285338,285345,285345,285350,285360,285345,285355
285402,285428,285438,285447,285475,,,285420,285428,285432,285432,285436,285443,285432,285439
285489,285512,285526,285536,285567,,,285506,285513,285517,285517,285523,285536,285517,285528
285580,285602,285612,285615,285585,285606,285614,285596,285602,285606,285606,285609,285616,285606,285612
285639,285671,285681,285691,285667,285675,285684,285663,285670,285674,285674,285679,285688,285674,285683
285780,285807,285820,285831,285785,285812,285825,285796,285804,285813,285813,285817,285830,285813,285826
285851,285870,285880,285907,285866,285873,285885,285862,285869,285873,285873,285877,285890,285873,285880
285942,285968,285979,285984,285964,285972,285983,285961,285968,285972,285972,285976,285987,285972,285980
286013,286055,286065,286090,286051,286059,286069,286047,286055,286058,286058,286062,286075,286058,286065
286147,286170,286182,286195,286153,286175,286190,286163,286170,286174,286174,286179,286195,286174,286181
286211,286253,286266,286274,286217,286224,286270,286227,286238,286246,286256,286264,286272,286242,286253
286317,286340,286351,286358,286323,286346,286354,286333,286339,286347,286347,286350,286357,286347,286353
286413,286438,286452,286457,286419,286445,286454,286429,286435,286440,286440,286449,286457,286437,286440
286477,286494,286504,286532,286490,286498,286508,286486,286494,286498,286498,286502,286510,286498,286505
286565,286587,286599,286625,286605,286628,286638,286580,286587,286591,286591,286595,286623,286591,286598
286664,286681,286692,286717,286847,,,286776,286786,,,286776,,286789,
286860,286887,286944,286959,286950,286959,286960,286943,286953,,,286943,,286960,
287014,287028,287057,287066,287022,287034,287065,287016,287026,287039,287045,287059,287070,287032,287041
287109,287142,287153,,287122,287148,287156,287117,287125,287133,287142,287169,287168,287128,287138
287175,287223,287236,287239,287184,287227,287238,287216,287223,287227,287227,287231,287241,287227,287234
287271,287288,287302,287307,287316,,,287282,287288,287292,287292,287299,287306,287292,287303
287331,287360,287366,287371,287413,,,287347,287356,287361,287361,287364,287370,287361,287367
287426,287449,287466,287471,287432,287453,287460,287441,287448,287452,287452,287456,287462,287452,287458
287516,287539,287550,287556,287584,,,287530,287538,287542,287542,287547,287555,287542,287551
287597,287621,287633,287638,287603,287625,287634,287613,287620,287625,287625,287630,287638,287625,287634
287679,287704,287713,287720,287686,287707,287716,287696,287703,287707,287707,287711,287725,287707,287715
287746,287776,287784,287790,287768,287780,287787,287761,287775,287779,287779,287783,287790,287779,287787
287838,287878,287890,287891,287844,287887,287891,287839,287846,287853,287865,287888,287893,287849,287856
287936,287978,287993,287996,287943,287986,287995,287939,287945,287952,287966,287991,287997,287948,287963
288037,288080,288100,288103,288042,288085,288088,288038,288045,288052,288064,288086,288090,288048,288061
288135,288169,288175,288177,288143,288152,288177,288138,288146,288156,288165,288173,288180,288149,288160
288232,288275,288282,288284,288237,288279,288284,288232,288240,288247,288274,288280,288286,288243,288270
288318,288349,288357,288359,288324,288354,288359,288319,288327,288337,288347,288355,288362,288331,288342
288403,288431,288441,288444,288408,288435,288442,288403,288411,288418,288430,288438,288445,288414,288427
288484,288514,288522,288526,288492,288519,288526,288487,288495,288503,288512,288521,288530,288498,288508
288570,288601,288613,288614,288577,288610,288614,288573,288580,288589,288597,288611,288616,288584,288593
288645,288693,288700,288707,288764,288771,288783,288759,288767,,,288759,,288770,
288847,288865,288875,288887,288862,288868,288878,288858,288865,288868,288868,288872,288885,288868,288874
288932,288961,288973,288996,288958,288965,288978,288955,288961,288965,288965,288969,288982,288965,288972
289028,289047,289058,289069,289062,289066,,289030,289036,289040,289047,289055,289067,289038,289044
289090,289131,289142,289151,289098,289135,289144,289124,289131,289135,289135,289139,289148,289135,289143
289207,289236,289247,289250,289214,289240,289248,289209,289216,289223,289236,289244,289250,289219,289233
289295,289325,289330,289334,289301,289338,289344,289296,289304,289311,289335,289341,289347,289307,289332
289392,289421,289430,289436,289398,289424,289432,289394,289401,289408,289420,289428,289435,289404,289412
289478,289500,289511,289541,289497,289504,289514,289493,289500,289504,289504,289508,289516,289504,289511
289580,289600,289612,289624,289618,289623,289626,289593,289600,289604,289604,289609,289622,289604,289617
289649,289702,289714,289724,289699,289706,289717,289695,289702,289706,289706,289710,289723,289706,289713
289772,289792,289802,289814,289807,289812,289817,289786,289793,289797,289797,289801,289812,289797,289805
289837,289879,289890,289912,289876,289883,289894,289871,289879,289883,289883,289888,289898,289883,289893
289946,289967,289976,289990,289963,289970,289980,289959,289966,289970,289970,289974,289987,289970,289977
290031,290057,290069,290092,290151,,,290050,290057,290060,290060,290065,290078,290060,290067
290165,290191,290204,290209,290170,290194,290208,290182,290189,290193,290193,290197,290215,290193,290199
290224,290255,290267,290278,290252,290259,290271,290247,290255,290258,290258,290265,290275,290258,290271
290423,290457,290468,290481,290453,290461,290472,290449,290457,290461,290461,290465,290477,290461,290468
290498,290520,290537,290549,290544,290552,290563,290540,290548,290551,290551,290556,290568,290551,290564
290702,290722,290731,290744,290807,,,290714,290721,290725,290725,290729,290738,290725,290732
290854,290874,290878,290897,291008,,,290904,290912,290916,290916,290922,290931,290916,290926
291022,291073,291086,291087,291029,291080,291087,291057,291069,291078,291078,291083,291090,291073,291078
291159,291220,291236,291248,291210,291229,291267,291207,291214,291219,291251,291261,291268,291216,291247
291280,291326,291335,291359,291294,291332,291358,291287,291296,291303,291310,291333,291339,291300,291306
291390,291485,291498,291507,291414,291489,291501,291477,291485,291488,291488,291492,291505,291488,291495
291647,291675,291687,291709,291693,291709,291724,291668,291675,291679,291679,291684,291697,291679,291691
291745,291763,291775,291786,291847,,,291756,291763,291767,291767,291772,291783,291767,291775
291860,291905,291951,291956,291867,291928,291934,291893,291901,291908,291924,291930,291937,291904,291910
291983,292038,292055,292070,292062,292072,292073,292026,292041,292047,292047,292053,292067,292047,292059
292121,292167,292187,,292152,292177,292209,292143,292161,292186,292199,292205,292210,292164,292196
292220,292311,292326,292329,292258,292315,292327,292303,292310,292314,292314,292318,292332,292314,292321
292408,292489,292503,292527,292603,,,292482,292489,292492,292492,292497,292511,292492,292500
292664,292681,292693,292698,292698,292704,292705,292675,292681,292685,292685,292690,292715,292685,292693
292730,292774,292786,292809,292771,292778,292791,292767,292774,292777,292777,292782,292794,292777,292789
292844,292860,292872,292878,292878,292884,292885,292854,292860,292864,292864,292869,292882,292864,292872
292909,292947,292958,292970,293035,,,292940,292947,292951,292951,292955,292968,292951,292958
293049,293074,293086,293100,293053,293079,293092,293064,293074,293078,293078,293083,293100,293078,293086
293174,293193,293210,293214,293242,,,293175,293182,293186,293214,293220,293227,293184,293211
293274,293315,293325,293339,293331,293330,293330,293308,293315,293319,293319,293323,293334,293319,293326
293362,293400,293411,293421,293397,293404,293414,293392,293400,293403,293403,293408,293418,293403,293413
293445,293458,293469,293474,293484,,,293480,293487,,,293468,,293490,
293497,293525,293540,293547,293576,,,293512,293524,293528,293528,293531,293536,293528,293534
293592,293618,293625,293638,293598,293620,293628,293624,293631,,,293624,,293633,
293719,293758,293766,293771,293789,,,293732,293739,293744,293759,293765,293773,293741,293746
293817,293865,293876,293881,293881,,,293858,293865,293869,293869,293874,293883,293869,293878
293910,293926,293954,293960,293979,,,293909,293925,293932,293938,293954,293961,293928,293935
294006,294020,294035,294047,294080,294080,294093,294053,294060,294064,294064,294069,294097,294064,294072
294122,294162,294174,294179,294179,,,294156,294163,294167,294167,294172,294182,294167,294176
294206,294260,294272,294278,294278,,,294253,294260,294264,294264,294269,294281,294264,294272
294310,294327,294332,294335,294373,,,294316,294324,294330,294336,294350,294357,294327,294333
294401,294417,294425,294432,294450,,,294410,294417,294420,294420,294424,294431,294420,294427
294464,294510,294527,294533,294640,,,294478,294486,294492,294548,294556,294564,294489,294544
294651,294680,294692,294695,294657,294686,294695,294651,294663,294671,294678,294690,294700,294667,294674
294755,294816,294850,294862,294802,294823,294830,294769,294779,294787,294816,294825,294833,294783,294812
294896,294924,294943,294946,294909,294936,294945,294897,294914,294932,294932,294941,294949,294917,294932
294991,295066,295096,295145,295046,295081,295100,295041,295049,295057,295076,295085,295146,295052,295073
295195,295229,,,,,,,,,,,,,
