on,sp,dn,dp,off,u,v,w,a,b,c,d,e,f,p1,p2
0,94,121,,149,74,96,123,67,77,84,92,119,127,80,88
149,176,195,197,232,158,190,196,151,161,166,173,193,200,163,170
232,260,271,275,316,241,266,274,234,244,250,259,269,279,246,255
316,345,370,358,400,325,352,358,318,328,336,344,354,361,332,340
400,429,439,442,485,410,435,442,403,414,421,428,437,447,416,425
485,513,524,526,571,494,519,526,487,497,504,512,522,529,501,508
571,599,610,611,657,580,606,611,574,584,589,591,608,614,586,591
657,684,697,700,741,666,692,700,659,669,677,683,695,704,673,680
741,767,779,781,825,750,775,781,743,752,757,763,777,788,754,760
825,853,863,865,911,834,859,865,828,838,847,853,861,867,840,853
911,939,948,951,997,921,945,952,914,924,931,938,947,952,928,935
997,1025,1037,1039,1087,1007,1032,1039,1000,1014,1022,1025,1035,1043,1018,1025
1087,1115,1148,1135,1172,1095,1132,1135,1088,1097,1103,1109,1133,1139,1099,1105
1172,1201,1213,1217,1260,1182,1207,1216,1175,1184,1189,1200,1211,1222,1186,1192
1260,1291,1300,1302,1348,1270,1295,1301,1262,1270,1273,1290,1298,1304,1272,1277
1348,1375,1386,1389,1432,1357,1380,1388,1350,1359,1365,1373,1384,1392,1362,1369
1432,1459,1470,1483,1515,1441,1464,1475,1433,1443,1446,1458,1468,1475,1445,1452
1515,1543,1554,1557,1600,1524,1549,1557,1517,1529,1536,1543,1552,1561,1532,1539
1600,1626,1636,1640,1683,1608,1632,1640,1601,1611,1617,1625,1634,1644,1614,1621
1683,1712,1722,1724,1767,1693,1718,1724,1685,1696,1704,1711,1720,1728,1700,1707
1767,1796,1806,1808,1854,1777,1802,1808,1769,1781,1788,1795,1804,1812,1784,1792
1854,1881,1890,1894,1936,1863,1886,1894,1856,1867,1872,1879,1888,1900,1869,1876
1936,1964,1972,1972,2018,1945,1969,1972,1937,1949,1956,1962,1970,1975,1953,1959
2018,2046,2063,2066,2100,2026,2057,2065,2020,2028,2034,2041,2062,2069,2031,2037
2100,2128,2137,2141,2183,2110,2134,2141,2103,2113,2119,2126,2135,2147,2116,2123
2183,2209,2219,2222,2259,2192,2215,2222,2185,2196,2203,2209,2217,2225,2199,2206
2259,2287,2297,2301,2335,2269,2291,2300,2261,2273,2279,2286,2295,2306,2276,2283
2335,2362,2374,2376,2407,2343,2368,2375,2336,2346,2351,2360,2372,2379,2348,2355
2407,2436,2447,2450,2479,2417,2442,2449,2408,2425,2429,2436,2445,2451,2427,2433
2479,2507,2518,2521,2554,2489,2513,2520,2481,2499,2501,2507,2516,2524,2500,2507
2554,2582,2593,2595,2636,2565,2588,2594,2557,2568,2573,2581,2591,2598,2571,2577
2636,2663,2673,2676,2715,2644,2669,2676,2637,2646,2652,2662,2671,2680,2649,2658
2715,2743,2754,2758,2797,2724,2749,2757,2718,2727,2732,2741,2752,2760,2729,2736
2797,2825,2835,2844,2883,2806,2830,2838,2800,2809,2816,2824,2833,2838,2812,2820
2883,2912,2921,2923,2969,2893,2917,2924,2886,2897,2904,2911,2919,2924,2900,2908
2969,2995,3007,3011,3052,2979,3001,3010,2972,2983,2989,2995,3005,3013,2985,2992
3052,3076,3093,3096,3131,3061,3088,3096,3055,3064,3070,3074,3091,3098,3066,3074
3131,3159,3173,3176,3215,3141,3167,3175,3135,3145,3151,3160,3171,3185,3148,3154
3215,3242,3254,3257,3301,3224,3248,3256,3217,3230,3238,3244,3252,3259,3235,3241
3301,3328,3340,3349,3390,3310,3335,3341,3304,3312,3319,3328,3338,3341,3315,3325
3390,3418,3429,3436,3477,3400,3424,3435,3393,3402,3409,3417,3427,3440,3405,3413
3477,3502,3515,3519,3561,3485,3509,3518,3480,3489,3496,3504,3513,3522,3492,3499
3561,3588,3598,3602,3647,3571,3594,3602,3564,3574,3580,3588,3596,3610,3577,3584
3647,3675,3685,3689,3738,3657,3681,3689,3650,3660,3668,3675,3683,3692,3664,3672
3738,3764,3774,3778,3825,3747,3769,3777,3739,3750,3755,3763,3772,3781,3752,3759
3825,3853,3863,3868,3911,3833,3858,3867,3827,3836,3843,3852,3861,3876,3839,3847
3911,3938,3948,3950,3997,3919,3943,3950,3913,3923,3931,3938,3945,3953,3927,3935
3997,4026,4037,4041,4083,4005,4032,4041,3998,4008,4015,4024,4035,4044,4011,4019
4083,4111,4121,4124,4170,4092,4117,4124,4086,4095,4101,4109,4119,4129,4098,4105
4170,4199,4209,4212,4258,4180,4205,4212,4173,4183,4190,4198,4207,4214,4186,4195
4258,4284,4294,4297,4337,4265,4290,4297,4259,4268,4274,4282,4292,4299,4271,4278
4337,4361,4373,4376,4412,4346,4367,4375,4339,4349,4354,4360,4371,4378,4351,4357
4412,4437,4448,4451,4501,4420,4442,4450,4414,4423,4429,4437,4446,4453,4426,4433
4501,4530,4540,4544,4607,4510,4536,4544,4503,4512,4519,4529,4539,4549,4515,4525
4607,4635,4653,4656,4708,4617,4646,4655,4610,4621,4628,4633,4651,4659,4624,4630
4708,4736,4747,4750,4805,4718,4741,4749,4712,4721,4728,4736,4745,4751,4724,4733
4805,4829,4847,4853,4901,4816,4840,4850,4810,4821,4833,4833,4845,4854,4822,4833
4901,4920,4940,4947,4992,4910,4934,4946,4904,4915,4925,4930,4938,4950,4921,4930
4992,5009,5033,5043,5082,5001,5025,5037,4995,5004,5014,5022,5031,5042,5008,5019
5082,5101,5119,5131,5171,5091,5113,5123,5086,5094,5102,5109,5117,5123,5098,5106
5171,5191,5213,5220,5261,5181,5206,5219,5175,5185,5193,5201,5211,5223,5188,5198
5261,5279,5302,5306,5351,5272,5296,5305,5266,5275,5284,5291,5301,5309,5279,5287
5351,5370,5391,5396,5431,5360,5384,5393,5354,5364,5374,5381,5389,5397,5367,5378
5431,5460,5480,5484,5529,5451,5473,5483,5446,5454,5464,5469,5478,5486,5457,5469
5529,5549,5569,5573,5619,5540,5563,5572,5534,5543,5552,5559,5567,5576,5547,5556
5619,5638,5659,5664,5711,5628,5653,5662,5622,5631,5644,5650,5657,5665,5635,5647
5711,5729,5750,5754,5781,5719,5744,5753,5713,5722,5732,5739,5748,5758,5725,5736
5781,5817,5837,5842,5884,5809,5831,5841,5803,5812,5827,5828,5836,5842,5815,5821
5884,5912,5926,5931,5973,5895,5919,5930,5890,5898,5906,5914,5924,5935,5902,5911
5973,5999,6012,6016,6058,5983,6006,6015,5977,5986,5996,6002,6010,6024,5988,5999
6058,6086,6096,6101,6144,6068,6091,6100,6062,6072,6079,6086,6094,6104,6075,6083
6144,6172,6184,6190,6233,6153,6178,6189,6146,6157,6167,6173,6182,6196,6160,6173
6233,6261,6273,6275,6322,6242,6267,6274,6236,6245,6254,6262,6271,6277,6248,6259
6322,6350,6361,6366,6412,6330,6355,6365,6324,6333,6339,6349,6359,6370,6336,6345
6412,6442,6453,6461,6497,6422,6448,6455,6415,6426,6433,6442,6451,6455,6429,6438
6497,6525,6537,6542,6584,6507,6531,6541,6499,6512,6518,6525,6535,6545,6515,6522
6584,6611,6625,6629,6670,6593,6618,6628,6586,6596,6602,6610,6624,6632,6599,6606
6670,6698,6708,6715,6756,6679,6703,6714,6672,6682,6689,6696,6706,6720,6685,6693
6756,6783,6795,6799,6841,6764,6789,6798,6758,6766,6771,6779,6793,6802,6769,6775
6841,6869,6882,6885,6926,6850,6877,6884,6843,6852,6857,6866,6880,6887,6854,6861
6926,6955,6965,6968,7012,6935,6961,6968,6928,6937,6943,6954,6963,6971,6940,6951
7012,7040,7052,7055,7096,7021,7047,7054,7014,7023,7028,7039,7050,7058,7026,7032
7096,7122,7133,7136,7177,7105,7128,7135,7097,7110,7111,7121,7131,7138,7110,7117
7177,7206,7217,7221,7261,7186,7213,7221,7180,7189,7194,7204,7215,7227,7191,7199
7261,7290,7302,7305,7344,7271,7297,7304,7264,7274,7278,7288,7300,7307,7276,7284
7344,7373,7384,7387,7430,7355,7380,7387,7347,7361,7364,7372,7382,7393,7362,7369
7430,7458,7469,7472,7514,7440,7464,7471,7432,7445,7451,7459,7467,7475,7449,7456
7514,7542,7552,7555,7601,7525,7547,7554,7517,7530,7533,7541,7550,7557,7531,7538
7601,7629,7640,7643,7685,7611,7636,7643,7603,7615,7619,7627,7638,7648,7617,7624
7685,7713,7726,7730,7769,7696,7720,7729,7688,7700,7702,7711,7724,7736,7701,7707
7769,7797,7808,7812,7853,7780,7803,7811,7772,7796,7801,7801,7806,7819,7801,7808
7853,7882,7893,7896,7937,7864,7888,7895,7856,7870,7875,7882,7891,7898,7873,7879
7937,7966,7977,7980,8023,7949,7973,7980,7941,7953,7958,7965,7975,7983,7955,7962
8023,8051,8062,8066,8108,8033,8057,8065,8025,8037,8039,8050,8060,8068,8038,8047
8108,8136,8146,8149,8194,8119,8142,8149,8111,8135,8140,8140,8144,8153,8140,8148
8194,8223,8234,8239,8283,8205,8229,8238,8197,8210,8215,8222,8232,8243,8212,8219
8283,8311,8322,8332,8368,8294,8317,8331,8286,8299,8303,8310,8320,8334,8301,8307
8368,8396,8406,8410,8455,8378,8401,8409,8371,8383,8387,8395,8405,8411,8385,8392
8455,8482,8493,8496,8538,8465,8488,8495,8457,8472,8477,8482,8491,8497,8475,8482
8538,8567,8578,8582,8623,8549,8574,8582,8541,8555,8559,8566,8577,8586,8557,8563
8623,8652,8661,8663,8711,8634,8658,8663,8626,8637,8642,8650,8659,8666,8639,8646
8711,8739,8750,8754,8795,8720,8745,8754,8713,8722,8727,8737,8748,8758,8725,8732
8795,8823,8833,8836,8880,8805,8830,8836,8798,8809,8814,8821,8832,8842,8812,8818
8880,8907,8916,8923,8964,8889,8912,8923,8883,8893,8899,8906,8914,8929,8896,8903
8964,8991,9002,9004,9047,8973,8996,9003,8966,8976,8979,8991,9000,9007,8977,8988
9047,9074,9086,9092,9132,9056,9081,9092,9049,9059,9066,9074,9084,9097,9062,9070
9132,9158,9169,9172,9215,9141,9164,9171,9134,9145,9152,9158,9167,9175,9148,9155
9215,9242,9252,9255,9296,9224,9248,9254,9217,9227,9234,9241,9250,9254,9230,9237
9296,9322,9335,9339,9379,9306,9329,9338,9300,9309,9317,9324,9333,9341,9313,9321
9379,9405,9417,9420,9462,9388,9411,9419,9382,9391,9400,9407,9415,9421,9397,9404
9462,9488,9501,9512,9546,9471,9495,9503,9466,9475,9483,9490,9499,9503,9478,9486
9546,9573,9585,9589,9629,9555,9579,9588,9549,9558,9567,9575,9583,9592,9562,9572
9629,9651,9668,9676,9711,9639,9662,9673,9633,9642,9652,9658,9666,9677,9645,9655
9711,9733,9749,9752,9786,9720,9743,9751,9714,9723,9734,9738,9747,9754,9726,9738
9786,9818,9833,9838,9877,9803,9827,9837,9798,9807,9814,9822,9832,9840,9810,9817
9877,9897,9917,9925,9964,9886,9911,9922,9881,9889,9899,9907,9915,9926,9893,9904
9964,9984,10000,10010,10038,9972,9994,10009,9967,9976,9984,9989,9998,10014,9979,9989
10038,10069,10084,10089,10127,10055,10078,10088,10050,10058,10067,10074,10083,10090,10062,10071
10127,10147,10168,10173,10213,10139,10162,10172,10133,10142,10150,10157,10166,10175,10146,10154
10213,10232,10253,10261,10287,10222,10246,10258,10216,10226,10237,10242,10251,10263,10230,10242
10287,10324,10338,10343,10388,10308,10332,10342,10303,10311,10320,10328,10336,10344,10314,10325
10388,10412,10427,10432,10473,10396,10420,10431,10391,10399,10407,10415,10425,10440,10403,10410
10473,10497,10514,10518,10560,10483,10508,10517,10477,10486,10498,10504,10512,10521,10489,10494
10560,10585,10598,10602,10645,10569,10592,10601,10563,10572,10580,10587,10596,10604,10576,10583
10645,10673,10685,10692,10733,10654,10679,10691,10648,10658,10666,10674,10683,10696,10661,10670
10733,10760,10774,10778,10821,10742,10767,10777,10736,10745,10754,10762,10772,10781,10749,10758
10821,10848,10861,10864,10909,10829,10855,10863,10823,10832,10839,10850,10859,10867,10835,10841
10909,10936,10947,10950,10995,10918,10941,10949,10911,10921,10929,10937,10945,10952,10925,10933
10995,11020,11033,11037,11082,11004,11027,11036,10998,11007,11014,11021,11031,11042,11010,11017
11082,11110,11122,11131,11171,11091,11116,11127,11085,11094,11104,11111,11120,11127,11098,11108
11171,11197,11209,11212,11259,11180,11203,11211,11174,11183,11192,11198,11207,11215,11186,11195
11259,11287,11298,11305,11345,11268,11292,11301,11261,11272,11281,11288,11296,11306,11276,11285
11345,11372,11383,11386,11431,11353,11377,11385,11347,11357,11365,11372,11381,11388,11360,11368
11431,11458,11470,11475,11518,11440,11465,11475,11433,11443,11452,11459,11469,11479,11446,11456
11518,11545,11559,11564,11607,11527,11553,11564,11521,11531,11538,11544,11557,11567,11534,11541
11607,11635,11646,11651,11697,11616,11641,11650,11610,11620,11629,11635,11645,11655,11625,11632
11697,11725,11736,11740,11786,11705,11730,11739,11699,11709,11716,11725,11734,11741,11712,11721
11786,11814,11824,11827,11875,11795,11820,11827,11788,11798,11807,11814,11822,11833,11802,11811
11875,11903,11915,11918,11962,11884,11909,11917,11878,11887,11896,11904,11913,11922,11890,11901
11962,11990,12002,12006,12048,11971,11996,12005,11964,11974,11981,11991,12000,12009,11977,11988
12048,12076,12087,12089,12134,12057,12082,12089,12051,12061,12070,12076,12085,12092,12065,12073
12134,12162,12172,12175,12222,12144,12168,12176,12137,12147,12154,12161,12170,12176,12150,12158
12222,12249,12260,12265,12309,12230,12255,12264,12223,12232,12239,12249,12258,12273,12235,12244
12309,12338,12349,12352,12396,12318,12344,12351,12312,12321,12328,12337,12347,12355,12324,12332
12396,12425,12436,12441,12486,12406,12432,12441,12399,12410,12418,12425,12434,12448,12414,12422
12486,12514,12526,12531,12576,12495,12520,12530,12489,12498,12504,12513,12524,12537,12500,12508
12576,12603,12614,12617,12662,12584,12609,12617,12578,12587,12593,12602,12612,12623,12589,12593
12662,12691,12702,12705,12754,12672,12697,12705,12666,12676,12682,12690,12700,12708,12678,12686
12754,12780,12793,12797,12841,12763,12787,12796,12757,12765,12772,12780,12791,12799,12768,12775
12841,12869,12881,12884,12931,12851,12876,12884,12845,12855,12864,12870,12879,12888,12858,12870
12931,12960,12970,12973,13022,12941,12965,12972,12934,12944,12952,12959,12968,12975,12947,12955
13022,13050,13061,13066,13112,13031,13056,13065,13025,13034,13042,13050,13059,13069,13038,13047
13112,13138,13151,13154,13199,13120,13146,13154,13114,13123,13129,13136,13149,13158,13126,13132
13199,13226,13237,13240,13286,13207,13233,13240,13201,13210,13218,13226,13235,13243,13213,13222
13286,13313,13323,13327,13373,13294,13318,13326,13288,13298,13307,13313,13321,13332,13302,13310
13373,13400,13412,13416,13462,13382,13407,13416,13376,13385,13393,13400,13410,13421,13389,13396
13462,13489,13502,13506,13551,13471,13496,13505,13464,13474,13482,13491,13500,13509,13477,13487
13551,13574,13591,13598,13639,13559,13583,13597,13553,13562,13571,13577,13590,13602,13565,13574
13639,13664,13678,13681,13727,13647,13671,13680,13642,13650,13659,13667,13676,13685,13654,13664
13727,13751,13767,13770,13817,13735,13760,13769,13729,13739,13748,13755,13765,13773,13743,13752
13817,13843,13858,13863,13904,13825,13852,13862,13819,13828,13834,13847,13856,13871,13830,13844
13904,13933,13945,13950,13993,13915,13939,13949,13909,13919,13928,13935,13943,13952,13923,13931
13993,14022,14034,14038,14083,14003,14028,14037,13997,14006,14015,14024,14032,14040,14009,14020
14083,14109,14122,14125,14173,14091,14116,14124,14085,14094,14102,14110,14120,14127,14097,14105
14173,14200,14211,14214,14263,14181,14206,14213,14175,14185,14195,14201,14209,14217,14188,14201
14263,14293,14303,14306,14355,14272,14298,14305,14266,14276,14286,14293,14301,14308,14279,14290
14355,14383,14394,14398,14446,14363,14389,14397,14357,14368,14378,14384,14392,14401,14374,14381
14446,14473,14487,14492,14538,14455,14481,14491,14449,14458,14465,14475,14485,14497,14460,14472
14538,14565,14577,14584,14628,14546,14571,14583,14540,14549,14556,14565,14575,14588,14552,14560
14628,14653,14666,14670,14717,14637,14659,14669,14631,14640,14647,14654,14664,14673,14643,14650
14717,14739,14759,14763,14809,14726,14752,14762,14720,14729,14740,14748,14757,14766,14733,14745
14809,14830,14847,14852,14897,14816,14841,14851,14811,14820,14830,14837,14845,14858,14822,14834
14897,14925,14937,14942,14985,14906,14931,14941,14900,14909,14919,14926,14935,14945,14913,14923
14985,15012,15026,15030,15074,14995,15020,15029,14990,14999,15008,15016,15024,15038,15002,15012
15074,15101,15113,15117,15163,15083,15108,15116,15077,15087,15097,15103,15111,15119,15093,15100
15163,15191,15203,15209,15253,15173,15197,15208,15167,15176,15185,15192,15201,15214,15180,15188
15253,15279,15293,15298,15341,15262,15287,15297,15257,15266,15274,15282,15291,15303,15269,15278
15341,15366,15380,15383,15429,15350,15375,15382,15344,15354,15362,15370,15378,15386,15357,15366
15429,15455,15468,15472,15517,15437,15462,15471,15431,15440,15447,15456,15466,15473,15443,15449
15517,15544,15557,15561,15606,15526,15551,15560,15520,15529,15537,15546,15555,15563,15532,15541
15606,15631,15646,15650,15694,15615,15640,15649,15609,15618,15627,15635,15645,15652,15622,15631
15694,15718,15733,15738,15778,15702,15727,15737,15697,15706,15715,15722,15731,15741,15709,15718
15778,15804,15818,15824,15865,15788,15812,15823,15782,15792,15801,15807,15817,15827,15796,15804
15865,15887,15904,15910,15952,15873,15898,15909,15868,15877,15888,15894,15903,15915,15880,15891
15952,15976,15991,15996,16040,15960,15984,15995,15954,15964,15973,15980,15989,15998,15967,15977
16040,16064,16077,16081,16129,16049,16071,16080,16043,16052,16060,16067,16075,16083,16055,16063
16129,16151,16168,16173,16216,16136,16161,16172,16130,16139,16150,16157,16166,16180,16142,16154
16216,16239,16256,16261,16303,16224,16249,16260,16218,16227,16238,16245,16254,16264,16230,16242
16303,16329,16343,16348,16389,16312,16337,16347,16306,16315,16324,16332,16341,16356,16318,16329
16389,16415,16430,16434,16478,16399,16424,16433,16394,16402,16409,16420,16428,16436,16405,16411
16478,16500,16516,16521,16563,16486,16509,16520,16480,16490,16499,16505,16514,16524,16493,16502
16563,16588,16602,16610,16648,16571,16595,16607,16566,16574,16581,16589,16600,16613,16577,16584
16648,16676,16688,16692,16731,16657,16682,16691,16650,16660,16669,16677,16686,16696,16664,16673
16731,16759,16772,16775,16812,16741,16766,16774,16735,16744,16754,16761,16770,16779,16747,16758
16812,16839,16852,16856,16893,16822,16846,16855,16816,16825,16833,16841,16850,16859,16828,16837
16893,16919,16932,16937,16974,16901,16926,16936,16895,16905,16913,16921,16930,16943,16908,16917
16974,17001,17015,17020,17061,16984,17009,17019,16979,16987,16994,17002,17014,17024,16990,16996
17061,17087,17104,17109,17150,17072,17096,17108,17066,17075,17082,17087,17103,17112,17078,17084
17150,17174,17189,17192,17234,17159,17183,17191,17153,17163,17172,17179,17187,17194,17166,17176
17234,17260,17272,17286,17319,17243,17267,17277,17237,17247,17255,17262,17270,17277,17250,17258
17319,17345,17358,17363,17403,17328,17352,17362,17322,17332,17340,17347,17356,17365,17336,17344
17403,17429,17444,17449,17491,17412,17438,17448,17407,17416,17424,17433,17442,17452,17419,17433
17491,17513,17530,17538,17575,17499,17524,17537,17494,17503,17513,17520,17528,17541,17506,17517
17575,17596,17615,17620,17658,17584,17609,17618,17578,17588,17599,17605,17613,17622,17592,17602
17658,17683,17696,17701,17744,17666,17690,17700,17661,17670,17678,17685,17694,17703,17673,17682
17744,17767,17781,17786,17830,17751,17774,17785,17745,17755,17763,17769,17779,17789,17758,17766
17830,17856,17869,17873,17917,17839,17862,17872,17833,17842,17848,17856,17867,17876,17845,17852
17917,17943,17956,17960,18002,17925,17951,17959,17920,17928,17935,17946,17954,17960,17931,17937
18002,18026,18041,18049,18088,18011,18034,18047,18006,18015,18023,18030,18039,18052,18018,18027
18088,18112,18126,18131,18174,18096,18120,18130,18091,18100,18107,18115,18124,18134,18103,18111
18174,18196,18212,18217,18255,18182,18206,18216,18176,18185,18194,18200,18210,18223,18189,18197
18255,18284,18298,18303,18345,18268,18292,18302,18262,18271,18279,18286,18297,18306,18274,18282
18345,18367,18384,18388,18431,18355,18378,18387,18349,18358,18368,18374,18382,18390,18362,18371
18431,18453,18470,18473,18517,18439,18463,18472,18433,18442,18452,18457,18467,18475,18445,18457
18517,18541,18557,18561,18599,18526,18550,18560,18520,18529,18538,18545,18555,18565,18533,18542
18599,18625,18642,18651,18692,18612,18637,18650,18607,18616,18626,18633,18641,18655,18619,18630
18692,18717,18730,18735,18776,18700,18724,18734,18694,18703,18710,18718,18728,18743,18706,18714
18776,18799,18813,18823,18862,18785,18807,18822,18779,18788,18796,18803,18811,18827,18792,18799
18862,18890,18901,18905,18946,18871,18895,18904,18865,18874,18883,18891,18899,18906,18878,18888
18946,18973,18989,18994,19034,18957,18983,18993,18952,18961,18968,18976,18988,18997,18964,18971
19034,19062,19074,19079,19120,19043,19068,19078,19037,19046,19055,19063,19072,19083,19050,19059
19120,19145,19159,19164,19205,19128,19152,19163,19122,19132,19140,19147,19157,19168,19135,19144
19205,19231,19243,19247,19289,19213,19237,19246,19208,19216,19224,19232,19241,19254,19219,19228
19289,19315,19327,19331,19371,19298,19321,19330,19292,19301,19309,19317,19325,19333,19304,19314
19371,19400,19412,19416,19455,19382,19406,19415,19376,19385,19395,19402,19410,19418,19389,19399
19455,19481,19497,19501,19543,19466,19491,19500,19460,19470,19478,19486,19495,19503,19473,19482
19543,19570,19582,19586,19629,19552,19577,19585,19546,19557,19566,19572,19580,19588,19561,19569
19629,19653,19668,19672,19713,19638,19661,19671,19633,19642,19649,19657,19666,19672,19645,19653
19713,19737,19752,19756,19794,19721,19745,19755,19715,19725,19733,19741,19750,19758,19728,19737
19794,19822,19836,19841,19883,19805,19829,19840,19799,19808,19816,19825,19834,19844,19811,19821
19883,19906,19923,19926,19967,19891,19916,19925,19885,19894,19902,19912,19921,19929,19897,19903
19967,19990,20005,20010,20053,19976,19999,20009,19970,19979,19987,19994,20003,20012,19982,19990
20053,20074,20091,20097,20136,20060,20084,20094,20055,20064,20072,20080,20089,20098,20067,20077
20136,20163,20177,20189,20225,20147,20171,20182,20141,20150,20158,20166,20175,20182,20153,20163
20225,20251,20263,20267,20300,20233,20258,20266,20227,20236,20244,20253,20261,20269,20240,20249
20300,20332,20348,20352,20390,20318,20342,20351,20312,20321,20331,20338,20346,20353,20324,20338
20390,20417,20430,20437,20473,20399,20424,20436,20394,20403,20411,20419,20429,20441,20407,20415
20473,20498,20514,20519,20555,20482,20507,20518,20476,20485,20493,20503,20512,20521,20488,20499
20555,20576,20592,20603,20633,20563,20586,20600,20557,20566,20576,20581,20591,20604,20568,20581
20633,20651,20672,20658,20701,20643,20654,20658,20637,20646,20650,20650,20655,20662,20650,20658
20701,20737,20757,20762,20800,20727,20750,20760,20722,20731,20739,20746,20755,20764,20734,20743
20800,20817,20840,20848,20883,20809,20834,20845,20804,20813,20821,20829,20838,20850,20816,20825
20883,20905,20923,20931,20967,20893,20916,20927,20888,20896,20903,20909,20922,20932,20899,20905
20967,20988,21007,21014,21047,20976,21000,21013,20970,20979,20985,20987,21005,21015,20981,20987
21047,21066,21087,21098,21118,21056,21082,21097,21051,21060,21069,21077,21086,21102,21063,21073
21118,21148,21167,21173,21210,21138,21162,21172,21132,21141,21150,21157,21166,21174,21145,21154
21210,21231,21250,21257,21283,21220,21243,21256,21214,21223,21234,21239,21248,21262,21227,21239
21283,21311,21330,21334,21374,21299,21323,21333,21294,21302,21309,21311,21328,21336,21304,21311
21374,21394,21415,21424,21459,21384,21409,21423,21378,21387,21398,21405,21413,21429,21391,21402
21459,21481,21499,21505,21540,21469,21492,21504,21463,21472,21481,21487,21497,21510,21476,21484
21540,21566,21587,21592,21633,21557,21582,21591,21552,21561,21570,21577,21586,21594,21564,21574
21633,21658,21673,21676,21718,21643,21667,21675,21637,21646,21656,21663,21671,21678,21649,21660
21718,21738,21757,21764,21805,21727,21751,21760,21721,21730,21740,21747,21755,21764,21734,21744
21805,21831,21844,21849,21891,21814,21838,21848,21808,21817,21824,21832,21842,21851,21820,21828
21891,21915,21929,21936,21974,21899,21923,21935,21893,21902,21911,21919,21927,21940,21905,21916
21974,22001,22014,22017,22058,21983,22008,22016,21978,21986,21994,22004,22012,22019,21989,22001
22058,22081,22096,22104,22138,22066,22090,22103,22060,22069,22078,22085,22094,22109,22072,22085
22138,22163,22176,22181,22217,22147,22170,22180,22141,22150,22158,22166,22174,22182,22153,22162
22217,22238,22257,22264,22298,22226,22251,22263,22221,22230,22240,22247,22255,22268,22234,22244
22298,22319,22337,22345,22377,22306,22329,22342,22300,22309,22318,22324,22335,22346,22313,22321
22377,22403,22416,22423,22456,22385,22410,22422,22380,22388,22397,22405,22415,22426,22392,22401
22456,22477,22495,22500,22536,22465,22489,22499,22459,22468,22478,22485,22494,22504,22471,22482
22536,22558,22576,22581,22617,22545,22569,22579,22539,22549,22560,22565,22574,22582,22556,22565
22617,22637,22656,22660,22699,22627,22650,22659,22621,22631,22639,22646,22654,22662,22635,22643
22699,22719,22737,22741,22778,22707,22730,22740,22701,22711,22720,22726,22735,22743,22715,22723
22778,22802,22818,22825,22855,22786,22812,22824,22781,22789,22797,22807,22817,22828,22792,22801
22855,22879,22895,22901,22926,22864,22889,22900,22858,22867,22874,22883,22893,22906,22870,22876
22926,22957,22977,22982,23017,22945,22969,22981,22939,22948,22957,22962,22975,22984,22952,22962
23017,23038,23056,23063,23095,23026,23049,23059,23020,23029,23037,23044,23054,23064,23032,23044
23095,23113,23132,23137,23174,23104,23126,23136,23099,23108,23116,23122,23131,23139,23111,23118
23174,23199,23214,23218,23253,23183,23208,23217,23177,23186,23194,23204,23212,23220,23189,23195
23253,23273,23295,23299,23329,23263,23289,23298,23258,23267,23277,23285,23293,23301,23270,23282
23329,23358,23376,23380,23420,23345,23369,23379,23339,23348,23353,23357,23374,23382,23350,23357
23420,23436,23459,23465,23500,23428,23453,23462,23423,23432,23440,23448,23457,23466,23436,23444
23500,23518,23540,23545,23567,23509,23519,23527,23503,23512,23516,23516,23520,23527,23516,23523
23567,23599,23620,23625,23661,23590,23614,23624,23585,23594,23603,23610,23618,23626,23598,23606
23661,23683,23700,23704,23740,23670,23694,23703,23665,23674,23683,23689,23698,23706,23677,23689
23740,23761,23781,23785,23821,23750,23775,23784,23745,23753,23762,23771,23779,23786,23756,23768
23821,23838,23859,23863,23894,23829,23853,23862,23823,23832,23842,23849,23857,23865,23836,23846
23894,23920,23938,23943,23972,23907,23931,23942,23902,23911,23919,23927,23936,23949,23914,23923
23972,24003,24017,24023,24055,23988,24011,24022,23982,23991,23998,24004,24016,24027,23994,24001
24055,24080,24100,24105,24142,24070,24094,24104,24065,24074,24082,24089,24098,24107,24078,24086
24142,24164,24180,24185,24212,24151,24175,24184,24145,24154,24162,24171,24179,24188,24157,24168
24212,24243,24259,24266,24300,24230,24253,24264,24225,24233,24240,24248,24258,24269,24236,24244
24300,24319,24339,24346,24378,24309,24333,24344,24303,24312,24324,24329,24338,24348,24315,24329
24378,24399,24417,24426,24461,24387,24411,24425,24381,24390,24398,24406,24415,24430,24393,24403
24461,24478,24497,24504,24528,24468,24491,24503,24463,24471,24479,24485,24497,24507,24474,24481
24528,24559,24578,24589,24611,24549,24559,24568,24544,24552,24555,24555,24560,24568,24555,24564
24611,24637,24659,24669,24695,24629,24652,24665,24623,24632,24641,24648,24658,24669,24636,24645
24695,24720,24741,24747,24784,24711,24735,24745,24706,24715,24725,24731,24740,24748,24718,24731
24784,24803,24823,24828,24869,24794,24817,24827,24788,24797,24806,24813,24821,24829,24801,24810
24869,24889,24910,24916,24955,24879,24903,24914,24873,24883,24893,24899,24908,24917,24886,24896
24955,24973,24994,25000,25026,24964,24988,24997,24958,24967,24976,24984,24992,25000,24970,24980
25026,25057,25077,25082,25120,25047,25070,25081,25042,25050,25064,25067,25075,25085,25053,25059
25120,25145,25160,25172,25203,25129,25154,25163,25124,25132,25140,25149,25158,25163,25135,25144
25203,25229,25243,25248,25285,25212,25237,25247,25206,25215,25224,25232,25241,25250,25218,25229
25285,25316,25329,25334,25377,25299,25324,25333,25294,25302,25311,25319,25328,25335,25305,25319
25377,25404,25417,25420,25462,25386,25411,25419,25380,25389,25400,25407,25415,25423,25393,25403
25462,25489,25500,25511,25546,25471,25495,25505,25466,25474,25483,25490,25499,25505,25478,25487
25546,25570,25585,25589,25629,25554,25578,25588,25549,25558,25565,25572,25583,25592,25561,25569
25629,25650,25669,25676,25712,25638,25663,25675,25632,25641,25651,25658,25667,25683,25645,25655
25712,25738,25751,25755,25796,25721,25745,25754,25715,25724,25732,25740,25749,25756,25727,25736
25796,25822,25835,25840,25879,25805,25829,25839,25799,25808,25816,25823,25833,25843,25812,25820
25879,25906,25918,25923,25962,25888,25912,25922,25882,25891,25900,25908,25916,25931,25895,25904
25962,25986,26004,26008,26045,25972,25996,26007,25966,25975,25983,25990,26002,26011,25978,25986
26045,26078,26093,26099,26143,26061,26086,26096,26056,26065,26073,26080,26092,26100,26068,26076
26143,26164,26181,26189,26231,26151,26175,26188,26145,26154,26167,26170,26180,26192,26157,26170
26231,26254,26269,26273,26318,26239,26263,26272,26233,26242,26250,26258,26267,26275,26245,26251
26318,26345,26356,26361,26403,26325,26351,26360,26320,26328,26337,26346,26355,26363,26332,26342
26403,26428,26441,26449,26490,26412,26435,26448,26406,26416,26423,26430,26440,26453,26419,26427
26490,26516,26530,26535,26577,26498,26524,26534,26493,26501,26513,26519,26528,26539,26504,26508
26577,26606,26618,26627,26666,26588,26612,26626,26582,26592,26600,26607,26616,26638,26596,26604
26666,26696,26709,26713,26762,26678,26703,26712,26672,26681,26690,26698,26707,26715,26685,26694
26762,26782,26800,26804,26855,26770,26794,26803,26764,26774,26784,26790,26798,26807,26778,26787
26855,26879,26893,26898,26945,26864,26887,26897,26858,26868,26876,26883,26891,26906,26871,26880
26945,26968,26986,26994,27037,26955,26980,26993,26949,26959,26968,26976,26984,26997,26962,26972
27037,27061,27078,27084,27128,27047,27071,27081,27041,27049,27056,27062,27076,27085,27052,27058
27128,27153,27169,27173,27219,27138,27162,27172,27132,27141,27148,27157,27167,27175,27144,27151
27219,27245,27259,27265,27306,27229,27253,27264,27224,27233,27241,27248,27257,27270,27236,27245
27306,27329,27347,27353,27396,27317,27341,27352,27311,27321,27331,27337,27346,27358,27324,27334
27396,27421,27437,27442,27486,27405,27431,27440,27400,27408,27416,27427,27435,27443,27411,27424
27486,27514,27528,27532,27572,27497,27522,27531,27491,27500,27506,27518,27526,27534,27502,27515
27572,27607,27619,27623,27672,27589,27613,27622,27584,27592,27601,27609,27617,27625,27595,27606
27672,27698,27710,27714,27759,27679,27704,27713,27674,27682,27689,27697,27708,27716,27685,27692
27759,27782,27798,27802,27846,27769,27792,27801,27763,27772,27782,27788,27796,27803,27776,27788
27846,27872,27887,27894,27935,27855,27880,27893,27849,27858,27867,27875,27885,27898,27862,27871
27935,27961,27974,27981,28021,27943,27968,27980,27937,27946,27954,27962,27972,27987,27950,27958
28021,28049,28061,28065,28102,28031,28055,28064,28025,28034,28044,28051,28059,28067,28039,28048
28102,28127,28146,28149,28191,28116,28140,28148,28110,28120,28129,28136,28144,28151,28123,28133
28191,28217,28230,28233,28279,28201,28224,28232,28195,28205,28213,28220,28228,28236,28209,28217
28279,28305,28320,28324,28371,28289,28314,28323,28282,28292,28302,28310,28318,28326,28296,28306
28371,28395,28412,28416,28461,28380,28405,28415,28374,28383,28394,28401,28410,28419,28386,28398
28461,28485,28501,28506,28542,28471,28495,28505,28465,28474,28483,28490,28499,28514,28476,28490
28542,28571,28588,28594,28633,28558,28582,28593,28552,28561,28570,28577,28586,28597,28564,28573
28633,28663,28675,28680,28723,28644,28670,28679,28638,28648,28657,28665,28673,28681,28652,28661
28723,28753,28767,28771,28818,28736,28760,28770,28730,28740,28747,28755,28765,28774,28743,28751
28818,28843,28859,28865,28909,28827,28853,28864,28821,28830,28840,28847,28857,28868,28834,28844
28909,28932,28950,28958,29000,28919,28944,28955,28913,28922,28933,28940,28948,28962,28926,28937
29000,29024,29043,29051,29094,29011,29035,29048,29005,29014,29022,29028,29042,29054,29017,29025
29094,29115,29140,29148,29189,29103,29129,29144,29098,29106,29115,29123,29138,29148,29110,29118
29189,29211,29229,29234,29270,29198,29223,29233,29192,29202,29210,29218,29227,29235,29205,29214
29270,29300,29321,29328,29357,29291,29302,29310,29286,29295,29298,29298,29303,29310,29298,29306
29357,29396,29411,29417,29463,29381,29405,29416,29375,29384,29392,29400,29410,29423,29388,29396
29463,29480,29502,29509,29559,29472,29496,29508,29466,29475,29484,29491,29500,29512,29479,29488
29559,29576,29596,29601,29653,29568,29591,29600,29562,29571,29580,29587,29595,29602,29575,29584
29653,29676,29692,29698,29741,29662,29686,29697,29657,29665,29673,29681,29691,29701,29668,29674
29741,29760,29781,29783,29830,29751,29775,29782,29746,29755,29765,29771,29779,29786,29759,29771
29830,29854,29870,29877,29918,29838,29863,29872,29833,29841,29852,29860,29868,29876,29844,29857
29918,29944,29958,29964,30008,29927,29952,29963,29922,29930,29937,29948,29956,29967,29933,29945
30008,30028,30048,30053,30096,30017,30042,30052,30011,30021,30031,30038,30046,30055,30026,30034
30096,30123,30138,30146,30177,30107,30132,30145,30101,30110,30116,30125,30136,30151,30112,30119
30177,30198,30217,30220,30253,30186,30211,30219,30180,30190,30200,30206,30215,30223,30194,30203
30253,30273,30291,30294,30329,30263,30285,30293,30257,30266,30275,30281,30289,30295,30270,30281
30329,30354,30370,30375,30411,30337,30363,30374,30332,30340,30347,30357,30368,30377,30343,30350
30411,30436,30451,30455,30501,30419,30445,30454,30414,30422,30431,30440,30449,30457,30425,30437
30501,30523,30540,30544,30585,30509,30533,30542,30504,30513,30521,30527,30538,30546,30516,30523
30585,30607,30627,30635,30675,30597,30621,30634,30592,30600,30611,30617,30625,30639,30604,30614
30675,30696,30713,30717,30759,30683,30707,30716,30677,30686,30692,30703,30711,30718,30688,30694
30759,30778,30802,30810,30850,30770,30796,30809,30765,30773,30781,30789,30801,30813,30777,30784
30850,30873,30890,30897,30934,30858,30883,30894,30853,30861,30869,30879,30888,30900,30864,30876
30934,30955,30974,30977,31016,30943,30967,30976,30937,30946,30958,30963,30972,30980,30948,30963
31016,31042,31057,31061,31090,31025,31050,31060,31019,31028,31038,31046,31055,31064,31032,31042
31090,31121,31140,31144,31185,31109,31134,31143,31104,31113,31122,31129,31138,31146,31116,31126
31185,31209,31226,31230,31271,31195,31220,31229,31190,31198,31211,31216,31224,31232,31201,31207
31271,31292,31310,31319,31356,31280,31304,31318,31274,31284,31295,31300,31308,31322,31290,31300
31356,31380,31395,31402,31442,31365,31389,31401,31359,31368,31376,31384,31393,31406,31371,31381
31442,31465,31481,31489,31528,31450,31475,31488,31445,31454,31465,31471,31479,31495,31456,31462
31528,31554,31567,31572,31614,31537,31561,31571,31531,31540,31549,31556,31565,31576,31544,31552
31614,31640,31652,31657,31692,31622,31647,31656,31617,31626,31634,31642,31650,31661,31629,31638
31692,31720,31738,31744,31786,31708,31733,31743,31703,31711,31721,31728,31737,31746,31714,31725
31786,31812,31827,31830,31875,31797,31821,31829,31791,31800,31809,31817,31825,31831,31803,31814
31875,31901,31914,31918,31962,31884,31908,31917,31878,31887,31896,31903,31912,31919,31890,31900
31962,31989,32001,32004,32046,31969,31995,32003,31964,31972,31981,31990,31999,32007,31976,31986
32046,32072,32085,32088,32132,32054,32079,32087,32049,32057,32065,32074,32083,32091,32060,32068
32132,32160,32172,32175,32219,32141,32166,32174,32135,32144,32153,32161,32170,32178,32148,32157
32219,32242,32258,32262,32300,32227,32251,32261,32222,32231,32239,32247,32256,32264,32233,32244
32300,32322,32341,32350,32385,32312,32335,32346,32306,32315,32323,32330,32340,32353,32318,32326
32385,32409,32423,32427,32468,32393,32416,32426,32388,32396,32404,32412,32421,32428,32399,32408
32468,32491,32506,32511,32543,32476,32499,32510,32470,32480,32488,32494,32504,32513,32484,32491
32543,32569,32590,32602,32635,32560,32584,32596,32555,32564,32574,32580,32588,32596,32567,32580
32635,32650,32672,32694,32717,32643,32667,32676,32637,32646,32654,32662,32671,32679,32649,32658
32717,32735,32754,32759,32792,32725,32748,32758,32720,32728,32738,32744,32752,32760,32731,32741
32792,32815,32835,32821,32860,32807,32817,32821,32801,32810,32814,32814,32818,32825,32814,32822
32860,32896,32917,32923,32942,32887,32899,32906,32882,32890,32894,32894,32900,32906,32894,32903
32942,32974,32993,33001,33021,32965,32975,32983,32959,32968,32972,32972,32976,32983,32972,32980
33021,33053,33072,33078,33112,33042,33066,33077,33036,33045,33053,33061,33071,33082,33048,33055
33112,33129,33151,33156,33190,33120,33145,33155,33114,33124,33134,33141,33149,33160,33128,33138
33190,33216,33232,33236,33270,33202,33226,33235,33196,33204,33211,33221,33230,33237,33207,33213
33270,33288,33307,33321,33344,33278,33301,33313,33273,33282,33290,33297,33305,33314,33285,33294
33344,33361,33382,33394,33419,33353,33376,33385,33348,33357,33364,33371,33380,33385,33360,33368
33419,33438,33458,33464,33497,33427,33450,33461,33421,33430,33437,33443,33456,33464,33433,33439
33497,33517,33535,33542,33575,33505,33527,33539,33499,33508,33515,33522,33532,33543,33511,33518
33575,33592,33612,33618,33646,33582,33605,33615,33576,33585,33592,33600,33610,33618,33588,33595
33646,33665,33686,33689,33709,33656,33668,33676,33651,33660,33663,33663,33669,33676,33663,33672
33709,33739,33759,33768,33795,33730,33740,33748,33724,33733,33736,33736,33741,33748,33736,33745
33795,33817,33832,33843,33869,33803,33825,33842,33798,33806,33814,33820,33830,33845,33810,33817
33869,33888,33910,33915,33947,33877,33903,33914,33872,33881,33893,33899,33908,33917,33884,33896
33947,33963,33985,33991,34025,33955,33979,33989,33950,33959,33968,33975,33983,33992,33963,33972
34025,34043,34062,34069,34101,34034,34056,34066,34028,34037,34045,34052,34060,34070,34041,34048
34101,34125,34141,34146,34178,34112,34135,34145,34106,34115,34123,34130,34139,34153,34118,34126
34178,34196,34216,34220,34255,34187,34210,34219,34181,34190,34199,34206,34214,34220,34194,34202
34255,34276,34293,34302,34323,34263,34287,34301,34257,34266,34278,34283,34291,34306,34269,34273
34323,34349,34371,34379,34408,34341,34364,34374,34336,34344,34351,34359,34369,34378,34347,34353
34408,34423,34444,34451,34472,34416,34439,34448,34411,34419,34428,34435,34443,34451,34423,34432
34472,34503,34523,34528,34564,34494,34517,34527,34488,34497,34508,34513,34521,34529,34502,34510
34564,34583,34605,34616,34647,34573,34598,34610,34567,34577,34586,34593,34603,34616,34581,34590
34647,34664,34686,34694,34726,34655,34679,34691,34649,34659,34669,34675,34684,34695,34663,34672
34726,34746,34766,34777,34799,34737,34759,34773,34731,34741,34749,34755,34765,34777,34744,34752
34799,34827,34850,34859,34881,34819,34833,34840,34814,34822,34825,34825,34834,34840,34825,34837
34881,34907,34928,34936,34970,34899,34922,34935,34894,34903,34911,34918,34927,34937,34906,34914
34970,34990,35011,35017,35054,34981,35005,35016,34975,34985,34996,35002,35009,35024,34988,34999
35054,35076,35094,35105,35139,35063,35088,35104,35056,35067,35076,35083,35092,35109,35070,35080
35139,35156,35176,35190,35220,35146,35170,35186,35141,35150,35160,35166,35174,35190,35155,35163
35220,35241,35261,35266,35298,35229,35254,35265,35224,35233,35240,35250,35259,35266,35236,35242
35298,35319,35339,35348,35371,35311,35333,35347,35305,35315,35323,35329,35337,35351,35318,35326
35371,35401,35422,35429,35462,35390,35416,35426,35384,35393,35401,35410,35421,35429,35397,35405
35462,35484,35503,35508,35547,35473,35497,35507,35467,35476,35486,35493,35502,35510,35480,35490
35547,35568,35587,35592,35624,35556,35581,35591,35550,35559,35571,35577,35585,35594,35563,35574
35624,35657,35669,35675,35713,35639,35664,35674,35634,35642,35650,35658,35668,35679,35646,35653
35713,35738,35753,35757,35795,35722,35746,35756,35716,35725,35730,35737,35751,35759,35727,35733
35795,35822,35836,35840,35877,35804,35830,35839,35798,35807,35817,35825,35834,35843,35810,35822
35877,35903,35917,35921,35962,35887,35911,35920,35882,35891,35899,35905,35915,35924,35894,35902
35962,35991,36003,36010,36048,35973,35998,36009,35967,35977,35984,35992,36002,36016,35980,35988
36048,36074,36089,36094,36133,36057,36082,36093,36051,36060,36066,36074,36087,36098,36063,36069
36133,36159,36173,36177,36220,36143,36167,36176,36137,36146,36154,36162,36171,36180,36149,36159
36220,36247,36259,36263,36305,36229,36253,36262,36222,36232,36239,36248,36257,36265,36235,36244
36305,36328,36345,36350,36387,36314,36337,36349,36308,36317,36324,36329,36343,36355,36320,36329
36387,36414,36427,36439,36472,36397,36422,36438,36391,36401,36408,36416,36425,36440,36404,36413
36472,36497,36513,36518,36558,36482,36507,36517,36476,36485,36491,36502,36511,36520,36487,36492
36558,36585,36596,36606,36643,36567,36591,36605,36561,36570,36578,36586,36594,36608,36573,36582
36643,36668,36685,36690,36729,36651,36677,36689,36646,36654,36661,36667,36683,36693,36657,36663
36729,36752,36767,36774,36810,36736,36761,36773,36731,36739,36749,36756,36765,36778,36742,36756
36810,36834,36849,36853,36894,36820,36843,36852,36814,36823,36833,36839,36848,36855,36826,36836
36894,36920,36933,36936,36979,36902,36927,36935,36896,36905,36915,36922,36931,36939,36908,36922
36979,37005,37018,37038,37064,36988,37012,37022,36982,36991,36999,37006,37016,37022,36994,37002
37064,37089,37103,37107,37148,37073,37097,37106,37067,37077,37085,37092,37101,37110,37080,37089
37148,37172,37187,37191,37231,37157,37180,37190,37151,37161,37169,37176,37185,37193,37164,37173
37231,37255,37268,37272,37310,37238,37262,37271,37233,37242,37251,37257,37266,37273,37245,37257
37310,37335,37350,37354,37388,37319,37344,37353,37313,37322,37332,37340,37348,37356,37326,37337
37388,37409,37426,37430,37465,37398,37419,37429,37392,37401,37408,37414,37424,37433,37404,37411
37465,37490,37503,37507,37541,37473,37497,37506,37467,37477,37487,37493,37501,37507,37480,37490
37541,37563,37580,37588,37618,37550,37574,37587,37544,37553,37564,37570,37578,37592,37557,37567
37618,37636,37657,37669,37696,37627,37651,37660,37622,37631,37639,37646,37655,37660,37634,37642
37696,37720,37734,37738,37773,37704,37729,37737,37699,37708,37717,37724,37732,37739,37711,37721
37773,37797,37813,37821,37841,37782,37806,37820,37777,37786,37794,37800,37812,37824,37789,37797
37841,37875,37887,37894,37922,37858,37881,37892,37852,37861,37869,37877,37886,37897,37864,37873
37922,37950,37963,37968,38003,37934,37957,37967,37928,37936,37943,37951,37961,37968,37939,37946
38003,38023,38040,38045,38080,38010,38034,38044,38004,38013,38023,38030,38038,38047,38016,38027
38080,38103,38119,38124,38150,38089,38113,38123,38083,38092,38100,38108,38117,38125,38095,38105
38150,38175,38195,,38230,38167,38190,38200,38162,38170,38179,38186,38193,38200,38174,38183
38230,38253,38276,,38308,38242,38252,38258,38236,38245,38249,38249,38253,38258,38249,38255
38308,38335,38350,38357,38391,38320,38343,38353,38315,38324,38332,38339,38348,38356,38327,38336
38391,38410,38431,38436,38471,38400,38425,38435,38394,38403,38414,38421,38429,38439,38406,38418
38471,38492,38510,38530,38551,38480,38503,38514,38474,38483,38492,38498,38508,38517,38487,38495
38551,38575,38589,38592,38624,38559,38583,38591,38554,38562,38569,38579,38587,38594,38565,38571
38624,38648,38667,38671,38703,38639,38662,38670,38634,38642,38651,38658,38666,38672,38646,38655
38703,38734,38749,38754,38786,38720,38743,38753,38714,38723,38730,38738,38748,38755,38726,38734
38786,38812,38832,38836,38872,38801,38826,38835,38796,38805,38814,38821,38830,38840,38808,38818
38872,38897,38913,38917,38954,38882,38907,38916,38877,38885,38897,38903,38911,38918,38888,38900
38954,38979,38993,38997,39035,38962,38986,38996,38956,38965,38971,38980,38991,39003,38968,38975
39035,39060,39074,39078,39119,39045,39068,39077,39038,39049,39057,39063,39072,39082,39053,39060
39119,39145,39158,39162,39197,39128,39152,39161,39122,39132,39139,39147,39156,39168,39135,39143
39197,39228,39242,39253,39281,39212,39236,39245,39206,39215,39224,39231,39240,39245,39219,39228
39281,39307,39320,39324,39351,39289,39314,39323,39283,39293,39301,39308,39318,39326,39296,39304
39351,39383,39396,39400,39437,39365,39391,39399,39360,39369,39377,39386,39395,39402,39372,39381
39437,39463,39475,39485,39517,39446,39470,39480,39440,39450,39459,39465,39474,39480,39454,39462
39517,39544,39556,39559,39597,39526,39551,39558,39520,39530,39540,39546,39554,39560,39536,39543
39597,39624,39637,39642,39673,39605,39631,39641,39599,39608,39618,39627,39635,39651,39611,39623
39673,39699,39711,39722,39751,39683,39706,39716,39677,39687,39695,39701,39710,39716,39690,39698
39751,39774,39792,39797,39826,39759,39785,39796,39752,39762,39770,39781,39790,39799,39764,39771
39826,39844,39863,39867,39902,39835,39858,39866,39829,39838,39846,39853,39861,39869,39842,39850
39902,39928,39941,39944,39980,39910,39936,39943,39905,39913,39923,39931,39939,39945,39916,39928
39980,39999,40020,40025,40057,39988,40014,40024,39982,39992,40004,40010,40018,40028,39994,40007
40057,40077,40095,40106,40135,40065,40090,40100,40059,40069,40080,40086,40093,40100,40072,40083
40135,40160,40174,40180,40217,40143,40168,40179,40137,40146,40154,40162,40172,40187,40149,40158
40217,40241,40254,40265,40303,40225,40248,40264,40219,40228,40236,40243,40252,40269,40232,40240
40303,40323,40342,40347,40384,40312,40336,40346,40306,40316,40325,40332,40340,40352,40321,40329
40384,40403,40424,40431,40463,40393,40416,40427,40388,40396,40404,40411,40422,40431,40399,40406
40463,40489,40505,40508,40550,40477,40499,40507,40470,40481,40491,40495,40503,40511,40486,40495
40550,40570,40589,40592,40624,40557,40583,40591,40551,40560,40575,40580,40587,40594,40563,40577
40624,40652,40667,40670,40706,40639,40662,40669,40633,40643,40653,40658,40665,40671,40650,40658
40706,40734,40746,40754,40782,40716,40740,40753,40710,40719,40725,40735,40744,40758,40722,40729
40782,40808,40819,40822,40855,40790,40813,40821,40784,40793,40800,40808,40817,40823,40796,40804
40855,40883,40896,40899,40932,40864,40890,40898,40858,40867,40878,40885,40894,40902,40870,40882
40932,40961,40974,40983,41015,40942,40968,40982,40937,40945,40953,40961,40972,40986,40949,40957
41015,41041,41056,41059,41098,41024,41051,41058,41019,41027,41033,41038,41054,41062,41030,41035
41098,41124,41137,41141,41181,41107,41130,41140,41101,41111,41119,41125,41135,41144,41115,41122
41181,41208,41220,41224,41266,41190,41214,41223,41184,41193,41200,41209,41218,41225,41196,41205
41266,41294,41308,41312,41353,41276,41302,41311,41270,41280,41288,41295,41306,41314,41284,41291
41353,41380,41394,41399,41443,41362,41388,41398,41356,41365,41373,41382,41392,41401,41368,41378
41443,41470,41482,41485,41522,41450,41476,41484,41444,41453,41461,41471,41480,41488,41456,41465
41522,41550,41566,41571,41609,41534,41558,41570,41528,41537,41543,41550,41564,41573,41539,41546
41609,41637,41648,41652,41695,41619,41642,41651,41612,41622,41629,41637,41646,41656,41626,41634
41695,41724,41736,41741,41778,41705,41731,41741,41700,41708,41716,41724,41734,41746,41712,41720
41778,41806,41816,41819,41858,41787,41812,41819,41781,41790,41800,41806,41814,41821,41792,41806
41858,41884,41897,41901,41937,41866,41891,41900,41860,41869,41876,41885,41895,41908,41872,41880
41937,41964,41976,41980,42015,41945,41970,41979,41939,41948,41955,41964,41974,41982,41951,41961
42015,42044,42053,42056,42097,42023,42048,42055,42016,42025,42031,42043,42051,42058,42028,42039
42097,42125,42136,42140,42181,42106,42130,42139,42098,42108,42114,42124,42134,42142,42111,42120
42181,42209,42222,42226,42263,42191,42215,42225,42185,42194,42201,42209,42220,42228,42197,42206
42263,42292,42302,42305,42349,42274,42298,42304,42267,42277,42286,42292,42300,42306,42281,42289
42349,42375,42387,42391,42435,42358,42381,42390,42352,42362,42370,42377,42385,42393,42366,42374
42435,42461,42473,42477,42520,42444,42467,42476,42438,42447,42454,42461,42471,42479,42450,42457
42520,42548,42560,42562,42603,42531,42555,42561,42526,42534,42539,42547,42558,42564,42536,42542
42603,42631,42644,42662,42686,42613,42638,42646,42607,42616,42624,42633,42642,42648,42619,42629
42686,42712,42726,42728,42768,42695,42722,42728,42690,42698,42704,42709,42724,42731,42701,42706
42768,42792,42807,42811,42848,42778,42801,42810,42772,42782,42791,42797,42805,42812,42786,42794
42848,42876,42890,42899,42930,42858,42883,42895,42852,42861,42867,42875,42889,42900,42864,42871
42930,42957,42968,42987,43064,42939,42963,42987,42933,42943,42951,42958,42982,42990,42946,42954
43064,43115,43124,,43151,43106,43119,43140,43099,43115,43122,43128,43135,43142,43119,43125
43151,43201,43212,43215,43257,43185,43206,43214,43180,43188,43193,43200,43210,43222,43190,43196
43257,43280,43293,43299,43323,43265,43286,43298,43258,43268,43274,43281,43290,43300,43271,43278
43323,43356,43366,43426,43475,43339,43361,43415,43333,43342,43349,43356,43407,43426,43346,43353
43475,43506,43546,43561,43618,43561,43567,43550,43479,43487,43492,43537,43544,43550,43490,43534
43618,43642,43695,43718,43747,43626,43652,43685,43620,43629,43635,43642,43680,43686,43632,43638
43747,43789,43815,43863,43909,43842,43851,43821,43766,43775,43780,43804,43813,43821,43777,43801
43909,43926,43950,43954,43978,43916,43934,43942,43909,43923,43932,43932,43938,43942,43932,43940
43978,44001,44015,44019,44051,43988,44009,44018,43981,43993,44002,44002,44012,44019,43997,44002
44051,44068,44085,44088,44114,44059,44076,44087,44053,44062,44069,44069,44083,44091,44065,44069
44114,44143,44157,44161,44192,44130,44151,44160,44124,44134,44144,44144,44155,44165,44137,44144
44192,44211,44225,44230,44261,44200,44219,44229,44194,44204,44211,44215,44223,44234,44207,44215
44261,44281,44294,44296,44333,44270,44287,44295,44263,44274,44280,44281,44291,44299,44276,44281
44333,44355,44370,44372,44409,44342,44365,44372,44336,44346,44356,44360,44368,44376,44350,44360
44409,44432,44443,44446,44484,44418,44437,44446,44412,44421,44425,44430,44440,44451,44423,44430
44484,44509,44519,44523,44563,44494,44515,44523,44487,44497,44504,44508,44517,44529,44500,44508
44563,44587,44598,44600,44639,44570,44594,44600,44564,44572,44576,44583,44596,44604,44574,44579
44639,44661,44678,44683,44717,44649,44673,44683,44642,44656,44667,44668,44676,44688,44661,44668
44717,44741,44751,44753,44797,44726,44748,44754,44719,44730,44735,44739,44749,44754,44732,44739
44797,44822,44851,44831,44878,44806,44828,44831,44799,44810,44813,44819,44829,44840,44811,44819
44878,44903,44916,44919,44960,44887,44910,44919,44881,44890,44895,44901,44914,44924,44892,44898
44960,44986,45018,44995,45040,44969,44991,44995,44962,44972,44976,44983,44992,44998,44974,44980
45040,45064,45074,45076,45116,45048,45069,45076,45042,45051,45056,45061,45071,45079,45053,45058
45116,45142,45157,45159,45198,45127,45150,45159,45120,45140,45144,45144,45155,45162,45144,45159
45198,45223,45233,45236,45280,45208,45229,45236,45200,45220,45226,45226,45231,45238,45226,45235
45280,45304,45316,45318,45360,45289,45310,45317,45282,45292,45297,45303,45313,45320,45294,45300
45360,45385,45394,45396,45439,45370,45390,45396,45363,45374,45378,45383,45392,45399,45376,45383
45439,45462,45473,45476,45519,45449,45467,45476,45443,45460,45465,45465,45470,45481,45465,45475
45519,45544,45562,45564,45599,45528,45558,45564,45521,45532,45535,45542,45560,45566,45534,45539
45599,45626,45636,45639,45682,45610,45631,45639,45604,45613,45617,45624,45634,45641,45615,45621
45682,45707,45734,45724,45764,45693,45718,45724,45686,45698,45706,45706,45720,45726,45701,45706
45764,45788,45814,45798,45846,45773,45794,45798,45766,45777,45783,45786,45795,45801,45780,45786
45846,45872,45902,45884,45928,45854,45880,45884,45848,45857,45862,45871,45881,45887,45859,45866
45928,45954,45976,45978,46012,45937,45972,45978,45930,45940,45946,45951,45974,45981,45943,45948
46012,46035,46046,46049,46091,46020,46041,46048,46013,46024,46032,46036,46044,46051,46028,46036
46091,46115,46124,46128,46163,46101,46119,46126,46094,46104,46109,46113,46121,46129,46106,46113
46163,46182,46195,46207,46252,46175,46187,46200,46170,46180,46184,46184,46192,46200,46184,46196
46252,46276,46315,46296,46332,46261,46284,46292,46254,46263,46265,46273,46286,46292,46264,46269
46332,46358,46367,46369,46411,46341,46362,46368,46334,46344,46351,46357,46365,46371,46347,46354
46411,46434,46446,46448,46487,46420,46440,46447,46413,46423,46428,46433,46443,46451,46425,46430
46487,46512,46520,46522,46567,46497,46516,46522,46490,46501,46505,46510,46518,46524,46503,46510
46567,46593,46604,46606,46645,46576,46600,46606,46569,46582,46590,46593,46602,46610,46587,46593
46645,46672,46683,46685,46726,46655,46679,46685,46649,46658,46662,46669,46681,46688,46660,46666
46726,46751,46761,46764,46806,46736,46757,46764,46729,46739,46745,46750,46759,46766,46742,46750
46806,46829,46838,46840,46883,46815,46834,46840,46809,46818,46822,46827,46836,46842,46820,46824
46883,46907,46926,46929,46961,46892,46921,46928,46885,46896,46898,46905,46924,46934,46897,46902
46961,46985,47007,46995,47039,46971,46991,46995,46964,46975,46979,46982,46992,46998,46977,46982
47039,47064,47085,47077,47115,47048,47070,47076,47041,47052,47058,47063,47073,47077,47055,47063
47115,47138,47150,47153,47190,47125,47143,47152,47118,47136,47142,47142,47148,47157,47142,47152
47190,47213,47239,47223,47267,47199,47219,47223,47192,47202,47207,47211,47220,47226,47204,47211
47267,47291,47324,47306,47343,47276,47300,47306,47268,47281,47284,47288,47301,47315,47282,47288
47343,47366,47378,47380,47415,47351,47372,47379,47345,47355,47362,47367,47375,47383,47358,47364
47415,47437,47449,47454,47483,47422,47443,47453,47417,47425,47430,47436,47447,47457,47427,47433
47483,47504,47515,47518,47554,47491,47510,47518,47485,47495,47498,47503,47513,47522,47496,47500
47554,47575,47585,47587,47624,47562,47581,47587,47556,47565,47571,47575,47583,47589,47568,47575
47624,47646,47659,47663,47695,47635,47652,47662,47627,47639,47644,47647,47657,47664,47641,47647
47695,47714,47732,47735,47768,47705,47721,47734,47699,47710,47722,47722,47729,47738,47715,47722
47768,47788,47805,47809,47839,47776,47797,47807,47770,47779,47792,47793,47802,47811,47782,47793
47839,47861,47873,47876,47911,47848,47866,47875,47842,47851,47855,47861,47871,47878,47853,47858
47911,47938,47948,47950,47988,47922,47943,47950,47916,47926,47933,47938,47946,47954,47930,47938
47988,48010,48022,48031,48062,47996,48016,48026,47991,47999,48006,48011,48020,48026,48002,48011
48062,48084,48093,48095,48133,48070,48089,48095,48064,48073,48079,48084,48091,48097,48076,48081
48133,48152,48168,48169,48206,48142,48164,48169,48136,48145,48155,48159,48166,48172,48149,48159
48206,48229,48244,48248,48280,48215,48236,48247,48209,48218,48224,48230,48242,48251,48220,48227
48280,48303,48316,48320,48356,48289,48310,48319,48283,48292,48298,48304,48314,48321,48295,48301
48356,48380,48390,48393,48433,48366,48384,48392,48360,48369,48373,48379,48387,48394,48371,48376
48433,48449,48464,48467,48510,48440,48460,48468,48434,48444,48451,48456,48462,48468,48447,48453
48510,48533,48547,48551,48592,48519,48539,48549,48513,48522,48529,48534,48544,48554,48525,48531
48592,48613,48623,48626,48668,48599,48617,48625,48594,48602,48608,48613,48621,48627,48604,48610
48668,48696,48707,48712,48754,48681,48701,48711,48676,48683,48690,48697,48705,48713,48687,48694
48754,48772,48787,48791,48833,48762,48783,48791,48756,48765,48773,48778,48785,48798,48769,48775
48833,48854,48868,48874,48911,48841,48860,48873,48836,48844,48849,48855,48865,48877,48846,48852
48911,48928,48945,48949,48989,48919,48938,48947,48913,48922,48930,48934,48942,48951,48925,48934
48989,49012,49026,49032,49071,48999,49019,49029,48992,49002,49009,49015,49024,49032,49006,49012
49071,49093,49105,49108,49146,49079,49099,49107,49074,49082,49089,49095,49102,49110,49086,49092
49146,49172,49183,49186,49229,49159,49178,49185,49154,49162,49169,49174,49181,49186,49165,49171
49229,49247,49262,49268,49308,49236,49256,49266,49231,49240,49247,49252,49260,49271,49243,49249
49308,49327,49344,49347,49387,49316,49337,49346,49310,49319,49327,49332,49342,49350,49323,49332
49387,49413,49422,49425,49466,49395,49417,49424,49390,49398,49406,49412,49420,49428,49402,49409
49466,49486,49505,49509,49547,49477,49498,49507,49471,49482,49493,49496,49503,49510,49487,49496
49547,49569,49582,49587,49623,49555,49575,49586,49550,49558,49564,49570,49580,49590,49561,49567
49623,49644,49659,49662,49702,49632,49651,49661,49627,49636,49641,49646,49656,49665,49638,49643
49702,49724,49735,49738,49774,49710,49729,49737,49704,49713,49719,49725,49733,49740,49716,49722
49774,49798,49816,49823,49862,49790,49810,49820,49785,49793,49800,49805,49815,49824,49796,49805
49862,49881,49895,49897,49940,49870,49889,49896,49865,49874,49881,49885,49892,49899,49877,49885
49940,49955,49970,49976,50012,49947,49963,49974,49942,49950,49958,49958,49968,49976,49953,49958
50012,50031,50046,50050,50085,50021,50038,50049,50015,50025,50032,50032,50043,50052,50028,50032
50085,50112,50123,50145,50167,50098,50118,50127,50093,50102,50108,50114,50121,50127,50105,50111
50167,50187,50209,50201,50228,50175,50193,50200,50169,50178,50184,50188,50196,50201,50181,50188
50228,50259,50279,50282,50305,50249,50268,50271,50243,50252,50261,50261,50270,50271,50255,50261
50305,50326,50343,50347,50364,50318,50328,50335,50313,50321,50325,50325,50329,50335,50325,50332
50364,50397,50414,50420,50449,50388,50397,50403,50382,50391,50394,50394,50398,50403,50394,50400
50449,50469,50487,50496,50527,50460,50480,50491,50454,50463,50476,50476,50486,50496,50466,50476
50527,50542,50558,50573,50598,50534,50552,50561,50529,50538,50545,50548,50556,50561,50541,50548
50598,50618,50634,50638,50662,50610,50628,50636,50604,50614,50620,50624,50632,50639,50617,50624
50662,50693,50706,50709,50750,50684,50700,50708,50679,50688,50694,50695,50704,50710,50690,50695
50750,50774,50785,50791,50827,50758,50779,50790,50753,50761,50768,50774,50783,50797,50764,50771
50827,50845,50862,50866,50905,50835,50856,50865,50829,50839,50846,50852,50860,50868,50842,50849
50905,50925,50941,50946,50982,50913,50934,50945,50908,50916,50924,50927,50939,50946,50919,50927
50982,51004,51021,51024,51061,50993,51014,51023,50987,50997,51005,51006,51019,51026,51000,51006
51061,51080,51094,51097,51139,51070,51089,51097,51064,51073,51080,51085,51092,51100,51076,51082
51139,51161,51173,51183,51217,51148,51167,51177,51142,51151,51157,51162,51170,51177,51154,51162
51217,51240,51254,51257,51297,51228,51249,51257,51221,51231,51239,51243,51252,51261,51234,51240
51297,51320,51333,51342,51369,51307,51326,51340,51301,51310,51316,51321,51331,51345,51313,51321
51369,51393,51409,51415,51429,51385,51398,51414,51379,51392,51403,51405,51408,51418,51397,51405
51429,51475,51486,51489,51530,51462,51480,51488,51457,51465,51471,51476,51484,51491,51468,51476
51530,51552,51569,51573,51609,51540,51562,51572,51533,51543,51557,51557,51567,51574,51546,51557
51609,51632,51642,51645,51687,51618,51637,51644,51612,51621,51627,51633,51640,51647,51624,51630
51687,51707,51717,51724,51764,51695,51712,51723,51689,51697,51700,51706,51715,51727,51698,51703
51764,51785,51798,51804,51831,51773,51791,51800,51767,51777,51783,51787,51796,51804,51779,51787
51831,51862,51873,51881,51917,51850,51868,51880,51844,51853,51857,51863,51871,51885,51855,51860
51917,51941,51955,51957,51994,51924,51949,51957,51919,51927,51934,51940,51952,51960,51930,51936
51994,52015,52026,52040,52071,52002,52020,52028,51995,52005,52011,52015,52023,52029,52008,52015
52071,52092,52105,52108,52133,52079,52099,52107,52073,52082,52090,52093,52103,52111,52085,52093
52133,52164,52180,52201,52224,52155,52175,52183,52149,52159,52166,52171,52178,52185,52162,52171
52224,52244,52259,52282,52302,52232,52252,52262,52226,52235,52242,52247,52257,52266,52238,52244
52302,52317,52336,52343,52379,52310,52327,52340,52304,52313,52322,52322,52334,52343,52316,52322
52379,52394,52400,52417,52439,52388,52407,52416,52382,52391,52398,52404,52411,52418,52394,52401
52439,52474,52490,52494,52535,52464,52485,52494,52459,52467,52475,52478,52489,52497,52470,52478
52535,52554,52575,52579,52615,52542,52569,52577,52537,52546,52554,52565,52573,52580,52549,52555
52615,52634,52652,52677,52696,52622,52645,52655,52616,52625,52633,52639,52650,52659,52628,52636
52696,52715,52729,52733,52776,52703,52721,52732,52698,52706,52712,52716,52726,52736,52709,52716
52776,52793,52823,52813,52853,52785,52805,52812,52779,52789,52797,52802,52808,52814,52793,52799
52853,52871,52885,52889,52930,52861,52879,52888,52856,52864,52870,52875,52882,52894,52867,52875
52930,52953,52967,52969,53010,52939,52961,52968,52933,52942,52949,52956,52965,52972,52945,52952
53010,53027,53044,53049,53087,53018,53036,53048,53012,53021,53029,53029,53042,53051,53024,53029
53087,53102,53117,53142,53162,53094,53110,53124,53089,53097,53105,53105,53114,53126,53100,53105
53162,53183,53198,53202,53233,53171,53191,53201,53165,53174,53181,53186,53195,53205,53177,53183
53233,53257,53275,53278,53314,53249,53268,53277,53244,53253,53263,53266,53273,53280,53257,53266
53314,53339,53354,53376,53403,53328,53348,53358,53322,53332,53339,53344,53352,53361,53335,53344
53403,53426,53437,53445,53481,53410,53431,53444,53405,53414,53420,53426,53434,53448,53417,53423
53481,53500,53516,53521,53560,53491,53509,53518,53486,53494,53501,53505,53513,53521,53497,53505
53560,53583,53593,53596,53637,53569,53589,53596,53563,53571,53578,53584,53591,53599,53574,53581
53637,53656,53670,53673,53713,53646,53664,53673,53640,53650,53659,53659,53668,53677,53654,53659
53713,53733,53746,53750,53788,53722,53740,53748,53716,53725,53732,53735,53743,53751,53728,53735
53788,53810,53824,53827,53863,53799,53818,53826,53793,53803,53810,53814,53822,53831,53806,53814
53863,53886,53899,53906,53943,53876,53894,53905,53871,53880,53886,53890,53897,53910,53883,53890
53943,53965,53977,53981,54019,53951,53971,53980,53945,53954,53961,53967,53975,53986,53958,53964
54019,54039,54058,54064,54097,54028,54051,54060,54022,54032,54040,54046,54056,54064,54035,54043
54097,54118,54129,54131,54178,54107,54123,54130,54101,54110,54114,54118,54127,54134,54112,54118
54178,54198,54211,54214,54250,54187,54205,54213,54180,54190,54197,54201,54209,54215,54193,54201
54250,54271,54290,54296,54333,54264,54283,54295,54258,54267,54275,54280,54290,54299,54271,54277
54333,54357,54370,54374,54408,54341,54363,54373,54335,54343,54350,54357,54368,54378,54346,54353
54408,54424,54460,54450,54481,54416,54437,54449,54410,54419,54427,54432,54440,54451,54423,54429
54481,54500,54516,54524,54557,54491,54509,54519,54485,54495,54501,54506,54514,54522,54498,54503
54557,54578,54591,54593,54636,54567,54585,54592,54562,54571,54577,54581,54589,54595,54574,54581
54636,54660,54677,54681,54711,54643,54672,54680,54638,54646,54653,54659,54675,54681,54649,54656
54711,54733,54746,54750,54789,54720,54739,54748,54714,54722,54728,54734,54743,54752,54725,54731
54789,54811,54822,54830,54865,54796,54815,54825,54790,54798,54805,54811,54820,54828,54801,54808
54865,54883,54896,54903,54943,54873,54888,54902,54867,54884,54888,54888,54893,54905,54888,54898
54943,54961,54976,54981,55020,54952,54970,54980,54946,54955,54962,54966,54974,54980,54958,54966
55020,55041,55053,55060,55097,55028,55047,55059,55022,55031,55039,55043,55051,55068,55035,55043
55097,55118,55135,55138,55179,55108,55128,55137,55101,55112,55120,55123,55132,55141,55115,55123
55179,55201,55212,55221,55258,55187,55206,55220,55181,55190,55196,55200,55210,55221,55193,55200
55258,55276,55294,55298,55334,55266,55287,55297,55260,55270,55277,55283,55291,55300,55273,55280
55334,55358,55372,55381,55414,55345,55366,55380,55340,55349,55355,55362,55370,55385,55352,55358
55414,55434,55459,55461,55491,55422,55454,55460,55416,55425,55443,55450,55457,55463,55428,55447
55491,55513,55525,55529,55569,55500,55519,55528,55493,55503,55507,55513,55523,55530,55505,55513
55569,55589,55618,55602,55647,55578,55596,55602,55570,55582,55591,55593,55599,55607,55586,55593
55647,55670,55684,55686,55724,55655,55678,55686,55650,55659,55665,55671,55682,55689,55662,55668
55724,55747,55761,55764,55803,55734,55755,55763,55728,55737,55745,55749,55759,55768,55740,55749
55803,55828,55839,55843,55886,55813,55833,55842,55807,55816,55822,55828,55837,55847,55819,55825
55886,55908,55933,55922,55963,55893,55914,55922,55887,55895,55900,55907,55917,55925,55898,55903
55963,55985,55994,55997,56037,55971,55989,55996,55965,55974,55979,55984,55992,55998,55976,55984
56037,56059,56069,56073,56114,56047,56065,56073,56041,56050,56055,56059,56067,56080,56052,56059
56114,56134,56155,56148,56189,56122,56139,56147,56116,56125,56131,56135,56142,56148,56128,56135
56189,56209,56224,56229,56262,56198,56218,56226,56191,56204,56210,56214,56222,56229,56207,56214
56262,56286,56298,56302,56339,56273,56292,56301,56267,56276,56281,56287,56296,56304,56278,56284
56339,56361,56373,56376,56411,56347,56366,56375,56341,56350,56355,56362,56370,56378,56352,56359
56411,56434,56448,56453,56488,56423,56442,56452,56418,56427,56433,56438,56446,56457,56430,56438
56488,56511,56525,56529,56563,56498,56518,56528,56492,56501,56508,56513,56523,56531,56504,56510
56563,56584,56598,56603,56638,56571,56591,56600,56566,56574,56580,56586,56595,56606,56577,56583
56638,56658,56672,56676,56712,56647,56665,56675,56641,56651,56656,56659,56669,56678,56653,56659
56712,56732,56749,56751,56786,56722,56743,56751,56716,56725,56734,56738,56746,56754,56729,56738
56786,56806,56822,56830,56860,56796,56814,56826,56789,56802,56809,56809,56820,56831,56805,56809
56860,56877,56893,56897,56931,56869,56886,56896,56863,56873,56881,56881,56890,56899,56876,56881
56931,56947,56965,56967,57001,56940,56958,56966,56935,56944,56951,56955,56962,56970,56947,56955
57001,57023,57038,57047,57073,57010,57030,57042,57004,57015,57020,57024,57036,57047,57017,57024
57073,57090,57105,57109,57145,57081,57099,57108,57075,57085,57091,57095,57103,57110,57087,57095
57145,57162,57179,57186,57217,57152,57170,57182,57146,57156,57163,57163,57176,57185,57159,57163
57217,57234,57255,,57268,57225,57240,57247,57220,57228,57234,57234,57244,57247,57231,57234
57268,57300,57313,57323,57354,57293,57306,57319,57288,57297,57301,57301,57312,57323,57301,57320
57354,57374,57385,57389,57423,57361,57379,57388,57356,57363,57369,57375,57383,57391,57366,57372
57423,57441,57455,57459,57483,57432,57450,57458,57426,57435,57442,57445,57454,57461,57438,57445
57483,57511,57530,57534,57567,57503,57521,57533,57498,57507,57517,57517,57528,57536,57510,57517
57567,57584,57600,57612,57632,57576,57594,57603,57570,57580,57588,57590,57598,57603,57583,57590
57632,57656,57671,57677,57710,57647,57664,57676,57642,57651,57656,57656,57669,57678,57653,57656
57710,57730,57743,57748,57784,57718,57736,57746,57712,57720,57726,57732,57740,57750,57723,57729
57784,57800,57818,57823,57853,57792,57809,57822,57787,57795,57803,57805,57814,57825,57798,57805
57853,57874,57889,57903,57932,57865,57883,57893,57860,57868,57874,57879,57887,57893,57871,57879
57932,57952,57967,57977,58008,57941,57960,57976,57935,57944,57951,57953,57965,57979,57947,57953
58008,58025,58042,58047,58086,58016,58035,58046,58011,58020,58027,58031,58040,58047,58023,58031
58086,58104,58121,58128,58151,58094,58114,58127,58089,58099,58108,58110,58119,58132,58103,58110
58151,58178,58192,58198,58232,58169,58186,58195,58163,58172,58178,58182,58190,58200,58174,58182
58232,58253,58272,58284,58307,58242,58266,58276,58237,58245,58251,58252,58270,58276,58247,58252
58307,58326,58343,58348,58385,58317,58336,58346,58311,58321,58327,58332,58341,58349,58324,58329
58385,58401,58419,58424,58461,58393,58413,58421,58387,58397,58406,58410,58417,58424,58401,58410
58461,58481,58501,58504,58538,58470,58487,58503,58463,58474,58479,58481,58498,58505,58476,58481
58538,58556,58589,58577,58613,58546,58562,58576,58540,58554,58565,58567,58572,58580,58559,58567
58613,58630,58648,58651,58671,58623,58633,58637,58617,58626,58629,58629,58634,58637,58629,58636
58671,58706,58721,58732,58758,58698,58707,58711,58692,58701,58704,58704,58708,58711,58704,58710
58758,58784,58798,58803,58840,58774,58792,58802,58768,58777,58782,58787,58796,58806,58779,58787
58840,58864,58876,58881,58913,58850,58870,58880,58845,58854,58860,58866,58874,58884,58857,58863
58913,58937,58952,58956,58993,58926,58947,58955,58921,58930,58938,58943,58950,58956,58933,58940
58993,59010,59025,59039,59066,59002,59020,59029,58996,59005,59012,59016,59023,59029,59008,59016
59066,59084,59097,59104,59139,59075,59090,59100,59069,59078,59082,59084,59094,59106,59080,59084
59139,59153,59190,59194,59213,59145,59160,59167,59140,59148,59156,59156,59164,59170,59151,59156
59213,59234,59250,59275,59293,59223,59244,59254,59216,59227,59234,59239,59248,59258,59230,59239
59293,59317,59331,59336,59379,59304,59325,59335,59298,59307,59315,59320,59329,59341,59311,59320
59379,59403,59417,59420,59461,59388,59409,59419,59382,59391,59399,59403,59415,59422,59394,59403
59461,59484,59495,59507,59545,59469,59489,59498,59463,59473,59479,59484,59492,59498,59476,59481
59545,59558,59578,59597,59622,59552,59571,59582,59546,59555,59563,59568,59576,59584,59559,59565
59622,59638,59658,59664,59697,59631,59644,59660,59625,59635,59648,59648,59655,59664,59640,59648
59697,59714,59731,59740,59771,59706,59724,59734,59701,59709,59716,59720,59729,59738,59712,59720
59771,59789,59813,59806,59830,59777,59795,59805,59771,59779,59783,59790,59799,59806,59781,59787
59830,59854,59874,59877,59910,59847,59862,59876,59842,59850,59867,59867,59872,59880,59853,59867
59910,59924,59945,59953,59976,59917,59935,59948,59911,59920,59927,59930,59944,59952,59923,59930
59976,59993,60010,60013,60031,59985,59994,59998,59980,59989,59991,59991,59995,59998,59991,59996
60031,60057,60074,60083,60108,60051,60068,60079,60046,60054,60061,60064,60073,60085,60057,60064
60108,60125,60143,60157,60181,60118,60136,60148,60113,60121,60128,60133,60141,60157,60124,60130
60181,60200,60215,60218,60246,60189,60208,60217,60183,60193,60198,60203,60212,60220,60195,60203
60246,60272,60288,60294,60316,60263,60272,60278,60258,60267,60270,60270,60273,60278,60270,60276
60316,60347,60359,60372,60393,60340,60354,60361,60334,60344,60353,60353,60358,60361,60353,60359
60393,60423,60439,60446,60483,60416,60432,60441,60410,60419,60427,60430,60437,60445,60423,60430
60483,60503,60523,60513,60552,60493,60510,60513,60487,60496,60503,60503,60511,60515,60499,60503
60552,60581,60595,60605,60640,60571,60589,60600,60565,60574,60579,60584,60594,60604,60576,60584
60640,60657,60671,60676,60714,60649,60664,60675,60643,60653,60659,60659,60669,60678,60656,60659
60714,60735,60750,60763,60791,60726,60744,60758,60721,60729,60735,60740,60748,60764,60732,60737
60791,60811,60824,60836,60860,60801,60817,60827,60795,60806,60816,60816,60821,60827,60816,60824
60860,60886,60896,60900,60937,60872,60891,60899,60867,60875,60880,60886,60894,60902,60878,60883
60937,60959,60973,60979,61013,60946,60965,60976,60940,60950,60956,60959,60970,60980,60952,60959
61013,61036,61060,61064,61089,61022,61042,61049,61015,61025,61031,61036,61045,61051,61027,61036
61089,61113,61123,61126,61163,61097,61117,61125,61091,61100,61106,61112,61121,61128,61102,61109
61163,61187,61204,61209,61239,61173,61196,61208,61167,61176,61185,61187,61203,61212,61179,61187
61239,61260,61270,61272,61309,61247,61264,61271,61240,61250,61253,61258,61267,61275,61251,61255
61309,61338,61348,61350,61390,61323,61344,61350,61316,61327,61329,61335,61346,61353,61328,61335
61390,61417,61439,61425,61471,61400,61422,61425,61393,61403,61409,61415,61423,61428,61406,61412
61471,61494,61528,61514,61551,61478,61509,61514,61472,61480,61486,61492,61511,61517,61483,61489
61551,61575,61598,61584,61632,61559,61580,61584,61553,61562,61567,61573,61581,61588,61565,61570
61632,61654,61668,61671,61710,61640,61662,61671,61633,61644,61649,61651,61666,61675,61646,61651
61710,61733,61743,61746,61790,61719,61738,61745,61713,61723,61726,61732,61741,61749,61725,61729
61790,61816,61825,61827,61871,61799,61821,61827,61793,61803,61809,61815,61823,61831,61805,61812
61871,61901,61907,61909,61955,61881,61904,61909,61874,61883,61890,61897,61905,61912,61886,61893
61955,61980,61988,61990,62036,61963,61985,61990,61954,61975,61981,61981,61986,61994,61981,61989
62036,62057,62068,62070,62111,62043,62063,62069,62037,62047,62051,62056,62066,62072,62049,62056
62111,62133,62152,62154,62188,62120,62147,62154,62114,62124,62126,62130,62150,62156,62125,62130
62188,62211,62246,62219,62266,62197,62215,62219,62190,62201,62206,62206,62216,62222,62203,62206
62266,62291,62301,62304,62345,62275,62296,62304,62268,62278,62283,62289,62298,62307,62280,62286
62345,62369,62383,62386,62425,62354,62376,62386,62347,62358,62364,62367,62381,62391,62360,62367
62425,62450,62461,62464,62505,62435,62456,62464,62427,62438,62442,62447,62459,62469,62440,62447
62505,62530,62540,62542,62583,62515,62536,62542,62507,62520,62522,62527,62537,62548,62521,62527
62583,62605,62615,62618,62657,62591,62611,62618,62584,62597,62602,62602,62613,62620,62601,62602
62657,62681,62700,62702,62734,62666,62695,62701,62659,62669,62673,62678,62698,62703,62671,62678
62734,62758,62781,62783,62815,62743,62776,62782,62736,62746,62752,62757,62779,62786,62749,62754
62815,62841,62866,62853,62899,62824,62847,62853,62817,62827,62832,62839,62849,62856,62829,62835
62899,62923,62942,62944,62981,62908,62939,62944,62901,62912,62918,62919,62940,62947,62914,62919
62981,63008,63020,63022,63063,62991,63016,63022,62984,62994,63001,63001,63018,63026,62997,63001
63063,63087,63098,63102,63143,63075,63092,63102,63069,63085,63090,63090,63096,63106,63090,63102
63143,63166,63187,63177,63223,63152,63170,63176,63146,63155,63160,63165,63173,63179,63157,63165
63223,63247,63255,63256,63303,63231,63251,63256,63224,63235,63241,63245,63252,63259,63237,63245
63303,63327,63353,63338,63386,63313,63333,63338,63306,63318,63322,63324,63334,63343,63320,63324
63386,63410,63422,63426,63467,63395,63416,63425,63388,63398,63403,63409,63420,63427,63401,63406
63467,63494,63502,63503,63551,63476,63499,63503,63469,63480,63487,63492,63500,63506,63483,63489
63551,63573,63609,63598,63631,63560,63594,63598,63553,63568,63582,63590,63595,63601,63573,63587
63631,63653,63676,63663,63709,63639,63658,63663,63633,63644,63650,63650,63659,63666,63648,63650
63709,63733,63743,63746,63789,63717,63737,63745,63711,63720,63725,63732,63740,63749,63723,63729
63789,63812,63838,63824,63867,63796,63816,63823,63790,63799,63804,63810,63819,63827,63802,63807
63867,63889,63901,63904,63945,63876,63895,63903,63869,63881,63887,63889,63899,63907,63883,63889
63945,63966,63976,63980,64019,63952,63970,63978,63946,63955,63959,63964,63973,63983,63957,63964
64019,64039,64056,64061,64092,64026,64046,64058,64020,64029,64032,64038,64053,64063,64031,64035
64092,64116,64140,64130,64168,64101,64123,64129,64092,64106,64113,64118,64126,64132,64109,64118
64168,64191,64215,64202,64243,64176,64196,64202,64169,64179,64185,64189,64198,64206,64182,64189
64243,64265,64287,64279,64320,64252,64272,64278,64246,64255,64262,64266,64274,64280,64258,64266
64320,64339,64352,64355,64393,64328,64345,64354,64322,64331,64337,64341,64350,64358,64333,64341
64393,64414,64428,64431,64464,64400,64419,64430,64395,64403,64409,64414,64425,64433,64406,64411
64464,64486,64496,64498,64537,64472,64490,64497,64466,64475,64481,64486,64493,64500,64478,64483
64537,64558,64575,64578,64608,64545,64565,64577,64539,64548,64553,64558,64573,64580,64550,64558
64608,64630,64642,64644,64681,64617,64636,64643,64611,64620,64627,64632,64639,64646,64624,64632
64681,64700,64713,64715,64751,64689,64707,64714,64683,64692,64698,64703,64710,64717,64695,64700
64751,64773,64785,64789,64826,64761,64779,64788,64756,64764,64770,64775,64783,64791,64767,64775
64826,64844,64865,64868,64899,64833,64851,64859,64827,64836,64843,64846,64854,64859,64839,64846
64899,64920,64933,64937,64970,64906,64926,64936,64900,64909,64915,64921,64931,64939,64911,64918
64970,64991,65003,65005,65041,64979,64998,65005,64973,64983,64990,64990,65001,65009,64985,64990
65041,65063,65080,65084,65108,65051,65070,65083,65045,65054,65060,65064,65078,65088,65056,65064
65108,65132,65146,65151,65185,65122,65140,65150,65116,65125,65132,65136,65144,65151,65128,65136
65185,65203,65218,65222,65257,65193,65211,65221,65187,65197,65205,65205,65216,65224,65200,65205
65257,65276,65297,65289,65334,65266,65281,65288,65259,65271,65279,65279,65284,65290,65279,65287
65334,65352,65367,65370,65404,65341,65359,65369,65335,65344,65352,65352,65364,65375,65347,65352
65404,65426,65439,65451,65476,65414,65433,65443,65408,65417,65424,65429,65437,65443,65420,65426
65476,65497,65513,65517,65551,65486,65506,65516,65481,65491,65494,65494,65511,65518,65493,65494
65551,65573,65586,65590,65617,65559,65579,65588,65554,65563,65569,65575,65584,65592,65566,65572
65617,65645,65663,65667,65697,65634,65656,65666,65628,65640,65651,65651,65661,65669,65645,65651
65697,65716,65733,65740,65774,65708,65726,65736,65702,65711,65718,65722,65731,65739,65714,65722
65774,65790,65804,65807,65839,65783,65799,65806,65778,65786,65794,65794,65802,65808,65789,65794
65839,65865,65878,65882,65918,65853,65873,65881,65848,65857,65863,65868,65876,65882,65860,65865
65918,65941,65954,65959,65996,65930,65947,65957,65923,65934,65937,65942,65952,65960,65935,65942
65996,66019,66039,66042,66073,66004,66024,66042,65998,66007,66014,66019,66037,66044,66010,66016
66073,66089,66106,66114,66149,66081,66100,66112,66075,66084,66091,66096,66104,66116,66087,66093
66149,66166,66182,66186,66222,66158,66171,66185,66151,66163,66174,66174,66180,66187,66168,66174
66222,66241,66255,66261,66295,66229,66248,66260,66224,66232,66238,66243,66252,66264,66235,66240
66295,66315,66327,66330,66369,66303,66321,66329,66297,66306,66312,66316,66324,66332,66309,66316
66369,66389,66403,66424,66443,66377,66396,66405,66371,66381,66387,66391,66401,66408,66383,66391
66443,66463,66477,66490,66517,66452,66470,66486,66446,66455,66461,66466,66475,66490,66458,66463
66517,66532,66548,66558,66589,66525,66539,66552,66519,66529,66537,66537,66545,66557,66537,66549
66589,66608,66630,66620,66660,66596,66613,66619,66590,66598,66604,66609,66616,66622,66601,66606
66660,66677,66693,66704,66734,66668,66687,66698,66662,66671,66678,66683,66691,66698,66675,66683
66734,66755,66767,66769,66808,66742,66760,66768,66736,66745,66751,66756,66764,66771,66748,66756
66808,66826,66841,66845,66883,66818,66833,66844,66812,66822,66831,66831,66839,66847,66826,66831
66883,66900,66918,66923,66957,66893,66906,66922,66887,66897,66908,66908,66915,66924,66901,66908
66957,66976,66990,66996,67029,66966,66983,66993,66960,66969,66975,66978,66988,66997,66972,66978
67029,67050,67064,67067,67109,67041,67057,67066,67035,67044,67051,67053,67061,67069,67047,67053
67109,67125,67142,67147,67173,67116,67134,67144,67111,67120,67127,67131,67139,67147,67123,67131
67173,67205,67218,67226,67253,67193,67212,67222,67187,67196,67202,67207,67216,67226,67199,67204
67253,67278,67291,67296,67331,67268,67285,67295,67263,67272,67275,67280,67289,67299,67273,67280
67331,67352,67364,67368,67407,67340,67358,67367,67334,67343,67349,67354,67362,67369,67346,67351
67407,67426,67439,67442,67484,67416,67433,67441,67409,67420,67427,67427,67437,67444,67423,67427
67484,67502,67517,67520,67560,67492,67511,67519,67487,67496,67502,67507,67514,67521,67499,67507
67560,67579,67600,67603,67636,67569,67588,67602,67564,67573,67579,67584,67598,67607,67576,67581
67636,67656,67670,67673,67710,67644,67663,67672,67638,67647,67654,67659,67667,67675,67650,67656
67710,67728,67746,67766,67786,67719,67740,67749,67713,67722,67730,67736,67744,67751,67726,67733
67786,67807,67821,67838,67861,67795,67813,67824,67788,67800,67801,67807,67818,67826,67801,67804
67861,67882,67897,67901,67940,67870,67889,67900,67865,67874,67882,67882,67894,67904,67877,67882
67940,67959,67970,67973,68012,67947,67964,67972,67941,67950,67956,67960,67968,67974,67953,67960
68012,68035,68046,68050,68088,68020,68041,68049,68015,68024,68031,68036,68044,68056,68027,68033
68088,68109,68130,68134,68164,68096,68115,68134,68090,68100,68105,68110,68128,68137,68102,68110
68164,68185,68195,68198,68239,68172,68190,68197,68166,68176,68181,68185,68193,68200,68178,68185
68239,68261,68274,68277,68315,68248,68268,68276,68242,68253,68256,68260,68272,68280,68254,68260
68315,68336,68349,68353,68393,68324,68343,68352,68318,68328,68334,68339,68347,68358,68331,68339
68393,68413,68429,68434,68474,68402,68419,68433,68396,68411,68415,68415,68426,68439,68415,68431
68474,68495,68509,68515,68551,68481,68502,68514,68475,68484,68488,68495,68507,68521,68486,68491
68551,68575,68585,68591,68634,68560,68580,68590,68555,68563,68568,68575,68583,68595,68565,68571
68634,68655,68665,68669,68710,68641,68659,68668,68635,68643,68649,68654,68662,68674,68646,68654
68710,68731,68744,68747,68784,68717,68737,68746,68711,68721,68724,68732,68742,68750,68722,68728
68784,68801,68828,68815,68858,68792,68808,68814,68786,68795,68804,68804,68811,68816,68798,68804
68858,68876,68903,68893,68930,68866,68884,68892,68859,68871,68883,68883,68889,68895,68875,68883
68930,68951,68963,68977,69004,68939,68957,68966,68932,68942,68947,68952,68961,68967,68945,68952
69004,69028,69037,69038,69075,69011,69032,69038,69005,69014,69021,69027,69034,69041,69018,69024
69075,69094,69115,69121,69149,69086,69106,69117,69080,69090,69098,69102,69113,69121,69093,69102
69149,69165,69181,69184,69214,69157,69176,69182,69152,69161,69167,69172,69178,69185,69164,69169
69214,69246,69256,69270,69293,69231,69252,69259,69225,69234,69240,69246,69255,69259,69237,69243
69293,69319,69329,69333,69379,69305,69324,69331,69299,69308,69314,69320,69327,69334,69311,69317
69379,69400,69411,69414,69452,69387,69407,69414,69382,69390,69397,69402,69409,69418,69393,69399
69452,69476,69492,69496,69535,69467,69485,69495,69462,69470,69480,69480,69490,69498,69473,69480
69535,69555,69569,69573,69611,69544,69563,69572,69538,69548,69554,69558,69567,69575,69551,69558
69611,69632,69656,69645,69677,69619,69638,69645,69613,69622,69626,69632,69641,69647,69624,69629
69677,69704,69718,69722,69760,69694,69712,69722,69689,69697,69705,69705,69717,69725,69700,69705
69760,69782,69793,69796,69833,69768,69787,69795,69762,69772,69777,69782,69791,69799,69774,69782
69833,69852,69879,69866,69904,69842,69857,69865,69835,69848,69856,69856,69860,69869,69856,69864
69904,69927,69955,69944,69978,69913,69939,69944,69907,69915,69920,69926,69941,69946,69917,69923
69978,70000,70025,70032,70052,69985,70006,70014,69980,69988,69995,70001,70009,70016,69992,69998
70052,70069,70089,70091,70125,70060,70082,70090,70053,70064,70075,70079,70086,70093,70068,70079
70125,70146,70172,70176,70194,70132,70154,70161,70126,70135,70141,70145,70157,70164,70138,70145
70194,70211,70227,70229,70262,70201,70221,70228,70196,70205,70213,70215,70224,70231,70208,70215
70262,70285,70300,70305,70336,70272,70294,70304,70267,70276,70284,70289,70298,70309,70279,70286
70336,70358,70368,70371,70408,70344,70363,70370,70338,70346,70352,70358,70366,70373,70349,70355
70408,70429,70441,70446,70480,70416,70434,70445,70410,70418,70424,70430,70438,70450,70421,70427
70480,70500,70511,70514,70546,70488,70505,70513,70482,70492,70497,70500,70509,70516,70494,70500
70546,70567,70583,70588,70610,70557,70575,70587,70551,70561,70567,70570,70581,70591,70563,70570
70610,70643,70652,70655,70693,70628,70648,70654,70623,70632,70638,70644,70651,70656,70635,70641
70693,70710,70724,70728,70753,70701,70718,70727,70695,70704,70711,70714,70723,70731,70707,70714
70753,70785,70798,70806,70840,70774,70792,70805,70768,70779,70782,70786,70798,70809,70780,70786
70840,70858,70867,70880,70911,70847,70863,70879,70841,70850,70855,70857,70875,70882,70852,70857
70911,70928,70950,70954,70980,70919,70943,70951,70914,70922,70935,70941,70948,70955,70925,70938
70980,71000,71014,71019,71054,70988,71007,71018,70982,70991,70997,71003,71011,71024,70994,71000
71054,71077,71087,71094,71127,71063,71082,71093,71056,71067,71071,71077,71085,71098,71069,71074
71127,71148,71176,71163,71199,71136,71156,71163,71129,71140,71150,71150,71158,71167,71150,71163
71199,71223,71233,71236,71273,71210,71227,71235,71204,71222,71227,71227,71231,71239,71227,71234
71273,71294,71309,71314,71346,71283,71300,71311,71277,71287,71290,71290,71307,71316,71288,71290
71346,71365,71380,71385,71418,71354,71371,71382,71348,71358,71363,71363,71377,71386,71361,71363
71418,71438,71459,71451,71487,71426,71443,71450,71420,71435,71441,71441,71446,71452,71441,71449
71487,71510,71521,71525,71563,71499,71516,71525,71492,71507,71513,71513,71518,71532,71513,71522
71563,71584,71595,71600,71634,71571,71589,71597,71565,71574,71580,71584,71592,71601,71576,71584
71634,71654,71667,71670,71705,71642,71660,71668,71636,71646,71652,71655,71664,71672,71648,71655
71705,71727,71738,71741,71776,71713,71733,71741,71707,71716,71722,71727,71735,71745,71719,71724
71776,71795,71807,71811,71849,71783,71801,71810,71776,71786,71792,71796,71805,71815,71789,71796
71849,71867,71891,71895,71923,71857,71875,71895,71850,71861,71869,71871,71890,71898,71864,71871
71923,71945,71957,71960,71991,71931,71950,71959,71925,71934,71941,71946,71954,71964,71937,71946
71991,72012,72024,72027,72065,72002,72018,72026,71996,72007,72012,72012,72022,72029,72009,72012
72065,72086,72098,72101,72136,72073,72092,72101,72067,72076,72081,72086,72095,72105,72078,72083
72136,72157,72170,72174,72208,72144,72163,72173,72138,72147,72153,72157,72167,72176,72150,72157
72208,72228,72253,72241,72280,72217,72235,72241,72211,72221,72229,72229,72237,72244,72224,72229
72280,72301,72312,72316,72352,72289,72306,72314,72284,72292,72296,72301,72310,72317,72294,72301
72352,72373,72386,72388,72421,72361,72381,72388,72355,72364,72371,72376,72383,72391,72367,72376
72421,72443,72452,72454,72495,72431,72449,72454,72424,72434,72439,72443,72450,72456,72436,72443
72495,72518,72527,72528,72568,72504,72523,72528,72498,72507,72512,72517,72524,72530,72509,72517
72568,72590,72600,72602,72633,72575,72595,72602,72569,72578,72584,72589,72597,72607,72580,72586
72633,72661,72672,72675,72711,72649,72667,72674,72643,72653,72656,72658,72670,72676,72654,72658
72711,72733,72744,72747,72785,72721,72738,72746,72715,72723,72728,72733,72741,72749,72726,72733
72785,72804,72817,72824,72848,72793,72812,72823,72786,72796,72803,72807,72816,72829,72799,72807
72848,72877,72898,72901,72935,72867,72889,72900,72861,72870,72879,72883,72896,72904,72874,72883
72935,72957,72976,72981,73013,72943,72963,72980,72937,72946,72953,72958,72974,72981,72949,72955
73013,73034,73045,73046,73081,73021,73038,73045,73016,73024,73029,73034,73042,73049,73026,73034
73081,73103,73118,73124,73160,73095,73108,73123,73090,73100,73110,73110,73116,73123,73103,73110
73160,73181,73207,73196,73232,73167,73187,73195,73161,73169,73175,73181,73191,73198,73172,73178
73232,73251,73274,73279,73307,73240,73257,73265,73234,73244,73247,73251,73260,73266,73245,73251
73307,73323,73338,73351,73377,73314,73331,73345,73308,73317,73322,73326,73335,73351,73319,73326
73377,73396,73410,73413,73449,73385,73403,73412,73380,73388,73395,73398,73408,73415,73391,73398
73449,73466,73481,73492,73520,73457,73472,73486,73451,73462,73472,73472,73478,73490,73472,73483
73520,73535,73554,73559,73590,73527,73547,73558,73522,73531,73539,73543,73552,73566,73534,73543
73590,73611,73625,73629,73669,73599,73619,73628,73593,73603,73611,73612,73623,73631,73606,73612
73669,73691,73701,73703,73739,73676,73696,73702,73671,73679,73685,73691,73699,73705,73682,73688
73739,73768,73778,73781,73819,73755,73773,73780,73750,73758,73763,73769,73776,73782,73760,73766
73819,73838,73854,73858,73892,73830,73847,73857,73824,73833,73839,73843,73852,73862,73836,73843
73892,73915,73928,73937,73973,73904,73923,73936,73899,73908,73914,73919,73926,73941,73910,73916
73973,73992,74014,74017,74046,73982,74002,74009,73976,73986,73993,73997,74006,74009,73989,73997
74046,74071,74085,74094,74116,74058,74078,74092,74052,74061,74068,74074,74083,74096,74065,74071
74116,74142,74158,74165,74202,74134,74152,74164,74129,74138,74145,74149,74157,74170,74141,74149
74202,74222,74232,74234,74270,74209,74226,74233,74204,74212,74216,74222,74230,74236,74214,74219
74270,74290,74305,74310,74335,74282,74299,74309,74276,74286,74293,74295,74303,74310,74289,74295
74335,74363,74379,74386,74407,74356,74366,74370,74351,74360,74363,74363,74367,74370,74363,74368
74407,74439,74457,74463,74496,74432,74452,74462,74427,74436,74443,74448,74455,74468,74439,74448
74496,74514,74529,74539,74568,74505,74522,74537,74499,74509,74528,74528,74533,74541,74512,74528
74568,74587,74601,74609,74641,74578,74595,74608,74572,74581,74587,74591,74600,74613,74584,74591
74641,74658,74672,74680,74708,74650,74665,74675,74645,74653,74660,74660,74670,74681,74656,74660
74708,74725,74742,74749,74777,74717,74735,74744,74712,74721,74728,74732,74740,74748,74724,74732
74777,74798,74811,74814,74844,74785,74804,74813,74779,74787,74792,74799,74808,74817,74790,74796
74844,74859,74877,74879,74908,74851,74871,74878,74846,74854,74862,74867,74874,74881,74858,74864
74908,74929,74949,74952,74971,74916,74935,74942,74911,74919,74925,74930,74938,74942,74922,74930
74971,74990,75005,75009,75034,74979,74999,75008,74972,74988,74994,74994,75003,75009,74993,74994
75034,75052,75068,75073,75098,75043,75057,75069,75037,75049,75060,75060,75065,75073,75054,75060
75098,75114,75132,75134,75148,75105,75123,75133,75098,75108,75120,75120,75129,75136,75111,75120
75148,75176,75185,,75211,75168,75180,75200,75163,75172,75183,75189,75195,75201,75178,75186
75211,75243,75261,75264,75287,75235,75246,75252,75230,75239,75242,75242,75247,75252,75242,75250
75287,75312,75327,75336,75360,75303,75321,75335,75297,75306,75312,75316,75326,75338,75309,75316
75360,75376,75389,75393,75414,75368,75381,75391,75361,75374,75381,75381,75386,75394,75381,75390
75414,75441,75454,75463,75494,75434,75447,75459,75428,75439,75446,75446,75452,75464,75446,75457
75494,75510,75523,75535,75570,75502,75516,75530,75496,75507,75515,75515,75521,75536,75515,75532
75570,75594,75608,75612,75670,75587,75602,75611,75581,75590,75597,75597,75606,75613,75593,75597
75670,75687,75706,75710,75744,75679,75699,75709,75673,75682,75690,75695,75704,75711,75686,75692
75744,75776,75790,75794,75832,75767,75784,75793,75761,75770,75776,75779,75789,75796,75773,75779
75832,75863,75873,75882,75924,75852,75869,75877,75847,75855,75860,75864,75871,75877,75857,75864
75924,75943,75955,75958,75994,75932,75949,75957,75926,75937,75943,75943,75953,75961,75940,75943
75994,76018,76032,,76057,76010,76026,76042,76005,76014,76030,76033,76038,76045,76017,76021
76057,76091,76106,76115,76142,76082,76100,76114,76076,76086,76095,76095,76105,76119,76090,76095
76142,76158,76175,76179,76208,76150,76169,76178,76145,76153,76161,76166,76173,76181,76157,76163
76208,76227,76241,76246,76281,76217,76233,76243,76211,76222,76234,76234,76238,76247,76234,76242
76281,76303,76314,76317,76368,76291,76309,76316,76286,76295,76301,76305,76312,76318,76297,76305
76368,76390,76418,76421,76455,76376,76413,76420,76370,76381,76382,76387,76416,76422,76381,76387
76455,76482,76491,76493,76542,76464,76486,76492,76458,76468,76475,76482,76489,76495,76471,76478
76542,76564,76575,76578,76625,76550,76571,76578,76544,76553,76559,76563,76573,76580,76556,76563
76625,76654,76675,76678,76709,76633,76661,76666,76627,76636,76640,76644,76662,76666,76638,76644
76709,76729,76741,76744,76788,76718,76735,76743,76712,76723,76730,76730,76739,76746,76726,76730
76788,76809,76824,76826,76861,76797,76818,76825,76790,76801,76810,76814,76822,76829,76805,76814
76861,76884,76914,76897,76934,76872,76891,76898,76865,76876,76881,76883,76892,76898,76878,76883
76934,76956,76974,76977,77006,76943,76961,76969,76937,76947,76951,76955,76965,76969,76949,76955
77006,77028,77054,77059,77091,77014,77049,77058,77008,77017,77021,77045,77053,77060,77019,77042
77091,77117,77127,77141,77167,77101,77122,77131,77095,77105,77111,77116,77125,77131,77108,77113
77167,77198,77210,77218,77265,77191,77204,77216,77184,77198,77203,77203,77209,77219,77203,77213
77265,77290,77301,77304,77352,77276,77296,77303,77270,77279,77283,77289,77299,77305,77281,77286
77352,77378,77387,77390,77435,77362,77383,77390,77356,77366,77372,77375,77385,77393,77368,77375
77435,77457,77469,77473,77514,77444,77463,77472,77438,77447,77453,77458,77467,77476,77450,77455
77514,77535,77549,77552,77587,77523,77544,77552,77517,77526,77535,77538,77547,77554,77530,77538
77587,77608,77636,77624,77654,77595,77617,77624,77589,77598,77603,77608,77620,77628,77600,77605
77654,77677,77687,77689,77724,77662,77683,77689,77656,77666,77673,77677,77684,77691,77669,77677
77724,77744,77759,77761,77806,77733,77753,77761,77726,77737,77749,77749,77756,77764,77742,77749
77806,77828,77838,77841,77892,77815,77834,77841,77809,77819,77825,77826,77836,77843,77822,77826
77892,77918,77928,77930,77973,77902,77924,77929,77895,77908,77914,77919,77926,77932,77911,77919
77973,77998,78012,78017,78057,77983,78004,78016,77978,77986,77992,77997,78010,78021,77989,77994
78057,78080,78112,78097,78136,78068,78087,78097,78059,78076,78082,78082,78091,78101,78082,78098
78136,78158,78184,78168,78210,78146,78162,78168,78138,78152,78158,78158,78164,78173,78158,78168
78210,78235,78262,78246,78282,78220,78241,78246,78213,78223,78231,78235,78242,78253,78227,78235
78282,78303,78318,78322,78349,78291,78309,78321,78285,78294,78296,78302,78315,78322,78295,78302
78349,78372,78384,78386,78418,78360,78378,78385,78351,78366,78372,78372,78382,78389,78369,78372
78418,78439,78449,78450,78489,78426,78446,78450,78420,78430,78438,78438,78447,78454,78433,78438
78489,78514,78538,78521,78570,78499,78519,78521,78492,78502,78506,78511,78520,78526,78504,78511
78570,78597,78607,78609,78655,78582,78604,78609,78574,78587,78594,78597,78605,78612,78590,78597
78655,78679,78705,78695,78736,78664,78687,78694,78657,78668,78672,78676,78690,78697,78670,78676
78736,78761,78772,78775,78818,78746,78767,78774,78739,78749,78755,78761,78770,78777,78752,78758
78818,78840,78868,78858,78897,78827,78845,78849,78820,78831,78846,78850,78855,78860,78833,78835
78897,78918,78942,78930,78971,78905,78922,78929,78898,78908,78910,78916,78926,78933,78909,78913
78971,78993,79004,79007,79041,78979,78998,79006,78973,78983,78988,78993,79002,79009,78985,78993
79041,79061,79084,79073,79107,79050,79069,79073,79044,79053,79062,79062,79070,79075,79056,79062
79107,79128,79148,79138,79173,79116,79134,79138,79109,79119,79125,79127,79135,79140,79122,79127
79173,79193,79204,79206,79239,79181,79198,79205,79174,79186,79187,79191,79201,79208,79186,79191
79239,79261,79275,79282,79310,79247,79270,79281,79240,79257,79265,79265,79273,79286,79261,79265
79310,79336,79347,79350,79394,79321,79341,79349,79314,79326,79327,79335,79345,79351,79327,79332
79394,79418,79431,79435,79476,79404,79425,79434,79397,79416,79423,79423,79429,79437,79423,79433
79476,79500,79516,79520,79558,79485,79510,79519,79479,79489,79493,79498,79514,79523,79491,79498
79558,79580,79590,79591,79633,79568,79584,79590,79561,79578,79583,79583,79587,79594,79583,79590
79633,79657,79674,79678,79707,79643,79666,79677,79636,79654,79665,79665,79672,79681,79659,79665
79707,79727,79748,79737,79777,79716,79731,79737,79709,79724,79729,79729,79733,79739,79729,79736
79777,79797,79810,79812,79844,79786,79804,79811,79779,79790,79798,79798,79807,79813,79794,79798
79844,79865,79884,79888,79907,79853,79871,79878,79846,79856,79860,79865,79875,79878,79858,79865
79907,79930,79944,79952,79978,79917,79938,79951,79911,79921,79926,79930,79942,79951,79923,79930
79978,79998,80009,80012,80052,79986,80004,80011,79980,79990,79995,79998,80007,80014,79992,79998
80052,80076,80099,80089,80131,80062,80083,80088,80055,80069,80074,80074,80085,80091,80071,80074
80131,80153,80169,80173,80208,80139,80161,80172,80133,80142,80149,80152,80166,80177,80145,80152
80208,80231,80242,80246,80287,80218,80236,80245,80212,80221,80225,80231,80240,80250,80223,80228
80287,80308,80337,80324,80361,80295,80314,80324,80289,80299,80303,80306,80317,80328,80301,80306
80361,80381,80398,80401,80434,80370,80390,80400,80363,80375,80389,80389,80396,80406,80379,80389
80434,80450,80468,80473,80501,80442,80461,80469,80436,80446,80454,80458,80465,80472,80450,80458
80501,80522,80534,80537,80568,80510,80528,80536,80503,80514,80520,80523,80532,80539,80517,80523
80568,80587,80601,80605,80633,80577,80594,80603,80570,80584,80594,80594,80599,80608,80594,80603
80633,80653,80685,80668,80698,80642,80664,80668,80635,80647,80655,80659,80665,80671,80651,80659
80698,80719,80736,80739,80765,80706,80729,80738,80699,80709,80714,80718,80734,80741,80711,80718
80765,80789,80808,80811,80841,80774,80798,80810,80767,80777,80778,80786,80806,80814,80777,80782
80841,80865,80884,80892,80920,80851,80870,80877,80844,80854,80857,80864,80872,80877,80855,80861
80920,80944,80960,80963,81000,80930,80954,80962,80923,80939,80949,80949,80958,80965,80944,80949
81000,81023,81035,81037,81077,81010,81029,81036,81002,81016,81023,81023,81033,81038,81019,81023
81077,81098,81109,81113,81153,81088,81103,81113,81081,81093,81099,81099,81106,81117,81099,81113
81153,81172,81186,81188,81225,81162,81177,81188,81156,81167,81173,81173,81179,81193,81173,81181
81225,81247,81260,81263,81296,81235,81255,81263,81228,81238,81247,81247,81258,81267,81242,81247
81296,81314,81330,81334,81363,81305,81321,81333,81298,81310,81315,81315,81327,81338,81315,81333
81363,81386,81396,81398,81429,81372,81390,81397,81365,81375,81379,81385,81394,81401,81377,81385
81429,81448,81473,81463,81491,81437,81455,81462,81430,81443,81448,81448,81459,81465,81448,81462
81491,81512,81528,81531,81559,81501,81523,81530,81494,81506,81514,81517,81526,81535,81509,81517
81559,81581,81596,81603,81624,81569,81588,81602,81561,81578,81587,81587,81594,81608,81582,81587
81624,81645,81658,81661,81689,81634,81653,81660,81628,81637,81644,81648,81656,81662,81640,81648
81689,81709,81727,81731,81756,81699,81721,81730,81693,81703,81711,81717,81725,81737,81707,81714
81756,81776,81788,81792,81822,81764,81782,81791,81758,81768,81774,81778,81786,81800,81770,81778
81822,81841,81857,81860,81889,81830,81846,81859,81824,81835,81850,81850,81855,81863,81844,81850
81889,81911,81921,81930,81956,81897,81916,81923,81892,81900,81906,81911,81918,81923,81903,81911
81956,81975,81989,81993,82021,81966,81981,81992,81959,81971,81979,81979,81985,81997,81979,81990
82021,82043,82058,82062,82092,82032,82050,82061,82026,82036,82043,82043,82055,82066,82039,82043
82092,82113,82128,82130,82160,82100,82122,82130,82093,82105,82115,82115,82126,82133,82108,82115
82160,82177,82190,82192,82222,82167,82182,82191,82161,82175,82181,82181,82186,82195,82181,82190
82222,82247,82258,82261,82296,82235,82252,82260,82229,82238,82242,82247,82256,82263,82240,82247
82296,82315,82328,82336,82364,82304,82321,82331,82298,82309,82313,82313,82325,82338,82310,82313
82364,82384,82397,82400,82429,82371,82390,82399,82366,82374,82379,82384,82395,82402,82376,82384
82429,82452,82479,82460,82497,82439,82457,82460,82433,82443,82449,82449,82458,82463,82445,82449
82497,82519,82541,,82567,82506,82526,82561,82500,82511,82515,82516,82555,82562,82512,82516
82567,82586,82600,82604,82636,82575,82593,82601,82570,82578,82583,82588,82597,82604,82581,82588
82636,82656,82678,82669,82706,82644,82662,82668,82639,82648,82654,82657,82665,82670,82650,82657
82706,82728,82744,82746,82774,82714,82737,82745,82708,82716,82721,82726,82741,82749,82718,82726
82774,82797,82808,82811,82846,82785,82803,82811,82778,82789,82795,82795,82805,82818,82792,82795
82846,82866,82890,82879,82912,82854,82871,82878,82847,82864,82869,82869,82874,82881,82869,82878
82912,82932,82948,82952,82982,82922,82941,82951,82915,82927,82937,82937,82946,82957,82931,82937
82982,83003,83013,83016,83051,82990,83007,83015,82983,82994,82998,83002,83011,83018,82996,83002
83051,83070,83084,83090,83117,83059,83077,83089,83053,83063,83071,83071,83082,83096,83066,83071
83117,83137,83155,83159,83189,83128,83146,83158,83122,83133,83143,83143,83153,83161,83137,83143
83189,83207,83223,83225,83256,83197,83214,83224,83191,83200,83206,83206,83220,83228,83203,83206
83256,83278,83290,83302,83328,83266,83284,83295,83260,83269,83273,83277,83288,83295,83271,83277
83328,83347,83361,83364,83401,83336,83355,83363,83330,83340,83349,83349,83359,83366,83343,83349
83401,83421,83439,83440,83467,83408,83428,83431,83402,83412,83418,83421,83437,83444,83414,83421
83467,83489,83512,83501,83537,83477,83496,83501,83470,83481,83487,83489,83498,83504,83483,83489
83537,83559,83584,83587,83608,83546,83569,83576,83539,83549,83555,83558,83570,83576,83551,83558
83608,83627,83638,83642,83675,83615,83632,83641,83609,83618,83623,83627,83636,83643,83620,83627
83675,83695,83705,83707,83742,83682,83699,83706,83676,83685,83688,83693,83702,83709,83686,83693
83742,83762,83774,83782,83811,83751,83768,83781,83746,83755,83761,83763,83772,83785,83757,83763
83811,83830,83846,83852,83883,83820,83839,83848,83814,83823,83830,83834,83844,83852,83826,83834
83883,83901,83918,83923,83954,83891,83908,83920,83885,83895,83902,83902,83912,83925,83898,83902
83954,83970,84000,84006,84024,83962,83977,83986,83956,83965,83975,83975,83982,83990,83969,83975
84024,84041,84057,84060,84091,84033,84050,84059,84027,84037,84045,84045,84054,84063,84040,84045
84091,84113,84134,84136,84153,84105,84114,84118,84099,84108,84111,84111,84115,84118,84111,84116
84153,84187,84200,84206,84241,84179,84194,84203,84174,84183,84189,84189,84199,84206,84185,84189
84241,84255,84269,84274,84300,84248,84262,84273,84243,84252,84256,84256,84267,84276,84256,84271
84300,84326,84340,84349,84371,84315,84334,84348,84310,84319,84327,84327,84338,84354,84322,84327
84371,84391,84409,84411,84441,84381,84397,84403,84376,84384,84390,84390,84400,84403,84386,84390
84441,84455,84469,84472,84494,84448,84463,84471,84442,84451,84458,84459,84467,84473,84454,84459
84494,84518,84538,,84558,84511,84520,84525,84506,84514,84517,84517,84521,84525,84517,84523
84558,84582,84599,84603,84631,84574,84593,84602,84569,84577,84584,84589,84598,84605,84580,84586
84631,84647,84690,84712,84760,84704,84714,84694,84633,84642,84649,84680,84688,84694,84645,84677
84760,84777,84799,84803,84822,84767,84784,84792,84762,84770,84774,84778,84788,84792,84772,84778
84822,84845,84888,84860,84923,84893,,,84823,84832,84839,84845,84854,84860,84835,84842
84923,84968,84981,84999,85057,84956,84974,84994,84952,84959,84963,84970,84978,84994,84961,84967
85057,85123,85138,85192,85283,85147,85197,85149,85096,85104,85109,85126,85135,85149,85107,85122
85283,85358,85394,85401,85464,85325,85378,85384,85320,85330,85338,85373,85381,85384,85334,85370
85464,85478,85498,85513,85528,85470,85492,85503,85464,85475,85482,85488,85496,85503,85478,85485
85528,85549,85566,85570,85590,85538,85550,85556,85533,85542,85545,85545,85551,85556,85545,85553
85590,85622,85639,85643,85671,85609,85624,85629,85603,85612,85617,85621,85625,85629,85614,85621
85671,85692,85708,85716,85739,85679,85701,85711,85673,85682,85689,85695,85705,85721,85685,85692
85739,85760,85780,85784,85808,85748,85761,85768,85742,85752,85756,85756,85762,85768,85756,85765
85808,85830,85844,85849,85886,85816,85837,85848,85810,85818,85824,85831,85841,85849,85821,85827
85886,85906,85923,85926,85971,85895,85918,85925,85888,85902,85909,85914,85921,85928,85905,85914
85971,85991,86011,86021,86048,85980,86003,86017,85974,85983,85993,85999,86009,86022,85987,85996
86048,86077,86095,86103,86135,86065,86089,86098,86060,86068,86074,86076,86093,86101,86070,86076
86135,86160,86174,86178,86207,86147,86168,86177,86142,86151,86156,86162,86172,86179,86153,86159
86207,86236,86261,86266,86300,86228,86239,86245,86223,86231,86235,86235,86240,86245,86235,86242
86300,86323,86339,86343,86380,86310,86332,86342,86304,86314,86322,86327,86337,86344,86317,86327
86380,86404,86419,86422,86462,86389,86413,86421,86383,86392,86400,86407,86417,86425,86396,86403
86462,86482,86502,86505,86541,86470,86490,86504,86464,86473,86479,86483,86500,86508,86476,86483
86541,86562,86578,86582,86622,86548,86573,86581,86542,86556,86563,86569,86576,86583,86560,86566
86622,86646,86663,86669,86706,86630,86655,86668,86625,86634,86642,86649,86662,86673,86637,86646
86706,86726,86745,86750,86788,86714,86738,86749,86708,86723,86731,86735,86743,86755,86727,86735
86788,86814,86825,86829,86873,86798,86820,86828,86791,86802,86808,86815,86823,86830,86805,86812
86873,86898,86913,86917,86960,86882,86907,86916,86875,86885,86888,86894,86911,86920,86887,86891
86960,86987,86997,87007,87043,86969,86992,87001,86964,86973,86980,86987,86995,87001,86976,86984
87043,87068,87081,87085,87127,87053,87076,87084,87047,87057,87061,87070,87079,87086,87059,87070
87127,87153,87165,87168,87213,87137,87160,87167,87130,87142,87150,87155,87163,87169,87146,87152
87213,87236,87248,87253,87300,87222,87242,87252,87215,87225,87228,87234,87246,87252,87226,87231
87300,87324,87348,87350,87387,87311,87344,87350,87305,87315,87326,87329,87346,87352,87320,87329
87387,87413,87429,87433,87472,87398,87422,87432,87392,87401,87405,87411,87428,87436,87403,87408
87472,87500,87510,87521,87556,87481,87505,87514,87474,87484,87492,87500,87508,87514,87488,87496
87556,87578,87593,87596,87635,87565,87587,87595,87558,87568,87576,87582,87591,87598,87572,87579
87635,87659,87680,87685,87716,87649,87664,87684,87642,87655,87666,87671,87678,87685,87661,87671
87716,87748,87763,87771,87801,87733,87758,87770,87728,87736,87742,87754,87762,87777,87738,87743
87801,87837,87855,87860,87895,87822,87849,87859,87817,87825,87832,87836,87854,87862,87828,87836
87895,87923,87941,87945,87991,87912,87936,87944,87906,87919,87927,87932,87940,87947,87923,87932
87991,88012,88030,88035,88078,88000,88023,88034,87994,88007,88019,88019,88029,88039,88014,88019
88078,88103,88118,88122,88149,88088,88111,88121,88082,88091,88099,88106,88116,88127,88094,88103
88149,88188,88204,88208,88251,88174,88197,88207,88168,88178,88187,88193,88202,88209,88182,88190
88251,88272,88291,88296,88331,88260,88285,88295,88253,88264,88278,88281,88290,88300,88266,88270
88331,88359,88378,88386,88422,88343,88367,88381,88337,88347,88355,88362,88376,88386,88352,88359
88422,88444,88464,88473,88510,88432,88458,88468,88427,88435,88444,88455,88463,88470,88438,88452
88510,88531,88548,88551,88601,88519,88542,88550,88513,88524,88532,88538,88545,88553,88528,88535
88601,88620,88640,88644,88679,88610,88635,88643,88603,88614,88625,88631,88638,88643,88619,88628
88679,88715,88732,88739,88779,88699,88725,88738,88693,88704,88714,88720,88733,88742,88710,88717
88779,88799,88819,88826,88861,88790,88812,88822,88784,88793,88803,88808,88818,88826,88797,88808
88861,88888,88907,88915,88956,88877,88900,88911,88872,88880,88887,88891,88905,88913,88883,88891
88956,88977,88996,88999,89042,88963,88989,88998,88958,88966,88975,88983,88994,89001,88970,88977
89042,89062,89080,89106,89125,89050,89073,89083,89045,89054,89063,89069,89078,89087,89058,89066
89125,89149,89166,89174,89216,89136,89160,89173,89130,89141,89150,89156,89164,89178,89147,89153
89216,89237,89257,89273,89304,89226,89250,89260,89220,89229,89238,89238,89255,89261,89232,89238
89304,89324,89344,89353,89396,89313,89337,89348,89307,89321,89330,89334,89342,89352,89326,89334
89396,89418,89439,89444,89476,89405,89426,89443,89399,89409,89415,89420,89438,89446,89412,89417
89476,89498,89518,89531,89567,89490,89513,89528,89484,89494,89502,89509,89517,89532,89498,89506
89567,89594,89613,89617,89638,89576,89601,89607,89571,89579,89586,89595,89604,89607,89582,89591
89638,89672,89696,89707,89743,89664,89690,89706,89659,89667,89675,89685,89694,89709,89670,89678
89743,89767,89784,89788,89829,89752,89778,89787,89746,89755,89762,89772,89782,89789,89758,89765
89829,89857,89872,89878,89921,89842,89867,89875,89837,89845,89852,89858,89871,89878,89848,89854
89921,89944,89962,89966,90008,89930,89956,89965,89924,89933,89939,89944,89960,89968,89936,89941
90008,90031,90049,90066,90091,90017,90040,90052,90011,90020,90027,90033,90047,90055,90023,90030
90091,90117,90134,90145,90171,90102,90128,90144,90096,90105,90113,90121,90132,90146,90109,90117
90171,90199,90221,90204,90255,90189,90200,90204,90184,90193,90197,90197,90201,90209,90197,90205
90255,90287,90309,90295,90342,90279,90292,90295,90274,90283,90286,90286,90293,90300,90286,90297
90342,90373,90393,90399,90441,90364,90387,90398,90359,90368,90375,90383,90392,90401,90371,90379
90441,90458,90479,90483,90505,90448,90463,90470,90442,90451,90458,90458,90464,90470,90454,90458
90505,90544,90563,90567,90611,90533,90557,90566,90524,90539,90547,90553,90562,90568,90543,90550
90611,90631,90648,90651,90690,90620,90642,90650,90613,90626,90635,90639,90646,90653,90631,90639
90690,90715,90721,90722,90769,90708,90718,90722,90702,90711,90715,90715,90719,90725,90715,90722
90769,90806,90823,90834,90864,90793,90817,90829,90788,90796,90808,90813,90821,90836,90799,90804
90864,90892,90910,90914,90960,90881,90903,90913,90875,90884,90892,90899,90908,90915,90888,90895
90960,90986,90999,91007,91043,90967,90992,91003,90961,90970,90980,90988,90997,91008,90974,90984
91043,91065,91082,91094,91129,91055,91076,91086,91050,91059,91070,91073,91081,91086,91062,91073
91129,91154,91173,91179,91218,91141,91167,91178,91135,91144,91149,91154,91172,91181,91146,91151
91218,91236,91253,91256,91298,91227,91248,91255,91222,91231,91239,91244,91251,91257,91235,91241
91298,91331,91344,91351,91389,91313,91338,91350,91308,91317,91325,91333,91343,91353,91320,91330
91389,91418,91431,91440,91474,91403,91425,91439,91398,91407,91414,91421,91430,91445,91410,91418
91474,91503,91520,91537,91571,91492,91514,91524,91487,91495,91502,91505,91518,91525,91498,91505
91571,91596,91612,91615,91657,91580,91605,91614,91574,91583,91591,91598,91610,91618,91587,91594
91657,91678,91697,91701,91742,91666,91691,91700,91659,91669,91683,91686,91695,91704,91672,91678
91742,91763,91789,91794,91827,91751,91775,91790,91745,91754,91768,91772,91787,91794,91757,91761
91827,91852,91865,91880,91911,91835,91859,91875,91829,91838,91846,91853,91870,91880,91842,91850
91911,91929,91951,91962,91997,91920,91943,91956,91914,91923,91931,91938,91949,91962,91926,91934
91997,92018,92037,92042,92085,92006,92031,92041,92001,92010,92022,92027,92035,92043,92013,92015
92085,92108,92126,92134,92172,92093,92118,92130,92088,92097,92104,92112,92124,92134,92100,92107
92172,92192,92210,92213,92240,92180,92204,92212,92174,92184,92194,92200,92208,92215,92187,92200
92240,92281,92300,92307,92347,92268,92293,92303,92263,92271,92277,92281,92298,92307,92273,92281
92347,92369,92389,92398,92439,92359,92383,92394,92352,92363,92372,92378,92388,92397,92368,92375
92439,92460,92480,92485,92530,92449,92473,92484,92443,92454,92464,92470,92478,92489,92461,92467
92530,92556,92568,92572,92621,92539,92563,92571,92533,92543,92551,92559,92566,92573,92547,92555
92621,92641,92659,92671,92710,92630,92653,92668,92623,92636,92643,92649,92657,92671,92640,92649
92710,92730,92748,92753,92785,92718,92741,92750,92712,92721,92733,92737,92746,92754,92724,92737
92785,92823,92838,92842,92883,92807,92831,92841,92801,92810,92817,92824,92836,92845,92813,92820
92883,92906,92926,92933,92973,92892,92919,92932,92886,92896,92908,92914,92925,92935,92898,92911
92973,93000,93012,93023,93066,92982,93006,93022,92976,92985,92994,93002,93010,93025,92990,92998
93066,93090,93106,93119,93161,93075,93101,93110,93070,93078,93083,93087,93105,93110,93080,93087
93161,93187,93198,93209,93246,93170,93193,93202,93164,93173,93183,93189,93196,93202,93177,93186
93246,93274,93295,93305,93347,93264,93289,93299,93258,93268,93278,93284,93294,93303,93273,93281
93347,93371,93385,93389,93438,93355,93379,93388,93350,93358,93364,93371,93383,93390,93361,93367
93438,93465,93479,93491,93516,93448,93473,93488,93443,93452,93462,93469,93477,93493,93456,93466
93516,93549,93571,93579,93622,93539,93566,93578,93534,93543,93556,93562,93570,93584,93546,93559
93622,93644,93661,93667,93713,93631,93654,93664,93625,93634,93640,93641,93659,93671,93636,93641
93713,93738,93751,93763,93793,93722,93745,93762,93716,93725,93733,93740,93750,93767,93729,93736
93793,93827,93845,93850,93891,93814,93838,93849,93808,93818,93826,93831,93844,93852,93821,93831
93891,93919,93941,93948,93995,93909,93935,93945,93904,93914,93924,93931,93940,93949,93918,93928
93995,94024,94038,94042,94084,94007,94032,94041,94001,94011,94020,94027,94036,94044,94016,94024
94084,94113,94135,94140,94187,94104,94129,94139,94099,94109,94118,94125,94133,94141,94113,94122
94187,94215,94229,94233,94279,94197,94223,94232,94191,94200,94207,94218,94227,94235,94203,94209
94279,94304,94325,94333,94372,94288,94315,94329,94283,94291,94299,94305,94323,94334,94294,94301
94372,94394,94416,94423,94462,94380,94404,94419,94374,94383,94391,94398,94414,94422,94386,94398
94462,94483,94504,94527,94554,94473,94497,94507,94467,94477,94486,94493,94502,94510,94481,94490
94554,94574,94597,94603,94639,94566,94590,94600,94560,94569,94579,94587,94595,94603,94572,94584
94639,94671,94687,94703,94738,94658,94681,94689,94653,94662,94670,94677,94685,94691,94665,94674
94738,94763,94780,94785,94825,94748,94773,94784,94743,94752,94759,94766,94778,94786,94755,94762
94825,94847,94871,94875,94911,94838,94865,94874,94832,94842,94851,94861,94869,94876,94846,94857
94911,94936,94958,94969,94994,94927,94952,94962,94922,94930,94943,94948,94956,94962,94933,94948
94994,95026,95051,95061,95097,95014,95042,95056,95008,95017,95029,95035,95049,95061,95020,95032
95097,95120,95135,95140,95185,95104,95128,95138,95099,95107,95114,95123,95133,95141,95110,95117
95185,95208,95223,95237,95275,95194,95217,95236,95188,95197,95205,95211,95231,95237,95200,95208
95275,95296,95315,95322,95355,95284,95308,95320,95278,95287,95297,95304,95313,95326,95291,95301
95355,95383,95406,95418,95458,95374,95400,95413,95369,95378,95388,95396,95405,95420,95382,95392
95458,95480,95500,95506,95549,95466,95492,95503,95460,95469,95478,95487,95498,95507,95472,95484
95549,95566,95590,95597,95626,95558,95584,95594,95552,95561,95575,95581,95589,95597,95564,95578
95626,95657,95679,95689,95727,95648,95672,95683,95642,95651,95660,95668,95678,95687,95655,95665
95727,95746,95765,95770,95797,95736,95759,95769,95729,95740,95747,95754,95763,95773,95744,95751
95797,95836,95851,95856,95899,95821,95845,95855,95815,95824,95832,95840,95849,95863,95827,95840
95899,95921,95937,95943,95987,95906,95931,95942,95900,95909,95915,95921,95936,95944,95912,95918
95987,96002,96025,96032,96069,95995,96019,96031,95989,95998,96006,96014,96024,96035,96002,96010
96069,96093,96112,96122,96140,96081,96092,96100,96075,96085,96088,96088,96093,96100,96088,96097
96140,96176,96194,96199,96240,96164,96189,96198,96159,96167,96179,96185,96192,96200,96170,96182
96240,96265,96282,96286,96330,96250,96275,96285,96244,96254,96261,96269,96280,96290,96257,96265
96330,96358,96374,96381,96423,96341,96367,96378,96336,96344,96351,96362,96373,96381,96347,96354
96423,96444,96463,96467,96511,96432,96456,96466,96427,96435,96442,96446,96461,96469,96438,96446
96511,96535,96559,96562,96591,96519,96545,96552,96514,96522,96529,96535,96549,96552,96525,96532
96591,96617,96636,96645,96679,96604,96629,96641,96599,96608,96615,96618,96634,96646,96610,96618
96679,96707,96721,96725,96764,96689,96715,96724,96683,96692,96700,96710,96719,96727,96696,96704
96764,96792,96806,96813,96842,96774,96800,96810,96768,96778,96786,96796,96805,96814,96781,96792
96842,96873,96891,96915,96940,96860,96885,96895,96854,96863,96875,96880,96889,96898,96866,96870
96940,96965,96979,96985,97027,96948,96972,96983,96942,96951,96958,96967,96977,96985,96954,96962
97027,97054,97067,97072,97119,97037,97061,97071,97032,97040,97049,97057,97065,97074,97044,97053
97119,97146,97160,97187,97215,97129,97154,97163,97123,97132,97141,97149,97158,97166,97135,97145
97215,97236,97258,97288,97309,97224,97252,97261,97219,97228,97242,97248,97256,97266,97231,97237
97309,97335,97351,97355,97407,97320,97345,97354,97315,97323,97329,97333,97349,97356,97326,97333
97407,97430,97449,97453,97498,97420,97443,97452,97414,97424,97432,97438,97447,97454,97427,97435
97498,97536,97550,97553,97610,97519,97544,97552,97514,97522,97533,97540,97548,97554,97525,97537
97610,97635,97649,97653,97700,97618,97642,97652,97612,97621,97628,97637,97647,97655,97624,97631
97700,97731,97746,97750,97792,97715,97740,97749,97709,97719,97730,97736,97744,97751,97726,97733
97792,97829,97849,97855,97899,97809,97837,97852,97803,97812,97819,97829,97847,97856,97815,97823
97899,97935,97947,97958,98012,97917,97942,97957,97911,97920,97928,97937,97946,97962,97924,97933
98012,98039,98052,98058,98110,98021,98046,98055,98015,98024,98033,98041,98050,98059,98028,98038
98110,98136,98153,98162,98203,98119,98145,98158,98114,98122,98129,98136,98151,98164,98125,98132
98203,98223,98243,98257,98298,98212,98238,98250,98207,98216,98227,98234,98242,98255,98224,98230
98298,98319,98338,98342,98393,98307,98332,98341,98301,98310,98323,98328,98336,98344,98312,98325
98393,98415,98433,98438,98494,98403,98427,98437,98396,98410,98418,98424,98431,98438,98415,98421
98494,98521,98534,98540,98582,98502,98527,98537,98495,98506,98516,98523,98532,98540,98512,98520
98582,98614,98628,98634,98665,98597,98623,98633,98591,98600,98608,98618,98627,98634,98603,98610
98665,98703,98726,98731,98785,98694,98720,98729,98689,98698,98708,98716,98724,98731,98702,98712
98785,98812,98826,98829,98881,98794,98820,98828,98788,98797,98805,98815,98824,98831,98800,98812
98881,98909,98925,98931,98976,98892,98919,98930,98886,98895,98902,98914,98923,98938,98898,98904
98976,98997,99013,99017,99067,98983,99008,99016,98977,98986,98989,98992,99011,99018,98987,98992
99067,99095,99107,99112,99153,99076,99101,99111,99070,99080,99088,99096,99105,99117,99084,99092
99153,99183,99206,99238,99262,99170,99200,99209,99165,99173,99179,99182,99204,99211,99175,99182
99262,99286,99303,99310,99360,99270,99296,99306,99264,99273,99278,99280,99301,99310,99275,99280
99360,99384,99400,99410,99455,99369,99396,99403,99362,99373,99385,99391,99398,99403,99377,99388
99455,99486,99497,99500,99560,99466,99493,99500,99459,99469,99476,99485,99495,99503,99472,99480
99560,99586,99600,99606,99660,99567,99593,99605,99561,99569,99574,99588,99598,99612,99571,99576
99660,99690,99700,99703,99762,99669,99695,99702,99662,99671,99674,99691,99698,99705,99673,99688
99762,99790,99805,99808,99861,99771,99797,99807,99764,99774,99780,99788,99803,99811,99777,99784
99861,99891,99902,99912,99959,99871,99897,99907,99865,99874,99882,99892,99900,99907,99877,99888
99959,99991,100003,100008,100063,99971,99997,100007,99965,99979,99985,99992,100001,100016,99982,99989
100063,100093,100108,100112,100169,100075,100103,100112,100069,100077,100082,100087,100106,100118,100079,100084
100169,100199,100211,100216,100267,100180,100205,100215,100174,100184,100191,100200,100209,100217,100187,100195
100267,100301,100318,100321,100373,100284,100311,100320,100279,100287,100294,100300,100316,100323,100290,100297
100373,100399,100412,100419,100457,100380,100406,100418,100375,100383,100391,100401,100411,100422,100386,100398
100457,100499,100515,100523,100574,100479,100508,100519,100473,100483,100495,100502,100513,100524,100487,100498
100574,100605,100617,100644,100677,100582,100611,100621,100577,100585,100590,100607,100616,100625,100587,100603
100677,100701,100716,100728,100775,100686,100710,100719,100680,100689,100694,100706,100714,100719,100691,100696
100775,100807,100824,100836,100875,100790,100817,100835,100784,100794,100801,100807,100822,100842,100797,100804
100875,100906,100924,100951,100989,100894,100919,100932,100888,100897,100908,100915,100922,100936,100900,100912
100989,101012,101033,101036,101096,100998,101027,101035,100992,101001,101009,101010,101031,101037,101004,101010
101096,101124,101137,101145,101195,101103,101130,101141,101097,101106,101116,101124,101135,101146,101109,101121
101195,101219,101237,101241,101291,101205,101231,101240,101199,101208,101214,101218,101235,101241,101210,101218
101291,101319,101331,101336,101376,101299,101325,101335,101292,101303,101311,101319,101330,101337,101308,101315
101376,101412,101423,101431,101481,101392,101419,101431,101387,101395,101403,101413,101422,101436,101398,101408
101481,101511,101522,101529,101576,101488,101517,101528,101483,101491,101504,101512,101520,101529,101495,101508
101576,101602,101614,101622,101668,101583,101608,101621,101578,101586,101595,101603,101612,101625,101590,101600
101668,101694,101713,101716,101763,101677,101705,101715,101671,101679,101686,101693,101711,101719,101682,101689
101763,101791,101808,101839,101863,101776,101802,101813,101769,101780,101787,101798,101806,101813,101783,101788
101863,101891,101905,101918,101951,101873,101899,101910,101867,101876,101886,101895,101903,101910,101880,101892
101951,101982,101994,102006,102035,101964,101988,102001,101958,101967,101974,101983,101992,102008,101970,101978
102035,102071,102085,102097,102135,102055,102080,102090,102049,102058,102067,102074,102084,102090,102062,102070
102135,102163,102177,102181,102213,102145,102171,102180,102139,102148,102155,102167,102175,102181,102151,102157
102213,102255,102265,102269,102316,102232,102259,102268,102227,102235,102248,102255,102263,102277,102238,102252
102316,102338,102359,102363,102412,102326,102353,102362,102319,102330,102344,102350,102357,102364,102339,102347
102412,102438,102455,102460,102515,102423,102450,102459,102417,102426,102440,102446,102453,102463,102428,102443
102515,102542,102553,102586,102611,102524,102548,102557,102517,102528,102536,102543,102551,102561,102532,102540
102611,102639,102653,102658,102711,102623,102647,102657,102617,102626,102633,102641,102651,102660,102629,102637
102711,102737,102752,102756,102809,102720,102745,102755,102713,102724,102732,102740,102750,102759,102728,102736
102809,102836,102850,102854,102912,102820,102844,102853,102814,102823,102832,102840,102848,102856,102827,102837
102912,102934,102953,102959,103012,102920,102946,102955,102913,102924,102936,102942,102951,102959,102932,102939
103012,103030,103053,103081,103107,103020,103047,103055,103014,103023,103035,103043,103051,103059,103027,103039
103107,103131,103146,103169,103200,103114,103139,103155,103109,103117,103124,103134,103144,103157,103120,103127
103200,103224,103241,103246,103294,103208,103234,103244,103202,103212,103219,103227,103239,103247,103215,103223
103294,103317,103334,103339,103378,103301,103328,103337,103296,103304,103309,103314,103332,103340,103306,103314
103378,103410,103431,103438,103478,103396,103424,103435,103390,103399,103411,103416,103430,103439,103402,103413
103478,103502,103515,103518,103573,103486,103510,103517,103481,103490,103497,103506,103513,103519,103492,103503
103573,103597,103613,103617,103645,103581,103604,103616,103576,103584,103591,103597,103611,103621,103587,103594
103645,103690,103710,103717,103762,103678,103705,103716,103673,103682,103693,103700,103709,103724,103689,103697
103762,103791,103810,103831,103864,103778,103804,103813,103773,103781,103795,103801,103808,103816,103784,103798
103864,103884,103904,103909,103957,103873,103898,103908,103867,103877,103887,103894,103902,103912,103883,103890
103957,103978,103998,104004,104051,103965,103991,104003,103959,103969,103976,103981,103997,104005,103972,103978
104051,104079,104092,104111,104150,104058,104085,104095,104053,104062,104071,104079,104090,104098,104065,104075
104150,104175,104190,104193,104243,104160,104183,104192,104154,104163,104171,104178,104188,104197,104167,104175
104243,104271,104286,104291,104337,104254,104279,104290,104249,104257,104265,104272,104284,104295,104261,104268
104337,104366,104383,104387,104431,104346,104373,104386,104341,104350,104358,104366,104381,104390,104354,104362
104431,104458,104475,104477,104530,104439,104467,104476,104433,104442,104449,104457,104473,104480,104445,104452
104530,104556,104572,104577,104630,104539,104565,104576,104533,104543,104552,104560,104570,104579,104546,104557
104630,104655,104668,104704,104729,104638,104662,104674,104632,104641,104650,104657,104666,104679,104645,104654
104729,104756,104774,104778,104806,104737,104763,104777,104732,104741,104750,104758,104772,104780,104744,104754
104806,104843,104867,104878,104923,104833,104860,104875,104828,104837,104850,104856,104866,104881,104840,104853
104923,104945,104963,104965,105020,104932,104958,104964,104926,104936,104948,104954,104961,104967,104938,104941
105020,105048,105069,105076,105123,105036,105064,105072,105031,105039,105052,105060,105068,105075,105042,105056
105123,105146,105163,105168,105209,105132,105155,105167,105127,105135,105142,105147,105161,105170,105138,105144
105209,105241,105262,105265,105310,105225,105249,105264,105220,105228,105233,105240,105260,105269,105230,105236
105310,105330,105353,105368,105412,105321,105347,105355,105316,105325,105335,105343,105351,105357,105329,105339
105412,105437,105454,105463,105506,105421,105446,105458,105416,105424,105432,105441,105452,105461,105428,105437
105506,105532,105547,105553,105604,105515,105540,105549,105509,105518,105525,105535,105545,105553,105521,105528
105604,105629,105643,105647,105703,105613,105637,105646,105607,105617,105624,105632,105642,105649,105620,105628
105703,105732,105746,105751,105794,105713,105740,105750,105707,105715,105722,105736,105744,105755,105718,105733
105794,105829,105842,105846,105893,105811,105836,105845,105805,105813,105820,105832,105840,105849,105816,105829
105893,105921,105936,105959,105990,105903,105930,105941,105897,105906,105912,105925,105935,105944,105909,105922
105990,106015,106029,106032,106090,105998,106023,106031,105992,106000,106007,106018,106027,106034,106003,106009
106090,106117,106129,106132,106189,106098,106124,106132,106092,106102,106112,106118,106127,106138,106106,106115
106189,106214,106232,106238,106288,106198,106225,106235,106192,106201,106209,106220,106230,106238,106204,106212
106288,106316,106334,106336,106381,106297,106322,106336,106291,106300,106309,106316,106332,106339,106303,106313
106381,106403,106423,106426,106474,106389,106418,106425,106383,106392,106407,106414,106421,106427,106394,106410
106474,106503,106517,106548,106578,106483,106511,106521,106478,106486,106494,106505,106515,106525,106489,106502
106578,106599,106618,106622,106669,106588,106612,106621,106580,106595,106602,106608,106616,106624,106599,106605
106669,106694,106716,106722,106758,106683,106700,106719,106678,106687,106692,106695,106714,106721,106689,106695
106758,106782,106803,106813,106854,106773,106797,106812,106768,106777,106787,106793,106807,106815,106781,106790
106854,106884,106897,106900,106951,106865,106890,106899,106859,106869,106877,106885,106895,106902,106873,106880
106951,106975,106991,106999,107045,106960,106985,106998,106954,106964,106973,106980,106990,107002,106967,106977
107045,107069,107090,107094,107141,107058,107085,107093,107052,107061,107075,107081,107089,107096,107064,107078
107141,107163,107180,107199,107235,107149,107174,107182,107144,107152,107158,107162,107178,107185,107155,107162
107235,107257,107272,107277,107329,107242,107265,107276,107237,107245,107251,107256,107270,107277,107248,107253
107329,107356,107367,107378,107420,107338,107361,107369,107331,107341,107349,107357,107365,107369,107345,107353
107420,107452,107464,107467,107509,107435,107459,107466,107429,107438,107447,107455,107462,107467,107441,107451
107509,107542,107562,107569,107611,107526,107550,107565,107520,107529,107537,107544,107560,107569,107533,107540
107611,107635,107650,107659,107687,107619,107643,107654,107613,107623,107631,107638,107649,107657,107627,107634
107687,107721,107750,107758,107796,107712,107738,107754,107706,107716,107725,107732,107749,107757,107720,107729
107796,107831,107844,107851,107900,107813,107838,107848,107808,107816,107824,107833,107843,107853,107820,107828
107900,107924,107938,107946,107981,107907,107932,107945,107901,107910,107918,107926,107936,107948,107914,107922
107981,108015,108030,108039,108065,107998,108023,108038,107993,108001,108008,108016,108031,108041,108004,108011
108065,108097,108125,108134,108173,108089,108114,108129,108083,108092,108101,108108,108124,108131,108096,108104
108173,108195,108215,108221,108256,108181,108208,108220,108174,108187,108195,108201,108214,108226,108191,108198
108256,108284,108304,108328,108355,108273,108299,108310,108267,108276,108288,108295,108303,108314,108279,108292
108355,108379,108391,108397,108441,108363,108385,108395,108357,108366,108373,108380,108389,108403,108370,108377
108441,108465,108484,108498,108528,108451,108476,108487,108445,108454,108463,108470,108482,108487,108458,108466
108528,108555,108569,108575,108622,108537,108562,108574,108532,108541,108550,108557,108567,108577,108544,108554
108622,108647,108664,108671,108718,108632,108658,108667,108626,108634,108647,108654,108662,108671,108637,108651
108718,108748,108760,108765,108800,108728,108754,108764,108722,108732,108740,108749,108758,108764,108735,108745
108800,108827,108846,108850,108893,108816,108841,108849,108810,108821,108831,108837,108844,108851,108828,108834
108893,108915,108934,108939,108980,108902,108928,108936,108896,108905,108913,108918,108932,108939,108908,108915
108980,109002,109021,109026,109071,108989,109015,109025,108984,108992,109004,109011,109019,109027,108995,109008
109071,109095,109112,109115,109157,109079,109104,109114,109073,109082,109089,109094,109110,109119,109085,109091
109157,109179,109198,109185,109225,109169,109181,109185,109162,109174,109179,109179,109182,109189,109179,109186
109225,109268,109291,109302,109341,109259,109283,109296,109254,109263,109270,109276,109289,109303,109266,109272
109341,109362,109376,109385,109439,109350,109370,109384,109344,109354,109361,109366,109374,109389,109357,109363
109439,109459,109478,109506,109528,109447,109473,109483,109441,109450,109463,109469,109476,109483,109453,109466
109528,109554,109573,109577,109631,109543,109567,109576,109537,109546,109552,109554,109571,109578,109548,109554
109631,109654,109668,109674,109721,109637,109660,109671,109632,109640,109646,109654,109666,109675,109643,109650
109721,109740,109761,109765,109809,109729,109754,109764,109723,109732,109741,109749,109759,109768,109736,109745
109809,109831,109853,109857,109903,109821,109846,109856,109816,109825,109834,109841,109851,109860,109829,109838
109903,109924,109945,109950,110003,109912,109938,109947,109906,109915,109920,109935,109943,109950,109917,109932
110003,110026,110042,110047,110080,110011,110036,110046,110005,110013,110017,110023,110040,110048,110015,110020
110080,110119,110136,110139,110186,110103,110131,110138,110098,110106,110112,110118,110134,110141,110109,110115
110186,110208,110227,110231,110272,110194,110221,110230,110188,110197,110210,110217,110225,110234,110200,110214
110272,110310,110324,110330,110387,110291,110317,110326,110285,110294,110302,110313,110322,110331,110297,110310
110387,110414,110427,110438,110488,110396,110421,110434,110391,110399,110406,110415,110426,110440,110402,110410
110488,110510,110529,110540,110576,110497,110523,110532,110491,110500,110514,110519,110527,110532,110502,110505
110576,110613,110623,110626,110682,110593,110618,110625,110588,110596,110606,110613,110621,110626,110601,110610
110682,110709,110722,110726,110780,110690,110716,110725,110685,110693,110700,110711,110720,110726,110696,110702
110780,110812,110824,110828,110885,110791,110819,110828,110785,110795,110804,110813,110822,110830,110798,110809
110885,110914,110925,110928,110983,110893,110919,110927,110887,110897,110906,110914,110923,110931,110902,110910
110983,111009,111026,111041,111080,110991,111017,111030,110985,110994,111000,111008,111024,111031,110997,111003
111080,111107,111122,111125,111183,111090,111114,111124,111083,111093,111100,111106,111120,111129,111096,111103
111183,111213,111226,111259,111283,111191,111219,111228,111185,111194,111204,111213,111224,111232,111197,111209
111283,111317,111330,111335,111392,111299,111325,111334,111293,111302,111309,111320,111329,111335,111305,111317
111392,111420,111430,111444,111480,111401,111437,111443,111395,111403,111411,111420,111440,111446,111407,111414
111480,111506,111518,111527,111563,111487,111511,111526,111481,111491,111499,111506,111516,111532,111495,111503
111563,111593,111614,111616,111656,111571,111610,111616,111563,111574,111581,111589,111612,111618,111577,111585
111656,111685,111696,111701,111746,111665,111690,111699,111658,111669,111679,111686,111694,111703,111671,111683
111746,111778,111789,111795,111845,111758,111784,111795,111751,111762,111768,111776,111789,111798,111765,111772
111845,111877,111887,111890,111942,111855,111882,111889,111849,111857,111863,111877,111885,111890,111860,111874
111942,111972,111982,111990,112036,111951,111978,111990,111945,111955,111963,111971,111980,111994,111959,111967
112036,112065,112075,112091,112132,112044,112082,112090,112038,112047,112053,112065,112086,112093,112050,112062
112132,112162,112175,112179,112229,112142,112170,112178,112136,112145,112151,112165,112173,112180,112147,112153
112229,112259,112271,112283,112324,112239,112266,112276,112231,112243,112253,112260,112270,112276,112248,112257
112324,112356,112368,112371,112417,112335,112362,112370,112329,112338,112347,112356,112366,112373,112342,112351
112417,112443,112455,112469,112506,112424,112450,112458,112418,112427,112435,112445,112453,112458,112430,112436
112506,112537,112549,112553,112584,112516,112543,112552,112509,112520,112528,112537,112547,112555,112525,112532
112584,112627,112645,112651,112695,112613,112639,112648,112608,112616,112620,112635,112643,112651,112618,112622
112695,112724,112742,112746,112792,112707,112735,112745,112701,112710,112718,112729,112741,112749,112713,112726
112792,112820,112840,112843,112872,112801,112827,112833,112796,112804,112812,112821,112829,112833,112808,112816
112872,112914,112926,112930,112966,112896,112920,112929,112890,112899,112906,112914,112924,112932,112902,112910
112966,113004,113018,113028,113072,112988,113012,113022,112983,112992,112998,113006,113016,113022,112995,113002
113072,113099,113111,113118,113148,113081,113105,113115,113074,113086,113093,113100,113110,113118,113090,113097
113148,113191,113205,113213,113248,113173,113198,113209,113168,113176,113183,113193,113203,113213,113179,113188
113248,113287,113299,113303,113343,113266,113293,113301,113261,113269,113275,113289,113297,113305,113271,113286
113343,113375,113393,113410,113452,113363,113388,113397,113358,113366,113377,113383,113391,113398,113374,113380
113452,113475,113491,113502,113544,113460,113485,113497,113454,113463,113473,113480,113489,113504,113467,113477
113544,113570,113584,113613,113641,113553,113577,113591,113547,113555,113562,113572,113582,113595,113558,113569
113641,113665,113686,113689,113734,113650,113681,113688,113643,113658,113664,113667,113684,113691,113661,113667
113734,113758,113773,113778,113827,113743,113767,113777,113738,113746,113756,113763,113771,113779,113749,113760
113827,113851,113869,113875,113922,113836,113863,113873,113831,113839,113845,113849,113867,113878,113842,113849
113922,113943,113961,113964,114010,113929,113955,113963,113923,113933,113947,113952,113959,113965,113935,113949
114010,114043,114057,114063,114100,114025,114051,114062,114020,114029,114038,114045,114056,114065,114034,114042
114100,114138,114151,114157,114202,114119,114145,114155,114113,114122,114125,114140,114149,114159,114124,114137
114202,114232,114243,114248,114293,114213,114237,114246,114206,114217,114226,114233,114241,114250,114222,114230
114293,114318,114333,114341,114386,114303,114327,114337,114297,114306,114316,114324,114332,114340,114309,114321
114386,114406,114426,114432,114477,114395,114421,114430,114389,114398,114411,114416,114424,114433,114401,114404
114477,114504,114515,114526,114570,114485,114510,114519,114479,114489,114497,114505,114513,114519,114493,114501
114570,114590,114608,114616,114657,114578,114601,114611,114571,114582,114591,114597,114606,114616,114587,114597
114657,114680,114697,114726,114748,114666,114691,114699,114660,114669,114682,114687,114695,114702,114671,114675
114748,114771,114787,114792,114838,114755,114780,114789,114749,114758,114763,114765,114785,114793,114760,114765
114838,114864,114877,114880,114924,114846,114870,114879,114840,114850,114859,114866,114875,114883,114855,114863
114924,114953,114965,114971,115014,114935,114959,114970,114929,114938,114946,114954,114963,114976,114942,114950
115014,115042,115055,115058,115105,115023,115049,115057,115017,115027,115034,115043,115053,115060,115030,115039
115105,115133,115145,115149,115198,115114,115140,115148,115108,115117,115122,115136,115144,115151,115119,115133
115198,115225,115240,115244,115288,115206,115232,115243,115201,115209,115218,115227,115238,115246,115212,115223
115288,115314,115328,115335,115378,115296,115321,115331,115290,115298,115305,115315,115326,115335,115301,115309
115378,115400,115417,115420,115463,115385,115411,115419,115379,115388,115391,115396,115415,115422,115389,115396
115463,115489,115504,115508,115551,115472,115498,115507,115466,115475,115481,115493,115502,115510,115478,115483
115551,115574,115592,115597,115641,115564,115585,115596,115554,115568,115575,115581,115590,115600,115572,115578
115641,115664,115680,115684,115728,115649,115674,115683,115643,115651,115657,115663,115678,115686,115654,115660
115728,115755,115769,115771,115817,115738,115764,115770,115732,115741,115750,115758,115767,115773,115744,115754
115817,115845,115855,115858,115908,115826,115850,115857,115820,115830,115838,115846,115853,115859,115834,115842
115908,115933,115946,115949,115993,115916,115940,115948,115910,115920,115928,115935,115944,115951,115924,115931
115993,116023,116036,116047,116075,116007,116031,116036,116002,116010,116019,116026,116035,116036,116014,116022
116075,116104,116115,116152,116176,116094,116110,116129,116088,116097,116113,116118,116125,116134,116100,116115
116176,116201,116213,116216,116265,116182,116207,116215,116177,116185,116197,116204,116211,116222,116188,116201
116265,116291,116303,116311,116353,116273,116297,116310,116267,116277,116285,116292,116301,116315,116280,116289
116353,116374,116394,116400,116443,116365,116388,116398,116359,116369,116377,116384,116392,116400,116373,116381
116443,116465,116482,116499,116529,116452,116476,116485,116447,116456,116466,116472,116480,116486,116461,116469
116529,116547,116568,116578,116609,116537,116562,116570,116531,116541,116549,116557,116566,116570,116544,116553
116609,116637,116650,116655,116678,116620,116644,116654,116615,116624,116631,116639,116649,116657,116627,116636
116678,116707,116728,116737,116767,116698,116723,116732,116693,116701,116710,116719,116727,116741,116705,116715
116767,116792,116806,116811,116836,116776,116799,116808,116770,116779,116786,116794,116804,116812,116782,116789
116836,116872,116886,116891,116924,116856,116881,116890,116850,116860,116868,116876,116885,116893,116863,116872
116924,116959,116972,116977,117010,116942,116967,116976,116937,116945,116951,116961,116971,116979,116947,116953
117010,117036,117058,117063,117083,117028,117039,117043,117022,117031,117035,117035,117040,117043,117035,117041
117083,117122,117145,117152,117194,117113,117137,117149,117108,117117,117126,117132,117143,117153,117121,117129
117194,117213,117232,117245,117279,117203,117227,117236,117197,117207,117216,117223,117230,117236,117212,117220
117279,117302,117320,117325,117363,117290,117314,117324,117284,117293,117305,117310,117318,117331,117296,117298
117363,117382,117402,117407,117448,117372,117395,117404,117366,117375,117383,117391,117400,117408,117378,117388
117448,117474,117485,117488,117542,117456,117480,117487,117450,117459,117467,117475,117483,117489,117462,117470
117542,117559,117579,117586,117628,117550,117573,117583,117544,117553,117563,117569,117577,117591,117557,117566
117628,117657,117676,117682,117712,117646,117670,117679,117640,117651,117661,117666,117674,117683,117658,117666
117712,117751,117773,117783,117822,117741,117765,117779,117735,117744,117757,117762,117772,117783,117747,117748
117822,117841,117863,117869,117898,117831,117857,117867,117826,117834,117843,117852,117861,117870,117838,117849
117898,117938,117953,117959,117999,117924,117947,117958,117919,117927,117933,117941,117952,117965,117930,117936
117999,118029,118047,118051,118099,118017,118042,118050,118012,118021,118033,118038,118046,118053,118024,118025
118099,118124,118138,118150,118187,118108,118131,118145,118103,118111,118119,118126,118136,118155,118115,118122
118187,118208,118227,118233,118272,118195,118220,118232,118189,118198,118207,118214,118226,118233,118201,118208
118272,118292,118318,118336,118359,118282,118307,118320,118276,118286,118295,118301,118316,118323,118290,118298
118359,118386,118401,118406,118455,118371,118395,118405,118364,118374,118379,118384,118399,118409,118376,118381
118455,118481,118494,118499,118552,118462,118488,118497,118456,118465,118468,118483,118492,118501,118466,118480
118552,118576,118595,118597,118637,118560,118590,118597,118554,118564,118580,118585,118593,118600,118567,118573
118637,118675,118687,118691,118739,118655,118681,118690,118649,118658,118664,118676,118685,118692,118661,118667
118739,118764,118780,118784,118825,118749,118775,118783,118742,118759,118767,118771,118778,118785,118763,118771
118825,118855,118870,118874,118925,118842,118863,118873,118837,118846,118852,118858,118868,118876,118849,118855
118925,118942,118961,118967,119012,118933,118955,118966,118928,118937,118945,118950,118960,118971,118940,118950
119012,119033,119049,119054,119102,119021,119042,119053,119015,119024,119033,119033,119047,119057,119027,119033
119102,119124,119140,119152,119191,119109,119134,119148,119104,119112,119116,119131,119138,119153,119114,119128
119191,119216,119233,119236,119284,119202,119227,119235,119197,119205,119210,119215,119231,119237,119207,119212
119284,119309,119325,119353,119378,119294,119318,119340,119288,119298,119305,119310,119336,119341,119301,119307
119378,119406,119416,119437,119471,119386,119411,119420,119379,119390,119398,119405,119414,119420,119394,119402
119471,119495,119509,119512,119560,119478,119503,119511,119472,119482,119494,119499,119507,119515,119484,119496
119560,119579,119598,119604,119646,119568,119593,119604,119561,119571,119583,119589,119596,119609,119579,119586
119646,119668,119687,119690,119729,119654,119680,119689,119648,119658,119668,119674,119685,119693,119663,119671
119729,119756,119768,119773,119817,119737,119762,119772,119732,119741,119748,119757,119766,119774,119744,119752
119817,119844,119855,119884,119910,119825,119850,119866,119819,119829,119838,119845,119861,119868,119833,119842
119910,119937,119953,119956,119999,119918,119949,119956,119912,119921,119928,119941,119952,119959,119924,119930
119999,120031,120042,120045,120095,120012,120037,120044,120006,120015,120023,120032,120040,120048,120018,120032
120095,120121,120143,120145,120186,120104,120128,120144,120098,120107,120116,120123,120141,120148,120111,120120
120186,120213,120227,120231,120279,120196,120220,120230,120189,120205,120210,120214,120225,120234,120207,120214
120279,120311,120328,120331,120370,120289,120323,120330,120283,120293,120304,120311,120327,120333,120297,120308
120370,120396,120406,120427,120455,120378,120401,120409,120372,120381,120389,120396,120404,120409,120385,120393
120455,120482,120493,120496,120540,120463,120488,120495,120457,120465,120478,120484,120491,120497,120468,120481
120540,120567,120578,120582,120632,120548,120574,120582,120542,120551,120557,120568,120576,120585,120553,120559
120632,120661,120673,120676,120725,120640,120668,120675,120634,120643,120649,120662,120671,120678,120645,120653
120725,120756,120768,120769,120817,120734,120764,120769,120728,120737,120752,120758,120766,120773,120740,120755
120817,120847,120867,120871,120913,120828,120863,120871,120822,120831,120837,120844,120866,120875,120834,120841
120913,120939,120951,120956,120987,120922,120945,120955,120915,120926,120933,120940,120949,120960,120929,120936
120987,121029,121045,121049,121094,121013,121037,121048,121007,121017,121024,121030,121043,121051,121020,121027
121094,121119,121130,121140,121183,121102,121125,121139,121097,121105,121112,121119,121136,121143,121108,121115
121183,121208,121237,121226,121268,121191,121216,121220,121185,121194,121201,121208,121217,121220,121196,121205
121268,121287,121309,121314,121349,121276,121302,121313,121270,121279,121292,121298,121307,121318,121282,121295
121349,121381,121392,121395,121447,121361,121387,121394,121356,121364,121371,121382,121390,121397,121367,121374
121447,121471,121488,121495,121537,121456,121481,121491,121450,121459,121466,121477,121486,121500,121462,121468
121537,121565,121579,121584,121631,121547,121573,121583,121542,121550,121558,121567,121577,121585,121553,121562
121631,121655,121677,121682,121724,121641,121663,121681,121634,121645,121652,121657,121676,121682,121648,121657
121724,121742,121762,121770,121800,121734,121756,121766,121726,121739,121747,121753,121760,121770,121743,121750
121800,121832,121852,121858,121900,121823,121846,121857,121817,121827,121835,121841,121851,121861,121831,121838
121900,121919,121939,121942,121983,121908,121933,121941,121902,121913,121922,121929,121937,121945,121918,121926
121983,122009,122024,122029,122074,121992,122017,122028,121986,121996,122004,122011,122022,122033,122000,122007
122074,122095,122113,122117,122164,122083,122107,122116,122077,122092,122101,122105,122111,122119,122097,122105
122164,122185,122209,122214,122243,122174,122202,122213,122167,122180,122188,122196,122207,122216,122184,122191
122243,122286,122299,122304,122353,122268,122292,122301,122262,122271,122281,122289,122296,122304,122275,122285
122353,122379,122393,122400,122437,122362,122386,122399,122356,122365,122373,122381,122391,122404,122368,122377
122437,122462,122485,122497,122532,122453,122478,122488,122448,122457,122463,122469,122483,122490,122460,122466
122532,122564,122576,122580,122627,122544,122570,122579,122539,122547,122559,122566,122574,122582,122550,122563
122627,122652,122667,122671,122713,122635,122660,122670,122629,122638,122647,122654,122665,122672,122642,122650
122713,122739,122755,122758,122801,122723,122750,122758,122716,122726,122732,122737,122753,122761,122729,122734
122801,122829,122842,122860,122894,122809,122836,122846,122804,122812,122825,122831,122840,122849,122815,122828
122894,122921,122937,122946,122989,122904,122930,122942,122899,122907,122914,122924,122936,122947,122910,122917
122989,123012,123032,123035,123083,122998,123025,123034,122992,123001,123010,123013,123030,123036,123004,123013
123083,123109,123127,123155,123177,123092,123122,123130,123086,123096,123104,123118,123125,123134,123100,123115
123177,123200,123216,123221,123265,123185,123210,123220,123179,123189,123200,123205,123214,123222,123191,123192
123265,123296,123308,123312,123357,123275,123302,123311,123268,123281,123289,123296,123307,123314,123285,123292
123357,123374,123395,123400,123445,123366,123388,123399,123360,123369,123382,123386,123394,123402,123372,123386
123445,123469,123484,123489,123517,123452,123475,123488,123447,123455,123462,123469,123482,123490,123458,123465
123517,123549,123566,123572,123604,123536,123560,123569,123531,123538,123543,123548,123565,123572,123540,123548
123604,123626,123650,123654,123686,123615,123640,123653,123607,123619,123633,123637,123649,123656,123622,123627
123686,123710,123723,123747,123774,123695,123717,123726,123690,123698,123703,123710,123720,123726,123700,123706
123774,123796,123813,123815,123861,123782,123807,123814,123776,123785,123790,123792,123811,123817,123787,123792
123861,123883,123896,123898,123944,123869,123890,123897,123863,123873,123883,123885,123894,123900,123879,123885
123944,123975,123992,123996,124031,123957,123984,123995,123951,123960,123968,123976,123991,123999,123963,123972
124031,124069,124089,124092,124126,124048,124074,124082,124042,124051,124060,124069,124078,124082,124054,124065
124126,124151,124167,124170,124218,124136,124161,124169,124130,124140,124152,124157,124165,124173,124143,124157
124218,124246,124261,124272,124302,124229,124255,124268,124222,124234,124243,124250,124260,124268,124239,124246
124302,124327,124345,124348,124395,124317,124341,124348,124312,124320,124333,124338,124343,124351,124323,124335
124395,124423,124440,124443,124472,124404,124433,124442,124398,124406,124413,124421,124438,124445,124409,124416
124472,124512,124524,124535,124573,124494,124519,124526,124488,124502,124508,124514,124522,124526,124505,124511
124573,124592,124600,124603,124648,124582,124595,124601,124577,124586,124589,124589,124597,124605,124589,124601
124648,124685,124703,124715,124745,124672,124698,124707,124665,124673,124674,124682,124701,124707,124674,124679
124745,124778,124793,124798,124843,124764,124787,124797,124758,124767,124780,124780,124792,124802,124770,124780
124843,124863,124884,124897,124935,124853,124878,124889,124844,124858,124867,124874,124882,124890,124863,124870
124935,124961,124975,124996,125017,124944,124968,124977,124939,124947,124955,124962,124973,124980,124950,124958
125017,125052,125063,125074,125114,125035,125058,125073,125029,125038,125046,125053,125062,125078,125042,125049
125114,125135,125156,125161,125199,125124,125149,125160,125117,125129,125137,125144,125154,125162,125134,125141
125199,125231,125251,125254,125289,125213,125245,125253,125207,125215,125223,125232,125249,125255,125219,125228
125289,125320,125333,125335,125387,125305,125329,125335,125299,125310,125320,125324,125331,125337,125317,125324
125387,125415,125429,125431,125483,125396,125423,125430,125390,125399,125405,125414,125427,125434,125402,125409
125483,125509,125524,125527,125573,125491,125518,125526,125485,125493,125498,125504,125522,125529,125495,125501
125573,125602,125622,125628,125670,125583,125610,125627,125577,125585,125589,125604,125621,125632,125587,125592
125670,125691,125712,125716,125760,125679,125702,125715,125673,125683,125690,125696,125710,125718,125686,125693
125760,125786,125807,125813,125855,125771,125798,125812,125763,125777,125783,125787,125806,125815,125780,125787
125855,125877,125896,125908,125945,125865,125890,125900,125859,125869,125881,125887,125894,125900,125871,125884
125945,125970,125991,125995,126032,125953,125977,125994,125947,125956,125962,125970,125989,126000,125958,125965
126032,126059,126077,126092,126121,126041,126070,126081,126035,126044,126053,126060,126075,126081,126048,126056
126121,126142,126161,126167,126205,126129,126155,126166,126123,126131,126136,126140,126159,126170,126134,126140
126205,126228,126245,126256,126294,126216,126240,126249,126209,126220,126230,126236,126243,126249,126227,126233
126294,126325,126335,126346,126380,126302,126330,126339,126297,126305,126311,126326,126334,126339,126308,126323
126380,126405,126424,,126451,126388,126418,126425,126382,126391,126402,126429,126448,126447,126395,126425
126451,126490,126505,126513,126547,126472,126498,126509,126466,126475,126485,126493,126503,126512,126479,126489
126547,126573,126584,126596,126619,126555,126579,126588,126549,126557,126564,126573,126582,126588,126560,126568
126619,126655,126666,126670,126710,126640,126661,126669,126635,126643,126649,126655,126664,126671,126646,126652
126710,126738,126754,126760,126800,126724,126748,126757,126719,126727,126734,126743,126753,126760,126730,126736
126800,126821,126841,126848,126879,126808,126835,126844,126802,126810,126812,126820,126839,126848,126811,126817
126879,126893,126917,126923,126960,126887,126911,126922,126881,126890,126898,126906,126915,126923,126893,126901
126960,126977,126994,127020,127042,126968,126989,126996,126962,126971,126980,126985,126992,126997,126976,126985
127042,127063,127084,127092,127122,127048,127072,127088,127043,127051,127058,127066,127083,127091,127054,127062
127122,127141,127160,127163,127202,127129,127152,127162,127124,127133,127140,127145,127158,127165,127136,127142
127202,127225,127239,127243,127286,127210,127233,127242,127205,127214,127221,127229,127237,127244,127217,127225
127286,127306,127322,127327,127369,127293,127315,127325,127287,127296,127304,127311,127319,127328,127300,127308
127369,127385,127404,127412,127446,127375,127394,127406,127370,127379,127384,127384,127401,127409,127381,127384
127446,127464,127480,127498,127520,127455,127473,127482,127449,127459,127468,127470,127478,127484,127463,127470
127520,127543,127555,127559,127600,127533,127548,127558,127527,127540,127548,127548,127552,127562,127548,127556
127600,127622,127643,127656,127676,127611,127629,127649,127603,127615,127631,127634,127642,127652,127617,127621
127676,127704,127724,127711,127758,127687,127707,127711,127679,127690,127697,127703,127708,127715,127694,127700
127758,127781,127795,127799,127822,127766,127786,127797,127760,127769,127776,127781,127793,127801,127772,127778
127822,127857,127880,127897,127972,127845,127874,127885,127839,127848,127853,127856,127879,127885,127850,127856
127972,128013,128025,128030,128074,128001,128019,128028,127996,128003,128007,128014,128023,128030,128005,128011
128074,128115,128153,128163,128225,128082,128126,128157,128076,128083,128086,128092,128152,128160,128085,128089
128225,128246,128261,128263,128301,128233,128257,128263,128227,128236,128249,128253,128259,128266,128238,128241
128301,128320,128332,128339,128371,128308,128325,128335,128302,128311,128318,128318,128329,128339,128314,128318
128371,128402,128417,128422,128456,128386,128410,128419,128380,128389,128395,128401,128416,128423,128392,128398
128456,128481,128492,128497,128537,128465,128486,128496,128459,128467,128473,128480,128490,128498,128470,128477
128537,128557,128569,128578,128613,128545,128563,128574,128538,128548,128552,128558,128567,128580,128550,128555
128613,128637,128660,128649,128694,128623,128643,128649,128617,128626,128630,128636,128645,128651,128628,128633
128694,128720,128731,128735,128780,128703,128725,128732,128698,128706,128713,128720,128729,128735,128709,128717
128780,128803,128835,128841,128860,128788,128818,128823,128782,128791,128795,128799,128820,128827,128793,128799
128860,128888,128899,128904,128949,128873,128894,128902,128867,128878,128884,128889,128898,128906,128881,128889
128949,128971,128988,128994,129035,128957,128976,128991,128951,128968,128979,128979,128986,128994,128972,128979
129035,129055,129086,129090,129115,129043,129067,129074,129036,129049,129057,129062,129069,129077,129053,129062
129115,129148,129157,129159,129211,129129,129153,129159,129124,129132,129139,129147,129155,129162,129135,129143
129211,129251,129262,129265,129292,129218,129256,129264,129212,129220,129228,129252,129260,129267,129223,129249
129292,129312,129336,129341,129372,129302,129331,129340,129297,129306,129313,129328,129335,129341,129309,129325
129372,129398,129409,129411,129455,129385,129403,129410,129372,129380,129381,129389,129406,129413,129380,129385
129455,129479,129508,129516,129536,129465,129489,129492,129460,129469,129475,129477,129490,129498,129471,129477
129536,129564,129583,129586,129607,129546,129569,129574,129539,129549,129556,129563,129570,129574,129552,129559
129607,129648,129657,129662,129703,129631,129652,129661,129625,129634,129641,129648,129655,129669,129637,129644
129703,129725,129734,129739,129787,129711,129729,129736,129704,129716,129722,129723,129732,129739,129719,129723
129787,129805,129836,129842,129872,129798,129830,129839,129792,129802,129810,129825,129834,129842,129805,129822
129872,129889,129899,129907,129956,129880,129894,129903,129874,129886,129892,129892,129897,129906,129892,129900
129956,129979,129993,129999,130036,129964,129985,129996,129958,129967,129972,129979,129991,129999,129969,129975
130036,130070,130086,130092,130136,130053,130076,130089,130048,130056,130063,130069,130084,130091,130059,130066
130136,130157,130191,130164,130225,130146,130160,130164,130139,130151,130156,130156,130161,130172,130156,130163
130225,130248,130268,130270,130314,130233,130253,130261,130227,130235,130241,130246,130266,130273,130238,130243
130314,130335,130344,130380,130401,130321,130340,130347,130315,130324,130330,130335,130342,130347,130327,130332
130401,130426,130449,130453,130472,130409,130433,130439,130403,130412,130420,130427,130434,130439,130415,130423
130472,130507,130516,130524,130566,130491,130511,130522,130485,130494,130500,130506,130514,130534,130497,130503
130566,130588,130620,130598,130644,130575,130592,130598,130568,130577,130581,130586,130594,130600,130579,130583
130644,130669,130680,130687,130718,130657,130673,130683,130651,130660,130663,130668,130678,130688,130662,130668
130718,130747,130757,130762,130803,130736,130752,130761,130730,130747,130751,130751,130755,130762,130751,130758
130803,130827,130838,130841,130884,130815,130833,130840,130810,130819,130823,130828,130836,130843,130821,130828
130884,130914,130945,,130962,130892,130920,130925,130886,130895,130907,130914,130921,130925,130898,130911
130962,130986,130997,131000,131041,130971,130991,130999,130965,130974,130981,130986,130995,131003,130977,130983
131041,131066,131093,131078,131121,131051,131072,131078,131044,131055,131062,131066,131074,131083,131058,131066
131121,131152,131161,131162,131203,131131,131157,131162,131125,131135,131147,131153,131159,131166,131143,131150
131203,131228,131250,131254,131286,131212,131244,131253,131206,131215,131220,131225,131249,131256,131217,131222
131286,131311,131340,131320,131369,131294,131316,131320,131287,131297,131303,131309,131317,131322,131300,131306
131369,131396,131408,131412,131455,131378,131402,131412,131373,131381,131387,131394,131406,131415,131384,131390
131455,131479,131488,131490,131533,131464,131483,131490,131456,131466,131469,131477,131485,131493,131468,131473
131533,131560,131569,131573,131615,131545,131565,131573,131538,131548,131553,131559,131567,131580,131550,131556
131615,131636,131646,131648,131695,131624,131640,131647,131617,131634,131639,131639,131643,131651,131639,131647
131695,131719,131731,131736,131775,131702,131724,131735,131695,131705,131711,131718,131729,131737,131708,131714
131775,131801,131822,131834,131858,131785,131816,131833,131778,131788,131793,131800,131820,131837,131791,131797
131858,131882,131907,131896,131942,131866,131891,131896,131859,131868,131870,131876,131893,131899,131869,131873
131942,131966,131978,131982,132028,131952,131973,131981,131946,131955,131960,131965,131976,131984,131957,131962
132028,132053,132065,132067,132111,132037,132060,132067,132029,132042,132049,132051,132063,132069,132044,132051
132111,132136,132148,132151,132195,132121,132141,132150,132115,132124,132129,132136,132145,132153,132126,132132
132195,132222,132237,132239,132280,132202,132231,132239,132197,132205,132211,132216,132235,132242,132207,132213
132280,132305,132314,132316,132355,132289,132309,132315,132283,132292,132298,132304,132312,132318,132295,132301
132355,132389,132398,132402,132446,132372,132393,132401,132367,132375,132381,132388,132396,132403,132378,132385
132446,132471,132481,132486,132529,132455,132475,132484,132449,132457,132464,132470,132479,132489,132460,132467
132529,132554,132576,132561,132605,132537,132556,132561,132531,132541,132544,132547,132558,132566,132542,132547
132605,132632,132642,132644,132686,132616,132636,132643,132608,132619,132623,132630,132639,132647,132621,132627
132686,132710,132718,132719,132766,132697,132714,132719,132686,132706,132711,132711,132716,132722,132711,132719
132766,132792,132800,132802,132847,132775,132797,132802,132769,132777,132783,132790,132798,132805,132780,132786
132847,132874,132898,132879,132924,132856,132875,132879,132850,132859,132863,132868,132876,132885,132861,132868
132924,132947,132972,132960,132999,132933,132954,132960,132927,132943,132953,132953,132957,132963,132953,132960
132999,133026,133035,133037,133079,133010,133031,133037,133004,133012,133016,133024,133033,133040,133014,133020
133079,133103,133112,133113,133157,133089,133108,133113,133081,133100,133104,133104,133109,133116,133104,133112
133157,133182,133195,133198,133236,133166,133192,133198,133160,133169,133174,133177,133193,133201,133171,133177
133236,133261,133290,133278,133313,133244,133272,133278,133237,133248,133253,133258,133274,133281,133250,133255
133313,133339,133357,133359,133394,133323,133351,133358,133315,133326,133327,133336,133355,133361,133327,133332
133394,133417,133425,133427,133472,133402,133421,133427,133396,133404,133408,133415,133423,133429,133406,133412
133472,133496,133507,133509,133553,133482,133501,133508,133475,133488,133494,133494,133505,133512,133491,133494
133553,133578,133602,133589,133634,133562,133583,133589,133555,133565,133570,133576,133585,133593,133567,133573
133634,133656,133681,133668,133708,133642,133662,133668,133636,133645,133649,133655,133663,133671,133647,133652
133708,133735,133768,133754,133788,133723,133743,133754,133715,133731,133744,133744,133750,133758,133736,133744
133788,133823,133834,,133863,133797,133830,133849,133791,133799,133801,133807,133844,133850,133800,133807
133863,133889,133899,133901,133944,133876,133895,133901,133868,133883,133893,133893,133897,133905,133893,133901
133944,133966,133985,133998,134022,133951,133978,133990,133945,133954,133959,133964,133983,133990,133956,133964
134022,134047,134074,134053,134099,134030,134050,134053,134023,134033,134038,134044,134051,134056,134035,134041
134099,134121,134147,134139,134173,134108,134132,134138,134101,134115,134123,134127,134134,134139,134119,134127
134173,134194,134205,134211,134246,134183,134200,134208,134174,134192,134199,134199,134203,134212,134199,134206
134246,134270,134297,134285,134320,134254,134281,134285,134248,134256,134260,134267,134282,134289,134258,134263
134320,134344,134355,134358,134399,134331,134350,134358,134324,134334,134337,134343,134353,134361,134336,134340
134399,134422,134436,134439,134477,134410,134431,134439,134400,134416,134423,134423,134434,134441,134423,134438
134477,134501,134514,134518,134557,134487,134508,134518,134480,134491,134498,134500,134512,134522,134494,134500
134557,134584,134605,134591,134637,134566,134586,134591,134560,134569,134576,134581,134588,134595,134572,134578
134637,134660,134678,134681,134719,134649,134674,134681,134642,134654,134664,134670,134677,134684,134660,134667
134719,134741,134751,134753,134793,134726,134746,134754,134719,134730,134735,134740,134748,134754,134732,134740
134793,134817,134843,134829,134868,134803,134823,134829,134796,134814,134820,134820,134825,134833,134820,134829
134868,134892,134904,134906,134940,134877,134900,134906,134870,134886,134894,134894,134902,134910,134891,134894
134940,134976,134987,,135014,134950,134983,135002,134941,134954,134970,134978,134998,135004,134957,134974
135014,135035,135043,135048,135088,135023,135039,135046,135017,135026,135031,135034,135041,135048,135028,135034
135088,135112,135126,135129,135165,135099,135122,135129,135090,135106,135116,135116,135124,135134,135110,135116
135165,135194,135207,135208,135238,135173,135204,135208,135166,135176,135185,135199,135205,135211,135180,135196
135238,135262,135279,135285,135313,135248,135269,135284,135240,135252,135258,135262,135277,135290,135255,135262
135313,135338,135369,135347,135392,135324,135342,135347,135317,135334,135339,135339,135344,135351,135339,135347
135392,135418,135428,135430,135466,135400,135423,135430,135393,135404,135408,135417,135426,135432,135405,135417
135466,135489,135499,135502,135544,135475,135493,135501,135470,135477,135481,135489,135497,135503,135479,135485
135544,135561,135570,135580,135619,135552,135565,135572,135546,135556,135562,135562,135568,135572,135562,135570
135619,135638,135654,135657,135695,135626,135642,135650,135620,135630,135633,135637,135645,135650,135631,135637
135695,135717,135727,135731,135770,135702,135721,135730,135696,135703,135707,135715,135724,135735,135705,135712
135770,135793,135811,135814,135833,135779,135798,135804,135773,135781,135785,135792,135800,135804,135783,135788
135833,135866,135880,,135907,135855,135874,135900,135849,135859,135878,135888,135896,135901,135862,135882
135907,135939,135948,135952,135987,135925,135943,135951,135920,135928,135932,135938,135946,135951,135930,135938
135987,136008,136020,136025,136059,135996,136014,136022,135990,135999,136005,136010,136018,136025,136002,136010
136059,136079,136089,136091,136111,136065,136084,136090,136060,136067,136073,136079,136087,136093,136070,136076
136111,136149,136167,136171,136197,136134,136154,136159,136128,136136,136142,136148,136156,136159,136139,136145
136197,136220,136230,136232,136270,136206,136224,136231,136199,136208,136212,136219,136227,136235,136210,136216
136270,136292,136317,136301,136339,136276,136297,136301,136270,136279,136284,136289,136298,136305,136281,136286
136339,136364,136375,136377,136412,136353,136371,136377,136339,136348,136349,136365,136373,136379,136348,136354
136412,136437,136462,136470,136489,136423,136442,136450,136417,136425,136430,136436,136446,136453,136428,136433
136489,136511,136519,136521,136563,136497,136515,136521,136492,136500,136505,136510,136517,136523,136502,136510
136563,136585,136607,136594,136632,136571,136590,136594,136564,136575,136581,136581,136591,136598,136577,136581
136632,136666,136678,,136708,136642,136673,136700,136637,136645,136651,136668,136696,136701,136648,136665
136708,136730,136744,136747,136782,136718,136736,136746,136710,136725,136733,136733,136742,136749,136733,136746
136782,136804,136828,136816,136851,136789,136811,136816,136782,136798,136804,136806,136813,136819,136800,136806
136851,136875,136894,136883,136924,136861,136879,136883,136854,136864,136869,136874,136880,136886,136866,136874
136924,136945,136966,136973,136994,136931,136950,136953,136924,136935,136938,136944,136951,136957,136936,136941
136994,137014,137030,137033,137063,137002,137021,137033,136995,137006,137009,137013,137028,137037,137007,137013
137063,137087,137104,137107,137134,137072,137094,137106,137067,137075,137080,137086,137102,137110,137077,137083
137134,137158,137167,137169,137205,137145,137162,137169,137138,137149,137150,137156,137165,137173,137149,137156
137205,137228,137260,137248,137277,137214,137244,137248,137206,137220,137238,137238,137245,137252,137230,137238
137277,137298,137326,137315,137348,137286,137304,137315,137280,137289,137305,137308,137312,137318,137292,137295
137348,137372,137405,,137416,137356,137377,,137350,137359,137367,137370,137378,137386,137362,137370
137416,137442,137464,137453,137487,137426,137449,137453,137417,137432,137437,137442,137450,137455,137434,137442
137487,137512,137532,137534,137559,137502,137517,137523,137488,137509,137514,137514,137518,137523,137514,137521
137559,137579,137588,137592,137623,137566,137582,137591,137560,137576,137580,137580,137586,137595,137580,137591
137623,137644,137656,137663,137686,137631,137649,137662,137623,137643,137648,137648,137653,137667,137648,137656
137686,137710,137731,137717,137754,137697,137714,137717,137687,137706,137711,137711,137715,137721,137711,137718
137754,137777,137798,137785,137822,137764,137781,137785,137754,137774,137778,137778,137782,137789,137778,137785
137822,137848,137869,137858,137895,137833,137852,137858,137823,137836,137839,137846,137854,137860,137838,137843
137895,137922,137930,137931,137974,137905,137926,137931,137899,137908,137912,137919,137927,137935,137910,137916
137974,137999,138009,138011,138053,137984,138004,138011,137976,137996,138002,138002,138007,138016,138002,138011
138053,138075,138110,138089,138131,138064,138080,138089,138057,138071,138076,138076,138081,138093,138076,138083
138131,138155,138169,138186,138208,138139,138163,138171,138132,138142,138147,138153,138167,138174,138144,138150
138208,138228,138241,138246,138276,138215,138234,138242,138210,138218,138224,138229,138238,138246,138221,138229
138276,138295,138333,138302,138356,138287,138297,138302,138282,138291,138294,138294,138298,138304,138294,138301
138356,138377,138405,138386,138424,138362,138381,138386,138356,138365,138370,138376,138382,138388,138367,138373
138424,138442,138454,138458,138490,138433,138446,138457,138425,138440,138445,138445,138450,138463,138445,138453
138490,138510,138527,138533,138559,138498,138519,138529,138492,138502,138506,138506,138525,138533,138504,138506
138559,138581,138594,138607,138634,138568,138586,138599,138561,138579,138584,138584,138591,138599,138584,138595
138634,138655,138682,138666,138708,138641,138660,138666,138635,138644,138648,138652,138662,138672,138646,138652
138708,138731,138741,138743,138783,138716,138736,138743,138710,138719,138724,138730,138738,138746,138721,138727
138783,138808,138821,138824,138867,138797,138814,138823,138791,138803,138815,138815,138819,138826,138815,138823
138867,138889,138900,138903,138947,138876,138894,138901,138869,138889,138893,138893,138897,138904,138893,138900
138947,138966,138986,138993,139019,138956,138971,138989,138949,138961,138973,138976,138983,138992,138968,138976
139019,139042,139062,139066,139095,139032,139057,139065,139026,139037,139047,139053,139060,139067,139040,139050
139095,139117,139128,139134,139172,139105,139122,139133,139099,139108,139110,139116,139125,139135,139109,139113
139172,139207,139216,,139241,139178,139212,139231,139172,139181,139186,139207,139226,139232,139183,139204
139241,139268,139279,139282,139316,139254,139274,139281,139248,139258,139264,139269,139277,139284,139261,139269
139316,139336,139354,139358,139377,139327,139337,139344,139321,139330,139334,139334,139338,139344,139334,139340
139377,139410,139424,139429,139467,139401,139418,139428,139396,139405,139412,139412,139423,139430,139408,139412
139467,139491,139499,139500,139538,139475,139495,139500,139468,139478,139483,139489,139496,139503,139480,139486
139538,139559,139586,139572,139607,139547,139565,139572,139541,139551,139553,139557,139568,139576,139552,139557
139607,139641,139651,139652,139687,139621,139647,139652,139615,139623,139626,139630,139649,139655,139624,139630
139687,139709,139723,139726,139757,139695,139717,139725,139689,139698,139706,139713,139721,139728,139701,139710
139757,139781,139791,139794,139830,139768,139786,139794,139761,139778,139783,139783,139789,139796,139783,139793
139830,139852,139862,139865,139900,139840,139856,139863,139832,139849,139855,139855,139859,139866,139855,139862
139900,139922,139932,139935,139973,139910,139927,139935,139903,139913,139915,139920,139929,139939,139914,139920
139973,139994,140004,140013,140043,139980,139998,140007,139973,139981,139985,139992,140001,140007,139983,139989
140043,140064,140090,140074,140114,140051,140068,140074,140044,140061,140065,140065,140070,140078,140065,140073
140114,140136,140146,140148,140186,140122,140140,140147,140116,140125,140130,140135,140143,140150,140128,140135
140186,140208,140229,140232,140261,140196,140222,140231,140189,140204,140216,140219,140227,140234,140211,140219
140261,140284,140309,140295,140335,140270,140289,140295,140263,140273,140280,140282,140291,140300,140276,140282
140335,140356,140366,140368,140405,140343,140360,140367,140335,140353,140359,140359,140364,140371,140359,140367
140405,140429,140444,140448,140480,140415,140440,140447,140409,140419,140430,140434,140442,140447,140425,140434
140480,140498,140510,140515,140550,140488,140503,140511,140482,140492,140495,140495,140507,140515,140494,140495
140550,140569,140589,140582,140618,140558,140574,140581,140551,140561,140566,140569,140577,140582,140563,140569
140618,140638,140650,140652,140689,140627,140645,140652,140621,140631,140637,140640,140648,140655,140634,140640
140689,140705,140718,140721,140743,140697,140710,140720,140692,140702,140710,140710,140715,140723,140710,140718
140743,140778,140786,140787,140825,140765,140783,140787,140760,140768,140772,140777,140784,140790,140770,140777
140825,140843,140859,140861,140892,140834,140848,140861,140827,140839,140849,140852,140858,140865,140843,140852
140892,140917,140929,140933,140964,140904,140923,140932,140897,140908,140910,140916,140927,140936,140909,140913
140964,140986,140997,140999,141036,140973,140991,140998,140966,140977,140983,140986,140994,141001,140980,140986
141036,141057,141085,141071,141107,141046,141062,141071,141039,141054,141059,141059,141064,141076,141059,141066
141107,141125,141138,141144,141175,141115,141130,141141,141108,141125,141130,141130,141134,141146,141130,141138
141175,141197,141209,141218,141242,141184,141202,141217,141175,141188,141190,141196,141206,141222,141189,141193
141242,141258,141281,141283,141307,141250,141275,141282,141244,141253,141259,141263,141278,141285,141256,141263
141307,141329,141340,141343,141374,141316,141334,141342,141310,141319,141325,141330,141338,141346,141321,141327
141374,141395,141406,141408,141440,141383,141400,141407,141376,141386,141387,141395,141403,141410,141387,141392
141440,141465,141474,141480,141514,141450,141470,141480,141444,141453,141458,141464,141472,141484,141455,141461
141514,141535,141553,141555,141586,141522,141546,141554,141514,141532,141541,141544,141550,141557,141536,141544
141586,141606,141625,141628,141656,141595,141619,141627,141587,141603,141611,141616,141623,141630,141607,141616
141656,141678,141688,141695,141734,141667,141682,141691,141660,141676,141681,141681,141686,141696,141681,141690
141734,141753,141765,141770,141801,141742,141758,141767,141736,141745,141749,141754,141762,141769,141747,141751
141801,141829,141845,141849,141886,141819,141838,141848,141813,141825,141832,141832,141843,141851,141828,141832
141886,141909,141918,141921,141964,141896,141912,141920,141889,141900,141903,141908,141916,141927,141901,141908
141964,141982,141992,141996,142025,141972,141986,141995,141965,141981,141986,141986,141990,141997,141986,141993
142025,142061,142070,142073,142110,142044,142066,142072,142039,142047,142054,142061,142068,142074,142050,142057
142110,142127,142138,142144,142181,142117,142133,142143,142111,142120,142127,142127,142136,142148,142123,142127
142181,142202,142214,142224,142253,142189,142207,142219,142183,142191,142196,142202,142211,142224,142194,142199
142253,142273,142286,142289,142325,142262,142279,142288,142256,142265,142272,142274,142284,142292,142268,142274
142325,142349,142373,142377,142403,142337,142353,142360,142330,142343,142350,142350,142354,142360,142350,142357
142403,142422,142451,142459,142477,142412,142431,142440,142404,142417,142428,142428,142435,142442,142422,142428
142477,142496,142514,142518,142554,142486,142501,142516,142479,142494,142504,142506,142512,142519,142499,142506
142554,142577,142602,142586,142628,142564,142583,142586,142558,142567,142574,142575,142584,142592,142570,142575
142628,142648,142665,142667,142705,142638,142653,142658,142632,142642,142654,142658,142663,142669,142650,142658
142705,142727,142755,142744,142781,142713,142741,142744,142706,142723,142730,142736,142742,142747,142727,142733
142781,142803,142822,142826,142858,142790,142816,142825,142784,142792,142795,142802,142820,142827,142794,142799
142858,142885,142895,142896,142935,142867,142891,142896,142860,142870,142874,142884,142893,142899,142872,142881
142935,142955,142968,142970,143011,142943,142961,142969,142936,142948,142955,142955,142965,142972,142951,142955
143011,143031,143047,143050,143087,143020,143039,143049,143014,143024,143032,143034,143044,143052,143027,143034
143087,143106,143126,143131,143162,143094,143111,143119,143089,143097,143102,143106,143114,143119,143099,143106
143162,143179,143196,143200,143234,143169,143189,143199,143163,143172,143179,143184,143193,143201,143175,143184
143234,143252,143266,143270,143303,143242,143258,143268,143236,143251,143256,143256,143263,143271,143256,143268
143303,143323,143333,143337,143379,143315,143327,143336,143307,143322,143326,143326,143331,143337,143326,143333
143379,143396,143413,143433,143449,143387,143404,143415,143382,143391,143399,143399,143410,143419,143394,143399
143449,143469,143482,143484,143523,143459,143475,143483,143452,143464,143468,143468,143479,143486,143467,143468
143523,143544,143573,143558,143599,143531,143551,143558,143524,143536,143542,143542,143553,143562,143539,143542
143599,143622,143632,143633,143675,143609,143626,143632,143600,143613,143619,143623,143629,143635,143615,143623
143675,143697,143707,143709,143751,143682,143701,143708,143676,143685,143690,143696,143705,143712,143688,143693
143751,143776,143787,143790,143828,143760,143781,143789,143753,143763,143769,143775,143785,143792,143766,143772
143828,143848,143861,143873,143900,143835,143855,143865,143829,143838,143844,143848,143859,143865,143841,143848
143900,143920,143935,143938,143973,143911,143928,143937,143903,143916,143923,143923,143932,143940,143919,143923
143973,143995,144008,144024,144045,143980,144001,144011,143975,143983,143988,143995,144005,144013,143985,143992
144045,144065,144082,144088,144110,144051,144072,144087,144046,144054,144060,144065,144079,144093,144056,144062
144110,144132,144162,144152,144180,144122,144145,144151,144117,144126,144139,144139,144148,144154,144129,144139
144180,144205,144215,144224,144253,144191,144209,144218,144186,144195,144200,144205,144213,144218,144197,144202
144253,144275,144284,144288,144322,144264,144279,144287,144257,144273,144277,144277,144281,144295,144277,144284
144322,144344,144355,144362,144391,144332,144349,144361,144326,144335,144340,144344,144352,144367,144338,144344
144391,144411,144421,144423,144457,144400,144415,144422,144393,144406,144415,144415,144418,144426,144415,144422
144457,144479,144495,144499,144527,144466,144486,144498,144459,144477,144484,144484,144493,144502,144484,144498
144527,144547,144576,144565,144595,144536,144553,144564,144528,144544,144557,144558,144561,144567,144548,144558
144595,144616,144624,144627,144665,144606,144620,144628,144599,144612,144617,144617,144622,144628,144617,144624
144665,144686,144704,144706,144735,144674,144699,144705,144668,144683,144692,144697,144702,144708,144688,144694
144735,144757,144789,144767,144805,144743,144762,144767,144737,144747,144751,144755,144763,144769,144748,144755
144805,144828,144840,144842,144877,144815,144833,144841,144809,144818,144823,144829,144837,144844,144821,144826
144877,144898,144908,144910,144946,144886,144903,144910,144879,144894,144901,144901,144906,144913,144901,144910
144946,144967,144994,144985,145016,144955,144980,144985,144949,144965,144973,144977,144981,144987,144969,144977
145016,145040,145055,145058,145085,145025,145049,145057,145019,145028,145035,145041,145053,145060,145031,145038
145085,145107,145119,145120,145153,145094,145114,145120,145087,145105,145112,145112,145116,145123,145112,145120
145153,145175,145184,145186,145220,145161,145179,145186,145155,145163,145166,145173,145181,145189,145165,145170
145220,145242,145253,145256,145290,145228,145247,145255,145222,145232,145236,145241,145250,145260,145234,145238
145290,145310,145322,145324,145358,145298,145316,145324,145290,145305,145314,145314,145319,145327,145314,145323
145358,145377,145389,145391,145426,145366,145382,145390,145359,145376,145380,145380,145386,145394,145380,145390
145426,145445,145476,145455,145493,145434,145450,145455,145427,145439,145441,145441,145452,145458,145440,145441
145493,145515,145527,145530,145562,145503,145520,145529,145496,145513,145519,145519,145524,145533,145519,145529
145562,145584,145594,145596,145632,145571,145589,145595,145563,145583,145588,145588,145592,145599,145588,145595
145632,145654,145686,,145703,145641,145659,,145635,145645,145655,145655,145660,145666,145648,145655
145703,145725,145737,145739,145777,145713,145732,145738,145706,145718,145730,145730,145735,145741,145730,145738
145777,145799,145807,145809,145847,145785,145804,145810,145779,145787,145792,145797,145805,145810,145789,145794
145847,145874,145895,145900,145918,145857,145879,145886,145851,145861,145869,145873,145880,145886,145864,145873
145918,145941,145952,145956,145991,145930,145945,145955,145924,145939,145944,145944,145950,145959,145944,145954
145991,146013,146022,146026,146060,146001,146017,146024,145993,146010,146015,146015,146019,146028,146015,146023
146060,146085,146103,146114,146131,146070,146088,146094,146062,146074,146076,146082,146089,146094,146075,146082
146131,146153,146163,146166,146201,146140,146158,146166,146134,146142,146146,146151,146161,146169,146144,146151
146201,146224,146234,146237,146272,146212,146229,146236,146204,146222,146227,146227,146232,146239,146227,146235
146272,146293,146303,146306,146342,146281,146297,146305,146274,146284,146286,146291,146300,146309,146285,146291
146342,146361,146391,146368,146410,146352,146364,146368,146344,146357,146361,146361,146365,146372,146361,146368
146410,146432,146441,146443,146479,146418,146437,146443,146412,146421,146426,146431,146439,146446,146423,146431
146479,146502,146514,146517,146551,146488,146508,146517,146482,146491,146495,146501,146511,146521,146493,146498
146551,146573,146583,146586,146624,146559,146577,146585,146553,146563,146566,146572,146581,146588,146564,146569
146624,146644,146668,146655,146695,146632,146649,146655,146626,146636,146640,146640,146651,146659,146638,146640
146695,146717,146737,146739,146767,146703,146732,146738,146697,146707,146716,146717,146735,146741,146710,146717
146767,146785,146802,146808,146843,146776,146790,146797,146769,146783,146788,146788,146794,146797,146788,146796
146843,146865,146877,146881,146922,146853,146871,146881,146845,146863,146868,146868,146874,146885,146868,146881
146922,146943,146977,146962,146996,146931,146956,146962,146923,146938,146949,146952,146958,146967,146944,146952
146996,147018,147028,147030,147071,147005,147023,147030,146998,147008,147013,147017,147025,147033,147010,147017
147071,147091,147102,147105,147137,147079,147096,147104,147073,147084,147086,147088,147099,147108,147085,147088
147137,147161,147173,147176,147213,147153,147167,147175,147147,147157,147165,147165,147171,147179,147165,147175
147213,147232,147244,147248,147285,147222,147238,147247,147215,147226,147232,147232,147242,147250,147230,147232
147285,147306,147318,147321,147360,147293,147311,147320,147287,147297,147301,147305,147315,147323,147299,147305
147360,147382,147392,147395,147436,147368,147387,147395,147362,147370,147374,147380,147390,147398,147372,147377
147436,147459,147471,147474,147510,147445,147464,147473,147439,147448,147453,147459,147468,147476,147450,147456
147510,147532,147543,147546,147586,147519,147538,147546,147513,147522,147528,147532,147541,147549,147525,147532
147586,147602,147618,147622,147657,147594,147612,147621,147589,147597,147604,147608,147616,147626,147600,147608
147657,147680,147700,147703,147728,147666,147685,147693,147660,147669,147674,147680,147688,147693,147671,147677
147728,147752,147770,147773,147807,147742,147763,147772,147737,147746,147755,147757,147768,147776,147750,147757
147807,147831,147847,147868,147886,147818,147839,147852,147813,147822,147828,147833,147845,147854,147825,147830
147886,147903,147918,147922,147945,147894,147912,147921,147887,147898,147907,147907,147916,147924,147902,147907
147945,147976,147985,147987,148026,147966,147981,147987,147961,147970,147976,147976,147983,147990,147974,147976
148026,148049,148060,148062,148101,148039,148054,148061,148034,148043,148049,148049,148057,148064,148046,148049
148101,148123,148133,148134,148172,148109,148128,148134,148102,148112,148118,148122,148130,148137,148114,148122
148172,148193,148207,148210,148244,148181,148201,148209,148174,148185,148194,148194,148205,148213,148188,148194
148244,148266,148281,148283,148316,148253,148275,148282,148246,148256,148259,148263,148278,148285,148257,148263
148316,148334,148352,148354,148385,148324,148348,148354,148317,148330,148338,148344,148350,148356,148334,148341
148385,148406,148417,148419,148456,148394,148411,148418,148388,148399,148401,148406,148414,148422,148400,148406
148456,148478,148495,148498,148526,148466,148484,148497,148459,148476,148489,148489,148493,148501,148481,148489
148526,148551,148561,148562,148601,148535,148556,148561,148528,148539,148542,148551,148559,148564,148540,148548
148601,148621,148633,148637,148672,148609,148626,148636,148602,148619,148624,148624,148631,148640,148624,148635
148672,148693,148703,148705,148740,148679,148699,148705,148673,148682,148687,148692,148701,148708,148684,148689
148740,148762,148774,148777,148808,148750,148768,148776,148743,148760,148765,148765,148771,148779,148765,148775
148808,148830,148845,148850,148881,148820,148839,148849,148810,148826,148832,148835,148843,148850,148829,148835
148881,148903,148914,148917,148941,148890,148908,148916,148884,148893,148898,148903,148912,148923,148895,148903
148941,148971,148986,148990,149024,148959,148978,148989,148953,148962,148966,148970,148985,148991,148964,148970
149024,149040,149051,149056,149091,149031,149045,149055,149024,149037,149043,149043,149049,149063,149043,149052
149091,149112,149142,149132,149162,149100,149127,149132,149094,149104,149119,149123,149129,149134,149107,149110
149162,149183,149195,149197,149224,149170,149189,149196,149165,149173,149180,149185,149192,149200,149176,149182
149224,149248,149265,,149298,149238,149259,149269,149233,149243,149255,149255,149263,149269,149248,149255
149298,149319,149335,149338,149362,149309,149328,149337,149301,149316,149326,149326,149333,149341,149321,149326
149362,149388,149400,149404,149440,149377,149393,149403,149372,149380,149382,149388,149398,149405,149381,149388
149440,149458,149476,149480,149508,149448,149469,149477,149443,149452,149465,149467,149474,149481,149454,149456
149508,149527,149540,149555,149578,149517,149533,149543,149511,149522,149526,149526,149537,149543,149524,149526
149578,149598,149613,149617,149646,149586,149605,149616,149580,149589,149593,149599,149610,149619,149591,149596
149646,149667,149678,149681,149720,149658,149673,149680,149652,149662,149666,149666,149676,149682,149664,149666
149720,149735,149752,149754,149787,149727,149742,149753,149721,149731,149741,149741,149749,149757,149735,149741
149787,149804,149820,149825,149860,149796,149812,149821,149790,149800,149807,149808,149817,149825,149803,149808
149860,149876,149894,149901,149932,149868,149886,149896,149862,149871,149881,149881,149892,149900,149874,149881
149932,149953,149970,149974,150001,149941,149965,149973,149935,149949,149956,149961,149968,149976,149953,149961
150001,150026,150037,150052,150076,150014,150031,150049,150008,150017,150021,150026,150035,150055,150019,150023
150076,150097,150120,150123,150146,150088,150100,150103,150082,150092,150096,150096,150101,150103,150096,150102
150146,150173,150185,150188,150222,150160,150179,150187,150154,150163,150169,150174,150183,150189,150165,150171
150222,150242,150257,150259,150294,150231,150251,150259,150226,150235,150242,150246,150254,150263,150238,150246
150294,150316,150325,150327,150366,150301,150321,150327,150296,150304,150309,150315,150323,150330,150306,150312
150366,150389,150416,150420,150437,150375,150400,150407,150367,150382,150391,150395,150401,150407,150387,150395
150437,150461,150470,150472,150512,150446,150466,150472,150440,150450,150453,150459,150468,150474,150451,150456
150512,150534,150544,150556,150583,150520,150538,150548,150514,150522,150526,150533,150541,150548,150524,150530
150583,150603,150615,150618,150652,150592,150608,150617,150585,150600,150606,150606,150612,150619,150606,150615
150652,150676,150686,150689,150725,150661,150681,150689,150654,150666,150670,150674,150684,150691,150668,150674
150725,150746,150777,150755,150796,150733,150750,150755,150726,150736,150737,150743,150751,150758,150737,150743
150796,150821,150832,150833,150869,150806,150828,150833,150799,150810,150820,150820,150829,150837,150813,150820
150869,150890,150901,150906,150940,150876,150895,150905,150871,150879,150884,150889,150898,150910,150881,150889
150940,150959,150984,150973,151009,150948,150967,150973,150942,150953,150958,150958,150970,150976,150958,150973
151009,151028,151042,151047,151079,151016,151034,151046,151010,151025,151031,151031,151039,151050,151031,151046
151079,151102,151122,151113,151152,151088,151106,151112,151082,151100,151104,151104,151109,151115,151104,151112
151152,151174,151186,151189,151221,151160,151178,151188,151154,151163,151168,151173,151183,151193,151165,151170
151221,151242,151269,151272,151292,151231,151256,151262,151226,151236,151247,151252,151259,151262,151242,151252
151292,151313,151323,151326,151363,151301,151317,151325,151294,151312,151316,151316,151320,151326,151316,151323
151363,151385,151406,151409,151434,151371,151389,151396,151364,151378,151385,151385,151390,151396,151385,151393
151434,151456,151464,151466,151505,151441,151460,151466,151435,151444,151447,151453,151461,151473,151445,151450
151505,151527,151538,151542,151577,151513,151532,151541,151506,151517,151522,151527,151536,151545,151519,151524
151577,151600,151626,151629,151648,151587,151609,151616,151580,151591,151603,151603,151610,151616,151595,151603
151648,151672,151683,151685,151721,151659,151678,151685,151653,151662,151668,151672,151680,151687,151665,151672
151721,151741,151751,151754,151790,151729,151745,151753,151723,151734,151737,151737,151749,151758,151736,151737
151790,151811,151837,151823,151862,151799,151817,151823,151793,151808,151813,151813,151818,151826,151813,151821
151862,151884,151906,151896,151934,151870,151890,151895,151863,151873,151877,151883,151892,151897,151875,151880
151934,151957,151965,151971,152008,151942,151962,151966,151936,151945,151948,151954,151963,151966,151946,151951
152008,152031,152039,152040,152080,152017,152034,152040,152010,152027,152031,152031,152036,152044,152031,152039
152080,152100,152131,152110,152148,152088,152105,152110,152081,152093,152099,152099,152106,152115,152099,152110
152148,152170,152181,152184,152222,152158,152175,152183,152150,152166,152174,152174,152179,152186,152174,152182
152222,152246,152272,152276,152296,152231,152249,152256,152224,152234,152240,152240,152250,152256,152237,152240
152296,152317,152340,152325,152368,152305,152322,152325,152299,152310,152318,152318,152323,152329,152318,152326
152368,152391,152400,152402,152444,152378,152396,152402,152371,152383,152385,152388,152397,152405,152384,152388
152444,152465,152477,152479,152516,152453,152471,152479,152446,152459,152466,152466,152474,152482,152466,152478
152516,152539,152562,152550,152590,152527,152545,152550,152520,152534,152542,152542,152546,152553,152542,152550
152590,152615,152625,152628,152666,152601,152622,152628,152595,152604,152610,152615,152623,152630,152607,152615
152666,152688,152698,152701,152741,152676,152693,152700,152668,152685,152691,152691,152695,152702,152691,152698
152741,152762,152771,152773,152813,152750,152767,152773,152744,152760,152765,152765,152769,152777,152765,152772
152813,152833,152854,152856,152885,152822,152840,152855,152816,152826,152843,152847,152852,152858,152829,152835
152885,152905,152916,152918,152954,152893,152910,152918,152886,152896,152900,152902,152913,152922,152898,152902
152954,152978,152989,152992,153027,152964,152983,152991,152958,152977,152982,152982,152987,152995,152982,152991
153027,153048,153059,153062,153102,153036,153053,153061,153030,153039,153043,153048,153056,153064,153041,153048
153102,153123,153143,153145,153174,153110,153129,153144,153103,153114,153121,153122,153141,153147,153117,153122
153174,153193,153204,153209,153243,153181,153198,153208,153175,153185,153188,153193,153202,153209,153186,153193
153243,153265,153289,153279,153311,153250,153271,153278,153244,153253,153258,153264,153274,153280,153255,153261
153311,153333,153356,153343,153380,153320,153339,153343,153314,153323,153329,153332,153340,153347,153325,153332
153380,153406,153431,153413,153452,153391,153409,153413,153385,153393,153397,153403,153410,153416,153395,153400
153452,153474,153486,153488,153526,153461,153480,153487,153455,153465,153471,153471,153483,153490,153467,153471
153526,153547,153559,153563,153597,153535,153553,153563,153528,153539,153542,153545,153557,153567,153540,153545
153597,153619,153641,153631,153670,153606,153625,153631,153600,153609,153613,153617,153627,153633,153611,153617
153670,153691,153704,153711,153740,153679,153696,153710,153673,153685,153686,153689,153701,153715,153685,153689
153740,153764,153783,153788,153813,153753,153771,153777,153748,153756,153762,153765,153775,153777,153759,153765
153813,153835,153847,153856,153886,153825,153841,153855,153820,153829,153833,153834,153844,153859,153831,153834
153886,153906,153918,153923,153956,153896,153912,153920,153890,153899,153905,153907,153916,153924,153902,153907
153956,153976,153990,153994,154028,153966,153983,153993,153960,153969,153974,153978,153988,153997,153971,153978
154028,154047,154069,154071,154099,154037,154054,154071,154032,154040,154047,154048,154067,154074,154043,154048
154099,154120,154132,154134,154175,154109,154126,154133,154102,154113,154119,154121,154129,154135,154115,154121
154175,154194,154225,154211,154245,154182,154199,154211,154176,154184,154189,154194,154202,154216,154187,154194
154245,154263,154280,154284,154317,154254,154274,154283,154248,154259,154269,154270,154278,154285,154263,154270
154317,154339,154375,154355,154391,154327,154352,154355,154321,154332,154342,154347,154353,154359,154337,154344
154391,154412,154423,154427,154466,154400,154418,154426,154394,154404,154410,154410,154421,154429,154407,154410
154466,154488,154500,154510,154540,154476,154494,154502,154470,154480,154486,154489,154497,154502,154482,154489
154540,154560,154573,154577,154615,154548,154566,154575,154542,154553,154565,154565,154570,154578,154565,154574
154615,154635,154656,154659,154680,154623,154640,154648,154616,154631,154639,154639,154644,154648,154639,154646
154680,154712,154731,154721,154764,154698,154717,154721,154692,154700,154705,154711,154718,154723,154703,154708
154764,154787,154803,154808,154844,154776,154796,154807,154770,154779,154786,154791,154801,154811,154782,154788
154844,154865,154896,154883,154919,154854,154871,154883,154847,154862,154868,154868,154873,154887,154868,154875
154919,154940,154950,154953,154979,154928,154945,154952,154922,154931,154937,154941,154949,154956,154933,154941
154979,155012,155024,155028,155063,155002,155018,155027,154996,155006,155010,155012,155022,155033,155008,155012
155063,155085,155115,155094,155133,155074,155090,155094,155066,155081,155085,155085,155091,155097,155085,155094
155133,155155,155179,155166,155205,155142,155160,155166,155135,155146,155150,155153,155162,155169,155148,155153
155205,155226,155236,155245,155275,155214,155230,155239,155207,155224,155229,155229,155234,155239,155229,155236
155275,155296,155307,155309,155347,155283,155302,155309,155277,155287,155290,155295,155304,155312,155288,155295
155347,155368,155396,155379,155421,155355,155373,155379,155348,155358,155361,155366,155375,155384,155359,155366
155421,155445,155475,155453,155499,155429,155449,155453,155423,155432,155437,155442,155450,155458,155434,155439
155499,155521,155527,155530,155576,155507,155523,155528,155500,155517,155520,155520,155525,155532,155520,155528
155576,155600,155628,,155649,155585,155612,155618,155577,155594,155602,155607,155613,155618,155598,155607
155649,155672,155693,155695,155724,155659,155688,155694,155652,155663,155680,155685,155691,155696,155666,155671
155724,155746,155756,155759,155797,155733,155750,155758,155727,155736,155740,155746,155754,155762,155738,155743
155797,155821,155829,155830,155872,155807,155826,155830,155801,155818,155822,155822,155827,155833,155822,155830
155872,155893,155924,155907,155945,155880,155899,155907,155874,155885,155894,155894,155903,155911,155894,155901
155945,155964,155975,155977,156014,155953,155969,155976,155947,155957,155965,155965,155973,155979,155960,155965
156014,156035,156048,156051,156084,156024,156041,156050,156016,156031,156039,156039,156045,156054,156039,156049
156084,156107,156124,156127,156156,156092,156118,156126,156086,156095,156102,156106,156122,156128,156098,156106
156156,156176,156193,156197,156229,156164,156184,156196,156157,156173,156183,156183,156191,156200,156178,156183
156229,156252,156265,156270,156299,156237,156259,156269,156230,156248,156258,156258,156263,156277,156258,156266
156299,156321,156337,156340,156370,156309,156326,156339,156303,156313,156315,156320,156330,156343,156314,156320
156370,156390,156403,156405,156443,156380,156396,156404,156372,156386,156393,156393,156400,156407,156391,156393
156443,156464,156475,156477,156517,156452,156471,156477,156445,156456,156464,156464,156473,156479,156459,156464
156517,156539,156561,156564,156590,156526,156546,156551,156519,156535,156540,156540,156547,156551,156540,156549
156590,156610,156622,156628,156659,156598,156615,156624,156592,156602,156605,156609,156620,156628,156603,156609
156659,156683,156693,156694,156732,156670,156689,156694,156664,156673,156678,156683,156690,156697,156675,156683
156732,156752,156776,156763,156803,156742,156756,156762,156735,156749,156754,156754,156759,156766,156754,156762
156803,156825,156851,156834,156868,156811,156830,156834,156805,156813,156817,156823,156831,156837,156815,156820
156868,156897,156906,156909,156949,156884,156901,156908,156877,156896,156900,156900,156904,156912,156900,156907
156949,156971,156994,156982,157024,156958,156976,156982,156952,156962,156965,156969,156978,156984,156963,156969
157024,157047,157057,157060,157098,157034,157051,157059,157028,157037,157041,157046,157055,157062,157039,157046
157098,157121,157149,157138,157173,157108,157131,157138,157102,157113,157125,157125,157133,157140,157121,157125
157173,157194,157206,157208,157248,157183,157200,157207,157177,157192,157199,157199,157203,157210,157199,157206
157248,157270,157296,,157321,157257,157276,157287,157251,157260,157263,157268,157277,157287,157261,157265
157321,157343,157362,157353,157394,157329,157347,157352,157323,157332,157337,157342,157349,157355,157334,157342
157394,157414,157433,157426,157464,157402,157417,157425,157395,157412,157416,157416,157420,157426,157416,157423
157464,157485,157498,157502,157533,157474,157490,157501,157468,157483,157488,157488,157494,157506,157488,157502
157533,157553,157564,157567,157600,157542,157558,157566,157535,157550,157557,157557,157561,157575,157557,157564
157600,157621,157632,157633,157664,157608,157627,157633,157601,157612,157614,157619,157629,157637,157613,157619
157664,157686,157700,157702,157732,157673,157694,157701,157667,157676,157683,157683,157697,157704,157679,157683
157732,157752,157762,157765,157798,157740,157756,157764,157734,157743,157747,157750,157759,157768,157745,157750
157798,157819,157830,157833,157867,157808,157826,157833,157802,157812,157817,157817,157828,157836,157814,157817
157867,157888,157900,157902,157939,157878,157892,157901,157871,157883,157888,157888,157897,157906,157888,157901
157939,157959,157984,157971,158011,157947,157965,157971,157941,157950,157957,157959,157967,157975,157953,157959
158011,158033,158043,158052,158082,158019,158038,158051,158012,158022,158027,158032,158041,158056,158024,158029
158082,158102,158114,158117,158153,158090,158109,158117,158084,158094,158100,158102,158112,158120,158096,158102
158153,158172,158185,158188,158221,158162,158178,158187,158156,158166,158172,158172,158182,158190,158168,158172
158221,158242,158255,158259,158295,158231,158248,158258,158225,158241,158247,158247,158252,158260,158247,158256
158295,158312,158326,158328,158367,158303,158320,158327,158297,158307,158315,158316,158324,158330,158310,158316
158367,158387,158416,158405,158442,158375,158393,158404,158370,158379,158383,158386,158401,158408,158380,158386
158442,158461,158472,158475,158514,158450,158466,158474,158444,158455,158458,158458,158469,158478,158457,158458
158514,158533,158547,158551,158583,158524,158539,158550,158516,158532,158538,158538,158544,158554,158538,158548
158583,158602,158613,158620,158653,158592,158606,158619,158586,158600,158605,158605,158610,158625,158605,158612
158653,158673,158689,158691,158721,158661,158681,158690,158655,158664,158667,158671,158686,158693,158665,158671
158721,158739,158755,158759,158789,158730,158746,158758,158722,158736,158745,158745,158752,158761,158745,158756
158789,158808,158819,158822,158854,158796,158813,158821,158790,158799,158804,158809,158816,158823,158801,158806
158854,158874,158884,158886,158917,158861,158878,158885,158855,158864,158870,158874,158881,158888,158867,158874
158917,158935,158948,158951,158984,158926,158941,158950,158920,158935,158941,158941,158945,158952,158941,158948
158984,159000,159028,159018,159051,158991,159010,159017,158986,158994,159002,159006,159014,159020,158997,159006
159051,159069,159087,159089,159110,159058,159074,159081,159052,159062,159065,159067,159076,159081,159063,159067
159110,159134,159147,159151,159184,159124,159141,159150,159119,159128,159134,159136,159145,159153,159130,159136
159184,159203,159216,159220,159253,159193,159209,159218,159186,159198,159201,159201,159213,159221,159199,159201
159253,159273,159285,159298,159325,159264,159279,159289,159259,159268,159274,159274,159283,159289,159272,159274
159325,159343,159355,159363,159390,159333,159348,159362,159327,159343,159347,159347,159351,159367,159347,159354
159390,159406,159431,159420,159456,159398,159411,159419,159392,159402,159410,159410,159415,159422,159410,159418
159456,159471,159487,159490,159529,159463,159479,159489,159457,159467,159474,159474,159484,159492,159470,159474
159529,159546,159579,159585,159621,159537,159555,159583,159532,159540,159549,159550,159577,159585,159543,159550
159621,159641,159665,159668,159715,159630,159649,159658,159624,159634,159641,159641,159653,159658,159637,159641
159715,159736,159751,159762,159794,159725,159744,159758,159719,159728,159734,159739,159749,159762,159731,159739
159794,159820,159843,159862,159884,159811,159828,159846,159806,159816,159831,159835,159841,159849,159819,159823
159884,159904,159923,159930,159966,159897,159916,159926,159892,159901,159909,159913,159921,159930,159904,159913
159966,159985,160008,160014,160045,159978,159989,160010,159973,159982,159993,160000,160006,160014,159986,159997
160045,160060,160075,160082,160114,160053,160068,160078,160047,160056,160063,160063,160073,160081,160059,160063
160114,160130,160148,160152,160169,160123,160139,160150,160117,160127,160136,160136,160145,160155,160130,160136
160169,160198,160216,160226,160252,160190,160209,160221,160185,160194,160202,160203,160215,160226,160197,160203
160252,160267,160283,160290,160323,160259,160275,160289,160254,160263,160270,160270,160280,160294,160265,160270
160323,160345,160359,160374,160405,160335,160353,160373,160329,160340,160342,160346,160357,160376,160341,160346
160405,160427,160443,160451,160497,160419,160437,160450,160413,160422,160429,160433,160441,160454,160425,160433
160497,160514,160534,160538,160574,160506,160527,160537,160501,160510,160520,160524,160532,160540,160514,160524
160574,160598,160617,160627,160665,160591,160610,160626,160586,160595,160602,160606,160619,160629,160598,160606
160665,160682,160697,160708,160731,160674,160691,160700,160669,160678,160686,160686,160694,160700,160681,160686
160731,160763,160778,,160807,160755,160772,160781,160749,160759,160777,160797,160804,160803,160762,160793
160807,160836,160856,160860,160891,160828,160845,160859,160823,160832,160848,160848,160854,160862,160834,160848
160891,160910,160923,160935,160962,160900,160918,160927,160894,160903,160910,160913,160921,160927,160906,160913
160962,160980,160995,161001,161037,160971,160988,161000,160965,160975,160982,160982,160993,161010,160978,160982
161037,161057,161074,161079,161122,161046,161067,161078,161040,161050,161058,161061,161072,161081,161053,161061
161122,161145,161157,161160,161210,161132,161152,161159,161126,161136,161143,161147,161155,161161,161139,161147
161210,161231,161245,161248,161294,161219,161239,161248,161213,161223,161231,161231,161243,161253,161226,161231
161294,161316,161327,161329,161361,161303,161321,161328,161297,161306,161312,161317,161324,161331,161309,161314
161361,161394,161407,161413,161454,161384,161400,161412,161378,161389,161399,161399,161405,161415,161399,161410
161454,161474,161486,161489,161526,161463,161479,161488,161457,161468,161472,161472,161483,161491,161470,161472
161526,161543,161555,161562,161593,161534,161548,161561,161528,161538,161543,161543,161553,161566,161541,161543
161593,161613,161631,161633,161663,161602,161618,161625,161596,161606,161608,161612,161621,161625,161607,161612
161663,161683,161694,161697,161734,161671,161688,161696,161665,161674,161679,161683,161691,161701,161676,161683
161734,161758,161776,161781,161812,161743,161769,161780,161737,161746,161752,161757,161774,161786,161749,161757
161812,161840,161858,161863,161899,161825,161851,161862,161818,161828,161834,161838,161857,161867,161831,161838
161899,161923,161934,161939,161982,161908,161929,161938,161902,161912,161918,161921,161932,161940,161914,161921
161982,162006,162022,162025,162065,161991,162013,162025,161984,162001,162009,162009,162020,162029,162009,162025
162065,162087,162105,162108,162143,162074,162093,162107,162068,162078,162097,162097,162103,162111,162081,162097
162143,162164,162173,162181,162219,162153,162168,162175,162147,162160,162165,162165,162170,162175,162165,162172
162219,162240,162261,162250,162288,162227,162247,162250,162219,162235,162239,162239,162248,162254,162239,162251
162288,162310,162320,162322,162356,162296,162314,162321,162289,162300,162303,162308,162317,162323,162301,162308
162356,162375,162401,162390,162420,162364,162381,162389,162357,162371,162378,162378,162385,162392,162378,162389
162420,162442,162455,162458,162486,162429,162449,162457,162423,162434,162440,162440,162453,162461,162436,162440
162486,162509,162521,162525,162561,162496,162517,162525,162490,162499,162505,162508,162519,162532,162502,162508
162561,162585,162595,162597,162643,162571,162590,162596,162564,162575,162580,162585,162593,162598,162577,162582
162643,162670,162704,,162726,162653,162687,162693,162646,162658,162667,162669,162688,162693,162661,162669
162726,162751,162760,162762,162810,162736,162757,162762,162728,162740,162741,162748,162758,162768,162740,162745
162810,162836,162846,162847,162894,162820,162843,162847,162813,162826,162836,162836,162844,162850,162830,162836
162894,162917,162928,162931,162973,162903,162923,162931,162896,162907,162913,162913,162926,162934,162909,162913
162973,162993,163023,163004,163046,162981,162999,163004,162974,162987,162995,162995,163000,163013,162995,163003
163046,163068,163084,163085,163115,163056,163077,163085,163048,163064,163076,163076,163082,163090,163069,163076
163115,163137,163163,163149,163184,163124,163146,163149,163118,163130,163138,163138,163147,163154,163138,163150
163184,163205,163215,163217,163253,163192,163210,163217,163185,163202,163207,163207,163212,163220,163207,163216
163253,163277,163303,,163326,163262,163289,163295,163255,163266,163267,163271,163290,163295,163267,163271
163326,163349,163374,163360,163407,163336,163356,163360,163328,163346,163351,163351,163357,163365,163351,163361
163407,163432,163448,163450,163489,163417,163442,163450,163409,163420,163421,163429,163446,163453,163421,163426
163489,163512,163545,163522,163570,163499,163517,163522,163491,163507,163514,163514,163518,163525,163514,163521
163570,163594,163623,163603,163645,163579,163599,163603,163571,163591,163595,163595,163600,163605,163595,163602
163645,163668,163678,163680,163720,163655,163673,163680,163647,163661,163671,163671,163676,163684,163671,163680
163720,163740,163751,163754,163788,163728,163745,163753,163721,163737,163743,163743,163749,163756,163743,163752
163788,163810,163820,163821,163854,163797,163816,163821,163790,163801,163805,163807,163817,163824,163802,163807
163854,163875,163903,163890,163920,163863,163881,163890,163856,163866,163872,163872,163884,163894,163869,163872
163920,163941,163970,163956,163987,163928,163948,163956,163922,163932,163936,163936,163951,163961,163934,163936
163987,164009,164025,164027,164060,163996,164020,164027,163989,164002,164018,164018,164023,164030,164011,164018
164060,164082,164093,164095,164138,164069,164088,164095,164062,164073,164079,164079,164090,164099,164075,164079
164138,164162,164187,164172,164217,164147,164170,164172,164141,164153,164162,164162,164171,164178,164162,164174
164217,164239,164271,164259,164294,164225,164252,164259,164219,164229,164244,164247,164254,164262,164232,164235
164294,164317,164328,164330,164371,164303,164322,164329,164296,164307,164313,164317,164325,164332,164309,164317
164371,164391,164407,164409,164445,164379,164401,164409,164373,164383,164397,164397,164404,164412,164386,164397
164445,164468,164497,164475,164516,164453,164472,164475,164447,164455,164461,164465,164473,164478,164458,164465
164516,164535,164554,164556,164581,164524,164542,164555,164518,164527,164545,164548,164552,164559,164530,164535
164581,164601,164620,164611,164645,164590,164607,164611,164584,164595,164603,164603,164608,164613,164603,164610
164645,164666,164679,164682,164709,164654,164672,164681,164647,164658,164663,164663,164676,164686,164660,164663
164709,164730,164742,164745,164775,164717,164737,164744,164711,164720,164727,164730,164739,164750,164723,164730
164775,164796,164828,164816,164849,164783,164804,164810,164777,164788,164792,164794,164805,164810,164789,164794
164849,164872,164893,164896,164930,164858,164889,164896,164851,164861,164865,164870,164891,164898,164863,164870
164930,164953,164975,164965,165007,164939,164958,164964,164932,164950,164955,164955,164961,164967,164955,164964
165007,165031,165050,165052,165087,165018,165036,165052,165011,165028,165039,165043,165048,165055,165034,165043
165087,165108,165119,165123,165162,165096,165113,165122,165089,165101,165102,165106,165116,165127,165102,165106
165162,165182,165193,165202,165236,165170,165187,165201,165164,165174,165179,165180,165190,165205,165176,165180
165236,165254,165269,165272,165304,165244,165260,165271,165237,165248,165257,165257,165266,165275,165257,165271
165304,165324,165338,165341,165373,165314,165331,165340,165308,165317,165324,165325,165335,165344,165320,165325
165373,165389,165422,165400,165438,165381,165392,165400,165374,165384,165388,165388,165395,165402,165388,165398
165438,165457,165470,165472,165502,165447,165463,165471,165440,165450,165457,165457,165467,165474,165453,165457
165502,165520,165532,165534,165562,165509,165526,165534,165502,165513,165519,165519,165529,165542,165519,165534
165562,165583,165595,165599,165627,165571,165589,165598,165565,165574,165580,165585,165593,165600,165577,165582
165627,165647,165663,165666,165694,165636,165656,165665,165629,165640,165644,165644,165660,165668,165643,165644
165694,165718,165743,165729,165764,165703,165724,165729,165698,165706,165712,165718,165725,165733,165709,165715
165764,165781,165811,165799,165829,165771,165791,165799,165765,165775,165786,165786,165794,165802,165778,165786
165829,165846,165866,165871,165895,165837,165856,165867,165832,165840,165848,165851,165863,165872,165843,165851
165895,165912,165929,165935,165960,165903,165918,165932,165897,165908,165915,165915,165925,165937,165915,165932
165960,165981,165996,166000,166030,165970,165988,165999,165964,165975,165985,165985,165993,166002,165985,165998
166030,166047,166062,166067,166098,166038,166055,166064,166033,166041,166049,166050,166059,166068,166044,166050
166098,166114,166127,166130,166165,166105,166120,166129,166099,166109,166116,166116,166124,166131,166112,166116
166165,166181,166196,166199,166228,166172,166189,166198,166167,166176,166182,166185,166193,166205,166178,166185
166228,166248,166260,,166281,166239,166254,166261,166233,166243,166257,166264,166277,166276,166252,166260
166281,166310,166324,166330,166358,166303,166318,166329,166298,166306,166312,166312,166322,166333,166309,166312
166358,166376,166391,166393,166423,166367,166385,166392,166361,166370,166379,166381,166389,166395,166373,166381
166423,166440,166453,166456,166486,166430,166447,166455,166425,166434,166441,166441,166451,166458,166437,166441
166486,166504,166521,166526,166551,166494,166513,166525,166488,166498,166504,166506,166518,166532,166500,166506
166551,166573,166599,166588,166617,166559,166585,166588,166553,166563,166575,166580,166586,166591,166566,166580
166617,166636,166648,166653,166682,166625,166642,166651,166619,166631,166640,166640,166645,166655,166640,166650
166682,166701,166714,166717,166747,166690,166707,166716,166684,166694,166701,166702,166711,166726,166696,166702
166747,166767,166776,166778,166813,166755,166771,166777,166749,166758,166762,166766,166774,166780,166759,166766
166813,166833,166847,166849,166881,166821,166841,166849,166814,166825,166832,166832,166844,166852,166827,166832
166881,166902,166914,166918,166953,166890,166908,166917,166883,166898,166905,166905,166912,166919,166905,166915
166953,166975,166986,166990,167028,166961,166981,166989,166955,166965,166969,166974,166984,166991,166967,166974
167028,167047,167060,167063,167100,167036,167053,167062,167030,167041,167051,167051,167057,167065,167051,167061
167100,167122,167133,167136,167171,167109,167127,167135,167103,167112,167118,167122,167131,167138,167115,167122
167171,167188,167203,167206,167236,167180,167195,167205,167174,167184,167191,167191,167200,167208,167187,167191
167236,167259,167278,167280,167310,167250,167266,167279,167244,167254,167270,167273,167276,167283,167257,167260
167310,167329,167341,167343,167377,167318,167334,167342,167312,167320,167325,167330,167338,167345,167323,167327
167377,167396,167413,167416,167443,167386,167406,167415,167379,167391,167403,167403,167411,167418,167396,167403
167443,167463,167477,167480,167510,167453,167469,167479,167447,167461,167467,167467,167474,167483,167467,167479
167510,167530,167542,167544,167575,167519,167535,167543,167513,167522,167527,167530,167539,167547,167524,167530
167575,167594,167609,167611,167641,167584,167600,167610,167577,167589,167596,167596,167606,167614,167596,167610
167641,167661,167671,167673,167706,167648,167667,167673,167642,167651,167657,167661,167669,167676,167654,167661
167706,167727,167741,167746,167776,167716,167735,167745,167709,167720,167727,167729,167738,167750,167723,167729
167776,167795,167805,167808,167844,167784,167800,167807,167778,167792,167798,167798,167803,167809,167798,167806
167844,167865,167882,167885,167914,167854,167873,167884,167848,167858,167866,167866,167880,167889,167860,167866
167914,167933,167961,167946,167980,167922,167941,167947,167916,167925,167933,167933,167942,167947,167928,167933
167980,167999,168013,168015,168048,167989,168006,168014,167983,167993,168001,168001,168010,168018,167996,168001
168048,168067,168081,168086,168115,168056,168073,168085,168051,168060,168067,168067,168078,168093,168062,168067
168115,168134,168147,168152,168181,168123,168140,168151,168117,168126,168131,168134,168144,168156,168129,168134
168181,168201,168216,168223,168249,168191,168208,168219,168185,168195,168199,168201,168213,168224,168197,168201
168249,168269,168298,168284,168316,168259,168277,168284,168252,168263,168271,168271,168280,168288,168266,168271
168316,168334,168348,168354,168381,168325,168341,168353,168319,168330,168336,168336,168346,168358,168332,168336
168381,168400,168415,168419,168446,168390,168408,168418,168384,168393,168402,168402,168412,168422,168396,168402
168446,168463,168482,168485,168511,168455,168472,168484,168450,168458,168464,168468,168480,168488,168460,168468
168511,168527,168543,168547,168575,168518,168536,168546,168513,168522,168529,168531,168540,168547,168525,168531
168575,168593,168608,168614,168636,168582,168600,168610,168577,168586,168593,168595,168605,168614,168589,168595
168636,168654,168671,168675,168701,168646,168664,168674,168641,168650,168657,168660,168669,168677,168653,168660
168701,168719,168734,168737,168765,168710,168727,168736,168705,168714,168721,168723,168732,168739,168717,168723
168765,168782,168799,168804,168829,168774,168791,168803,168769,168778,168786,168786,168796,168806,168781,168786
168829,168846,168864,168868,168896,168838,168857,168867,168833,168842,168849,168854,168862,168870,168845,168851
168896,168913,168928,168937,168958,168904,168921,168934,168898,168907,168912,168916,168925,168939,168909,168916
168958,168977,168996,169003,169028,168968,168988,168999,168962,168972,168982,168982,168994,169003,168975,168982
169028,169045,169061,169072,169100,169037,169055,169065,169031,169041,169048,169051,169059,169065,169044,169051
169100,169117,169137,169142,169162,169109,169119,169124,169103,169113,169116,169116,169120,169124,169116,169122
169162,169191,169206,,169246,169181,169201,169210,169175,169184,169191,169196,169205,169210,169187,169193
169246,169264,169280,169285,169316,169253,169272,169284,169247,169256,169262,169267,169277,169287,169259,169267
169316,169333,169351,169355,169387,169324,169345,169354,169319,169328,169339,169340,169349,169356,169332,169340
169387,169404,169424,169428,169452,169395,169416,169427,169389,169398,169410,169410,169422,169429,169402,169410
169452,169471,169491,169495,169522,169463,169485,169494,169457,169467,169474,169481,169489,169498,169470,169477
169522,169542,169558,169562,169590,169531,169551,169561,169525,169536,169543,169547,169556,169562,169540,169547
169590,169612,169630,169635,169661,169599,169623,169634,169594,169603,169613,169618,169628,169638,169607,169618
169661,169680,169698,169703,169727,169668,169692,169702,169662,169672,169683,169688,169696,169703,169680,169688
169727,169748,169766,169772,169794,169737,169760,169771,169731,169741,169750,169756,169764,169773,169746,169753
169794,169817,169830,169833,169867,169803,169824,169832,169798,169807,169814,169819,169828,169834,169810,169816
169867,169890,169906,169910,169949,169875,169897,169908,169869,169879,169885,169891,169903,169912,169882,169888
169949,169973,169991,169995,170034,169958,169984,169995,169952,169962,169970,169973,169989,169998,169965,169973
170034,170056,170071,170074,170093,170042,170063,170073,170036,170045,170051,170057,170069,170076,170048,170054
170093,170109,170121,170129,170190,170102,170114,170124,170095,170108,170114,170114,170119,170127,170114,170123
170190,170219,170234,170243,170282,170210,170228,170242,170204,170213,170220,170222,170232,170245,170216,170222
170282,170305,170326,170331,170359,170291,170311,170329,170285,170294,170300,170306,170325,170333,170297,170303
170359,170384,170396,170407,170435,170367,170390,170406,170361,170370,170377,170385,170394,170410,170373,170381
170435,170459,170474,170480,170512,170444,170468,170479,170438,170449,170457,170463,170473,170483,170453,170460
170512,170537,170550,170555,170591,170521,170544,170554,170514,170524,170530,170538,170548,170555,170527,170534
170591,170616,170631,170634,170671,170600,170623,170633,170593,170603,170609,170615,170629,170636,170606,170612
170671,170696,170709,170712,170750,170679,170702,170711,170673,170683,170691,170697,170707,170715,170686,170694
170750,170779,170792,170797,170833,170760,170786,170796,170753,170764,170773,170780,170791,170798,170769,170776
170833,170858,170873,170877,170916,170841,170866,170876,170835,170844,170849,170854,170871,170879,170846,170851
170916,170941,170959,170963,171000,170926,170951,170962,170920,170931,170932,170935,170957,170965,170932,170935
171000,171024,171039,171050,171086,171010,171033,171049,171004,171014,171022,171028,171038,171052,171018,171025
171086,171111,171124,171130,171170,171094,171118,171129,171088,171098,171106,171113,171122,171136,171101,171110
171170,171192,171208,171213,171254,171180,171202,171212,171172,171185,171193,171198,171206,171221,171189,171195
171254,171275,171292,171297,171336,171262,171286,171296,171256,171267,171277,171282,171290,171304,171273,171279
171336,171359,171376,171381,171418,171346,171369,171380,171340,171350,171358,171364,171374,171387,171354,171361
171418,171443,171461,171465,171500,171428,171453,171464,171421,171432,171440,171446,171459,171468,171435,171443
171500,171521,171538,171552,171581,171509,171532,171548,171502,171512,171524,171527,171536,171556,171514,171517
171581,171602,171620,171625,171658,171589,171613,171624,171583,171593,171606,171608,171618,171627,171595,171598
171658,171681,171699,171708,171742,171670,171693,171707,171664,171674,171683,171689,171697,171710,171679,171686
171742,171765,171781,171785,171820,171750,171773,171784,171744,171754,171761,171768,171779,171787,171757,171764
171820,171842,171862,171867,171902,171830,171854,171866,171824,171834,171847,171850,171861,171870,171841,171850
171902,171930,171942,171947,171993,171913,171936,171946,171907,171916,171923,171931,171940,171949,171919,171927
171993,172017,172032,172039,172081,172002,172025,172038,171996,172006,172013,172018,172030,172043,172009,172018
172081,172109,172121,172125,172169,172092,172115,172124,172085,172097,172104,172111,172119,172129,172101,172108
172169,172192,172207,172215,172253,172177,172200,172214,172171,172181,172189,172195,172205,172220,172184,172192
172253,172276,172291,172296,172337,172262,172285,172295,172256,172266,172277,172280,172289,172306,172269,172280
172337,172362,172376,172381,172423,172347,172370,172380,172341,172350,172358,172365,172374,172383,172354,172362
172423,172444,172460,172470,172507,172431,172454,172466,172425,172434,172442,172449,172458,172478,172437,172446
172507,172530,172549,172554,172594,172516,172540,172553,172510,172519,172527,172533,172547,172556,172523,172530
172594,172621,172634,172638,172683,172604,172628,172637,172598,172607,172616,172623,172633,172641,172611,172619
172683,172709,172725,172732,172773,172693,172718,172731,172688,172697,172704,172712,172724,172733,172700,172707
172773,172792,172810,172818,172858,172781,172803,172815,172775,172784,172796,172799,172808,172820,172787,172799
172858,172882,172897,172901,172934,172867,172891,172900,172861,172870,172877,172886,172895,172902,172873,172882
172934,172964,172984,172989,173025,172953,172978,172988,172948,172956,172965,172974,172983,172991,172960,172970
173025,173053,173073,173077,173123,173044,173067,173076,173038,173047,173058,173064,173071,173079,173052,173061
173123,173144,173163,173172,173208,173131,173157,173169,173126,173134,173139,173142,173161,173175,173136,173142
173208,173226,173246,173251,173275,173216,173240,173250,173211,173220,173231,173237,173244,173252,173224,173234
173275,173312,173330,173336,173363,173299,173323,173335,173294,173303,173311,173318,173329,173338,173306,173315
173363,173397,173409,173423,173449,173382,173404,173415,173377,173385,173392,173399,173408,173415,173389,173396
173449,173479,173496,173522,173544,173467,173489,173499,173461,173470,173478,173481,173494,173501,173473,173481
173544,173563,173584,173610,173629,173554,173578,173586,173548,173557,173567,173574,173582,173590,173561,173571
173629,173648,173666,173689,173713,173639,173660,173673,173634,173642,173649,173655,173666,173676,173645,173652
173713,173736,173753,173761,173795,173722,173747,173760,173717,173725,173732,173742,173751,173765,173728,173734
173795,173818,173836,173844,173866,173806,173817,173825,173801,173810,173813,173813,173818,173825,173813,173822
173866,173902,173921,173928,173956,173891,173903,173910,173885,173895,173899,173899,173904,173910,173899,173907
173956,173986,174008,174018,174047,173976,174001,174013,173971,173980,173991,173997,174007,174018,173983,173994
174047,174067,174087,174095,174128,174057,174080,174093,174052,174061,174069,174076,174085,174101,174064,174072
174128,174148,174168,174177,174204,174139,174162,174174,174133,174143,174152,174158,174167,174179,174146,174155
174204,174231,174253,174263,174296,174222,174246,174260,174217,174226,174233,174240,174253,174264,174229,174236
174296,174327,174344,174355,174379,174314,174329,174334,174309,174317,174323,174324,174330,174334,174319,174324
174379,174415,174436,174440,174487,174406,174430,174439,174401,174409,174421,174427,174434,174441,174412,174424
174487,174507,174527,174536,174573,174495,174520,174532,174489,174500,174510,174516,174525,174536,174506,174513
174573,174599,174619,174625,174676,174589,174613,174622,174584,174593,174603,174610,174618,174625,174597,174607
174676,174694,174715,174721,174767,174684,174709,174720,174679,174688,174697,174704,174714,174723,174692,174701
174767,174783,174806,174811,174836,174775,174799,174809,174770,174779,174787,174794,174804,174813,174782,174789
174836,174873,174890,174911,174942,174862,174883,174899,174856,174865,174872,174877,174888,174900,174868,174874
174942,174959,174980,174985,175011,174950,174975,174984,174945,174954,174965,174971,174979,174986,174957,174971
175011,175048,175069,175073,175126,175039,175063,175072,175034,175042,175050,175057,175067,175074,175046,175052
175126,175147,175166,175194,175215,175134,175160,175170,175128,175137,175143,175156,175164,175174,175140,175146
175215,175237,175259,175269,175308,175227,175253,175268,175222,175232,175242,175248,175257,175270,175238,175245
175308,175328,175348,175355,175390,175318,175340,175352,175312,175321,175329,175335,175346,175355,175324,175332
175390,175425,175439,175445,175491,175408,175433,175444,175403,175411,175419,175428,175438,175447,175415,175423
175491,175517,175533,175538,175565,175500,175526,175537,175495,175503,175512,175522,175531,175539,175506,175518
175565,175604,175623,175637,175674,175593,175618,175625,175588,175597,175607,175613,175621,175625,175601,175610
175674,175695,175714,175727,175764,175684,175708,175718,175678,175689,175699,175704,175712,175718,175693,175701
175764,175785,175805,175837,175858,175775,175799,175811,175769,175778,175788,175795,175803,175811,175782,175792
175858,175878,175898,175908,175958,175867,175890,175902,175861,175870,175879,175886,175896,175906,175873,175883
175958,175982,176001,176008,176057,175967,175994,176005,175961,175971,175982,175989,175999,176009,175973,175986
176057,176084,176098,176127,176154,176068,176092,176102,176062,176071,176078,176086,176096,176102,176074,176081
176154,176176,176195,176208,176239,176164,176189,176201,176158,176167,176178,176185,176193,176201,176170,176182
176239,176268,176288,176296,176337,176257,176282,176295,176252,176261,176271,176278,176286,176300,176264,176275
176337,176356,176376,176386,176416,176345,176370,176381,176340,176349,176360,176366,176374,176381,176352,176366
176416,176447,176463,176472,176513,176433,176457,176469,176427,176436,176444,176452,176462,176474,176439,176448
176513,176535,176554,176559,176599,176521,176548,176558,176516,176525,176537,176543,176552,176561,176528,176540
176599,176632,176647,176657,176693,176617,176641,176653,176611,176620,176627,176636,176646,176653,176623,176631
176693,176723,176742,176748,176798,176713,176736,176746,176708,176717,176727,176733,176741,176748,176720,176730
176798,176822,176837,176841,176888,176807,176831,176840,176801,176810,176818,176826,176835,176845,176813,176823
176888,176912,176934,176939,176979,176900,176927,176938,176895,176903,176909,176911,176932,176941,176905,176911
176979,177008,177027,177031,177083,176997,177021,177030,176991,177000,177011,177017,177025,177033,177007,177014
177083,177108,177122,177128,177175,177090,177116,177125,177085,177094,177103,177111,177120,177129,177097,177108
177175,177195,177214,177223,177257,177183,177208,177218,177177,177186,177200,177205,177212,177225,177189,177202
177257,177290,177307,177313,177358,177275,177300,177310,177270,177279,177287,177296,177305,177315,177282,177291
177358,177386,177400,177406,177448,177367,177393,177403,177361,177371,177380,177388,177398,177406,177375,177384
177448,177482,177494,177530,177553,177465,177489,177497,177459,177469,177478,177485,177493,177499,177474,177482
177553,177572,177595,177605,177643,177563,177588,177600,177558,177567,177575,177583,177593,177604,177571,177579
177643,177669,177688,177694,177734,177658,177682,177691,177653,177662,177671,177678,177686,177694,177666,177675
177734,177763,177784,177790,177842,177753,177778,177789,177747,177756,177767,177773,177783,177792,177760,177773
177842,177865,177882,177896,177935,177851,177876,177888,177845,177854,177860,177871,177880,177888,177857,177862
177935,177962,177982,177990,178039,177952,177976,177987,177946,177955,177965,177971,177981,177991,177960,177968
178039,178058,178081,178087,178139,178049,178075,178084,178043,178053,178061,178070,178079,178087,178057,178066
178139,178159,178181,178186,178224,178149,178175,178185,178143,178153,178164,178170,178179,178192,178158,178167
178224,178258,178283,178289,178325,178250,178277,178288,178244,178254,178263,178272,178281,178290,178257,178268
178325,178361,178382,178391,178426,178352,178377,178390,178346,178355,178365,178372,178381,178394,178360,178368
178426,178461,178481,178485,178540,178451,178475,178484,178445,178454,178466,178472,178479,178486,178457,178469
178540,178565,178581,178585,178637,178550,178575,178584,178544,178553,178561,178569,178579,178586,178557,178564
178637,178663,178678,178688,178728,178646,178671,178687,178640,178649,178656,178664,178677,178691,178652,178659
178728,178753,178772,178780,178820,178740,178765,178776,178734,178744,178755,178761,178770,178780,178751,178761
178820,178846,178866,178872,178919,178836,178860,178871,178831,178840,178849,178855,178865,178875,178844,178852
178919,178942,178962,178965,179019,178931,178956,178964,178925,178934,178948,178953,178960,178967,178937,178942
179019,179046,179063,179093,179117,179029,179053,179068,179023,179032,179040,179048,179062,179071,179036,179044
179117,179143,179160,179169,179207,179127,179153,179164,179122,179131,179138,179145,179159,179168,179134,179141
179207,179235,179256,179282,179309,179224,179250,179263,179219,179227,179235,179245,179255,179266,179230,179237
179309,179327,179346,179351,179388,179317,179340,179350,179311,179320,179333,179337,179345,179352,179323,179328
179388,179424,179442,179469,179493,179410,179435,179445,179404,179413,179420,179425,179440,179447,179416,179422
179493,179519,179533,179536,179587,179502,179527,179535,179496,179505,179511,179522,179531,179538,179508,179515
179587,179607,179628,179634,179674,179596,179621,179633,179590,179599,179608,179616,179627,179636,179602,179613
179674,179692,179713,179717,179759,179683,179708,179716,179678,179687,179697,179704,179711,179718,179690,179701
179759,179784,179802,179812,179848,179771,179795,179811,179766,179773,179779,179783,179800,179815,179776,179783
179848,179878,179894,179899,179943,179861,179888,179898,179856,179864,179872,179882,179893,179902,179867,179878
179943,179967,179984,179989,180027,179953,179976,179988,179947,179956,179963,179970,179982,179991,179959,179967
180027,180061,180072,180079,180107,180041,180067,180078,180035,180044,180051,180062,180071,180089,180047,180058
180107,180142,180160,180166,180228,180129,180154,180163,180123,180133,180143,180149,180158,180167,180137,180146
180228,180257,180266,180270,180329,180237,180261,180269,180230,180240,180248,180256,180264,180272,180244,180252
180329,180357,180368,180371,180429,180338,180362,180370,180332,180341,180350,180357,180366,180372,180345,180354
180429,180456,180467,180469,180528,180438,180462,180468,180432,180441,180450,180457,180465,180470,180445,180454
180528,180556,180568,180581,180629,180538,180562,180580,180532,180541,180549,180557,180566,180585,180544,180553
180629,180657,180671,180675,180726,180639,180665,180673,180633,180642,180654,180661,180669,180677,180645,180658
180726,180763,180777,180781,180822,180744,180771,180780,180738,180748,180755,180765,180775,180784,180751,180759
180822,180862,180879,180885,180937,180845,180871,180883,180840,180848,180855,180864,180877,180887,180851,180858
180937,180965,180984,180996,181048,180954,180979,180988,180948,180958,180969,180975,180983,180988,180965,180972
181048,181076,181093,181099,181158,181059,181087,181097,181053,181062,181069,181077,181092,181100,181065,181072
181158,181184,181198,181206,181257,181166,181192,181201,181160,181168,181175,181188,181196,181205,181171,181185
181257,181286,181298,181332,181356,181267,181292,181301,181261,181270,181279,181288,181296,181304,181274,181284
181356,181384,181401,181405,181459,181369,181395,181404,181363,181373,181384,181391,181399,181408,181379,181388
181459,181495,181509,181514,181571,181475,181503,181513,181470,181478,181490,181498,181508,181516,181481,181494
181571,181596,181614,181639,181663,181582,181608,181618,181577,181585,181589,181594,181612,181623,181587,181594
181663,181703,181723,181727,181785,181690,181719,181726,181684,181694,181708,181715,181722,181727,181697,181712
181785,181809,181828,181835,181885,181794,181822,181831,181789,181797,181803,181808,181826,181835,181800,181805
181885,181915,181929,181969,181995,181899,181924,181932,181893,181902,181910,181915,181927,181934,181905,181912
181995,182024,182038,182069,182108,182005,182032,182043,182000,182008,182016,182026,182036,182053,182012,182020
182108,182134,182150,182157,182217,182117,182144,182154,182112,182120,182128,182140,182148,182157,182123,182137
182217,182240,182259,182266,182313,182226,182253,182263,182220,182229,182234,182239,182257,182269,182231,182239
182313,182346,182362,182394,182422,182328,182356,182367,182323,182331,182339,182351,182361,182370,182334,182347
182422,182447,182463,182483,182522,182430,182458,182480,182424,182433,182440,182453,182475,182483,182436,182450
182522,182557,182571,182575,182628,182537,182565,182574,182532,182541,182549,182559,182569,182578,182544,182552
182628,182656,182670,182674,182718,182637,182663,182673,182631,182641,182650,182659,182668,182677,182644,182655
182718,182760,182775,182792,182827,182742,182768,182778,182736,182746,182754,182763,182773,182781,182750,182759
182827,182863,182874,182892,182938,182845,182869,182876,182839,182849,182857,182864,182872,182876,182853,182860
182938,182958,182980,182985,183036,182948,182974,182983,182943,182952,182963,182970,182978,182986,182955,182967
183036,183060,183076,183081,183122,183046,183069,183080,183039,183049,183056,183062,183075,183083,183053,183059
183122,183161,183176,183180,183229,183145,183168,183179,183139,183148,183155,183162,183173,183182,183151,183158
183229,183262,183279,183294,183325,183247,183273,183284,183241,183250,183258,183269,183277,183284,183253,183266
183325,183361,183376,183383,183422,183344,183370,183382,183339,183348,183355,183364,183374,183387,183351,183358
183422,183453,183471,183497,183522,183437,183463,183475,183431,183439,183445,183451,183470,183479,183442,183448
183522,183542,183563,183568,183620,183530,183557,183567,183525,183534,183547,183553,183561,183576,183536,183550
183620,183644,183659,183663,183715,183628,183652,183662,183623,183631,183640,183648,183657,183666,183635,183645
183715,183734,183755,183762,183811,183723,183749,183757,183718,183727,183739,183745,183753,183761,183730,183742
183811,183836,183850,183856,183904,183818,183843,183854,183813,183821,183828,183838,183848,183859,183824,183833
183904,183929,183946,183952,183980,183912,183939,183950,183906,183915,183922,183932,183944,183952,183918,183926
183980,184022,184038,184045,184085,184005,184032,184044,183999,184008,184014,184022,184036,184050,184011,184017
184085,184117,184134,184137,184173,184100,184128,184136,184095,184103,184109,184115,184132,184141,184106,184112
184173,184206,184225,184232,184274,184192,184213,184229,184187,184195,184201,184207,184224,184234,184198,184204
184274,184302,184316,184320,184366,184284,184310,184319,184279,184287,184294,184305,184314,184323,184290,184298
184366,184394,184412,184424,184458,184380,184406,184416,184374,184383,184390,184402,184410,184416,184386,184392
184458,184487,184506,184522,184551,184474,184498,184511,184469,184477,184484,184490,184504,184511,184480,184487
184551,184580,184592,184607,184635,184562,184587,184596,184556,184565,184571,184582,184590,184596,184567,184579
184635,184670,184685,184696,184734,184653,184678,184690,184647,184657,184665,184673,184684,184695,184661,184669
184734,184762,184781,184788,184839,184749,184775,184787,184744,184753,184762,184771,184780,184788,184756,184767
184839,184863,184881,184887,184910,184848,184874,184886,184842,184852,184861,184865,184880,184891,184855,184865
184910,184954,184977,184959,185022,184946,184955,184959,184941,184949,184952,184952,184956,184967,184952,184964
185022,185056,185071,185076,185130,185041,185065,185075,185036,185043,185050,185056,185070,185077,185046,185053
185130,185153,185171,185177,185221,185138,185164,185174,185133,185141,185150,185158,185169,185177,185145,185153
185221,185250,185269,185274,185321,185236,185262,185273,185230,185239,185247,185253,185268,185277,185242,185250
185321,185340,185362,185366,185423,185330,185356,185365,185324,185334,185342,185352,185361,185368,185337,185352
185423,185450,185462,185468,185520,185431,185456,185467,185425,185434,185442,185451,185460,185474,185438,185446
185520,185549,185568,185574,185628,185536,185562,185573,185531,185539,185552,185558,185566,185582,185542,185548
185628,185650,185672,185677,185726,185637,185665,185675,185631,185641,185653,185660,185670,185678,185644,185657
185726,185751,185765,185797,185821,185735,185759,185770,185729,185739,185747,185754,185763,185774,185742,185750
185821,185851,185863,185869,185920,185831,185857,185868,185825,185834,185841,185852,185862,185871,185837,185846
185920,185948,185959,185968,186018,185928,185954,185967,185923,185931,185939,185949,185963,185971,185934,185945
186018,186038,186059,186075,186116,186027,186053,186065,186021,186031,186041,186048,186057,186065,186034,186045
186116,186143,186154,186191,186215,186124,186149,186158,186118,186127,186137,186144,186152,186158,186132,186141
186215,186245,186256,186261,186318,186224,186250,186260,186218,186228,186237,186245,186254,186264,186232,186241
186318,186346,186359,186372,186416,186326,186352,186368,186321,186330,186339,186347,186358,186373,186334,186343
186416,186442,186461,186488,186523,186433,186455,186471,186427,186436,186444,186451,186459,186475,186440,186448
186523,186544,186570,186574,186622,186531,186558,186561,186526,186534,186547,186553,186568,186575,186536,186550
186622,186642,186661,186680,186717,186630,186655,186663,186624,186633,186646,186651,186659,186666,186636,186641
186717,186747,186762,186768,186819,186729,186756,186765,186724,186732,186740,186752,186760,186772,186735,186749
186819,186839,186860,186882,186913,186827,186852,186872,186821,186830,186839,186839,186858,186872,186833,186839
186913,186941,186953,186958,187014,186924,186947,186957,186918,186927,186935,186943,186951,186959,186931,186939
187014,187041,187056,187065,187120,187024,187051,187064,187018,187027,187034,187046,187054,187068,187030,187035
187120,187145,187171,187192,187213,187135,187160,187174,187130,187139,187149,187156,187170,187176,187144,187152
187213,187247,187268,187276,187319,187236,187262,187273,187230,187240,187250,187258,187266,187278,187243,187255
187319,187341,187360,187372,187413,187327,187354,187371,187322,187330,187336,187350,187358,187375,187333,187347
187413,187440,187453,187479,187506,187421,187448,187455,187415,187423,187430,187443,187451,187458,187426,187432
187506,187539,187552,187561,187600,187521,187546,187557,187516,187525,187533,187542,187551,187563,187528,187538
187600,187634,187649,187654,187706,187619,187643,187653,187613,187622,187630,187637,187647,187656,187625,187633
187706,187732,187747,187768,187797,187715,187740,187753,187709,187717,187724,187733,187745,187756,187721,187728
187797,187823,187846,187853,187902,187814,187840,187850,187808,187818,187828,187836,187844,187853,187822,187832
187902,187921,187943,187949,188002,187911,187937,187946,187906,187915,187925,187933,187942,187949,187918,187930
188002,188025,188043,188048,188077,188011,188037,188047,188005,188014,188021,188033,188041,188048,188017,188022
188077,188117,188135,188148,188194,188105,188129,188140,188099,188108,188115,188124,188133,188140,188111,188120
188194,188222,188235,188239,188289,188203,188229,188238,188196,188207,188215,188223,188233,188241,188211,188218
188289,188309,188329,188334,188372,188298,188323,188333,188291,188305,188314,188319,188328,188338,188310,188319
188372,188399,188420,188424,188462,188390,188415,188423,188385,188393,188402,188411,188419,188426,188396,188408
188462,188500,188515,188520,188569,188482,188508,188518,188476,188484,188491,188504,188513,188522,188487,188501
188569,188595,188610,188614,188652,188577,188604,188613,188572,188580,188586,188599,188608,188617,188583,188589
188652,188689,188704,188709,188758,188672,188698,188708,188667,188675,188687,188694,188702,188712,188678,188691
188758,188788,188804,188808,188862,188773,188798,188807,188767,188776,188783,188793,188802,188810,188779,188785
188862,188884,188904,188912,188950,188871,188897,188909,188865,188874,188887,188893,188902,188913,188877,188890
188950,188983,189005,189012,189064,188972,188999,189011,188966,188976,188988,188995,189003,189014,188980,188992
189064,189092,189105,189129,189150,189072,189099,189109,189067,189076,189087,189095,189104,189115,189079,189091
189150,189187,189201,189207,189251,189169,189195,189206,189164,189172,189181,189190,189199,189211,189175,189187
189251,189279,189291,189296,189336,189259,189285,189295,189254,189262,189270,189279,189290,189299,189266,189275
189336,189357,189379,189385,189433,189348,189374,189384,189342,189353,189362,189369,189377,189393,189358,189366
189433,189457,189474,189478,189524,189441,189467,189477,189435,189445,189451,189457,189472,189480,189448,189454
189524,189547,189565,189570,189617,189534,189558,189569,189528,189537,189543,189547,189563,189572,189540,189547
189617,189642,189659,189663,189706,189627,189653,189662,189622,189630,189637,189649,189657,189666,189633,189646
189706,189740,189755,189773,189815,189724,189749,189772,189719,189727,189734,189740,189767,189775,189730,189736
189815,189839,189855,,189904,189824,189850,189860,189818,189828,189838,189845,189854,189860,189831,189842
189904,189928,189950,189935,189982,189919,189930,189935,189914,189923,189927,189927,189932,189939,189927,189935
189982,190022,190040,190049,190081,190005,190032,190043,190000,190008,190016,190026,190038,190047,190012,190020
190081,190106,190125,190132,190165,190094,190118,190128,190089,190098,190105,190113,190123,190132,190101,190109
190165,190194,190210,190220,190246,190184,190205,190219,190179,190187,190194,190200,190209,190224,190190,190197
190246,190289,190303,190308,190353,190273,190297,190307,190268,190276,190283,190291,190301,190308,190279,190286
190353,190379,190393,190422,190444,190362,190387,190397,190356,190365,190371,190383,190392,190400,190367,190380
190444,190470,190482,190486,190536,190452,190476,190485,190446,190455,190462,190471,190480,190489,190458,190466
190536,190558,190577,190595,190629,190544,190572,190580,190539,190547,190561,190568,190576,190582,190550,190565
190629,190654,190669,190675,190722,190638,190663,190674,190633,190641,190648,190659,190668,190676,190644,190656
190722,190743,190760,190764,190808,190730,190755,190763,190724,190732,190745,190751,190758,190765,190735,190748
190808,190838,190849,190856,190898,190818,190843,190855,190812,190822,190831,190839,190847,190860,190827,190835
190898,190922,190941,190945,190981,190907,190935,190944,190901,190910,190914,190919,190939,190949,190912,190919
190981,191019,191032,191045,191072,191000,191026,191037,190994,191003,191011,191020,191030,191037,191006,191016
191072,191108,191121,191148,191174,191091,191115,191124,191086,191094,191103,191111,191119,191127,191097,191108
191174,191200,191212,191219,191265,191183,191206,191215,191178,191186,191194,191202,191210,191219,191189,191199
191265,191294,191306,191311,191357,191274,191300,191310,191268,191278,191288,191296,191304,191315,191282,191292
191357,191385,191397,191401,191440,191366,191392,191400,191360,191369,191380,191387,191395,191405,191372,191384
191440,191477,191497,191499,191541,191458,191492,191499,191453,191461,191468,191475,191495,191502,191464,191471
191541,191569,191583,191590,191635,191550,191576,191589,191544,191553,191561,191570,191581,191594,191557,191565
191635,191666,191677,191680,191731,191645,191671,191679,191639,191648,191660,191667,191675,191682,191650,191664
191731,191756,191769,191774,191819,191737,191762,191772,191731,191740,191746,191755,191767,191777,191743,191750
191819,191844,191862,191870,191901,191826,191854,191865,191820,191830,191837,191848,191860,191869,191833,191840
191901,191940,191952,191957,192003,191920,191946,191954,191915,191924,191931,191939,191950,191958,191928,191935
192003,192031,192045,192052,192097,192012,192038,192048,192007,192015,192022,192032,192043,192052,192018,192026
192097,192125,192138,192160,192186,192106,192132,192142,192100,192109,192115,192124,192137,192144,192112,192119
192186,192214,192228,192233,192279,192198,192221,192232,192191,192202,192209,192215,192226,192238,192206,192215
192279,192304,192320,192323,192371,192289,192313,192322,192283,192291,192297,192302,192318,192325,192294,192299
192371,192404,192416,192417,192458,192384,192412,192417,192377,192387,192392,192407,192414,192419,192389,192404
192458,192489,192506,192520,192552,192476,192500,192511,192471,192480,192482,192496,192505,192524,192481,192483
192552,192573,192596,192600,192631,192565,192590,192599,192560,192568,192576,192585,192594,192602,192571,192582
192631,192664,192685,192690,192728,192656,192680,192689,192650,192659,192669,192676,192683,192690,192663,192672
192728,192755,192778,192793,192824,192746,192772,192782,192741,192750,192761,192768,192776,192782,192757,192765
192824,192855,192869,192900,192923,192840,192863,192875,192835,192843,192850,192857,192868,192875,192846,192853
192923,192947,192960,192965,193011,192930,192954,192962,192925,192933,192940,192950,192958,192965,192936,192943
193011,193039,193052,193057,193083,193023,193046,193056,193017,193027,193033,193041,193050,193058,193030,193037
193083,193124,193147,193158,193198,193115,193142,193152,193110,193119,193130,193137,193145,193152,193123,193134
193198,193223,193238,193244,193289,193207,193231,193243,193202,193211,193219,193226,193236,193247,193215,193222
193289,193315,193328,193334,193381,193298,193321,193332,193292,193301,193309,193316,193326,193338,193305,193313
193381,193409,193420,193426,193455,193390,193414,193423,193383,193394,193402,193410,193418,193427,193399,193406
193455,193489,193511,193494,193551,193480,193491,193494,193475,193483,193487,193487,193492,193500,193487,193496
193551,193588,193604,193610,193641,193572,193597,193607,193567,193575,193580,193590,193602,193611,193577,193583
193641,193680,193694,193701,193733,193663,193687,193700,193657,193667,193674,193682,193693,193705,193670,193678
193733,193768,193782,193801,193832,193750,193776,193786,193745,193753,193760,193771,193780,193788,193756,193767
193832,193857,193872,193878,193911,193840,193865,193875,193834,193843,193851,193859,193870,193879,193846,193855
193911,193949,193960,193963,194010,193929,193954,193962,193923,193932,193943,193950,193958,193964,193935,193947
194010,194038,194051,194055,194098,194019,194046,194054,194012,194022,194029,194041,194050,194057,194025,194032
194098,194127,194141,194145,194188,194109,194135,194144,194103,194112,194118,194129,194139,194148,194114,194126
194188,194218,194229,194232,194279,194198,194224,194231,194193,194201,194209,194219,194227,194234,194204,194216
194279,194305,194317,194325,194370,194286,194311,194320,194281,194288,194294,194307,194315,194323,194291,194297
194370,194395,194409,194414,194455,194378,194403,194413,194371,194381,194388,194396,194407,194415,194384,194391
194455,194483,194502,194508,194540,194467,194492,194505,194461,194470,194477,194485,194500,194509,194473,194481
194540,194569,194581,194584,194630,194553,194575,194583,194547,194556,194563,194571,194579,194587,194559,194568
194630,194658,194669,194672,194716,194639,194663,194671,194633,194643,194652,194659,194667,194674,194647,194656
194716,194739,194754,194767,194802,194724,194748,194758,194719,194727,194732,194736,194752,194758,194729,194736
194802,194830,194842,194853,194883,194811,194836,194852,194805,194816,194825,194832,194840,194854,194822,194829
194883,194908,194926,194936,194972,194897,194921,194929,194891,194902,194911,194917,194924,194929,194908,194914
194972,194999,195015,195024,195060,194984,195009,195020,194977,194989,194997,195004,195014,195023,194993,195001
195060,195091,195103,195107,195133,195073,195097,195106,195068,195076,195083,195092,195101,195108,195079,195087
195133,195171,195190,195196,195228,195161,195182,195195,195155,195165,195175,195175,195189,195198,195168,195175
195228,195253,195274,195280,195321,195244,195268,195277,195239,195248,195257,195264,195272,195281,195251,195261
195321,195342,195357,195360,195404,195327,195351,195359,195322,195330,195336,195340,195355,195363,195332,195340
195404,195428,195443,195453,195489,195412,195437,195452,195407,195415,195422,195432,195441,195457,195418,195425
195489,195510,195529,195535,195558,195498,195523,195534,195492,195501,195510,195518,195527,195535,195505,195514
195558,195596,195611,195616,195638,195580,195605,195615,195575,195583,195590,195601,195610,195617,195586,195593
195638,195675,195700,195712,195734,195666,195681,195687,195660,195669,195673,195673,195682,195687,195673,195685
195734,195761,195781,195789,195823,195750,195775,195784,195744,195753,195759,195762,195780,195787,195755,195762
195823,195845,195866,195869,195908,195835,195860,195868,195830,195838,195846,195856,195864,195872,195841,195853
195908,195932,195950,195958,195978,195918,195944,195954,195913,195922,195929,195939,195949,195958,195925,195936
195978,196017,196033,196037,196074,196001,196027,196036,195995,196004,196011,196022,196031,196039,196007,196014
196074,196091,196099,196103,196144,196084,196095,196103,196079,196088,196091,196091,196097,196107,196091,196104
196144,196179,196197,196202,196240,196169,196191,196201,196164,196172,196179,196185,196196,196203,196175,196181
196240,196260,196283,196288,196320,196251,196276,196287,196245,196256,196265,196271,196282,196291,196261,196268
196320,196342,196362,196380,196409,196333,196357,196368,196328,196337,196345,196352,196360,196368,196341,196349
196409,196436,196449,196457,196481,196418,196443,196456,196412,196422,196430,196438,196447,196461,196425,196434
196481,196518,196531,196543,196574,196501,196525,196539,196495,196503,196511,196520,196529,196544,196507,196516
196574,196600,196612,196622,196660,196582,196606,196616,196577,196585,196593,196601,196610,196616,196589,196597
196660,196685,196701,196706,196740,196668,196693,196705,196662,196672,196679,196686,196699,196709,196675,196682
196740,196765,196783,196794,196824,196750,196777,196793,196745,196753,196761,196772,196782,196797,196756,196769
196824,196842,196863,196868,196894,196832,196857,196866,196826,196835,196848,196854,196862,196870,196838,196851
196894,196927,196944,196949,196978,196915,196938,196948,196909,196919,196925,196927,196943,196951,196921,196927
196978,197008,197033,197051,197079,197001,197027,197036,196996,197004,197011,197017,197031,197038,197007,197013
197079,197103,197125,197132,197163,197089,197116,197128,197084,197092,197099,197112,197124,197132,197095,197109
197163,197195,197209,197215,197260,197179,197203,197213,197173,197182,197189,197196,197208,197217,197185,197192
197260,197287,197298,197301,197333,197268,197292,197300,197262,197271,197280,197287,197296,197306,197275,197284
197333,197367,197383,197389,197428,197355,197376,197388,197350,197358,197365,197369,197381,197396,197361,197369
197428,197453,197470,197474,197518,197441,197466,197474,197435,197446,197455,197461,197469,197479,197451,197458
197518,197544,197561,197564,197601,197527,197551,197563,197521,197530,197537,197545,197559,197567,197533,197541
197601,197630,197641,197647,197695,197613,197635,197646,197606,197616,197622,197629,197640,197650,197619,197626
197695,197725,197734,197738,197786,197704,197729,197737,197697,197708,197717,197725,197733,197739,197714,197721
197786,197812,197824,197829,197875,197794,197819,197828,197787,197801,197808,197814,197823,197833,197805,197811
197875,197901,197917,197921,197964,197884,197909,197919,197877,197888,197892,197899,197915,197922,197890,197896
197964,197993,198014,198017,198059,197974,197999,198017,197967,197983,197988,197994,198012,198018,197986,197991
198059,198085,198097,198101,198146,198066,198091,198100,198060,198068,198073,198087,198095,198102,198070,198075
198146,198174,198185,198198,198238,198155,198180,198197,198149,198159,198166,198174,198193,198200,198162,198170
198238,198265,198276,198279,198322,198245,198271,198278,198239,198248,198254,198266,198274,198281,198251,198263
198322,198350,198361,198366,198411,198331,198356,198365,198325,198334,198342,198350,198359,198369,198338,198347
198411,198439,198450,198455,198503,198419,198445,198452,198413,198422,198429,198441,198448,198455,198424,198438
198503,198529,198542,198571,198596,198510,198536,198546,198504,198513,198520,198530,198540,198548,198516,198524
198596,198619,198635,198640,198675,198603,198629,198639,198597,198605,198610,198615,198633,198642,198607,198612
198675,198710,198721,198725,198775,198692,198717,198725,198687,198695,198701,198708,198720,198728,198698,198705
198775,198801,198810,198811,198868,198784,198807,198811,198779,198787,198794,198800,198808,198813,198791,198797
198868,198896,198904,198906,198958,198876,198901,198907,198871,198879,198886,198894,198902,198907,198882,198890
198958,198985,198998,199000,199038,198965,198992,198999,198959,198968,198973,198979,198996,199002,198970,198976
199038,199076,199089,199094,199136,199054,199082,199093,199049,199058,199067,199077,199087,199096,199062,199073
199136,199163,199184,199193,199226,199144,199171,199190,199138,199147,199153,199165,199183,199190,199150,199162
199226,199251,199266,199269,199317,199234,199259,199268,199228,199236,199242,199249,199264,199271,199239,199245
199317,199344,199356,199360,199403,199325,199351,199359,199319,199328,199330,199347,199355,199362,199329,199344
199403,199432,199443,199449,199495,199414,199437,199446,199407,199417,199424,199433,199441,199450,199420,199430
199495,199523,199532,199534,199585,199504,199527,199534,199497,199506,199513,199521,199530,199538,199509,199517
199585,199614,199624,199628,199676,199594,199618,199627,199587,199596,199602,199612,199623,199631,199599,199608
199676,199704,199717,199721,199766,199686,199711,199720,199679,199689,199697,199705,199715,199725,199692,199702
199766,199793,199803,199818,199854,199774,199810,199817,199768,199776,199783,199792,199813,199819,199779,199789
199854,199882,199893,199896,199945,199862,199887,199895,199856,199864,199871,199882,199891,199899,199867,199878
199945,199974,199985,199987,200034,199953,199980,199986,199947,199957,199968,199975,199983,199988,199960,199972
200034,200062,200072,200082,200122,200044,200067,200076,200036,200047,200054,200061,200070,200076,200051,200058
200122,200150,200163,200169,200212,200132,200157,200168,200126,200134,200139,200151,200162,200172,200136,200148
200212,200240,200251,200254,200291,200220,200245,200253,200213,200222,200231,200239,200249,200257,200225,200236
200291,200326,200339,200342,200389,200308,200334,200342,200302,200311,200318,200325,200338,200346,200314,200321
200389,200415,200432,200436,200477,200398,200424,200435,200391,200401,200408,200415,200430,200438,200404,200412
200477,200499,200506,200521,200566,200486,200515,200521,200480,200488,200493,200497,200517,200524,200490,200497
200566,200592,200604,200620,200655,200575,200598,200606,200569,200579,200587,200594,200602,200608,200582,200590
200655,200684,200695,200698,200739,200665,200689,200697,200658,200669,200677,200685,200693,200700,200674,200681
200739,200764,200782,200794,200827,200754,200776,200786,200748,200758,200768,200772,200781,200786,200763,200772
200827,200852,200867,200881,200913,200838,200860,200876,200832,200841,200848,200855,200865,200880,200844,200852
200913,200941,200953,200961,200998,200922,200947,200960,200917,200925,200934,200942,200951,200962,200929,200939
200998,201023,201036,201039,201077,201006,201030,201038,200999,201009,201017,201025,201034,201041,201012,201021
201077,201099,201116,201121,201155,201086,201109,201119,201080,201089,201094,201099,201114,201122,201091,201099
201155,201175,201196,201183,201220,201164,201181,201183,201158,201167,201174,201174,201182,201187,201169,201174
201220,201248,201270,201281,201317,201239,201264,201276,201233,201244,201253,201260,201269,201282,201249,201257
201317,201342,201357,201383,201402,201325,201350,201358,201320,201328,201336,201342,201355,201361,201332,201339
201402,201419,201439,201445,201486,201410,201433,201444,201404,201413,201422,201429,201437,201449,201417,201426
201486,201511,201526,201533,201570,201494,201519,201530,201488,201497,201504,201512,201525,201537,201500,201508
201570,201595,201611,201616,201654,201579,201604,201615,201573,201582,201589,201597,201609,201619,201585,201592
201654,201674,201694,201698,201743,201665,201687,201697,201659,201668,201676,201683,201692,201700,201672,201679
201743,201761,201781,201788,201827,201752,201775,201784,201746,201756,201764,201771,201779,201788,201760,201768
201827,201847,201868,201886,201919,201838,201862,201875,201832,201842,201850,201857,201866,201875,201846,201854
201919,201946,201956,201969,202005,201927,201952,201959,201921,201931,201940,201947,201954,201959,201936,201943
202005,202030,202048,202055,202095,202015,202039,202052,202009,202018,202024,202031,202046,202055,202021,202027
202095,202118,202135,202145,202182,202106,202128,202139,202100,202110,202117,202123,202133,202142,202113,202120
202182,202200,202223,202229,202272,202192,202217,202226,202187,202196,202205,202213,202221,202228,202201,202209
202272,202294,202313,202321,202346,202281,202305,202316,202274,202285,202291,202295,202311,202322,202287,202295
202346,202380,202402,202422,202452,202371,202397,202406,202366,202374,202384,202393,202401,202406,202378,202389
202452,202474,202494,202501,202527,202460,202486,202498,202454,202463,202470,202481,202492,202502,202466,202472
202527,202562,202580,202584,202619,202549,202574,202583,202544,202552,202559,202571,202578,202586,202554,202568
202619,202648,202665,202673,202718,202636,202660,202670,202631,202640,202649,202656,202664,202675,202645,202653
202718,202740,202755,202759,202798,202726,202750,202758,202720,202730,202741,202745,202754,202760,202733,202745
202798,202826,202845,202862,202893,202816,202839,202848,202811,202820,202830,202835,202843,202848,202825,202835
202893,202926,202938,202942,202986,202906,202933,202941,202901,202910,202918,202929,202937,202943,202913,202925
202986,203012,203025,203030,203075,202994,203019,203027,202989,202997,203004,203015,203023,203031,203000,203012
203075,203105,203116,203119,203163,203084,203111,203118,203078,203087,203094,203107,203114,203121,203090,203104
203163,203192,203201,203231,203251,203173,203196,203204,203167,203177,203184,203191,203199,203209,203181,203188
203251,203277,203291,203297,203335,203259,203283,203296,203253,203262,203269,203276,203289,203304,203265,203272
203335,203363,203376,203379,203421,203345,203370,203378,203339,203349,203358,203366,203374,203381,203352,203363
203421,203450,203467,203479,203506,203436,203461,203472,203430,203440,203448,203455,203465,203472,203443,203450
203506,203538,203554,203558,203602,203521,203547,203557,203516,203525,203532,203539,203552,203560,203528,203535
203602,203630,203640,203648,203686,203610,203635,203647,203605,203613,203619,203630,203638,203652,203615,203626
203686,203719,203732,203738,203775,203699,203726,203737,203693,203702,203711,203722,203730,203739,203705,203719
203775,203801,203818,203822,203864,203787,203812,203821,203782,203790,203794,203808,203816,203823,203792,203796
203864,203892,203904,203911,203952,203873,203898,203910,203867,203878,203886,203893,203903,203914,203884,203890
203952,203980,203992,203998,204040,203961,203986,203995,203955,203965,203974,203981,203990,203998,203969,203978
204040,204066,204077,204095,204116,204048,204071,204079,204042,204051,204058,204066,204075,204082,204054,204062
204116,204151,204164,,204188,204131,204158,204168,204126,204134,204140,204152,204185,204184,204137,204148
204188,204230,204250,204254,204285,204216,204237,204241,204210,204219,204225,204231,204238,204241,204222,204228
204285,204317,204334,204337,204385,204303,204328,204336,204297,204307,204318,204324,204332,204340,204309,204321
204385,204411,204423,204427,204460,204394,204417,204426,204388,204398,204405,204412,204421,204431,204401,204409
204460,204501,204512,204525,204556,204480,204506,204522,204474,204484,204494,204501,204510,204527,204490,204498
204556,204587,204597,204601,204633,204569,204592,204600,204564,204572,204580,204588,204596,204602,204576,204584
204633,204672,204684,204688,204733,204654,204678,204686,204648,204658,204668,204675,204682,204690,204666,204672
204733,204755,204773,204780,204820,204743,204767,204776,204736,204748,204758,204763,204771,204781,204754,204763
204820,204846,204858,204880,204908,204829,204852,204861,204823,204832,204839,204847,204856,204864,204835,204843
204908,204935,204947,204951,204994,204915,204942,204950,204910,204918,204924,204937,204945,204952,204921,204927
204994,205020,205033,205038,205082,205003,205027,205036,204996,205006,205013,205022,205031,205039,205009,205018
205082,205108,205120,205123,205161,205090,205115,205122,205084,205093,205101,205110,205118,205126,205096,205106
205161,205195,205208,205211,205254,205176,205203,205210,205171,205179,205187,205195,205206,205213,205183,205190
205254,205283,205294,205300,205342,205264,205289,205299,205259,205267,205275,205284,205292,205300,205270,205279
205342,205370,205383,205388,205414,205350,205377,205387,205344,205353,205362,205372,205381,205390,205356,205368
205414,205455,205469,205472,205516,205439,205462,205471,205433,205442,205449,205457,205467,205475,205445,205454
205516,205538,205545,205549,205604,205529,205541,205546,205524,205533,205538,205538,205542,205549,205538,205546
205604,205637,205649,205657,205695,205618,205643,205653,205613,205621,205629,205639,205648,205656,205625,205632
205695,205723,205734,205738,205773,205705,205729,205737,205698,205712,205718,205725,205732,205739,205715,205722
205773,205806,205823,205828,205852,205791,205817,205827,205785,205793,205799,205810,205822,205829,205796,205802
205852,205888,205905,,205941,205877,205898,205907,205870,205880,205903,205910,205938,205937,205883,205907
205941,205978,205990,206016,206039,205960,205984,205992,205954,205964,205971,205979,205988,205994,205967,205975
206039,206062,206080,206088,206127,206050,206074,206084,206044,206053,206060,206070,206078,206086,206056,206067
206127,206160,206172,206181,206217,206138,206166,206180,206133,206141,206145,206162,206170,206186,206143,206159
206217,206244,206274,206278,206305,206227,206258,206264,206222,206230,206240,206248,206260,206266,206233,206245
206305,206333,206345,206358,206389,206313,206339,206349,206307,206316,206324,206333,206343,206349,206319,206329
206389,206415,206430,206433,206470,206401,206424,206432,206394,206404,206409,206414,206428,206435,206406,206411
206470,206504,206515,206522,206568,206487,206510,206521,206481,206491,206498,206504,206514,206524,206494,206501
206568,206591,206607,206611,206652,206576,206601,206611,206570,206579,206583,206589,206605,206617,206581,206586
206652,206681,206695,206699,206740,206662,206688,206698,206656,206664,206671,206683,206693,206702,206667,206674
206740,206768,206779,206782,206830,206748,206773,206781,206742,206751,206757,206769,206777,206783,206753,206766
206830,206858,206869,206873,206913,206837,206863,206872,206830,206840,206843,206858,206867,206876,206841,206855
206913,206944,206956,206959,206996,206925,206950,206958,206919,206928,206937,206945,206954,206962,206931,206942
206996,207031,207044,207047,207091,207012,207037,207046,207006,207014,207021,207031,207042,207050,207017,207027
207091,207116,207130,207150,207181,207100,207124,207132,207093,207104,207113,207119,207128,207136,207107,207116
207181,207208,207230,207235,207272,207189,207214,207233,207182,207192,207200,207209,207228,207235,207196,207205
207272,207300,207311,207314,207346,207280,207305,207313,207274,207285,207294,207301,207309,207317,207290,207298
207346,207384,207400,207403,207440,207369,207394,207402,207364,207372,207378,207384,207398,207405,207375,207381
207440,207474,207485,207494,207533,207454,207480,207493,207449,207458,207467,207475,207483,207497,207462,207471
207533,207556,207574,207578,207605,207542,207569,207577,207535,207545,207547,207565,207573,207581,207546,207562
207605,207643,207663,207667,207709,207629,207657,207666,207623,207632,207639,207643,207661,207669,207635,207643
207709,207738,207750,207755,207800,207720,207745,207754,207714,207724,207733,207740,207748,207756,207729,207737
207800,207823,207836,207844,207881,207807,207830,207843,207800,207811,207819,207826,207834,207848,207815,207822
207881,207900,207920,207941,207961,207892,207916,207923,207886,207896,207905,207911,207918,207925,207901,207908
207961,207994,208004,208007,208039,207976,207999,208006,207971,207979,207986,207994,208002,208009,207982,207991
208039,208073,208092,208110,208137,208062,208086,208094,208057,208065,208074,208082,208090,208096,208069,208079
208137,208162,208175,208180,208217,208145,208168,208178,208140,208149,208156,208164,208173,208180,208152,208160
208217,208249,208261,208267,208307,208229,208255,208265,208223,208232,208243,208250,208259,208269,208235,208247
208307,208332,208348,208357,208385,208314,208341,208356,208308,208316,208322,208335,208346,208358,208319,208325
208385,208411,208425,208428,208457,208397,208420,208427,208392,208401,208408,208415,208423,208430,208404,208412
208457,208497,208512,208520,208552,208480,208507,208519,208474,208483,208486,208502,208510,208523,208484,208488
208552,208568,208577,208582,208623,208561,208572,208579,208555,208565,208570,208570,208574,208582,208570,208578
208623,208649,208669,208658,208697,208640,208654,208658,208634,208646,208651,208651,208655,208660,208651,208658
208697,208738,208756,208762,208801,208721,208743,208751,208716,208724,208731,208739,208747,208751,208728,208735
208801,208821,208840,208845,208865,208809,208822,208829,208802,208814,208820,208820,208823,208829,208820,208827
208865,208905,208932,208937,208960,208891,208916,208922,208886,208895,208902,208908,208919,208924,208897,208904
208960,208984,209006,209014,209056,208976,208999,209011,208971,208980,208988,208994,209005,209016,208984,208991
209056,209082,209094,209098,209130,209065,209088,209097,209058,209068,209075,209083,209092,209099,209071,209079
209130,209174,209185,209221,209249,209158,209180,209187,209152,209161,209168,209175,209183,209187,209164,209171
209249,209267,209287,209297,209335,209257,209279,209293,209251,209261,209270,209275,209286,209297,209265,209272
209335,209362,209375,209378,209427,209344,209369,209377,209338,209347,209356,209364,209373,209380,209351,209360
209427,209451,209471,209473,209512,209435,209458,209463,209429,209439,209446,209452,209469,209476,209442,209452
209512,209548,209560,209564,209603,209531,209554,209563,209525,209534,209543,209550,209558,209566,209539,209547
209603,209642,209653,209664,209706,209622,209647,209663,209617,209625,209634,209642,209651,209667,209629,209638
209706,209732,209747,209753,209803,209715,209739,209751,209709,209717,209724,209731,209745,209753,209720,209727
209803,209828,209844,209847,209898,209811,209838,209846,209805,209815,209822,209827,209842,209849,209818,209824
209898,209927,209940,209947,209977,209908,209934,209944,209902,209911,209917,209927,209939,209948,209914,209923
209977,210016,210036,210038,210078,209999,210022,210037,209994,210001,210007,210014,210034,210040,210004,210010
210078,210106,210124,210135,210171,210086,210112,210127,210081,210089,210096,210104,210122,210127,210092,210100
210171,210196,210211,210240,210260,210178,210205,210216,210173,210181,210187,210194,210209,210221,210183,210190
210260,210286,210300,210304,210348,210269,210293,210303,210263,210272,210278,210285,210298,210307,210275,210282
210348,210372,210388,210393,210437,210357,210382,210392,210352,210360,210372,210378,210386,210397,210363,210375
210437,210461,210477,210484,210523,210444,210470,210480,210438,210446,210452,210459,210475,210485,210449,210455
210523,210547,210560,210563,210609,210533,210553,210562,210527,210536,210543,210549,210558,210566,210539,210546
210609,210627,210650,210657,210695,210618,210643,210653,210613,210622,210632,210639,210648,210657,210625,210636
210695,210719,210734,210742,210778,210704,210727,210738,210698,210706,210713,210721,210732,210742,210709,210716
210778,210803,210817,210819,210855,210787,210812,210818,210781,210791,210802,210807,210815,210821,210794,210807
210855,210890,210904,210913,210946,210872,210898,210909,210866,210875,210885,210893,210902,210914,210879,210890
210946,210971,210984,210989,211031,210955,210979,210987,210950,210959,210967,210974,210982,210990,210962,210970
211031,211053,211070,211080,211102,211039,211063,211074,211033,211043,211050,211057,211069,211077,211045,211053
211102,211127,211150,211155,211191,211119,211144,211154,211114,211122,211133,211141,211148,211155,211126,211137
211191,211215,211227,211234,211260,211199,211221,211233,211194,211203,211210,211216,211224,211236,211206,211213
211260,211292,211306,211308,211356,211282,211302,211308,211276,211285,211293,211296,211304,211312,211288,211296
211356,211381,211393,211398,211436,211364,211386,211397,211358,211367,211372,211380,211391,211401,211369,211376
211436,211455,211470,211492,211511,211445,211465,211473,211439,211449,211455,211460,211469,211473,211452,211460
211511,211536,211546,211548,211592,211521,211542,211548,211514,211524,211530,211536,211544,211551,211527,211533
211592,211610,211626,211628,211672,211601,211619,211627,211595,211605,211615,211615,211623,211630,211609,211615
211672,211694,211711,211714,211740,211680,211704,211713,211674,211682,211687,211692,211709,211717,211684,211689
211740,211766,211784,211791,211824,211757,211776,211787,211752,211761,211768,211772,211782,211790,211764,211772
211824,211846,211864,211871,211899,211831,211851,211867,211826,211834,211840,211845,211862,211872,211837,211842
211899,211923,211946,211934,211975,211907,211931,211934,211900,211910,211919,211925,211932,211937,211914,211922
211975,211998,212020,212037,212055,211984,212014,212024,211978,211987,211993,211998,212018,212024,211989,211995
212055,212070,212088,212092,212122,212061,212083,212091,212057,212064,212070,212077,212087,212093,212067,212073
212122,212158,212185,212194,212252,212135,212164,212188,212130,212138,212144,212159,212183,212192,212141,212156
212252,212289,212304,212310,212337,212275,212296,212306,212270,212278,212285,212291,212302,212311,212281,212288
212337,212362,212380,212383,212413,212351,212374,212382,212345,212354,212361,212370,212378,212384,212357,212363
212413,212436,212450,212454,212492,212426,212445,212453,212420,212430,212437,212441,212449,212456,212433,212441
212492,212518,212536,212538,212570,212501,212521,212538,212495,212504,212510,212517,212534,212541,212507,212513
212570,212596,212605,212608,212651,212578,212601,212608,212571,212582,212589,212595,212603,212611,212585,212592
212651,212672,212688,212691,212729,212658,212681,212690,212653,212661,212668,212675,212686,212693,212664,212671
212729,212746,212764,212768,212811,212737,212759,212767,212731,212742,212751,212756,212763,212769,212747,212756
212811,212833,212846,212849,212872,212820,212836,212848,212814,212822,212825,212831,212840,212853,212824,212831
212872,212910,212928,212932,212973,212902,212922,212931,212895,212907,212914,212918,212926,212933,212911,212918
212973,212996,213013,213016,213037,212981,213001,213004,212975,212984,212990,212996,213002,213004,212987,212993
213037,213074,213106,213087,213133,213062,213081,213087,213056,213066,213073,213075,213083,213090,213068,213075
213133,213158,213169,213190,213211,213144,213163,213172,213137,213147,213153,213159,213167,213175,213150,213156
213211,213239,213251,213255,213295,213224,213245,213254,213231,213240,213245,213245,213249,213257,213245,213253
213295,213321,213330,213333,213377,213306,213325,213332,213301,213309,213315,213321,213328,213334,213312,213318
213377,213396,213414,213422,213456,213388,213407,213417,213376,213394,213401,213405,213412,213421,213397,213405
213456,213481,213500,,213528,213466,213487,213491,213458,213470,213475,213481,213488,213491,213473,213478
213528,213561,213571,213574,213614,213548,213568,213574,213543,213551,213558,213563,213570,213576,213554,213560
213614,213638,213649,213652,213702,213628,213644,213652,213622,213632,213636,213636,213647,213654,213634,213636
213702,213729,213738,213740,213782,213710,213734,213741,213704,213712,213719,213727,213736,213741,213716,213722
213782,213810,213823,213830,213872,213795,213817,213827,213788,213798,213802,213812,213821,213832,213800,213812
213872,213892,213902,213911,213941,213879,213897,213908,213873,213882,213888,213892,213900,213912,213884,213892
213941,213969,213984,213987,214019,213958,213978,213985,213952,213961,213975,213975,213982,213989,213964,213975
214019,214054,214061,214064,214110,214038,214058,214064,214033,214041,214047,214053,214060,214067,214044,214050
214110,214134,214156,214169,214191,214119,214149,214161,214113,214123,214129,214133,214154,214162,214125,214133
214191,214217,214241,214247,214275,214200,214222,214227,214194,214204,214210,214216,214223,214230,214207,214213
214275,214296,214307,214313,214353,214281,214302,214310,214276,214284,214291,214296,214306,214314,214287,214293
214353,214372,214387,214390,214435,214361,214379,214389,214354,214364,214367,214371,214385,214392,214365,214371
214435,214459,214469,214472,214517,214443,214464,214471,214437,214445,214451,214458,214466,214474,214448,214455
214517,214544,214560,214565,214595,214526,214554,214564,214519,214529,214537,214543,214559,214571,214533,214540
214595,214618,214642,214649,214672,214607,214627,214633,214601,214611,214619,214619,214628,214633,214614,214619
214672,214700,214711,214716,214757,214688,214705,214713,214681,214699,214704,214704,214709,214717,214704,214713
214757,214777,214787,214798,214829,214766,214781,214795,214758,214776,214780,214780,214785,214800,214780,214787
214829,214855,214871,214882,214912,214841,214864,214875,214836,214844,214850,214855,214869,214886,214846,214852
214912,214937,214963,214952,214989,214919,214943,214952,214913,214922,214929,214935,214948,214954,214925,214932
214989,215014,215035,215026,215067,214997,215018,215025,214992,215000,215007,215014,215021,215026,215004,215010
215067,215085,215093,215097,215133,215075,215090,215097,215069,215083,215087,215087,215091,215104,215087,215094
215133,215160,215177,215183,215203,215151,215167,215180,215146,215156,215168,215168,215176,215183,215161,215168
215203,215241,215255,215261,215295,215229,215247,215257,215223,215232,215234,215240,215253,215261,215233,215237
215295,215310,215327,215336,215372,215302,215320,215334,215296,215306,215314,215317,215325,215338,215309,215317
215372,215390,215404,215407,215439,215379,215397,215406,215372,215388,215395,215395,215402,215409,215391,215395
215439,215471,215481,215492,215509,215456,215477,215491,215452,215459,215466,215472,215487,215494,215463,215469
215509,215542,215555,215557,215601,215533,215550,215556,215526,215537,215544,215544,215553,215559,215540,215544
215601,215621,215631,215636,215672,215609,215627,215634,215603,215611,215615,215621,215629,215637,215613,215621
215672,215693,215707,215709,215751,215685,215702,215709,215680,215689,215698,215698,215705,215712,215692,215698
215751,215777,215796,215800,215832,215764,215783,215798,215758,215768,215773,215777,215794,215802,215770,215777
215832,215850,215870,215874,215912,215839,215854,215872,215833,215842,215847,215848,215868,215875,215844,215848
215912,215929,215953,215959,215987,215919,215946,215957,215913,215923,215937,215943,215951,215962,215926,215940
215987,216016,216041,216029,216070,216000,216023,216029,215995,216003,216009,216014,216025,216032,216006,216011
216070,216092,216102,216125,216149,216077,216096,216103,216071,216079,216086,216092,216099,216106,216082,216089
216149,216165,216197,216203,216230,216157,216178,216185,216151,216160,216168,216174,216182,216188,216163,216170
216230,216250,216276,216283,216309,216238,216257,216263,216232,216242,216248,216252,216259,216266,216245,216252
216309,216329,216343,216347,216386,216316,216337,216347,216309,216325,216333,216333,216340,216347,216328,216333
216386,216405,216416,216422,216462,216394,216409,216417,216388,216397,216399,216404,216413,216421,216398,216404
216462,216485,216497,216501,216532,216469,216491,216500,216462,216472,216478,216485,216495,216503,216475,216481
216532,216558,216572,216574,216615,216546,216566,216574,216541,216550,216555,216559,216570,216577,216552,216559
216615,216639,216652,216653,216686,216625,216649,216653,216618,216629,216641,216642,216650,216655,216636,216642
216686,216707,216718,216725,216761,216697,216712,216720,216692,216700,216703,216707,216716,216724,216701,216707
216761,216783,216795,216804,216837,216770,216789,216803,216763,216773,216778,216784,216793,216806,216775,216781
216837,216863,216872,216874,216916,216845,216868,216874,216838,216848,216852,216862,216870,216877,216850,216859
216916,216949,216959,216963,217010,216931,216953,216962,216926,216935,216942,216949,216957,216965,216938,216945
217010,217032,217046,217052,217099,217019,217039,217048,217012,217029,217037,217037,217044,217051,217032,217037
217099,217121,217135,217139,217186,217108,217128,217138,217102,217111,217120,217123,217132,217140,217114,217123
217186,217207,217233,217220,217256,217197,217212,217220,217191,217201,217211,217211,217215,217224,217211,217220
217256,217288,217300,217312,217354,217280,217294,217303,217272,217285,217291,217291,217298,217303,217291,217301
217354,217367,217392,217408,217426,217360,217387,217395,217354,217364,217378,217384,217391,217398,217368,217381
217426,217444,217462,217465,217505,217437,217448,217464,217430,217441,217450,217453,217460,217467,217445,217453
217505,217520,217561,217541,217580,217514,217524,217540,217509,217518,217526,217531,217536,217543,217522,217531
217580,217594,217609,217630,217657,217587,217600,217612,217582,217592,217600,217600,217606,217615,217600,217610
217657,217672,217684,217690,217721,217663,217678,217685,217658,217665,217671,217674,217680,217688,217668,217674
217721,217742,217761,217773,217792,217735,217754,217768,217730,217738,217746,217751,217759,217773,217742,217751
217792,217817,217847,217854,217877,217809,217832,217837,217803,217813,217821,217827,217833,217839,217816,217824
217877,217898,217922,217927,217951,217884,217906,217914,217878,217887,217894,217900,217909,217914,217890,217897
217951,217978,217985,217986,218033,217960,217981,217986,217954,217963,217969,217976,217983,217989,217966,217972
218033,218056,218069,218094,218114,218039,218062,218078,218033,218041,218047,218054,218067,218082,218044,218050
218114,218137,218162,218150,218182,218124,218141,218149,218118,218126,218131,218137,218144,218152,218128,218134
218182,218216,218229,218234,218279,218206,218223,218233,218200,218209,218214,218218,218228,218237,218211,218218
218279,218297,218307,218310,218339,218287,218301,218309,218280,218295,218301,218301,218305,218313,218301,218309
218339,218373,218391,218395,218430,218363,218385,218394,218356,218368,218377,218381,218390,218398,218372,218381
218430,218455,218465,218467,218513,218439,218459,218466,218433,218442,218448,218455,218462,218470,218445,218452
218513,218536,218545,218549,218591,218519,218541,218547,218514,218522,218528,218535,218543,218550,218524,218531
218591,218614,218641,218624,218670,218600,218619,218624,218592,218604,218610,218612,218620,218632,218607,218612
218670,218707,218717,,218745,218678,218712,218737,218673,218682,218697,218723,218731,218738,218685,218719
218745,218770,218787,218788,218820,218758,218784,218788,218746,218765,218774,218780,218785,218792,218771,218777
218820,218846,218869,218872,218898,218829,218855,218861,218823,218831,218835,218841,218856,218861,218833,218838
218898,218923,218937,218939,218971,218906,218933,218938,218900,218909,218913,218919,218935,218940,218911,218916
218971,218996,219005,219007,219045,218979,218999,219006,218973,218982,218989,218995,219002,219009,218985,218992
219045,219071,219089,219091,219121,219055,219077,219090,219047,219061,219067,219071,219087,219095,219064,219071
219121,219148,219169,,219197,219130,219151,219159,219122,219134,219140,219145,219152,219159,219136,219145
219197,219225,219242,,219272,219205,219236,219266,219199,219208,219213,219218,219261,219267,219210,219218
219272,219298,219316,219319,219350,219280,219309,219318,219274,219282,219287,219293,219315,219322,219284,219290
219350,219375,219399,219402,219423,219357,219380,219387,219351,219359,219366,219373,219381,219387,219362,219369
219423,219445,219475,219453,219496,219431,219450,219453,219425,219433,219438,219443,219451,219464,219435,219440
219496,219521,219531,219533,219572,219505,219527,219533,219500,219508,219513,219519,219529,219536,219510,219516
219572,219595,219617,219621,219645,219580,219599,219606,219574,219583,219589,219594,219602,219609,219585,219591
219645,219669,219692,219679,219718,219653,219675,219679,219647,219656,219663,219668,219676,219683,219659,219668
219718,219741,219751,219754,219789,219728,219746,219753,219720,219732,219737,219741,219749,219755,219734,219741
219789,219809,219837,219822,219858,219796,219813,219822,219790,219798,219805,219809,219816,219828,219801,219809
219858,219881,219900,219904,219927,219868,219886,219891,219859,219872,219877,219880,219887,219891,219874,219880
219927,219952,219971,219962,220001,219938,219956,219961,219930,219943,219946,219951,219959,219964,219945,219951
220001,220025,220040,220042,220070,220011,220034,220041,220003,220019,220027,220030,220038,220044,220023,220030
220070,220095,220104,220106,220144,220080,220100,220106,220075,220083,220089,220094,220102,220109,220086,220094
220144,220167,220190,220176,220214,220152,220172,220176,220146,220154,220157,220164,220173,220180,220155,220161
220214,220238,220257,220248,220285,220221,220242,220247,220216,220223,220229,220236,220244,220249,220226,220232
220285,220311,220322,220324,220361,220297,220316,220323,220289,220310,220315,220315,220320,220326,220315,220323
220361,220384,220401,220403,220440,220373,220389,220395,220366,220382,220390,220395,220399,220406,220386,220392
220440,220464,220484,220488,220517,220450,220478,220487,220442,220461,220471,220475,220482,220495,220467,220475
220517,220541,220571,220550,220595,220527,220546,220550,220521,220530,220535,220539,220547,220552,220532,220539
220595,220625,220646,,220670,220603,220629,220636,220595,220612,220620,220626,220630,220636,220616,220623
220670,220692,220702,220704,220745,220678,220696,220703,220671,220681,220685,220691,220699,220706,220683,220691
220745,220769,220778,220781,220815,220753,220774,220780,220746,220759,220764,220768,220776,220782,220762,220768
220815,220841,220851,220877,220897,220828,220847,220854,220823,220832,220836,220841,220849,220857,220834,220841
220897,220918,220927,220933,220976,220906,220921,220929,220899,220916,220921,220921,220925,220932,220921,220928
220976,221010,221020,221028,221045,220982,221015,221027,221001,221009,221013,221013,221020,221031,221013,221028
221045,221068,221078,221088,221118,221054,221071,221082,221049,221057,221062,221067,221076,221086,221059,221064
221118,221141,221151,221160,221190,221127,221146,221154,221121,221130,221134,221141,221149,221154,221132,221138
221190,221212,221223,221227,221263,221198,221217,221225,221192,221203,221209,221213,221221,221228,221206,221213
221263,221281,221307,221296,221335,221272,221291,221296,221265,221276,221285,221285,221292,221298,221279,221285
221335,221356,221370,221373,221410,221344,221363,221372,221337,221348,221351,221356,221368,221375,221349,221356
221410,221435,221451,221457,221484,221417,221445,221454,221411,221419,221425,221432,221449,221458,221422,221428
221484,221506,221516,221522,221559,221493,221510,221519,221487,221497,221498,221504,221514,221523,221498,221504
221559,221579,221599,221600,221638,221568,221584,221590,221561,221572,221586,221592,221597,221603,221576,221589
221638,221660,221670,221672,221714,221646,221664,221671,221641,221649,221653,221659,221667,221674,221651,221656
221714,221736,221758,221761,221790,221722,221741,221761,221716,221725,221730,221736,221756,221763,221728,221733
221790,221811,221822,221824,221865,221798,221816,221824,221791,221809,221816,221816,221819,221826,221816,221823
221865,221880,221886,221909,221937,221873,221894,221908,221867,221876,221884,221890,221905,221911,221880,221887
221937,221958,221985,221974,222004,221944,221965,221973,221938,221947,221954,221959,221969,221976,221950,221956
222004,222024,222043,222044,222074,222014,222039,222044,222008,222019,222030,222035,222041,222047,222026,222035
222074,222099,222110,222113,222141,222082,222104,222112,222077,222085,222092,222099,222108,222115,222088,222095
222141,222164,222176,222178,222216,222154,222170,222177,222147,222160,222168,222168,222174,222180,222164,222168
222216,222240,222250,222253,222290,222225,222244,222252,222219,222228,222235,222241,222248,222255,222231,222238
222290,222312,222332,222336,222362,222297,222327,222335,222292,222300,222305,222323,222330,222337,222302,222319
222362,222386,222400,222402,222429,222370,222394,222401,222364,222374,222382,222388,222398,222404,222377,222385
222429,222450,222477,222466,222501,222440,222459,222466,222434,222444,222452,222452,222462,222468,222447,222452
222501,222525,222550,222532,222575,222512,222530,222532,222506,222515,222520,222525,222531,222536,222517,222522
222575,222595,222615,222617,222647,222584,222610,222616,222578,222588,222602,222607,222613,222620,222590,222593
222647,222665,222689,222691,222720,222656,222671,222691,222649,222660,222674,222680,222687,222693,222662,222677
222720,222741,222750,222752,222790,222728,222746,222752,222722,222731,222736,222740,222748,222754,222733,222740
222790,222811,222825,222836,222862,222799,222818,222828,222792,222804,222810,222814,222823,222838,222807,222814
222862,222879,222899,222901,222931,222870,222886,222900,222863,222873,222890,222892,222897,222903,222876,222881
222931,222947,222972,222960,222993,222938,222953,222960,222933,222942,222951,222951,222956,222963,222945,222951
222993,223025,223036,223041,223073,223008,223029,223040,223003,223010,223015,223023,223035,223044,223013,223019
223073,223092,223104,223108,223136,223081,223097,223104,223075,223085,223090,223093,223101,223108,223087,223093
223136,223165,223176,223181,223211,223154,223171,223180,223149,223156,223162,223167,223175,223181,223159,223167
223211,223238,223248,223252,223290,223225,223242,223251,223220,223228,223232,223238,223246,223253,223230,223238
223290,223306,223324,223328,223355,223297,223314,223327,223291,223301,223308,223308,223322,223330,223304,223308
223355,223380,223392,223405,223430,223368,223386,223402,223363,223371,223374,223381,223390,223409,223372,223378
223430,223449,223461,223463,223503,223438,223455,223463,223432,223441,223444,223448,223458,223465,223442,223448
223503,223521,223534,223541,223573,223512,223526,223540,223507,223516,223522,223522,223531,223544,223519,223522
223573,223591,223608,223613,223644,223583,223601,223609,223578,223587,223594,223598,223605,223612,223590,223598
223644,223666,223677,223680,223721,223653,223671,223679,223647,223657,223662,223667,223675,223681,223659,223667
223721,223736,223753,223758,223782,223727,223742,223755,223721,223730,223743,223743,223750,223763,223737,223743
223782,223802,223818,223821,223854,223795,223812,223819,223790,223798,223805,223810,223816,223822,223801,223807
223854,223875,223889,223891,223914,223864,223883,223890,223856,223869,223875,223879,223886,223894,223872,223879
223914,223946,223961,223965,223997,223936,223956,223964,223928,223942,223949,223952,223960,223968,223945,223952
223997,224020,224032,224035,224068,224004,224025,224033,223998,224007,224014,224020,224029,224037,224010,224017
224068,224090,224108,224113,224141,224079,224096,224110,224073,224089,224098,224098,224106,224113,224093,224098
224141,224162,224176,224180,224217,224155,224168,224179,224149,224159,224167,224167,224174,224181,224162,224167
224217,224235,224249,224259,224288,224225,224241,224252,224218,224236,224242,224242,224246,224260,224242,224249
224288,224309,224323,224330,224348,224297,224315,224325,224292,224299,224304,224310,224320,224330,224302,224307
224348,224376,224395,224403,224431,224367,224380,224399,224362,224374,224382,224387,224393,224402,224378,224384
224431,224457,224469,224481,224508,224444,224463,224474,224439,224447,224453,224458,224467,224474,224450,224455
224508,224528,224536,224538,224569,224515,224533,224538,224510,224518,224523,224528,224534,224541,224521,224528
224569,224606,224617,224632,224653,224590,224611,224621,224586,224593,224599,224606,224615,224621,224596,224602
224653,224672,224685,224690,224725,224664,224678,224686,224655,224668,224677,224677,224683,224690,224672,224677
224725,224744,224758,,224777,224736,224753,224760,224726,224741,224756,224763,224774,224773,224744,224760
224777,224815,224825,224828,224862,224802,224820,224827,224797,224804,224810,224816,224823,224830,224807,224813
224862,224884,224897,224905,224934,224869,224890,224900,224864,224872,224879,224885,224894,224906,224875,224882
224934,224951,224960,224979,225006,224942,224969,224978,224937,224946,224958,224965,224974,224982,224951,224961
225006,225023,225041,225045,225077,225015,225026,225043,225008,225020,225028,225033,225039,225045,225024,225033
225077,225097,225107,225116,225149,225084,225101,225110,225078,225087,225092,225097,225104,225110,225089,225094
225149,225187,225206,,225223,225158,225195,225210,225152,225162,225179,225198,225205,225215,225166,225195
225223,225240,225257,225259,225297,225230,225252,225258,225224,225234,225244,225249,225255,225262,225239,225249
225297,225318,225332,225336,225373,225307,225324,225333,225301,225311,225314,225314,225329,225337,225312,225314
225373,225397,225408,225415,225449,225380,225401,225412,225374,225383,225390,225396,225405,225415,225386,225393
225449,225474,225497,225483,225524,225460,225477,225483,225454,225463,225470,225470,225479,225487,225466,225470
225524,225543,225554,225557,225600,225534,225548,225556,225528,225538,225542,225542,225552,225558,225540,225542
225600,225620,225640,225632,225664,225608,225626,225631,225600,225617,225622,225622,225628,225632,225622,225630
225664,225696,225706,225710,225751,225681,225702,225709,225676,225684,225691,225696,225704,225712,225687,225696
225751,225772,225796,225784,225825,225758,225776,225783,225752,225760,225764,225771,225779,225787,225762,225768
225825,225843,225854,225856,225901,225834,225849,225857,225828,225838,225842,225842,225851,225857,225840,225842
225901,225917,225931,225949,225968,225908,225927,225933,225902,225912,225919,225922,225929,225935,225915,225922
225968,225992,226018,,226043,225979,226001,226009,225973,225983,225991,225995,226002,226009,225986,225995
226043,226068,226081,226087,226123,226055,226074,226083,226050,226059,226065,226070,226079,226087,226062,226070
226123,226138,226154,226163,226188,226130,226148,226159,226124,226133,226140,226145,226152,226165,226137,226145
226188,226216,226229,226236,226274,226206,226222,226232,226199,226215,226221,226221,226227,226236,226221,226232
226274,226292,226321,226326,226348,226281,226298,226307,226275,226284,226290,226294,226302,226312,226286,226294
226348,226366,226383,226390,226424,226356,226373,226386,226350,226360,226364,226366,226381,226389,226362,226366
226424,226463,226504,226519,226573,226431,226485,226507,226425,226434,226442,226464,226502,226510,226438,226458
226573,226596,226612,226615,226647,226583,226600,226614,226577,226585,226587,226595,226610,226616,226586,226591
226647,226670,226685,226688,226717,226659,226679,226686,226653,226663,226671,226676,226683,226690,226667,226673
226717,226745,226753,226756,226793,226733,226748,226755,226728,226736,226738,226744,226751,226757,226737,226741
226793,226819,226828,226830,226865,226804,226823,226829,226799,226806,226813,226818,226825,226831,226809,226815
226865,226886,226899,226919,226935,226873,226893,226901,226867,226876,226881,226886,226897,226904,226878,226886
226935,226960,226981,226967,227008,226944,226963,226967,226939,226947,226954,226957,226964,226972,226950,226957
227008,227033,227055,227045,227077,227019,227042,227045,227014,227022,227026,227030,227043,227047,227024,227030
227077,227111,227121,227122,227154,227092,227118,227122,227087,227094,227100,227107,227119,227127,227097,227103
227154,227181,227197,227199,227234,227167,227193,227199,227161,227170,227175,227178,227195,227202,227172,227178
227234,227251,227265,227270,227307,227241,227258,227267,227235,227244,227252,227252,227263,227272,227247,227252
227307,227329,227341,227343,227381,227314,227334,227342,227308,227316,227320,227327,227338,227345,227318,227323
227381,227400,227417,227419,227443,227388,227412,227418,227382,227397,227405,227409,227415,227421,227401,227409
227443,227475,227491,227497,227526,227460,227481,227494,227455,227463,227469,227476,227490,227498,227466,227472
227526,227544,227551,227553,227588,227536,227546,227552,227530,227541,227545,227545,227549,227554,227545,227551
227588,227621,227633,227640,227672,227609,227627,227638,227603,227612,227615,227621,227632,227642,227614,227621
227672,227698,227707,227708,227741,227682,227703,227708,227676,227686,227692,227697,227705,227712,227689,227697
227741,227767,227779,227785,227817,227753,227772,227781,227748,227757,227762,227768,227777,227784,227759,227765
227817,227844,227864,227869,227892,227826,227849,227856,227820,227829,227837,227844,227852,227857,227833,227841
227892,227915,227924,227928,227968,227901,227919,227927,227895,227903,227908,227914,227922,227936,227905,227911
227968,227991,227999,228001,228042,227976,227994,228000,227970,227978,227984,227990,227997,228003,227981,227987
228042,228064,228072,228074,228113,228049,228068,228074,228044,228052,228057,228063,228070,228076,228054,228060
228113,228135,228155,228158,228186,228120,228142,228157,228114,228122,228128,228134,228153,228160,228125,228131
228186,228205,228230,228240,228258,228193,228210,228217,228187,228196,228200,228205,228214,228221,228198,228205
228258,228280,228306,228293,228321,228266,228285,228292,228260,228269,228274,228280,228287,228297,228271,228277
228321,228351,228364,228367,228388,228338,228350,228355,228330,228345,228348,228348,228351,228355,228348,228353
228388,228421,228431,228447,228470,228411,228426,228432,228406,228415,228419,228419,228429,228434,228416,228419
228470,228495,228508,228525,228545,228480,228501,228510,228471,228483,228488,228495,228505,228513,228486,228492
228545,228566,228576,228593,228615,228552,228571,228578,228546,228555,228561,228567,228574,228580,228558,228564
228615,228632,228653,228656,228682,228622,228637,228656,228616,228625,228639,228645,228651,228658,228627,228642
228682,228709,228723,228725,228760,228693,228716,228724,228688,228695,228702,228708,228721,228727,228698,228705
228760,228778,228808,228792,228828,228768,228783,228791,228761,228773,228781,228781,228786,228797,228781,228789
228828,228848,228861,228864,228895,228836,228855,228863,228831,228840,228846,228851,228859,228866,228843,228851
228895,228917,228932,228935,228958,228906,228925,228934,228900,228915,228924,228924,228930,228939,228919,228924
228958,228990,229001,,229030,228975,228996,229002,228969,228978,228983,228990,229027,229026,228980,228987
229030,229060,229076,229080,229106,229049,229059,229064,229042,229053,229056,229056,229060,229064,229056,229062
229106,229138,229158,229146,229191,229124,229142,229146,229119,229126,229131,229136,229143,229149,229129,229136
229191,229209,229223,229233,229263,229199,229216,229227,229192,229208,229216,229216,229220,229234,229216,229224
229263,229283,229296,229301,229336,229270,229290,229298,229264,229273,229280,229285,229294,229302,229276,229282
229336,229352,229367,229392,229410,229344,229360,229371,229338,229347,229355,229355,229365,229373,229350,229355
229410,229432,229451,229456,229478,229416,229438,229444,229410,229418,229422,229432,229441,229444,229420,229426
229478,229504,229521,229525,229554,229489,229515,229524,229483,229493,229500,229511,229520,229528,229496,229502
229554,229575,229602,229586,229621,229563,229579,229586,229557,229573,229577,229577,229581,229591,229577,229584
229621,229651,229663,229668,229703,229638,229657,229667,229633,229640,229646,229652,229662,229669,229643,229649
229703,229720,229733,229738,229777,229713,229725,229737,229707,229717,229721,229721,229731,229741,229721,229735
229777,229795,229806,229810,229838,229783,229801,229809,229777,229786,229790,229795,229805,229813,229788,229795
229838,229867,229878,229880,229919,229853,229874,229880,229847,229864,229873,229873,229876,229883,229873,229880
229919,229939,229953,229955,229989,229928,229947,229955,229921,229934,229941,229941,229950,229958,229939,229941
229989,230016,230030,230033,230065,230003,230023,230032,229992,230007,230012,230017,230028,230036,230009,230017
230065,230089,230115,230120,230139,230074,230092,230106,230068,230077,230081,230085,230093,230106,230079,230085
230139,230160,230176,230180,230205,230147,230169,230179,230141,230149,230155,230159,230174,230181,230152,230159
230205,230231,230241,230245,230281,230218,230236,230243,230213,230221,230226,230232,230239,230245,230224,230229
230281,230307,230316,230318,230357,230291,230311,230317,230286,230294,230301,230307,230314,230319,230298,230304
230357,230378,230393,230399,230430,230364,230387,230395,230357,230373,230379,230383,230391,230399,230376,230383
230430,230451,230463,230465,230496,230439,230458,230464,230431,230443,230450,230453,230461,230468,230446,230453
230496,230521,230534,230543,230576,230510,230527,230537,230504,230514,230519,230522,230532,230546,230516,230522
230576,230592,230600,230615,230641,230584,230595,230601,230577,230590,230594,230594,230598,230604,230594,230601
230641,230664,230682,230685,230712,230653,230676,230684,230647,230657,230667,230672,230680,230686,230660,230672
230712,230738,230757,230760,230787,230723,230742,230748,230716,230723,230727,230735,230743,230748,230725,230731
230787,230808,230817,230821,230858,230795,230811,230818,230790,230798,230802,230807,230814,230821,230800,230804
230858,230881,230900,230905,230930,230868,230887,230905,230862,230871,230876,230881,230898,230909,230873,230878
230930,230954,230963,230966,231004,230939,230959,230966,230932,230943,230948,230953,230961,230968,230945,230953
231004,231023,231045,231050,231075,231012,231029,231049,231006,231015,231021,231024,231043,231052,231018,231024
231075,231095,231118,231106,231144,231083,231101,231106,231078,231086,231092,231094,231102,231109,231088,231094
231144,231168,231179,231182,231216,231154,231173,231181,231147,231157,231162,231168,231177,231183,231159,231165
231216,231240,231250,231254,231288,231224,231245,231253,231219,231228,231234,231240,231248,231255,231231,231237
231288,231307,231334,231316,231354,231296,231312,231316,231289,231304,231309,231309,231313,231318,231309,231315
231354,231375,231397,231385,231418,231362,231379,231385,231355,231363,231366,231373,231380,231388,231365,231370
231418,231442,231455,231458,231485,231426,231449,231457,231420,231429,231436,231443,231453,231461,231432,231439
231485,231503,231533,231539,231557,231494,231511,231521,231488,231497,231507,231507,231517,231525,231501,231507
231557,231571,231588,231592,231622,231564,231583,231591,231559,231567,231574,231579,231586,231593,231570,231579
231622,231651,231660,231663,231701,231638,231656,231662,231632,231641,231645,231651,231659,231665,231643,231648
231701,231720,231734,231737,231774,231709,231727,231736,231704,231713,231719,231722,231732,231738,231715,231722
231774,231793,231822,231811,231849,231782,231802,231811,231775,231786,231794,231795,231806,231814,231789,231795
231849,231870,231889,231894,231924,231857,231884,231892,231851,231860,231865,231868,231887,231896,231862,231868
231924,231942,231955,231961,231998,231931,231948,231958,231926,231934,231938,231943,231952,231961,231936,231943
231998,232015,232047,232032,232071,232005,232021,232031,231999,232008,232014,232016,232026,232037,232010,232016
232071,232091,232102,232105,232140,232078,232096,232104,232072,232080,232084,232091,232099,232106,232082,232088
232140,232164,232191,232175,232220,232150,232169,232175,232143,232154,232162,232165,232171,232180,232157,232165
232220,232241,232251,232256,232292,232226,232245,232253,232221,232229,232236,232241,232248,232257,232232,232238
232292,232317,232328,232333,232372,232306,232322,232329,232301,232309,232314,232318,232326,232333,232311,232318
232372,232393,232405,232410,232437,232380,232398,232409,232374,232383,232389,232394,232402,232414,232386,232391
232437,232466,232480,232488,232522,232455,232473,232485,232449,232458,232464,232468,232479,232488,232461,232468
232522,232544,232554,232555,232602,232530,232548,232554,232524,232533,232538,232544,232551,232557,232536,232541
232602,232622,232652,232660,232680,232611,232629,232640,232605,232615,232620,232620,232634,232643,232618,232620
232680,232702,232728,232716,232757,232687,232708,232715,232681,232689,232693,232700,232712,232719,232691,232696
232757,232778,232790,232805,232834,232768,232783,232793,232762,232772,232783,232783,232787,232793,232783,232790
232834,232850,232864,232870,232905,232842,232858,232865,232836,232845,232851,232855,232862,232869,232848,232855
232905,232933,232941,232944,232985,232919,232937,232943,232913,232921,232925,232932,232939,232945,232923,232929
232985,233005,233021,233027,233065,232994,233013,233026,232988,232997,233005,233008,233018,233029,233000,233008
233065,233082,233107,233110,233144,233074,233095,233110,233067,233078,233086,233091,233106,233111,233082,233091
233144,233168,233191,233195,233218,233151,233176,233178,233146,233155,233162,233168,233177,233178,233158,233165
233218,233238,233268,233254,233290,233226,233244,233253,233220,233230,233235,233239,233248,233258,233232,233239
233290,233315,233340,233328,233366,233300,233321,233328,233294,233303,233310,233315,233324,233331,233306,233315
233366,233390,233400,233404,233445,233375,233394,233403,233369,233378,233385,233390,233398,233407,233381,233390
233445,233479,233489,233492,233522,233452,233485,233491,233446,233455,233460,233465,233487,233498,233457,233465
233522,233543,233552,233559,233598,233532,233546,233554,233526,233535,233540,233542,233550,233558,233537,233542
233598,233617,233633,233636,233667,233605,233628,233636,233600,233609,233623,233623,233632,233639,233611,233623
233667,233691,233703,233706,233744,233677,233697,233706,233672,233680,233687,233691,233700,233710,233683,233691
233744,233764,233774,233776,233812,233750,233769,233776,233744,233753,233758,233763,233771,233779,233755,233763
233812,233836,233846,233848,233895,233823,233840,233847,233817,233826,233831,233836,233843,233850,233828,233833
233895,233918,233941,,233958,233901,233919,233926,233895,233903,233908,233913,233920,233926,233905,233913
233958,233986,233996,234002,234038,233975,233990,234001,233970,233978,233980,233985,233994,234007,233979,233985
234038,234057,234070,234080,234115,234047,234065,234075,234042,234051,234057,234060,234068,234075,234054,234060
234115,234139,234163,234151,234188,234123,234145,234151,234117,234126,234133,234139,234147,234154,234129,234136
234188,234210,234222,234228,234267,234198,234216,234226,234193,234201,234207,234210,234220,234230,234204,234210
234267,234291,234312,234319,234346,234278,234296,234316,234268,234282,234286,234291,234310,234318,234284,234291
234346,234368,234379,234385,234419,234353,234373,234382,234348,234355,234361,234368,234377,234385,234358,234364
234419,234438,234461,234464,234494,234427,234456,234463,234419,234436,234446,234452,234459,234465,234441,234449
234494,234514,234536,234523,234565,234502,234519,234523,234496,234505,234510,234510,234520,234527,234507,234510
234565,234586,234596,234598,234640,234576,234591,234598,234570,234580,234586,234586,234594,234601,234586,234598
234640,234664,234677,234686,234709,234652,234670,234678,234646,234656,234658,234664,234675,234678,234657,234661
234709,234741,234751,234757,234792,234727,234746,234754,234722,234729,234735,234741,234749,234757,234732,234738
234792,234813,234824,234827,234866,234802,234818,234826,234793,234807,234808,234813,234822,234829,234807,234813
234866,234886,234897,234900,234945,234875,234892,234899,234869,234878,234885,234887,234894,234901,234881,234887
234945,234965,234977,234982,235018,234952,234971,234979,234946,234955,234961,234966,234974,234983,234958,234966
235018,235040,235068,235048,235096,235029,235045,235048,235023,235035,235042,235042,235046,235050,235042,235048
235096,235120,235131,235135,235174,235107,235124,235132,235101,235109,235113,235120,235128,235136,235111,235117
235174,235189,235199,235202,235245,235182,235193,235201,235177,235186,235190,235190,235197,235206,235190,235201
235245,235271,235287,235289,235314,235254,235270,235277,235248,235257,235266,235266,235271,235277,235260,235266
235314,235343,235354,235359,235394,235329,235348,235358,235322,235333,235334,235342,235352,235363,235334,235339
235394,235417,235427,235430,235472,235405,235421,235429,235399,235407,235411,235417,235424,235430,235409,235414
235472,235503,235523,235511,235546,235480,235508,235511,235474,235483,235488,235503,235509,235514,235485,235500
235546,235566,235583,235586,235621,235557,235578,235586,235551,235562,235571,235575,235581,235589,235566,235575
235621,235643,235662,235664,235700,235630,235656,235663,235625,235633,235639,235644,235660,235667,235636,235644
235700,235722,235733,235739,235766,235707,235726,235734,235701,235710,235716,235722,235730,235738,235713,235719
235766,235796,235816,235806,235850,235787,235802,235806,235780,235793,235799,235799,235803,235808,235799,235805
235850,235871,235889,235893,235908,235861,235871,235878,235856,235865,235868,235868,235872,235878,235868,235875
235908,235945,235956,235965,235996,235936,235950,235957,235931,235942,235948,235948,235954,235957,235948,235955
235996,236021,236042,236049,236072,236011,236029,236034,236004,236014,236021,236024,236032,236034,236017,236024
236072,236097,236109,236112,236148,236084,236104,236111,236078,236088,236094,236099,236107,236114,236091,236099
236148,236170,236180,236184,236219,236157,236174,236183,236151,236160,236163,236169,236178,236188,236161,236166
236219,236252,236261,236265,236296,236228,236256,236264,236222,236232,236240,236251,236260,236266,236235,236248
236296,236314,236328,236332,236367,236303,236322,236331,236296,236309,236315,236315,236326,236334,236313,236315
236367,236390,236401,236405,236442,236375,236396,236404,236369,236378,236381,236390,236399,236408,236379,236386
236442,236464,236476,236479,236516,236450,236469,236478,236443,236452,236456,236463,236474,236482,236454,236460
236516,236535,236549,236551,236585,236524,236543,236551,236518,236529,236538,236538,236546,236554,236533,236538
236585,236609,236627,,236647,236601,236616,236630,236596,236605,236626,236634,236643,236642,236608,236631
236647,236683,236697,,236732,236672,236691,236701,236666,236676,236681,236721,236729,236728,236678,236718
236732,236751,236767,236770,236803,236744,236762,236769,236739,236747,236754,236758,236765,236769,236750,236758
236803,236832,236843,236846,236882,236817,236838,236846,236812,236820,236826,236832,236841,236850,236823,236829
236882,236903,236915,236920,236947,236890,236910,236919,236883,236894,236900,236905,236914,236920,236897,236905
236947,236972,236995,236980,237028,236965,236976,236980,236960,236969,236973,236973,236977,236983,236973,236980
237028,237048,237058,237059,237099,237036,237053,237059,237029,237046,237051,237051,237055,237062,237051,237058
237099,237117,237135,237138,237168,237109,237128,237137,237103,237113,237123,237124,237133,237140,237116,237124
237168,237195,237206,237208,237245,237183,237201,237207,237179,237186,237192,237197,237204,237210,237189,237197
237245,237270,237288,237279,237318,237257,237276,237280,237252,237259,237265,237270,237277,237280,237262,237270
237318,237348,237358,237361,237400,237333,237353,237361,237329,237336,237341,237348,237356,237365,237338,237344
237400,237422,237440,237442,237478,237411,237425,237442,237404,237420,237427,237432,237438,237443,237423,237432
237478,237500,237512,237514,237551,237485,237506,237514,237480,237488,237495,237500,237509,237518,237491,237497
237551,237577,237585,237588,237628,237561,237580,237587,237556,237564,237569,237575,237582,237590,237566,237572
237628,237650,237676,237658,237704,237636,237654,237658,237629,237638,237641,237647,237655,237660,237640,237647
237704,237726,237750,237734,237778,237711,237729,237734,237706,237713,237717,237723,237730,237740,237715,237720
237778,237798,237812,237814,237851,237788,237805,237813,237780,237794,237802,237802,237809,237816,237798,237802
237851,237872,237890,237893,237923,237860,237883,237892,237853,237866,237879,237879,237888,237896,237872,237879
237923,237948,237958,237960,237999,237934,237953,237960,237927,237935,237937,237946,237956,237963,237936,237942
237999,238022,238035,238037,238072,238010,238029,238037,238002,238018,238027,238027,238033,238041,238022,238027
238072,238096,238108,238111,238150,238083,238102,238110,238077,238087,238093,238098,238106,238113,238090,238098
238150,238171,238197,238184,238222,238158,238176,238184,238151,238162,238164,238167,238179,238188,238163,238167
238222,238245,238263,238255,238292,238233,238248,238254,238226,238243,238247,238247,238251,238256,238247,238253
238292,238320,238341,238347,238372,238307,238325,238331,238302,238310,238317,238321,238328,238333,238313,238321
238372,238393,238405,238407,238443,238382,238398,238407,238373,238391,238396,238396,238402,238410,238396,238406
238443,238462,238485,238473,238512,238451,238466,238473,238444,238460,238464,238464,238468,238475,238464,238472
238512,238536,238548,238552,238585,238521,238542,238552,238516,238524,238530,238536,238545,238556,238527,238533
238585,238609,238619,238622,238656,238595,238613,238621,238587,238599,238600,238608,238617,238624,238600,238605
238656,238677,238692,238695,238728,238665,238683,238694,238659,238668,238670,238676,238689,238698,238669,238673
238728,238747,238759,238762,238797,238736,238752,238761,238729,238740,238751,238751,238756,238764,238751,238760
238797,238817,238846,238832,238864,238805,238823,238832,238797,238815,238820,238820,238826,238836,238820,238830
238864,238887,238900,238904,238934,238872,238893,238903,238866,238875,238880,238887,238898,238907,238877,238883
238934,238956,238966,238968,239015,238942,238961,238968,238937,238945,238949,238955,238964,238971,238947,238952
239015,239036,239062,239052,239091,239022,239048,239052,239016,239025,239026,239033,239049,239054,239025,239030
239091,239112,239124,239137,239164,239100,239118,239127,239094,239104,239110,239112,239121,239127,239107,239112
239164,239184,239201,239207,239239,239176,239193,239204,239170,239180,239190,239190,239199,239207,239184,239190
239239,239262,239291,239295,239315,239248,239269,239282,239242,239252,239255,239259,239272,239282,239253,239259
239315,239335,239349,239352,239379,239323,239343,239351,239316,239326,239333,239339,239347,239353,239330,239339
239379,239409,239419,239423,239451,239396,239414,239422,239390,239398,239403,239409,239417,239430,239400,239406
239451,239478,239490,239497,239529,239467,239484,239494,239462,239470,239473,239479,239488,239499,239472,239476
239529,239549,239561,239565,239596,239536,239555,239564,239530,239539,239545,239550,239559,239567,239542,239550
239596,239617,239634,239636,239666,239605,239631,239636,239598,239614,239621,239626,239632,239638,239618,239626
239666,239686,239697,239699,239732,239674,239692,239698,239668,239678,239683,239686,239694,239700,239680,239686
239732,239760,239768,239770,239811,239746,239765,239771,239741,239748,239754,239759,239766,239771,239751,239756
239811,239831,239864,239851,239882,239819,239838,239844,239813,239823,239830,239830,239839,239844,239825,239830
239882,239905,239917,239919,239953,239892,239911,239918,239886,239895,239900,239904,239914,239921,239897,239904
239953,239978,239999,239988,240025,239961,239985,239988,239955,239963,239969,239975,239986,239991,239966,239972
240025,240049,240073,240064,240100,240033,240056,240063,240027,240036,240040,240047,240059,240064,240038,240044
240100,240122,240132,240135,240176,240110,240127,240134,240101,240120,240125,240125,240130,240137,240125,240133
240176,240197,240213,240215,240252,240184,240210,240215,240177,240193,240200,240205,240211,240217,240196,240202
240252,240277,240294,240296,240328,240261,240283,240295,240255,240264,240270,240276,240292,240300,240267,240273
240328,240349,240360,240365,240406,240336,240355,240365,240330,240339,240344,240349,240357,240371,240341,240349
240406,240430,240453,240441,240483,240413,240435,240441,240407,240415,240420,240427,240437,240444,240418,240423
240483,240504,240514,240519,240559,240491,240508,240516,240484,240500,240507,240507,240511,240519,240507,240515
240559,240582,240591,240593,240638,240568,240587,240593,240561,240571,240575,240581,240589,240600,240573,240578
240638,240658,240668,240674,240710,240645,240663,240671,240639,240650,240651,240656,240665,240676,240651,240656
240710,240733,240741,240742,240785,240720,240737,240742,240712,240730,240734,240734,240739,240745,240734,240741
240785,240809,240819,240821,240862,240795,240813,240820,240787,240798,240802,240808,240816,240824,240800,240805
240862,240888,240895,240897,240942,240874,240891,240896,240867,240885,240889,240889,240892,240899,240889,240896
240942,240965,240976,240980,241018,240950,240972,240980,240943,240954,240960,240966,240974,240987,240957,240963
241018,241042,241071,241046,241093,241027,241043,241046,241019,241035,241040,241040,241044,241052,241040,241048
241093,241115,241124,241128,241166,241101,241118,241127,241095,241103,241105,241113,241122,241139,241104,241110
241166,241190,241202,241205,241241,241175,241196,241205,241168,241177,241181,241188,241199,241209,241179,241185
241241,241265,241295,241278,241316,241249,241270,241278,241243,241252,241257,241263,241273,241283,241254,241260
241316,241339,241358,241363,241392,241326,241352,241362,241319,241335,241344,241349,241356,241364,241340,241346
241392,241414,241442,241422,241463,241400,241419,241422,241394,241403,241409,241412,241420,241425,241406,241412
241463,241485,241494,241502,241536,241474,241491,241497,241467,241482,241487,241487,241492,241497,241487,241494
241536,241562,241571,241573,241613,241547,241566,241572,241539,241551,241554,241560,241569,241575,241553,241560
241613,241635,241648,241650,241687,241622,241642,241650,241616,241625,241627,241632,241645,241653,241626,241632
241687,241710,241718,241719,241759,241695,241714,241720,241688,241698,241703,241708,241715,241720,241700,241705
241759,241782,241790,241791,241831,241767,241786,241791,241761,241770,241776,241781,241788,241794,241773,241778
241831,241853,241862,241864,241904,241839,241857,241864,241833,241842,241846,241851,241860,241868,241844,241848
241904,241927,241938,241941,241981,241913,241932,241940,241907,241916,241921,241927,241935,241949,241918,241924
241981,242003,242029,242012,242058,241991,242007,242012,241985,241995,242003,242003,242008,242019,242003,242013
242058,242079,242088,242092,242129,242067,242082,242089,242060,242074,242081,242081,242085,242092,242081,242088
242129,242155,242173,242175,242204,242139,242159,242174,242132,242142,242147,242154,242171,242178,242145,242151
242204,242227,242235,242237,242278,242213,242231,242237,242205,242224,242228,242228,242233,242241,242228,242237
242278,242302,242313,242315,242353,242288,242308,242315,242281,242291,242294,242301,242311,242318,242293,242298
242353,242375,242386,242388,242428,242362,242380,242387,242355,242374,242379,242379,242383,242390,242379,242387
242428,242450,242479,242467,242501,242436,242464,242467,242430,242439,242444,242447,242465,242470,242441,242447
242501,242521,242545,242547,242576,242510,242530,242546,242503,242516,242534,242538,242543,242550,242522,242529
242576,242597,242608,242613,242648,242585,242602,242610,242579,242589,242593,242596,242605,242614,242591,242596
242648,242675,242699,242684,242720,242658,242681,242684,242652,242661,242668,242674,242682,242689,242664,242671
242720,242742,242754,242758,242793,242730,242747,242757,242724,242733,242738,242742,242751,242761,242735,242742
242793,242812,242826,242832,242859,242801,242819,242828,242795,242804,242811,242813,242824,242833,242807,242813
242859,242881,242891,242893,242926,242868,242887,242893,242860,242872,242878,242881,242889,242895,242875,242881
242926,242946,242958,242961,242986,242933,242951,242960,242928,242936,242941,242946,242954,242964,242938,242946
242986,243015,243024,243028,243064,243002,243019,243027,242996,243004,243006,243013,243022,243032,243005,243010
243064,243085,243098,243104,243137,243075,243091,243103,243069,243078,243084,243084,243095,243110,243080,243084
243137,243157,243170,243176,243210,243147,243164,243172,243141,243150,243156,243160,243168,243176,243153,243160
243210,243228,243246,243249,243282,243220,243239,243248,243213,243224,243232,243236,243243,243251,243227,243236
243282,243302,243316,243320,243354,243291,243308,243319,243286,243295,243302,243302,243313,243326,243297,243302
243354,243374,243384,243389,243421,243362,243378,243386,243357,243365,243368,243373,243381,243390,243366,243373
243421,243438,243469,243457,243488,243429,243442,243456,243422,243435,243442,243442,243446,243460,243442,243449
243488,243503,243526,243530,243556,243495,243509,243528,243489,243498,243512,243517,243523,243531,243501,243505
243556,243577,243589,243593,243636,243565,243582,243592,243559,243569,243570,243577,243586,243595,243569,243574
243636,243664,243678,243688,243739,243652,243672,243687,243647,243655,243662,243667,243676,243689,243658,243664
243739,243760,243773,243783,243828,243748,243766,243779,243741,243751,243753,243760,243771,243784,243752,243757
243828,243848,243862,243866,243907,243837,243855,243866,243830,243841,243847,243847,243859,243870,243844,243847
243907,243933,243947,243954,243988,243924,243941,243950,243918,243927,243934,243936,243945,243955,243930,243936
243988,244013,244027,244044,244076,244006,244020,244037,243988,243996,244002,244010,244033,244041,243999,244006
244076,244092,244104,244116,244148,244083,244098,244111,244077,244086,244090,244092,244103,244116,244088,244092
244148,244164,244179,244187,244212,244156,244173,244182,244150,244160,244167,244170,244178,244184,244163,244170
244212,244230,244262,244252,244275,244222,244235,244243,244212,244227,244231,244231,244238,244243,244231,244241
244275,244298,244316,,244343,244289,244303,244308,244284,244297,244301,244301,244305,244308,244301,244307
244343,244366,244390,244393,244421,244358,244370,244374,244352,244362,244366,244366,244371,244374,244366,244372
244421,244449,244460,244463,244506,244439,244457,244463,244434,244443,244450,244450,244458,244465,244445,244450
244506,244537,244548,244552,244584,244524,244543,244551,244518,244526,244531,244537,244546,244554,244529,244534
244584,244621,244634,244639,244681,244609,244628,244638,244603,244613,244618,244623,244632,244641,244615,244620
244681,244707,244731,244735,244765,244693,244716,244723,244688,244696,244700,244706,244720,244723,244698,244703
244765,244786,244807,244813,244846,244778,244794,244809,244772,244782,244797,244801,244806,244813,244785,244789
244846,244864,244880,244888,244908,244855,244873,244886,244849,244860,244869,244869,244879,244890,244864,244869
244908,244936,244953,244958,244990,244928,244947,244957,244923,244932,244939,244944,244952,244961,244935,244941
244990,245008,245027,245029,245061,244999,245021,245028,244994,245002,245011,245016,245025,245031,245005,245016
245061,245084,245096,245100,245137,245068,245090,245098,245062,245070,245076,245086,245094,245101,245072,245077
245137,245160,245174,245178,245206,245144,245166,245177,245138,245147,245154,245160,245172,245179,245150,245157
245206,245234,245245,245249,245289,245226,245239,245248,245221,245231,245238,245238,245243,245249,245238,245246
245289,245321,245334,245346,245452,245308,245327,245339,245302,245311,245315,245321,245332,245343,245313,245318
245452,245470,245487,245490,245524,245461,245480,245489,245455,245465,245473,245476,245485,245493,245468,245476
245524,245550,245562,245569,245594,245536,245556,245568,245529,245542,245546,245551,245560,245572,245544,245551
245594,245616,245636,245626,245658,245602,245620,245626,245596,245604,245606,245614,245622,245628,245605,245610
245658,245681,245690,245692,245723,245667,245685,245691,245661,245670,245675,245680,245688,245694,245672,245680
245723,245745,245760,245763,245791,245732,245755,245762,245725,245742,245751,245751,245758,245763,245746,245751
245791,245814,245823,245824,245859,245799,245819,245824,245792,245802,245806,245813,245821,245827,245804,245810
245859,245884,245894,245897,245944,245870,245890,245897,245864,245873,245877,245883,245892,245901,245875,245880
245944,245972,245985,245997,246030,245956,245981,245988,245949,245960,245961,245968,245983,245988,245961,245965
246030,246056,246077,246092,246112,246041,246072,246082,246034,246044,246046,246053,246076,246082,246045,246050
246112,246132,246143,246148,246200,246123,246137,246146,246117,246128,246132,246132,246140,246148,246132,246144
246200,246226,246241,246245,246280,246209,246235,246243,246203,246212,246218,246224,246239,246248,246214,246220
246280,246302,246314,246318,246351,246291,246308,246317,246284,246297,246308,246308,246312,246324,246308,246315
246351,246375,246386,246397,246421,246363,246380,246388,246357,246367,246371,246374,246384,246388,246369,246374
246421,246441,246457,246461,246489,246432,246450,246460,246423,246437,246445,246445,246454,246466,246441,246445
246489,246511,246538,246524,246552,246498,246517,246524,246492,246502,246506,246509,246519,246529,246504,246509
246552,246574,246598,246585,246617,246561,246580,246585,246555,246564,246569,246573,246581,246589,246566,246573
246617,246641,246651,246654,246686,246626,246646,246653,246620,246629,246635,246640,246649,246655,246632,246640
246686,246710,246729,246731,246760,246695,246723,246730,246687,246706,246714,246719,246727,246734,246711,246719
246760,246785,246794,246795,246836,246769,246791,246795,246762,246772,246779,246784,246792,246798,246775,246781
246836,246863,246874,246875,246914,246845,246869,246875,246838,246849,246858,246863,246871,246878,246853,246863
246914,246935,246951,246953,246989,246924,246945,246953,246917,246929,246933,246933,246948,246955,246933,246952
246989,247012,247021,247031,247066,246999,247017,247024,246992,247002,247006,247011,247019,247024,247004,247011
247066,247090,247102,247105,247133,247075,247097,247104,247069,247078,247086,247092,247100,247107,247082,247089
247133,247154,247167,247170,247199,247143,247161,247169,247136,247152,247160,247160,247165,247172,247160,247168
247199,247220,247234,247239,247263,247208,247227,247236,247202,247212,247218,247223,247231,247239,247214,247220
247263,247286,247295,247297,247329,247272,247291,247297,247266,247275,247278,247285,247293,247299,247276,247282
247329,247355,247369,247373,247402,247339,247363,247372,247333,247342,247349,247356,247367,247378,247345,247352
247402,247427,247455,247438,247480,247411,247434,247438,247405,247414,247419,247425,247435,247444,247416,247422
247480,247504,247519,247521,247559,247491,247513,247520,247483,247501,247510,247510,247517,247523,247504,247510
247559,247585,247598,247602,247640,247572,247592,247601,247562,247579,247585,247585,247596,247612,247583,247585
247640,247664,247690,247678,247719,247649,247670,247678,247642,247657,247664,247664,247673,247682,247664,247678
247719,247740,247770,247749,247794,247728,247745,247749,247721,247734,247740,247740,247746,247752,247740,247748
247794,247814,247825,247828,247865,247803,247819,247827,247797,247807,247813,247813,247823,247830,247810,247813
247865,247882,247897,247901,247931,247873,247889,247900,247867,247877,247884,247884,247894,247907,247880,247884
247931,247951,247973,247962,247996,247939,247957,247962,247933,247943,247946,247950,247958,247965,247944,247950
247996,248016,248028,248031,248060,248004,248021,248030,247998,248008,248011,248016,248025,248034,248009,248016
248060,248081,248094,248098,248128,248068,248087,248097,248062,248070,248076,248083,248091,248099,248073,248079
248128,248151,248165,248168,248204,248138,248159,248167,248132,248142,248144,248148,248163,248171,248143,248148
248204,248229,248254,248257,248281,248214,248238,248245,248207,248218,248226,248226,248239,248245,248221,248226
248281,248306,248321,248324,248358,248291,248312,248323,248284,248293,248299,248305,248319,248327,248296,248302
248358,248381,248395,248400,248438,248369,248389,248398,248362,248373,248383,248384,248393,248401,248378,248384
248438,248460,248495,248475,248513,248447,248468,248475,248441,248451,248457,248460,248470,248485,248453,248460
248513,248538,248557,248547,248587,248523,248542,248547,248516,248527,248531,248536,248544,248549,248529,248536
248587,248604,248617,248621,248649,248593,248611,248620,248587,248596,248602,248606,248615,248625,248599,248606
248649,248674,248688,248690,248718,248660,248683,248689,248653,248668,248678,248678,248686,248692,248673,248678
248718,248739,248749,248751,248782,248726,248744,248751,248719,248730,248733,248737,248746,248755,248732,248737
248782,248803,248817,248819,248850,248790,248810,248818,248784,248794,248796,248801,248814,248821,248795,248801
248850,248872,248897,,248923,248858,248883,248889,248852,248861,248866,248869,248884,248889,248863,248869
248923,248944,248961,248963,249002,248933,248949,248954,248925,248940,248950,248954,248959,248966,248945,248954
249002,249025,249038,249041,249083,249012,249033,249041,249004,249019,249028,249028,249036,249043,249024,249028
249083,249106,249125,249128,249162,249091,249120,249127,249084,249094,249098,249102,249123,249130,249096,249102
249162,249187,249198,249201,249240,249171,249193,249200,249164,249175,249183,249188,249196,249203,249179,249188
249240,249263,249281,249284,249310,249248,249268,249283,249241,249251,249257,249263,249279,249286,249254,249260
249310,249327,249337,249341,249375,249318,249331,249340,249312,249323,249329,249329,249335,249341,249329,249338
249375,249393,249406,249409,249440,249384,249401,249408,249378,249387,249395,249395,249404,249410,249390,249395
249440,249461,249474,249479,249505,249448,249467,249478,249442,249459,249467,249467,249472,249481,249467,249475
249505,249523,249536,249539,249565,249513,249529,249538,249506,249517,249521,249521,249533,249542,249520,249521
249565,249584,249599,249601,249627,249574,249592,249600,249568,249578,249587,249587,249596,249610,249581,249587
249627,249648,249669,249659,249692,249637,249654,249658,249630,249643,249651,249651,249656,249661,249651,249658
249692,249714,249739,249724,249756,249700,249719,249724,249694,249704,249706,249711,249720,249730,249705,249711
249756,249775,249791,249794,249818,249765,249784,249793,249757,249771,249780,249780,249789,249797,249775,249780
249818,249837,249863,249851,249882,249827,249842,249851,249820,249835,249839,249839,249845,249855,249839,249852
249882,249903,249914,249916,249947,249891,249909,249916,249884,249899,249906,249906,249911,249919,249906,249915
249947,249967,249983,249987,250011,249954,249977,249986,249948,249959,249972,249972,249981,249990,249967,249972
250011,250030,250042,250048,250074,250018,250036,250047,250012,250022,250029,250029,250039,250053,250024,250029
250074,250094,250107,250111,250138,250081,250100,250110,250075,250085,250091,250094,250104,250119,250088,250094
250138,250156,250167,250170,250202,250146,250162,250170,250140,250151,250156,250156,250164,250176,250156,250167
250202,250221,250236,250240,250268,250210,250226,250239,250203,250218,250224,250224,250231,250244,250224,250240
250268,250287,250313,250300,250332,250275,250292,250300,250269,250279,250284,250286,250295,250303,250281,250286
250332,250352,250364,250365,250397,250340,250359,250365,250334,250344,250351,250353,250361,250368,250347,250353
250397,250417,250429,250431,250460,250405,250425,250431,250398,250409,250415,250419,250427,250433,250412,250419
250460,250481,250492,250494,250525,250468,250485,250493,250462,250472,250476,250480,250489,250497,250474,250480
250525,250544,250560,250562,250593,250534,250553,250561,250527,250539,250548,250550,250558,250565,250543,250550
250593,250615,250642,250625,250660,250601,250622,250625,250594,250604,250608,250613,250623,250634,250606,250613
250660,250679,250694,250697,250724,250668,250685,250696,250662,250673,250681,250681,250691,250704,250681,250696
250724,250744,250766,250754,250791,250735,250749,250754,250727,250741,250745,250745,250750,250756,250745,250753
250791,250810,250822,250825,250857,250801,250815,250824,250793,250807,250814,250814,250819,250828,250814,250823
250857,250877,250899,250890,250924,250865,250883,250889,250858,250875,250880,250880,250885,250891,250880,250888
250924,250944,250956,250961,250991,250933,250949,250958,250926,250942,250949,250949,250953,250962,250949,250957
250991,251010,251039,251022,251054,250999,251015,251022,250993,251003,251013,251013,251017,251026,251013,251021
251054,251074,251096,251085,251122,251064,251082,251085,251057,251068,251076,251076,251083,251087,251072,251076
251122,251142,251155,251157,251190,251130,251149,251157,251124,251134,251140,251140,251152,251161,251136,251140
251190,251210,251225,251228,251259,251198,251216,251227,251191,251208,251213,251213,251221,251232,251213,251227
251259,251278,251291,251296,251326,251267,251283,251295,251261,251271,251274,251276,251287,251299,251273,251276
251326,251345,251362,251365,251394,251335,251354,251364,251330,251339,251348,251348,251360,251368,251343,251348
251394,251415,251438,251425,251461,251402,251421,251425,251396,251406,251413,251415,251422,251428,251409,251415
251461,251480,251492,251495,251527,251469,251485,251494,251463,251473,251476,251480,251489,251497,251474,251480
251527,251547,251558,251562,251593,251536,251551,251561,251529,251545,251550,251550,251555,251569,251550,251558
251593,251612,251623,251625,251658,251602,251617,251624,251596,251610,251616,251616,251620,251627,251616,251624
251658,251678,251695,251703,251724,251667,251688,251702,251661,251672,251680,251683,251692,251707,251676,251683
251724,251740,251755,251758,251790,251732,251748,251757,251726,251736,251745,251745,251752,251759,251739,251745
251790,251807,251822,251826,251854,251797,251815,251825,251791,251800,251806,251810,251819,251831,251802,251810
251854,251871,251883,251886,251921,251862,251877,251885,251855,251866,251871,251871,251881,251888,251868,251871
251921,251942,251953,251956,251989,251929,251948,251955,251923,251932,251938,251943,251951,251957,251935,251940
251989,252007,252026,252032,252055,251998,252013,252028,251992,252002,252017,252019,252024,252032,252011,252019
252055,252075,252087,252090,252123,252065,252080,252089,252058,252074,252079,252079,252084,252093,252079,252088
252123,252144,252165,252169,252190,252132,252149,252155,252125,252135,252142,252142,252150,252155,252138,252142
252190,252207,252225,252228,252247,252198,252210,252214,252193,252202,252206,252206,252211,252214,252206,252213
252247,252281,252292,252295,252330,252268,252287,252294,252262,252271,252278,252283,252290,252296,252274,252280
252330,252346,252357,252362,252395,252337,252352,252361,252331,252340,252345,252345,252356,252364,252342,252345
252395,252416,252427,252430,252462,252403,252421,252429,252398,252406,252412,252416,252425,252431,252409,252416
252462,252480,252490,252495,252527,252471,252484,252493,252465,252477,252483,252483,252488,252497,252483,252492
252527,252544,252559,252565,252593,252535,252552,252560,252529,252538,252544,252548,252556,252565,252541,252548
252593,252610,252630,252632,252656,252600,252616,252623,252594,252603,252609,252609,252618,252623,252605,252609
252656,252676,252689,252694,252722,252664,252682,252691,252658,252667,252674,252678,252686,252694,252670,252678
252722,252739,252755,252757,252788,252730,252749,252756,252724,252733,252740,252745,252752,252759,252736,252745
252788,252808,252822,252828,252854,252797,252815,252826,252792,252800,252806,252811,252819,252833,252803,252808
252854,252874,252890,252899,252925,252864,252882,252895,252858,252867,252873,252878,252887,252899,252869,252875
252925,252939,252960,252964,252993,252932,252952,252962,252926,252935,252948,252948,252958,252966,252938,252948
252993,253012,253030,253034,253060,253003,253024,253033,252997,253006,253014,253020,253028,253036,253010,253017
253060,253088,253105,253110,253142,253076,253096,253109,253071,253080,253086,253090,253104,253112,253082,253090
253142,253162,253175,253179,253213,253149,253169,253178,253143,253153,253160,253164,253173,253181,253156,253164
253213,253230,253249,253253,253281,253221,253241,253252,253215,253224,253231,253237,253246,253256,253227,253234
253281,253302,253321,253326,253351,253292,253312,253325,253285,253297,253306,253306,253319,253327,253301,253306
253351,253377,253390,253395,253422,253361,253383,253394,253355,253364,253372,253379,253388,253397,253368,253375
253422,253439,253458,253463,253493,253430,253451,253461,253425,253434,253441,253447,253456,253463,253437,253444
253493,253515,253530,253541,253566,253501,253523,253535,253495,253504,253511,253518,253528,253535,253507,253515
253566,253588,253605,253612,253636,253575,253598,253609,253568,253578,253587,253593,253603,253613,253582,253590
253636,253663,253680,253690,253725,253653,253674,253689,253647,253657,253664,253669,253679,253693,253660,253666
253725,253746,253764,253775,253800,253734,253755,253770,253728,253737,253740,253746,253762,253775,253738,253743
253800,253830,253843,,253870,253815,253837,253846,253810,253818,253824,253831,253867,253866,253821,253827
253870,253907,253928,253932,253965,253896,253916,253919,253890,253899,253906,253910,253917,253919,253902,253910
253965,253988,254006,254019,254055,253979,254001,254010,253973,253984,253992,253997,254005,254010,253988,253997
254055,254074,254100,254107,254128,254063,254087,254093,254057,254067,254078,254082,254091,254093,254070,254082
254128,254164,254182,254187,254223,254149,254172,254186,254144,254152,254158,254164,254182,254190,254155,254161
254223,254247,254260,254284,254303,254232,254253,254263,254226,254235,254240,254246,254258,254267,254237,254243
254303,254321,254339,254348,254380,254311,254333,254347,254305,254315,254325,254328,254338,254349,254321,254328
254380,254404,254425,254429,254464,254390,254413,254428,254383,254395,254402,254406,254424,254431,254398,254406
254464,254487,254503,254522,254543,254472,254494,254508,254465,254476,254481,254487,254500,254509,254478,254484
254543,254566,254579,254590,254627,254553,254573,254581,254547,254556,254562,254568,254577,254581,254559,254565
254627,254653,254667,254670,254707,254635,254661,254670,254628,254638,254644,254651,254665,254674,254641,254647
254707,254732,254749,254752,254792,254718,254744,254752,254710,254725,254733,254739,254747,254755,254729,254736
254792,254819,254831,254842,254879,254803,254825,254841,254795,254806,254809,254818,254829,254846,254807,254814
254879,254905,254916,254932,254962,254886,254910,254921,254880,254890,254899,254905,254914,254934,254895,254902
254962,254986,254997,255001,255044,254970,254991,255000,254964,254973,254980,254986,254994,255001,254976,254983
255044,255072,255084,255088,255127,255054,255078,255087,255048,255058,255068,255074,255082,255091,255065,255071
255127,255153,255167,255172,255206,255138,255160,255170,255131,255142,255152,255152,255165,255175,255145,255152
255206,255232,255247,255254,255289,255217,255241,255253,255210,255226,255235,255235,255245,255261,255230,255235
255289,255313,255326,255329,255367,255298,255320,255328,255291,255302,255309,255315,255323,255330,255305,255312
255367,255392,255406,255412,255450,255379,255400,255409,255372,255383,255393,255394,255404,255412,255389,255394
255450,255477,255490,255495,255532,255459,255483,255494,255451,255463,255470,255477,255488,255498,255467,255474
255532,255558,255570,255575,255613,255541,255564,255574,255534,255544,255551,255559,255568,255577,255547,255555
255613,255638,255648,255650,255693,255622,255644,255650,255616,255626,255633,255638,255646,255652,255629,255638
255693,255719,255735,255746,255776,255705,255729,255740,255699,255709,255711,255715,255733,255740,255710,255715
255776,255800,255815,255822,255858,255785,255809,255818,255779,255788,255792,255796,255813,255821,255790,255796
255858,255881,255893,255906,255924,255865,255887,255898,255860,255868,255874,255881,255891,255898,255871,255877
255924,255959,255972,255983,256017,255944,255967,255976,255939,255948,255955,255962,255970,255976,255951,255959
256017,256040,256059,256064,256100,256026,256053,256063,256020,256030,256045,256048,256058,256068,256033,256039
256100,256122,256137,256141,256182,256108,256131,256140,256101,256112,256120,256126,256135,256142,256115,256123
256182,256205,256221,256235,256265,256191,256214,256224,256186,256194,256200,256206,256219,256224,256197,256203
256265,256287,256303,256317,256342,256275,256297,256316,256269,256279,256287,256292,256301,256321,256282,256292
256342,256373,256385,256395,256432,256355,256380,256391,256350,256358,256366,256373,256384,256398,256362,256369
256432,256456,256478,256482,256518,256440,256471,256481,256434,256442,256449,256457,256476,256483,256445,256452
256518,256532,256558,256563,256602,256525,256551,256562,256519,256528,256536,256538,256557,256565,256531,256538
256602,256626,256647,256651,256676,256611,256635,256640,256605,256615,256621,256628,256638,256640,256618,256625
256676,256714,256725,256729,256768,256695,256720,256728,256689,256699,256708,256715,256723,256730,256703,256712
256768,256793,256808,256820,256854,256778,256802,256819,256772,256782,256790,256797,256806,256827,256786,256794
256854,256879,256892,256895,256938,256862,256886,256894,256856,256865,256876,256882,256890,256897,256869,256879
256938,256961,256978,256984,257016,256947,256972,256983,256942,256951,256958,256965,256977,256991,256954,256960
257016,257050,257063,257066,257111,257035,257058,257065,257029,257039,257048,257053,257061,257067,257043,257053
257111,257129,257148,257152,257194,257118,257142,257151,257112,257122,257133,257138,257146,257154,257129,257138
257194,257216,257234,257237,257279,257203,257228,257236,257197,257206,257212,257224,257232,257240,257208,257212
257279,257305,257317,257321,257361,257288,257311,257320,257282,257292,257300,257307,257315,257323,257295,257304
257361,257391,257403,257416,257451,257375,257398,257413,257369,257379,257387,257393,257409,257417,257383,257390
257451,257477,257488,257493,257534,257458,257482,257492,257452,257461,257469,257477,257486,257499,257465,257473
257534,257557,257575,257579,257623,257544,257569,257578,257538,257549,257559,257564,257573,257582,257555,257564
257623,257649,257664,257669,257712,257633,257658,257668,257626,257637,257644,257652,257662,257670,257640,257648
257712,257734,257750,257754,257799,257720,257743,257753,257714,257723,257731,257737,257748,257755,257726,257733
257799,257822,257838,257844,257882,257808,257832,257841,257802,257812,257823,257829,257836,257844,257815,257826
257882,257911,257923,257928,257974,257898,257917,257927,257892,257901,257908,257913,257921,257929,257904,257910
257974,257998,258013,258034,258057,257985,258007,258022,257978,257989,257997,258003,258011,258022,257993,258000
258057,258080,258101,258111,258144,258071,258095,258107,258065,258075,258085,258091,258099,258111,258080,258088
258144,258164,258185,258191,258212,258154,258168,258176,258149,258158,258161,258161,258169,258176,258161,258167
258212,258245,258266,258274,258309,258237,258261,258270,258231,258240,258251,258257,258265,258275,258246,258254
258309,258338,258350,258356,258397,258320,258345,258355,258313,258325,258333,258340,258348,258360,258329,258337
258397,258424,258437,258440,258481,258406,258431,258439,258399,258409,258416,258426,258435,258443,258412,258423
258481,258507,258523,258526,258558,258494,258518,258525,258488,258498,258509,258514,258521,258528,258505,258511
258558,258598,258614,258618,258654,258583,258608,258617,258577,258586,258596,258603,258612,258622,258589,258600
258654,258685,258703,258709,258754,258674,258698,258708,258668,258681,258689,258694,258702,258713,258686,258694
258754,258781,258794,258798,258839,258764,258788,258797,258758,258767,258777,258784,258792,258798,258771,258781
258839,258867,258881,258888,258926,258852,258875,258887,258846,258855,258864,258871,258879,258892,258859,258867
258926,258950,258967,258972,259013,258936,258960,258971,258930,258938,258944,258948,258966,258975,258941,258948
259013,259039,259052,259055,259102,259022,259046,259054,259016,259025,259032,259041,259050,259058,259028,259035
259102,259127,259141,259148,259188,259110,259133,259147,259104,259113,259119,259127,259139,259150,259116,259123
259188,259212,259230,259234,259274,259196,259219,259233,259189,259198,259203,259211,259228,259237,259200,259207
259274,259299,259315,259323,259359,259283,259307,259318,259276,259286,259293,259300,259313,259322,259290,259297
259359,259388,259398,259402,259448,259369,259393,259401,259363,259374,259382,259389,259396,259403,259379,259386
259448,259476,259491,259495,259529,259458,259484,259494,259453,259462,259469,259477,259489,259497,259465,259472
259529,259567,259587,259591,259630,259550,259572,259590,259545,259554,259560,259567,259585,259591,259557,259564
259630,259649,259670,259675,259716,259640,259663,259673,259634,259643,259651,259658,259668,259677,259646,259654
259716,259738,259757,259760,259804,259726,259751,259759,259719,259732,259742,259747,259755,259761,259738,259747
259804,259831,259846,259850,259894,259815,259839,259849,259810,259818,259824,259831,259844,259853,259821,259827
259894,259921,259935,259940,259981,259903,259928,259939,259897,259907,259914,259922,259933,259940,259910,259918
259981,260006,260019,260023,260065,259989,260013,260022,259983,259992,259999,260007,260017,260025,259995,260002
260065,260092,260105,260112,260154,260074,260099,260111,260068,260078,260086,260094,260104,260118,260082,260090
260154,260180,260202,260204,260241,260162,260197,260203,260155,260166,260175,260180,260200,260207,260173,260180
260241,260267,260281,260285,260328,260250,260275,260284,260244,260253,260261,260268,260279,260287,260256,260264
260328,260355,260368,260371,260416,260338,260362,260370,260332,260341,260348,260357,260366,260373,260344,260357
260416,260439,260457,260461,260494,260425,260451,260460,260419,260428,260434,260448,260455,260464,260431,260445
260494,260529,260544,260557,260592,260515,260538,260549,260509,260522,260529,260534,260542,260549,260527,260534
260592,260620,260637,260653,260671,260606,260631,260643,260601,260609,260618,260625,260636,260643,260613,260622
260671,260705,260725,260744,260774,260696,260719,260729,260690,260699,260708,260715,260723,260729,260703,260712
260774,260791,260813,260819,260853,260782,260806,260816,260776,260785,260792,260795,260811,260820,260788,260795
260853,260888,260901,260904,260947,260870,260895,260903,260865,260873,260880,260892,260899,260906,260876,260889
260947,260976,260992,260999,261036,260960,260985,260997,260954,260963,260971,260980,260990,261001,260966,260980
261036,261063,261079,261095,261132,261051,261074,261091,261045,261055,261064,261069,261086,261096,261060,261066
261132,261159,261173,261201,261222,261141,261166,261177,261135,261144,261153,261161,261171,261181,261148,261157
261222,261246,261264,261280,261316,261230,261258,261267,261224,261234,261241,261247,261262,261270,261237,261244
261316,261341,261355,261362,261408,261324,261349,261361,261318,261327,261334,261344,261353,261365,261330,261337
261408,261433,261449,261454,261501,261418,261443,261453,261412,261421,261426,261432,261447,261458,261423,261429
261501,261527,261542,261554,261582,261508,261536,261547,261503,261511,261517,261532,261540,261547,261514,261529
261582,261620,261655,261642,261691,261604,261628,261642,261598,261607,261612,261618,261637,261646,261609,261615
261691,261721,261732,261741,261772,261702,261727,261740,261694,261708,261716,261722,261730,261745,261713,261719
261772,261814,261827,261834,261863,261796,261820,261830,261790,261799,261809,261816,261825,261834,261805,261812
261863,261900,261918,261922,261966,261885,261911,261921,261879,261887,261892,261898,261916,261926,261889,261895
261966,261993,262007,262010,262058,261974,262000,262009,261967,261977,261984,261992,262005,262013,261980,261988
262058,262083,262100,262104,262156,262067,262094,262103,262060,262071,262075,262081,262098,262107,262073,262078
262156,262180,262192,262195,262241,262163,262187,262194,262157,262165,262171,262177,262190,262197,262168,262173
262241,262267,262285,262288,262328,262249,262279,262288,262243,262253,262260,262267,262284,262291,262256,262263
262328,262355,262366,262370,262416,262336,262360,262369,262330,262339,262346,262355,262364,262371,262343,262350
262416,262444,262454,262458,262505,262424,262449,262457,262418,262427,262435,262444,262452,262459,262430,262440
262505,262533,262545,262548,262594,262514,262539,262547,262508,262518,262527,262534,262543,262551,262523,262531
262594,262618,262632,262637,262682,262602,262626,262636,262596,262604,262610,262616,262630,262641,262607,262612
262682,262711,262721,262724,262771,262690,262715,262723,262684,262695,262704,262711,262719,262727,262700,262708
262771,262799,262812,262817,262859,262780,262806,262816,262774,262783,262790,262800,262811,262819,262786,262793
262859,262888,262899,262905,262946,262868,262894,262903,262862,262871,262882,262889,262897,262907,262879,262886
262946,262974,262984,262996,263022,262955,262979,262987,262949,262959,262967,262974,262982,262987,262963,262971
263022,263059,263075,263083,263123,263041,263067,263082,263035,263045,263053,263061,263073,263088,263048,263057
263123,263149,263164,263169,263217,263134,263158,263168,263128,263137,263146,263153,263162,263170,263141,263150
263217,263243,263255,263259,263296,263225,263249,263258,263219,263228,263235,263243,263252,263262,263231,263238
263296,263329,263344,263347,263395,263312,263340,263347,263306,263316,263329,263334,263343,263349,263319,263334
263395,263422,263433,263436,263482,263403,263427,263435,263397,263407,263417,263423,263431,263438,263413,263420
263482,263509,263522,263526,263572,263493,263517,263525,263485,263498,263506,263512,263520,263527,263502,263509
263572,263596,263614,263619,263663,263581,263608,263618,263575,263583,263589,263594,263612,263621,263586,263594
263663,263684,263702,263718,263742,263670,263696,263706,263665,263673,263679,263684,263700,263706,263675,263681
263742,263774,263791,263794,263832,263759,263786,263793,263754,263762,263773,263781,263789,263796,263765,263778
263832,263866,263879,263895,263929,263850,263873,263885,263844,263853,263861,263868,263878,263885,263856,263865
263929,263960,263974,263982,264022,263942,263968,263978,263937,263945,263953,263963,263972,263984,263948,263954
264022,264052,264066,264082,264116,264033,264059,264070,264027,264036,264044,264051,264064,264070,264040,264047
264116,264140,264155,264173,264191,264124,264149,264161,264118,264127,264135,264144,264153,264161,264130,264141
264191,264224,264244,264248,264296,264214,264238,264247,264208,264218,264226,264234,264242,264250,264221,264230
264296,264314,264354,264339,264376,264303,264326,264331,264297,264307,264317,264322,264336,264344,264311,264319
264376,264404,264423,264441,264471,264390,264417,264428,264385,264395,264405,264412,264421,264428,264401,264409
264471,264498,264510,264537,264561,264480,264504,264513,264474,264484,264492,264499,264508,264517,264488,264496
264561,264587,264603,264608,264647,264570,264595,264607,264564,264574,264583,264590,264602,264610,264578,264586
264647,264672,264694,264699,264739,264663,264687,264698,264658,264667,264675,264681,264693,264701,264671,264678
264739,264770,264785,264790,264831,264752,264778,264789,264747,264756,264765,264772,264783,264792,264760,264768
264831,264859,264871,264876,264919,264841,264865,264874,264834,264845,264853,264860,264869,264878,264850,264857
264919,264940,264958,264963,264996,264928,264953,264962,264922,264932,264943,264949,264957,264964,264934,264946
264996,265028,265047,265054,265098,265016,265041,265050,265010,265020,265033,265038,265046,265054,265022,265035
265098,265114,265136,265144,265172,265105,265129,265139,265099,265109,265118,265125,265134,265144,265113,265122
265172,265200,265222,265226,265264,265192,265216,265225,265188,265196,265203,265211,265220,265227,265199,265206
265264,265294,265314,265320,265363,265281,265308,265318,265275,265284,265292,265304,265313,265322,265287,265293
265363,265391,265404,265412,265450,265370,265397,265408,265365,265373,265384,265392,265402,265412,265376,265389
265450,265468,265490,265498,265531,265458,265484,265497,265453,265462,265470,265478,265489,265501,265465,265473
265531,265555,265575,265585,265615,265546,265570,265579,265541,265549,265558,265565,265573,265579,265553,265561
265615,265647,265668,265676,265701,265635,265650,265653,265629,265638,265644,265644,265651,265658,265641,265644
265701,265741,265756,265761,265809,265726,265750,265760,265720,265729,265739,265746,265754,265762,265733,265743
265809,265831,265845,265854,265897,265816,265839,265853,265811,265819,265828,265835,265844,265856,265822,265832
265897,265921,265939,265947,265989,265906,265932,265943,265901,265909,265918,265927,265937,265948,265912,265927
265989,266018,266031,266039,266080,265999,266026,266038,265994,266003,266011,266021,266030,266043,266006,266018
266080,266101,266118,266129,266163,266089,266113,266122,266083,266095,266104,266109,266116,266122,266100,266106
266163,266192,266209,266212,266255,266179,266203,266211,266173,266182,266189,266200,266207,266214,266184,266190
266255,266288,266304,266311,266353,266272,266296,266307,266267,266275,266282,266289,266303,266311,266278,266285
266353,266370,266377,266382,266443,266363,266373,266379,266357,266367,266371,266371,266375,266383,266371,266379
266443,266464,266485,266490,266533,266453,266478,266489,266447,266456,266465,266472,266483,266492,266460,266468
266533,266555,266590,266595,266624,266541,266569,266578,266535,266544,266550,266555,266574,266582,266547,266552
266624,266642,266664,266672,266708,266631,266657,266668,266625,266637,266647,266653,266662,266672,266643,266650
266708,266741,266751,266755,266801,266720,266746,266754,266715,266724,266735,266742,266750,266757,266727,266739
266801,266829,266839,266842,266879,266810,266834,266841,266804,266813,266821,266829,266837,266845,266817,266825
266879,266907,266928,266931,266979,266899,266924,266931,266894,266903,266912,266919,266926,266934,266906,266915
266979,267010,267023,267027,267075,266992,267017,267026,266986,266995,267003,267011,267022,267029,266999,267007
267075,267101,267114,267118,267167,267084,267108,267117,267078,267088,267096,267103,267112,267119,267092,267100
267167,267190,267210,267217,267247,267177,267201,267213,267171,267185,267193,267196,267208,267218,267189,267196
267247,267287,267301,267304,267347,267268,267294,267303,267262,267270,267277,267289,267299,267306,267273,267286
267347,267372,267389,267394,267421,267357,267382,267393,267351,267360,267371,267377,267388,267396,267363,267374
267421,267465,267477,267480,267528,267446,267471,267479,267440,267449,267458,267466,267474,267481,267453,267462
267528,267552,267568,267573,267617,267537,267563,267572,267531,267540,267543,267546,267567,267575,267541,267546
267617,267641,267654,267659,267703,267625,267648,267657,267619,267629,267636,267643,267652,267660,267632,267640
267703,267731,267743,267751,267791,267712,267737,267746,267706,267715,267722,267732,267741,267753,267717,267729
267791,267820,267834,267838,267879,267800,267827,267837,267794,267803,267815,267822,267832,267841,267806,267819
267879,267908,267920,267924,267970,267889,267915,267923,267883,267893,267905,267911,267918,267925,267895,267908
267970,267994,268008,268022,268056,267978,268002,268010,267972,267980,267986,267992,268006,268012,267983,267988
268056,268082,268097,268102,268144,268065,268090,268100,268060,268068,268074,268085,268095,268104,268070,268075
268144,268173,268186,268190,268230,268153,268180,268189,268147,268157,268165,268175,268184,268191,268160,268170
268230,268259,268273,268279,268322,268241,268267,268275,268235,268243,268248,268262,268271,268279,268245,268251
268322,268346,268359,268364,268403,268329,268354,268363,268323,268332,268343,268349,268357,268369,268335,268346
268403,268433,268445,268452,268494,268416,268439,268448,268410,268420,268427,268434,268443,268451,268423,268431
268494,268522,268535,268540,268573,268501,268528,268539,268495,268504,268513,268522,268533,268544,268507,268518
268573,268605,268617,268621,268667,268588,268612,268620,268582,268591,268599,268608,268616,268621,268594,268605
268667,268696,268708,268711,268752,268676,268703,268711,268669,268679,268680,268697,268706,268714,268679,268694
268752,268780,268792,268796,268837,268760,268786,268795,268754,268763,268771,268780,268791,268799,268767,268776
268837,268863,268876,268887,268923,268846,268870,268881,268840,268849,268855,268866,268874,268881,268851,268863
268923,268951,268964,268972,269001,268933,268958,268971,268927,268937,268945,268953,268962,268975,268941,268949
269001,269040,269059,269062,269096,269020,269045,269052,269014,269025,269033,269040,269047,269052,269029,269037
269096,269124,269134,269138,269182,269105,269129,269137,269100,269109,269118,269125,269132,269138,269113,269122
269182,269207,269222,269225,269271,269191,269216,269224,269186,269194,269199,269204,269220,269227,269196,269201
269271,269295,269309,269313,269350,269279,269302,269312,269273,269282,269288,269295,269307,269316,269285,269291
269350,269383,269396,269400,269442,269365,269390,269399,269360,269368,269374,269386,269394,269402,269371,269376
269442,269470,269484,269487,269523,269453,269478,269486,269447,269457,269466,269473,269482,269490,269462,269470
269523,269558,269571,269577,269619,269541,269565,269576,269535,269545,269553,269560,269572,269581,269549,269556
269619,269646,269658,269664,269699,269627,269652,269662,269621,269629,269635,269647,269656,269668,269632,269644
269699,269727,269747,269750,269795,269715,269741,269749,269709,269720,269731,269737,269745,269753,269726,269734
269795,269823,269834,269839,269885,269805,269829,269838,269799,269809,269817,269824,269832,269838,269813,269821
269885,269911,269926,269929,269976,269895,269919,269928,269889,269898,269905,269911,269924,269931,269901,269908
269976,270005,270016,270022,270066,269984,270010,270021,269979,269987,269996,270004,270015,270025,269991,270001
270066,270095,270106,270109,270157,270074,270100,270108,270068,270078,270088,270095,270104,270112,270082,270092
270157,270184,270196,270201,270247,270165,270190,270200,270159,270167,270176,270184,270194,270204,270171,270180
270247,270273,270289,270294,270334,270256,270282,270293,270250,270258,270264,270277,270287,270297,270261,270266
270334,270362,270374,270378,270417,270344,270368,270377,270338,270347,270354,270363,270372,270379,270350,270359
270417,270451,270464,270468,270517,270433,270458,270467,270428,270436,270443,270452,270462,270471,270439,270447
270517,270544,270554,270565,270609,270526,270549,270557,270520,270530,270537,270544,270552,270557,270534,270541
270609,270635,270649,270672,270700,270617,270643,270650,270611,270619,270626,270631,270647,270653,270622,270628
270700,270727,270748,270766,270786,270707,270733,270752,270701,270711,270721,270729,270746,270753,270715,270725
270786,270815,270826,270833,270878,270796,270820,270832,270789,270800,270808,270815,270824,270836,270804,270811
270878,270907,270921,270928,270962,270888,270915,270927,270883,270892,270904,270910,270920,270931,270895,270907
270962,270999,271010,271013,271059,270979,271004,271012,270973,270982,270994,271001,271008,271015,270984,270998
271059,271086,271099,271128,271149,271067,271093,271101,271061,271069,271076,271085,271097,271104,271073,271080
271149,271176,271190,271195,271238,271158,271184,271193,271151,271161,271167,271179,271188,271197,271164,271170
271238,271271,271282,271287,271333,271252,271277,271286,271246,271255,271263,271271,271280,271288,271259,271267
271333,271364,271375,271379,271424,271344,271369,271378,271336,271349,271358,271365,271373,271380,271354,271361
271424,271455,271479,271469,271516,271435,271463,271468,271427,271438,271445,271455,271465,271470,271441,271449
271516,271541,271555,271558,271608,271525,271550,271558,271518,271528,271535,271538,271553,271561,271531,271538
271608,271635,271649,271660,271689,271618,271642,271659,271612,271621,271627,271635,271647,271664,271624,271631
271689,271729,271743,271747,271789,271709,271737,271746,271703,271713,271720,271727,271741,271748,271716,271723
271789,271820,271831,271835,271884,271799,271825,271834,271793,271802,271813,271821,271829,271837,271805,271818
271884,271913,271924,271928,271975,271891,271919,271928,271885,271894,271905,271913,271922,271932,271897,271910
271975,272004,272015,272018,272063,271984,272009,272017,271978,271987,271997,272005,272013,272021,271990,272001
272063,272093,272103,272107,272156,272075,272098,272106,272069,272078,272085,272093,272102,272109,272081,272089
272156,272183,272195,272201,272243,272164,272189,272200,272158,272167,272174,272183,272193,272203,272169,272180
272243,272272,272286,272290,272323,272255,272279,272289,272248,272258,272266,272273,272284,272293,272262,272269
272323,272361,272373,272377,272428,272345,272367,272376,272339,272348,272355,272363,272371,272378,272351,272360
272428,272455,272467,272470,272517,272435,272462,272469,272430,272438,272446,272457,272465,272472,272441,272454
272517,272545,272556,272561,272598,272526,272551,272560,272519,272530,272539,272546,272554,272565,272533,272543
272598,272633,272644,272649,272698,272615,272639,272648,272609,272618,272626,272634,272642,272649,272622,272630
272698,272724,272740,272744,272789,272706,272733,272743,272700,272709,272716,272723,272738,272746,272713,272719
272789,272817,272829,272832,272880,272798,272824,272832,272792,272801,272809,272817,272827,272836,272804,272813
272880,272909,272920,272926,272971,272889,272914,272924,272883,272893,272902,272910,272918,272930,272898,272906
272971,272998,273010,273030,273063,272979,273005,273015,272973,272983,272992,272999,273008,273015,272987,272996
273063,273088,273101,273104,273153,273071,273095,273103,273065,273074,273082,273090,273099,273106,273077,273085
273153,273178,273195,273205,273237,273162,273189,273198,273156,273165,273170,273176,273193,273198,273167,273173
273237,273271,273282,273286,273331,273252,273277,273285,273246,273255,273264,273272,273281,273289,273258,273268
273331,273361,273372,273378,273420,273340,273366,273377,273335,273344,273354,273361,273371,273381,273348,273358
273420,273449,273464,273469,273512,273431,273457,273468,273426,273434,273441,273452,273462,273471,273437,273444
273512,273542,273554,273557,273590,273523,273548,273556,273518,273526,273534,273544,273552,273559,273530,273537
273590,273632,273646,273650,273698,273616,273641,273649,273611,273619,273626,273636,273644,273650,273622,273633
273698,273720,273740,273750,273783,273709,273734,273745,273703,273713,273722,273730,273739,273749,273718,273726
273783,273823,273836,273861,273886,273803,273829,273838,273798,273806,273814,273823,273834,273841,273810,273817
273886,273907,273924,273928,273977,273895,273918,273927,273889,273898,273907,273913,273922,273930,273901,273910
273977,274004,274017,274047,274069,273985,274011,274020,273979,273988,273997,274006,274015,274023,273992,274001
274069,274088,274109,274136,274158,274078,274103,274112,274072,274082,274092,274099,274107,274114,274085,274096
274158,274187,274203,274211,274235,274171,274197,274208,274166,274174,274181,274192,274202,274212,274177,274189
274235,274280,274291,274294,274339,274260,274286,274293,274255,274263,274271,274281,274289,274296,274267,274277
274339,274368,274381,274386,274431,274351,274375,274384,274346,274354,274363,274371,274380,274388,274357,274368
274431,274459,274472,274479,274513,274441,274466,274478,274435,274445,274453,274461,274470,274482,274449,274457
274513,274545,274564,274570,274610,274533,274558,274567,274527,274536,274541,274542,274562,274571,274538,274542
274610,274640,274656,274662,274706,274625,274649,274659,274620,274628,274633,274639,274654,274662,274630,274636
274706,274723,274744,274749,274781,274714,274739,274748,274708,274718,274728,274735,274743,274752,274723,274732
274781,274813,274833,274838,274883,274803,274827,274837,274798,274807,274819,274824,274831,274845,274810,274824
274883,274910,274928,,274961,274892,274917,274956,274886,274895,274903,274911,274952,274957,274898,274907
274961,274998,275010,275019,275061,274979,275005,275015,274973,274982,274989,275000,275008,275015,274984,274997
275061,275090,275102,275106,275152,275070,275096,275105,275065,275073,275081,275091,275100,275108,275076,275087
275152,275179,275191,275196,275242,275161,275184,275195,275154,275164,275172,275179,275189,275200,275168,275176
275242,275264,275282,275285,275332,275250,275276,275284,275244,275253,275257,275261,275280,275288,275255,275261
275332,275359,275371,275374,275417,275340,275366,275374,275334,275343,275351,275360,275369,275377,275346,275356
275417,275449,275465,275470,275512,275431,275459,275469,275426,275434,275440,275455,275463,275471,275436,275442
275512,275537,275548,275578,275607,275520,275542,275551,275514,275523,275531,275538,275546,275552,275527,275535
275607,275634,275646,275672,275700,275615,275640,275651,275610,275619,275626,275635,275644,275656,275622,275630
275700,275718,275736,275744,275772,275707,275730,275739,275702,275711,275719,275725,275735,275743,275714,275722
275772,275813,275827,275831,275871,275798,275820,275830,275792,275802,275809,275816,275825,275832,275806,275813
275871,275906,275918,275947,275972,275889,275914,275920,275883,275892,275899,275906,275917,275922,275895,275901
275972,275996,276013,276021,276069,275981,276006,276016,275975,275984,275991,276001,276011,276020,275987,275994
276069,276093,276107,276112,276141,276075,276101,276111,276070,276078,276085,276096,276105,276115,276081,276088
276141,276184,276198,276203,276252,276167,276191,276202,276162,276170,276177,276185,276196,276207,276174,276181
276252,276279,276291,276296,276344,276259,276285,276295,276254,276262,276270,276280,276289,276299,276265,276276
276344,276372,276385,276390,276435,276352,276379,276388,276346,276355,276362,276372,276383,276391,276358,276365
276435,276459,276478,276481,276523,276443,276467,276480,276437,276445,276452,276459,276476,276483,276448,276455
276523,276551,276562,276566,276613,276531,276557,276565,276526,276534,276542,276551,276560,276568,276538,276547
276613,276637,276652,276655,276699,276621,276646,276654,276615,276623,276629,276641,276650,276656,276626,276631
276699,276727,276737,276747,276783,276707,276732,276739,276701,276711,276720,276727,276735,276739,276714,276724
276783,276809,276822,276827,276865,276791,276815,276824,276785,276795,276802,276810,276820,276829,276798,276806
276865,276891,276904,276922,276945,276873,276898,276907,276867,276876,276885,276893,276902,276910,276879,276890
276945,276972,276985,276994,277031,276955,276979,276989,276949,276958,276967,276974,276983,276994,276962,276971
277031,277061,277074,277079,277123,277043,277068,277078,277037,277047,277056,277064,277072,277081,277051,277060
277123,277139,277157,277166,277210,277131,277152,277165,277125,277135,277143,277148,277156,277169,277139,277148
277210,277234,277248,277252,277297,277218,277242,277251,277212,277222,277230,277237,277246,277254,277226,277234
277297,277323,277339,277343,277375,277308,277333,277342,277302,277311,277318,277329,277338,277345,277314,277320
277375,277405,277427,277450,277477,277397,277422,277430,277392,277400,277409,277417,277426,277432,277404,277413
277477,277501,277512,277521,277565,277485,277506,277517,277480,277488,277495,277501,277509,277517,277491,277498
277565,277586,277603,277610,277654,277572,277597,277609,277566,277576,277587,277593,277601,277615,277584,277593
277654,277678,277692,277696,277742,277662,277686,277695,277656,277666,277675,277682,277690,277698,277671,277679
277742,277766,277778,277791,277828,277749,277772,277782,277743,277752,277759,277768,277776,277782,277755,277763
277828,277854,277868,277872,277902,277836,277861,277871,277830,277839,277847,277855,277866,277874,277843,277851
277902,277936,277956,277960,278006,277924,277951,277959,277919,277928,277940,277947,277954,277961,277931,277944
278006,278033,278045,278053,278084,278014,278039,278052,278008,278018,278026,278034,278043,278054,278022,278030
278084,278119,278132,278140,278180,278103,278126,278139,278098,278106,278113,278120,278131,278143,278110,278117
278180,278212,278222,278225,278270,278189,278217,278224,278182,278194,278203,278211,278220,278227,278199,278207
278270,278299,278311,278315,278361,278280,278305,278314,278273,278283,278290,278299,278309,278318,278286,278295
278361,278390,278401,278404,278449,278369,278397,278404,278363,278372,278377,278391,278399,278410,278374,278388
278449,278480,278492,278494,278541,278459,278488,278494,278453,278462,278471,278478,278490,278497,278466,278474
278541,278569,278579,278583,278629,278549,278574,278582,278542,278554,278563,278570,278578,278584,278560,278566
278629,278658,278669,278681,278719,278638,278664,278674,278631,278645,278652,278659,278667,278674,278649,278655
278719,278748,278760,278766,278813,278730,278754,278765,278723,278734,278741,278748,278759,278770,278738,278745
278813,278839,278852,278856,278904,278823,278846,278854,278816,278827,278835,278842,278850,278857,278831,278839
278904,278932,278945,278949,278995,278914,278939,278949,278907,278917,278926,278933,278943,278954,278921,278929
278995,279023,279034,279058,279091,279006,279029,279036,279000,279009,279018,279025,279032,279039,279014,279022
279091,279116,279128,279150,279183,279098,279122,279134,279092,279101,279110,279117,279126,279137,279105,279114
279183,279209,279225,279246,279274,279192,279214,279227,279185,279195,279201,279208,279223,279230,279198,279205
279274,279302,279314,279330,279368,279282,279309,279317,279276,279285,279291,279302,279313,279319,279288,279295
279368,279395,279407,279411,279464,279376,279401,279410,279370,279379,279385,279396,279406,279415,279382,279396
279464,279495,279505,279508,279564,279473,279501,279508,279466,279476,279488,279495,279503,279511,279479,279492
279564,279592,279603,279607,279658,279573,279598,279607,279566,279577,279586,279592,279601,279609,279581,279589
279658,279687,279694,279697,279744,279667,279691,279697,279660,279670,279678,279685,279692,279699,279674,279681
279744,279779,279789,279797,279846,279759,279784,279796,279753,279763,279772,279779,279789,279799,279769,279775
279846,279877,279887,279890,279932,279855,279882,279889,279849,279857,279863,279877,279885,279893,279860,279866
279932,279969,279987,280008,280039,279951,279978,279990,279945,279954,279962,279971,279985,279993,279957,279966
280039,280068,280077,280080,280135,280048,280072,280079,280042,280051,280059,280067,280075,280081,280055,280063
280135,280163,280174,280178,280231,280143,280169,280177,280137,280147,280156,280163,280172,280181,280151,280160
280231,280261,280274,280278,280328,280241,280269,280278,280233,280244,280250,280258,280272,280282,280247,280254
280328,280357,280369,280373,280424,280338,280363,280372,280332,280343,280351,280358,280367,280375,280347,280354
280424,280452,280464,280490,280519,280432,280459,280468,280426,280434,280440,280454,280462,280476,280437,280443
280519,280548,280558,280563,280612,280527,280553,280562,280521,280529,280538,280548,280556,280569,280532,280545
280612,280642,280653,280656,280707,280622,280648,280656,280615,280624,280636,280643,280651,280658,280627,280640
280707,280741,280750,280753,280809,280720,280745,280752,280713,280724,280733,280741,280748,280754,280729,280737
280809,280836,280850,280854,280898,280818,280843,280853,280811,280821,280829,280837,280848,280857,280825,280832
280898,280934,280948,280953,281001,280916,280942,280952,280911,280920,280930,280937,280946,280956,280924,280934
281001,281029,281042,281045,281097,281013,281036,281044,281007,281016,281023,281031,281040,281047,281019,281027
281097,281126,281138,281142,281199,281107,281133,281141,281101,281110,281113,281128,281136,281144,281112,281115
281199,281228,281239,281242,281298,281207,281233,281241,281201,281209,281216,281228,281237,281244,281212,281225
281298,281326,281335,281339,281393,281305,281330,281339,281299,281309,281317,281325,281333,281344,281314,281321
281393,281422,281432,281447,281489,281402,281427,281447,281396,281405,281414,281423,281442,281449,281408,281420
281489,281517,281529,281536,281587,281497,281525,281536,281491,281501,281507,281511,281528,281541,281503,281508
281587,281615,281628,281633,281683,281596,281621,281632,281589,281599,281606,281614,281626,281637,281603,281610
281683,281709,281718,281730,281781,281691,281714,281722,281685,281694,281701,281708,281716,281722,281697,281704
281781,281808,281817,281819,281877,281789,281813,281819,281783,281792,281799,281807,281815,281821,281795,281804
281877,281906,281916,281921,281958,281885,281911,281920,281879,281889,281898,281906,281915,281925,281894,281902
281958,281999,282010,282013,282066,281979,282004,282012,281974,281982,281990,282000,282008,282015,281984,281997
282066,282093,282106,282117,282160,282075,282101,282110,282068,282083,282090,282096,282104,282110,282087,282093
282160,282188,282200,282203,282252,282169,282194,282202,282163,282172,282182,282190,282198,282206,282175,282186
282252,282280,282295,282305,282346,282260,282285,282299,282254,282263,282271,282279,282293,282304,282266,282275
282346,282368,282385,282392,282442,282355,282378,282388,282349,282359,282374,282374,282383,282392,282362,282374
282442,282466,282481,282485,282524,282449,282475,282485,282443,282452,282458,282464,282478,282490,282455,282461
282524,282561,282574,282578,282629,282543,282567,282577,282538,282547,282555,282562,282571,282578,282550,282559
282629,282656,282667,282680,282723,282639,282662,282671,282633,282642,282646,282656,282665,282671,282644,282649
282723,282747,282761,282786,282814,282731,282754,282767,282725,282734,282738,282746,282759,282772,282736,282741
282814,282843,282855,282875,282906,282821,282849,282857,282815,282823,282828,282844,282853,282860,282825,282840
282906,282933,282955,282960,283002,282916,282941,282958,282911,282920,282927,282935,282954,282962,282923,282930
283002,283030,283040,283061,283097,283009,283035,283043,283004,283012,283021,283030,283038,283047,283016,283026
283097,283115,283141,283170,283192,283106,283136,283142,283101,283110,283118,283133,283139,283145,283113,283130
283192,283218,283232,283236,283265,283199,283226,283235,283193,283202,283205,283221,283231,283239,283203,283218
283265,283313,283326,283337,283377,283297,283321,283329,283291,283301,283311,283317,283325,283329,283306,283314
283377,283414,283427,283431,283485,283397,283421,283430,283390,283401,283410,283416,283425,283434,283405,283413
283485,283509,283522,283527,283573,283493,283516,283526,283488,283496,283504,283511,283520,283536,283500,283508
283573,283596,283619,283624,283665,283587,283613,283622,283582,283591,283602,283609,283617,283626,283595,283606
283665,283700,283714,283721,283770,283683,283708,283718,283677,283685,283691,283704,283712,283723,283688,283693
283770,283795,283809,283813,283859,283779,283803,283812,283773,283783,283790,283799,283807,283815,283786,283794
283859,283881,283904,283914,283959,283873,283898,283913,283868,283876,283884,283895,283903,283918,283879,283886
283959,283979,283999,284010,284052,283966,283992,284009,283961,283969,283977,283988,283997,284011,283972,283985
284052,284078,284093,284101,284142,284061,284086,284098,284054,284066,284074,284080,284091,284102,284070,284077
284142,284177,284189,284200,284246,284157,284184,284193,284153,284161,284168,284177,284187,284193,284164,284171
284246,284268,284281,284296,284335,284254,284275,284285,284248,284258,284265,284270,284279,284285,284262,284270
284335,284353,284375,284380,284433,284345,284369,284378,284340,284349,284357,284365,284373,284382,284353,284361
284433,284456,284471,284477,284513,284441,284465,284474,284435,284444,284452,284460,284469,284477,284447,284457
284513,284557,284574,284599,284625,284536,284566,284577,284531,284539,284548,284557,284572,284579,284542,284554
284625,284650,284665,284676,284713,284632,284658,284671,284626,284635,284645,284653,284664,284675,284638,284650
284713,284732,284755,284764,284810,284725,284749,284759,284719,284728,284738,284745,284753,284767,284732,284742
284810,284826,284851,284855,284900,284818,284845,284854,284812,284821,284832,284841,284849,284857,284825,284838
284900,284931,284943,284949,284996,284911,284937,284945,284906,284914,284922,284932,284941,284949,284917,284928
284996,285021,285035,285054,285083,285004,285028,285037,284997,285008,285016,285023,285033,285040,285012,285020
285083,285112,285125,285130,285168,285093,285118,285129,285087,285097,285105,285113,285124,285132,285101,285109
285168,285195,285208,285213,285232,285177,285202,285212,285171,285180,285187,285197,285206,285215,285183,285191
285232,285272,285286,285291,285336,285257,285281,285290,285251,285260,285268,285276,285285,285291,285263,285272
285336,285362,285373,285378,285416,285343,285367,285375,285338,285346,285356,285363,285371,285379,285350,285360
285416,285438,285449,285472,285490,285423,285443,285452,285418,285426,285432,285438,285447,285456,285429,285435
285490,285518,285531,285538,285573,285505,285526,285537,285499,285508,285514,285521,285530,285537,285510,285518
285573,285610,285628,285631,285672,285595,285621,285630,285590,285598,285605,285611,285626,285633,285601,285608
285672,285706,285725,285736,285785,285695,285718,285730,285689,285698,285709,285714,285723,285736,285700,285705
285785,285802,285824,285845,285871,285794,285819,285829,285789,285798,285807,285814,285822,285829,285803,285811
285871,285901,285919,285927,285965,285886,285912,285924,285881,285888,285894,285900,285918,285926,285891,285897
285965,285988,286009,286013,286048,285979,286004,286012,285974,285983,285992,286000,286007,286014,285988,285996
286048,286078,286103,286109,286151,286071,286097,286106,286065,286074,286084,286093,286101,286108,286078,286090
286151,286166,286187,286206,286223,286159,286182,286192,286153,286162,286170,286177,286185,286193,286166,286174
286223,286253,286274,286256,286304,286243,286253,286256,286238,286247,286250,286250,286254,286262,286250,286258
286304,286337,286355,286361,286388,286328,286338,286345,286322,286332,286335,286335,286339,286345,286335,286342
286388,286423,286442,286449,286490,286413,286436,286447,286408,286417,286426,286432,286441,286453,286421,286429
286490,286517,286541,286567,286591,286509,286535,286543,286504,286513,286521,286531,286539,286546,286516,286523
286591,286614,286634,286637,286670,286603,286627,286636,286597,286606,286613,286619,286632,286639,286609,286615
286670,286714,286726,286730,286779,286695,286720,286729,286690,286697,286703,286715,286723,286732,286700,286705
286779,286805,286817,286848,286868,286787,286812,286820,286782,286790,286801,286807,286815,286822,286793,286794
286868,286885,286906,286908,286954,286876,286900,286907,286871,286880,286888,286896,286904,286910,286883,286892
286954,286978,286991,286993,287039,286961,286985,286992,286956,286964,286975,286981,286989,286995,286968,286981
287039,287057,287074,287100,287124,287045,287069,287078,287039,287049,287058,287064,287072,287078,287054,287064
287124,287149,287180,287169,287217,287132,287162,287169,287125,287135,287142,287148,287165,287172,287138,287145
287217,287245,287258,287262,287309,287226,287252,287261,287220,287228,287233,287246,287256,287264,287230,287235
287309,287337,287354,287380,287401,287320,287347,287358,287314,287323,287335,287342,287353,287362,287326,287338
287401,287430,287442,287445,287492,287412,287436,287444,287404,287417,287424,287431,287440,287448,287421,287428
287492,287521,287544,287547,287584,287505,287538,287546,287499,287507,287510,287517,287543,287550,287509,287514
287584,287612,287623,287628,287670,287592,287617,287625,287586,287595,287605,287612,287621,287629,287599,287609
287670,287694,287711,287714,287749,287677,287704,287713,287671,287680,287686,287691,287709,287717,287682,287688
287749,287775,287786,287799,287831,287758,287781,287798,287752,287762,287770,287776,287795,287803,287765,287773
287831,287854,287871,287876,287921,287840,287864,287875,287833,287851,287859,287859,287869,287876,287854,287859
287921,287949,287961,287965,288009,287929,287955,287964,287924,287932,287937,287950,287959,287969,287934,287947
288009,288039,288049,288054,288098,288017,288043,288051,288011,288021,288032,288039,288047,288054,288029,288036
288098,288122,288134,288142,288177,288107,288127,288136,288101,288110,288117,288123,288132,288139,288113,288120
288177,288205,288229,288242,288268,288193,288223,288237,288188,288197,288214,288220,288228,288241,288201,288217
288268,288298,288315,288318,288344,288275,288308,288317,288269,288278,288285,288299,288313,288321,288281,288296
288344,288368,288385,288411,288431,288357,288379,288387,288352,288361,288369,288375,288383,288389,288365,288375
288431,288453,288465,288468,288506,288438,288459,288467,288432,288441,288449,288455,288463,288471,288445,288452
288506,288526,288557,288548,288582,288515,288542,288547,288509,288520,288530,288537,288544,288549,288524,288534
288582,288605,288619,288621,288663,288592,288613,288620,288586,288596,288608,288608,288617,288623,288598,288608
288663,288689,288699,288708,288760,288671,288694,288704,288665,288674,288681,288689,288697,288704,288677,288685
288760,288784,288797,288801,288848,288767,288790,288800,288761,288770,288776,288783,288795,288803,288773,288779
288848,288870,288885,288903,288933,288856,288879,288888,288850,288860,288868,288874,288883,288888,288863,288871
288933,288958,288970,288980,289014,288942,288964,288979,288936,288946,288952,288959,288968,288981,288949,288956
289014,289042,289052,289055,289097,289024,289048,289054,289018,289028,289036,289043,289050,289055,289032,289040
289097,289118,289147,289134,289173,289106,289125,289133,289100,289109,289116,289119,289129,289137,289112,289119
289173,289198,289216,289229,289256,289187,289209,289221,289181,289191,289199,289203,289214,289221,289194,289203
289256,289284,289294,289296,289332,289264,289288,289295,289258,289267,289277,289284,289292,289298,289273,289281
289332,289360,289374,289377,289410,289341,289369,289376,289334,289346,289355,289362,289373,289380,289351,289358
289410,289438,289449,289454,289494,289420,289443,289453,289414,289424,289431,289438,289447,289458,289426,289435
289494,289521,289536,289550,289568,289504,289531,289538,289498,289507,289517,289525,289534,289538,289511,289522
289568,289601,289616,289621,289662,289587,289610,289620,289581,289590,289596,289602,289614,289625,289592,289599
289662,289686,289719,289725,289746,289671,289695,289703,289665,289674,289681,289686,289698,289709,289677,289683
289746,289773,289787,289790,289829,289755,289781,289789,289748,289759,289768,289775,289785,289793,289763,289772
289829,289852,289872,289874,289908,289836,289859,289873,289830,289838,289843,289853,289870,289876,289840,289846
289908,289934,289947,289950,289990,289917,289942,289949,289912,289921,289932,289938,289946,289952,289924,289935
289990,290015,290028,290032,290071,289998,290022,290031,289991,290001,290007,290014,290026,290034,290003,290010
290071,290098,290112,290116,290156,290082,290105,290115,290076,290086,290093,290099,290110,290120,290089,290096
290156,290184,290195,290200,290253,290167,290190,290199,290158,290172,290177,290184,290194,290200,290174,290181
290253,290282,290293,290298,290345,290262,290287,290297,290256,290265,290276,290283,290291,290305,290271,290279
290345,290374,290383,290385,290431,290354,290378,290384,290347,290357,290366,290373,290381,290386,290362,290370
290431,290457,290480,290486,290517,290441,290475,290483,290435,290444,290448,290458,290478,290486,290446,290450
290517,290543,290557,290561,290602,290526,290551,290560,290521,290529,290538,290546,290555,290565,290532,290546
290602,290630,290641,290643,290686,290611,290636,290642,290604,290618,290626,290632,290639,290645,290622,290629
290686,290711,290723,290732,290770,290695,290717,290731,290689,290697,290703,290710,290721,290738,290700,290706
290770,290796,290808,290813,290851,290778,290802,290812,290772,290781,290788,290795,290806,290814,290784,290792
290851,290880,290903,290906,290947,290864,290891,290905,290857,290876,290884,290884,290901,290910,290879,290884
290947,290974,290987,290991,291045,290955,290980,290990,290949,290959,290965,290973,290985,290994,290962,290969
291045,291073,291085,291089,291139,291056,291081,291090,291049,291059,291065,291071,291083,291090,291062,291068
291139,291169,291187,291191,291232,291150,291181,291190,291143,291153,291158,291162,291185,291193,291155,291162
291232,291259,291271,291274,291322,291242,291266,291274,291235,291246,291252,291259,291269,291278,291248,291256
291322,291349,291360,291362,291409,291331,291355,291361,291324,291337,291345,291351,291358,291364,291342,291348
291409,291432,291462,291452,291487,291418,291447,291452,291411,291423,291441,291444,291449,291454,291427,291432
291487,291516,291529,291538,291576,291502,291524,291537,291495,291510,291516,291516,291528,291542,291514,291516
291576,291601,291614,291625,291657,291583,291609,291618,291577,291586,291589,291594,291612,291618,291588,291594
291657,291686,291700,291703,291740,291665,291693,291703,291659,291669,291678,291686,291698,291706,291673,291682
291740,291766,291777,291778,291822,291749,291773,291778,291742,291754,291763,291768,291775,291780,291759,291765
291822,291849,291865,291868,291907,291833,291856,291867,291827,291837,291844,291849,291863,291871,291840,291849
291907,291933,291946,291954,291989,291917,291941,291953,291911,291921,291932,291934,291949,291957,291924,291934
291989,292020,292033,292036,292078,292003,292028,292036,291997,292006,292011,292017,292031,292039,292008,292014
292078,292104,292118,292121,292164,292087,292111,292120,292081,292090,292095,292102,292116,292123,292092,292099
292164,292193,292205,292212,292254,292175,292199,292211,292168,292178,292183,292192,292203,292215,292181,292189
292254,292283,292303,292305,292341,292266,292298,292305,292260,292270,292277,292283,292301,292308,292273,292280
292341,292368,292379,292382,292426,292349,292373,292381,292343,292353,292362,292369,292377,292382,292358,292366
292426,292453,292466,292485,292515,292435,292460,292473,292429,292438,292446,292454,292464,292474,292441,292450
292515,292541,292564,292567,292604,292524,292549,292566,292518,292526,292533,292539,292562,292568,292529,292536
292604,292633,292645,292649,292696,292614,292639,292648,292607,292618,292627,292634,292643,292651,292623,292631
292696,292727,292741,292745,292787,292707,292735,292744,292701,292711,292717,292729,292740,292748,292714,292726
292787,292814,292826,292831,292878,292797,292820,292831,292790,292800,292805,292812,292824,292831,292803,292809
292878,292908,292919,292923,292969,292888,292915,292924,292881,292891,292898,292909,292917,292924,292894,292899
292969,293000,293010,293011,293065,292981,293006,293011,292975,292984,292993,293000,293008,293013,292987,292997
293065,293097,293109,293113,293160,293074,293104,293112,293069,293078,293085,293099,293107,293115,293081,293096
293160,293188,293203,293207,293250,293169,293196,293206,293163,293172,293183,293190,293201,293210,293176,293187
293250,293278,293291,293302,293346,293262,293285,293298,293256,293266,293273,293280,293289,293304,293269,293276
293346,293371,293383,293408,293432,293354,293378,293386,293349,293357,293366,293374,293382,293386,293360,293371
293432,293463,293474,293478,293517,293446,293469,293477,293441,293450,293456,293463,293473,293480,293453,293459
293517,293556,293568,293578,293616,293540,293562,293577,293535,293543,293550,293557,293566,293582,293546,293553
293616,293649,293669,293675,293719,293636,293663,293672,293629,293643,293651,293659,293668,293676,293646,293656
293719,293748,293759,293763,293796,293728,293754,293762,293722,293732,293740,293750,293758,293764,293735,293747
293796,293845,293854,293881,293907,293821,293850,293856,293815,293823,293829,293845,293852,293859,293826,293842
293907,293933,293951,293957,294002,293916,293943,293953,293910,293919,293926,293934,293949,293956,293922,293929
294002,294029,294041,294046,294094,294011,294035,294045,294004,294014,294023,294031,294039,294051,294020,294027
294094,294115,294136,294140,294192,294104,294130,294139,294097,294110,294119,294126,294134,294143,294115,294122
294192,294219,294232,294235,294281,294200,294228,294235,294195,294203,294210,294215,294230,294237,294206,294212
294281,294311,294323,294327,294381,294292,294317,294326,294287,294296,294306,294313,294321,294328,294300,294310
294381,294408,294424,294427,294472,294388,294418,294426,294382,294393,294401,294408,294422,294427,294398,294405
294472,294496,294516,294521,294561,294484,294507,294520,294478,294488,294496,294499,294514,294524,294491,294499
294561,294591,294609,294614,294645,294579,294603,294613,294573,294582,294586,294587,294608,294618,294583,294587
294645,294692,294706,294710,294758,294675,294700,294709,294669,294682,294688,294695,294704,294712,294686,294692
294758,294784,294799,294803,294840,294767,294793,294802,294762,294770,294776,294783,294797,294805,294773,294779
294840,294882,294894,294899,294944,294861,294888,294896,294855,294864,294876,294884,294892,294899,294867,294880
294944,294975,294987,294996,295032,294954,294981,294994,294948,294958,294968,294976,294986,294999,294961,294973
295032,295066,295079,295084,295129,295047,295074,295083,295042,295051,295062,295069,295078,295084,295058,295066
295129,295154,295172,295179,295220,295140,295164,295176,295135,295143,295150,295157,295170,295179,295146,295152
295220,295248,295267,295274,295324,295236,295261,295270,295230,295239,295250,295257,295265,295273,295243,295254
