on,sp,dn,dp,off,u,v,w,a,b,c,d,e,f,p1,p2
0,60,80,86,138,53,72,85,47,57,66,68,79,89,60,68
138,157,177,187,227,150,165,181,144,154,165,165,175,186,158,165
227,248,267,277,334,241,258,272,235,245,256,256,266,276,249,256
334,358,379,389,453,351,367,384,346,356,367,367,377,388,360,367
453,472,491,503,551,465,479,496,459,469,481,481,489,502,473,481
551,577,599,610,669,570,584,604,565,575,587,587,597,608,579,587
669,693,714,726,782,686,702,719,681,691,703,703,713,724,695,703
782,801,820,831,874,793,808,825,787,798,809,809,818,829,802,809
874,903,925,936,998,896,910,930,891,901,912,914,923,934,905,914
998,1022,1043,1055,1106,1015,1030,1048,1009,1020,1031,1031,1042,1053,1024,1031
1106,1126,1145,1157,1176,1119,1133,1150,1113,1123,1135,1135,1144,1155,1127,1135
1176,1217,1238,1248,1315,1210,1224,1243,1204,1214,1226,1227,1236,1247,1219,1227
1315,1341,1362,1372,1431,1334,1348,1367,1328,1338,1350,1350,1360,1372,1342,1350
1431,1452,1469,1479,1503,1444,1460,1475,1439,1449,1459,1459,1468,1481,1453,1459
1503,1559,1579,1591,1619,1551,1570,1585,1546,1556,1567,1567,1578,1589,1560,1567
1619,1676,1697,1708,1755,1669,1683,1702,1663,1673,1685,1685,1696,1707,1677,1685
1755,1785,1806,1818,1837,1778,1793,1812,1772,1783,1795,1795,1805,1816,1787,1795
1837,1887,1908,1919,1978,1880,1897,1913,1874,1884,1895,1895,1906,1918,1888,1895
1978,1997,2018,2028,2065,1990,2006,2021,1984,1994,2005,2005,2015,2026,1998,2005
2065,2092,2112,2122,2179,2084,2100,2117,2079,2089,2101,2101,2110,2121,2093,2101
2179,2197,2218,2228,2295,2190,2205,2223,2184,2194,2207,2207,2216,2227,2198,2207
2295,2314,2334,2345,2390,2307,2320,2338,2301,2311,2323,2323,2332,2343,2315,2323
2390,2408,2430,2440,2506,2401,2415,2434,2396,2406,2416,2418,2428,2438,2410,2418
2506,2524,2545,2555,2598,2517,2530,2549,2511,2521,2534,2534,2543,2554,2525,2534
2598,2630,2648,2661,2683,2623,2638,2654,2617,2627,2639,2639,2648,2660,2631,2639
2683,2731,2752,2763,2818,2724,2738,2757,2718,2728,2740,2740,2750,2762,2732,2740
2818,2836,2856,2867,2885,2829,2843,2861,2823,2834,2846,2846,2855,2866,2838,2846
2885,2927,2945,2956,2979,2920,2935,2951,2914,2924,2936,2936,2944,2956,2929,2936
2979,3013,3033,3043,3099,3005,3024,3039,3000,3010,3020,3022,3032,3043,3014,3022
3099,3120,3140,3150,3196,3113,3128,3145,3107,3117,3129,3129,3138,3149,3121,3129
3196,3215,3234,3244,3271,3208,3224,3239,3202,3213,3223,3223,3233,3243,3216,3223
3271,3304,3324,3333,3398,3296,3313,3329,3290,3301,3312,3312,3322,3333,3304,3312
3398,3423,3443,3453,3502,3416,3431,3448,3410,3420,3432,3432,3441,3452,3424,3432
3502,3522,3541,3551,3604,3515,3531,3546,3510,3520,3530,3530,3540,3551,3523,3530
3604,3621,3641,3651,3712,3614,3628,3645,3608,3618,3629,3629,3639,3650,3622,3629
3712,3729,3750,3761,3820,3722,3735,3754,3717,3726,3739,3739,3748,3759,3731,3739
3820,3845,3863,3872,3913,3837,3851,3867,3832,3842,3853,3853,3862,3873,3846,3853
3913,3947,3966,3978,4019,3940,3955,3971,3934,3944,3956,3956,3965,3977,3948,3956
4019,4037,4057,4067,4121,4030,4044,4061,4024,4034,4046,4046,4055,4066,4038,4046
4121,4139,4160,4168,4230,4131,4150,4164,4126,4136,4147,4147,4158,4168,4140,4147
4230,4249,4269,4280,4296,4241,4258,4274,4235,4246,4257,4257,4267,4279,4250,4257
4296,4349,4368,,4397,4342,4359,4374,4336,4346,4357,4357,4367,4378,4350,4357
4397,4450,4472,4481,4546,4443,4458,4476,4437,4448,4460,4460,4470,4480,4452,4460
4546,4566,4587,4598,4646,4559,4575,4591,4553,4563,4574,4574,4585,4596,4567,4574
4646,4665,4688,4699,4744,4659,4674,4692,4653,4663,4675,4675,4685,4696,4667,4675
4744,4770,4791,4801,4857,4763,4779,4796,4757,4768,4779,4779,4789,4801,4772,4779
4857,4875,4895,4905,4950,4868,4883,4899,4862,4872,4883,4883,4892,4904,4876,4883
4950,4967,4988,5000,5055,4960,4974,4993,4954,4964,4976,4976,4986,4998,4969,4976
5055,5080,5101,5113,5155,5073,5089,5106,5068,5078,5090,5090,5099,5111,5082,5090
5155,5186,5204,5211,5234,5179,5194,5210,5173,5184,5194,5194,5203,5216,5188,5194
5234,5269,5287,5295,5315,5262,5278,5294,5256,5266,5277,5277,5287,5298,5270,5277
5315,5350,5368,5376,5398,5343,5359,5375,5337,5347,5359,5359,5368,5379,5351,5359
5398,5416,5444,,5448,5405,5420,,5397,5412,5416,5416,5421,5426,5416,5423
5448,5475,5494,5507,5550,5468,5482,5500,5462,5472,5484,5484,5493,5504,5477,5484
5550,5578,5599,5610,5665,5571,5584,5603,5565,5575,5587,5587,5597,5608,5579,5587
5665,5692,5713,5723,5785,5685,5700,5717,5679,5689,5701,5701,5711,5722,5693,5701
5785,5803,5822,5833,5885,5796,5810,5827,5791,5801,5812,5812,5821,5832,5805,5812
5885,5902,5924,5934,5996,5895,5909,5928,5890,5900,5911,5912,5922,5932,5904,5912
5996,6023,6044,6055,6106,6016,6030,6049,6010,6020,6032,6032,6042,6053,6024,6032
6106,6136,6155,6166,6217,6129,6143,6160,6123,6133,6145,6145,6154,6165,6138,6145
6217,6235,6257,6267,6328,6228,6242,6261,6222,6233,6245,6245,6255,6266,6237,6245
6328,6346,6367,6376,6426,6339,6354,6371,6333,6343,6355,6355,6365,6375,6347,6355
6426,6444,6464,6474,6526,6437,6451,6468,6432,6442,6453,6453,6462,6473,6446,6453
6526,6545,6566,6576,6641,6538,6551,6571,6532,6542,6553,6555,6564,6575,6546,6555
6641,6667,6687,6698,6715,6660,6674,6692,6654,6664,6677,6677,6686,6697,6668,6677
6715,6767,6787,6797,6845,6760,6774,6791,6754,6764,6776,6776,6785,6796,6768,6776
6845,6866,6887,6896,6955,6858,6873,6891,6852,6863,6875,6875,6885,6895,6867,6875
6955,6974,6994,7004,7046,6967,6982,6998,6961,6971,6983,6983,6992,7003,6975,6983
7046,7064,7083,7094,7143,7057,7072,7089,7051,7061,7073,7073,7082,7093,7065,7073
7143,7161,7182,7191,7248,7154,7172,7186,7148,7159,7169,7171,7180,7191,7162,7171
7248,7274,7294,7304,7355,7267,7281,7299,7261,7272,7283,7283,7293,7303,7276,7283
7355,7375,7395,7404,7456,7368,7383,7399,7362,7372,7383,7383,7393,7403,7376,7383
7456,7483,7503,7513,7571,7476,7493,7508,7470,7480,7491,7491,7502,7513,7484,7491
7571,7595,7615,7626,7666,7588,7602,7619,7582,7592,7604,7604,7613,7624,7596,7604
7666,7694,7715,7726,7785,7687,7702,7720,7682,7692,7704,7704,7713,7724,7696,7704
7785,7805,7825,7835,7892,7797,7813,7830,7791,7802,7814,7814,7823,7835,7806,7814
7892,7911,7930,7941,7963,7903,7918,7935,7898,7908,7920,7920,7928,7940,7912,7920
7963,8004,8025,8035,8086,7997,8011,8029,7991,8001,8013,8013,8023,8034,8005,8013
8086,8104,8125,8134,8185,8097,8114,8129,8091,8101,8113,8113,8123,8134,8105,8113
8185,8203,8222,8233,8258,8196,8211,8227,8190,8201,8212,8212,8221,8232,8205,8212
8258,8299,8319,8329,8389,8291,8308,8324,8286,8295,8307,8307,8317,8329,8299,8307
8389,8408,8429,8439,8482,8401,8418,8434,8396,8406,8417,8417,8427,8438,8409,8417
8482,8509,8528,8539,8561,8502,8517,8534,8496,8507,8518,8518,8527,8538,8511,8518
8561,8604,8625,8634,8683,8597,8611,8629,8591,8601,8613,8613,8623,8634,8605,8613
8683,8703,8723,8734,8774,8695,8712,8728,8690,8700,8712,8712,8722,8733,8704,8712
8774,8792,8810,8820,8840,8784,8800,8815,8779,8789,8800,8800,8809,8820,8793,8800
8840,8871,8890,8900,8962,8863,8882,8895,8858,8867,8877,8879,8889,8900,8871,8879
8962,8990,9010,9019,9065,8983,8999,9016,8978,8988,8999,8999,9009,9020,8991,8999
9065,9092,9111,9121,9148,9085,9100,9116,9079,9089,9101,9101,9110,9120,9093,9101
9148,9187,9208,9217,9278,9179,9194,9213,9174,9184,9195,9197,9206,9216,9188,9197
9278,9297,9317,9327,9367,9290,9308,9322,9284,9294,9305,9305,9316,9326,9298,9305
9367,9400,9418,9429,9452,9393,9409,9424,9387,9398,9408,9408,9417,9429,9401,9408
9452,9496,9516,9526,9547,9488,9503,9506,9483,9493,9497,9497,9504,9506,9497,9505
9547,9588,9608,9618,9662,9581,9598,9613,9575,9585,9596,9596,9606,9617,9589,9596
9662,9683,9702,9711,9736,9675,9691,9706,9670,9680,9691,9691,9700,9711,9684,9691
9736,9775,9796,9804,9864,9767,9786,9800,9762,9772,9783,9783,9794,9804,9775,9783
9864,9884,9904,9914,9956,9877,9894,9909,9871,9881,9892,9892,9902,9914,9885,9892
9956,9975,9992,10004,10023,9967,9983,9998,9962,9972,9982,9982,9991,10003,9975,9982
10023,10058,10076,10086,10108,10050,10069,10082,10045,10055,10065,10065,10075,10086,10058,10065
10108,10156,10176,10182,10260,10148,10168,10180,10142,10152,10162,10164,10174,10184,10156,10164
10260,10277,10297,10307,10351,10270,10286,10301,10265,10275,10285,10285,10295,10306,10278,10285
10351,10369,10389,10398,10455,10362,10381,10394,10356,10366,10377,10377,10387,10398,10370,10377
10455,10473,10493,10501,10557,10465,10485,10498,10460,10470,10480,10482,10491,10502,10474,10482
10557,10575,10594,10604,10645,10568,10583,10598,10562,10572,10583,10583,10592,10603,10576,10583
10645,10668,10689,10698,10751,10661,10680,10693,10656,10665,10675,10678,10687,10697,10669,10678
10751,10769,10789,10798,10846,10762,10780,10794,10756,10766,10776,10777,10787,10798,10770,10777
10846,10864,10883,10893,10918,10857,10873,10887,10851,10861,10871,10871,10881,10892,10865,10871
10918,10955,10976,10985,11036,10948,10968,10980,10943,10952,10962,10966,10975,10985,10956,10966
11036,11054,11075,11084,11131,11047,11061,11079,11041,11051,11062,11062,11073,11083,11055,11062
11131,11148,11167,11178,11195,11141,11156,11173,11136,11146,11157,11157,11166,11177,11150,11157
11195,11242,11263,11270,11325,11234,11248,11267,11229,11239,11250,11252,11261,11271,11243,11252
11325,11344,11363,11374,11415,11337,11353,11368,11331,11341,11352,11352,11362,11373,11345,11352
11415,11435,11453,11465,11481,11428,11443,11459,11422,11432,11443,11443,11452,11464,11436,11443
11481,11529,11549,11556,11579,11522,11535,11539,11517,11526,11530,11530,11536,11539,11530,11538
11579,11626,11645,11655,11695,11618,11635,11650,11613,11623,11634,11634,11644,11654,11626,11634
11695,11712,11732,11742,11760,11705,11722,11736,11700,11710,11720,11720,11730,11741,11714,11720
11760,11800,11821,11830,11892,11793,11812,11825,11787,11797,11806,11809,11819,11830,11801,11809
11892,11911,11931,11941,11957,11903,11920,11935,11898,11908,11919,11919,11929,11940,11911,11919
11957,11994,12013,12019,12041,11987,12004,12018,11982,11992,12002,12002,12012,12022,11996,12002
12041,12074,12094,12104,12123,12067,12080,12084,12062,12072,12076,12076,12081,12084,12076,12083
12123,12165,12184,12193,12237,12157,12176,12189,12152,12161,12171,12173,12183,12193,12165,12173
12237,12254,12273,12282,12305,12247,12264,12277,12241,12251,12260,12260,12270,12282,12254,12260
12305,12343,12364,12374,12436,12336,12355,12369,12330,12340,12349,12352,12362,12373,12344,12352
12436,12454,12474,12484,12530,12446,12464,12478,12441,12451,12461,12461,12472,12483,12454,12461
12530,12548,12565,12576,12599,12540,12556,12571,12535,12545,12555,12555,12564,12575,12549,12555
12599,12636,12656,12665,12685,12629,12643,12645,12624,12634,12637,12637,12644,12645,12637,12644
12685,12731,12752,12760,12804,12724,12743,12756,12719,12729,12739,12741,12750,12760,12733,12741
12804,12822,12840,12851,12872,12815,12831,12845,12809,12819,12829,12829,12838,12850,12823,12829
12872,12904,12924,12934,12952,12897,12911,12914,12892,12902,12905,12905,12912,12914,12905,12913
12952,12990,13009,13017,13039,12983,13002,13014,12977,12987,12997,12997,13008,13018,12991,12997
13039,13068,13087,13096,13115,13061,13080,13093,13056,13065,13075,13075,13086,13097,13069,13075
13115,13147,13166,13174,13232,13139,13158,13171,13134,13143,13154,13154,13165,13175,13147,13154
13232,13257,13275,13287,13308,13250,13265,13281,13245,13255,13265,13265,13274,13286,13258,13265
13308,13344,13364,13374,13424,13337,13356,13369,13331,13341,13351,13353,13363,13373,13345,13353
13424,13442,13462,13471,13526,13435,13452,13467,13429,13439,13450,13450,13461,13472,13443,13450
13526,13543,13561,13573,13591,13536,13551,13567,13531,13540,13551,13551,13560,13572,13544,13551
13591,13628,13649,13659,13715,13621,13639,13654,13616,13626,13637,13637,13647,13658,13630,13637
13715,13735,13755,13765,13811,13727,13744,13760,13722,13732,13744,13744,13754,13764,13736,13744
13811,13837,13857,13868,13906,13830,13846,13861,13825,13835,13846,13846,13855,13866,13838,13846
13906,13923,13942,13948,13968,13916,13932,13947,13911,13921,13931,13931,13941,13952,13924,13931
13968,14011,14032,14040,14115,14004,14023,14036,13998,14008,14018,14021,14030,14040,14012,14021
14115,14133,14154,14164,14216,14126,14140,14159,14120,14131,14142,14142,14152,14163,14135,14142
14216,14234,14253,14264,14308,14227,14243,14258,14221,14231,14242,14242,14251,14262,14235,14242
14308,14325,14347,14356,14410,14318,14338,14351,14313,14322,14333,14335,14345,14356,14326,14335
14410,14437,14456,14465,14485,14429,14447,14461,14424,14434,14445,14445,14455,14465,14438,14445
14485,14548,14567,14577,14630,14540,14556,14571,14535,14545,14556,14556,14565,14577,14549,14556
14630,14656,14677,14687,14747,14648,14664,14681,14643,14653,14665,14665,14675,14686,14657,14665
14747,14765,14787,14797,14814,14758,14773,14790,14752,14762,14774,14774,14784,14795,14766,14774
14814,14855,14873,14884,14904,14847,14863,14879,14842,14852,14863,14863,14872,14883,14856,14863
14904,14943,14964,14973,15032,14936,14955,14968,14930,14940,14950,14952,14962,14972,14944,14952
15032,15063,15082,15093,15112,15055,15070,15087,15050,15060,15071,15071,15081,15092,15064,15071
15112,15160,15180,15190,15239,15153,15170,15184,15148,15158,15168,15168,15178,15189,15161,15168
15239,15258,15279,15288,15342,15251,15266,15283,15245,15255,15267,15267,15277,15288,15259,15267
15342,15361,15381,15391,15432,15353,15367,15385,15348,15358,15368,15370,15379,15390,15362,15370
15432,15449,15468,15478,15498,15442,15458,15473,15437,15447,15457,15457,15466,15477,15451,15457
15498,15546,15567,15576,15645,15538,15558,15571,15533,15542,15552,15555,15565,15575,15546,15555
15645,15668,15687,15699,15740,15660,15678,15692,15655,15665,15675,15675,15686,15697,15669,15675
15740,15765,15785,15795,15854,15758,15775,15790,15752,15762,15773,15773,15783,15794,15766,15773
15854,15874,15895,15904,15967,15866,15883,15899,15861,15871,15883,15883,15893,15904,15875,15883
15967,15985,16006,16016,16064,15978,15993,16010,15973,15983,15994,15994,16004,16014,15986,15994
16064,16082,16102,16113,16162,16075,16091,16107,16070,16080,16090,16090,16100,16111,16083,16090
16162,16192,16213,16224,16275,16185,16198,16219,16179,16190,16202,16202,16212,16223,16194,16202
16275,16306,16325,16337,16375,16299,16314,16330,16293,16303,16315,16315,16324,16335,16307,16315
16375,16402,16422,16432,16495,16395,16410,16426,16389,16399,16411,16411,16420,16430,16403,16411
16495,16523,16544,16555,16622,16516,16529,16549,16511,16521,16532,16533,16543,16553,16525,16533
16622,16640,16660,16672,16712,16633,16647,16665,16628,16638,16649,16649,16659,16670,16642,16649
16712,16732,16753,16763,16813,16725,16740,16757,16719,16729,16740,16740,16751,16761,16733,16740
16813,16840,16861,16871,16935,16833,16846,16865,16827,16837,16849,16850,16859,16869,16841,16850
16935,16952,16973,16983,17029,16945,16959,16976,16940,16949,16961,16961,16970,16981,16953,16961
17029,17047,17068,17079,17132,17040,17058,17073,17034,17044,17055,17055,17066,17077,17048,17055
17132,17164,17184,17196,17251,17156,17170,17189,17151,17161,17172,17173,17183,17194,17165,17173
17251,17276,17295,17307,17347,17269,17283,17300,17263,17273,17284,17284,17294,17305,17277,17284
17347,17366,17387,17398,17456,17359,17377,17391,17353,17363,17374,17374,17385,17396,17367,17374
17456,17480,17501,17512,17564,17473,17488,17507,17468,17478,17489,17489,17500,17511,17482,17489
17564,17589,17609,17621,17664,17582,17596,17614,17577,17587,17598,17598,17608,17619,17591,17598
17664,17682,17702,17714,17756,17675,17690,17707,17670,17680,17691,17691,17700,17711,17684,17691
17756,17774,17794,17805,17862,17767,17785,17799,17761,17771,17781,17783,17792,17805,17775,17783
17862,17881,17902,17912,17956,17874,17888,17906,17868,17878,17890,17890,17900,17911,17882,17890
17956,17974,17993,18004,18022,17967,17982,17997,17961,17971,17982,17982,17991,18002,17975,17982
18022,18061,18083,18092,18142,18054,18073,18087,18049,18059,18070,18070,18081,18091,18062,18070
18142,18168,18188,18198,18247,18161,18175,18193,18155,18165,18176,18176,18187,18197,18169,18176
18247,18265,18283,18294,18315,18258,18271,18288,18252,18262,18274,18274,18282,18293,18266,18274
18315,18350,18369,18376,18397,18343,18361,18375,18337,18347,18358,18358,18369,18380,18351,18358
18397,18451,18471,18479,18536,18443,18461,18475,18438,18448,18459,18459,18469,18480,18451,18459
18536,18555,18574,18585,18604,18547,18562,18578,18542,18552,18563,18563,18572,18583,18556,18563
18604,18641,18661,18668,18689,18634,18652,18667,18629,18639,18649,18649,18660,18671,18642,18649
18689,18736,18757,18765,18819,18729,18747,18761,18723,18733,18745,18745,18755,18766,18737,18745
18819,18836,18856,18866,18887,18829,18845,18860,18824,18834,18844,18844,18854,18864,18837,18844
18887,18928,18949,18958,19014,18920,18939,18953,18915,18925,18936,18936,18947,18957,18928,18936
19014,19040,19060,19070,19125,19032,19050,19064,19027,19037,19048,19048,19058,19069,19041,19048
19125,19143,19162,19173,19196,19136,19150,19167,19130,19140,19152,19152,19161,19172,19144,19152
19196,19235,19256,19265,19318,19227,19246,19260,19222,19232,19243,19243,19254,19264,19236,19243
19318,19344,19364,19374,19424,19336,19350,19369,19331,19341,19353,19353,19363,19373,19345,19353
19424,19452,19471,19482,19525,19445,19459,19475,19439,19449,19460,19460,19470,19480,19453,19460
19525,19543,19564,19574,19624,19536,19554,19568,19530,19540,19551,19552,19562,19572,19544,19552
19624,19651,19671,19681,19736,19643,19659,19676,19638,19648,19660,19660,19670,19681,19652,19660
19736,19761,19780,19792,19836,19754,19769,19785,19748,19758,19769,19769,19779,19790,19762,19769
19836,19854,19875,19884,19934,19847,19864,19879,19842,19852,19863,19863,19873,19883,19856,19863
19934,19954,19975,19984,20042,19947,19962,19979,19941,19951,19963,19963,19973,19984,19955,19963
20042,20061,20081,20091,20135,20054,20071,20085,20048,20058,20069,20069,20079,20090,20062,20069
20135,20153,20173,20184,20233,20146,20163,20178,20141,20151,20161,20161,20171,20183,20154,20161
20233,20251,20271,20280,20333,20243,20262,20276,20238,20248,20259,20259,20269,20280,20251,20259
20333,20352,20372,20382,20400,20344,20362,20376,20339,20349,20360,20360,20370,20381,20353,20360
20400,20438,20456,20463,20486,20431,20447,20462,20425,20435,20446,20446,20455,20467,20439,20446
20486,20522,20541,20548,20573,20514,20528,20531,20509,20519,20523,20523,20529,20531,20523,20530
20573,20615,20635,20643,20689,20608,20627,20640,20602,20612,20622,20622,20633,20644,20615,20622
20689,20709,20727,20736,20758,20701,20718,20731,20696,20705,20715,20715,20725,20735,20709,20715
20758,20808,20829,,20854,20801,20819,20836,20795,20805,20816,20817,20828,20841,20809,20817
20854,20873,20901,20888,20908,20864,20875,20879,20855,20869,20872,20872,20876,20879,20872,20878
20908,20926,20946,20957,20999,20919,20936,20951,20913,20923,20934,20934,20944,20955,20927,20934
20999,21026,21046,21058,21108,21019,21036,21053,21014,21023,21034,21034,21045,21057,21027,21034
21108,21134,21156,21164,21219,21127,21146,21160,21122,21132,21143,21143,21154,21164,21136,21143
21219,21236,21256,21267,21306,21229,21244,21260,21224,21233,21244,21244,21254,21265,21237,21244
21306,21322,21341,21349,21368,21315,21328,21331,21310,21320,21323,21323,21329,21331,21323,21330
21368,21412,21432,21440,21501,21404,21423,21437,21399,21409,21420,21420,21430,21441,21413,21420
21501,21518,21537,21549,21591,21511,21525,21542,21506,21516,21527,21527,21536,21547,21520,21527
21591,21607,21628,21638,21693,21600,21613,21633,21595,21605,21615,21618,21626,21636,21609,21618
21693,21711,21732,21741,21798,21704,21718,21736,21698,21708,21720,21720,21730,21740,21712,21720
21798,21816,21835,21846,21866,21809,21823,21839,21803,21813,21824,21824,21833,21844,21817,21824
21866,21903,21924,21935,21992,21896,21915,21929,21891,21901,21911,21912,21922,21933,21904,21912
21992,22018,22039,22050,22095,22011,22025,22043,22006,22015,22027,22027,22037,22048,22019,22027
22095,22114,22132,22143,22163,22107,22123,22137,22101,22111,22121,22121,22131,22142,22114,22121
22163,22200,22221,22231,22290,22193,22211,22226,22187,22197,22207,22209,22219,22230,22201,22209
22290,22307,22328,22338,22379,22300,22314,22332,22295,22304,22317,22317,22326,22336,22308,22317
22379,22396,22414,22425,22445,22389,22405,22419,22384,22393,22404,22404,22414,22424,22397,22404
22445,22481,22501,22511,22571,22474,22493,22506,22468,22478,22488,22490,22500,22510,22482,22490
22571,22595,22616,22627,22670,22588,22602,22620,22583,22592,22603,22604,22614,22625,22596,22604
22670,22689,22708,22717,22767,22682,22697,22713,22676,22686,22697,22697,22706,22717,22690,22697
22767,22784,22805,22815,22867,22777,22796,22810,22772,22781,22792,22793,22804,22814,22785,22793
22867,22885,22906,22916,22960,22878,22892,22910,22872,22882,22894,22894,22904,22915,22886,22894
22960,22978,22997,23007,23024,22971,22986,23001,22966,22975,22986,22986,22995,23006,22979,22986
23024,23068,23089,23099,23152,23061,23079,23094,23055,23065,23076,23076,23087,23098,23069,23076
23152,23169,23189,23200,23239,23162,23178,23194,23156,23166,23178,23178,23188,23198,23170,23178
23239,23257,23275,23285,23301,23250,23266,23281,23244,23254,23265,23265,23274,23285,23258,23265
23301,23348,23371,23380,23423,23342,23361,23377,23336,23346,23356,23359,23369,23380,23350,23359
23423,23458,23477,23492,23532,23450,23468,23484,23445,23455,23466,23466,23476,23488,23459,23466
23532,23548,23568,23579,23615,23542,23556,23573,23536,23546,23557,23557,23567,23577,23550,23557
23615,23633,23653,23660,23678,23626,23644,23659,23620,23630,23642,23642,23652,23662,23634,23642
23678,23720,23740,23749,23789,23713,23731,23744,23707,23717,23728,23728,23738,23748,23721,23728
23789,23806,23824,23835,23855,23799,23816,23830,23794,23804,23813,23813,23823,23834,23807,23813
23855,23893,23914,23924,23991,23886,23905,23919,23881,23890,23900,23902,23912,23923,23894,23902
23991,24008,24029,24041,24083,24001,24018,24034,23996,24006,24016,24017,24027,24038,24009,24017
24083,24102,24122,24132,24174,24095,24113,24127,24089,24099,24109,24110,24120,24130,24103,24110
24174,24202,24223,24232,24285,24195,24213,24228,24189,24199,24209,24212,24222,24232,24203,24212
24285,24303,24323,24333,24418,24296,24309,24327,24291,24300,24312,24312,24321,24332,24304,24312
24418,24494,24515,24526,24569,24487,24504,24520,24482,24492,24503,24503,24513,24524,24496,24503
24569,24587,24606,24616,24635,24580,24595,24610,24574,24584,24595,24595,24604,24615,24588,24595
24635,24670,24690,24702,24761,24663,24682,24696,24658,24668,24677,24680,24689,24701,24672,24680
24761,24779,24800,24810,24852,24772,24785,24804,24766,24776,24787,24788,24798,24809,24780,24788
24852,24870,24888,24900,24920,24863,24879,24894,24858,24868,24878,24878,24888,24898,24872,24878
24920,24955,24975,24986,25033,24948,24967,24982,24943,24952,24962,24965,24975,24986,24956,24965
25033,25050,25070,25081,25123,25043,25061,25075,25038,25047,25058,25058,25068,25080,25051,25058
25123,25140,25158,25170,25185,25133,25149,25164,25128,25138,25147,25147,25157,25168,25141,25147
25185,25226,25248,25257,25327,25219,25238,25252,25214,25223,25233,25236,25246,25256,25227,25236
25327,25350,25371,25385,25439,25343,25360,25377,25337,25347,25359,25359,25369,25381,25351,25359
25439,25456,25475,25488,25528,25449,25463,25480,25443,25453,25464,25464,25473,25485,25457,25464
25528,25544,25565,25577,25629,25538,25553,25570,25532,25542,25553,25553,25563,25574,25546,25553
25629,25648,25669,25680,25729,25641,25660,25674,25635,25645,25655,25658,25667,25679,25649,25658
25729,25758,25778,25790,25838,25751,25766,25783,25746,25756,25767,25767,25777,25787,25760,25767
25838,25855,25877,25888,25948,25849,25862,25881,25843,25853,25864,25864,25875,25886,25857,25864
25948,25974,25995,26007,26071,25967,25982,26000,25961,25971,25983,25983,25993,26004,25975,25983
26071,26090,26110,26122,26162,26083,26098,26114,26077,26087,26098,26098,26108,26119,26091,26098
26162,26192,26214,26226,26282,26185,26199,26219,26180,26190,26201,26201,26212,26223,26194,26201
26282,26308,26329,26341,26400,26301,26316,26334,26295,26305,26317,26317,26327,26338,26309,26317
26400,26418,26438,26449,26494,26411,26425,26443,26405,26415,26427,26427,26436,26448,26420,26427
26494,26523,26545,26559,26615,26516,26530,26550,26511,26521,26534,26534,26544,26555,26525,26534
26615,26640,26661,26674,26727,26633,26647,26666,26628,26637,26649,26649,26660,26671,26641,26649
26727,26746,26766,26777,26823,26739,26753,26770,26733,26743,26755,26755,26764,26775,26747,26755
26823,26840,26862,26873,26926,26833,26847,26866,26828,26837,26849,26849,26860,26871,26841,26849
26926,26952,26973,26984,27045,26945,26958,26978,26940,26949,26961,26961,26972,26983,26953,26961
27045,27063,27083,27094,27137,27056,27069,27087,27050,27060,27072,27072,27081,27093,27064,27072
27137,27154,27174,27185,27237,27147,27161,27178,27141,27151,27162,27162,27172,27183,27155,27162
27237,27255,27277,27286,27349,27248,27262,27281,27242,27252,27264,27265,27275,27285,27256,27265
27349,27376,27396,27407,27457,27369,27383,27401,27363,27373,27385,27385,27395,27406,27377,27385
27457,27475,27495,27505,27550,27468,27483,27499,27462,27472,27483,27483,27492,27504,27476,27483
27550,27567,27588,27598,27648,27560,27577,27593,27554,27564,27575,27575,27586,27597,27568,27575
27648,27681,27702,27712,27769,27674,27688,27707,27668,27678,27691,27691,27700,27712,27682,27691
27769,27788,27808,27819,27861,27781,27796,27812,27776,27786,27797,27797,27806,27817,27790,27797
27861,27879,27900,27911,27957,27872,27885,27905,27866,27876,27887,27889,27898,27909,27880,27889
27957,27987,28008,28018,28071,27980,27993,28013,27975,27985,27996,27998,28007,28018,27989,27998
28071,28089,28109,28119,28157,28082,28096,28113,28076,28086,28097,28097,28107,28117,28090,28097
28157,28174,28195,28206,28254,28167,28181,28199,28162,28172,28183,28183,28192,28204,28176,28183
28254,28281,28302,28313,28367,28274,28288,28307,28269,28278,28290,28291,28301,28311,28282,28291
28367,28396,28416,28428,28465,28389,28403,28421,28384,28393,28405,28405,28414,28426,28397,28405
28465,28491,28511,28522,28573,28484,28501,28516,28479,28488,28500,28500,28510,28521,28492,28500
28573,28603,28624,28635,28687,28596,28609,28629,28590,28600,28613,28613,28623,28633,28604,28613
28687,28705,28724,28737,28757,28698,28712,28730,28693,28703,28714,28714,28723,28735,28707,28714
28757,28797,28818,28829,28884,28790,28804,28823,28785,28795,28806,28806,28816,28827,28799,28806
28884,28909,28930,28940,28985,28902,28915,28935,28897,28907,28918,28919,28928,28939,28911,28919
28985,29013,29031,29044,29066,29006,29021,29037,29001,29011,29022,29022,29031,29042,29015,29022
29066,29105,29127,29137,29187,29098,29111,29131,29093,29103,29113,29116,29125,29136,29107,29116
29187,29216,29237,29247,29309,29209,29227,29241,29204,29213,29225,29225,29235,29246,29217,29225
29309,29328,29348,29359,29407,29321,29335,29352,29315,29325,29338,29338,29346,29357,29330,29338
29407,29425,29446,29456,29516,29418,29431,29451,29412,29422,29433,29434,29444,29455,29426,29434
29516,29536,29557,29567,29627,29529,29543,29562,29523,29533,29545,29545,29555,29566,29537,29545
29627,29646,29666,29677,29723,29639,29653,29671,29633,29644,29655,29655,29664,29676,29648,29655
29723,29741,29762,29773,29825,29734,29750,29767,29728,29738,29750,29750,29760,29771,29742,29750
29825,29853,29873,29884,29940,29846,29860,29878,29840,29850,29863,29863,29872,29883,29854,29863
29940,29958,29978,29988,30009,29951,29966,29982,29945,29955,29966,29966,29976,29987,29959,29966
30009,30058,30079,30090,30153,30051,30065,30084,30045,30055,30067,30067,30077,30088,30059,30067
30153,30178,30199,30211,30257,30171,30186,30204,30166,30176,30188,30188,30198,30209,30180,30188
30257,30290,30310,30322,30366,30283,30298,30315,30278,30288,30300,30300,30309,30320,30292,30300
30366,30395,30416,30427,30484,30388,30402,30421,30382,30392,30405,30405,30415,30425,30396,30405
30484,30503,30523,30534,30550,30496,30510,30528,30490,30500,30512,30512,30522,30533,30504,30512
30550,30594,30613,30624,30668,30587,30603,30618,30581,30591,30602,30602,30612,30623,30595,30602
30668,30686,30708,30719,30774,30679,30694,30713,30674,30684,30696,30696,30706,30717,30688,30696
30774,30809,30829,30841,30883,30802,30818,30835,30796,30807,30818,30818,30828,30840,30810,30818
30883,30914,30933,30945,30990,30907,30922,30938,30901,30911,30922,30922,30932,30943,30915,30922
30990,31008,31029,31039,31084,31001,31019,31034,30995,31005,31016,31017,31027,31038,31009,31017
31084,31114,31135,31145,31190,31107,31125,31140,31102,31112,31122,31124,31133,31144,31116,31124
31190,31209,31228,31239,31285,31202,31216,31232,31196,31206,31217,31217,31226,31237,31210,31217
31285,31302,31323,31334,31391,31295,31312,31328,31290,31299,31311,31311,31321,31333,31303,31311
31391,31410,31431,31441,31488,31403,31418,31436,31398,31408,31419,31419,31429,31440,31411,31419
31488,31505,31525,31535,31554,31498,31513,31529,31492,31502,31513,31513,31522,31534,31506,31513
31554,31589,31609,31622,31684,31582,31600,31615,31577,31587,31597,31598,31608,31620,31590,31598
31684,31710,31731,31742,31789,31703,31717,31736,31698,31708,31720,31720,31730,31741,31712,31720
31789,31819,31839,31851,31891,31812,31827,31844,31807,31817,31829,31829,31838,31849,31821,31829
31891,31910,31929,31941,31957,31903,31917,31935,31897,31907,31919,31919,31928,31939,31911,31919
31957,32004,32025,32033,32094,31997,32015,32030,31991,32001,32012,32012,32023,32033,32005,32012
32094,32114,32134,32145,32190,32107,32124,32139,32101,32111,32122,32122,32132,32144,32115,32122
32190,32208,32228,32236,32295,32201,32218,32235,32195,32205,32216,32216,32227,32239,32209,32216
32295,32311,32334,32344,32411,32305,32324,32339,32299,32309,32319,32321,32332,32342,32313,32321
32411,32427,32448,32459,32508,32421,32438,32452,32415,32425,32436,32436,32446,32457,32429,32436
32508,32526,32547,32560,32600,32518,32535,32551,32513,32523,32534,32534,32545,32555,32527,32534
32600,32627,32648,32662,32705,32620,32638,32654,32615,32624,32635,32635,32647,32659,32628,32635
32705,32735,32754,32763,32781,32728,32744,32762,32722,32732,32744,32744,32754,32766,32736,32744
32781,32816,32835,32843,32863,32809,32828,32842,32804,32814,32824,32824,32835,32846,32817,32824
32863,32899,32918,32929,32974,32892,32909,32923,32887,32896,32907,32907,32917,32928,32900,32907
32974,33003,33023,33035,33076,32997,33009,33028,32991,33001,33013,33013,33022,33033,33005,33013
33076,33103,33124,33136,33194,33097,33115,33130,33092,33101,33110,33113,33123,33134,33105,33113
33194,33211,33232,33243,33281,33204,33217,33236,33198,33208,33220,33220,33230,33240,33212,33220
33281,33312,33331,33345,33392,33305,33322,33337,33300,33309,33320,33320,33330,33342,33313,33320
33392,33408,33428,33444,33478,33402,33415,33434,33396,33406,33418,33418,33427,33439,33410,33418
33478,33508,33527,33535,33554,33501,33514,33534,33496,33506,33517,33517,33527,33539,33510,33517
33554,33610,33633,33640,33701,33604,33617,33639,33599,33608,33620,33620,33631,33642,33612,33620
33701,33721,33743,33750,33807,33714,33731,33749,33709,33719,33730,33730,33741,33753,33723,33730
33807,33824,33845,33857,33907,33817,33835,33850,33812,33822,33833,33833,33843,33854,33826,33833
33907,33924,33945,33956,33995,33917,33931,33949,33912,33922,33934,33934,33943,33954,33926,33934
33995,34011,34031,34042,34076,34004,34019,34035,33998,34008,34019,34019,34029,34039,34012,34019
34076,34092,34112,34125,34160,34085,34100,34117,34080,34089,34100,34100,34110,34121,34093,34100
34160,34176,34197,34208,34255,34169,34183,34201,34164,34174,34184,34184,34195,34205,34178,34184
34255,34272,34293,34304,34351,34265,34282,34298,34260,34270,34281,34281,34291,34302,34273,34281
34351,34382,34405,34417,34474,34376,34388,34411,34371,34381,34391,34396,34404,34414,34385,34393
34474,34501,34522,34536,34576,34494,34507,34527,34489,34498,34509,34512,34521,34531,34502,34512
34576,34605,34626,34637,34681,34599,34613,34631,34593,34603,34615,34615,34625,34635,34607,34615
34681,34708,34728,34739,34775,34702,34715,34732,34696,34706,34717,34717,34726,34737,34710,34717
34775,34792,34811,34824,34855,34786,34801,34817,34780,34790,34800,34800,34810,34821,34794,34800
34855,34871,34891,34904,34933,34865,34880,34896,34859,34869,34880,34880,34890,34900,34873,34880
34933,34949,34970,34982,35019,34943,34960,34975,34938,34947,34958,34958,34968,34979,34951,34958
35019,35037,35059,35070,35138,35030,35043,35063,35025,35035,35045,35048,35057,35067,35039,35048
35138,35163,35185,35197,35260,35157,35169,35190,35151,35161,35171,35175,35184,35194,35165,35175
35260,35285,35307,35313,35334,35278,35291,35297,35272,35282,35286,35286,35295,35297,35286,35296
35334,35393,35415,35426,35479,35387,35400,35420,35381,35391,35402,35403,35414,35424,35395,35403
35479,35496,35516,35527,35566,35489,35503,35520,35484,35494,35505,35505,35514,35525,35498,35505
35566,35583,35604,35616,35650,35577,35590,35608,35571,35581,35592,35592,35602,35613,35585,35592
35650,35666,35687,35699,35743,35660,35676,35691,35655,35664,35675,35675,35685,35696,35668,35675
35743,35760,35781,35791,35832,35753,35769,35785,35748,35757,35769,35769,35779,35789,35761,35769
35832,35861,35882,35894,35938,35854,35867,35888,35849,35859,35869,35872,35881,35893,35863,35872
35938,35983,36005,36016,36071,35976,35990,36010,35971,35981,35993,35993,36003,36015,35985,35993
36071,36097,36117,36129,36175,36089,36107,36123,36084,36094,36105,36105,36116,36130,36098,36105
36175,36207,36226,36238,36276,36200,36215,36231,36194,36204,36215,36215,36225,36236,36208,36215
36276,36293,36313,36325,36357,36286,36300,36317,36280,36290,36301,36301,36311,36322,36294,36301
36357,36373,36392,36405,36439,36366,36381,36398,36361,36370,36381,36381,36391,36402,36374,36381
36439,36455,36477,36488,36547,36449,36465,36481,36443,36453,36464,36464,36474,36485,36457,36464
36547,36574,36596,36607,36667,36568,36579,36600,36562,36572,36582,36586,36594,36605,36576,36586
36667,36699,36721,36732,36789,36692,36705,36726,36687,36696,36708,36710,36720,36730,36700,36710
36789,36818,36840,36851,36919,36811,36824,36845,36805,36815,36828,36828,36838,36850,36819,36828
36919,36936,36956,36968,37008,36929,36942,36961,36923,36934,36946,36946,36955,36966,36938,36946
37008,37026,37046,37059,37092,37019,37032,37051,37013,37024,37035,37035,37045,37055,37028,37035
37092,37108,37130,37142,37176,37102,37116,37134,37096,37106,37118,37118,37128,37138,37110,37118
37176,37192,37214,37225,37269,37186,37202,37218,37180,37190,37201,37201,37212,37222,37194,37201
37269,37285,37307,37313,37331,37279,37292,37295,37273,37283,37287,37287,37294,37295,37287,37295
37331,37351,37376,37361,37385,37339,37358,37361,37332,37342,37348,37350,37359,37366,37345,37350
37385,37410,37432,37443,37505,37403,37416,37438,37398,37408,37419,37422,37431,37443,37412,37422
37505,37533,37553,37565,37585,37525,37539,37560,37520,37530,37542,37542,37553,37565,37534,37542
37585,37645,37666,37677,37728,37638,37652,37671,37632,37642,37655,37655,37665,37675,37647,37655
37728,37746,37766,37778,37807,37739,37754,37771,37733,37743,37754,37754,37764,37776,37747,37754
37807,37833,37853,37867,37897,37826,37841,37859,37821,37831,37843,37843,37852,37864,37835,37843
37897,37914,37935,37948,37979,37908,37921,37940,37902,37912,37924,37924,37934,37945,37916,37924
37979,37997,38017,38028,38081,37990,38006,38022,37984,37994,38005,38005,38015,38026,37998,38005
38081,38108,38129,38139,38192,38100,38115,38134,38094,38105,38118,38118,38128,38138,38109,38118
38192,38218,38239,38248,38301,38211,38229,38244,38205,38215,38227,38227,38238,38248,38219,38227
38301,38330,38351,38360,38409,38323,38340,38356,38317,38327,38339,38339,38349,38360,38331,38339
38409,38441,38461,38472,38512,38434,38449,38466,38428,38438,38451,38451,38460,38471,38443,38451
38512,38529,38548,38560,38593,38522,38537,38553,38516,38527,38537,38537,38547,38558,38531,38537
38593,38611,38629,38636,38656,38604,38620,38635,38598,38608,38619,38619,38629,38640,38612,38619
38656,38692,38712,38723,38760,38685,38702,38717,38680,38690,38701,38701,38711,38721,38693,38701
38760,38777,38798,38808,38849,38770,38787,38802,38765,38774,38786,38786,38796,38807,38778,38786
38849,38881,38901,38912,38960,38874,38892,38907,38868,38878,38888,38890,38900,38912,38882,38890
38960,39002,39024,39034,39090,38995,39008,39029,38989,38999,39010,39013,39022,39033,39004,39013
39090,39121,39142,39152,39220,39114,39128,39148,39109,39118,39130,39130,39141,39153,39122,39130
39220,39240,39261,39271,39315,39233,39248,39266,39227,39237,39249,39249,39260,39270,39241,39249
39315,39349,39369,39380,39427,39341,39356,39375,39335,39346,39358,39358,39368,39379,39350,39358
39427,39450,39470,39481,39533,39443,39459,39475,39437,39447,39458,39458,39469,39480,39451,39458
39533,39551,39571,39583,39624,39544,39558,39576,39538,39549,39560,39560,39569,39581,39553,39560
39624,39641,39661,39673,39719,39634,39649,39666,39628,39639,39650,39650,39659,39670,39642,39650
39719,39736,39758,39769,39826,39729,39743,39762,39724,39733,39746,39746,39756,39767,39737,39746
39826,39857,39878,39889,39942,39850,39864,39883,39844,39854,39867,39867,39877,39888,39858,39867
39942,39968,39990,40000,40049,39961,39975,39994,39956,39966,39978,39978,39988,39999,39970,39978
40049,40068,40087,40100,40116,40061,40076,40093,40056,40066,40077,40077,40087,40098,40069,40077
40116,40155,40174,40187,40218,40148,40163,40179,40142,40152,40163,40163,40173,40184,40156,40163
40218,40235,40255,40262,40278,40228,40241,40245,40223,40232,40236,40236,40242,40245,40236,40243
40278,40322,40343,40353,40414,40315,40333,40348,40309,40319,40330,40330,40341,40352,40322,40330
40414,40441,40462,40472,40519,40434,40448,40468,40428,40438,40451,40451,40460,40472,40442,40451
40519,40549,40570,40580,40599,40542,40557,40575,40537,40547,40559,40559,40569,40579,40550,40559
40599,40633,40651,40658,40680,40625,40644,40657,40620,40630,40640,40640,40651,40661,40634,40640
40680,40715,40733,40745,40799,40707,40725,40739,40702,40712,40722,40722,40732,40744,40715,40722
40799,40819,40838,40851,40891,40812,40828,40844,40807,40817,40827,40827,40837,40849,40821,40827
40891,40920,40941,40953,41007,40913,40926,40947,40908,40917,40927,40931,40940,40950,40922,40931
41007,41034,41055,41066,41110,41027,41043,41060,41021,41031,41043,41043,41053,41065,41035,41043
41110,41139,41158,41171,41214,41132,41147,41164,41127,41137,41148,41148,41157,41169,41141,41148
41214,41231,41251,41264,41337,41308,,,41303,41312,,,41249,,41316,
41337,41412,41433,41443,41502,41405,41419,41438,41399,41409,41421,41421,41431,41443,41413,41421
41502,41529,41551,41561,41618,41522,41535,41556,41517,41527,41538,41541,41550,41560,41531,41541
41618,41636,41657,41667,41707,41629,41643,41660,41624,41634,41645,41645,41654,41665,41638,41645
41707,41724,41745,41757,41792,41717,41731,41748,41711,41722,41733,41733,41742,41753,41726,41733
41792,41809,41829,41841,41885,41802,41817,41834,41796,41806,41818,41818,41827,41838,41810,41818
41885,41912,41934,41945,42001,41905,41919,41940,41900,41910,41922,41922,41933,41944,41914,41922
42001,42031,42053,42079,42104,42024,42038,42058,42018,42029,42041,42041,42051,42060,42033,42041
42104,42138,42157,42170,42211,42132,42146,42163,42126,42136,42148,42148,42156,42169,42141,42148
42211,42232,42243,42258,42288,42225,42237,42257,42219,42230,42241,42245,42251,42261,42234,42245
42288,42323,42343,42349,42383,42315,42328,42349,42309,42319,42329,42334,42342,42352,42324,42334
42383,42429,42448,42437,42487,42421,42435,42438,42416,42425,42429,42429,42436,42438,42429,42437
42487,42521,42529,42544,42580,42513,42525,42543,42508,42518,42528,42533,42539,42547,42522,42530
42580,42609,42627,42634,42673,42601,42612,42631,42595,42605,42614,42619,42626,42634,42609,42616
42673,42690,42710,42717,42759,42682,42694,42713,42676,42686,42696,42699,42707,42718,42689,42699
42759,42779,42794,42804,42857,42770,42787,42800,42764,42774,42779,42781,42792,42805,42776,42781
42857,42875,42895,42899,42947,42866,42882,42898,42860,42871,42885,42885,42893,42902,42875,42885
42947,42968,42981,42985,43027,42958,42975,42985,42952,42963,42968,42968,42979,42993,42968,42983
43027,43049,43065,43071,43108,43039,43057,43068,43033,43043,43052,43052,43063,43073,43047,43052
43108,43127,43143,43147,43184,43117,43134,43146,43111,43122,43129,43129,43140,43151,43127,43129
43184,43202,43215,43222,43249,43192,43207,43217,43185,43197,43205,43205,43212,43224,43201,43205
43249,43274,43289,43293,43329,43265,43281,43292,43259,43269,43273,43273,43287,43297,43273,43292
43329,43348,43362,43371,43411,43338,43355,43370,43332,43342,43349,43349,43359,43377,43345,43349
43411,43428,43443,43447,43486,43418,43435,43446,43412,43421,43429,43429,43441,43450,43424,43429
43486,43504,43521,43526,43562,43495,43510,43524,43488,43499,43504,43504,43518,43528,43504,43523
43562,43581,43598,43604,43638,43573,43588,43601,43567,43577,43582,43582,43595,43606,43582,43601
43638,43657,43672,43677,43712,43648,43663,43676,43642,43653,43658,43658,43669,43682,43658,43676
43712,43731,43746,43751,43781,43722,43737,43750,43715,43728,43736,43736,43743,43755,43736,43750
43781,43800,43815,43820,43847,43791,43806,43819,43784,43796,43804,43804,43811,43824,43804,43817
43847,43864,43880,43885,43910,43856,43870,43884,43850,43861,43867,43867,43877,43889,43867,43883
43910,43928,43944,43948,43974,43920,43934,43947,43914,43924,43929,43929,43941,43952,43929,43946
43974,43992,44008,44012,44041,43984,43998,44011,43978,43988,43994,43994,44004,44016,43994,44010
44041,44059,44074,44080,44110,44051,44065,44078,44045,44056,44060,44060,44072,44083,44060,44076
44110,44128,44143,44149,44181,44120,44134,44147,44114,44125,44130,44130,44140,44152,44130,44145
44181,44200,44215,44220,44256,44191,44206,44219,44185,44196,44201,44201,44212,44224,44201,44218
44256,44275,44290,44297,44333,44267,44281,44294,44261,44272,44279,44279,44287,44299,44279,44292
44333,44352,44367,44375,44409,44344,44358,44370,44338,44349,44353,44353,44364,44375,44353,44369
44409,44428,44443,44452,44484,44421,44434,44448,44415,44426,44431,44431,44440,44452,44431,44446
44484,44503,44518,44527,44558,44495,44509,44522,44489,44501,44507,44507,44515,44527,44507,44520
44558,44575,44591,44599,44626,44568,44581,44595,44561,44573,44578,44578,44588,44600,44578,44592
44626,44644,44660,44667,44693,44636,44651,44663,44630,44641,44646,44646,44657,44667,44646,44662
44693,44711,44725,44732,44757,44702,44717,44728,44695,44707,44717,44717,44722,44732,44717,44727
44757,44775,44789,44795,44824,44767,44781,44792,44760,44772,44779,44779,44786,44799,44779,44791
44824,44843,44857,44861,44898,44834,44849,44860,44828,44839,44843,44843,44854,44865,44843,44860
44898,44916,44930,44935,44971,44907,44921,44933,44901,44912,44916,44916,44927,44937,44916,44931
44971,44990,45004,45012,45046,44982,44995,45008,44976,44987,44993,44993,45001,45013,44993,45006
45046,45065,45079,45086,45121,45057,45071,45082,45051,45061,45069,45069,45076,45087,45069,45081
45121,45139,45153,45162,45194,45131,45145,45157,45125,45136,45143,45143,45150,45162,45143,45155
45194,45211,45226,45236,45262,45203,45217,45230,45197,45208,45216,45216,45223,45235,45216,45228
45262,45279,45295,45303,45329,45272,45286,45298,45266,45277,45284,45284,45292,45303,45284,45297
45329,45346,45361,45369,45394,45338,45352,45364,45332,45343,45350,45350,45358,45370,45350,45363
45394,45412,45427,45434,45460,45404,45418,45430,45398,45409,45413,45413,45424,45435,45413,45429
45460,45477,45492,45496,45527,45469,45483,45495,45463,45474,45480,45480,45489,45501,45480,45494
45527,45547,45561,45566,45602,45538,45553,45565,45532,45543,45548,45548,45559,45570,45548,45564
45602,45622,45635,45640,45683,45614,45628,45639,45608,45618,45623,45623,45633,45643,45623,45638
45683,45702,45716,45723,45764,45693,45708,45719,45687,45698,45704,45704,45713,45724,45703,45704
45764,45781,45796,45804,45843,45773,45786,45798,45768,45778,45787,45787,45793,45802,45781,45787
45843,45859,45875,45884,45919,45853,45865,45878,45847,45857,45861,45861,45872,45882,45861,45878
45919,45935,45951,45960,45992,45928,45941,45954,45923,45933,45942,45942,45948,45958,45937,45942
45992,46007,46022,46032,46058,46000,46012,46025,45994,46004,46010,46010,46018,46032,46010,46024
46058,46075,46090,46098,46123,46067,46081,46093,46061,46073,46080,46080,46086,46098,46080,46092
46123,46140,46154,46160,46187,46133,46146,46157,46126,46137,46142,46142,46151,46162,46142,46156
46187,46205,46218,46225,46255,46197,46210,46221,46190,46202,46208,46208,46215,46228,46208,46220
46255,46272,46286,46293,46325,46264,46277,46288,46258,46269,46275,46275,46283,46294,46275,46288
46325,46343,46356,46363,46396,46335,46348,46359,46329,46340,46345,46345,46353,46363,46345,46358
46396,46414,46428,46436,46466,46406,46419,46431,46400,46411,46417,46417,46425,46436,46417,46430
46466,46485,46499,46508,46538,46477,46491,46503,46472,46482,46490,46490,46497,46508,46490,46501
46538,46555,46570,46578,46607,46548,46561,46573,46542,46553,46558,46558,46567,46578,46558,46572
46607,46624,46639,46647,46674,46617,46630,46642,46611,46622,46627,46627,46636,46646,46627,46641
46674,46690,46705,46712,46738,46683,46696,46708,46677,46688,46694,46694,46702,46713,46694,46707
46738,46755,46770,46776,46801,46747,46761,46772,46741,46752,46757,46757,46766,46778,46757,46771
46801,46819,46833,46836,46868,46811,46824,46835,46805,46815,46820,46820,46830,46841,46820,46834
46868,46886,46900,46906,46936,46878,46891,46902,46872,46882,46888,46888,46897,46907,46888,46901
46936,46954,46968,46974,47003,46947,46959,46970,46941,46951,46957,46957,46965,46975,46957,46969
47003,47020,47034,47041,47066,47012,47025,47036,47006,47017,47023,47023,47030,47041,47023,47035
47066,47083,47097,47105,47129,47076,47088,47100,47069,47081,47087,47087,47094,47104,47087,47098
47129,47146,47160,47167,47191,47138,47151,47163,47132,47143,47150,47150,47157,47167,47150,47161
47191,47208,47223,47229,47253,47200,47213,47225,47194,47205,47211,47211,47219,47229,47211,47224
47253,47270,47284,47291,47316,47263,47276,47287,47257,47267,47273,47273,47281,47292,47273,47286
47316,47332,47347,47354,47377,47325,47337,47349,47319,47330,47335,47335,47343,47354,47335,47349
47377,47393,47408,47414,47436,47386,47399,47410,47380,47391,47395,47395,47404,47414,47395,47409
47436,47453,47467,47473,47495,47445,47458,47469,47439,47450,47457,47457,47463,47473,47457,47468
47495,47512,47526,47531,47554,47504,47517,47528,47498,47509,47515,47515,47522,47532,47515,47527
47554,47571,47585,47588,47618,47563,47576,47587,47557,47568,47573,47573,47582,47592,47573,47586
47618,47636,47649,47652,47690,47628,47641,47651,47622,47632,47638,47638,47646,47656,47638,47650
47690,47708,47721,47725,47769,47700,47713,47724,47694,47704,47709,47709,47718,47728,47709,47723
47769,47786,47800,47807,47847,47779,47792,47803,47773,47783,47788,47788,47797,47808,47788,47802
47847,47865,47879,47885,47924,47857,47870,47881,47851,47861,47866,47866,47876,47887,47866,47881
47924,47942,47956,47964,47998,47934,47948,47959,47928,47939,47946,47946,47953,47964,47946,47958
47998,48016,48030,48038,48070,48008,48021,48033,48003,48013,48019,48019,48027,48038,48019,48033
48070,48087,48102,48110,48137,48079,48092,48104,48073,48084,48089,48089,48098,48110,48089,48103
48137,48154,48169,48176,48203,48146,48160,48171,48141,48151,48157,48157,48165,48176,48157,48170
48203,48220,48234,48241,48268,48212,48226,48237,48206,48217,48225,48225,48231,48242,48225,48236
48268,48286,48301,48305,48338,48278,48292,48303,48272,48283,48287,48287,48298,48308,48287,48302
48338,48356,48370,48375,48410,48348,48361,48372,48342,48352,48358,48358,48367,48377,48358,48371
48410,48428,48442,48448,48487,48421,48434,48445,48415,48425,48432,48432,48439,48449,48432,48443
48487,48504,48518,48525,48561,48497,48510,48521,48491,48501,48508,48508,48515,48526,48508,48520
48561,48580,48594,48601,48633,48572,48585,48597,48566,48577,48584,48584,48591,48601,48584,48595
48633,48652,48666,48674,48705,48645,48658,48669,48639,48650,48656,48656,48663,48674,48656,48668
48705,48723,48737,48745,48773,48715,48728,48740,48709,48720,48727,48727,48734,48745,48727,48739
48773,48790,48804,48812,48838,48783,48796,48807,48776,48788,48795,48795,48801,48812,48795,48806
48838,48855,48870,48877,48902,48848,48861,48872,48842,48853,48859,48859,48866,48877,48859,48871
48902,48920,48934,48940,48966,48912,48925,48936,48906,48917,48923,48923,48930,48942,48923,48935
48966,48985,48998,49002,49035,48977,48990,49001,48971,48981,48987,48987,48995,49005,48987,49000
49035,49054,49067,49072,49111,49046,49059,49071,49040,49051,49056,49056,49065,49075,49056,49070
49111,49129,49142,49148,49187,49121,49134,49145,49115,49126,49131,49131,49139,49150,49131,49144
49187,49205,49219,49226,49262,49197,49210,49221,49192,49202,49208,49208,49216,49226,49208,49221
49262,49280,49294,49302,49335,49272,49285,49297,49266,49277,49284,49284,49291,49302,49284,49296
49335,49352,49367,49375,49404,49345,49358,49370,49339,49350,49356,49356,49364,49375,49356,49369
49404,49422,49436,49444,49470,49414,49427,49439,49408,49419,49426,49426,49433,49444,49426,49438
49470,49488,49502,49509,49535,49480,49493,49505,49474,49485,49492,49492,49499,49510,49492,49504
49535,49553,49567,49572,49600,49545,49558,49570,49539,49550,49556,49556,49564,49575,49556,49568
49600,49619,49632,49637,49672,49611,49624,49636,49605,49616,49621,49621,49629,49641,49621,49634
49672,49690,49704,49708,49752,49683,49696,49707,49677,49687,49692,49692,49701,49712,49692,49706
49752,49770,49783,49787,49831,49762,49775,49786,49756,49767,49772,49772,49781,49791,49772,49785
49831,49849,49862,49869,49907,49840,49854,49865,49834,49846,49853,49853,49859,49870,49853,49864
49907,49925,49939,49946,49981,49917,49931,49942,49911,49922,49929,49929,49936,49947,49929,49941
49981,49999,50013,50021,50051,49991,50004,50016,49986,49996,50003,50003,50010,50021,50003,50015
50051,50068,50083,50091,50119,50061,50074,50086,50055,50065,50072,50072,50080,50091,50072,50085
50119,50136,50150,50157,50185,50128,50142,50153,50122,50133,50139,50139,50147,50158,50139,50152
50185,50202,50217,50223,50253,50194,50208,50219,50188,50198,50203,50203,50214,50224,50203,50218
50253,50270,50284,50289,50327,50262,50275,50286,50256,50267,50272,50272,50281,50291,50272,50286
50327,50344,50357,50362,50403,50336,50349,50360,50331,50341,50346,50346,50354,50365,50346,50359
50403,50420,50433,50440,50478,50412,50425,50436,50407,50417,50423,50423,50430,50441,50423,50434
50478,50495,50509,50516,50551,50487,50500,50511,50482,50492,50497,50497,50506,50515,50497,50510
50551,50568,50582,50591,50620,50561,50573,50585,50555,50565,50572,50572,50579,50591,50572,50584
50620,50638,50652,50660,50687,50630,50643,50655,50624,50635,50640,50640,50649,50660,50640,50654
50687,50704,50718,50726,50751,50696,50709,50721,50690,50701,50707,50707,50715,50726,50707,50720
50751,50767,50782,50787,50813,50760,50773,50784,50754,50764,50770,50770,50778,50789,50770,50783
50813,50830,50844,50847,50877,50822,50835,50846,50816,50826,50831,50831,50841,50851,50831,50846
50877,50895,50908,50912,50951,50887,50900,50911,50881,50891,50895,50895,50906,50916,50895,50910
50951,50969,50983,50988,51027,50961,50974,50985,50955,50966,50970,50970,50980,50989,50970,50984
51027,51044,51058,51065,51097,51036,51049,51060,51031,51041,51045,51045,51055,51065,51045,51059
51097,51113,51127,51135,51164,51106,51118,51130,51100,51111,51116,51116,51123,51135,51116,51128
51164,51181,51195,51202,51231,51173,51186,51197,51167,51178,51183,51183,51192,51202,51183,51197
51231,51247,51262,51270,51297,51240,51253,51265,51234,51244,51249,51249,51259,51270,51249,51264
51297,51314,51328,51336,51361,51306,51319,51331,51300,51311,51317,51317,51325,51335,51317,51330
51361,51378,51392,51399,51423,51371,51384,51395,51365,51375,51383,51383,51389,51399,51383,51394
51423,51440,51454,51461,51484,51432,51445,51457,51426,51437,51443,51443,51450,51462,51443,51455
51484,51500,51515,51521,51542,51493,51506,51517,51487,51498,51505,51505,51511,51521,51505,51515
51542,51559,51573,51579,51600,51551,51564,51575,51545,51556,51562,51562,51569,51580,51562,51575
51600,51617,51631,51636,51662,51609,51623,51633,51603,51614,51620,51620,51628,51638,51620,51632
51662,51680,51693,51698,51729,51672,51685,51695,51666,51677,51682,51682,51690,51700,51682,51694
51729,51746,51759,51765,51798,51738,51751,51761,51733,51743,51749,51749,51756,51766,51749,51760
51798,51816,51829,51835,51869,51808,51821,51832,51802,51813,51819,51819,51826,51837,51819,51830
51869,51887,51900,51906,51940,51879,51892,51902,51873,51884,51890,51890,51897,51907,51890,51901
51940,51958,51971,51978,52010,51950,51963,51974,51944,51955,51962,51962,51968,51979,51962,51973
52010,52027,52041,52048,52077,52020,52033,52044,52014,52024,52031,52031,52038,52049,52031,52043
52077,52095,52109,52115,52144,52087,52100,52111,52081,52092,52099,52099,52106,52116,52099,52110
52144,52161,52175,52180,52208,52153,52167,52178,52147,52158,52165,52165,52172,52183,52165,52177
52208,52226,52240,52245,52274,52218,52232,52242,52212,52223,52229,52229,52237,52247,52229,52241
52274,52292,52306,52312,52341,52284,52297,52309,52278,52289,52296,52296,52303,52314,52296,52307
52341,52359,52373,52379,52407,52351,52364,52375,52346,52356,52362,52362,52370,52380,52362,52374
52407,52425,52439,52446,52473,52417,52430,52441,52411,52422,52429,52429,52435,52446,52429,52440
52473,52490,52504,52511,52538,52483,52496,52507,52477,52488,52494,52494,52501,52512,52494,52506
52538,52556,52570,52576,52603,52548,52561,52572,52542,52553,52560,52560,52566,52577,52560,52571
52603,52621,52634,52642,52667,52613,52626,52637,52607,52618,52625,52625,52631,52642,52625,52636
52667,52684,52698,52705,52729,52677,52689,52700,52671,52682,52688,52688,52695,52705,52688,52700
52729,52746,52760,52765,52789,52738,52751,52762,52732,52743,52750,52750,52756,52767,52750,52761
52789,52806,52820,52823,52851,52798,52811,52822,52792,52803,52809,52809,52816,52827,52809,52821
52851,52868,52882,52885,52915,52861,52873,52884,52855,52865,52871,52871,52879,52889,52871,52883
52915,52933,52947,52951,52983,52926,52938,52949,52920,52930,52936,52936,52943,52954,52936,52948
52983,53000,53013,53019,53050,52993,53005,53016,52987,52998,53004,53004,53010,53020,53004,53015
53050,53067,53081,53087,53117,53060,53072,53083,53054,53065,53070,53070,53077,53088,53070,53082
53117,53134,53148,53155,53181,53126,53139,53151,53121,53131,53137,53137,53145,53155,53137,53150
53181,53198,53212,53219,53244,53191,53204,53215,53185,53196,53202,53202,53209,53219,53202,53213
53244,53261,53275,53282,53304,53253,53266,53277,53247,53258,53265,53265,53271,53282,53265,53276
53304,53320,53334,53340,53361,53313,53325,53336,53307,53318,53324,53324,53330,53340,53324,53335
53361,53378,53392,53395,53418,53370,53383,53394,53364,53375,53382,53382,53388,53398,53382,53393
53418,53435,53449,53452,53478,53427,53440,53451,53421,53432,53437,53437,53445,53456,53437,53450
53478,53495,53509,53512,53541,53487,53500,53511,53481,53492,53496,53496,53506,53516,53496,53511
53541,53559,53572,53575,53608,53551,53564,53574,53545,53555,53561,53561,53569,53578,53561,53573
53608,53625,53638,53641,53675,53617,53630,53640,53612,53622,53627,53627,53635,53645,53627,53639
53675,53692,53705,53710,53742,53685,53697,53707,53679,53689,53695,53695,53702,53712,53695,53707
53742,53760,53773,53776,53810,53752,53765,53775,53746,53756,53761,53761,53770,53780,53761,53775
53810,53826,53840,53845,53876,53819,53831,53842,53813,53823,53828,53828,53836,53846,53828,53841
53876,53892,53906,53912,53939,53884,53897,53908,53878,53889,53895,53895,53902,53912,53895,53907
53939,53955,53969,53974,54000,53947,53960,53971,53942,53952,53958,53958,53965,53975,53958,53970
54000,54016,54030,54034,54059,54008,54021,54032,54002,54012,54017,54017,54027,54036,54017,54031
54059,54075,54089,54091,54117,54067,54080,54090,54061,54071,54076,54076,54085,54095,54076,54089
54117,54134,54147,54150,54179,54126,54139,54149,54120,54130,54135,54135,54144,54153,54135,54148
54179,54196,54209,54212,54247,54188,54201,54211,54182,54192,54196,54196,54206,54215,54196,54210
54247,54264,54278,54281,54315,54256,54270,54280,54251,54260,54265,54265,54274,54285,54265,54279
54315,54332,54345,54350,54381,54324,54337,54347,54319,54329,54335,54335,54342,54352,54335,54346
54381,54399,54412,54417,54448,54391,54404,54414,54385,54396,54403,54403,54409,54418,54403,54413
54448,54465,54479,54485,54512,54457,54470,54481,54452,54462,54470,54470,54476,54485,54470,54480
54512,54528,54542,54549,54573,54521,54533,54544,54515,54526,54532,54532,54539,54549,54532,54543
54573,54589,54604,54609,54631,54581,54594,54606,54575,54586,54591,54591,54600,54610,54591,54605
54631,54648,54662,54665,54688,54640,54653,54664,54634,54645,54650,54650,54658,54668,54650,54663
54688,54705,54719,54722,54747,54697,54710,54721,54691,54702,54707,54707,54715,54725,54707,54720
54747,54764,54778,54781,54816,54756,54770,54780,54750,54760,54768,54768,54775,54784,54764,54768
54816,54833,54847,54850,54895,54825,54839,54849,54820,54829,54833,54833,54844,54853,54833,54848
54895,54911,54925,54931,54973,54904,54916,54927,54898,54908,54912,54912,54922,54932,54912,54926
54973,54988,55001,55010,55050,54982,54993,55004,54976,54986,54991,54991,54998,55009,54991,55003
55050,55065,55080,55088,55124,55059,55070,55082,55054,55063,55068,55068,55076,55087,55068,55082
55124,55139,55153,55164,55196,55134,55144,55157,55129,55138,55143,55143,55150,55162,55143,55156
55196,55211,55226,55234,55265,55205,55216,55228,55200,55209,55214,55214,55223,55233,55214,55228
55265,55280,55295,55303,55330,55273,55286,55297,55267,55277,55283,55283,55291,55302,55281,55283
55330,55345,55359,55365,55391,55337,55350,55360,55332,55341,55346,55346,55355,55365,55346,55360
55391,55407,55421,55426,55451,55400,55412,55422,55394,55404,55411,55411,55417,55428,55411,55422
55451,55467,55481,55484,55512,55459,55472,55482,55453,55464,55471,55471,55477,55487,55471,55482
55512,55528,55542,55547,55575,55521,55533,55544,55515,55525,55530,55530,55538,55549,55530,55543
55575,55592,55605,55611,55646,55585,55597,55608,55580,55590,55594,55594,55602,55612,55594,55607
55646,55662,55675,55681,55718,55655,55667,55677,55649,55659,55664,55664,55672,55682,55664,55677
55718,55735,55748,55754,55791,55727,55740,55750,55721,55731,55736,55736,55745,55754,55736,55750
55791,55807,55821,55827,55861,55800,55812,55823,55794,55804,55809,55809,55818,55827,55809,55823
55861,55878,55891,55898,55931,55871,55883,55894,55865,55875,55880,55880,55888,55898,55880,55893
55931,55948,55961,55968,55999,55940,55952,55963,55935,55945,55950,55950,55958,55968,55950,55963
55999,56015,56029,56036,56065,56008,56020,56031,56002,56012,56017,56017,56026,56036,56017,56031
56065,56081,56095,56101,56130,56074,56086,56097,56068,56079,56084,56084,56092,56102,56084,56097
56130,56147,56161,56165,56196,56139,56152,56163,56134,56144,56149,56149,56157,56167,56149,56162
56196,56213,56227,56232,56264,56205,56218,56229,56200,56210,56215,56215,56223,56233,56215,56228
56264,56281,56294,56300,56333,56273,56286,56297,56268,56278,56283,56283,56291,56301,56283,56296
56333,56350,56363,56369,56400,56342,56355,56365,56337,56347,56353,56353,56360,56370,56353,56364
56400,56417,56430,56436,56466,56410,56422,56432,56404,56415,56420,56420,56427,56437,56420,56431
56466,56483,56497,56503,56531,56476,56488,56499,56470,56481,56486,56486,56493,56504,56486,56498
56531,56548,56562,56568,56596,56541,56553,56564,56535,56546,56551,56551,56559,56569,56551,56563
56596,56612,56626,56632,56659,56605,56617,56628,56599,56610,56615,56615,56623,56633,56615,56628
56659,56676,56689,56695,56722,56669,56680,56691,56663,56673,56678,56678,56686,56696,56678,56690
56722,56739,56753,56758,56785,56732,56744,56755,56726,56736,56742,56742,56749,56759,56742,56754
56785,56802,56816,56821,56847,56795,56807,56818,56789,56799,56805,56805,56812,56822,56805,56817
56847,56864,56878,56882,56910,56857,56869,56880,56851,56861,56867,56867,56874,56884,56867,56879
56910,56927,56941,56944,56976,56920,56932,56943,56914,56924,56929,56929,56937,56948,56929,56942
56976,56993,57007,57010,57044,56985,56998,57009,56980,56990,56995,56995,57003,57014,56995,57008
57044,57061,57074,57078,57115,57054,57066,57077,57048,57058,57063,57063,57071,57082,57063,57076
57115,57132,57145,57151,57184,57124,57137,57147,57118,57129,57134,57134,57142,57152,57134,57146
57184,57202,57215,57221,57252,57194,57207,57218,57188,57199,57205,57205,57212,57222,57205,57217
57252,57269,57283,57290,57318,57262,57274,57286,57256,57267,57272,57272,57280,57290,57272,57285
57318,57335,57349,57356,57381,57327,57340,57351,57322,57332,57339,57339,57345,57356,57339,57350
57381,57399,57413,57420,57444,57391,57404,57416,57385,57396,57402,57402,57410,57420,57402,57415
57444,57461,57475,57482,57505,57453,57466,57477,57447,57458,57465,57465,57471,57482,57465,57476
57505,57521,57535,57542,57564,57514,57527,57537,57508,57518,57526,57526,57532,57542,57526,57536
57564,57580,57594,57601,57622,57573,57585,57596,57567,57578,57584,57584,57590,57601,57584,57595
57622,57638,57652,57658,57679,57631,57643,57654,57625,57635,57642,57642,57648,57658,57642,57653
57679,57695,57709,57712,57735,57687,57700,57710,57681,57692,57699,57699,57705,57715,57699,57709
57735,57752,57766,57769,57794,57744,57757,57768,57738,57749,57754,57754,57762,57773,57754,57767
57794,57811,57824,57827,57857,57803,57816,57826,57797,57808,57813,57813,57820,57830,57813,57825
57857,57874,57887,57890,57921,57866,57879,57889,57860,57871,57876,57876,57884,57894,57876,57889
57921,57938,57951,57958,57985,57931,57943,57954,57925,57936,57942,57942,57948,57958,57942,57952
57985,58002,58016,58021,58049,57994,58007,58018,57989,57999,58006,58006,58012,58022,58006,58017
58049,58067,58081,58087,58115,58059,58072,58084,58053,58064,58072,58072,58078,58089,58072,58082
58115,58133,58146,58153,58180,58125,58138,58149,58119,58129,58136,58136,58143,58154,58136,58147
58180,58196,58210,58216,58241,58189,58201,58212,58183,58194,58200,58200,58206,58217,58200,58211
58241,58258,58272,58277,58300,58250,58263,58273,58244,58255,58261,58261,58268,58278,58261,58273
58300,58318,58331,58334,58361,58310,58323,58333,58304,58315,58321,58321,58328,58338,58321,58332
58361,58378,58391,58396,58422,58370,58383,58393,58364,58375,58381,58381,58388,58398,58381,58392
58422,58439,58452,58459,58482,58431,58444,58454,58425,58436,58442,58442,58449,58459,58442,58453
58482,58498,58512,58517,58540,58491,58503,58514,58485,58496,58502,58502,58508,58518,58502,58513
58540,58557,58571,58577,58598,58550,58561,58573,58544,58554,58560,58560,58567,58578,58560,58571
58598,58615,58628,58634,58656,58608,58619,58630,58602,58612,58618,58618,58624,58635,58618,58629
58656,58673,58687,58692,58715,58666,58678,58689,58660,58670,58676,58676,58683,58693,58676,58687
58715,58731,58745,58750,58772,58724,58736,58747,58718,58728,58734,58734,58741,58752,58734,58745
58772,58788,58802,58807,58829,58781,58793,58804,58775,58786,58792,58792,58798,58808,58792,58803
58829,58846,58859,58864,58886,58838,58850,58861,58833,58843,58848,58848,58855,58865,58848,58860
58886,58902,58916,58921,58943,58895,58907,58918,58889,58900,58905,58905,58912,58922,58905,58917
58943,58960,58973,58976,59003,58952,58965,58975,58947,58957,58963,58963,58970,58979,58963,58974
59003,59019,59033,59036,59066,59012,59025,59035,59006,59016,59020,59020,59030,59039,59020,59034
59066,59084,59097,59100,59134,59076,59089,59099,59070,59080,59085,59085,59093,59103,59085,59098
59134,59151,59164,59168,59206,59143,59156,59167,59138,59148,59153,59153,59161,59171,59153,59165
59206,59222,59236,59239,59276,59215,59227,59238,59209,59219,59224,59224,59232,59243,59224,59237
59276,59292,59306,59310,59343,59285,59297,59309,59279,59289,59293,59293,59303,59313,59293,59307
59343,59360,59374,59379,59407,59352,59366,59376,59347,59357,59366,59366,59371,59380,59366,59375
59407,59425,59438,59444,59471,59417,59430,59441,59410,59422,59429,59429,59435,59446,59429,59439
59471,59488,59502,59507,59533,59480,59493,59504,59474,59485,59492,59492,59498,59508,59492,59503
59533,59549,59563,59569,59594,59542,59555,59566,59536,59547,59552,59552,59560,59570,59552,59564
59594,59610,59624,59629,59652,59602,59615,59626,59597,59607,59613,59613,59620,59631,59613,59625
59652,59668,59682,59688,59709,59661,59673,59684,59655,59666,59671,59671,59678,59688,59671,59683
59709,59725,59739,59745,59765,59718,59730,59741,59712,59723,59729,59729,59735,59745,59729,59740
59765,59780,59794,59800,59820,59773,59785,59796,59767,59778,59783,59783,59790,59801,59783,59795
59820,59836,59850,59854,59877,59829,59841,59852,59823,59833,59839,59839,59846,59856,59839,59851
59877,59893,59907,59910,59936,59886,59899,59909,59880,59891,59895,59895,59904,59913,59895,59908
59936,59953,59967,59970,60004,59946,59959,59969,59940,59950,59955,59955,59963,59973,59955,59968
60004,60021,60035,60038,60080,60014,60027,60037,60008,60018,60022,60022,60032,60041,60022,60036
60080,60097,60110,60114,60157,60090,60103,60113,60084,60094,60098,60098,60108,60117,60098,60112
60157,60175,60188,60192,60234,60167,60180,60191,60161,60171,60176,60176,60185,60195,60176,60190
60234,60251,60265,60271,60306,60243,60256,60267,60238,60248,60253,60253,60262,60272,60253,60266
60306,60323,60337,60344,60375,60316,60329,60340,60310,60321,60327,60327,60334,60344,60327,60339
60375,60392,60407,60413,60440,60385,60398,60409,60379,60390,60396,60396,60403,60414,60396,60408
60440,60458,60472,60478,60503,60450,60463,60474,60445,60455,60462,60462,60468,60479,60462,60473
60503,60520,60534,60539,60563,60512,60525,60536,60506,60517,60523,60523,60530,60540,60523,60535
60563,60579,60594,60596,60622,60572,60585,60595,60566,60576,60581,60581,60590,60599,60581,60594
60622,60639,60652,60656,60684,60631,60644,60655,60626,60636,60642,60642,60649,60660,60642,60653
60684,60701,60715,60718,60749,60694,60706,60717,60688,60698,60703,60703,60711,60721,60703,60716
60749,60766,60780,60783,60815,60759,60771,60782,60753,60763,60769,60769,60776,60787,60769,60781
60815,60832,60845,60850,60881,60824,60837,60848,60819,60829,60834,60834,60842,60852,60834,60846
60881,60898,60911,60917,60946,60890,60902,60913,60885,60895,60900,60900,60908,60918,60900,60912
60946,60963,60977,60983,61010,60956,60968,60979,60950,60960,60966,60966,60973,60984,60966,60978
61010,61027,61041,61046,61073,61020,61032,61043,61014,61025,61031,61031,61037,61048,61031,61042
61073,61090,61104,61107,61134,61082,61095,61106,61077,61087,61092,61092,61100,61110,61092,61105
61134,61151,61165,61168,61196,61143,61156,61167,61138,61148,61153,61153,61161,61171,61153,61166
61196,61213,61227,61230,61263,61205,61219,61229,61199,61210,61214,61214,61224,61233,61214,61228
61263,61280,61293,61297,61336,61272,61286,61296,61266,61276,61281,61281,61291,61300,61281,61295
61336,61353,61366,61369,61411,61345,61358,61368,61340,61350,61354,61354,61363,61373,61354,61367
61411,61428,61441,61446,61485,61420,61433,61444,61414,61425,61430,61430,61438,61448,61430,61443
61485,61502,61515,61522,61556,61495,61507,61518,61489,61499,61505,61505,61512,61522,61505,61517
61556,61572,61586,61593,61622,61565,61577,61588,61559,61570,61575,61575,61582,61593,61575,61587
61622,61640,61653,61658,61687,61632,61645,61656,61626,61637,61644,61644,61650,61660,61644,61655
61687,61704,61718,61722,61752,61697,61710,61721,61691,61701,61707,61707,61715,61726,61707,61719
61752,61770,61783,61787,61819,61762,61775,61786,61756,61767,61772,61772,61780,61790,61772,61785
61819,61836,61850,61853,61887,61829,61842,61852,61823,61833,61839,61839,61847,61857,61839,61851
61887,61904,61918,61924,61954,61897,61909,61920,61891,61901,61907,61907,61914,61925,61907,61919
61954,61972,61985,61992,62021,61965,61977,61988,61959,61969,61975,61975,61982,61993,61975,61987
62021,62038,62052,62059,62086,62031,62043,62055,62025,62036,62042,62042,62049,62060,62042,62053
62086,62102,62117,62123,62148,62095,62108,62119,62089,62100,62106,62106,62113,62123,62106,62118
62148,62164,62178,62183,62208,62157,62169,62180,62151,62162,62167,62167,62175,62185,62167,62179
62208,62225,62239,62244,62270,62217,62230,62241,62212,62222,62228,62228,62235,62246,62228,62240
62270,62285,62300,62303,62332,62278,62291,62302,62272,62283,62288,62288,62296,62306,62288,62301
62332,62349,62363,62367,62399,62342,62355,62366,62336,62346,62351,62351,62360,62370,62351,62364
62399,62417,62431,62435,62469,62409,62423,62434,62403,62413,62417,62417,62428,62438,62417,62432
62469,62487,62500,62504,62547,62479,62492,62503,62473,62484,62489,62489,62497,62507,62489,62501
62547,62564,62578,62581,62624,62556,62570,62580,62551,62561,62565,62565,62575,62584,62565,62579
62624,62641,62654,62659,62697,62633,62646,62657,62628,62638,62644,62644,62651,62661,62644,62656
62697,62714,62728,62734,62767,62707,62720,62731,62701,62711,62717,62717,62725,62735,62717,62729
62767,62784,62798,62804,62834,62776,62789,62800,62770,62781,62787,62787,62794,62805,62787,62799
62834,62851,62865,62872,62898,62843,62856,62868,62837,62848,62853,62853,62862,62872,62853,62867
62898,62914,62929,62934,62959,62907,62920,62931,62901,62912,62917,62917,62925,62935,62917,62930
62959,62976,62990,62996,63018,62968,62981,62992,62962,62972,62980,62980,62987,62996,62980,62991
63018,63035,63049,63052,63078,63027,63041,63051,63021,63032,63040,63040,63046,63056,63040,63050
63078,63095,63109,63114,63140,63088,63101,63111,63082,63092,63099,63099,63106,63115,63099,63110
63140,63157,63171,63174,63205,63150,63163,63173,63144,63155,63161,63161,63168,63178,63161,63172
63205,63222,63235,63240,63272,63214,63227,63238,63208,63219,63225,63225,63232,63242,63225,63236
63272,63289,63303,63307,63340,63282,63294,63305,63276,63286,63292,63292,63299,63310,63292,63304
63340,63357,63371,63376,63407,63350,63362,63373,63344,63355,63360,63360,63368,63378,63360,63372
63407,63424,63438,63445,63473,63417,63429,63441,63411,63421,63427,63427,63435,63445,63427,63440
63473,63490,63504,63510,63536,63483,63495,63506,63477,63487,63493,63493,63500,63511,63493,63505
63536,63553,63568,63573,63599,63546,63559,63570,63540,63551,63556,63556,63564,63575,63556,63569
63599,63616,63630,63634,63663,63609,63622,63633,63603,63613,63619,63619,63627,63637,63619,63631
63663,63680,63694,63698,63728,63673,63686,63697,63667,63677,63683,63683,63691,63701,63683,63695
63728,63745,63759,63763,63793,63738,63750,63761,63732,63742,63748,63748,63755,63766,63748,63760
63793,63810,63824,63828,63857,63802,63815,63826,63797,63807,63813,63813,63820,63830,63813,63825
63857,63874,63887,63892,63919,63866,63879,63890,63861,63871,63877,63877,63884,63895,63877,63888
63919,63936,63950,63955,63981,63928,63941,63952,63923,63933,63940,63940,63946,63957,63940,63950
63981,63998,64012,64017,64043,63991,64003,64014,63985,63996,64001,64001,64008,64018,64001,64013
64043,64060,64074,64079,64104,64053,64065,64076,64047,64057,64063,64063,64070,64080,64063,64075
64104,64121,64135,64138,64163,64113,64126,64137,64107,64118,64123,64123,64131,64141,64123,64136
64163,64180,64194,64197,64225,64173,64186,64196,64167,64178,64184,64184,64191,64200,64184,64195
64225,64243,64256,64259,64291,64235,64248,64258,64229,64239,64245,64245,64253,64262,64245,64257
64291,64308,64322,64325,64361,64301,64313,64324,64295,64305,64311,64311,64318,64329,64311,64323
64361,64378,64391,64395,64430,64371,64383,64394,64365,64375,64381,64381,64388,64398,64381,64393
64430,64448,64461,64467,64499,64440,64453,64464,64434,64445,64451,64451,64458,64468,64451,64462
64499,64515,64529,64536,64564,64508,64521,64532,64502,64513,64518,64518,64526,64537,64518,64531
64564,64580,64594,64600,64626,64573,64586,64597,64567,64578,64584,64584,64591,64602,64584,64595
64626,64643,64657,64660,64687,64635,64648,64659,64630,64640,64645,64645,64653,64664,64645,64658
64687,64704,64719,64723,64749,64697,64710,64722,64691,64701,64706,64706,64715,64726,64706,64721
64749,64767,64780,64784,64814,64759,64772,64783,64753,64764,64769,64769,64777,64787,64769,64781
64814,64831,64845,64849,64876,64823,64836,64847,64817,64828,64833,64833,64841,64851,64833,64846
64876,64894,64907,64912,64938,64887,64899,64910,64881,64891,64897,64897,64904,64914,64897,64909
64938,64955,64969,64975,64999,64948,64960,64971,64942,64953,64959,64959,64965,64976,64959,64970
64999,65015,65029,65035,65058,65008,65020,65032,65002,65013,65019,65019,65026,65036,65019,65030
65058,65074,65089,65095,65118,65067,65080,65091,65061,65072,65078,65078,65085,65095,65078,65089
65118,65134,65148,65153,65176,65127,65139,65150,65121,65132,65137,65137,65144,65154,65137,65148
65176,65192,65207,65213,65233,65185,65198,65209,65179,65190,65197,65197,65203,65213,65197,65207
65233,65249,65264,65269,65289,65242,65255,65266,65236,65247,65253,65253,65260,65270,65253,65264
65289,65306,65320,65323,65346,65298,65311,65322,65293,65303,65309,65309,65316,65326,65309,65321
65346,65362,65376,65379,65406,65355,65367,65378,65349,65360,65365,65365,65372,65383,65365,65377
65406,65423,65436,65440,65471,65415,65428,65439,65409,65420,65425,65425,65433,65443,65425,65437
65471,65488,65502,65505,65542,65481,65493,65504,65475,65485,65490,65490,65498,65508,65490,65503
65542,65560,65573,65578,65614,65552,65565,65576,65546,65557,65562,65562,65570,65580,65562,65574
65614,65630,65644,65651,65680,65623,65636,65647,65617,65628,65634,65634,65641,65652,65634,65646
65680,65697,65711,65717,65746,65690,65703,65714,65684,65695,65701,65701,65708,65718,65701,65713
65746,65763,65777,65782,65812,65755,65768,65780,65750,65760,65766,65766,65774,65784,65766,65779
65812,65830,65843,65848,65878,65822,65835,65846,65816,65827,65832,65832,65840,65851,65832,65844
65878,65896,65909,65914,65944,65888,65901,65912,65883,65893,65898,65898,65906,65917,65898,65911
65944,65961,65975,65981,66009,65954,65966,65978,65948,65959,65965,65965,65972,65983,65965,65976
66009,66025,66039,66046,66071,66018,66031,66042,66012,66023,66029,66029,66036,66047,66029,66041
66071,66088,66102,66107,66132,66081,66093,66104,66075,66085,66091,66091,66098,66109,66091,66103
66132,66149,66163,66167,66194,66142,66154,66166,66136,66147,66152,66152,66160,66170,66152,66165
66194,66211,66225,66229,66258,66203,66217,66228,66197,66208,66213,66213,66222,66232,66213,66226
66258,66276,66290,66293,66328,66268,66281,66292,66263,66273,66277,66277,66286,66297,66277,66291
66328,66345,66358,66363,66397,66337,66350,66361,66332,66342,66347,66347,66355,66365,66347,66360
66397,66414,66428,66435,66463,66407,66419,66431,66401,66412,66418,66418,66425,66435,66418,66430
66463,66480,66494,66500,66526,66472,66485,66497,66466,66477,66484,66484,66491,66501,66484,66495
66526,66543,66558,66561,66588,66535,66549,66560,66529,66540,66546,66546,66554,66564,66546,66559
66588,66605,66619,66623,66650,66597,66611,66622,66591,66602,66609,66609,66616,66626,66609,66620
66650,66668,66681,66685,66714,66659,66673,66684,66653,66664,66669,66669,66678,66689,66669,66683
66714,66732,66745,66749,66780,66723,66737,66748,66717,66728,66733,66733,66742,66751,66733,66746
66780,66797,66811,66815,66845,66789,66802,66813,66784,66794,66799,66799,66807,66817,66799,66811
66845,66861,66876,66883,66908,66854,66866,66878,66848,66858,66862,66862,66872,66882,66862,66877
66908,66923,66938,66947,66971,66917,66929,66941,66911,66921,66929,66929,66934,66946,66929,66938
66971,66986,67000,67007,67032,66979,66991,67002,66973,66983,66989,66989,66996,67007,66989,67001
67032,67047,67062,67067,67091,67040,67053,67064,67034,67044,67048,67048,67059,67068,67048,67063
67091,67108,67121,67126,67148,67100,67112,67123,67093,67105,67111,67111,67117,67129,67111,67121
67148,67164,67178,67183,67204,67157,67169,67180,67151,67161,67167,67167,67174,67184,67167,67178
67204,67220,67234,67239,67262,67213,67225,67236,67207,67217,67222,67222,67230,67241,67222,67235
67262,67278,67291,67294,67323,67270,67283,67293,67264,67275,67280,67280,67288,67297,67280,67292
67323,67340,67353,67356,67388,67332,67345,67355,67326,67336,67341,67341,67349,67360,67341,67354
67388,67405,67418,67421,67454,67397,67410,67420,67391,67401,67406,67406,67415,67424,67406,67419
67454,67471,67484,67488,67521,67463,67476,67487,67457,67468,67473,67473,67481,67491,67473,67486
67521,67538,67552,67557,67588,67530,67543,67554,67524,67535,67540,67540,67548,67558,67540,67553
67588,67604,67620,67629,67654,67597,67609,67623,67591,67601,67607,67607,67616,67627,67607,67622
67654,67670,67684,67688,67720,67663,67675,67687,67657,67667,67673,67673,67680,67692,67673,67685
67720,67737,67751,67756,67788,67730,67743,67753,67724,67734,67740,67740,67748,67758,67740,67752
67788,67805,67819,67825,67857,67798,67810,67822,67792,67802,67807,67807,67816,67827,67807,67821
67857,67874,67888,67894,67930,67867,67879,67891,67861,67871,67877,67877,67885,67896,67877,67889
67930,67947,67960,67967,68003,67939,67952,67963,67934,67944,67949,67949,67957,67968,67949,67962
68003,68020,68034,68040,68074,68013,68025,68037,68007,68017,68022,68022,68030,68041,68022,68035
68074,68092,68106,68111,68146,68084,68098,68109,68079,68089,68094,68094,68103,68113,68094,68108
68146,68163,68177,68182,68215,68156,68168,68180,68150,68160,68166,68166,68174,68184,68166,68178
68215,68233,68246,68252,68286,68225,68238,68249,68220,68230,68235,68235,68243,68253,68235,68248
68286,68303,68317,68323,68356,68296,68308,68319,68290,68300,68305,68305,68313,68323,68305,68318
68356,68373,68387,68393,68425,68366,68378,68389,68360,68370,68376,68376,68383,68394,68376,68388
68425,68441,68455,68460,68491,68434,68446,68458,68428,68439,68443,68443,68452,68462,68443,68457
68491,68509,68522,68526,68564,68501,68514,68525,68495,68506,68511,68511,68519,68529,68511,68524
68564,68581,68594,68598,68638,68573,68586,68597,68568,68578,68582,68582,68591,68601,68582,68596
68638,68655,68669,68672,68713,68648,68660,68671,68642,68652,68657,68657,68666,68676,68657,68670
68713,68730,68744,68749,68787,68723,68735,68747,68717,68727,68732,68732,68741,68751,68732,68746
68787,68804,68818,68824,68856,68796,68809,68820,68791,68801,68805,68805,68814,68825,68805,68819
68856,68874,68888,68891,68924,68866,68879,68890,68860,68871,68875,68875,68885,68895,68875,68890
68924,68942,68955,68959,68993,68934,68947,68958,68928,68939,68945,68945,68952,68963,68945,68957
68993,69010,69023,69027,69060,69003,69015,69026,68997,69007,69012,69012,69020,69030,69012,69025
69060,69077,69091,69096,69126,69069,69082,69093,69064,69074,69079,69079,69087,69098,69079,69092
69126,69143,69157,69163,69194,69136,69148,69160,69130,69140,69145,69145,69154,69164,69145,69159
69194,69211,69225,69231,69260,69203,69216,69227,69198,69208,69214,69214,69221,69232,69214,69226
69260,69277,69291,69296,69326,69269,69282,69293,69264,69274,69278,69278,69288,69297,69278,69292
69326,69343,69357,69360,69394,69335,69348,69359,69330,69340,69345,69345,69353,69363,69345,69358
69394,69411,69425,69428,69464,69403,69416,69427,69397,69408,69413,69413,69421,69431,69413,69426
69464,69481,69495,69498,69534,69473,69486,69497,69468,69478,69483,69483,69491,69501,69483,69496
69534,69551,69565,69571,69604,69544,69557,69568,69538,69549,69554,69554,69562,69572,69554,69567
69604,69621,69634,69641,69669,69614,69626,69637,69608,69618,69624,69624,69631,69642,69624,69636
69669,69686,69700,69704,69733,69679,69692,69703,69673,69684,69689,69689,69697,69707,69689,69702
69733,69751,69765,69768,69798,69743,69756,69767,69737,69748,69753,69753,69761,69772,69753,69766
69798,69816,69829,69832,69864,69808,69821,69831,69802,69813,69818,69818,69826,69836,69818,69830
69864,69881,69895,69899,69929,69873,69886,69897,69867,69878,69882,69882,69891,69901,69882,69896
69929,69945,69959,69965,69993,69938,69950,69961,69932,69943,69948,69948,69956,69966,69948,69961
69993,70010,70024,70028,70058,70003,70015,70026,69997,70007,70012,70012,70020,70030,70012,70025
70058,70075,70089,70092,70123,70067,70080,70091,70061,70072,70076,70076,70085,70095,70076,70090
70123,70141,70154,70158,70190,70133,70146,70157,70127,70138,70143,70143,70151,70161,70143,70156
70190,70207,70220,70224,70257,70200,70212,70223,70194,70204,70209,70209,70217,70227,70209,70222
70257,70274,70288,70293,70321,70267,70279,70290,70261,70271,70276,70276,70284,70294,70276,70289
70321,70339,70353,70356,70387,70331,70344,70355,70326,70336,70341,70341,70349,70359,70341,70354
70387,70404,70418,70421,70451,70396,70409,70420,70390,70401,70406,70406,70414,70424,70406,70419
70451,70469,70482,70486,70518,70461,70474,70485,70456,70466,70471,70471,70479,70489,70471,70484
70518,70534,70548,70554,70580,70527,70539,70550,70522,70532,70537,70537,70545,70555,70537,70550
70580,70597,70611,70615,70642,70590,70602,70614,70584,70594,70599,70599,70608,70618,70599,70612
70642,70659,70673,70677,70705,70652,70665,70676,70646,70656,70661,70661,70670,70680,70661,70674
70705,70722,70736,70741,70768,70715,70727,70739,70709,70719,70724,70724,70733,70743,70724,70737
70768,70785,70799,70804,70829,70778,70790,70801,70772,70782,70787,70787,70795,70805,70787,70800
70829,70846,70860,70864,70888,70839,70851,70862,70833,70843,70849,70849,70856,70866,70849,70861
70888,70905,70920,70923,70948,70898,70911,70922,70892,70902,70907,70907,70916,70926,70907,70921
70948,70965,70979,70982,71009,70958,70970,70981,70952,70963,70968,70968,70975,70985,70968,70980
71009,71025,71038,71042,71067,71018,71030,71040,71012,71022,71027,71027,71034,71044,71027,71039
71067,71083,71097,71103,71124,71076,71088,71099,71071,71081,71087,71087,71093,71104,71087,71098
71124,71140,71154,71157,71181,71133,71145,71156,71128,71138,71144,71144,71150,71160,71144,71155
71181,71196,71211,71216,71236,71190,71201,71213,71184,71194,71199,71199,71207,71218,71199,71212
71236,71252,71266,71272,71290,71245,71257,71268,71239,71249,71255,71255,71262,71272,71255,71267
71290,71306,71321,71325,71343,71299,71311,71322,71293,71303,71308,71308,71316,71326,71308,71321
71343,71359,71374,71377,71396,71352,71364,71375,71346,71356,71362,71362,71369,71379,71362,71374
71396,71412,71427,71429,71450,71405,71417,71428,71399,71409,71414,71414,71422,71433,71414,71426
71450,71466,71480,71484,71508,71459,71471,71483,71453,71464,71469,71469,71476,71487,71469,71481
71508,71524,71538,71541,71571,71517,71529,71540,71511,71521,71526,71526,71534,71544,71526,71539
71571,71588,71601,71604,71635,71580,71593,71603,71574,71585,71591,71591,71598,71608,71591,71602
71635,71652,71665,71671,71699,71645,71657,71668,71639,71650,71655,71655,71662,71672,71655,71667
71699,71715,71729,71734,71758,71707,71720,71730,71701,71712,71718,71718,71725,71735,71718,71729
71758,71774,71789,71792,71816,71767,71779,71791,71761,71772,71777,71777,71785,71795,71777,71789
71816,71832,71846,71849,71873,71824,71838,71848,71819,71829,71835,71835,71843,71852,71835,71847
71873,71889,71904,71906,71930,71882,71894,71905,71876,71886,71891,71891,71900,71910,71891,71904
71930,71947,71961,71964,71990,71939,71952,71963,71933,71944,71949,71949,71957,71967,71949,71962
71990,72006,72020,72023,72050,71999,72011,72022,71993,72003,72009,72009,72016,72026,72009,72020
72050,72066,72080,72083,72111,72059,72071,72082,72053,72064,72069,72069,72076,72086,72069,72080
72111,72127,72141,72146,72170,72120,72132,72142,72114,72124,72130,72130,72137,72146,72130,72141
72170,72186,72200,72204,72228,72179,72191,72202,72173,72183,72189,72189,72196,72206,72189,72201
72228,72244,72258,72261,72287,72237,72249,72260,72231,72241,72247,72247,72254,72264,72247,72258
72287,72303,72317,72320,72349,72296,72308,72319,72290,72300,72305,72305,72313,72323,72305,72318
72349,72365,72379,72383,72413,72358,72370,72381,72352,72362,72367,72367,72375,72385,72367,72380
72413,72429,72443,72448,72476,72422,72434,72445,72416,72426,72431,72431,72439,72449,72431,72444
72476,72492,72506,72511,72537,72485,72497,72508,72479,72489,72495,72495,72502,72512,72495,72507
72537,72554,72568,72571,72600,72547,72559,72570,72541,72551,72556,72556,72564,72575,72556,72569
72600,72617,72631,72634,72665,72610,72622,72633,72604,72615,72619,72619,72627,72637,72619,72632
72665,72682,72695,72700,72731,72674,72686,72697,72669,72679,72684,72684,72692,72701,72684,72696
72731,72747,72761,72765,72794,72740,72752,72763,72734,72744,72749,72749,72757,72767,72749,72762
72794,72811,72825,72828,72859,72804,72816,72827,72798,72808,72813,72813,72821,72831,72813,72826
72859,72876,72890,72893,72925,72869,72881,72892,72863,72873,72878,72878,72886,72896,72878,72891
72925,72942,72956,72959,72993,72935,72947,72958,72929,72939,72944,72944,72952,72963,72944,72957
72993,73009,73023,73028,73057,73002,73014,73025,72996,73007,73012,73012,73020,73030,73012,73024
73057,73073,73087,73090,73119,73066,73078,73089,73060,73070,73076,73076,73083,73093,73076,73088
73119,73136,73150,73153,73182,73129,73141,73152,73123,73133,73138,73138,73146,73156,73138,73151
73182,73199,73212,73216,73246,73192,73204,73215,73186,73196,73201,73201,73209,73219,73201,73213
73246,73262,73276,73279,73312,73255,73267,73278,73249,73260,73265,73265,73272,73282,73265,73277
73312,73328,73342,73347,73378,73321,73333,73344,73315,73325,73331,73331,73338,73348,73331,73343
73378,73395,73409,73412,73444,73387,73400,73411,73382,73392,73397,73397,73405,73416,73397,73410
73444,73460,73475,73478,73507,73453,73466,73477,73447,73457,73461,73461,73471,73482,73461,73476
73507,73524,73537,73541,73570,73516,73529,73540,73510,73521,73527,73527,73534,73544,73527,73538
73570,73587,73600,73603,73632,73579,73592,73602,73573,73584,73589,73589,73597,73606,73589,73601
73632,73649,73663,73666,73694,73642,73654,73665,73636,73646,73650,73650,73660,73670,73650,73664
73694,73712,73726,73730,73758,73704,73717,73729,73698,73709,73713,73713,73722,73733,73713,73727
73758,73776,73789,73793,73822,73768,73781,73792,73762,73772,73777,73777,73786,73796,73777,73790
73822,73840,73853,73857,73888,73832,73845,73856,73826,73836,73841,73841,73850,73860,73841,73854
73888,73904,73918,73925,73954,73897,73909,73920,73891,73901,73906,73906,73914,73925,73906,73918
73954,73969,73983,73991,74017,73962,73974,73986,73956,73967,73971,73971,73979,73990,73971,73984
74017,74032,74047,74055,74078,74026,74037,74049,74020,74030,74035,74035,74043,74054,74035,74048
74078,74094,74108,74116,74137,74087,74098,74110,74081,74092,74097,74097,74103,74115,74097,74108
74137,74153,74167,74175,74196,74146,74158,74170,74140,74151,74156,74156,74163,74174,74156,74168
74196,74211,74226,74231,74252,74204,74216,74227,74198,74208,74213,74213,74221,74231,74213,74226
74252,74267,74282,74287,74307,74260,74273,74284,74253,74264,74271,74271,74278,74289,74271,74283
74307,74323,74337,74342,74363,74315,74328,74339,74309,74320,74326,74326,74333,74344,74326,74337
74363,74379,74393,74397,74421,74372,74384,74395,74366,74376,74383,74383,74389,74401,74383,74393
74421,74436,74450,74453,74477,74429,74441,74452,74423,74434,74439,74439,74446,74456,74439,74450
74477,74493,74507,74510,74533,74486,74498,74509,74480,74491,74496,74496,74503,74513,74496,74507
74533,74549,74563,74566,74590,74542,74554,74565,74536,74546,74551,74551,74559,74569,74551,74564
74590,74606,74620,74624,74653,74599,74611,74623,74593,74603,74608,74608,74617,74628,74608,74622
74653,74670,74683,74687,74723,74662,74675,74686,74656,74667,74672,74672,74680,74691,74672,74685
74723,74740,74754,74757,74797,74732,74745,74756,74727,74737,74742,74742,74750,74761,74742,74755
74797,74815,74828,74832,74870,74807,74820,74831,74801,74811,74816,74816,74825,74836,74816,74830
74870,74887,74901,74907,74939,74880,74892,74904,74874,74884,74890,74890,74898,74908,74890,74902
74939,74956,74970,74976,75003,74948,74961,74973,74943,74953,74959,74959,74967,74977,74959,74972
75003,75020,75035,75038,75065,75012,75026,75037,75007,75017,75021,75021,75031,75042,75021,75036
75065,75083,75097,75100,75129,75075,75088,75099,75069,75079,75084,75084,75093,75104,75084,75098
75129,75146,75160,75164,75197,75138,75152,75163,75132,75143,75148,75148,75157,75167,75148,75161
75197,75215,75229,75233,75271,75207,75220,75231,75201,75211,75216,75216,75226,75235,75216,75230
75271,75288,75302,75309,75340,75281,75293,75305,75275,75285,75290,75290,75299,75309,75290,75304
75340,75356,75371,75377,75406,75349,75362,75373,75343,75354,75359,75359,75368,75378,75359,75373
75406,75423,75437,75441,75471,75415,75428,75440,75409,75420,75425,75425,75434,75444,75425,75439
75471,75488,75502,75507,75538,75481,75493,75506,75475,75485,75490,75490,75499,75510,75490,75504
75538,75555,75569,75573,75607,75548,75561,75572,75542,75552,75556,75556,75566,75576,75556,75571
75607,75624,75638,75642,75682,75616,75630,75641,75611,75621,75625,75625,75635,75645,75625,75639
75682,75701,75714,75718,75761,75693,75706,75717,75687,75698,75703,75703,75711,75722,75703,75716
75761,75778,75792,75798,75839,75771,75783,75795,75765,75775,75780,75780,75789,75800,75780,75794
75839,75856,75869,75876,75911,75848,75861,75873,75842,75853,75859,75859,75866,75877,75859,75871
75911,75928,75942,75950,75979,75921,75934,75946,75915,75926,75932,75932,75939,75951,75932,75944
75979,75997,76011,76019,76044,75989,76002,76014,75984,75994,76001,76001,76008,76019,76001,76013
76044,76061,76076,76082,76105,76054,76066,76078,76048,76058,76064,76064,76072,76083,76064,76077
76105,76122,76137,76143,76164,76114,76127,76139,76108,76119,76125,76125,76133,76143,76125,76138
76164,76181,76195,76199,76223,76173,76186,76198,76167,76178,76184,76184,76192,76202,76184,76196
76223,76240,76254,76257,76288,76232,76245,76256,76226,76237,76242,76242,76251,76261,76242,76255
76288,76306,76320,76323,76361,76298,76312,76322,76292,76302,76307,76307,76317,76326,76307,76321
76361,76379,76393,76398,76440,76371,76385,76397,76366,76376,76380,76380,76390,76401,76380,76395
76440,76457,76471,76475,76519,76450,76463,76474,76444,76454,76458,76458,76468,76479,76458,76473
76519,76536,76550,76555,76594,76529,76542,76554,76523,76533,76538,76538,76547,76558,76538,76553
76594,76611,76625,76632,76667,76604,76617,76629,76598,76609,76614,76614,76622,76633,76614,76627
76667,76684,76698,76705,76735,76676,76689,76701,76670,76681,76686,76686,76694,76706,76686,76699
76735,76752,76767,76773,76798,76745,76757,76769,76739,76749,76755,76755,76763,76774,76755,76768
76798,76815,76830,76835,76860,76808,76821,76832,76802,76812,76818,76818,76826,76836,76818,76831
76860,76876,76891,76895,76918,76869,76882,76893,76863,76873,76879,76879,76887,76897,76879,76892
76918,76935,76949,76953,76977,76928,76940,76952,76922,76932,76938,76938,76946,76957,76938,76950
76977,76993,77008,77011,77037,76986,76999,77010,76980,76991,76996,76996,77004,77014,76996,77009
77037,77054,77068,77072,77104,77047,77060,77071,77041,77051,77057,77057,77065,77075,77057,77070
77104,77122,77136,77140,77176,77114,77128,77139,77108,77119,77124,77124,77133,77143,77124,77137
77176,77194,77207,77211,77254,77186,77199,77210,77180,77190,77195,77195,77204,77215,77195,77208
77254,77271,77284,77288,77328,77263,77276,77287,77257,77268,77272,77272,77281,77291,77272,77286
77328,77345,77359,77364,77399,77337,77350,77361,77332,77342,77348,77348,77355,77366,77348,77360
77399,77417,77431,77435,77469,77409,77423,77433,77403,77414,77421,77421,77428,77438,77421,77432
77469,77487,77500,77506,77536,77479,77492,77503,77473,77484,77490,77490,77497,77508,77490,77502
77536,77553,77567,77573,77597,77545,77558,77570,77539,77550,77555,77555,77563,77574,77555,77569
77597,77615,77629,77635,77658,77608,77620,77632,77602,77612,77618,77618,77626,77636,77618,77630
77658,77675,77689,77694,77716,77667,77680,77691,77661,77672,77678,77678,77685,77695,77678,77690
77716,77733,77747,77751,77776,77725,77738,77749,77719,77730,77736,77736,77743,77753,77736,77747
77776,77792,77806,77810,77839,77785,77797,77809,77779,77789,77795,77795,77802,77813,77795,77807
77839,77856,77870,77874,77908,77848,77861,77873,77843,77853,77857,77857,77867,77877,77857,77872
77908,77926,77939,77943,77984,77918,77931,77942,77912,77922,77927,77927,77936,77947,77927,77940
77984,78001,78015,78019,78061,77994,78006,78018,77988,77998,78002,78002,78012,78022,78002,78016
78061,78078,78092,78097,78135,78070,78083,78094,78065,78075,78080,78080,78088,78098,78080,78093
78135,78152,78166,78172,78207,78145,78158,78169,78139,78150,78154,78154,78163,78174,78154,78168
78207,78225,78240,78246,78276,78218,78230,78242,78212,78222,78226,78226,78237,78246,78226,78241
78276,78293,78308,78313,78339,78286,78299,78310,78280,78290,78297,78297,78304,78315,78297,78309
78339,78356,78371,78376,78400,78349,78362,78373,78343,78354,78361,78361,78367,78378,78361,78372
78400,78417,78431,78435,78460,78410,78422,78433,78404,78414,78419,78419,78427,78437,78419,78432
78460,78476,78491,78494,78519,78469,78482,78493,78463,78473,78478,78478,78487,78497,78478,78491
78519,78536,78550,78554,78586,78529,78542,78553,78523,78533,78538,78538,78547,78557,78538,78552
78586,78604,78618,78622,78661,78596,78609,78621,78590,78600,78605,78605,78615,78625,78605,78620
78661,78679,78692,78696,78740,78671,78684,78695,78665,78675,78679,78679,78690,78699,78679,78694
78740,78758,78771,78775,78817,78750,78764,78774,78744,78754,78758,78758,78769,78778,78758,78773
78817,78834,78848,78854,78892,78827,78840,78851,78821,78832,78837,78837,78845,78856,78837,78849
78892,78909,78923,78929,78965,78902,78915,78926,78896,78907,78912,78912,78920,78931,78912,78925
78965,78982,78996,79003,79033,78975,78988,78999,78969,78980,78985,78985,78993,79004,78985,78998
79033,79051,79065,79072,79098,79044,79056,79068,79038,79048,79053,79053,79062,79072,79053,79067
79098,79115,79130,79134,79159,79107,79120,79132,79102,79112,79117,79117,79126,79136,79117,79131
79159,79176,79191,79194,79220,79169,79182,79193,79163,79173,79180,79180,79187,79198,79180,79192
79220,79237,79251,79255,79281,79229,79242,79254,79223,79234,79239,79239,79248,79258,79239,79253
79281,79298,79313,79316,79348,79291,79304,79315,79285,79295,79300,79300,79310,79319,79300,79314
79348,79366,79380,79384,79424,79358,79371,79383,79352,79362,79367,79367,79377,79387,79367,79382
79424,79442,79456,79460,79505,79434,79448,79459,79428,79438,79442,79442,79453,79463,79442,79457
79505,79523,79537,79541,79588,79515,79529,79540,79510,79520,79524,79524,79534,79544,79524,79539
79588,79606,79620,79624,79668,79598,79611,79623,79592,79603,79607,79607,79617,79627,79607,79621
79668,79685,79700,79706,79743,79678,79691,79703,79672,79682,79687,79687,79697,79707,79687,79702
79743,79761,79775,79782,79812,79753,79766,79778,79747,79758,79764,79764,79771,79782,79764,79777
79812,79829,79844,79851,79878,79822,79835,79847,79816,79827,79832,79832,79841,79852,79832,79845
79878,79895,79909,79915,79941,79887,79900,79912,79881,79892,79897,79897,79906,79917,79897,79911
79941,79958,79972,79978,80005,79951,79964,79975,79945,79955,79961,79961,79969,79980,79961,79974
80005,80022,80036,80040,80070,80014,80027,80039,80009,80019,80024,80024,80033,80044,80024,80038
80070,80087,80101,80105,80144,80080,80093,80104,80074,80084,80089,80089,80098,80109,80089,80103
80144,80162,80176,80180,80227,80154,80168,80179,80148,80159,80163,80163,80173,80184,80163,80178
80227,80246,80260,80264,80313,80238,80252,80263,80233,80242,80247,80247,80257,80268,80247,80262
80313,80331,80344,80350,80394,80323,80336,80347,80317,80328,80333,80333,80341,80352,80333,80346
80394,80412,80425,80432,80472,80404,80417,80429,80399,80409,80415,80415,80423,80434,80415,80427
80472,80490,80504,80510,80547,80482,80495,80507,80476,80487,80492,80492,80501,80511,80492,80505
80547,80565,80579,80586,80616,80557,80570,80582,80551,80562,80568,80568,80576,80586,80568,80581
80616,80633,80648,80654,80681,80626,80639,80650,80620,80631,80637,80637,80644,80655,80637,80649
80681,80698,80713,80718,80745,80691,80704,80716,80685,80696,80701,80701,80710,80720,80701,80715
80745,80762,80777,80780,80811,80755,80768,80779,80749,80759,80764,80764,80773,80784,80764,80778
80811,80828,80842,80846,80882,80820,80833,80845,80815,80825,80830,80830,80839,80849,80830,80844
80882,80900,80914,80919,80966,80892,80906,80918,80887,80897,80901,80901,80912,80922,80901,80916
80966,80984,80998,81003,81057,80976,80990,81002,80970,80980,80985,80985,80996,81006,80985,81001
81057,81077,81090,81095,81148,81069,81082,81094,81063,81073,81078,81078,81088,81099,81078,81093
81148,81166,81180,81187,81231,81159,81172,81184,81153,81164,81169,81169,81178,81189,81169,81182
81231,81250,81264,81270,81307,81242,81255,81267,81236,81247,81253,81253,81261,81272,81253,81266
81307,81325,81340,81347,81378,81318,81331,81343,81312,81323,81329,81329,81337,81348,81329,81342
81378,81395,81410,81417,81443,81388,81401,81413,81382,81393,81399,81399,81407,81418,81399,81412
81443,81461,81475,81482,81506,81453,81466,81478,81447,81458,81465,81465,81472,81483,81465,81477
81506,81523,81538,81543,81566,81515,81529,81540,81509,81520,81526,81526,81534,81545,81526,81539
81566,81583,81598,81601,81627,81575,81589,81600,81569,81580,81586,81586,81594,81604,81586,81599
81627,81643,81658,81662,81689,81636,81649,81661,81630,81640,81645,81645,81655,81665,81645,81659
81689,81706,81720,81724,81762,81699,81712,81723,81693,81703,81708,81708,81717,81728,81708,81722
81762,81780,81793,81798,81842,81772,81786,81797,81766,81776,81781,81781,81791,81801,81781,81795
81842,81860,81874,81878,81924,81852,81866,81877,81847,81857,81861,81861,81871,81881,81861,81875
81924,81942,81956,81960,82001,81934,81948,81959,81928,81939,81945,81945,81953,81963,81945,81958
82001,82020,82033,82037,82073,82012,82025,82036,82006,82016,82023,82023,82030,82040,82023,82035
82073,82091,82105,82111,82141,82083,82096,82108,82077,82088,82095,82095,82102,82112,82095,82107
82141,82159,82173,82179,82206,82151,82164,82176,82145,82156,82163,82163,82170,82180,82163,82175
82206,82223,82237,82243,82267,82215,82229,82240,82209,82220,82228,82228,82234,82245,82228,82239
82267,82284,82299,82302,82327,82276,82290,82301,82270,82281,82286,82286,82295,82305,82286,82300
82327,82344,82358,82361,82387,82336,82349,82360,82330,82341,82346,82346,82354,82365,82346,82359
82387,82404,82418,82422,82451,82396,82409,82421,82390,82401,82406,82406,82414,82426,82406,82420
82451,82469,82483,82486,82524,82461,82474,82485,82455,82466,82470,82470,82480,82489,82470,82485
82524,82541,82555,82559,82598,82534,82547,82558,82528,82538,82543,82543,82552,82562,82543,82557
82598,82615,82629,82634,82669,82608,82620,82632,82602,82612,82617,82617,82626,82636,82617,82631
82669,82687,82701,82708,82738,82679,82692,82704,82673,82684,82689,82689,82697,82709,82689,82703
82738,82755,82769,82775,82801,82747,82760,82772,82741,82752,82758,82758,82766,82776,82758,82770
82801,82819,82833,82840,82864,82811,82824,82836,82805,82816,82822,82822,82829,82841,82822,82835
82864,82880,82895,82901,82923,82873,82886,82897,82867,82878,82883,82883,82891,82901,82883,82896
82923,82939,82954,82960,82981,82932,82945,82956,82926,82937,82943,82943,82950,82960,82943,82955
82981,82997,83012,83018,83037,82990,83002,83014,82984,82995,83001,83001,83008,83019,83001,83012
83037,83053,83068,83074,83093,83046,83059,83070,83040,83051,83057,83057,83064,83075,83057,83069
83093,83109,83124,83130,83149,83102,83114,83126,83096,83107,83113,83113,83120,83130,83113,83124
83149,83165,83180,83186,83204,83157,83170,83182,83151,83162,83168,83168,83175,83186,83168,83181
83204,83219,83234,83239,83259,83212,83225,83236,83206,83217,83223,83223,83230,83241,83223,83234
83259,83276,83290,83293,83325,83268,83281,83292,83262,83273,83277,83277,83286,83296,83277,83291
83325,83343,83356,83361,83400,83334,83349,83360,83328,83338,83343,83343,83353,83363,83343,83357
83400,83418,83430,83433,83477,83409,83423,83432,83403,83413,83416,83416,83427,83436,83416,83431
83477,83493,83507,83515,83553,83486,83497,83510,83481,83490,83494,83494,83504,83515,83494,83509
83553,83569,83582,83592,83627,83563,83574,83585,83557,83567,83574,83574,83579,83589,83574,83583
83627,83642,83657,83668,83698,83636,83647,83660,83631,83641,83645,83645,83653,83666,83645,83658
83698,83715,83729,83740,83767,83708,83720,83733,83703,83713,83719,83719,83725,83739,83719,83730
83767,83784,83798,83809,83836,83777,83788,83802,83772,83782,83787,83787,83794,83808,83787,83800
83836,83852,83866,83876,83901,83845,83857,83869,83840,83849,83856,83856,83863,83873,83853,83856
83901,83916,83930,83934,83960,83908,83921,83932,83903,83912,83916,83916,83926,83940,83916,83930
83960,83977,83990,83993,84019,83969,83982,83992,83962,83973,83979,83979,83986,83996,83979,83991
84019,84035,84049,84052,84078,84027,84040,84051,84022,84032,84039,84039,84045,84057,84039,84050
84078,84095,84109,84113,84140,84086,84101,84112,84080,84091,84095,84095,84106,84115,84095,84111
84140,84157,84170,84177,84211,84149,84161,84173,84143,84153,84158,84158,84167,84179,84158,84172
84211,84228,84242,84247,84286,84220,84234,84244,84215,84224,84228,84228,84239,84249,84228,84243
84286,84304,84318,84324,84366,84296,84309,84321,84291,84301,84305,84305,84315,84326,84305,84320
84366,84383,84396,84403,84440,84375,84388,84399,84369,84380,84385,84385,84393,84403,84385,84398
84440,84456,84471,84478,84507,84449,84461,84473,84443,84453,84457,84457,84467,84479,84457,84472
84507,84524,84540,84546,84576,84517,84529,84543,84511,84521,84526,84526,84537,84547,84526,84542
84576,84592,84607,84611,84650,84585,84598,84610,84580,84589,84593,84593,84604,84614,84593,84609
84650,84667,84683,84687,84742,84660,84672,84686,84654,84664,84667,84667,84680,84691,84667,84685
84742,84760,84775,84779,84838,84752,84766,84778,84746,84756,84766,84766,84773,84786,84759,84766
84838,84855,84870,84878,84920,84847,84860,84874,84842,84851,84855,84855,84867,84880,84855,84873
84920,84938,84952,84957,85002,84930,84944,84956,84924,84934,84938,84938,84949,84961,84938,84955
85002,85022,85038,85042,85110,85013,85030,85041,85007,85017,85028,85028,85036,85045,85021,85028
85110,85134,85150,85156,85212,85125,85141,85154,85119,85129,85139,85139,85148,85159,85133,85139
85212,85232,85249,85253,85297,85224,85238,85252,85218,85228,85240,85240,85247,85257,85232,85240
85297,85317,85336,85340,85397,85308,85327,85339,85303,85313,85325,85325,85334,85343,85316,85325
85397,85419,85437,85442,85511,85411,85429,85441,85405,85415,85426,85426,85435,85445,85419,85426
85511,85537,85556,85561,85622,85528,85548,85560,85522,85533,85544,85544,85555,85565,85536,85544
85622,85644,85663,85668,85717,85635,85653,85667,85628,85639,85652,85652,85661,85672,85643,85652
85717,85738,85755,85760,85818,85728,85746,85759,85722,85733,85742,85742,85753,85763,85736,85742
85818,85840,85860,85866,85926,85831,85850,85865,85825,85835,85848,85848,85858,85875,85839,85848
85926,85951,85969,85976,86033,85942,85962,85975,85936,85947,85957,85957,85968,85980,85950,85957
86033,86055,86073,86079,86123,86046,86064,86078,86040,86050,86061,86061,86072,86082,86054,86061
86123,86143,86162,86168,86213,86135,86153,86166,86129,86139,86149,86149,86160,86171,86142,86149
86213,86245,86265,86272,86335,86237,86257,86271,86231,86241,86252,86252,86263,86276,86245,86252
86335,86364,86384,86391,86457,86355,86375,86390,86349,86360,86371,86371,86382,86393,86364,86371
86457,86478,86498,86507,86549,86470,86487,86502,86464,86474,86486,86486,86496,86506,86478,86486
86549,86580,86601,86607,86674,86572,86590,86606,86566,86576,86590,86590,86599,86611,86580,86590
86674,86699,86720,86729,86783,86691,86710,86726,86685,86696,86707,86707,86718,86730,86700,86707
86783,86809,86827,86838,86870,86801,86818,86834,86795,86805,86815,86815,86826,86839,86809,86815
86870,86902,86922,86929,86987,86893,86913,86928,86888,86898,86909,86909,86920,86931,86902,86909
86987,87006,87026,87034,87058,86998,87018,87033,86993,87003,87014,87014,87025,87037,87007,87014
87058,87113,87131,87140,87169,87105,87123,87137,87099,87109,87120,87120,87130,87143,87113,87120
87169,87217,87238,87245,87301,87209,87229,87244,87204,87214,87226,87226,87236,87249,87218,87226
87301,87320,87342,87350,87374,87312,87331,87346,87307,87317,87328,87328,87340,87351,87320,87328
87374,87407,87425,87433,87457,87400,87418,87432,87394,87404,87413,87413,87425,87437,87407,87413
87457,87492,87511,87520,87546,87484,87497,87501,87479,87489,87492,87492,87498,87501,87492,87499
87546,87590,87610,87616,87639,87582,87601,87615,87577,87587,87597,87597,87609,87620,87590,87597
87639,87679,87698,87707,87731,87672,87690,87706,87666,87676,87686,87686,87697,87712,87679,87686
87731,87780,87801,87807,87863,87772,87793,87806,87766,87776,87786,87788,87799,87811,87780,87788
87863,87882,87903,87911,87938,87875,87892,87907,87869,87879,87889,87889,87899,87911,87883,87889
87938,87977,87998,88005,88067,87969,87989,88004,87963,87973,87984,87986,87996,88009,87977,87986
88067,88086,88108,88117,88138,88078,88097,88112,88073,88083,88095,88095,88106,88116,88087,88095
88138,88183,88201,88208,88232,88175,88193,88207,88169,88179,88190,88190,88200,88211,88183,88190
88232,88275,88295,88303,88326,88267,88286,88302,88261,88272,88284,88284,88294,88306,88276,88284
88326,88380,88399,,88428,88372,88391,88406,88366,88377,88388,88388,88399,88412,88380,88388
88428,88466,88484,88494,88514,88459,88477,88492,88453,88463,88473,88473,88484,88495,88467,88473
88514,88560,88582,88588,88648,88552,88573,88587,88546,88556,88568,88569,88580,88589,88560,88569
88648,88680,88700,88711,88759,88672,88691,88707,88666,88676,88687,88687,88698,88716,88680,88687
88759,88780,88800,88811,88831,88773,88789,88805,88767,88777,88788,88788,88798,88810,88781,88788
88831,88864,88884,88891,88914,88857,88876,88890,88851,88861,88873,88873,88883,88894,88865,88873
88914,88955,88976,88983,89007,88948,88962,88965,88942,88952,88956,88956,88963,88965,88956,88964
89007,89046,89065,89075,89109,89038,89057,89070,89032,89042,89053,89053,89064,89074,89046,89053
89109,89135,89155,89162,89184,89127,89147,89161,89121,89131,89142,89142,89154,89165,89135,89142
89184,89230,89252,89258,89312,89223,89243,89257,89217,89227,89237,89240,89250,89260,89231,89240
89312,89331,89351,89359,89386,89324,89341,89355,89318,89328,89339,89339,89349,89360,89332,89339
89386,89424,89446,89453,89504,89417,89436,89451,89411,89421,89433,89433,89444,89455,89425,89433
89504,89529,89549,89558,89581,89521,89540,89554,89515,89526,89537,89537,89548,89558,89529,89537
89581,89619,89637,89644,89665,89611,89628,89643,89605,89616,89626,89626,89636,89648,89619,89626
89665,89702,89722,89728,89754,89694,89714,89727,89688,89699,89710,89710,89721,89731,89702,89710
89754,89798,89819,89827,89853,89790,89809,89826,89784,89794,89807,89807,89818,89830,89799,89807
89853,89888,89907,89915,89941,89880,89893,89896,89874,89884,89888,89888,89894,89896,89888,89895
89941,89969,89987,89994,90021,89961,89980,89993,89955,89965,89975,89975,89986,89996,89968,89975
90021,90052,90071,90079,90103,90044,90063,90077,90039,90049,90059,90059,90070,90081,90052,90059
90103,90136,90153,90164,90185,90128,90145,90159,90122,90132,90143,90143,90153,90164,90136,90143
90185,90216,90235,90242,90265,90208,90227,90241,90203,90213,90223,90223,90234,90245,90216,90223
90265,90302,90321,90329,90359,90294,90307,90309,90288,90298,90302,90302,90308,90309,90302,90308
90359,90405,90426,90433,90457,90397,90417,90432,90391,90401,90412,90412,90425,90435,90405,90412
90457,90495,90514,90522,90544,90487,90505,90521,90482,90491,90502,90502,90513,90528,90495,90502
90544,90583,90604,90611,90632,90575,90596,90610,90569,90579,90592,90592,90603,90613,90583,90592
90632,90678,90698,90705,90750,90670,90689,90704,90664,90674,90685,90685,90696,90707,90678,90685
90750,90769,90788,90798,90826,90761,90779,90793,90755,90765,90775,90775,90785,90798,90769,90775
90826,90854,90873,90883,90900,90846,90865,90879,90840,90850,90860,90860,90872,90883,90854,90860
90900,90944,90963,90974,90997,90937,90956,90973,90931,90941,90951,90951,90962,90977,90944,90951
90997,91054,91073,91081,91107,91046,91064,91080,91040,91050,91061,91061,91072,91083,91054,91061
91107,91159,91179,91188,91231,91151,91170,91185,91145,91155,91166,91166,91177,91190,91159,91166
91231,91250,91270,91281,91314,91243,91260,91275,91237,91247,91257,91257,91268,91280,91251,91257
91314,91332,91352,91360,91379,91324,91342,91357,91318,91329,91339,91339,91350,91360,91332,91339
91379,91419,91440,91446,91471,91412,91431,91445,91406,91416,91427,91427,91439,91449,91420,91427
91471,91533,91554,91561,91618,91526,91543,91560,91520,91530,91542,91542,91552,91565,91534,91542
91618,91645,91666,91675,91699,91638,91655,91672,91632,91642,91654,91654,91665,91676,91646,91654
91699,91737,91756,91763,91787,91729,91747,91762,91724,91734,91744,91744,91755,91766,91737,91744
91787,91821,91840,91850,91871,91814,91832,91847,91808,91818,91829,91829,91839,91851,91822,91829
91871,91924,91945,91952,91979,91916,91931,91933,91911,91921,91925,91925,91932,91933,91925,91932
91979,92031,92052,92058,92113,92023,92043,92057,92017,92027,92038,92040,92050,92060,92031,92040
92113,92131,92151,92161,92184,92124,92141,92156,92118,92128,92138,92138,92149,92161,92132,92138
92184,92216,92235,92242,92268,92208,92226,92241,92202,92213,92224,92224,92234,92245,92217,92224
92268,92309,92329,92337,92365,92301,92315,92318,92296,92306,92310,92310,92316,92318,92310,92317
92365,92420,92440,92447,92473,92412,92431,92446,92406,92416,92428,92428,92439,92453,92420,92428
92473,92516,92534,92542,92572,92508,92526,92540,92502,92513,92523,92523,92533,92545,92516,92523
92572,92605,92625,92631,92660,92597,92617,92630,92591,92601,92613,92613,92624,92634,92605,92613
92660,92699,92719,92727,92755,92691,92711,92726,92685,92695,92706,92706,92718,92730,92699,92706
92755,92793,92812,92821,92848,92785,92804,92817,92779,92789,92800,92800,92811,92821,92793,92800
92848,92880,92900,92907,92935,92872,92892,92906,92866,92877,92888,92888,92899,92909,92880,92888
92935,92987,93008,93014,93072,92979,92999,93013,92973,92983,92995,92995,93006,93017,92987,92995
93072,93101,93121,93131,93179,93093,93111,93127,93088,93098,93109,93109,93119,93132,93102,93109
93179,93200,93220,93226,93257,93192,93211,93225,93186,93197,93207,93207,93218,93230,93201,93207
93257,93309,93331,93337,93399,93302,93320,93336,93296,93306,93318,93318,93329,93340,93310,93318
93399,93426,93446,93455,93479,93418,93437,93452,93413,93423,93435,93435,93445,93458,93427,93435
93479,93526,93545,93553,93582,93518,93535,93550,93512,93522,93534,93534,93544,93554,93526,93534
93582,93628,93648,93655,93685,93620,93639,93654,93614,93625,93636,93636,93647,93658,93628,93636
93685,93744,93765,93772,93832,93736,93755,93771,93730,93740,93752,93752,93764,93775,93744,93752
93832,93852,93871,93881,93907,93844,93861,93876,93838,93848,93859,93859,93869,93881,93852,93859
93907,93944,93965,93971,94028,93936,93956,93970,93930,93941,93952,93952,93963,93974,93944,93952
94028,94055,94076,94083,94153,94047,94067,94082,94042,94052,94063,94063,94075,94085,94056,94063
94153,94181,94200,94212,94237,94173,94191,94208,94167,94178,94189,94189,94199,94213,94182,94189
94237,94282,94301,94310,94339,94274,94292,94307,94268,94279,94290,94290,94300,94311,94283,94290
94339,94380,94401,94407,94469,94372,94393,94406,94366,94377,94387,94390,94399,94410,94381,94390
94469,94497,94517,94524,94589,94489,94508,94523,94483,94493,94505,94505,94516,94527,94497,94505
94589,94611,94631,94640,94671,94603,94620,94636,94598,94608,94619,94619,94629,94641,94612,94619
94671,94715,94736,94744,94805,94707,94727,94741,94701,94711,94723,94723,94734,94745,94715,94723
94805,94832,94853,94859,94914,94824,94842,94858,94818,94829,94841,94841,94851,94862,94833,94841
94914,94941,94961,94971,94996,94934,94952,94967,94928,94938,94950,94950,94960,94972,94942,94950
94996,95030,95049,95056,95084,95022,95040,95055,95016,95026,95038,95038,95048,95059,95030,95038
95084,95120,95140,95146,95212,95112,95132,95145,95106,95116,95126,95128,95138,95148,95120,95128
95212,95232,95252,95261,95286,95224,95245,95260,95218,95228,95237,95240,95251,95264,95231,95240
95286,95330,95348,95356,95384,95321,95341,95355,95315,95325,95335,95335,95347,95358,95328,95335
95384,95439,95462,95481,95535,95431,95453,95470,95425,95435,95444,95448,95460,95470,95439,95448
95535,95554,95576,95587,95606,95546,95567,95586,95541,95551,95559,95562,95574,95591,95554,95562
95606,95653,95671,95681,95704,95644,95655,95659,95638,95648,95651,95651,95656,95659,95651,95658
95704,95762,95784,95791,95816,95754,95771,95790,95749,95759,95774,95774,95783,95794,95764,95774
95816,95867,95886,,95918,95859,95877,95895,95854,95864,95875,95875,95886,95904,95868,95875
95918,95957,95977,95985,96010,95949,95967,95984,95943,95954,95965,95965,95976,95987,95958,95965
96010,96059,96081,96094,96148,96052,96073,96093,96046,96056,96065,96069,96079,96097,96060,96069
96148,96168,96190,96202,96304,96160,96180,96195,96155,96164,96175,96175,96187,96199,96168,96175
96304,96355,96377,,96416,96348,96361,96365,96342,96352,96356,96356,96362,96365,96356,96363
96416,96440,96460,,96478,96431,96453,,96425,96435,96445,96445,96459,96474,96438,96445
96478,96519,96539,,96596,96511,96532,96555,96505,96515,96524,96527,96538,96555,96518,96527
96596,96619,96639,96650,96675,96612,96631,96647,96606,96616,96626,96626,96638,96655,96619,96626
96675,96711,96733,96741,96801,96704,96725,96740,96699,96708,96718,96720,96732,96741,96712,96720
96801,96820,96842,96855,96871,96813,96832,96849,96807,96817,96828,96828,96841,96852,96821,96828
96871,96916,96936,96943,96968,96908,96926,96942,96903,96913,96924,96924,96935,96945,96916,96924
96968,97007,97025,,97040,97000,97013,,96994,97004,97014,97014,97028,97027,97008,97014
97040,97115,97137,97145,97193,97107,97121,97125,97102,97112,97116,97116,97122,97125,97116,97124
97193,97223,97244,97250,97281,97216,97234,97247,97210,97220,97231,97231,97241,97251,97224,97231
97281,97323,97346,97353,97407,97315,97334,97352,97310,97320,97332,97332,97344,97356,97323,97332
97407,97433,97454,97462,97483,97426,97446,97461,97420,97430,97442,97442,97453,97463,97434,97442
97483,97533,97553,97562,97587,97526,97544,97558,97520,97530,97541,97541,97551,97562,97534,97541
97587,97626,97647,97657,97678,97618,97632,97635,97613,97623,97626,97626,97633,97635,97626,97634
97678,97739,97760,97774,97818,97731,97751,97767,97726,97736,97746,97749,97759,97768,97740,97749
97818,97837,97858,97869,97890,97829,97849,97863,97824,97834,97843,97845,97856,97867,97837,97845
97890,97931,97951,,97967,97924,97938,,97919,97928,97937,97940,97951,97961,97932,97940
97967,98032,98054,,98083,98024,98041,98063,98019,98029,98037,98042,98054,98065,98033,98042
98083,98127,98146,98154,98182,98119,98131,98134,98114,98123,98127,98127,98132,98134,98127,98133
98182,98225,98247,98255,98281,98218,98239,98254,98213,98222,98234,98234,98246,98256,98226,98234
98281,98332,98354,,98384,98325,98337,98342,98319,98329,98332,98332,98338,98342,98332,98340
98384,98434,98454,,98485,98426,98439,98441,98421,98430,98434,98434,98440,98441,98434,98441
98485,98536,98560,98581,98636,98528,98551,98566,98523,98533,98542,98547,98558,98566,98537,98544
98636,98654,98677,98686,98733,98646,98666,98680,98640,98650,98661,98661,98674,98683,98654,98661
98733,98752,98773,98779,98805,98744,98765,98778,98738,98749,98758,98761,98771,98779,98752,98761
98805,98857,98879,98886,98957,98850,98870,98885,98844,98854,98865,98865,98877,98887,98858,98865
98957,98974,98994,99005,99030,98967,98985,98999,98962,98971,98982,98982,98993,99004,98975,98982
99030,99074,99095,99109,99177,99066,99087,99108,99060,99071,99080,99083,99093,99112,99074,99083
99177,99194,99218,99225,99245,99187,99206,99224,99182,99191,99202,99202,99216,99229,99195,99202
99245,99296,99315,99322,99350,99288,99301,99305,99283,99292,99296,99296,99302,99305,99296,99303
99350,99410,99432,99439,99508,99402,99423,99438,99397,99407,99417,99419,99430,99440,99411,99419
99508,99526,99547,99556,99584,99519,99536,99551,99513,99523,99534,99534,99544,99556,99527,99534
99584,99624,99647,99655,99717,99617,99636,99654,99611,99621,99632,99634,99645,99656,99625,99634
99717,99745,99766,99773,99823,99737,99757,99772,99732,99742,99753,99753,99764,99774,99745,99753
99823,99852,99873,99879,99938,99845,99864,99878,99839,99849,99860,99861,99871,99882,99853,99861
99938,99957,99979,99985,100044,99949,99970,99984,99944,99953,99963,99967,99977,99987,99957,99967
100044,100065,100086,100097,100116,100057,100070,100074,100052,100062,100065,100065,100071,100074,100065,100072
100116,100159,100181,100187,100256,100151,100172,100186,100146,100156,100166,100166,100179,100189,100159,100166
100256,100275,100299,100304,100371,100268,100281,100303,100262,100272,100284,100288,100297,100307,100276,100288
100371,100389,100409,100419,100443,100381,100400,100415,100375,100385,100397,100397,100408,100419,100389,100397
100443,100490,100512,100522,100598,100482,100503,100518,100476,100486,100496,100500,100510,100522,100490,100500
100598,100617,100638,100646,100669,100609,100628,100645,100603,100614,100625,100625,100637,100648,100617,100625
100669,100724,100745,100751,100782,100717,100735,100750,100711,100721,100733,100733,100743,100754,100725,100733
100782,100830,100852,100859,100923,100822,100843,100858,100817,100827,100837,100840,100850,100861,100831,100840
100923,100952,100974,100981,101045,100944,100964,100980,100938,100948,100960,100960,100972,100984,100952,100960
101045,101063,101084,101090,101147,101056,101075,101089,101050,101060,101071,101071,101082,101093,101064,101071
101147,101168,101189,101243,101274,101160,101181,101196,101154,101165,101175,101179,101188,101198,101169,101179
101274,101299,101320,101335,101353,101292,101306,101309,101286,101296,101300,101300,101307,101309,101300,101308
101353,101409,101430,101438,101504,101401,101419,101437,101395,101405,101416,101416,101428,101442,101409,101416
101504,101526,101547,101554,101624,101518,101538,101553,101512,101523,101535,101535,101546,101555,101527,101535
101624,101643,101665,101676,101698,101636,101654,101671,101630,101640,101652,101652,101664,101675,101644,101652
101698,101751,101773,101778,101839,101744,101759,101777,101738,101748,101761,101761,101771,101781,101752,101761
101839,101861,101882,101892,101964,101853,101873,101889,101848,101858,101868,101870,101880,101893,101861,101870
101964,101988,102008,102020,102042,101980,101998,102015,101975,101985,101996,101996,102008,102019,101988,101996
102042,102096,102116,102126,102154,102088,102106,102121,102083,102092,102104,102104,102114,102125,102096,102104
102154,102203,102225,102231,102304,102195,102216,102230,102189,102199,102209,102214,102223,102233,102203,102211
102304,102330,102353,102359,102418,102323,102343,102358,102317,102327,102338,102341,102351,102360,102331,102341
102418,102448,102468,102477,102542,102440,102459,102474,102434,102445,102455,102457,102466,102478,102448,102457
102542,102567,102589,102602,102666,102559,102580,102596,102554,102564,102574,102576,102587,102605,102567,102576
102666,102693,102714,102720,102786,102685,102705,102719,102679,102689,102701,102701,102713,102723,102693,102701
102786,102808,102828,102837,102867,102800,102818,102833,102794,102804,102816,102816,102826,102838,102808,102816
102867,102922,102944,102950,103019,102914,102934,102949,102909,102919,102931,102932,102942,102953,102923,102932
103019,103047,103068,103079,103102,103039,103053,103058,103033,103044,103048,103048,103055,103058,103048,103057
103102,103166,103186,,103219,103159,103175,103193,103153,103163,103175,103175,103185,103197,103167,103175
103219,103283,103306,103314,103378,103275,103291,103310,103270,103280,103292,103294,103304,103314,103284,103294
103378,103397,103418,103429,103452,103390,103408,103423,103384,103394,103405,103405,103416,103428,103398,103405
103452,103503,103525,103531,103597,103496,103509,103530,103490,103500,103512,103512,103523,103533,103504,103512
103597,103619,103641,103647,103702,103611,103627,103646,103606,103616,103629,103629,103639,103649,103620,103629
103702,103729,103749,103760,103780,103721,103735,103737,103716,103725,103729,103729,103736,103737,103729,103737
103780,103828,103850,103856,103919,103820,103841,103855,103815,103825,103836,103836,103848,103858,103828,103836
103919,103938,103960,103965,104028,103931,103951,103964,103925,103935,103945,103949,103958,103968,103939,103949
104028,104049,104069,104078,104103,104041,104061,104074,104036,104045,104055,104058,104067,104079,104049,104058
104103,104152,104174,104183,104258,104145,104165,104182,104139,104149,104160,104160,104172,104191,104153,104160
104258,104277,104298,104313,104365,104269,104288,104305,104264,104274,104285,104285,104297,104311,104278,104285
104365,104391,104410,104418,104472,104383,104401,104417,104378,104388,104398,104398,104409,104427,104392,104398
104472,104498,104519,104527,104595,104490,104510,104526,104484,104495,104506,104506,104518,104529,104498,104506
104595,104613,104635,104644,104667,104606,104625,104640,104600,104610,104621,104623,104633,104644,104614,104623
104667,104715,104736,104741,104806,104707,104727,104740,104702,104712,104723,104723,104734,104743,104715,104723
104806,104832,104854,104864,104934,104825,104839,104861,104819,104829,104841,104843,104853,104866,104833,104843
104934,104954,104974,104985,105009,104946,104961,104980,104940,104951,104963,104963,104973,104986,104955,104963
105009,105052,105073,105079,105145,105044,105064,105078,105039,105049,105060,105062,105071,105080,105053,105062
105145,105164,105186,105192,105251,105156,105176,105191,105151,105161,105172,105174,105184,105195,105165,105174
105251,105282,105302,105311,105341,105274,105289,105307,105269,105279,105291,105291,105301,105311,105283,105291
105341,105394,105417,105425,105481,105387,105400,105422,105381,105391,105403,105407,105415,105425,105395,105407
105481,105507,105529,105538,105589,105500,105520,105535,105494,105504,105515,105518,105527,105542,105509,105518
105589,105617,105636,105646,105676,105609,105627,105642,105604,105614,105625,105625,105635,105646,105617,105625
105676,105727,105749,105756,105821,105719,105740,105755,105714,105724,105734,105738,105747,105759,105728,105738
105821,105840,105863,105872,105897,105833,105849,105868,105827,105837,105850,105850,105861,105872,105841,105850
105897,105945,105964,105971,106001,105937,105955,105970,105931,105941,105952,105952,105963,105974,105945,105952
106001,106052,106073,106080,106147,106044,106064,106079,106038,106048,106061,106061,106071,106088,106052,106061
106147,106168,106189,106198,106224,106160,106176,106194,106155,106165,106177,106177,106187,106198,106169,106177
106224,106270,106292,106300,106366,106263,106282,106297,106257,106267,106279,106280,106290,106301,106271,106280
106366,106388,106410,106417,106481,106381,106400,106415,106375,106385,106397,106398,106408,106420,106389,106398
106481,106506,106527,106536,106564,106499,106514,106532,106493,106503,106518,106518,106526,106537,106507,106518
106564,106614,106636,106644,106702,106606,106621,106641,106600,106610,106623,106623,106634,106645,106614,106623
106702,106728,106749,106758,106806,106720,106737,106755,106715,106725,106737,106737,106748,106759,106729,106737
106806,106838,106857,106866,106894,106830,106846,106863,106825,106835,106846,106846,106856,106868,106839,106846
106894,106945,106967,106976,107049,106938,106957,106973,106932,106942,106954,106955,106965,106977,106946,106955
107049,107067,107088,107098,107120,107059,107078,107094,107054,107064,107075,107076,107087,107098,107068,107076
107120,107167,107188,107194,107269,107159,107178,107193,107154,107164,107176,107176,107186,107197,107168,107176
107269,107289,107311,107319,107377,107282,107298,107317,107276,107286,107299,107299,107309,107320,107290,107299
107377,107405,107426,107437,107459,107398,107414,107432,107392,107402,107415,107415,107425,107437,107406,107415
107459,107508,107528,107537,107602,107500,107518,107534,107494,107504,107515,107515,107526,107538,107508,107515
107602,107630,107651,107659,107727,107622,107638,107657,107617,107626,107639,107639,107649,107660,107630,107639
107727,107747,107769,107779,107799,107740,107755,107774,107734,107744,107757,107757,107767,107779,107748,107757
107799,107850,107872,107879,107943,107842,107858,107876,107837,107847,107859,107860,107870,107880,107851,107860
107943,107964,107986,107994,108063,107957,107977,107992,107951,107961,107971,107975,107984,107996,107965,107975
108063,108087,108108,108118,108170,108079,108099,108114,108074,108083,108094,108096,108107,108118,108087,108096
108170,108191,108212,108232,108289,108183,108204,108216,108177,108187,108198,108200,108210,108218,108191,108200
108289,108313,108335,108322,108351,108306,108318,108322,108300,108310,108314,108314,108319,108325,108314,108322
108351,108402,108422,,108440,108395,108407,,108390,108399,108407,108412,108422,108421,108402,108409
108440,108477,108492,108494,108519,108463,108477,108483,108457,108468,108473,108473,108478,108483,108473,108480
108519,108536,108560,108576,108618,108529,108550,108564,108523,108533,108543,108545,108558,108568,108537,108545
108618,108641,108661,108671,108731,108633,108654,108670,108627,108637,108646,108649,108660,108675,108640,108649
108731,108757,108779,108797,108850,108750,108769,108787,108744,108754,108766,108766,108778,108793,108758,108766
108850,108881,108902,108910,108932,108874,108889,108909,108869,108879,108891,108891,108902,108913,108883,108891
108932,108980,109002,109008,109078,108973,108991,109007,108967,108977,108989,108989,109000,109011,108981,108989
109078,109099,109122,109132,109195,109092,109105,109129,109086,109096,109107,109111,109120,109131,109100,109111
109195,109223,109245,109256,109301,109216,109231,109251,109210,109220,109232,109232,109244,109256,109224,109232
109301,109334,109353,109367,109387,109327,109343,109360,109321,109331,109343,109343,109353,109365,109335,109343
109387,109438,109460,109471,109537,109430,109451,109466,109425,109435,109445,109448,109458,109469,109439,109448
109537,109564,109585,109597,109668,109556,109570,109593,109551,109561,109571,109575,109584,109596,109565,109575
109668,109689,109710,109723,109744,109682,109698,109717,109676,109686,109698,109698,109709,109723,109690,109698
109744,109800,109822,109835,109891,109792,109811,109827,109786,109796,109810,109810,109820,109829,109799,109810
109891,109918,109940,109949,110018,109911,109931,109946,109905,109915,109926,109928,109939,109949,109919,109928
110018,110036,110057,110068,110087,110028,110046,110062,110023,110033,110044,110045,110056,110067,110037,110045
110087,110137,110159,110168,110228,110130,110149,110164,110124,110134,110146,110146,110157,110172,110138,110146
110228,110252,110275,110281,110340,110245,110266,110280,110239,110249,110259,110264,110273,110283,110253,110261
110340,110358,110379,110392,110411,110351,110370,110384,110345,110355,110365,110368,110377,110392,110359,110368
110411,110450,110472,110490,110534,110443,110464,110479,110437,110447,110456,110460,110470,110479,110451,110460
110534,110558,110580,110601,110664,110551,110573,110596,110545,110555,110564,110569,110578,110601,110559,110566
110664,110682,110703,110711,110730,110674,110687,110692,110669,110679,110682,110682,110688,110692,110682,110690
110730,110781,110802,110821,110873,110774,110795,110807,110768,110778,110787,110791,110800,110808,110782,110791
110873,110892,110913,110919,110990,110884,110905,110918,110879,110889,110899,110902,110912,110920,110892,110902
110990,111007,111028,111043,111134,111000,111019,111035,110994,111004,111013,111016,111026,111041,111008,111016
111134,111213,111237,111252,111293,111206,111218,111224,111201,111211,111214,111214,111219,111224,111214,111222
111293,111312,111334,111348,111369,111305,111325,111339,111300,111309,111317,111322,111332,111348,111313,111319
111369,111403,111423,111442,111501,111395,111416,111437,111390,111400,111409,111412,111422,111442,111403,111412
111501,111531,111554,111572,111630,111524,111546,111571,111518,111528,111537,111542,111552,111576,111532,111539
111630,111645,111668,111682,111699,111639,111661,111674,111634,111643,111651,111657,111667,111674,111646,111654
111699,111755,111778,111796,111849,111748,111770,111785,111743,111752,111761,111767,111776,111785,111756,111764
111849,111870,111893,111939,111964,111863,111884,111899,111857,111867,111875,111880,111891,111899,111870,111877
111964,111981,112001,112014,112036,111974,111993,112008,111969,111978,111986,111990,112000,112013,111981,111990
112036,112075,112096,112105,112127,112068,112080,112084,112062,112072,112076,112076,112081,112084,112076,112083
112127,112184,112209,112282,112336,112177,112199,112218,112172,112182,112191,112195,112206,112223,112185,112195
112336,112378,112402,112422,112476,112371,112393,112410,112366,112376,112385,112389,112400,112410,112379,112389
112476,112505,112528,112549,112598,112498,112519,112537,112492,112502,112511,112516,112526,112545,112506,112513
112598,112616,112639,112646,112671,112609,112628,112644,112604,112614,112624,112624,112637,112647,112617,112624
112671,112724,112747,112764,112816,112717,112738,112752,112711,112722,112732,112735,112745,112755,112726,112735
112816,112841,112864,112880,112936,112834,112855,112873,112828,112838,112849,112849,112862,112879,112842,112849
112936,112956,112976,112989,113013,112948,112963,112981,112942,112953,112964,112964,112975,112986,112957,112964
113013,113057,113080,113092,113159,113050,113071,113086,113045,113054,113064,113068,113078,113092,113058,113068
113159,113184,113206,113218,113277,113177,113195,113212,113172,113182,113193,113194,113205,113216,113186,113194
113277,113298,113318,113329,113353,113290,113307,113323,113285,113295,113306,113306,113317,113328,113298,113306
113353,113397,113420,113429,113499,113390,113411,113425,113385,113394,113404,113408,113419,113428,113398,113408
113499,113523,113547,113562,113610,113516,113530,113552,113511,113521,113532,113535,113545,113556,113525,113535
113610,113637,113658,113672,113726,113630,113645,113664,113625,113635,113647,113647,113657,113673,113639,113647
113726,113753,113775,113783,113804,113746,113759,113764,113741,113750,113754,113754,113760,113764,113754,113762
113804,113827,113874,113885,113970,113878,113892,113895,113872,113882,,,113872,,113886,
113970,114010,114031,114041,114088,114003,114017,114037,113997,114007,114020,114020,114029,114041,114012,114020
114088,114134,114157,114170,114246,114127,114140,114162,114121,114131,114142,114146,114155,114166,114135,114146
114246,114265,114289,114301,114370,114258,114272,114294,114252,114262,114275,114275,114287,114298,114267,114275
114370,114389,114411,114423,114442,114382,114396,114416,114377,114387,114399,114399,114409,114422,114391,114399
114442,114496,114517,114529,114594,114489,114503,114523,114483,114493,114505,114505,114515,114528,114497,114505
114594,114618,114642,114653,114720,114611,114625,114648,114606,114616,114627,114630,114640,114653,114620,114630
114720,114749,114771,114784,114839,114742,114761,114778,114736,114746,114757,114759,114770,114786,114750,114759
114839,114867,114888,114900,114950,114859,114877,114893,114854,114864,114875,114875,114886,114897,114868,114875
114950,114982,115004,115014,115085,114975,114993,115013,114969,114979,114991,114991,115003,115020,114983,114991
115085,115102,115126,115133,115153,115095,115107,115112,115089,115099,115103,115103,115108,115112,115103,115110
115153,115197,115218,115226,115250,115190,115209,115225,115185,115194,115204,115204,115218,115231,115198,115204
115250,115287,115310,115368,115441,115281,115302,115325,115276,115285,115293,115298,115308,115329,115289,115298
115441,115511,115534,115552,115613,115504,115526,115541,115499,115508,115516,115521,115533,115541,115511,115518
115613,115626,115652,115660,115710,115621,115630,115660,115616,115625,115633,115639,115649,115663,115629,115636
115710,115725,115748,,115756,115718,115730,,115713,115722,115726,115726,115731,115734,115726,115733
115756,115820,115845,115902,115973,115815,115836,115860,115810,115819,115826,115832,115843,115864,115822,115829
115973,116046,116072,116145,116282,116139,116161,116181,116135,116144,,,116135,,116148,
116282,116310,116337,116322,116364,116304,116317,116322,116282,116291,116300,116309,116318,116324,116297,116305
116364,116390,116410,,116424,116382,116392,,116367,116372,116377,116386,116393,116397,116375,116382
116424,116463,116485,116544,116617,116454,116477,116491,116449,116459,116466,116472,116482,116491,116462,116469
116617,116690,116710,,116721,116684,116683,116683,116679,116688,116696,116701,116711,116710,116692,116701
116721,116781,116800,,116812,116775,116779,,116770,116780,116790,116790,116802,116801,116784,116790
116812,116885,116909,116918,116966,116879,116891,116897,116874,116883,116887,116887,116892,116897,116887,116894
116966,116984,117003,117014,117034,116977,116996,117013,116972,116981,116989,116992,117001,117017,116984,116992
117034,117068,117089,,117104,117062,117078,117098,117057,117066,117075,117080,117090,117098,117070,117077
117104,117165,117188,117204,117282,117248,,,117154,117163,117172,117176,117186,117194,117167,117176
117282,117337,117356,,117373,117328,117340,,117322,117333,117341,117341,117357,117365,117336,117341
117373,117421,117440,,117454,117413,117424,,117408,117418,117425,117429,117440,117446,117421,117429
117454,117515,117538,117591,117641,117509,117529,117544,117504,117512,117519,117525,117536,117545,117515,117522
117641,117706,117716,,117738,117672,117691,117700,117696,117706,117714,117720,117732,117731,117710,117717
117738,117800,117819,,117835,117794,117800,,117788,117798,117805,117809,117819,117824,117801,117809
117835,117888,117911,,117925,117882,117892,,117877,117886,117895,117900,117911,117920,117890,117897
117925,117985,118005,,118016,117979,117983,,117974,117983,117993,117994,118009,118008,117987,117994
118016,118078,118097,,118119,118071,118081,118110,118066,118075,118083,118086,118097,118112,118078,118086
118119,118157,118178,,118192,118150,118165,,118145,118155,118164,118168,118180,118188,118159,118168
118192,118251,118276,118312,118367,118245,118268,118283,118241,118249,118257,118263,118274,118283,118253,118260
118367,118421,118440,,118453,118414,118421,,118408,118419,118426,118431,118441,118440,118422,118431
118453,118501,118522,,118534,118493,118504,,118488,118498,118508,118508,118523,118522,118502,118508
118534,118580,118602,118659,118725,118571,118593,118609,118566,118575,118582,118587,118600,118609,118578,118584
118725,118786,118807,,118820,118780,118785,,118774,118784,118792,118792,118809,118817,118787,118792
118820,118879,118906,118978,119096,119057,,,118868,118877,118886,118889,118903,118922,118881,118889
119096,119147,119171,119185,119247,119141,119162,119176,119136,119146,119156,119156,119169,119176,119149,119156
119247,119272,119297,119350,119399,119267,119288,119304,119262,119271,119278,119284,119294,119304,119274,119281
119399,119460,119483,119508,119545,119454,119476,119488,119448,119459,119467,119472,119482,119488,119463,119469
119545,119568,119593,119607,119662,119562,119584,119599,119557,119566,119574,119579,119592,119599,119570,119576
119662,119675,119696,119771,119801,119669,119689,119702,119664,119673,119680,119685,119694,119702,119676,119682
119801,119878,119906,119952,119999,119967,,,119869,119878,119888,119888,119904,119919,119882,119888
119999,120055,120079,120097,120146,120048,120069,120086,120043,120052,120059,120064,120078,120086,120055,120061
120146,120175,120197,,120209,120169,120185,,120164,120174,120183,120186,120200,120199,120177,120186
120209,120284,120306,120313,120359,120277,120286,120290,120271,120281,120284,120284,120287,120290,120284,120289
120359,120374,120405,120475,120530,120468,120469,120513,120397,120400,,,120397,,120401,
120530,120576,120597,120610,120696,120569,120589,120609,120564,120574,120580,120584,120595,120613,120577,120584
120696,120773,120795,,120830,120767,120782,120808,120762,120771,120781,120781,120794,120814,120775,120781
120830,120879,120903,120948,120998,120964,,,120868,120877,120885,120888,120901,120919,120880,120888
120998,121049,121069,,121080,121043,121050,,121038,121047,121054,121059,121069,121068,121050,121059
121080,121135,121158,121183,121223,121127,121149,121168,121122,121131,121137,121144,121157,121173,121134,121141
121223,121259,121280,121325,121384,121253,121272,121281,121248,121257,121266,121266,121279,121281,121261,121266
121384,121460,121486,121471,121543,121396,121468,121471,121452,121461,121464,121464,121469,121474,121464,121472
121543,121558,121581,121650,121730,121644,121664,121590,121547,121556,121562,121565,121578,121590,121558,121565
121730,121752,121777,121823,121878,121846,,,121776,121801,,,121776,,121805,
121878,121957,121980,121994,122047,122023,,,121948,121956,121960,121960,121963,121969,121960,121966
122047,122060,122083,122140,122182,122054,122074,122090,122049,122058,122064,122069,122081,122092,122061,122069
122182,122256,122285,122298,122362,122298,122298,122301,122185,122197,122205,122259,122283,122301,122201,122255
122362,122376,122401,122410,122457,122410,122422,122418,122365,122375,122384,122384,122399,122418,122379,122384
122457,122474,122499,122540,122596,122511,122546,122564,122498,122515,,,122498,,122519,
122596,122664,122791,122836,122945,122899,,,122653,122662,122669,122767,122790,122807,122666,122763
122945,122958,122985,122994,123041,122994,123006,122999,122947,122956,122962,122968,122983,122999,122959,122965
123041,123067,123089,123126,123158,123061,123082,123098,123056,123065,123072,123077,123088,123102,123069,123077
123158,123174,123197,123238,123264,123167,123188,123208,123161,123171,123178,123183,123195,123214,123174,123183
123264,123291,123314,123350,123379,123285,123305,123322,123280,123290,123300,123300,123312,123329,123293,123300
123379,123396,123417,123458,123485,123388,123408,123427,123383,123393,123402,123402,123415,123432,123397,123402
123485,123508,123530,123538,123592,123501,123522,123537,123496,123506,123513,123518,123529,123539,123509,123518
123592,123606,123626,123635,123678,123599,123619,123634,123593,123603,123609,123615,123625,123638,123606,123612
123678,123720,123745,123754,123814,123714,123736,123753,123709,123718,123726,123732,123743,123761,123722,123729
123814,123853,123872,123881,123908,123846,123863,123876,123841,123850,123858,123858,123870,123880,123853,123858
123908,123968,123990,124002,124028,124002,,,123958,123966,123970,123970,123974,123978,123970,123976
124028,124091,124114,124127,124175,124085,124105,124126,124080,124089,124098,124101,124112,124131,124093,124101
124175,124206,124231,124276,124308,124240,124252,124245,124195,124204,124212,124217,124229,124245,124208,124214
124308,124337,124361,124414,124445,124331,124353,124369,124327,124335,124344,124349,124359,124378,124339,124346
124445,124466,124490,124538,124565,124459,124481,124500,124454,124464,124471,124476,124488,124505,124467,124473
124565,124602,124627,124649,124715,124596,124617,124634,124591,124600,124607,124612,124625,124640,124603,124612
124715,124729,124751,124758,124815,124723,124742,124757,124718,124727,124733,124737,124749,124762,124730,124737
124815,124849,124872,124921,124960,124842,124864,124880,124837,124847,124854,124859,124870,124887,124850,124859
124960,124993,125014,,125042,124986,124997,125003,124981,124990,124994,124994,124998,125003,124994,125001
125042,125061,125079,,125093,125053,125062,,125048,125057,125059,125059,125063,125065,125059,125064
125093,125134,125157,125176,125224,125128,125149,125163,125123,125133,125141,125145,125155,125169,125136,125145
125224,125251,125275,125318,125359,125245,125266,125285,125240,125249,125257,125262,125274,125293,125252,125259
125359,125386,125409,125434,125503,125379,125401,125419,125374,125383,125392,125397,125408,125425,125387,125394
125503,125520,125542,125582,125614,125513,125534,125550,125508,125517,125526,125530,125541,125557,125521,125530
125614,125644,125667,,125695,125638,125649,125656,125632,125642,125646,125646,125650,125656,125646,125653
125695,125718,125727,125729,125752,125702,125722,125728,125696,125707,125714,125719,125725,125731,125710,125716
125752,125783,125807,125854,125887,125777,125799,125815,125772,125781,125789,125795,125805,125821,125785,125792
125887,125903,125926,125946,125993,125897,125918,125934,125892,125901,125909,125914,125924,125941,125905,125914
125993,126023,126047,126057,126114,126016,126038,126056,126011,126020,126028,126032,126046,126063,126024,126032
126114,126130,126176,126194,126232,126184,126189,126211,126175,126190,,,126175,,126198,
126232,126254,126280,126265,126287,126238,126259,126264,126232,126240,126246,126254,126261,126270,126244,126250
126287,126346,126368,,126401,126339,126350,126358,126334,126342,126346,126346,126351,126358,126346,126355
126401,126430,126455,126468,126539,126421,126445,126467,126416,126425,126432,126439,126454,126471,126429,126435
126539,126556,126580,126596,126620,126549,126573,126584,126542,126553,126561,126567,126578,126584,126557,126564
126620,126661,126681,126684,126719,126649,126660,126669,126643,126653,126657,126657,126661,126669,126657,126664
126719,126765,126794,126781,126834,126746,126774,126781,126740,126750,126758,126765,126776,126784,126754,126761
126834,126862,126875,126895,126921,126844,126869,126880,126839,126847,126855,126862,126873,126880,126851,126858
126921,126947,126958,126964,126998,126930,126954,126964,126923,126933,126941,126947,126956,126969,126937,126944
126998,127018,127034,127036,127077,127008,127030,127036,127002,127012,127020,127025,127032,127039,127015,127022
127077,127097,127116,127121,127163,127087,127111,127121,127081,127091,127099,127105,127115,127124,127094,127102
127163,127182,127221,127189,127254,127173,127185,127189,127167,127178,127182,127182,127186,127192,127182,127189
127254,127273,127292,127297,127333,127264,127282,127296,127258,127268,127278,127278,127290,127301,127271,127278
127333,127351,127370,127373,127406,127343,127356,127372,127336,127347,127360,127361,127367,127376,127351,127361
127406,127424,127439,127443,127480,127416,127429,127442,127410,127420,127424,127424,127436,127448,127424,127442
127480,127499,127517,127521,127559,127489,127511,127520,127483,127493,127501,127505,127515,127523,127496,127505
127559,127582,127595,127599,127663,127569,127589,127598,127563,127573,127581,127584,127593,127600,127577,127584
127663,127681,127719,127725,127763,127672,127713,127724,127666,127676,127684,127708,127717,127730,127679,127705
127763,127783,127793,127809,127865,127776,127787,127798,127771,127781,127785,127785,127791,127798,127785,127794
127865,127883,127901,127904,127963,127876,127886,127904,127871,127880,127888,127893,127899,127906,127883,127890
127963,127982,127997,128002,128062,127973,127984,127989,127967,127977,127985,127990,127995,128003,127980,127987
128062,128081,128096,128099,128161,128071,128091,128099,128066,128075,128083,128086,128094,128103,128078,128086
128161,128180,128197,128199,128259,128171,128192,128199,128165,128175,128183,128188,128195,128203,128179,128185
128259,128277,128291,128295,128352,128268,128284,128295,128262,128272,128282,128282,128289,128301,128276,128282
128352,128373,128388,128391,128449,128363,128383,128391,128357,128366,128375,128378,128386,128394,128370,128378
128449,128469,128484,128509,128548,128459,128499,128508,128453,128463,128471,128475,128504,128510,128466,128475
128548,128569,128585,128587,128650,128558,128580,128587,128553,128562,128572,128573,128583,128591,128566,128573
128650,128669,128686,128689,128748,128661,128681,128689,128655,128664,128673,128676,128684,128693,128668,128676
128748,128770,128785,128790,128852,128760,128779,128789,128755,128764,128772,128775,128783,128796,128767,128775
128852,128872,128888,128890,128948,128862,128883,128890,128857,128866,128876,128879,128885,128894,128870,128879
128948,128967,128982,128985,129041,128958,128976,128985,128952,128962,128972,128972,128980,128988,128966,128972
129041,129059,129074,129077,129129,129050,129065,129076,129045,129054,129064,129064,129071,129081,129058,129064
129129,129148,129164,129167,129219,129139,129159,129167,129133,129143,129153,129153,129162,129170,129146,129153
129219,129239,129254,129279,129317,129229,129266,129278,129223,129233,129242,129261,129271,129280,129236,129256
129317,129336,129353,129376,129409,129328,129364,129375,129322,129332,129351,129360,129369,129378,129335,129356
129409,129428,129442,129445,129496,129419,129434,129445,129414,129423,129427,129427,129440,129449,129427,129444
129496,129515,129531,129534,129588,129506,129526,129534,129501,129510,129520,129521,129529,129538,129514,129521
129588,129609,129624,129627,129679,129599,129619,129627,129593,129603,129611,129613,129621,129631,129606,129613
129679,129698,129714,129718,129766,129689,129709,129718,129683,129693,129702,129704,129712,129723,129696,129704
129766,129784,129799,129802,129849,129776,129791,129802,129770,129780,129791,129791,129796,129806,129784,129791
129849,129869,129884,129887,129937,129860,129878,129887,129854,129864,129875,129875,129882,129891,129868,129875
129937,129958,129973,129975,130036,129949,129968,129975,129943,129953,129963,129963,129971,129979,129956,129963
130036,130055,130070,130073,130120,130046,130064,130073,130040,130050,130060,130060,130068,130076,130054,130060
130120,130139,130153,130157,130201,130130,130145,130156,130125,130134,130144,130144,130151,130161,130138,130144
130201,130219,130234,130238,130283,130210,130227,130238,130204,130214,130225,130225,130232,130243,130217,130225
130283,130302,130314,130316,130360,130292,130308,130316,130286,130296,130304,130304,130311,130319,130299,130304
130360,130377,130392,130394,130432,130369,130383,130394,130363,130373,130377,130377,130389,130398,130377,130394
130432,130450,130484,130466,130503,130441,130458,130466,130435,130445,130455,130455,130462,130471,130448,130455
130503,130522,130536,130538,130582,130512,130530,130538,130506,130516,130524,130524,130533,130542,130519,130524
130582,130601,130615,130617,130666,130591,130609,130617,130586,130595,130603,130603,130612,130621,130598,130603
130666,130685,130696,130698,130749,130676,130691,130698,130671,130679,130687,130687,130694,130701,130682,130687
130749,130769,130781,130783,130836,130759,130776,130783,130753,130762,130770,130770,130779,130787,130765,130770
130836,130857,130871,130873,130922,130845,130866,130873,130839,130849,130860,130860,130868,130878,130853,130860
130922,130940,130953,130956,131003,130932,130946,130956,130926,130935,130939,130939,130951,130962,130939,130955
131003,131021,131035,131038,131083,131013,131026,131037,131007,131017,131021,131021,131032,131041,131021,131036
131083,131101,131115,131118,131163,131092,131108,131118,131086,131096,131107,131107,131113,131122,131100,131107
131163,131181,131195,131199,131242,131173,131187,131198,131167,131177,131180,131180,131193,131202,131180,131197
131242,131259,131274,131279,131317,131251,131265,131276,131246,131256,131260,131260,131271,131281,131260,131276
131317,131333,131348,131353,131390,131326,131338,131350,131320,131330,131335,131335,131344,131355,131335,131350
131390,131407,131423,131425,131466,131399,131412,131424,131393,131403,131414,131414,131420,131429,131407,131414
131466,131484,131498,131502,131548,131475,131490,131501,131470,131480,131483,131483,131495,131506,131483,131501
131548,131567,131581,131584,131632,131558,131573,131583,131552,131562,131572,131572,131578,131587,131566,131572
131632,131649,131663,131667,131711,131641,131654,131665,131635,131645,131650,131650,131660,131670,131650,131665
131711,131729,131744,131747,131792,131721,131735,131747,131715,131725,131737,131737,131742,131750,131729,131737
131792,131810,131823,131827,131872,131802,131815,131826,131796,131806,131810,131810,131820,131832,131810,131825
131872,131890,131904,131907,131951,131882,131895,131906,131876,131886,131890,131890,131901,131911,131890,131906
131951,131968,131982,131987,132027,131961,131973,131984,131955,131965,131969,131969,131979,131989,131969,131984
132027,132044,132057,132061,132104,132036,132049,132060,132031,132041,132045,132045,132054,132065,132045,132060
132104,132121,132135,132139,132184,132113,132128,132139,132107,132117,132121,132121,132132,132143,132121,132138
132184,132202,132215,132219,132267,132194,132207,132218,132189,132198,132202,132202,132212,132222,132202,132217
132267,132284,132298,132303,132346,132276,132288,132300,132271,132281,132285,132285,132294,132304,132285,132300
132346,132363,132376,132381,132424,132355,132367,132379,132350,132359,132364,132364,132373,132384,132364,132378
132424,132442,132457,132460,132507,132434,132448,132459,132428,132438,132449,132449,132455,132464,132442,132449
132507,132526,132540,132543,132596,132517,132532,132543,132511,132521,132525,132525,132537,132547,132525,132541
132596,132614,132629,132632,132680,132606,132620,132631,132600,132611,132614,132614,132627,132636,132614,132631
132680,132697,132711,132717,132756,132690,132702,132713,132684,132694,132699,132699,132708,132718,132699,132713
132756,132774,132788,132792,132834,132767,132779,132791,132761,132771,132776,132776,132785,132796,132776,132790
132834,132852,132865,132869,132911,132844,132857,132868,132838,132848,132852,132852,132863,132872,132852,132867
132911,132928,132941,132944,132988,132920,132933,132943,132914,132924,132928,132928,132938,132949,132928,132942
132988,133005,133018,133023,133063,132997,133011,133021,132991,133001,133005,133005,133015,133025,133005,133020
133063,133080,133095,133098,133140,133072,133086,133098,133066,133076,133080,133080,133091,133102,133080,133097
133140,133159,133171,133174,133219,133149,133166,133174,133143,133153,133161,133161,133169,133178,133156,133161
133219,133239,133251,133254,133305,133229,133245,133253,133223,133233,133237,133237,133248,133257,133237,133252
133305,133324,133336,133339,133388,133315,133329,133339,133309,133319,133323,133323,133333,133344,133323,133338
133388,133405,133419,133424,133466,133397,133410,133421,133391,133402,133406,133406,133416,133426,133406,133421
133466,133483,133497,133500,133540,133475,133488,133499,133469,133479,133484,133484,133493,133504,133484,133500
133540,133558,133571,133575,133617,133550,133564,133574,133544,133554,133558,133558,133569,133579,133558,133573
133617,133636,133650,133653,133694,133627,133642,133652,133621,133631,133635,133635,133647,133656,133635,133651
133694,133712,133726,133729,133770,133704,133718,133728,133698,133709,133713,133713,133723,133733,133713,133728
133770,133788,133802,133806,133846,133781,133794,133805,133775,133785,133789,133789,133800,133810,133789,133805
133846,133863,133878,133881,133919,133856,133868,133880,133850,133860,133864,133864,133875,133885,133864,133880
133919,133937,133950,133953,133992,133929,133945,133953,133923,133933,133936,133936,133948,133957,133936,133952
133992,134011,134024,134027,134067,134002,134017,134026,133996,134007,134013,134013,134021,134031,134013,134026
134067,134086,134116,134101,134144,134077,134092,134101,134071,134081,134085,134085,134096,134105,134085,134101
134144,134162,134176,134180,134223,134154,134167,134179,134149,134159,134163,134163,134173,134185,134163,134178
134223,134240,134254,134261,134299,134232,134245,134257,134227,134237,134241,134241,134251,134261,134241,134256
134299,134316,134329,134336,134370,134308,134321,134332,134302,134313,134320,134320,134326,134337,134320,134331
134370,134387,134402,134408,134440,134380,134393,134404,134374,134384,134388,134388,134399,134408,134388,134404
134440,134457,134471,134476,134508,134449,134462,134473,134444,134454,134458,134458,134467,134478,134458,134473
134508,134526,134541,134544,134579,134518,134532,134543,134513,134522,134526,134526,134538,134548,134526,134542
134579,134597,134611,134615,134654,134588,134603,134614,134583,134592,134596,134596,134608,134620,134596,134613
134654,134672,134685,134689,134735,134663,134677,134688,134657,134667,134671,134671,134682,134693,134671,134688
134735,134752,134767,134770,134818,134744,134757,134769,134739,134748,134759,134759,134764,134773,134752,134759
134818,134836,134849,134854,134899,134828,134840,134851,134822,134832,134837,134837,134846,134856,134837,134851
134899,134916,134930,134937,134977,134909,134921,134933,134903,134913,134917,134917,134927,134938,134917,134933
134977,134994,135008,135014,135051,134986,134999,135010,134980,134991,134995,134995,135004,135015,134995,135009
135051,135068,135081,135088,135121,135060,135073,135083,135054,135065,135072,135072,135078,135088,135072,135083
135121,135139,135152,135158,135190,135131,135144,135154,135125,135136,135141,135141,135149,135159,135141,135154
135190,135206,135221,135226,135256,135199,135211,135222,135193,135203,135208,135208,135217,135227,135208,135222
135256,135272,135286,135290,135322,135265,135277,135288,135259,135269,135273,135273,135283,135293,135273,135287
135322,135339,135353,135356,135395,135331,135346,135355,135325,135335,135339,135339,135350,135359,135339,135354
135395,135412,135426,135429,135481,135404,135418,135428,135398,135408,135411,135411,135423,135435,135411,135427
135481,135500,135514,135518,135570,135492,135506,135517,135486,135496,135500,135500,135512,135522,135500,135517
135570,135588,135602,135605,135654,135580,135593,135604,135574,135584,135588,135588,135599,135609,135588,135604
135654,135672,135686,135690,135736,135665,135677,135689,135659,135669,135673,135673,135683,135694,135673,135689
135736,135754,135768,135774,135813,135746,135759,135771,135740,135751,135755,135755,135765,135775,135755,135770
135813,135831,135845,135852,135885,135823,135836,135848,135818,135828,135833,135833,135842,135853,135833,135847
135885,135903,135917,135920,135955,135895,135908,135919,135889,135900,135904,135904,135914,135924,135904,135919
135955,135972,135985,135989,136025,135965,135977,135988,135959,135969,135974,135974,135982,135993,135974,135987
136025,136042,136056,136059,136098,136034,136048,136058,136029,136039,136043,136043,136053,136062,136043,136058
136098,136117,136130,136133,136179,136109,136121,136132,136103,136113,136118,136118,136127,136136,136118,136131
136179,136197,136210,136216,136256,136189,136202,136213,136183,136194,136198,136198,136208,136217,136198,136212
136256,136273,136286,136291,136337,136265,136278,136290,136260,136270,136274,136274,136283,136294,136274,136289
136337,136355,136369,136373,136420,136347,136360,136372,136341,136351,136356,136356,136365,136378,136356,136373
136420,136439,136453,136457,136507,136431,136445,136456,136425,136435,136439,136439,136450,136460,136439,136455
136507,136526,136539,136543,136592,136518,136531,136542,136512,136522,136526,136526,136537,136547,136526,136542
136592,136610,136624,136631,136674,136603,136616,136627,136597,136607,136612,136612,136622,136632,136612,136626
136674,136691,136705,136712,136749,136684,136696,136708,136678,136688,136693,136693,136702,136713,136693,136708
136749,136766,136780,136786,136820,136758,136771,136783,136753,136763,136769,136769,136777,136787,136769,136782
136820,136838,136851,136855,136893,136830,136843,136854,136824,136834,136839,136839,136848,136859,136839,136853
136893,136911,136925,136929,136972,136903,136917,136928,136897,136907,136910,136910,136923,136933,136910,136927
136972,136991,137004,137008,137060,136983,136996,137007,136977,136987,136991,136991,137001,137012,136991,137006
137060,137079,137093,137096,137142,137070,137084,137095,137064,137075,137079,137079,137090,137100,137079,137095
137142,137159,137173,137179,137217,137152,137164,137176,137146,137156,137161,137161,137170,137181,137161,137175
137217,137234,137248,137254,137286,137226,137239,137250,137220,137231,137237,137237,137245,137255,137237,137250
137286,137303,137316,137319,137351,137295,137308,137318,137289,137300,137304,137304,137313,137323,137304,137318
137351,137369,137383,137386,137417,137360,137376,137385,137355,137364,137374,137374,137381,137389,137368,137374
137417,137435,137448,137451,137484,137426,137440,137450,137419,137430,137435,137435,137445,137455,137435,137450
137484,137502,137517,137520,137560,137494,137510,137519,137488,137497,137507,137507,137515,137522,137501,137507
137560,137577,137589,137595,137637,137569,137582,137591,137564,137573,137580,137580,137587,137596,137576,137580
137637,137654,137667,137672,137710,137646,137659,137669,137641,137650,137654,137654,137664,137673,137654,137669
137710,137727,137740,137742,137783,137718,137733,137742,137713,137722,137726,137726,137737,137746,137726,137742
137783,137800,137813,137816,137857,137792,137806,137815,137786,137796,137799,137799,137810,137819,137799,137814
137857,137875,137888,137891,137931,137867,137880,137890,137861,137871,137875,137875,137886,137895,137875,137890
137931,137948,137961,137967,138001,137940,137953,137964,137935,137945,137949,137949,137958,137968,137949,137963
138001,138018,138032,138039,138068,138010,138023,138034,138005,138015,138020,138020,138028,138039,138020,138033
138068,138085,138098,138103,138135,138077,138090,138101,138072,138081,138086,138086,138095,138105,138086,138100
138135,138152,138167,138170,138203,138144,138157,138169,138138,138148,138152,138152,138164,138174,138152,138169
138203,138219,138233,138236,138273,138212,138224,138234,138206,138215,138219,138219,138230,138239,138219,138234
138273,138290,138303,138309,138346,138282,138295,138305,138276,138286,138291,138291,138300,138310,138291,138305
138346,138362,138375,138382,138416,138354,138367,138377,138349,138359,138365,138365,138372,138382,138365,138377
138416,138433,138446,138449,138488,138425,138438,138448,138419,138429,138435,138435,138443,138453,138435,138447
138488,138505,138519,138523,138563,138497,138511,138522,138491,138501,138505,138505,138516,138527,138505,138521
138563,138582,138596,138599,138643,138573,138587,138598,138568,138578,138582,138582,138593,138603,138582,138598
138643,138660,138675,138679,138721,138653,138665,138678,138647,138657,138661,138661,138671,138683,138661,138678
138721,138739,138753,138759,138799,138732,138744,138756,138726,138736,138740,138740,138750,138761,138740,138755
138799,138816,138829,138835,138871,138808,138821,138831,138803,138813,138818,138818,138826,138836,138818,138830
138871,138888,138902,138905,138941,138880,138893,138904,138874,138885,138889,138889,138899,138909,138889,138904
138941,138958,138971,138975,139012,138950,138963,138974,138945,138955,138959,138959,138968,138979,138959,138973
139012,139029,139042,139046,139084,139021,139034,139045,139016,139026,139030,139030,139039,139050,139030,139044
139084,139101,139115,139118,139158,139094,139106,139117,139088,139098,139103,139103,139112,139122,139103,139116
139158,139175,139188,139194,139231,139167,139179,139191,139161,139172,139176,139176,139185,139196,139176,139190
139231,139247,139261,139267,139301,139240,139252,139263,139234,139244,139249,139249,139258,139268,139249,139263
139301,139318,139332,139335,139373,139310,139323,139334,139305,139315,139319,139319,139328,139339,139319,139333
139373,139391,139423,139408,139451,139382,139398,139408,139376,139387,139391,139391,139403,139412,139391,139407
139451,139469,139482,139487,139533,139461,139475,139486,139455,139466,139471,139471,139480,139492,139471,139484
139533,139551,139564,139568,139612,139543,139556,139566,139537,139547,139551,139551,139561,139571,139551,139566
139612,139629,139642,139649,139684,139621,139634,139645,139616,139626,139632,139632,139639,139650,139632,139644
139684,139702,139716,139722,139756,139695,139707,139719,139689,139699,139704,139704,139713,139723,139704,139718
139756,139774,139788,139791,139829,139766,139779,139790,139760,139771,139776,139776,139784,139795,139776,139790
139829,139847,139860,139864,139903,139839,139852,139863,139833,139843,139847,139847,139857,139867,139847,139862
139903,139920,139934,139939,139978,139913,139926,139937,139907,139917,139921,139921,139931,139941,139921,139936
139978,139995,140008,140015,140051,139988,140000,140011,139982,139992,139996,139996,140005,140016,139996,140010
140051,140067,140081,140088,140123,140061,140072,140084,140055,140065,140069,140069,140078,140089,140069,140083
140123,140139,140153,140157,140195,140132,140144,140156,140126,140136,140140,140140,140150,140160,140140,140155
140195,140213,140227,140230,140275,140205,140219,140229,140199,140209,140213,140213,140224,140234,140213,140229
140275,140293,140308,140311,140357,140285,140299,140310,140279,140289,140293,140293,140305,140314,140293,140309
140357,140374,140388,140392,140437,140367,140379,140391,140361,140371,140375,140375,140386,140395,140375,140390
140437,140453,140467,140474,140512,140446,140458,140470,140440,140450,140455,140455,140464,140474,140455,140469
140512,140528,140542,140548,140583,140521,140533,140545,140515,140525,140530,140530,140539,140550,140530,140544
140583,140601,140615,140619,140658,140593,140606,140618,140588,140598,140602,140602,140612,140622,140602,140617
140658,140676,140689,140693,140734,140668,140681,140692,140662,140672,140677,140677,140686,140697,140677,140691
140734,140752,140765,140769,140809,140744,140757,140768,140738,140749,140753,140753,140762,140772,140753,140767
140809,140826,140840,140846,140883,140819,140831,140843,140813,140823,140828,140828,140837,140847,140828,140842
140883,140899,140913,140919,140952,140892,140904,140915,140886,140896,140901,140901,140910,140920,140901,140914
140952,140969,140983,140987,141025,140962,140975,140986,140956,140966,140971,140971,140980,140991,140971,140984
141025,141042,141056,141060,141101,141034,141047,141059,141029,141039,141043,141043,141053,141064,141043,141058
141101,141118,141132,141136,141179,141110,141123,141135,141105,141115,141119,141119,141129,141139,141119,141134
141179,141196,141210,141214,141258,141189,141201,141212,141183,141193,141198,141198,141207,141217,141198,141212
141258,141274,141289,141295,141330,141267,141280,141291,141261,141272,141277,141277,141286,141296,141277,141290
141330,141346,141361,141365,141398,141339,141352,141363,141333,141343,141349,141349,141357,141368,141349,141362
141398,141416,141430,141433,141466,141408,141421,141432,141402,141412,141416,141416,141427,141437,141416,141431
141466,141484,141498,141501,141535,141476,141489,141500,141470,141480,141484,141484,141495,141505,141484,141500
141535,141553,141566,141569,141602,141545,141558,141568,141539,141549,141554,141554,141563,141573,141554,141568
141602,141620,141633,141636,141668,141612,141625,141635,141606,141617,141622,141622,141630,141640,141622,141634
141668,141685,141698,141701,141732,141677,141690,141700,141672,141682,141688,141688,141695,141704,141688,141699
141732,141748,141762,141768,141795,141741,141753,141764,141735,141746,141751,141751,141759,141769,141751,141764
141795,141812,141826,141832,141859,141805,141817,141829,141799,141809,141815,141815,141822,141833,141815,141828
141859,141876,141890,141895,141921,141869,141881,141892,141863,141873,141879,141879,141886,141896,141879,141891
141921,141938,141952,141955,141986,141931,141944,141954,141925,141935,141940,141940,141948,141959,141940,141953
141986,142003,142017,142021,142059,141995,142009,142020,141990,142000,142005,142005,142014,142024,142005,142019
142059,142076,142090,142093,142132,142068,142082,142092,142062,142073,142077,142077,142087,142097,142077,142091
142132,142150,142163,142167,142206,142142,142155,142166,142137,142147,142152,142152,142160,142170,142152,142165
142206,142223,142236,142243,142278,142215,142228,142239,142209,142220,142225,142225,142233,142243,142225,142238
142278,142294,142308,142314,142346,142287,142299,142310,142281,142291,142296,142296,142305,142315,142296,142309
142346,142364,142377,142380,142415,142356,142369,142379,142350,142360,142365,142365,142374,142384,142365,142378
142415,142433,142446,142450,142486,142425,142438,142449,142419,142430,142434,142434,142443,142453,142434,142448
142486,142504,142517,142522,142558,142496,142509,142519,142490,142501,142506,142506,142514,142524,142506,142519
142558,142574,142588,142593,142625,142567,142579,142590,142561,142571,142577,142577,142585,142595,142577,142589
142625,142643,142656,142660,142696,142635,142648,142659,142629,142639,142643,142643,142653,142663,142643,142658
142696,142713,142727,142730,142770,142706,142719,142729,142700,142710,142714,142714,142724,142733,142714,142728
142770,142787,142800,142804,142845,142779,142792,142803,142773,142783,142787,142787,142797,142809,142787,142802
142845,142861,142874,142879,142915,142854,142866,142876,142848,142858,142862,142862,142871,142881,142862,142875
142915,142932,142945,142948,142986,142924,142937,142948,142918,142928,142932,142932,142941,142952,142932,142947
142986,143004,143016,143019,143058,142995,143009,143018,142989,142999,143007,143007,143013,143022,143007,143017
143058,143075,143088,143093,143129,143067,143081,143091,143061,143071,143075,143075,143085,143095,143075,143090
143129,143146,143159,143163,143197,143138,143151,143161,143132,143142,143149,143149,143156,143166,143149,143160
143197,143215,143228,143231,143268,143207,143220,143230,143201,143211,143216,143216,143225,143234,143216,143229
143268,143285,143298,143302,143339,143277,143291,143301,143271,143281,143286,143286,143295,143306,143286,143300
143339,143357,143370,143373,143411,143348,143362,143372,143343,143353,143357,143357,143367,143377,143357,143372
143411,143428,143441,143444,143480,143420,143432,143443,143414,143425,143429,143429,143438,143448,143429,143443
143480,143498,143511,143515,143553,143490,143503,143514,143484,143495,143499,143499,143508,143519,143499,143513
143553,143571,143585,143588,143630,143563,143576,143587,143557,143567,143571,143571,143582,143591,143571,143587
143630,143647,143660,143664,143707,143639,143652,143663,143634,143644,143649,143649,143657,143668,143649,143662
143707,143724,143738,143744,143779,143716,143729,143740,143711,143721,143725,143725,143735,143744,143725,143739
143779,143796,143810,143814,143849,143789,143802,143813,143783,143793,143798,143798,143807,143817,143798,143812
143849,143866,143880,143883,143916,143858,143871,143882,143853,143862,143866,143866,143877,143887,143866,143882
143916,143934,143947,143951,143984,143926,143940,143950,143921,143931,143936,143936,143945,143955,143936,143949
143984,144001,144015,144020,144051,143994,144006,144017,143988,143998,144002,144002,144012,144022,144002,144016
144051,144067,144081,144087,144116,144060,144072,144084,144055,144065,144070,144070,144078,144088,144070,144082
144116,144133,144146,144149,144182,144125,144138,144148,144119,144129,144134,144134,144143,144153,144134,144147
144182,144199,144213,144217,144253,144191,144205,144216,144186,144196,144200,144200,144210,144220,144200,144215
144253,144270,144284,144287,144327,144262,144276,144286,144257,144267,144271,144271,144281,144291,144271,144285
144327,144344,144358,144362,144401,144337,144349,144360,144331,144341,144345,144345,144355,144365,144345,144360
144401,144417,144431,144434,144474,144410,144422,144433,144404,144414,144418,144418,144428,144438,144418,144432
144474,144491,144504,144508,144549,144483,144496,144507,144477,144487,144492,144492,144501,144511,144492,144506
144549,144567,144581,144585,144624,144559,144573,144584,144554,144563,144567,144567,144578,144589,144567,144583
144624,144642,144655,144661,144696,144634,144647,144658,144628,144639,144645,144645,144652,144662,144645,144657
144696,144713,144726,144732,144764,144705,144718,144729,144700,144710,144716,144716,144723,144734,144716,144728
144764,144781,144796,144800,144832,144774,144787,144798,144768,144778,144783,144783,144793,144803,144783,144797
144832,144849,144863,144868,144899,144841,144854,144865,144836,144846,144850,144850,144860,144870,144850,144865
144899,144916,144929,144934,144966,144908,144921,144931,144903,144913,144918,144918,144926,144936,144918,144930
144966,144982,144996,145002,145032,144975,144987,144998,144969,144980,144985,144985,144992,145003,144985,144998
145032,145048,145062,145069,145098,145041,145053,145065,145036,145046,145051,145051,145059,145069,145051,145064
145098,145114,145128,145134,145163,145107,145119,145130,145101,145111,145116,145116,145124,145134,145116,145129
145163,145179,145194,145198,145231,145172,145185,145196,145167,145177,145181,145181,145191,145200,145181,145195
145231,145248,145261,145265,145302,145240,145253,145264,145234,145244,145249,145249,145258,145270,145249,145263
145302,145320,145334,145338,145376,145311,145326,145337,145305,145315,145325,145325,145331,145341,145319,145325
145376,145394,145408,145412,145458,145386,145400,145411,145380,145390,145394,145394,145405,145416,145394,145410
145458,145475,145489,145492,145539,145467,145481,145491,145462,145472,145476,145476,145486,145496,145476,145490
145539,145557,145569,145574,145618,145549,145561,145572,145543,145553,145558,145558,145567,145576,145558,145571
145618,145636,145649,145656,145694,145628,145641,145652,145622,145632,145637,145637,145646,145656,145637,145651
145694,145711,145725,145732,145765,145703,145716,145728,145698,145708,145714,145714,145722,145733,145714,145727
145765,145782,145796,145802,145834,145774,145787,145798,145768,145779,145784,145784,145793,145803,145784,145797
145834,145851,145865,145868,145903,145843,145857,145867,145837,145848,145852,145852,145862,145872,145852,145866
145903,145921,145935,145938,145977,145913,145926,145937,145907,145918,145922,145922,145932,145942,145922,145937
145977,145994,146007,146013,146051,145986,145999,146010,145981,145991,145996,145996,146004,146015,145996,146009
146051,146068,146082,146088,146129,146061,146073,146084,146055,146065,146070,146070,146079,146089,146070,146084
146129,146146,146159,146166,146205,146138,146151,146162,146133,146143,146148,146148,146156,146167,146148,146161
146205,146221,146235,146240,146278,146214,146226,146237,146208,146218,146223,146223,146232,146242,146223,146236
146278,146295,146309,146312,146351,146287,146300,146311,146282,146292,146296,146296,146306,146316,146296,146310
146351,146369,146383,146386,146430,146361,146375,146385,146355,146366,146370,146370,146380,146390,146370,146385
146430,146448,146462,146466,146512,146441,146454,146465,146435,146445,146449,146449,146460,146469,146449,146464
146512,146530,146543,146549,146590,146522,146535,146546,146517,146527,146531,146531,146540,146551,146531,146545
146590,146607,146621,146625,146669,146599,146612,146624,146594,146604,146609,146609,146618,146628,146609,146623
146669,146686,146700,146704,146749,146678,146692,146703,146673,146683,146687,146687,146697,146708,146687,146702
146749,146766,146780,146784,146828,146758,146772,146783,146753,146763,146767,146767,146777,146787,146767,146782
146828,146845,146859,146863,146905,146838,146850,146862,146832,146842,146846,146846,146856,146866,146846,146861
146905,146922,146936,146942,146979,146915,146927,146938,146909,146919,146924,146924,146932,146943,146924,146937
146979,146995,147009,147015,147048,146988,147001,147012,146982,146992,146997,146997,147006,147016,146997,147011
147048,147066,147079,147083,147118,147058,147071,147082,147052,147062,147067,147067,147076,147086,147067,147081
147118,147136,147149,147153,147192,147127,147141,147152,147122,147132,147136,147136,147146,147157,147136,147151
147192,147210,147224,147227,147269,147201,147216,147226,147196,147206,147210,147210,147221,147230,147210,147225
147269,147286,147300,147303,147344,147278,147292,147302,147272,147283,147287,147287,147297,147306,147287,147301
147344,147362,147375,147379,147417,147354,147367,147378,147348,147358,147364,147364,147372,147382,147364,147377
147417,147434,147448,147451,147488,147427,147440,147450,147421,147431,147436,147436,147445,147455,147436,147449
147488,147506,147519,147523,147562,147498,147512,147522,147492,147503,147509,147509,147516,147526,147509,147521
147562,147579,147593,147597,147637,147571,147585,147596,147565,147575,147579,147579,147590,147600,147579,147595
147637,147655,147669,147672,147711,147647,147660,147671,147641,147651,147656,147656,147666,147675,147656,147671
147711,147729,147742,147748,147784,147721,147734,147745,147715,147726,147732,147732,147739,147750,147732,147744
147784,147801,147815,147819,147853,147793,147806,147817,147787,147798,147803,147803,147811,147821,147803,147816
147853,147870,147884,147887,147921,147863,147876,147886,147857,147867,147872,147872,147881,147890,147872,147885
147921,147939,147953,147956,147990,147931,147944,147955,147925,147935,147939,147939,147949,147959,147939,147954
147990,148008,148022,148026,148063,148000,148014,148025,147994,148004,148008,148008,148020,148028,148008,148024
148063,148081,148095,148098,148137,148073,148086,148097,148067,148077,148081,148081,148092,148102,148081,148096
148137,148155,148168,148172,148211,148147,148160,148171,148141,148151,148156,148156,148165,148175,148156,148170
148211,148228,148242,148248,148285,148221,148233,148245,148215,148225,148230,148230,148239,148249,148230,148244
148285,148301,148315,148322,148352,148294,148306,148318,148288,148298,148303,148303,148312,148322,148303,148317
148352,148369,148384,148390,148419,148362,148375,148386,148357,148367,148372,148372,148380,148391,148372,148385
148419,148435,148449,148453,148485,148428,148441,148452,148422,148432,148436,148436,148446,148456,148436,148450
148485,148502,148516,148519,148553,148494,148507,148518,148489,148499,148503,148503,148513,148523,148503,148518
148553,148570,148584,148587,148624,148563,148575,148586,148557,148567,148571,148571,148581,148590,148571,148585
148624,148641,148655,148659,148696,148634,148646,148657,148628,148638,148642,148642,148652,148662,148642,148657
148696,148712,148726,148732,148764,148705,148717,148728,148699,148709,148714,148714,148722,148732,148714,148727
148764,148781,148795,148799,148835,148774,148786,148798,148768,148778,148783,148783,148792,148802,148783,148797
148835,148852,148866,148870,148908,148844,148857,148869,148839,148849,148853,148853,148862,148873,148853,148867
148908,148925,148939,148943,148986,148918,148931,148942,148912,148922,148926,148926,148936,148946,148926,148941
148986,149003,149017,149022,149063,148996,149008,149020,148990,149000,149005,149005,149014,149024,149005,149019
149063,149079,149094,149099,149134,149072,149085,149096,149067,149077,149081,149081,149090,149101,149081,149095
149134,149151,149165,149169,149205,149144,149156,149168,149138,149148,149153,149153,149162,149172,149153,149167
149205,149222,149236,149239,149275,149214,149227,149238,149209,149219,149223,149223,149232,149243,149223,149237
149275,149292,149306,149310,149346,149285,149298,149309,149279,149289,149294,149294,149303,149313,149294,149308
149346,149363,149377,149383,149415,149356,149368,149379,149350,149360,149365,149365,149374,149384,149365,149379
149415,149431,149445,149451,149480,149424,149437,149448,149418,149429,149434,149434,149442,149453,149434,149447
149480,149497,149510,149513,149545,149489,149502,149512,149484,149494,149498,149498,149507,149517,149498,149511
149545,149563,149577,149580,149613,149555,149568,149579,149549,149559,149563,149563,149573,149583,149563,149578
149613,149631,149644,149647,149685,149623,149636,149646,149617,149627,149631,149631,149641,149651,149631,149646
149685,149703,149716,149719,149755,149695,149708,149718,149689,149699,149703,149703,149713,149723,149703,149718
149755,149772,149785,149789,149821,149764,149777,149788,149758,149768,149772,149772,149782,149793,149772,149786
149821,149838,149851,149854,149886,149830,149843,149853,149824,149835,149840,149840,149848,149858,149840,149852
149886,149904,149916,149920,149953,149896,149908,149919,149890,149901,149907,149907,149913,149923,149907,149917
149953,149970,149983,149988,150018,149962,149975,149986,149956,149967,149974,149974,149980,149990,149974,149985
150018,150035,150049,150052,150084,150027,150040,150051,150022,150032,150037,150037,150046,150056,150037,150050
150084,150101,150115,150118,150149,150093,150106,150117,150087,150097,150102,150102,150111,150121,150102,150116
150149,150167,150180,150185,150217,150159,150172,150183,150153,150164,150169,150169,150177,150188,150169,150182
150217,150233,150247,150252,150283,150226,150238,150249,150220,150230,150236,150236,150244,150253,150236,150248
150283,150299,150313,150319,150348,150292,150304,150315,150286,150297,150302,150302,150309,150319,150302,150314
150348,150364,150378,150383,150414,150357,150369,150380,150351,150361,150367,150367,150374,150385,150367,150379
150414,150431,150444,150448,150482,150423,150436,150447,150417,150427,150432,150432,150441,150451,150432,150446
150482,150499,150513,150516,150551,150491,150504,150515,150485,150496,150500,150500,150509,150519,150500,150514
150551,150569,150582,150586,150623,150561,150574,150585,150555,150565,150570,150570,150579,150589,150570,150584
150623,150640,150654,150659,150692,150632,150645,150656,150627,150637,150642,150642,150650,150661,150642,150655
150692,150708,150722,150727,150757,150701,150713,150725,150695,150706,150711,150711,150719,150729,150711,150724
150757,150775,150788,150792,150824,150767,150780,150791,150761,150771,150776,150776,150785,150795,150776,150789
150824,150841,150854,150857,150890,150833,150846,150856,150827,150837,150842,150842,150851,150860,150842,150855
150890,150907,150920,150923,150957,150899,150912,150922,150894,150904,150908,150908,150917,150927,150908,150922
150957,150974,150988,150991,151025,150967,150979,150990,150961,150971,150977,150977,150985,150994,150977,150989
151025,151042,151055,151058,151094,151034,151047,151057,151028,151038,151042,151042,151052,151061,151042,151056
151094,151112,151125,151128,151169,151104,151118,151127,151098,151108,151111,151111,151123,151131,151111,151127
151169,151187,151199,151203,151251,151179,151192,151202,151173,151183,151189,151189,151197,151206,151189,151201
151251,151268,151282,151286,151328,151260,151273,151285,151255,151264,151269,151269,151279,151289,151269,151284
151328,151345,151359,151364,151402,151337,151350,151361,151331,151342,151346,151346,151356,151366,151346,151361
151402,151420,151434,151437,151476,151412,151425,151436,151406,151416,151420,151420,151431,151441,151420,151435
151476,151494,151507,151511,151550,151486,151499,151510,151480,151490,151495,151495,151504,151514,151495,151509
151550,151567,151581,151584,151622,151559,151572,151583,151554,151564,151568,151568,151578,151588,151568,151582
151622,151639,151653,151660,151694,151632,151645,151656,151626,151637,151642,151642,151650,151661,151642,151655
151694,151710,151725,151731,151761,151703,151716,151727,151697,151707,151713,151713,151721,151732,151713,151726
151761,151779,151792,151796,151830,151771,151784,151795,151765,151776,151780,151780,151789,151800,151780,151794
151830,151847,151861,151865,151902,151840,151853,151864,151834,151844,151848,151848,151858,151868,151848,151863
151902,151919,151932,151936,151978,151912,151924,151935,151906,151916,151920,151920,151929,151940,151920,151934
151978,151996,152009,152013,152056,151988,152001,152012,151982,151992,151997,151997,152006,152016,151997,152011
152056,152073,152086,152091,152128,152065,152078,152089,152059,152070,152075,152075,152083,152093,152075,152088
152128,152146,152160,152163,152204,152138,152151,152162,152132,152142,152147,152147,152156,152167,152147,152161
152204,152221,152236,152239,152281,152214,152227,152238,152208,152218,152222,152222,152233,152243,152222,152238
152281,152299,152312,152316,152358,152291,152304,152315,152285,152295,152299,152299,152310,152320,152299,152314
152358,152375,152388,152394,152434,152368,152380,152391,152362,152372,152377,152377,152385,152396,152377,152390
152434,152451,152464,152468,152506,152444,152456,152467,152438,152448,152452,152452,152461,152471,152452,152466
152506,152524,152538,152541,152579,152516,152529,152540,152510,152520,152525,152525,152535,152544,152525,152539
152579,152596,152609,152613,152651,152589,152601,152612,152583,152593,152598,152598,152606,152617,152598,152611
152651,152668,152681,152687,152720,152661,152673,152684,152655,152665,152670,152670,152678,152688,152670,152683
152720,152737,152751,152754,152790,152730,152742,152753,152724,152734,152739,152739,152747,152758,152739,152752
152790,152807,152821,152824,152861,152799,152812,152823,152793,152804,152808,152808,152818,152828,152808,152822
152861,152878,152892,152896,152935,152871,152883,152895,152865,152875,152880,152880,152889,152900,152880,152893
152935,152951,152965,152969,153004,152944,152956,152967,152938,152948,152953,152953,152962,152972,152953,152966
153004,153021,153034,153038,153073,153013,153026,153037,153007,153018,153023,153023,153031,153042,153023,153035
153073,153090,153104,153107,153143,153082,153096,153106,153076,153086,153090,153090,153101,153111,153090,153105
153143,153160,153173,153177,153212,153152,153165,153176,153146,153157,153162,153162,153170,153180,153162,153174
153212,153229,153242,153245,153278,153221,153234,153244,153215,153225,153230,153230,153239,153248,153230,153243
153278,153295,153309,153312,153345,153287,153301,153311,153281,153291,153295,153295,153306,153315,153295,153310
153345,153362,153375,153378,153412,153354,153367,153377,153348,153358,153363,153363,153372,153383,153363,153376
153412,153429,153442,153447,153478,153421,153434,153444,153415,153425,153431,153431,153439,153448,153431,153443
153478,153494,153507,153513,153541,153487,153499,153509,153481,153491,153495,153495,153504,153514,153495,153508
153541,153557,153570,153573,153603,153549,153562,153572,153543,153553,153558,153558,153567,153577,153558,153571
153603,153620,153632,153635,153666,153612,153625,153635,153606,153616,153620,153620,153629,153638,153620,153633
153666,153682,153694,153697,153732,153675,153686,153696,153669,153679,153683,153683,153691,153700,153683,153695
153732,153748,153761,153764,153798,153741,153753,153763,153735,153745,153749,153749,153757,153767,153749,153761
153798,153813,153845,153831,153864,153806,153817,153830,153801,153810,153814,153814,153824,153835,153814,153831
153864,153880,153895,153899,153934,153873,153886,153898,153868,153877,153886,153886,153892,153907,153880,153886
153934,153949,153964,153966,154006,153942,153956,153965,153936,153945,153954,153954,153961,153969,153948,153954
154006,154022,154036,154040,154076,154014,154027,154037,154008,154018,154022,154022,154032,154041,154022,154037
154076,154093,154106,154109,154145,154085,154097,154108,154079,154089,154093,154093,154103,154113,154093,154107
154145,154162,154175,154178,154214,154154,154167,154177,154149,154159,154163,154163,154172,154181,154163,154176
154214,154230,154243,154247,154282,154223,154235,154246,154217,154227,154231,154231,154240,154252,154231,154245
154282,154299,154312,154318,154347,154291,154304,154314,154285,154295,154301,154301,154309,154319,154301,154314
154347,154364,154377,154381,154410,154356,154369,154379,154351,154360,154365,154365,154374,154383,154365,154379
154410,154426,154440,154443,154471,154418,154432,154442,154413,154423,154427,154427,154437,154446,154427,154441
154471,154489,154502,154505,154533,154480,154494,154504,154475,154485,154489,154489,154499,154508,154489,154503
154533,154550,154563,154566,154597,154542,154555,154565,154536,154546,154551,154551,154560,154569,154551,154564
154597,154614,154627,154631,154662,154606,154619,154629,154601,154611,154616,154616,154623,154633,154616,154628
154662,154678,154692,154696,154725,154671,154683,154694,154665,154676,154681,154681,154688,154698,154681,154693
154725,154742,154756,154760,154792,154734,154748,154759,154729,154739,154743,154743,154753,154763,154743,154758
154792,154810,154824,154828,154866,154802,154815,154827,154796,154806,154809,154809,154821,154832,154809,154825
154866,154884,154897,154901,154946,154876,154890,154900,154870,154880,154883,154883,154894,154904,154883,154898
154946,154964,154977,154981,155027,154956,154969,154980,154950,154961,154965,154965,154975,154984,154965,154979
155027,155043,155057,155062,155103,155036,155048,155059,155030,155040,155044,155044,155054,155064,155044,155059
155103,155121,155134,155138,155184,155113,155126,155137,155107,155117,155121,155121,155131,155142,155121,155136
155184,155202,155215,155218,155265,155194,155207,155217,155188,155198,155203,155203,155212,155222,155203,155217
155265,155282,155296,155301,155341,155275,155287,155298,155269,155279,155284,155284,155293,155303,155284,155298
155341,155358,155371,155377,155412,155350,155363,155373,155344,155355,155361,155361,155368,155378,155361,155372
155412,155429,155443,155446,155481,155421,155434,155445,155416,155426,155431,155431,155439,155450,155431,155444
155481,155499,155512,155516,155552,155491,155504,155515,155486,155496,155501,155501,155509,155521,155501,155514
155552,155569,155582,155585,155623,155561,155574,155584,155556,155565,155570,155570,155579,155589,155570,155583
155623,155640,155653,155659,155696,155633,155645,155656,155627,155637,155641,155641,155650,155661,155641,155655
155696,155711,155725,155730,155765,155704,155716,155727,155699,155709,155714,155714,155722,155732,155714,155726
155765,155782,155795,155799,155837,155774,155787,155798,155769,155779,155783,155783,155792,155802,155783,155797
155837,155854,155868,155872,155915,155847,155860,155871,155841,155851,155855,155855,155865,155875,155855,155870
155915,155932,155945,155950,155996,155924,155937,155949,155919,155929,155933,155933,155942,155953,155933,155947
155996,156012,156026,156031,156073,156005,156017,156028,155999,156009,156014,156014,156023,156033,156014,156028
156073,156090,156103,156107,156154,156083,156095,156106,156077,156087,156092,156092,156100,156111,156092,156105
156154,156172,156186,156189,156235,156164,156177,156188,156158,156168,156172,156172,156183,156192,156172,156188
156235,156253,156266,156270,156314,156245,156258,156269,156240,156250,156254,156254,156264,156274,156254,156269
156314,156330,156344,156351,156387,156323,156336,156347,156317,156327,156333,156333,156341,156351,156333,156346
156387,156404,156418,156423,156456,156396,156409,156420,156391,156401,156405,156405,156414,156424,156405,156419
156456,156473,156487,156490,156526,156465,156478,156489,156460,156470,156474,156474,156484,156494,156474,156489
156526,156543,156558,156561,156601,156535,156549,156560,156529,156539,156543,156543,156555,156565,156543,156559
156601,156619,156633,156637,156684,156611,156625,156636,156606,156616,156620,156620,156630,156640,156620,156635
156684,156701,156715,156718,156764,156693,156706,156717,156687,156697,156702,156702,156712,156722,156702,156716
156764,156781,156794,156800,156840,156773,156786,156797,156767,156778,156782,156782,156791,156801,156782,156796
156840,156857,156870,156876,156913,156849,156862,156873,156844,156854,156859,156859,156867,156877,156859,156872
156913,156930,156944,156948,156987,156922,156935,156947,156917,156927,156931,156931,156941,156951,156931,156946
156987,157004,157018,157022,157065,156996,157010,157021,156991,157001,157005,157005,157015,157026,157005,157020
157065,157083,157096,157100,157146,157075,157088,157099,157069,157079,157084,157084,157093,157103,157084,157098
157146,157163,157176,157180,157225,157155,157168,157179,157150,157160,157164,157164,157174,157183,157164,157178
157225,157242,157255,157260,157299,157234,157247,157258,157228,157239,157244,157244,157252,157262,157244,157257
157299,157316,157330,157334,157372,157308,157322,157333,157303,157313,157318,157318,157327,157337,157318,157332
157372,157390,157404,157408,157448,157383,157396,157407,157377,157387,157391,157391,157402,157412,157391,157406
157448,157466,157480,157483,157524,157458,157471,157482,157452,157462,157467,157467,157477,157487,157467,157481
157524,157542,157556,157560,157603,157535,157547,157558,157529,157539,157543,157543,157553,157563,157543,157558
157603,157619,157633,157638,157677,157612,157625,157635,157606,157616,157621,157621,157630,157640,157621,157634
157677,157694,157708,157712,157752,157687,157700,157711,157681,157691,157696,157696,157705,157715,157696,157709
157752,157770,157785,157788,157831,157762,157776,157787,157757,157767,157771,157771,157782,157791,157771,157787
157831,157849,157862,157865,157912,157841,157854,157864,157835,157845,157849,157849,157859,157868,157849,157863
157912,157929,157943,157948,157990,157921,157935,157946,157916,157926,157931,157931,157940,157950,157931,157945
157990,158007,158020,158027,158062,157999,158012,158023,157993,158004,158010,158010,158017,158028,158010,158022
158062,158079,158093,158097,158135,158072,158085,158096,158066,158076,158081,158081,158090,158101,158081,158095
158135,158152,158166,158170,158216,158145,158158,158169,158139,158149,158153,158153,158163,158174,158153,158168
158216,158234,158247,158251,158301,158226,158239,158250,158220,158230,158235,158235,158244,158254,158235,158249
158301,158319,158332,158337,158387,158312,158324,158336,158306,158316,158321,158321,158329,158341,158321,158335
158387,158404,158418,158424,158463,158396,158410,158421,158390,158401,158405,158405,158415,158425,158405,158420
158463,158480,158494,158497,158533,158472,158486,158496,158466,158477,158484,158484,158491,158501,158484,158495
158533,158551,158565,158569,158603,158543,158557,158568,158537,158548,158553,158553,158562,158572,158553,158567
158603,158620,158633,158637,158672,158612,158625,158636,158606,158617,158622,158622,158630,158641,158622,158635
158672,158689,158703,158707,158744,158682,158695,158706,158676,158686,158691,158691,158700,158710,158691,158705
158744,158762,158774,158778,158816,158754,158766,158777,158748,158758,158763,158763,158771,158781,158763,158776
158816,158832,158846,158852,158885,158825,158837,158848,158819,158829,158835,158835,158842,158852,158835,158847
158885,158901,158915,158921,158952,158893,158905,158917,158888,158898,158902,158902,158911,158921,158902,158916
158952,158968,158982,158988,159019,158961,158973,158984,158955,158965,158969,158969,158979,158989,158969,158984
159019,159035,159050,159053,159087,159027,159042,159052,159022,159031,159041,159041,159047,159056,159035,159041
159087,159104,159117,159121,159162,159096,159110,159120,159090,159100,159105,159105,159114,159125,159105,159118
159162,159180,159194,159196,159242,159171,159186,159196,159165,159175,159179,159179,159191,159200,159179,159196
159242,159259,159272,159278,159317,159251,159264,159275,159245,159255,159260,159260,159269,159280,159260,159275
159317,159334,159347,159354,159386,159326,159339,159350,159320,159331,159339,159339,159344,159354,159339,159349
159386,159404,159418,159424,159454,159396,159409,159421,159390,159400,159405,159405,159415,159426,159405,159420
159454,159472,159485,159489,159520,159464,159477,159488,159457,159469,159475,159475,159482,159494,159475,159487
159520,159537,159551,159554,159584,159529,159542,159553,159523,159534,159540,159540,159548,159558,159540,159553
159584,159602,159616,159620,159653,159594,159608,159619,159588,159598,159602,159602,159613,159623,159602,159617
159653,159671,159685,159689,159725,159663,159677,159688,159657,159667,159671,159671,159682,159692,159671,159687
159725,159742,159755,159759,159800,159734,159747,159758,159728,159738,159743,159743,159752,159763,159743,159757
159800,159818,159831,159834,159877,159810,159823,159833,159804,159814,159819,159819,159828,159838,159819,159832
159877,159895,159908,159911,159953,159887,159900,159910,159881,159891,159897,159897,159905,159914,159897,159910
159953,159970,159983,159989,160022,159962,159975,159986,159956,159967,159972,159972,159980,159990,159972,159985
160022,160039,160053,160060,160087,160032,160045,160056,160026,160036,160044,160044,160050,160061,160044,160055
160087,160105,160118,160124,160151,160097,160110,160120,160091,160102,160109,160109,160115,160126,160109,160119
160151,160168,160181,160185,160214,160160,160173,160184,160154,160165,160170,160170,160178,160189,160170,160183
160214,160231,160245,160248,160277,160223,160236,160247,160217,160227,160231,160231,160241,160251,160231,160246
160277,160295,160308,160311,160345,160287,160300,160310,160281,160291,160297,160297,160305,160314,160297,160309
160345,160362,160376,160380,160423,160355,160368,160379,160349,160359,160363,160363,160373,160383,160363,160378
160423,160441,160453,160457,160508,160432,160446,160456,160426,160436,160440,160440,160451,160460,160440,160455
160508,160526,160540,160544,160595,160518,160532,160543,160512,160523,160527,160527,160537,160547,160527,160541
160595,160613,160626,160630,160674,160605,160618,160629,160599,160609,160614,160614,160623,160634,160614,160628
160674,160692,160706,160712,160750,160684,160697,160709,160679,160689,160695,160695,160703,160713,160695,160707
160750,160767,160781,160788,160819,160759,160772,160784,160754,160764,160768,160768,160778,160789,160768,160783
160819,160836,160850,160856,160884,160828,160842,160853,160822,160833,160840,160840,160847,160858,160840,160851
160884,160901,160916,160921,160947,160893,160907,160918,160887,160898,160903,160903,160912,160922,160903,160917
160947,160964,160978,160982,161010,160957,160970,160981,160951,160961,160967,160967,160975,160986,160967,160979
161010,161027,161041,161045,161077,161020,161032,161044,161014,161024,161029,161029,161038,161049,161029,161043
161077,161095,161108,161112,161153,161087,161100,161111,161081,161091,161096,161096,161105,161115,161096,161110
161153,161170,161184,161188,161232,161163,161176,161187,161157,161167,161172,161172,161181,161192,161172,161186
161232,161249,161262,161266,161311,161241,161254,161265,161235,161246,161252,161252,161259,161270,161252,161263
161311,161329,161342,161348,161390,161321,161334,161345,161315,161326,161331,161331,161339,161349,161331,161344
161390,161407,161421,161427,161464,161400,161412,161424,161394,161404,161409,161409,161418,161428,161409,161423
161464,161482,161496,161503,161536,161474,161487,161498,161468,161479,161484,161484,161493,161503,161484,161497
161536,161553,161567,161573,161602,161545,161558,161570,161539,161550,161555,161555,161564,161574,161555,161569
161602,161619,161633,161640,161666,161612,161624,161636,161606,161616,161623,161623,161629,161641,161623,161634
161666,161683,161698,161703,161730,161676,161689,161701,161670,161681,161686,161686,161695,161705,161686,161700
161730,161747,161761,161765,161795,161740,161753,161764,161734,161744,161749,161749,161758,161769,161749,161763
161795,161812,161826,161830,161866,161805,161818,161829,161799,161809,161814,161814,161823,161834,161814,161828
161866,161884,161898,161902,161948,161876,161890,161901,161870,161880,161884,161884,161895,161905,161884,161899
161948,161966,161980,161984,162033,161958,161972,161983,161952,161962,161966,161966,161977,161987,161966,161982
162033,162051,162065,162068,162120,162043,162057,162067,162037,162048,162052,162052,162062,162072,162052,162067
162120,162139,162153,162157,162201,162132,162145,162156,162126,162136,162142,162142,162150,162160,162142,162155
162201,162220,162233,162240,162277,162212,162225,162237,162206,162217,162223,162223,162231,162241,162223,162235
162277,162294,162308,162316,162343,162286,162299,162311,162280,162291,162297,162297,162305,162316,162297,162310
162343,162361,162375,162381,162407,162353,162366,162378,162347,162358,162363,162363,162372,162382,162363,162377
162407,162424,162439,162443,162470,162417,162430,162441,162411,162422,162428,162428,162436,162445,162428,162440
162470,162487,162501,162505,162533,162479,162493,162504,162473,162484,162490,162490,162498,162509,162490,162502
162533,162551,162564,162568,162602,162543,162556,162567,162537,162547,162553,162553,162561,162571,162553,162565
162602,162621,162635,162639,162680,162613,162628,162638,162607,162617,162626,162626,162632,162641,162621,162626
162680,162699,162713,162716,162769,162690,162706,162715,162684,162695,162703,162703,162711,162719,162699,162703
162769,162788,162801,162806,162862,162780,162794,162805,162774,162784,162788,162788,162799,162812,162788,162803
162862,162880,162894,162897,162945,162872,162886,162896,162866,162877,162882,162882,162891,162901,162882,162895
162945,162964,162978,162985,163024,162956,162969,162981,162950,162961,162966,162966,162975,162986,162966,162980
163024,163041,163056,163062,163094,163033,163047,163058,163027,163038,163044,163044,163053,163063,163044,163058
163094,163112,163126,163132,163160,163104,163117,163129,163098,163109,163116,163116,163123,163134,163116,163127
163160,163178,163192,163197,163224,163170,163183,163194,163164,163174,163182,163182,163189,163199,163182,163193
163224,163241,163255,163259,163286,163233,163246,163258,163227,163238,163243,163243,163252,163263,163243,163256
163286,163304,163318,163322,163354,163296,163310,163321,163290,163301,163305,163305,163315,163325,163305,163319
163354,163371,163386,163389,163430,163363,163377,163388,163358,163367,163371,163371,163383,163392,163371,163387
163430,163448,163462,163466,163509,163440,163454,163465,163434,163444,163448,163448,163459,163469,163448,163463
163509,163527,163540,163544,163592,163519,163532,163543,163513,163523,163528,163528,163537,163548,163528,163542
163592,163610,163623,163628,163670,163602,163615,163626,163596,163607,163611,163611,163620,163630,163611,163625
163670,163688,163701,163708,163745,163680,163693,163704,163674,163685,163691,163691,163699,163709,163691,163703
163745,163762,163776,163783,163813,163754,163767,163778,163748,163759,163765,163765,163772,163783,163765,163777
163813,163830,163844,163851,163877,163822,163835,163847,163816,163827,163834,163834,163840,163852,163834,163845
163877,163894,163908,163914,163940,163887,163899,163910,163881,163891,163897,163897,163904,163915,163897,163909
163940,163956,163971,163975,164001,163949,163962,163973,163943,163953,163958,163958,163967,163978,163958,163972
164001,164017,164032,164035,164065,164010,164023,164034,164004,164014,164018,164018,164028,164038,164018,164033
164065,164083,164097,164100,164141,164075,164089,164099,164069,164079,164083,164083,164094,164103,164083,164098
164141,164159,164173,164178,164223,164151,164166,164177,164145,164155,164164,164164,164171,164181,164159,164164
164223,164242,164256,164261,164313,164234,164248,164260,164228,164238,164242,164242,164254,164264,164242,164258
164313,164331,164344,164349,164399,164323,164336,164348,164317,164328,164332,164332,164342,164352,164332,164347
164399,164417,164430,164435,164479,164409,164423,164434,164404,164414,164420,164420,164428,164439,164420,164432
164479,164498,164511,164518,164554,164490,164503,164514,164484,164495,164501,164501,164508,164519,164501,164513
164554,164571,164586,164593,164621,164564,164577,164589,164558,164569,164576,164576,164583,164593,164576,164587
164621,164638,164653,164659,164685,164631,164644,164655,164624,164636,164644,164644,164649,164660,164644,164654
164685,164701,164716,164721,164746,164694,164707,164718,164688,164699,164705,164705,164712,164722,164705,164716
164746,164763,164777,164780,164807,164755,164768,164779,164749,164759,164765,164765,164774,164784,164765,164778
164807,164824,164838,164841,164869,164816,164829,164840,164810,164821,164825,164825,164834,164845,164825,164839
164869,164888,164901,164905,164940,164879,164894,164904,164873,164884,164888,164888,164899,164908,164888,164903
164940,164958,164971,164975,165017,164950,164964,164974,164944,164954,164960,164960,164968,164978,164960,164973
165017,165036,165051,165056,165098,165028,165042,165053,165022,165033,165037,165037,165048,165057,165037,165052
165098,165116,165130,165138,165181,165108,165121,165134,165102,165113,165118,165118,165127,165138,165118,165133
165181,165197,165212,165217,165259,165190,165203,165214,165184,165195,165199,165199,165209,165219,165199,165213
165259,165277,165291,165297,165336,165269,165282,165294,165264,165274,165279,165279,165288,165299,165279,165293
165336,165353,165367,165374,165408,165345,165358,165370,165339,165350,165355,165355,165364,165375,165355,165369
165408,165426,165440,165446,165478,165418,165431,165443,165412,165423,165428,165428,165437,165449,165428,165442
165478,165495,165510,165515,165544,165488,165501,165513,165482,165492,165497,165497,165506,165518,165497,165511
165544,165562,165576,165581,165608,165554,165567,165578,165548,165558,165563,165563,165573,165583,165563,165578
165608,165625,165639,165643,165668,165617,165630,165641,165611,165622,165629,165629,165635,165645,165629,165640
165668,165685,165700,165704,165728,165678,165691,165701,165672,165682,165687,165687,165696,165705,165687,165701
165728,165745,165759,165763,165790,165737,165751,165762,165731,165742,165747,165747,165756,165766,165747,165760
165790,165808,165822,165826,165856,165800,165813,165825,165794,165804,165809,165809,165819,165829,165809,165824
165856,165873,165886,165890,165920,165865,165878,165889,165859,165870,165875,165875,165883,165894,165875,165887
165920,165936,165950,165957,165981,165929,165941,165953,165923,165934,165939,165939,165946,165957,165939,165951
165981,165998,166012,166017,166044,165991,166003,166014,165985,165996,166001,166001,166008,166018,166001,166013
166044,166061,166075,166078,166106,166053,166066,166077,166048,166058,166063,166063,166071,166082,166063,166076
166106,166123,166137,166141,166170,166116,166128,166139,166110,166120,166126,166126,166133,166144,166126,166138
166170,166185,166200,166205,166230,166178,166191,166201,166173,166183,166190,166190,166196,166205,166190,166200
166230,166246,166260,166266,166290,166239,166252,166262,166233,166243,166251,166251,166257,166266,166251,166261
166290,166306,166319,166325,166349,166299,166311,166321,166293,166303,166309,166309,166315,166326,166309,166320
166349,166365,166379,166381,166409,166357,166371,166380,166351,166362,166369,166369,166375,166385,166369,166379
166409,166426,166439,166441,166471,166418,166431,166440,166411,166422,166427,166427,166435,166445,166427,166440
166471,166488,166502,166505,166536,166480,166493,166504,166473,166484,166489,166489,166498,166509,166489,166504
166536,166553,166566,166569,166602,166545,166558,166568,166539,166550,166554,166554,166563,166573,166554,166567
166602,166619,166633,166637,166667,166612,166624,166635,166606,166616,166622,166622,166629,166639,166622,166634
166667,166684,166698,166704,166733,166677,166689,166700,166671,166682,166687,166687,166695,166705,166687,166699
166733,166750,166763,166769,166796,166742,166755,166765,166736,166747,166754,166754,166759,166769,166754,166764
166796,166813,166827,166833,166859,166805,166818,166829,166800,166810,166816,166816,166824,166833,166816,166828
166859,166875,166889,166895,166922,166868,166880,166891,166862,166873,166879,166879,166885,166896,166879,166890
166922,166938,166952,166955,166985,166930,166943,166954,166925,166935,166941,166941,166948,166959,166941,166953
166985,167002,167016,167019,167050,166994,167007,167018,166988,166998,167003,167003,167012,167022,167003,167017
167050,167067,167082,167085,167120,167060,167073,167084,167054,167064,167068,167068,167079,167088,167068,167083
167120,167137,167151,167155,167195,167129,167142,167154,167123,167134,167138,167138,167148,167159,167138,167154
167195,167212,167225,167228,167272,167204,167216,167227,167198,167208,167212,167212,167222,167231,167212,167227
167272,167288,167301,167308,167341,167281,167292,167304,167276,167285,167290,167290,167297,167308,167290,167302
167341,167363,167376,167386,167414,167357,167367,167380,167352,167361,167365,167365,167373,167384,167365,167378
167414,167434,167447,167459,167487,167428,167439,167452,167423,167433,167437,167437,167444,167458,167437,167449
167487,167503,167518,167527,167556,167497,167508,167521,167492,167501,167506,167506,167514,167526,167506,167520
167556,167570,167585,167593,167619,167564,167575,167587,167558,167568,167573,167573,167581,167592,167573,167586
167619,167635,167649,167656,167680,167627,167640,167651,167621,167632,167640,167640,167646,167655,167640,167650
167680,167696,167710,167714,167740,167689,167701,167711,167683,167693,167698,167698,167706,167716,167698,167711
167740,167756,167770,167774,167801,167748,167761,167771,167742,167753,167758,167758,167766,167776,167758,167771
167801,167817,167831,167834,167867,167810,167822,167833,167804,167814,167819,167819,167827,167837,167819,167832
167867,167884,167897,167901,167943,167876,167889,167900,167870,167880,167884,167884,167895,167904,167884,167899
167943,167961,167974,167978,168025,167952,167966,167977,167947,167957,167961,167961,167971,167981,167961,167975
168025,168042,168055,168060,168106,168034,168047,168058,168028,168039,168043,168043,168052,168063,168043,168057
168106,168124,168136,168139,168189,168116,168129,168138,168110,168121,168125,168125,168133,168143,168125,168138
168189,168205,168218,168222,168265,168198,168211,168221,168192,168202,168207,168207,168215,168225,168207,168220
168265,168281,168295,168299,168333,168273,168287,168298,168267,168278,168284,168284,168292,168302,168284,168296
168333,168351,168364,168370,168402,168343,168356,168367,168337,168348,168353,168353,168361,168372,168353,168366
168402,168419,168433,168442,168470,168412,168424,168436,168406,168416,168421,168421,168430,168441,168421,168435
168470,168488,168503,168510,168541,168481,168493,168505,168475,168486,168490,168490,168500,168509,168490,168504
168541,168557,168571,168576,168608,168549,168562,168573,168544,168554,168558,168558,168567,168577,168558,168572
168608,168624,168639,168645,168682,168617,168628,168642,168611,168621,168625,168625,168636,168646,168625,168641
168682,168697,168712,168719,168757,168691,168701,168715,168685,168694,168698,168698,168707,168720,168698,168715
168757,168775,168790,168797,168838,168767,168779,168793,168761,168772,168777,168777,168784,168797,168777,168786
168838,168856,168871,168875,168929,168848,168863,168874,168842,168852,168863,168863,168869,168881,168856,168863
168929,168946,168963,168966,169009,168937,168952,168965,168931,168941,168954,168954,168960,168970,168945,168954
169009,169028,169043,169048,169090,169019,169034,169047,169013,169024,169028,169028,169040,169051,169028,169046
169090,169110,169126,169131,169179,169101,169117,169130,169095,169106,169109,169109,169123,169135,169109,169130
169179,169198,169215,169220,169258,169190,169204,169219,169184,169194,169207,169207,169213,169224,169198,169207
169258,169277,169295,169300,169330,169269,169285,169299,169263,169273,169277,169277,169292,169304,169277,169298
169330,169349,169368,169374,169405,169341,169360,169373,169335,169345,169356,169356,169366,169376,169349,169356
169405,169424,169442,169447,169497,169415,169433,169446,169409,169419,169430,169430,169440,169451,169423,169430
169497,169517,169535,169540,169580,169509,169526,169539,169503,169513,169524,169524,169532,169544,169517,169524
169580,169600,169617,169623,169659,169592,169607,169621,169586,169596,169607,169607,169615,169625,169600,169607
169659,169677,169696,169701,169740,169669,169688,169700,169663,169674,169684,169685,169694,169704,169677,169685
169740,169760,169780,169784,169849,169752,169772,169783,169746,169756,169765,169769,169778,169787,169760,169769
169849,169871,169890,169895,169949,169862,169882,169894,169856,169867,169878,169878,169888,169898,169870,169878
169949,169979,169997,170003,170049,169971,169988,170002,169965,169975,169987,169987,169995,170007,169979,169987
170049,170068,170086,170091,170131,170060,170076,170090,170054,170064,170076,170076,170084,170095,170068,170076
170131,170151,170171,170176,170234,170143,170163,170175,170137,170147,170159,170159,170169,170179,170151,170159
170234,170268,170288,170297,170346,170259,170279,170296,170253,170264,170276,170276,170287,170302,170268,170276
170346,170365,170384,170391,170429,170357,170374,170388,170351,170361,170372,170372,170382,170392,170365,170372
170429,170447,170465,170474,170495,170439,170457,170471,170433,170444,170454,170454,170464,170475,170447,170454
170495,170526,170545,170552,170577,170517,170538,170551,170511,170521,170532,170532,170544,170554,170525,170532
170577,170616,170635,170644,170673,170607,170619,170623,170601,170611,170615,170615,170620,170623,170615,170622
170673,170727,170747,170754,170787,170719,170732,170735,170713,170723,170727,170727,170733,170735,170727,170734
170787,170838,170858,170867,170907,170831,170849,170864,170825,170835,170846,170846,170857,170868,170839,170846
170907,170930,170950,170955,170981,170921,170941,170954,170916,170926,170938,170938,170948,170958,170930,170938
170981,171033,171055,171061,171130,171025,171045,171060,171019,171030,171041,171041,171053,171063,171034,171041
171130,171148,171169,171178,171216,171140,171159,171174,171134,171145,171155,171155,171166,171178,171148,171155
171216,171237,171255,171262,171287,171229,171247,171261,171223,171233,171243,171243,171254,171265,171237,171243
171287,171337,171358,171364,171434,171330,171351,171363,171324,171334,171344,171347,171356,171366,171338,171347
171434,171452,171471,171480,171512,171444,171461,171477,171438,171449,171461,171461,171470,171482,171453,171461
171512,171545,171564,171572,171622,171536,171556,171571,171530,171541,171551,171551,171563,171574,171544,171551
171622,171654,171674,171683,171704,171646,171666,171681,171641,171651,171662,171662,171673,171685,171655,171662
171704,171755,171773,171781,171810,171748,171765,171780,171742,171752,171762,171762,171772,171785,171756,171762
171810,171852,171873,171879,171944,171844,171864,171878,171838,171849,171859,171860,171871,171881,171853,171860
171944,171968,171990,171999,172019,171960,171980,171995,171955,171965,171977,171977,171988,171999,171969,171977
172019,172066,172085,172092,172120,172059,172076,172091,172053,172063,172073,172073,172083,172095,172067,172073
172120,172159,172180,172185,172259,172151,172170,172184,172145,172155,172166,172166,172178,172188,172159,172166
172259,172278,172300,172309,172351,172271,172289,172305,172265,172275,172288,172288,172298,172310,172279,172288
172351,172371,172390,172396,172426,172363,172382,172395,172357,172367,172378,172378,172388,172398,172371,172378
172426,172465,172486,172493,172557,172457,172478,172492,172452,172462,172471,172474,172484,172497,172465,172474
172557,172584,172604,172613,172634,172577,172595,172610,172571,172581,172592,172592,172604,172614,172585,172592
172634,172680,172699,172707,172734,172672,172692,172706,172666,172676,172687,172687,172698,172710,172680,172687
172734,172793,172815,172821,172889,172785,172806,172820,172780,172790,172802,172803,172813,172824,172794,172803
172889,172907,172927,172935,172962,172900,172916,172932,172894,172904,172916,172916,172925,172936,172908,172916
172962,173002,173023,173030,173092,172994,173014,173029,172988,172998,173009,173011,173021,173032,173002,173011
173092,173112,173133,173141,173186,173104,173123,173138,173099,173109,173120,173120,173131,173142,173113,173120
173186,173206,173225,173232,173255,173198,173217,173231,173192,173203,173213,173213,173224,173234,173206,173213
173255,173302,173324,173330,173405,173294,173315,173329,173289,173299,173309,173311,173322,173333,173303,173311
173405,173430,173451,173439,173484,173422,173436,173439,173416,173427,173431,173431,173437,173441,173431,173439
173484,173541,173562,173569,173627,173533,173554,173568,173527,173538,173549,173550,173560,173572,173542,173550
173627,173646,173666,173677,173714,173638,173657,173671,173633,173642,173653,173653,173663,173677,173646,173653
173714,173732,173752,173762,173779,173724,173743,173757,173719,173729,173739,173739,173750,173761,173733,173739
173779,173812,173832,173840,173903,173804,173825,173839,173798,173808,173819,173819,173831,173842,173812,173819
173903,173928,173949,173957,173982,173921,173935,173938,173915,173925,173929,173929,173936,173938,173929,173937
173982,174022,174042,174050,174075,174014,174026,174030,174008,174018,174021,174021,174027,174030,174021,174028
174075,174109,174128,174137,174200,174101,174121,174136,174095,174105,174114,174117,174127,174138,174109,174117
174200,174231,174251,174259,174306,174224,174243,174258,174218,174228,174238,174240,174250,174261,174232,174240
174306,174339,174358,174371,174404,174331,174348,174364,174326,174336,174347,174347,174357,174370,174340,174347
174404,174433,174452,174461,174480,174425,174443,174460,174419,174430,174441,174441,174452,174462,174433,174441
174480,174530,174552,174559,174624,174522,174541,174558,174516,174527,174538,174538,174550,174561,174530,174538
174624,174650,174671,174678,174739,174642,174661,174677,174636,174646,174659,174659,174670,174680,174651,174659
174739,174771,174791,174799,174825,174763,174782,174798,174757,174768,174780,174780,174791,174801,174772,174780
174825,174885,174906,174916,174963,174878,174894,174911,174872,174882,174895,174895,174904,174916,174886,174895
174963,174982,175002,175010,175027,174974,174993,175007,174968,174979,174990,174990,175000,175012,174983,174990
175027,175072,175093,175102,175175,175065,175085,175101,175059,175069,175079,175082,175091,175105,175073,175082
175175,175201,175223,175229,175302,175193,175212,175228,175187,175197,175209,175209,175221,175232,175201,175209
175302,175321,175342,175352,175374,175313,175331,175348,175308,175318,175330,175330,175341,175353,175322,175330
175374,175422,175442,175449,175475,175414,175433,175448,175408,175419,175430,175430,175441,175451,175423,175430
175475,175525,175546,175555,175580,175517,175531,175534,175511,175522,175526,175526,175532,175534,175526,175533
175580,175640,175661,,175693,175632,175652,175668,175627,175637,175649,175649,175660,175672,175641,175649
175693,175737,175756,175765,175790,175729,175742,175745,175723,175733,175737,175737,175743,175745,175737,175744
175790,175841,175863,175871,175946,175833,175855,175870,175828,175838,175847,175851,175861,175874,175842,175851
175946,175965,175987,175993,176043,175957,175976,175992,175951,175961,175972,175972,175984,175998,175965,175972
176043,176062,176082,176093,176113,176054,176073,176087,176048,176058,176069,176069,176080,176092,176062,176069
176113,176150,176170,176177,176202,176142,176162,176176,176137,176147,176157,176157,176169,176179,176150,176157
176202,176261,176283,176292,176368,176254,176275,176291,176248,176258,176268,176271,176281,176296,176262,176271
176368,176388,176410,176417,176440,176381,176400,176416,176375,176385,176397,176397,176409,176420,176389,176397
176440,176493,176514,176523,176581,176485,176506,176522,176480,176489,176500,176502,176512,176526,176493,176502
176581,176614,176635,176642,176709,176606,176626,176641,176600,176611,176621,176624,176633,176644,176615,176624
176709,176728,176749,176756,176782,176720,176740,176753,176715,176725,176735,176737,176747,176757,176728,176737
176782,176825,176846,176852,176924,176817,176838,176851,176812,176821,176831,176834,176844,176854,176825,176834
176924,176943,176964,176971,177031,176935,176956,176970,176929,176939,176949,176952,176962,176972,176943,176952
177031,177050,177070,177080,177103,177043,177062,177076,177037,177047,177058,177058,177069,177080,177051,177058
177103,177150,177172,177226,177260,177143,177164,177179,177137,177147,177156,177160,177170,177180,177151,177160
177260,177277,177299,177309,177330,177270,177291,177305,177264,177275,177284,177288,177298,177309,177278,177288
177330,177382,177402,177408,177437,177375,177389,177391,177369,177379,177383,177383,177390,177391,177383,177391
177437,177488,177510,177517,177583,177480,177501,177516,177474,177484,177493,177496,177508,177518,177487,177496
177583,177606,177627,177634,177656,177598,177612,177616,177593,177603,177606,177606,177613,177616,177606,177614
177656,177706,177726,177733,177759,177698,177711,177715,177693,177703,177706,177706,177712,177715,177706,177714
177759,177817,177837,177845,177870,177809,177830,177844,177804,177813,177823,177827,177836,177846,177817,177827
177870,177928,177949,177955,178011,177920,177941,177954,177915,177925,177934,177937,177947,177958,177928,177937
178011,178029,178049,178055,178082,178021,178041,178054,178015,178025,178035,178038,178047,178057,178029,178038
178082,178139,178161,178167,178240,178131,178153,178166,178126,178136,178145,178149,178159,178169,178140,178149
178240,178258,178278,178287,178311,178251,178269,178285,178245,178255,178266,178266,178277,178290,178259,178266
178311,178358,178380,178386,178414,178351,178363,178368,178345,178355,178359,178359,178364,178368,178359,178366
178414,178468,178490,178496,178557,178460,178482,178495,178455,178465,178475,178477,178488,178498,178468,178477
178557,178577,178598,178603,178633,178569,178589,178602,178563,178573,178584,178584,178595,178606,178577,178584
178633,178686,178707,178717,178792,178678,178700,178716,178672,178682,178691,178695,178705,178721,178686,178695
178792,178811,178833,178840,178892,178804,178825,178839,178798,178808,178818,178821,178831,178845,178812,178821
178892,178926,178946,178953,178984,178919,178933,178935,178913,178923,178927,178927,178934,178935,178927,178934
178984,179033,179055,179061,179134,179025,179046,179060,179019,179029,179040,179043,179053,179064,179033,179043
179134,179152,179174,179180,179204,179145,179165,179179,179139,179149,179159,179162,179172,179182,179153,179162
179204,179250,179270,179276,179341,179242,179261,179275,179236,179246,179256,179256,179268,179277,179250,179256
179341,179372,179394,179412,179480,179365,179386,179402,179359,179369,179379,179383,179392,179402,179373,179383
179480,179499,179519,179526,179554,179491,179511,179525,179485,179495,179505,179508,179518,179528,179499,179508
179554,179609,179632,179640,179716,179602,179624,179639,179596,179606,179616,179620,179630,179641,179610,179620
179716,179735,179758,179769,179787,179728,179742,179746,179723,179733,179736,179736,179743,179746,179736,179744
179787,179834,179854,179862,179890,179827,179840,179842,179821,179831,179835,179835,179841,179842,179835,179842
179890,179940,179963,179969,180045,179933,179954,179968,179927,179937,179947,179952,179961,179971,179941,179949
180045,180064,180087,180096,180116,180057,180071,180075,180052,180062,180066,180066,180072,180075,180066,180074
180116,180158,180180,180187,180258,180150,180171,180186,180144,180154,180163,180167,180178,180189,180158,180167
180258,180278,180300,180307,180383,180270,180291,180306,180265,180275,180284,180288,180298,180309,180278,180288
180383,180401,180423,180432,180483,180394,180414,180428,180388,180398,180409,180411,180421,180431,180402,180411
180483,180503,180523,180535,180556,180496,180516,180529,180490,180500,180510,180513,180522,180535,180504,180513
180556,180596,180617,180624,180646,180589,180601,180606,180583,180593,180596,180596,180602,180606,180596,180604
180646,180698,180720,180739,180795,180690,180712,180728,180685,180694,180703,180708,180718,180728,180698,180705
180795,180813,180835,180853,180938,180806,180828,180842,180801,180810,180819,180824,180833,180842,180814,180821
180938,181001,181020,,181038,180994,181002,,180989,180998,181006,181011,181032,181031,181001,181008
181038,181110,181135,181154,181211,181103,181126,181142,181098,181108,181116,181122,181133,181142,181111,181119
181211,181225,181248,181261,181306,181219,181239,181252,181214,181223,181231,181236,181245,181252,181226,181233
181306,181323,181346,,181361,181316,181326,,181311,181320,181323,181323,181327,181332,181323,181330
181361,181428,181450,,181466,181422,181428,,181416,181426,181434,181439,181451,181460,181429,181436
181466,181549,181574,181627,181687,181543,181564,181581,181538,181547,181556,181561,181572,181581,181551,181558
181687,181748,181771,181789,181851,181741,181763,181777,181736,181745,181753,181759,181769,181777,181749,181756
181851,181872,181896,181914,181975,181864,181887,181902,181859,181869,181878,181882,181894,181902,181872,181882
181975,181992,182014,182026,182064,181985,182004,182019,181979,181989,181997,182001,182012,182023,181992,182001
182064,182084,182104,182112,182132,182076,182096,182111,182070,182080,182091,182091,182103,182112,182084,182091
182132,182174,182196,182203,182227,182166,182178,182183,182161,182171,182174,182174,182179,182183,182174,182181
182227,182300,182323,182308,182381,182293,182306,182308,182287,182297,182301,182301,182307,182312,182301,182309
182381,182397,182419,,182447,182390,182410,182427,182385,182394,182402,182406,182417,182427,182397,182406
182447,182492,182514,182530,182589,182484,182506,182519,182479,182489,182497,182501,182512,182519,182492,182501
182589,182622,182646,182702,182736,182616,182638,182653,182610,182620,182628,182634,182644,182653,182623,182631
182736,182755,182777,182801,182859,182747,182770,182783,182741,182751,182760,182765,182776,182783,182755,182762
182859,182876,182898,182904,182932,182869,182890,182903,182863,182873,182882,182887,182896,182906,182877,182887
182932,182981,183004,183021,183077,182974,182996,183010,182968,182978,182987,182992,183003,183010,182982,182989
183077,183104,183126,183141,183195,183097,183119,183140,183092,183102,183110,183115,183124,183144,183105,183115
183195,183224,183245,183251,183307,183217,183237,183250,183212,183221,183230,183234,183243,183253,183225,183234
183307,183335,183358,183363,183436,183328,183350,183362,183322,183332,183341,183347,183356,183365,183336,183344
183436,183464,183486,183493,183556,183457,183478,183492,183451,183461,183471,183475,183484,183494,183465,183475
183556,183574,183594,183606,183629,183567,183585,183600,183562,183571,183582,183582,183593,183604,183575,183582
183629,183674,183696,183703,183776,183667,183688,183702,183661,183671,183682,183685,183694,183705,183675,183685
183776,183801,183823,183850,183917,183794,183816,183830,183789,183799,183808,183812,183822,183830,183802,183812
183917,183935,183959,184008,184038,183928,183948,183968,183923,183932,183943,183943,183957,183968,183936,183943
184038,184056,184078,184088,184107,184049,184061,184064,184043,184053,184056,184056,184062,184064,184056,184063
184107,184173,184196,184207,184285,184166,184187,184206,184161,184170,184180,184184,184194,184209,184174,184184
184285,184306,184329,184348,184410,184299,184320,184334,184293,184303,184314,184317,184327,184336,184307,184317
184410,184428,184451,184461,184516,184420,184440,184456,184415,184425,184435,184437,184449,184459,184429,184437
184516,184541,184561,184574,184592,184534,184547,184550,184528,184538,184542,184542,184548,184550,184542,184549
184592,184648,184670,,184700,184641,184661,184676,184636,184645,184655,184659,184669,184678,184649,184659
184700,184725,184731,184734,184763,184715,184727,184733,184704,184721,184725,184725,184729,184734,184725,184731
184763,184787,184810,184820,184892,184780,184793,184820,184774,184784,184795,184800,184808,184824,184788,184797
184892,184915,184938,184947,185009,184908,184929,184943,184902,184912,184921,184926,184936,184946,184916,184923
185009,185029,185050,185057,185128,185021,185041,185056,185015,185025,185036,185038,185048,185057,185029,185038
185128,185156,185178,185199,185261,185148,185169,185185,185143,185153,185163,185165,185177,185186,185156,185165
185261,185282,185304,185326,185365,185275,185297,185318,185269,185279,185288,185293,185303,185323,185283,185293
185365,185396,185418,185434,185483,185389,185410,185426,185384,185394,185403,185407,185417,185431,185397,185407
185483,185511,185537,185560,185622,185504,185528,185544,185499,185509,185518,185524,185536,185544,185513,185521
185622,185644,185665,,185680,185637,185650,,185632,185641,185645,185645,185651,185653,185645,185652
185680,185758,185781,185801,185850,185751,185773,185786,185746,185755,185764,185769,185779,185786,185759,185769
185850,185874,185896,185909,185960,185866,185887,185901,185860,185871,185880,185884,185894,185905,185875,185884
185960,186000,186022,186030,186066,185993,186004,186026,185987,185997,186007,186012,186020,186030,186001,186009
186066,186105,186128,186178,186213,186097,186121,186133,186092,186102,186110,186116,186126,186133,186105,186113
186213,186229,186251,186266,186319,186223,186244,186258,186217,186226,186235,186240,186250,186262,186230,186240
186319,186342,186363,186386,186448,186335,186355,186371,186329,186339,186347,186350,186362,186371,186342,186350
186448,186466,186490,186511,186559,186459,186481,186498,186454,186464,186473,186478,186488,186501,186468,186478
186559,186577,186599,186606,186624,186570,186582,186588,186565,186575,186578,186578,186583,186588,186578,186585
186624,186690,186713,186726,186784,186683,186704,186725,186678,186687,186696,186700,186711,186727,186690,186700
186784,186801,186824,186834,186897,186794,186814,186829,186788,186797,186807,186809,186822,186831,186801,186809
186897,186919,186940,186948,186971,186911,186932,186947,186905,186917,186928,186928,186939,186950,186921,186928
186971,186996,187034,187046,187125,187038,187058,187073,187033,187043,,,187033,,187047,
187125,187160,187181,187188,187263,187153,187171,187187,187147,187157,187169,187169,187180,187190,187161,187169
187263,187283,187306,187315,187383,187276,187290,187311,187270,187280,187291,187294,187304,187314,187284,187294
187383,187401,187420,187433,187453,187394,187409,187427,187388,187398,187410,187410,187420,187432,187402,187410
187453,187497,187520,187528,187598,187490,187512,187527,187484,187494,187504,187509,187518,187535,187498,187509
187598,187623,187646,187654,187675,187616,187630,187636,187611,187621,187625,187625,187632,187636,187625,187634
187675,187734,187755,187761,187817,187726,187745,187760,187721,187731,187741,187743,187753,187764,187734,187743
187817,187847,187869,187876,187950,187839,187860,187875,187834,187844,187854,187858,187867,187878,187848,187858
187950,187974,187996,188008,188052,187967,187982,188002,187962,187972,187984,187984,187995,188008,187976,187984
188052,188085,188108,188114,188182,188078,188098,188113,188072,188082,188096,188096,188106,188115,188086,188096
188182,188210,188232,188245,188314,188202,188222,188244,188197,188207,188218,188218,188231,188248,188210,188218
188314,188331,188352,188363,188387,188324,188341,188357,188318,188328,188340,188340,188350,188366,188332,188340
188387,188431,188452,188461,188483,188423,188436,188441,188418,188427,188431,188431,188437,188441,188431,188439
188483,188508,188533,,188541,188493,188513,,188486,188496,188502,188507,188514,188526,188499,188507
188541,188560,188583,188595,188657,188553,188574,188589,188547,188557,188567,188572,188581,188596,188562,188572
188657,188675,188695,188704,188726,188668,188687,188703,188662,188672,188684,188684,188694,188710,188676,188684
188726,188781,188803,188810,188877,188774,188794,188809,188768,188778,188787,188791,188801,188811,188782,188791
188877,188907,188928,188917,188958,188900,188913,188918,188894,188904,188908,188908,188914,188918,188908,188916
188958,189013,189033,189049,189109,189005,189026,189041,189000,189010,189019,189022,189032,189041,189014,189022
189109,189137,189160,189179,189231,189129,189151,189174,189124,189134,189144,189148,189158,189178,189138,189148
189231,189250,189272,,189299,189242,189263,189278,189237,189246,189257,189257,189270,189278,189250,189257
189299,189350,189369,189383,189448,189342,189362,189374,189337,189346,189357,189357,189367,189374,189350,189357
189448,189466,189487,,189499,189459,189472,,189453,189463,189467,189467,189473,189477,189467,189475
189499,189557,189577,,189602,189549,189564,189584,189544,189553,189562,189566,189576,189584,189557,189566
189602,189650,189672,189715,189756,189642,189665,189680,189637,189647,189656,189661,189670,189680,189651,189658
189756,189774,189797,189803,189829,189767,189784,189801,189762,189771,189781,189781,189794,189805,189774,189781
189829,189887,189909,189915,189942,189880,189894,189914,189874,189884,189897,189899,189907,189916,189889,189899
189942,190002,190022,,190051,189995,190011,190030,189989,189999,190011,190011,190022,190037,190003,190011
190051,190108,190127,190134,190160,190100,190117,190133,190095,190104,190116,190116,190126,190136,190108,190116
190160,190213,190235,190241,190305,190205,190219,190241,190200,190210,190220,190225,190233,190242,190214,190222
190305,190323,190345,190354,190374,190316,190336,190350,190310,190320,190331,190334,190343,190353,190324,190334
190374,190427,190446,190453,190476,190419,190436,190452,190414,190424,190435,190435,190445,190456,190427,190435
190476,190534,190556,190560,190637,190527,190548,190559,190521,190531,190541,190546,190554,190562,190535,190546
190637,190654,190676,190685,190705,190647,190661,190680,190641,190651,190665,190665,190674,190685,190655,190665
190705,190751,190773,190779,190845,190743,190763,190778,190738,190748,190759,190759,190771,190781,190752,190759
190845,190871,190893,190899,190963,190863,190884,190898,190858,190868,190878,190881,190891,190901,190872,190881
190963,190981,191001,191011,191039,190973,190988,191006,190968,190978,190990,190990,191000,191011,190982,190990
191039,191080,191102,191110,191174,191072,191092,191109,191067,191077,191087,191090,191100,191114,191081,191090
191174,191193,191215,191223,191276,191186,191205,191220,191180,191190,191201,191204,191214,191224,191194,191204
191276,191294,191313,191319,191347,191287,191305,191318,191281,191291,191301,191301,191312,191322,191295,191301
191347,191388,191407,191414,191441,191380,191392,191397,191375,191384,191388,191388,191393,191397,191388,191395
191441,191489,191510,,191541,191481,191502,191522,191475,191485,191497,191497,191509,191525,191489,191497
191541,191582,191599,191607,191637,191574,191592,191606,191568,191578,191587,191587,191598,191614,191581,191587
191637,191673,191692,191713,191783,191664,191686,191700,191659,191668,191676,191681,191691,191700,191672,191678
191783,191805,191828,191866,191890,191797,191820,191834,191792,191802,191811,191816,191826,191834,191806,191813
191890,191928,191948,191954,191981,191921,191940,191953,191915,191925,191935,191935,191947,191956,191928,191935
191981,192038,192061,192067,192147,192031,192053,192066,192025,192035,192045,192050,192059,192068,192039,192050
192147,192165,192186,192197,192216,192157,192174,192191,192152,192162,192174,192174,192184,192196,192166,192174
192216,192262,192282,192289,192315,192254,192274,192288,192249,192259,192270,192270,192281,192290,192262,192270
192315,192357,192379,192393,192454,192350,192371,192386,192345,192354,192363,192368,192377,192386,192358,192368
192454,192473,192494,192507,192525,192466,192486,192506,192461,192470,192479,192482,192492,192511,192474,192482
192525,192568,192588,192625,192671,192561,192581,192600,192556,192565,192573,192577,192586,192600,192568,192577
192671,192690,192712,192735,192802,192682,192704,192718,192677,192687,192695,192700,192710,192718,192690,192697
192802,192820,192841,192850,192893,192812,192834,192846,192806,192816,192827,192830,192840,192850,192820,192830
192893,192931,192953,192980,193018,192924,192945,192966,192918,192928,192937,192941,192951,192966,192932,192941
193018,193054,193076,193082,193158,193047,193067,193081,193041,193051,193063,193063,193074,193082,193055,193063
193158,193175,193196,193206,193231,193168,193182,193202,193163,193173,193185,193185,193195,193206,193177,193185
193231,193278,193300,193306,193374,193270,193291,193305,193264,193275,193284,193288,193298,193308,193278,193288
193374,193400,193423,193428,193502,193393,193414,193427,193388,193398,193408,193412,193421,193431,193401,193409
193502,193519,193540,193550,193573,193512,193526,193545,193507,193516,193528,193528,193539,193549,193520,193528
193573,193620,193642,193648,193719,193613,193635,193647,193607,193617,193627,193632,193640,193649,193621,193629
193719,193741,193764,193770,193832,193734,193755,193769,193729,193738,193749,193752,193762,193772,193742,193752
193832,193859,193880,193885,193917,193852,193872,193884,193847,193857,193866,193870,193878,193888,193860,193870
193917,193972,193994,194000,194072,193964,193978,194000,193959,193969,193980,193984,193992,194001,193973,193984
194072,194092,194115,194124,194182,194085,194106,194120,194079,194089,194099,194104,194113,194124,194093,194101
194182,194200,194221,194227,194252,194193,194211,194226,194187,194197,194209,194209,194219,194230,194201,194209
194252,194316,194338,194344,194403,194309,194322,194343,194303,194313,194324,194327,194336,194346,194317,194327
194403,194432,194453,194463,194486,194425,194441,194459,194420,194429,194441,194441,194452,194463,194433,194441
194486,194533,194555,194561,194638,194525,194546,194560,194520,194530,194539,194543,194553,194564,194533,194543
194638,194659,194681,194688,194758,194651,194672,194687,194646,194656,194666,194670,194679,194690,194660,194670
194758,194776,194797,194803,194832,194769,194788,194802,194763,194773,194784,194785,194795,194806,194777,194785
194832,194887,194909,194916,194984,194879,194901,194915,194874,194884,194894,194898,194907,194916,194888,194898
194984,195010,195031,195038,195102,195002,195022,195037,194997,195007,195018,195018,195030,195039,195011,195018
195102,195120,195140,195148,195176,195113,195132,195145,195107,195117,195128,195128,195139,195149,195121,195128
195176,195219,195242,195247,195311,195212,195233,195246,195207,195216,195226,195230,195240,195249,195220,195230
195311,195342,195364,195371,195438,195335,195356,195370,195329,195339,195349,195354,195363,195372,195343,195351
195438,195459,195479,195485,195515,195452,195469,195484,195446,195456,195467,195467,195478,195488,195460,195467
195515,195564,195587,195592,195647,195557,195578,195591,195551,195561,195572,195574,195585,195594,195565,195574
195647,195665,195687,195693,195717,195658,195679,195692,195652,195662,195671,195676,195685,195696,195665,195673
195717,195758,195776,,195809,195750,195769,,195745,195754,195764,195764,195775,195783,195758,195764
195809,195848,195869,195886,195934,195840,195862,195875,195835,195845,195853,195857,195867,195875,195848,195857
195934,195951,195972,195987,196029,195944,195965,195978,195939,195948,195955,195961,195970,195978,195951,195958
196029,196060,196081,196108,196170,196052,196075,196087,196047,196056,196064,196070,196079,196087,196060,196067
196170,196187,196209,196257,196344,196180,196202,196221,196175,196184,196193,196198,196207,196225,196188,196198
196344,196403,196428,196445,196504,196396,196420,196433,196391,196401,196410,196416,196426,196433,196405,196413
196504,196520,196542,196556,196573,196513,196534,196550,196507,196517,196526,196530,196540,196554,196521,196530
196573,196615,196638,196662,196710,196608,196630,196643,196603,196612,196621,196626,196636,196643,196616,196623
196710,196728,196752,196768,196809,196721,196741,196767,196716,196726,196735,196737,196750,196771,196729,196737
196809,196826,196845,196852,196882,196819,196839,196851,196814,196823,196832,196835,196844,196853,196827,196835
196882,196930,196955,196970,197035,196924,196946,196960,196918,196928,196937,196942,196953,196960,196932,196939
197035,197055,197074,,197087,197048,197060,,197043,197052,197056,197056,197061,197064,197056,197062
197087,197148,197168,,197192,197141,197154,197175,197135,197145,197152,197158,197167,197175,197148,197155
197192,197256,197281,197302,197357,197249,197271,197288,197244,197253,197262,197266,197279,197288,197257,197266
197357,197374,197396,197409,197430,197367,197387,197403,197362,197371,197380,197384,197394,197409,197375,197384
197430,197471,197497,197518,197572,197465,197486,197511,197460,197469,197476,197481,197496,197515,197472,197481
197572,197587,197613,197594,197621,197581,197592,197594,197576,197585,197588,197588,197593,197598,197588,197595
197621,197694,197714,,197746,197688,197701,197726,197683,197691,197699,197704,197713,197726,197695,197704
197746,197801,197825,197841,197907,197793,197815,197830,197788,197797,197805,197810,197823,197830,197801,197807
197907,197924,197947,197962,198000,197917,197938,197955,197912,197921,197930,197935,197945,197962,197925,197932
198000,198019,198040,,198060,198011,198023,,198006,198015,198019,198019,198024,198027,198019,198026
198060,198113,198135,198151,198200,198106,198128,198150,198100,198110,198119,198124,198134,198151,198114,198124
198200,198218,198237,,198249,198211,198222,,198205,198215,198218,198218,198223,198228,198218,198225
198249,198312,198334,198358,198400,198305,198327,198338,198299,198308,198316,198322,198332,198338,198312,198319
198400,198439,198463,198482,198538,198432,198455,198469,198427,198437,198446,198451,198461,198469,198441,198448
198538,198555,198577,198589,198611,198548,198569,198585,198543,198552,198560,198566,198575,198590,198556,198563
198611,198661,198681,,198696,198653,198665,,198648,198658,198667,198672,198681,198690,198662,198672
198696,198741,198777,198788,198872,198781,198802,198817,198775,198785,,,198775,,198789,
198872,198892,198913,198918,198986,198885,198906,198917,198879,198889,198899,198903,198912,198919,198893,198903
198986,199009,199032,199056,199117,199002,199023,199037,198997,199007,199016,199020,199030,199039,199010,199020
199117,199134,199155,199168,199186,199127,199143,199162,199121,199131,199144,199144,199154,199169,199135,199144
199186,199237,199259,199266,199338,199230,199251,199265,199224,199234,199243,199248,199257,199268,199238,199245
199338,199358,199380,199435,199467,199351,199371,199385,199345,199355,199366,199368,199378,199387,199359,199368
199467,199485,199506,199515,199575,199478,199496,199511,199472,199482,199494,199494,199504,199516,199486,199494
199575,199603,199626,199633,199708,199596,199609,199631,199590,199600,199611,199616,199624,199634,199604,199613
199708,199725,199748,199756,199810,199718,199739,199755,199713,199722,199733,199737,199747,199756,199726,199737
199810,199841,199861,199869,199927,199834,199853,199868,199828,199838,199849,199849,199860,199872,199842,199849
199927,199955,199978,199984,200056,199948,199970,199983,199943,199953,199962,199968,199977,199986,199956,199965
200056,200077,200098,200109,200130,200070,200088,200105,200065,200074,200086,200086,200096,200113,200078,200086
200130,200179,200200,200212,200253,200172,200191,200206,200167,200176,200188,200188,200199,200209,200180,200188
200253,200274,200295,200302,200322,200266,200278,200283,200260,200270,200274,200274,200279,200283,200274,200281
200322,200368,200388,,200414,200361,200372,200377,200356,200365,200368,200368,200373,200377,200368,200375
200414,200459,200482,200497,200568,200451,200473,200487,200446,200455,200463,200466,200480,200487,200458,200466
200568,200594,200617,200635,200685,200588,200599,200623,200583,200592,200601,200607,200616,200624,200596,200604
200685,200703,200724,,200734,200696,200707,,200691,200700,200703,200703,200708,200714,200703,200711
200734,200797,200819,,200845,200791,200800,200824,200786,200795,200802,200808,200818,200825,200798,200805
200845,200885,200905,,200934,200877,200888,,200872,200881,200885,200885,200889,200896,200885,200893
200934,200962,200995,201005,201049,200954,200977,201000,200949,200958,200966,200972,200994,201004,200962,200969
201049,201063,201086,201096,201115,201057,201078,201095,201053,201061,201069,201075,201084,201103,201065,201072
201115,201147,201155,,201182,201141,201151,201174,201136,201145,201153,201160,201170,201175,201149,201156
201182,201244,201271,201318,201371,201334,,,201234,201244,201251,201258,201269,201280,201247,201254
201371,201425,201447,,201463,201418,201429,,201413,201422,201430,201435,201447,201455,201426,201435
201463,201514,201534,,201550,201507,201518,,201502,201511,201519,201524,201535,201543,201515,201521
201550,201611,201630,,201645,201605,201610,,201600,201608,201615,201621,201630,201637,201612,201618
201645,201707,201732,201753,201795,201700,201724,201736,201695,201705,201714,201720,201730,201736,201710,201717
201795,201808,201836,201845,201892,201802,201824,201844,201797,201806,201814,201820,201834,201848,201810,201817
201892,201907,201926,,201945,201900,201910,,201895,201904,201907,201907,201911,201916,201907,201914
201945,202001,202022,,202033,201994,202001,,201989,201998,202007,202007,202024,202023,202001,202007
202033,202108,202127,,202140,202100,202101,,202095,202104,202113,202113,202128,202127,202107,202113
202140,202197,202216,,202238,202189,202202,202220,202184,202193,202201,202207,202215,202220,202197,202204
202238,202280,202302,,202315,202272,202286,,202267,202277,202285,202291,202309,202308,202280,202288
202315,202363,202384,,202402,202356,202370,,202352,202361,202368,202374,202384,202393,202364,202371
202402,202442,202466,202482,202574,202431,202454,202476,202425,202435,202442,202447,202463,202480,202438,202444
202574,202636,202655,,202672,202629,202636,,202623,202633,202640,202645,202654,202660,202637,202645
202672,202727,202746,,202760,202719,202728,,202714,202724,202732,202736,202757,202756,202728,202736
202760,202821,202841,,202858,202814,202822,,202808,202818,202827,202829,202842,202851,202822,202829
202858,202913,202932,,202958,202906,202922,202938,202901,202910,202918,202920,202931,202938,202913,202920
202958,202995,203015,,203032,202988,203004,,202984,202993,203000,203005,203018,203026,202996,203002
203032,203088,203108,,203125,203081,203091,,203077,203086,203094,203098,203108,203115,203089,203095
203125,203184,203204,,203247,203177,203188,203190,203171,203181,203184,203184,203189,203190,203184,203189
203247,203269,203290,,203305,203261,203271,,203256,203265,203268,203268,203272,203276,203268,203274
203305,203365,203389,203403,203454,203357,203380,203402,203352,203362,203369,203375,203388,203407,203365,203372
203454,203483,203506,203572,203607,203565,,,203472,203481,203489,203493,203504,203523,203484,203493
203607,203676,203698,,203712,203669,203674,,203664,203673,203682,203688,203699,203707,203677,203685
203712,203787,203809,203819,203860,203780,203791,203796,203774,203784,203787,203787,203792,203796,203787,203794
203860,203878,203898,,203911,203870,203880,,203865,203874,203877,203877,203881,203885,203877,203883
203911,203973,203993,,204009,203967,203973,,203962,203971,203978,203983,203993,204004,203974,203980
204009,204067,204087,,204099,204059,204066,,204054,204063,204070,204076,204088,204093,204066,204073
204099,204155,204177,204211,204244,204147,204169,204182,204142,204151,204157,204162,204175,204182,204154,204162
204244,204259,204281,204292,204326,204253,204273,204285,204248,204257,204266,204270,204279,204289,204261,204270
204326,204345,204366,,204382,204335,204345,,204330,204339,204342,204342,204346,204354,204342,204349
204382,204426,204450,204486,204515,204419,204442,204456,204414,204423,204431,204436,204448,204456,204426,204433
204515,204532,204551,,204565,204524,204533,,204518,204528,204531,204531,204534,204540,204531,204537
204565,204624,204645,,204696,204617,204628,204633,204613,204622,204625,204625,204629,204633,204625,204631
204696,204714,204733,,204747,204706,204713,,204700,204709,204712,204712,204714,204719,204712,204717
204747,204797,204817,,204830,204789,204799,,204784,204794,204800,204807,204821,204820,204797,204803
204830,204898,204919,204941,204980,204890,204912,204940,204885,204895,204901,204907,204917,204942,204898,204904
204980,205004,205027,205058,205084,204998,205020,205034,204993,205003,205010,205016,205025,205034,205006,205013
205084,205101,205122,,205133,205094,205103,,205088,205098,205101,205101,205104,205109,205101,205106
205133,205196,205221,,205238,205190,205200,,205185,205193,205200,205205,205221,205230,205196,205202
205238,205297,205319,,205350,205292,205301,205308,205287,205295,205298,205298,205302,205308,205298,205305
205350,205396,205414,205433,205475,205388,205408,205418,205383,205392,205398,205403,205412,205418,205395,205403
205475,205496,205518,,205528,205490,205500,,205485,205494,205497,205497,205501,205507,205497,205504
205528,205599,205630,205637,205726,205689,,,205587,205595,205602,205608,205629,205639,205599,205605
205726,205787,205801,,205839,205776,205795,205815,205770,205780,205784,205790,205800,205818,205782,205787
205839,205883,205902,205917,205954,205875,205896,205916,205870,205879,205886,205891,205901,205919,205882,205888
205954,205971,205990,206004,206034,205963,205983,206003,205958,205967,205973,205978,205988,206006,205969,205975
206034,206055,206078,206125,206151,206048,206070,206079,206043,206053,206060,206065,206076,206079,206056,206065
206151,206167,206189,206202,206229,206160,206181,206201,206155,206164,206170,206176,206188,206206,206166,206173
206229,206275,206295,206311,206347,206266,206288,206302,206260,206270,206277,206283,206294,206302,206274,206280
206347,206371,206392,206408,206436,206354,206382,206400,206363,206365,206376,206376,206392,206405,206370,206376
206436,206460,206478,206535,206583,206450,206471,206493,206445,206454,206461,206465,206476,206496,206457,206465
206583,206656,206679,206736,206793,206649,206671,206693,206645,206653,206660,206666,206677,206693,206656,206663
206793,206862,206883,206945,207050,206855,206875,206897,206849,206859,206865,206870,206880,206901,206862,206870
207050,207065,207086,207102,207150,207058,207079,207091,207053,207062,207069,207074,207084,207091,207065,207074
207150,207167,207187,207225,207255,207159,207179,207201,207154,207163,207170,207174,207184,207205,207166,207174
207255,207285,207306,207322,207376,207278,207299,207321,207273,207282,207289,207294,207304,207326,207285,207294
207376,207402,207423,207432,207481,207395,207416,207431,207391,207400,207407,207412,207422,207436,207403,207409
207481,207510,207533,207544,207588,207503,207525,207543,207498,207507,207514,207520,207532,207548,207511,207517
207588,207627,207651,207665,207719,207622,207643,207658,207617,207626,207634,207640,207650,207658,207630,207636
207719,207733,207754,207773,207795,207727,207747,207759,207722,207731,207738,207743,207752,207763,207734,207743
207795,207823,207839,,207890,207814,207834,207844,207808,207817,207823,207829,207838,207844,207820,207826
207890,207920,207942,207958,208018,207913,207936,207957,207908,207916,207923,207931,207941,207961,207920,207927
208018,208037,208059,208076,208116,208030,208052,208066,208024,208033,208040,208047,208058,208066,208037,208044
208116,208134,208155,208168,208222,208125,208148,208167,208120,208129,208136,208142,208153,208171,208132,208139
208222,208249,208270,208287,208339,208242,208264,208275,208237,208246,208253,208259,208269,208275,208249,208256
208339,208354,208375,208394,208436,208347,208368,208382,208342,208351,208358,208364,208373,208382,208354,208361
208436,208457,208478,208496,208540,208450,208472,208486,208445,208454,208461,208467,208477,208486,208458,208464
208540,208576,208595,208614,208668,208567,208589,208613,208562,208571,208578,208584,208594,208618,208574,208581
208668,208685,208705,208716,208772,208677,208698,208715,208672,208681,208687,208693,208703,208719,208684,208690
208772,208791,208810,208856,208895,208781,208803,208816,208776,208784,208790,208797,208808,208816,208787,208794
208895,208931,208952,209006,209043,208923,208945,208957,208918,208927,208935,208941,208950,208957,208931,208938
209043,209060,209082,209125,209149,209053,209074,209094,209048,209057,209064,209070,209080,209100,209060,209067
209149,209182,209203,209247,209274,209175,209196,209211,209169,209179,209187,209192,209202,209211,209182,209189
209274,209305,209327,209343,209399,209298,209320,209334,209293,209302,209310,209316,209326,209334,209306,209313
209399,209416,209436,209484,209515,209408,209429,209451,209403,209412,209419,209424,209434,209456,209415,209424
209515,209544,209566,209589,209666,209537,209559,209578,209531,209541,209548,209554,209565,209584,209544,209551
209666,209693,209715,209728,209776,209686,209708,209727,209681,209690,209699,209705,209714,209732,209694,209702
209776,209807,209827,209841,209891,209799,209820,209840,209793,209803,209811,209815,209826,209844,209806,209815
209891,209933,209955,209967,210027,209924,209947,209966,209918,209929,209936,209942,209953,209972,209932,209939
210027,210066,210088,210128,210163,210059,210080,210093,210053,210063,210070,210075,210086,210095,210066,210075
210163,210189,210213,210229,210269,210173,210198,210220,210168,210176,210184,210192,210212,210228,210180,210187
210269,210283,210303,210314,210350,210307,210319,210323,210301,210311,,,210301,,210315,
210350,210416,210437,,210470,210409,210427,210449,210404,210413,210422,210426,210435,210452,210416,210426
210470,210512,210532,,210554,210504,210516,210523,210499,210509,210513,210513,210517,210523,210513,210520
210554,210607,210627,,210666,210598,210609,210616,210594,210602,210606,210606,210610,210616,210606,210613
210666,210697,210726,210732,210756,210686,210698,210705,210680,210691,210694,210694,210699,210705,210694,210702
210756,210796,210808,210814,210855,210779,210803,210813,210773,210782,210790,210797,210807,210820,210786,210793
210855,210876,210895,210898,210934,210866,210889,210898,210861,210870,210879,210884,210893,210902,210874,210881
210934,210951,210970,210977,211005,210943,210960,210974,210937,210947,210957,210957,210968,210978,210950,210957
211005,211022,211038,211048,211073,211014,211030,211045,211009,211018,211028,211028,211038,211050,211022,211028
211073,211090,211108,211114,211140,211082,211100,211113,211076,211086,211096,211097,211106,211120,211090,211097
211140,211158,211177,211184,211210,211149,211169,211183,211143,211153,211162,211165,211174,211187,211156,211165
211210,211231,211245,211248,211274,211220,211239,211247,211214,211224,211231,211234,211242,211255,211227,211234
211274,211317,211340,211348,211369,211298,211323,211329,211293,211301,211309,211316,211324,211329,211305,211312
211369,211383,211399,211402,211421,211376,211393,211401,211371,211380,211387,211391,211397,211404,211383,211391
211421,211462,211476,211482,211524,211456,211466,211481,211451,211460,211463,211463,211473,211487,211463,211479
211524,211541,211550,211562,211603,211535,211545,211552,211530,211539,211543,211543,211547,211552,211543,211549
211603,211620,211655,211638,211687,211613,211624,211638,211607,211616,211626,211628,211632,211644,211620,211628
211687,211706,211718,211721,211776,211696,211712,211720,211690,211699,211707,211707,211715,211722,211702,211707
211776,211795,211809,211813,211870,211787,211802,211813,211781,211791,211794,211794,211807,211818,211794,211813
211870,211890,211904,211907,211967,211881,211897,211907,211876,211885,211896,211896,211902,211911,211889,211896
211967,211986,212001,212004,212060,211978,211993,212004,211973,211982,211992,211992,211999,212008,211986,211992
212060,212079,212096,212117,212152,212070,212107,212116,212064,212074,212084,212102,212110,212118,212078,212098
212152,212171,212186,212189,212250,212163,212180,212189,212157,212166,212176,212176,212184,212193,212170,212176
212250,212270,212285,212288,212338,212261,212280,212288,212256,212265,212274,212276,212283,212292,212268,212276
212338,212357,212371,212375,212428,212348,212364,212374,212342,212352,212361,212361,212369,212378,212355,212361
212428,212448,212464,212469,212528,212439,212458,212468,212433,212443,212451,212454,212462,212474,212446,212454
212528,212549,212564,212567,212621,212539,212558,212566,212533,212542,212550,212553,212562,212570,212545,212553
212621,212642,212657,212659,212713,212632,212652,212659,212626,212636,212644,212647,212654,212662,212639,212647
212713,212732,212745,212748,212805,212722,212739,212748,212717,212726,212734,212734,212742,212754,212729,212734
212805,212827,212839,212841,212898,212815,212834,212841,212809,212818,212825,212829,212837,212844,212821,212829
212898,212921,212934,212937,212996,212909,212929,212937,212903,212913,212921,212921,212931,212940,212916,212921
212996,213016,213031,213035,213085,213007,213025,213034,213001,213010,213018,213022,213029,213038,213014,213022
213085,213104,213118,213122,213175,213095,213112,213122,213089,213099,213109,213109,213116,213126,213103,213109
213175,213194,213212,213215,213264,213185,213208,213215,213180,213189,213198,213202,213210,213218,213193,213202
213264,213283,213298,213301,213353,213274,213293,213301,213268,213278,213286,213289,213296,213305,213281,213289
213353,213372,213387,213391,213439,213364,213381,213391,213358,213367,213377,213377,213385,213394,213371,213377
213439,213457,213471,213475,213519,213449,213461,213474,213444,213453,213457,213457,213468,213479,213457,213474
213519,213539,213555,213558,213605,213530,213549,213558,213525,213534,213544,213544,213553,213561,213538,213544
213605,213623,213639,213642,213694,213615,213633,213642,213609,213619,213628,213630,213637,213646,213622,213630
213694,213712,213728,213731,213780,213704,213720,213731,213698,213708,213718,213718,213725,213734,213711,213718
213780,213798,213813,213816,213863,213790,213805,213815,213785,213794,213804,213804,213811,213819,213798,213804
213863,213881,213897,213920,213953,213873,213908,213919,213867,213877,213895,213903,213913,213921,213880,213899
213953,213973,213988,213992,214046,213964,213983,213992,213959,213968,213978,213978,213986,213996,213971,213978
214046,214064,214079,214082,214131,214056,214071,214082,214051,214060,214070,214070,214076,214085,214064,214070
214131,214148,214162,214167,214210,214140,214153,214164,214134,214144,214148,214148,214159,214168,214148,214164
214210,214227,214241,214244,214286,214219,214233,214243,214213,214223,214232,214232,214238,214248,214226,214232
214286,214305,214321,214324,214365,214295,214315,214323,214290,214299,214307,214310,214319,214328,214302,214310
214365,214386,214400,214403,214443,214376,214394,214402,214370,214379,214387,214389,214398,214405,214382,214389
214443,214463,214477,214480,214518,214454,214471,214480,214448,214458,214466,214466,214474,214484,214461,214466
214518,214536,214549,214553,214589,214528,214542,214552,214522,214532,214539,214539,214547,214557,214535,214539
214589,214607,214621,214624,214664,214599,214613,214623,214593,214603,214607,214607,214618,214627,214607,214622
214664,214682,214695,214699,214739,214674,214687,214698,214669,214679,214683,214683,214693,214703,214683,214698
214739,214757,214771,214774,214812,214750,214762,214773,214744,214754,214758,214758,214768,214779,214758,214773
214812,214830,214844,214847,214883,214822,214835,214846,214816,214826,214830,214830,214840,214851,214830,214846
214883,214900,214913,214916,214952,214892,214904,214915,214886,214896,214900,214900,214909,214919,214900,214914
214952,214970,214983,214986,215025,214961,214976,214985,214955,214965,214969,214969,214981,214990,214969,214985
215025,215043,215057,215060,215105,215035,215049,215059,215029,215039,215048,215048,215054,215064,215042,215048
215105,215123,215137,215140,215186,215115,215128,215139,215109,215119,215122,215122,215134,215143,215122,215139
215186,215204,215217,215223,215264,215196,215209,215219,215191,215200,215205,215205,215214,215224,215205,215219
215264,215282,215295,215301,215339,215274,215287,215297,215269,215279,215283,215283,215292,215302,215283,215297
215339,215354,215368,215373,215407,215347,215359,215370,215341,215351,215356,215356,215364,215375,215356,215370
215407,215425,215440,215442,215479,215417,215431,215441,215411,215421,215432,215432,215437,215445,215425,215432
215479,215497,215512,215514,215558,215489,215505,215513,215483,215493,215502,215502,215509,215517,215496,215502
215558,215576,215590,215593,215641,215568,215582,215592,215562,215572,215575,215575,215587,215596,215575,215591
215641,215659,215673,215676,215725,215652,215665,215675,215646,215655,215659,215659,215670,215678,215659,215674
215725,215743,215756,215760,215807,215735,215747,215759,215730,215739,215743,215743,215754,215763,215743,215758
215807,215824,215837,215842,215884,215817,215829,215840,215811,215821,215825,215825,215835,215844,215825,215839
215884,215901,215915,215917,215960,215893,215905,215916,215887,215897,215901,215901,215911,215921,215901,215916
215960,215977,215993,215995,216039,215969,215984,215994,215963,215973,215983,215983,215990,215998,215977,215983
216039,216057,216071,216074,216119,216049,216064,216074,216043,216053,216056,216056,216069,216077,216056,216073
216119,216137,216150,216154,216198,216129,216142,216153,216123,216133,216137,216137,216147,216158,216137,216152
216198,216216,216229,216234,216272,216208,216221,216231,216202,216212,216218,216218,216226,216235,216218,216230
216272,216289,216304,216307,216346,216282,216294,216306,216276,216286,216290,216290,216301,216310,216290,216306
216346,216365,216380,216382,216427,216357,216372,216381,216351,216361,216371,216371,216377,216385,216364,216371
216427,216444,216459,216462,216508,216436,216451,216461,216430,216440,216443,216443,216456,216466,216443,216461
216508,216528,216541,216544,216591,216519,216534,216543,216513,216523,216532,216532,216539,216548,216526,216532
216591,216609,216622,216627,216671,216601,216614,216624,216595,216605,216609,216609,216620,216628,216609,216624
216671,216689,216703,216706,216749,216681,216695,216706,216675,216684,216694,216694,216700,216710,216688,216694
216749,216767,216781,216785,216824,216759,216773,216784,216753,216763,216772,216772,216779,216788,216766,216772
216824,216842,216855,216860,216898,216834,216846,216857,216828,216838,216842,216842,216852,216861,216842,216856
216898,216913,216927,216932,216965,216906,216918,216929,216900,216910,216914,216914,216924,216933,216914,216928
216965,216982,216995,216999,217034,216975,216986,216997,216969,216979,216983,216983,216991,217003,216983,216997
217034,217051,217065,217067,217104,217043,217058,217067,217038,217047,217055,217055,217062,217071,217050,217055
217104,217122,217136,217139,217178,217114,217128,217139,217108,217118,217128,217128,217133,217142,217121,217128
217178,217195,217209,217212,217251,217187,217200,217211,217181,217191,217201,217201,217207,217215,217194,217201
217251,217267,217281,217283,217321,217260,217273,217282,217254,217263,217271,217271,217278,217286,217267,217271
217321,217339,217353,217356,217392,217331,217346,217356,217325,217334,217344,217344,217350,217360,217338,217344
217392,217410,217424,217427,217464,217401,217417,217426,217396,217405,217412,217412,217421,217430,217408,217412
217464,217482,217496,217499,217539,217474,217489,217498,217469,217478,217487,217487,217494,217503,217481,217487
217539,217555,217569,217575,217611,217547,217560,217571,217542,217551,217555,217555,217566,217575,217555,217571
217611,217627,217641,217645,217681,217620,217632,217643,217614,217624,217628,217628,217637,217647,217628,217642
217681,217698,217712,217715,217750,217690,217703,217714,217684,217694,217698,217698,217709,217719,217698,217713
217750,217767,217781,217784,217819,217759,217773,217783,217754,217763,217773,217773,217778,217787,217767,217773
217819,217836,217850,217852,217889,217828,217841,217851,217823,217832,217836,217836,217847,217855,217836,217851
217889,217906,217920,217923,217962,217899,217912,217922,217893,217903,217911,217911,217917,217926,217906,217911
217962,217978,217992,217997,218033,217971,217983,217994,217965,217975,217979,217979,217988,217999,217979,217993
218033,218049,218063,218067,218105,218042,218054,218066,218036,218046,218049,218049,218061,218070,218049,218065
218105,218122,218136,218138,218177,218114,218128,218137,218108,218118,218127,218127,218133,218142,218121,218127
218177,218195,218209,218212,218250,218187,218201,218211,218181,218190,218198,218198,218206,218215,218194,218198
218250,218266,218280,218285,218320,218259,218271,218282,218253,218263,218267,218267,218277,218287,218267,218282
218320,218336,218350,218352,218388,218328,218342,218351,218323,218332,218336,218336,218347,218355,218336,218351
218388,218404,218418,218421,218454,218397,218409,218420,218391,218401,218405,218405,218415,218426,218405,218420
218454,218471,218485,218488,218520,218463,218476,218487,218458,218467,218471,218471,218482,218491,218471,218487
218520,218537,218550,218555,218585,218530,218541,218552,218524,218534,218539,218539,218546,218556,218539,218551
218585,218601,218613,218616,218649,218594,218605,218615,218588,218597,218602,218602,218610,218619,218602,218614
218649,218667,218680,218682,218715,218658,218673,218681,218652,218662,218668,218668,218677,218684,218665,218668
218715,218733,218746,218749,218785,218724,218739,218748,218719,218728,218734,218734,218743,218751,218731,218734
218785,218803,218817,218823,218859,218795,218809,218820,218790,218799,218807,218807,218815,218824,218802,218807
218859,218875,218889,218892,218930,218868,218879,218891,218862,218872,218876,218876,218885,218895,218876,218891
218930,218947,218961,218963,219003,218939,218952,218962,218933,218943,218946,218946,218958,218967,218946,218962
219003,219020,219035,219039,219078,219012,219027,219038,219007,219016,219025,219025,219033,219043,219019,219025
219078,219096,219111,219114,219154,219088,219102,219113,219082,219092,219101,219101,219108,219117,219095,219101
219154,219172,219185,219189,219229,219164,219177,219187,219158,219168,219172,219172,219182,219191,219172,219186
219229,219245,219258,219264,219298,219237,219249,219260,219232,219241,219245,219245,219255,219265,219245,219260
219298,219315,219329,219334,219367,219307,219320,219331,219302,219312,219317,219317,219325,219336,219317,219331
219367,219384,219398,219401,219436,219376,219390,219400,219370,219380,219384,219384,219395,219404,219384,219400
219436,219453,219466,219469,219507,219445,219459,219469,219440,219449,219453,219453,219463,219474,219453,219468
219507,219524,219537,219541,219576,219516,219528,219538,219510,219520,219525,219525,219533,219543,219525,219538
219576,219593,219606,219612,219646,219586,219598,219609,219581,219590,219595,219595,219603,219614,219595,219608
219646,219662,219675,219679,219714,219655,219667,219677,219649,219659,219664,219664,219672,219681,219664,219676
219714,219730,219743,219746,219780,219722,219735,219745,219716,219726,219730,219730,219740,219749,219730,219745
219780,219797,219810,219813,219845,219789,219802,219812,219783,219793,219798,219798,219807,219817,219798,219811
219845,219862,219876,219879,219910,219855,219867,219878,219849,219859,219863,219863,219872,219882,219863,219877
219910,219927,219940,219944,219975,219919,219931,219942,219914,219924,219928,219928,219936,219946,219928,219941
219975,219991,220004,220009,220043,219984,219996,220006,219978,219988,219993,219993,220001,220011,219993,220005
220043,220060,220073,220079,220113,220053,220065,220075,220048,220057,220062,220062,220070,220081,220062,220075
220113,220129,220143,220146,220184,220122,220134,220145,220117,220126,220130,220130,220139,220150,220130,220145
220184,220201,220214,220218,220260,220193,220206,220217,220187,220197,220201,220201,220211,220221,220201,220216
220260,220277,220291,220294,220338,220269,220283,220293,220264,220273,220277,220277,220288,220299,220277,220293
220338,220356,220369,220372,220419,220348,220361,220371,220342,220352,220356,220356,220366,220375,220356,220371
220419,220435,220448,220455,220496,220428,220440,220451,220422,220432,220437,220437,220445,220456,220437,220449
220496,220513,220526,220531,220574,220506,220518,220529,220500,220510,220514,220514,220523,220534,220514,220528
220574,220592,220605,220609,220653,220584,220597,220608,220578,220588,220592,220592,220602,220613,220592,220607
220653,220672,220685,220688,220735,220664,220677,220687,220658,220668,220672,220672,220682,220692,220672,220686
220735,220753,220767,220771,220814,220745,220758,220769,220740,220749,220753,220753,220764,220773,220753,220769
220814,220830,220844,220849,220888,220823,220835,220846,220817,220827,220831,220831,220841,220850,220831,220845
220888,220904,220918,220921,220961,220897,220910,220920,220891,220901,220905,220905,220915,220925,220905,220920
220961,220978,220993,220995,221036,220970,220985,220994,220964,220974,220983,220983,220990,220999,220977,220983
221036,221054,221069,221072,221118,221046,221061,221071,221040,221050,221060,221060,221066,221075,221053,221060
221118,221137,221151,221154,221206,221128,221143,221154,221123,221132,221136,221136,221148,221157,221136,221153
221206,221224,221236,221240,221289,221215,221229,221239,221209,221219,221223,221223,221234,221245,221223,221238
221289,221307,221320,221325,221368,221298,221312,221322,221293,221303,221310,221310,221317,221326,221306,221310
221368,221386,221399,221402,221441,221377,221392,221402,221371,221381,221389,221389,221396,221406,221385,221389
221441,221460,221472,221476,221513,221450,221464,221475,221444,221455,221463,221463,221469,221482,221463,221472
221513,221531,221544,221547,221588,221523,221537,221546,221517,221527,221531,221531,221541,221550,221531,221545
221588,221606,221619,221623,221665,221598,221612,221622,221592,221602,221605,221605,221617,221626,221605,221621
221665,221682,221696,221699,221744,221674,221688,221698,221669,221678,221682,221682,221693,221703,221682,221698
221744,221761,221774,221778,221821,221753,221766,221777,221748,221758,221763,221763,221771,221782,221763,221775
221821,221838,221850,221856,221894,221830,221842,221852,221825,221835,221840,221840,221847,221857,221840,221851
221894,221910,221924,221931,221963,221903,221915,221926,221898,221908,221912,221912,221921,221931,221912,221926
221963,221979,221993,221999,222029,221972,221984,221995,221966,221976,221981,221981,221989,222000,221981,221994
222029,222046,222061,222064,222098,222038,222052,222063,222033,222043,222046,222046,222058,222068,222046,222062
222098,222116,222131,222134,222177,222108,222124,222133,222102,222112,222122,222122,222129,222137,222116,222122
222177,222195,222210,222213,222259,222187,222202,222212,222181,222191,222201,222201,222207,222216,222195,222201
222259,222277,222290,222294,222340,222269,222282,222293,222263,222273,222277,222277,222288,222297,222277,222292
222340,222357,222371,222375,222418,222350,222362,222374,222344,222354,222359,222359,222368,222379,222359,222372
222418,222435,222448,222455,222490,222428,222440,222451,222422,222432,222438,222438,222445,222455,222438,222450
222490,222506,222521,222525,222557,222499,222512,222523,222493,222503,222508,222508,222517,222527,222508,222522
222557,222574,222588,222591,222623,222566,222580,222590,222561,222570,222574,222574,222585,222595,222574,222589
222623,222641,222655,222658,222691,222632,222648,222657,222626,222636,222645,222645,222653,222661,222639,222645
222691,222711,222724,222728,222771,222702,222717,222727,222696,222706,222714,222714,222722,222731,222709,222714
222771,222789,222802,222805,222848,222780,222796,222804,222774,222784,222792,222792,222800,222807,222787,222792
222848,222865,222878,222881,222924,222857,222872,222881,222851,222860,222868,222868,222875,222885,222864,222868
222924,222941,222954,222958,222999,222933,222946,222956,222927,222937,222943,222943,222951,222962,222943,222955
222999,223016,223029,223034,223073,223008,223021,223031,223002,223012,223019,223019,223026,223036,223019,223030
223073,223090,223103,223108,223142,223082,223095,223105,223076,223086,223092,223092,223100,223109,223092,223105
223142,223159,223172,223175,223209,223151,223164,223174,223145,223155,223160,223160,223169,223179,223160,223174
223209,223226,223239,223242,223276,223218,223231,223241,223212,223222,223226,223226,223236,223246,223226,223241
223276,223293,223307,223310,223346,223285,223300,223309,223280,223289,223299,223299,223305,223315,223292,223299
223346,223364,223378,223382,223424,223356,223370,223381,223350,223360,223369,223369,223376,223385,223363,223369
223424,223442,223455,223462,223506,223433,223447,223458,223428,223437,223441,223441,223453,223462,223441,223457
223506,223521,223534,223540,223578,223513,223526,223536,223507,223517,223526,223526,223531,223540,223526,223535
223578,223597,223610,223613,223654,223590,223602,223612,223584,223594,223598,223598,223607,223617,223598,223612
223654,223672,223685,223688,223728,223663,223677,223687,223658,223667,223677,223677,223683,223691,223671,223677
223728,223746,223759,223763,223802,223737,223751,223761,223731,223741,223749,223749,223756,223766,223745,223749
223802,223820,223833,223837,223877,223812,223825,223836,223806,223816,223820,223820,223830,223841,223820,223835
223877,223893,223906,223911,223947,223886,223898,223908,223880,223890,223895,223895,223903,223913,223895,223907
223947,223963,223976,223982,224013,223956,223968,223978,223950,223960,223965,223965,223973,223982,223965,223978
224013,224030,224044,224047,224080,224023,224035,224046,224017,224027,224031,224031,224041,224050,224031,224045
224080,224097,224111,224114,224150,224089,224103,224113,224083,224093,224097,224097,224108,224117,224097,224112
224150,224167,224181,224184,224226,224159,224174,224183,224153,224162,224170,224170,224178,224187,224165,224170
224226,224243,224259,224262,224304,224235,224251,224261,224229,224239,224248,224248,224256,224266,224242,224248
224304,224322,224335,224339,224382,224314,224327,224338,224309,224318,224322,224322,224333,224342,224322,224337
224382,224399,224412,224417,224457,224391,224404,224414,224385,224395,224399,224399,224409,224418,224399,224413
224457,224473,224486,224492,224531,224465,224479,224489,224460,224469,224473,224473,224483,224492,224473,224488
224531,224548,224562,224565,224606,224540,224554,224564,224535,224544,224548,224548,224559,224569,224548,224563
224606,224623,224637,224643,224679,224616,224629,224639,224610,224620,224623,224623,224634,224644,224623,224639
224679,224696,224710,224716,224750,224688,224701,224712,224682,224692,224697,224697,224707,224717,224697,224711
224750,224766,224780,224787,224817,224759,224771,224783,224754,224764,224769,224769,224777,224787,224769,224782
224817,224833,224847,224853,224881,224826,224838,224849,224821,224831,224835,224835,224843,224854,224835,224848
224881,224898,224912,224915,224946,224891,224903,224914,224885,224895,224900,224900,224908,224918,224900,224913
224946,224963,224977,224980,225014,224955,224969,224979,224950,224959,224967,224967,224974,224983,224962,224967
225014,225031,225045,225048,225090,225023,225038,225047,225017,225026,225035,225035,225042,225051,225030,225035
225090,225108,225122,225125,225171,225100,225114,225124,225094,225103,225113,225113,225119,225128,225107,225113
225171,225190,225204,225208,225254,225182,225195,225207,225177,225186,225190,225190,225202,225211,225190,225207
225254,225271,225284,225289,225330,225263,225275,225286,225258,225268,225272,225272,225281,225291,225272,225286
225330,225347,225361,225364,225404,225339,225352,225363,225333,225343,225348,225348,225357,225367,225348,225363
225404,225421,225436,225438,225479,225413,225427,225437,225408,225417,225427,225427,225433,225442,225421,225427
225479,225495,225510,225514,225553,225488,225501,225513,225482,225492,225496,225496,225507,225517,225496,225512
225553,225570,225583,225589,225628,225563,225575,225586,225557,225567,225572,225572,225580,225590,225572,225585
225628,225643,225657,225662,225697,225636,225648,225659,225630,225640,225645,225645,225653,225664,225645,225658
225697,225715,225729,225732,225770,225707,225720,225731,225701,225711,225715,225715,225726,225735,225715,225731
225770,225788,225802,225805,225845,225780,225793,225804,225774,225784,225788,225788,225799,225808,225788,225803
225845,225863,225876,225879,225921,225855,225868,225878,225849,225859,225863,225863,225873,225883,225863,225877
225921,225938,225951,225957,225994,225930,225942,225953,225925,225935,225940,225940,225947,225957,225940,225952
225994,226011,226024,226029,226066,226003,226016,226026,225998,226008,226012,226012,226021,226031,226012,226026
226066,226082,226096,226099,226139,226075,226087,226098,226069,226079,226083,226083,226092,226103,226083,226098
226139,226156,226170,226173,226219,226148,226162,226172,226142,226152,226156,226156,226167,226176,226156,226172
226219,226239,226253,226256,226304,226230,226244,226255,226225,226234,226238,226238,226250,226259,226238,226255
226304,226322,226335,226338,226386,226314,226328,226338,226308,226318,226321,226321,226333,226342,226321,226338
226386,226403,226434,226442,226462,226394,226409,226417,226387,226398,226403,226403,226412,226421,226403,226416
226462,226479,226492,226495,226540,226471,226484,226494,226465,226475,226480,226480,226489,226500,226480,226494
226540,226557,226571,226574,226619,226549,226562,226573,226543,226554,226558,226558,226568,226578,226558,226573
226619,226636,226650,226653,226696,226628,226642,226652,226622,226633,226637,226637,226647,226657,226637,226651
226696,226713,226726,226729,226770,226705,226717,226728,226699,226709,226714,226714,226722,226733,226714,226727
226770,226788,226800,226803,226845,226779,226794,226803,226773,226783,226787,226787,226797,226807,226787,226802
226845,226863,226875,226879,226924,226855,226868,226878,226849,226860,226866,226866,226872,226882,226866,226877
226924,226942,226955,226958,227004,226934,226947,226957,226928,226938,226942,226942,226952,226961,226942,226956
227004,227021,227034,227038,227081,227013,227026,227037,227008,227018,227022,227022,227031,227041,227022,227036
227081,227098,227112,227115,227156,227090,227104,227114,227085,227095,227100,227100,227109,227118,227100,227113
227156,227174,227188,227191,227232,227166,227179,227190,227160,227170,227174,227174,227185,227194,227174,227189
227232,227250,227264,227267,227312,227242,227256,227266,227236,227246,227255,227255,227261,227270,227250,227255
227312,227330,227343,227346,227391,227321,227335,227345,227316,227325,227329,227329,227340,227350,227329,227345
227391,227409,227422,227428,227470,227401,227414,227425,227395,227405,227410,227410,227419,227431,227410,227424
227470,227487,227500,227503,227548,227479,227492,227502,227473,227483,227488,227488,227497,227507,227488,227502
227548,227567,227580,227583,227630,227558,227572,227582,227553,227563,227567,227567,227577,227587,227567,227582
227630,227648,227662,227666,227711,227640,227654,227665,227634,227644,227648,227648,227659,227670,227648,227664
227711,227729,227742,227747,227789,227721,227734,227745,227715,227726,227730,227730,227739,227749,227730,227744
227789,227806,227820,227824,227865,227799,227812,227823,227793,227803,227807,227807,227817,227827,227807,227822
227865,227883,227896,227899,227944,227875,227888,227898,227869,227879,227883,227883,227893,227903,227883,227897
227944,227961,227975,227979,228025,227953,227967,227978,227948,227958,227962,227962,227972,227982,227962,227977
228025,228042,228055,228060,228104,228034,228047,228058,228028,228038,228042,228042,228052,228063,228042,228057
228104,228121,228134,228140,228179,228113,228126,228137,228107,228118,228123,228123,228131,228142,228123,228136
228179,228196,228210,228213,228253,228189,228201,228212,228183,228193,228197,228197,228207,228217,228197,228212
228253,228270,228284,228288,228329,228262,228276,228287,228257,228266,228270,228270,228282,228291,228270,228286
228329,228347,228361,228364,228407,228339,228352,228363,228333,228343,228347,228347,228358,228367,228347,228362
228407,228424,228438,228441,228482,228416,228430,228440,228411,228420,228424,228424,228435,228445,228424,228439
228482,228500,228513,228519,228555,228492,228505,228516,228486,228496,228501,228501,228510,228521,228501,228515
228555,228572,228586,228589,228626,228564,228577,228588,228558,228569,228573,228573,228583,228593,228573,228587
228626,228643,228657,228660,228698,228635,228649,228659,228629,228639,228643,228643,228654,228663,228643,228658
228698,228715,228729,228732,228772,228707,228720,228731,228701,228711,228716,228716,228726,228736,228716,228731
228772,228789,228802,228806,228847,228781,228794,228805,228776,228786,228790,228790,228799,228810,228790,228804
228847,228864,228877,228884,228919,228856,228869,228880,228851,228861,228866,228866,228874,228884,228866,228879
228919,228935,228949,228954,228988,228928,228940,228951,228922,228932,228937,228937,228945,228957,228937,228950
228988,229006,229019,229023,229060,228998,229011,229022,228992,229002,229007,229007,229016,229027,229007,229020
229060,229078,229092,229095,229134,229070,229083,229094,229064,229074,229078,229078,229089,229098,229078,229093
229134,229152,229165,229168,229210,229144,229157,229167,229138,229148,229153,229153,229162,229172,229153,229167
229210,229227,229240,229245,229284,229219,229232,229242,229214,229224,229229,229229,229237,229247,229229,229242
229284,229300,229314,229320,229355,229293,229305,229316,229287,229297,229302,229302,229311,229321,229302,229316
229355,229372,229385,229389,229426,229364,229377,229388,229358,229368,229373,229373,229382,229392,229373,229387
229426,229444,229458,229462,229505,229436,229451,229461,229430,229440,229448,229448,229456,229465,229443,229448
229505,229523,229538,229541,229590,229515,229531,229540,229509,229519,229528,229528,229535,229544,229522,229528
229590,229609,229623,229626,229675,229601,229615,229625,229595,229605,229609,229609,229620,229629,229609,229624
229675,229693,229706,229710,229755,229685,229698,229709,229679,229689,229694,229694,229703,229714,229694,229708
229755,229774,229787,229791,229835,229765,229779,229790,229760,229770,229775,229775,229784,229795,229775,229789
229835,229852,229866,229870,229911,229844,229858,229869,229838,229849,229853,229853,229863,229874,229853,229868
229911,229928,229942,229945,229984,229920,229934,229944,229914,229925,229930,229930,229939,229949,229930,229943
229984,230001,230015,230022,230053,229993,230006,230017,229987,229998,230006,230006,230012,230022,230006,230016
230053,230070,230084,230089,230119,230062,230075,230086,230056,230067,230074,230074,230081,230090,230074,230085
230119,230137,230150,230153,230185,230129,230142,230152,230123,230133,230138,230138,230146,230157,230138,230151
230185,230202,230217,230221,230253,230194,230208,230220,230188,230199,230203,230203,230214,230224,230203,230219
230253,230271,230285,230288,230329,230263,230277,230287,230257,230267,230271,230271,230282,230291,230271,230286
230329,230348,230360,230363,230412,230339,230353,230362,230333,230343,230347,230347,230358,230366,230347,230362
230412,230429,230442,230445,230492,230421,230434,230444,230415,230425,230430,230430,230439,230449,230430,230444
230492,230509,230522,230527,230566,230501,230514,230525,230495,230505,230514,230514,230519,230529,230514,230524
230566,230583,230596,230599,230639,230575,230588,230598,230569,230579,230584,230584,230593,230603,230584,230598
230639,230659,230671,230674,230714,230649,230665,230674,230643,230653,230661,230661,230668,230678,230657,230661
230714,230732,230745,230748,230790,230724,230737,230747,230718,230728,230732,230732,230742,230751,230732,230747
230790,230808,230822,230826,230865,230801,230814,230825,230795,230805,230809,230809,230820,230829,230809,230824
230865,230883,230896,230901,230938,230876,230888,230899,230870,230880,230885,230885,230893,230903,230885,230898
230938,230956,230969,230974,231010,230948,230961,230972,230942,230952,230958,230958,230966,230976,230958,230971
231010,231027,231041,231047,231079,231019,231032,231043,231014,231024,231029,231029,231038,231048,231029,231042
231079,231095,231109,231115,231145,231088,231101,231111,231082,231092,231100,231100,231106,231116,231100,231110
231145,231161,231175,231182,231210,231154,231167,231178,231148,231158,231165,231165,231172,231182,231165,231177
231210,231226,231240,231245,231273,231219,231232,231243,231213,231223,231231,231231,231237,231247,231231,231242
231273,231291,231305,231308,231343,231283,231297,231307,231277,231287,231291,231291,231302,231312,231291,231306
231343,231360,231374,231378,231417,231352,231367,231377,231347,231357,231360,231360,231372,231381,231360,231376
231417,231436,231449,231452,231495,231426,231442,231451,231421,231431,231434,231434,231446,231455,231434,231450
231495,231513,231526,231530,231577,231505,231517,231528,231499,231509,231513,231513,231523,231533,231513,231528
231577,231591,231605,231613,231654,231584,231595,231607,231579,231588,231592,231592,231601,231612,231592,231606
231654,231669,231683,231691,231728,231662,231674,231685,231657,231667,231672,231672,231679,231690,231672,231684
231728,231743,231758,231768,231800,231737,231748,231761,231732,231741,231745,231745,231755,231765,231745,231760
231800,231815,231830,231838,231869,231809,231820,231832,231804,231813,231818,231818,231826,231837,231818,231831
231869,231884,231899,231906,231934,231877,231890,231900,231871,231881,231887,231887,231895,231905,231884,231887
231934,231949,231963,231969,231995,231942,231954,231965,231935,231946,231953,231953,231959,231970,231953,231964
231995,232011,232025,232028,232054,232003,232016,232026,231997,232007,232015,232015,232021,232031,232015,232025
232054,232070,232083,232086,232116,232063,232075,232085,232057,232067,232072,232072,232080,232090,232072,232084
232116,232133,232147,232149,232185,232125,232137,232148,232119,232129,232133,232133,232143,232153,232133,232148
232185,232202,232215,232219,232257,232194,232208,232218,232188,232198,232202,232202,232212,232222,232202,232217
232257,232274,232287,232291,232332,232266,232279,232290,232261,232271,232276,232276,232284,232295,232276,232289
232332,232349,232363,232366,232408,232341,232354,232365,232336,232346,232349,232349,232360,232369,232349,232365
232408,232425,232439,232442,232485,232417,232430,232441,232412,232421,232425,232425,232436,232446,232425,232440
232485,232501,232515,232520,232562,232494,232506,232518,232488,232498,232502,232502,232512,232523,232502,232517
232562,232578,232592,232598,232634,232571,232583,232595,232565,232575,232580,232580,232589,232599,232580,232594
232634,232651,232665,232670,232703,232644,232657,232668,232638,232648,232652,232652,232662,232672,232652,232667
232703,232720,232735,232738,232771,232713,232726,232737,232707,232717,232721,232721,232732,232742,232721,232737
232771,232788,232802,232806,232841,232781,232794,232805,232775,232785,232789,232789,232799,232810,232789,232805
232841,232858,232871,232876,232911,232850,232863,232874,232844,232854,232859,232859,232868,232878,232859,232873
232911,232928,232941,232945,232983,232921,232933,232944,232915,232925,232929,232929,232938,232949,232929,232943
232983,233000,233014,233020,233054,232993,233005,233017,232987,232997,233001,233001,233011,233022,233001,233016
233054,233071,233085,233092,233127,233063,233076,233088,233058,233068,233072,233072,233082,233092,233072,233086
233127,233144,233157,233163,233202,233136,233148,233159,233130,233141,233146,233146,233154,233164,233146,233158
233202,233219,233232,233236,233278,233212,233224,233235,233206,233216,233220,233220,233229,233239,233220,233234
233278,233296,233309,233313,233354,233288,233300,233312,233282,233292,233296,233296,233306,233316,233296,233312
233354,233371,233384,233390,233429,233364,233376,233387,233358,233368,233373,233373,233381,233391,233373,233386
233429,233446,233460,233466,233502,233438,233451,233462,233433,233443,233447,233447,233456,233466,233447,233461
233502,233518,233532,233538,233571,233511,233523,233534,233505,233515,233519,233519,233529,233538,233519,233533
233571,233588,233602,233605,233639,233581,233593,233604,233575,233585,233589,233589,233599,233608,233589,233604
233639,233657,233670,233674,233712,233649,233663,233673,233643,233653,233657,233657,233668,233676,233657,233672
233712,233730,233745,233749,233794,233722,233737,233748,233716,233726,233736,233736,233743,233752,233729,233736
233794,233812,233826,233829,233875,233804,233819,233828,233798,233808,233811,233811,233823,233831,233811,233827
233875,233892,233905,233908,233952,233884,233897,233907,233879,233888,233892,233892,233902,233911,233892,233907
233952,233968,233981,233988,234023,233961,233973,233983,233955,233965,233971,233971,233978,233988,233971,233982
234023,234039,234052,234057,234089,234032,234044,234054,234026,234036,234040,234040,234049,234058,234040,234053
234089,234106,234120,234123,234154,234098,234112,234122,234092,234102,234105,234105,234117,234127,234105,234122
234154,234171,234200,234188,234209,234163,234178,234187,234158,234167,234170,234170,234183,234192,234170,234188
234209,234237,234250,234254,234289,234228,234243,234253,234223,234233,234236,234236,234248,234258,234236,234253
234289,234306,234320,234323,234360,234298,234311,234322,234292,234302,234305,234305,234317,234326,234305,234321
234360,234376,234389,234395,234431,234369,234381,234391,234363,234373,234377,234377,234386,234396,234377,234390
234431,234449,234461,234467,234502,234440,234453,234463,234435,234445,234453,234453,234458,234467,234453,234462
234502,234518,234530,234535,234572,234511,234523,234532,234505,234515,234520,234520,234527,234537,234520,234531
234572,234588,234601,234607,234639,234580,234592,234602,234574,234585,234591,234591,234597,234607,234591,234602
234639,234655,234668,234672,234703,234647,234660,234670,234641,234652,234658,234658,234665,234674,234658,234670
234703,234721,234734,234737,234768,234712,234725,234736,234706,234717,234722,234722,234730,234741,234722,234735
234768,234785,234798,234800,234834,234777,234790,234799,234771,234781,234788,234788,234794,234803,234788,234799
234834,234851,234865,234868,234904,234843,234856,234867,234838,234848,234852,234852,234862,234871,234852,234866
234904,234921,234934,234938,234977,234913,234926,234936,234908,234917,234922,234922,234931,234940,234922,234935
234977,234992,235005,235012,235047,234985,234997,235007,234980,234989,234994,234994,235002,235011,234994,235007
235047,235062,235076,235081,235116,235055,235067,235078,235049,235059,235063,235063,235073,235082,235063,235077
235116,235132,235146,235151,235191,235124,235137,235149,235119,235128,235132,235132,235143,235154,235132,235149
235191,235208,235222,235225,235268,235200,235215,235225,235194,235203,235213,235213,235219,235229,235207,235213
235268,235284,235297,235303,235342,235276,235289,235299,235271,235280,235285,235285,235294,235303,235285,235298
235342,235358,235371,235378,235411,235350,235363,235373,235344,235355,235360,235360,235368,235378,235360,235373
235411,235427,235441,235445,235477,235419,235432,235443,235413,235424,235428,235428,235438,235447,235428,235442
235477,235495,235507,235510,235548,235486,235500,235509,235481,235491,235495,235495,235504,235513,235495,235509
235548,235565,235579,235582,235623,235557,235571,235581,235551,235561,235565,235565,235576,235585,235565,235580
235623,235640,235654,235657,235700,235632,235645,235656,235627,235636,235640,235640,235651,235660,235640,235656
235700,235717,235730,235736,235776,235710,235723,235733,235704,235714,235722,235722,235728,235737,235722,235732
235776,235793,235807,235810,235853,235785,235798,235809,235779,235790,235794,235794,235804,235814,235794,235808
235853,235870,235883,235886,235928,235862,235875,235885,235856,235866,235871,235871,235880,235890,235871,235885
235928,235945,235959,235964,236001,235938,235950,235961,235932,235942,235947,235947,235956,235965,235947,235960
236001,236018,236031,236037,236072,236011,236023,236033,236005,236015,236021,236021,236028,236037,236021,236032
236072,236089,236103,236106,236143,236081,236094,236105,236076,236086,236090,236090,236100,236109,236090,236104
236143,236160,236174,236177,236216,236153,236165,236176,236147,236157,236162,236162,236170,236180,236162,236176
236216,236233,236246,236251,236287,236225,236237,236248,236219,236230,236235,236235,236242,236253,236235,236247
236287,236304,236317,236323,236358,236297,236309,236320,236291,236301,236306,236306,236314,236324,236306,236319
236358,236375,236389,236392,236432,236368,236380,236391,236362,236372,236376,236376,236386,236396,236376,236391
236432,236449,236463,236466,236508,236441,236454,236465,236436,236446,236450,236450,236460,236469,236450,236464
236508,236525,236539,236544,236582,236517,236530,236541,236512,236521,236526,236526,236536,236545,236526,236540
236582,236599,236613,236618,236656,236592,236604,236615,236586,236596,236601,236601,236610,236620,236601,236615
236656,236673,236686,236690,236730,236665,236678,236689,236660,236669,236673,236673,236683,236694,236673,236687
236730,236748,236761,236765,236807,236740,236753,236764,236735,236745,236749,236749,236759,236768,236749,236763
236807,236824,236838,236844,236880,236816,236829,236840,236811,236821,236826,236826,236834,236845,236826,236840
236880,236897,236910,236914,236952,236889,236901,236913,236884,236894,236898,236898,236906,236917,236898,236911
236952,236969,236983,236986,237025,236962,236974,236985,236956,236966,236970,236970,236980,236989,236970,236984
237025,237042,237055,237059,237098,237034,237047,237058,237029,237039,237044,237044,237052,237064,237044,237057
237098,237114,237128,237133,237167,237107,237119,237130,237101,237111,237116,237116,237125,237134,237116,237129
237167,237184,237198,237201,237235,237176,237189,237200,237171,237181,237185,237185,237195,237205,237185,237200
237235,237253,237266,237269,237305,237245,237258,237268,237239,237249,237254,237254,237263,237273,237254,237267
237305,237322,237335,237338,237376,237314,237327,237337,237309,237319,237323,237323,237332,237341,237323,237337
237376,237392,237406,237409,237445,237385,237398,237408,237379,237389,237394,237394,237403,237413,237394,237407
237445,237463,237476,237479,237517,237455,237469,237478,237449,237459,237463,237463,237474,237483,237463,237478
237517,237535,237548,237551,237590,237526,237540,237550,237520,237531,237537,237537,237545,237554,237537,237549
237590,237608,237620,237624,237664,237600,237613,237623,237594,237604,237609,237609,237617,237627,237609,237622
237664,237681,237694,237699,237735,237673,237686,237696,237667,237678,237682,237682,237691,237700,237682,237696
237735,237753,237766,237769,237808,237745,237758,237768,237739,237749,237754,237754,237763,237773,237754,237767
237808,237825,237839,237842,237881,237817,237830,237841,237812,237822,237826,237826,237836,237845,237826,237840
237881,237899,237912,237916,237955,237891,237904,237915,237885,237896,237900,237900,237909,237919,237900,237914
237955,237971,237985,237991,238023,237964,237976,237988,237958,237968,237973,237973,237982,237992,237973,237987
238023,238040,238054,238058,238092,238033,238046,238057,238027,238037,238042,238042,238051,238061,238042,238056
238092,238109,238122,238126,238161,238101,238114,238125,238096,238106,238111,238111,238119,238129,238111,238124
238161,238179,238192,238195,238232,238171,238183,238194,238165,238175,238180,238180,238188,238199,238180,238193
238232,238248,238261,238264,238300,238241,238253,238263,238235,238245,238250,238250,238258,238267,238250,238262
238300,238317,238330,238334,238371,238309,238322,238333,238304,238314,238318,238318,238327,238337,238318,238332
238371,238389,238402,238406,238446,238381,238394,238405,238375,238385,238389,238389,238399,238410,238389,238403
238446,238464,238478,238481,238523,238456,238469,238480,238451,238461,238465,238465,238475,238484,238465,238479
238523,238540,238553,238557,238596,238533,238545,238556,238527,238537,238542,238542,238550,238560,238542,238554
238596,238613,238627,238630,238669,238605,238618,238629,238600,238610,238615,238615,238624,238633,238615,238628
238669,238687,238700,238704,238743,238679,238692,238703,238673,238684,238688,238688,238697,238707,238688,238702
238743,238760,238773,238778,238816,238753,238765,238776,238747,238757,238762,238762,238770,238781,238762,238775
238816,238832,238846,238851,238884,238825,238837,238848,238819,238829,238834,238834,238842,238853,238834,238847
238884,238901,238914,238918,238955,238893,238906,238917,238887,238898,238903,238903,238911,238921,238903,238916
238955,238972,238986,238990,239027,238965,238978,238989,238959,238969,238974,238974,238983,238993,238974,238988
239027,239045,239058,239061,239098,239037,239050,239060,239031,239041,239046,239046,239055,239064,239046,239059
239098,239115,239128,239133,239166,239107,239120,239130,239101,239112,239118,239118,239125,239134,239118,239129
239166,239182,239196,239199,239233,239175,239187,239198,239169,239179,239183,239183,239192,239202,239183,239197
239233,239250,239264,239267,239304,239243,239255,239266,239237,239247,239251,239251,239260,239270,239251,239265
239304,239321,239335,239338,239377,239314,239327,239337,239308,239318,239322,239322,239332,239341,239322,239336
239377,239394,239407,239411,239449,239386,239399,239409,239380,239390,239395,239395,239404,239414,239395,239409
239449,239466,239479,239484,239521,239459,239471,239482,239453,239463,239468,239468,239476,239486,239468,239481
239521,239539,239552,239556,239604,239531,239544,239555,239525,239535,239540,239540,239549,239558,239540,239553
239604,239622,239636,239640,239686,239614,239628,239639,239609,239618,239622,239622,239633,239643,239622,239637
239686,239703,239717,239720,239765,239695,239708,239719,239690,239700,239704,239704,239714,239724,239704,239719
239765,239782,239796,239800,239840,239775,239787,239798,239769,239779,239784,239784,239793,239803,239784,239797
239840,239857,239871,239875,239912,239850,239862,239874,239844,239854,239860,239860,239868,239879,239860,239873
239912,239930,239943,239947,239983,239922,239936,239946,239916,239927,239931,239931,239941,239950,239931,239945
239983,240000,240014,240017,240049,239992,240005,240016,239986,239997,240001,240001,240010,240020,240001,240015
240049,240066,240080,240085,240113,240059,240071,240082,240053,240063,240069,240069,240076,240086,240069,240081
240113,240130,240143,240149,240174,240122,240135,240145,240116,240126,240135,240135,240140,240149,240135,240144
240174,240191,240203,240206,240235,240183,240195,240205,240177,240187,240193,240193,240200,240209,240193,240204
240235,240251,240265,240267,240297,240244,240257,240266,240238,240248,240254,240254,240261,240270,240253,240254
240297,240314,240329,240334,240368,240307,240319,240332,240301,240311,240315,240315,240326,240336,240315,240332
240368,240384,240398,240400,240438,240376,240390,240399,240370,240380,240389,240389,240395,240403,240383,240389
240438,240455,240468,240470,240509,240447,240461,240470,240441,240451,240455,240455,240465,240474,240455,240469
240509,240527,240540,240542,240582,240518,240534,240542,240512,240522,240526,240526,240537,240546,240526,240541
240582,240600,240612,240615,240657,240591,240606,240615,240584,240595,240602,240602,240609,240620,240602,240613
240657,240675,240687,240690,240733,240666,240680,240689,240660,240670,240674,240674,240684,240694,240674,240688
240733,240750,240763,240768,240805,240742,240754,240765,240736,240746,240752,240752,240759,240769,240752,240764
240805,240822,240835,240840,240872,240814,240827,240837,240808,240818,240827,240827,240832,240842,240827,240837
240872,240890,240903,240907,240938,240882,240895,240906,240876,240886,240892,240892,240900,240911,240892,240905
240938,240955,240969,240972,241004,240948,240960,240971,240942,240952,240957,240957,240966,240976,240957,240970
241004,241022,241035,241038,241072,241014,241027,241037,241008,241018,241023,241023,241032,241041,241023,241036
241072,241089,241102,241105,241138,241081,241094,241104,241075,241085,241090,241090,241099,241108,241090,241103
241138,241154,241168,241172,241201,241147,241159,241169,241141,241151,241156,241156,241164,241174,241156,241169
241201,241218,241231,241235,241264,241210,241223,241233,241204,241215,241220,241220,241228,241238,241220,241232
241264,241279,241293,241297,241323,241272,241284,241294,241266,241276,241282,241282,241289,241299,241282,241294
241323,241339,241353,241359,241383,241332,241344,241355,241326,241336,241342,241342,241349,241360,241342,241354
241383,241398,241412,241416,241440,241391,241403,241414,241385,241396,241401,241401,241408,241418,241401,241412
241440,241456,241470,241472,241497,241448,241461,241471,241442,241452,241457,241457,241466,241475,241457,241470
241497,241513,241527,241529,241556,241505,241518,241528,241499,241509,241513,241513,241523,241532,241513,241527
241556,241572,241586,241589,241622,241564,241577,241588,241559,241569,241573,241573,241582,241593,241573,241587
241622,241640,241654,241657,241697,241632,241646,241656,241627,241636,241640,241640,241651,241660,241640,241655
241697,241714,241727,241731,241770,241705,241719,241729,241700,241709,241713,241713,241724,241734,241713,241729
241770,241786,241798,241804,241839,241778,241790,241801,241772,241783,241788,241788,241795,241805,241788,241800
241839,241855,241868,241873,241906,241847,241860,241870,241841,241852,241858,241858,241865,241874,241858,241869
241906,241923,241936,241939,241976,241915,241928,241938,241909,241919,241923,241923,241933,241942,241923,241937
241976,241992,242006,242009,242045,241984,241997,242008,241979,241989,241993,241993,242003,242013,241993,242008
242045,242062,242076,242081,242114,242055,242067,242078,242049,242059,242065,242065,242072,242083,242065,242077
242114,242131,242145,242151,242180,242124,242136,242147,242118,242128,242135,242135,242142,242151,242135,242146
242180,242197,242210,242216,242245,242190,242202,242213,242184,242194,242200,242200,242207,242218,242200,242212
242245,242262,242276,242279,242311,242255,242267,242278,242249,242259,242265,242265,242272,242283,242265,242277
242311,242328,242341,242346,242378,242320,242332,242343,242315,242325,242330,242330,242337,242348,242330,242342
242378,242394,242408,242413,242446,242387,242399,242410,242381,242392,242397,242397,242405,242414,242397,242409
242446,242462,242476,242481,242512,242455,242467,242478,242449,242459,242464,242464,242473,242483,242464,242477
242512,242529,242543,242546,242578,242521,242534,242545,242515,242526,242530,242530,242539,242549,242530,242544
242578,242595,242608,242611,242647,242587,242600,242610,242581,242592,242598,242598,242605,242614,242598,242609
242647,242665,242677,242680,242719,242656,242669,242679,242650,242661,242666,242666,242674,242683,242666,242678
242719,242736,242749,242753,242793,242729,242741,242752,242723,242733,242738,242738,242746,242757,242738,242751
242793,242810,242823,242827,242870,242803,242815,242826,242797,242807,242812,242812,242820,242830,242812,242824
242870,242887,242900,242906,242945,242879,242892,242902,242874,242884,242889,242889,242897,242906,242889,242902
242945,242961,242975,242980,243013,242954,242966,242977,242948,242958,242963,242963,242971,242982,242963,242976
243013,243030,243043,243046,243079,243022,243035,243045,243016,243026,243032,243032,243040,243050,243032,243044
243079,243096,243110,243114,243145,243088,243101,243113,243082,243093,243098,243098,243106,243117,243098,243112
243145,243163,243177,243180,243217,243155,243169,243179,243149,243159,243164,243164,243174,243183,243164,243178
243217,243235,243247,243251,243294,243227,243240,243250,243221,243231,243237,243237,243244,243254,243237,243249
243294,243311,243324,243330,243367,243303,243316,243326,243297,243308,243313,243313,243321,243331,243313,243326
243367,243384,243398,243404,243439,243377,243389,243400,243371,243382,243387,243387,243395,243405,243387,243399
243439,243456,243470,243474,243511,243449,243461,243472,243443,243453,243458,243458,243467,243477,243458,243471
243511,243528,243541,243545,243581,243520,243533,243544,243515,243525,243530,243530,243538,243548,243530,243542
243581,243599,243613,243616,243660,243591,243605,243615,243586,243596,243600,243600,243610,243620,243600,243614
243660,243678,243691,243696,243751,243670,243683,243695,243664,243674,243679,243679,243688,243699,243679,243694
243751,243770,243783,243787,243840,243762,243775,243786,243756,243766,243770,243770,243781,243791,243770,243785
243840,243859,243873,243877,243930,243851,243864,243876,243845,243855,243859,243859,243870,243880,243859,243875
243930,243948,243962,243969,244012,243940,243953,243965,243934,243945,243950,243950,243959,243971,243950,243964
244012,244030,244044,244051,244086,244022,244035,244047,244016,244027,244032,244032,244041,244052,244032,244046
244086,244104,244118,244124,244157,244096,244110,244121,244090,244101,244107,244107,244115,244125,244107,244120
244157,244175,244189,244195,244227,244167,244180,244192,244161,244172,244176,244176,244186,244197,244176,244192
244227,244244,244258,244262,244295,244236,244249,244261,244230,244241,244246,244246,244255,244266,244246,244260
244295,244312,244326,244330,244366,244304,244318,244329,244299,244309,244314,244314,244323,244334,244314,244327
244366,244384,244397,244401,244444,244376,244389,244400,244370,244380,244386,244386,244394,244404,244386,244398
244444,244461,244474,244478,244522,244453,244466,244477,244448,244458,244464,244464,244471,244482,244464,244476
244522,244539,244552,244558,244596,244531,244544,244555,244525,244536,244542,244542,244549,244560,244542,244554
244596,244613,244627,244634,244666,244606,244618,244630,244600,244611,244616,244616,244624,244634,244616,244629
244666,244683,244697,244703,244735,244676,244689,244700,244670,244681,244687,244687,244694,244704,244687,244699
244735,244752,244766,244772,244802,244744,244757,244769,244738,244749,244754,244754,244763,244774,244754,244768
244802,244819,244834,244837,244871,244812,244825,244836,244806,244816,244821,244821,244830,244841,244821,244835
244871,244888,244902,244906,244942,244880,244893,244905,244874,244885,244890,244890,244898,244909,244890,244903
244942,244959,244973,244977,245018,244952,244965,244976,244946,244956,244961,244961,244970,244981,244961,244975
245018,245035,245049,245053,245099,245028,245041,245052,245022,245032,245036,245036,245046,245056,245036,245050
245099,245117,245130,245135,245182,245109,245122,245134,245103,245113,245118,245118,245127,245138,245118,245132
245182,245201,245215,245219,245266,245193,245207,245218,245187,245197,245201,245201,245212,245223,245201,245217
245266,245284,245297,245303,245346,245276,245289,245300,245270,245281,245286,245286,245294,245305,245286,245299
245346,245364,245378,245384,245421,245356,245369,245380,245350,245361,245366,245366,245375,245385,245366,245379
245421,245438,245452,245459,245490,245431,245443,245455,245425,245436,245442,245442,245449,245459,245442,245454
245490,245508,245522,245529,245556,245501,245513,245524,245495,245506,245512,245512,245519,245529,245512,245523
245556,245573,245587,245593,245618,245566,245578,245589,245560,245571,245577,245577,245583,245594,245577,245588
245618,245635,245649,245655,245679,245627,245640,245651,245622,245632,245638,245638,245645,245656,245638,245650
245679,245695,245710,245715,245739,245688,245701,245712,245682,245693,245698,245698,245706,245717,245698,245711
245739,245756,245770,245775,245801,245749,245761,245773,245743,245753,245758,245758,245767,245777,245758,245772
245801,245819,245833,245836,245869,245811,245824,245835,245806,245816,245821,245821,245830,245839,245821,245834
245869,245887,245900,245904,245947,245879,245892,245903,245874,245884,245889,245889,245898,245907,245889,245902
245947,245964,245977,245981,246026,245956,245969,245980,245951,245960,245965,245965,245975,245984,245965,245979
246026,246043,246056,246060,246102,246035,246048,246059,246030,246040,246045,246045,246053,246063,246045,246057
246102,246119,246133,246139,246174,246112,246125,246136,246106,246116,246123,246123,246130,246141,246123,246135
246174,246192,246206,246213,246244,246184,246197,246209,246178,246189,246196,246196,246203,246213,246196,246207
246244,246262,246276,246284,246311,246254,246268,246279,246249,246259,246266,246266,246273,246284,246266,246278
246311,246328,246342,246350,246374,246321,246334,246345,246315,246326,246332,246332,246339,246350,246332,246344
246374,246392,246406,246411,246437,246384,246397,246409,246378,246389,246395,246395,246403,246413,246395,246407
246437,246454,246468,246473,246498,246446,246459,246470,246440,246451,246456,246456,246465,246475,246456,246469
246498,246515,246529,246532,246562,246508,246521,246531,246502,246512,246518,246518,246526,246535,246518,246530
246562,246580,246593,246597,246633,246572,246585,246596,246566,246576,246581,246581,246590,246601,246581,246595
246633,246650,246664,246668,246711,246642,246656,246667,246636,246646,246650,246650,246661,246671,246650,246666
246711,246728,246742,246746,246792,246721,246734,246745,246715,246725,246730,246730,246739,246749,246730,246743
246792,246810,246823,246828,246872,246802,246815,246826,246796,246807,246812,246812,246821,246830,246812,246825
246872,246890,246903,246910,246948,246882,246895,246906,246876,246887,246893,246893,246901,246911,246893,246905
246948,246966,246980,246987,247021,246958,246971,246983,246952,246963,246969,246969,246977,246988,246969,246982
247021,247038,247052,247059,247089,247031,247043,247055,247025,247036,247042,247042,247049,247060,247042,247054
247089,247106,247120,247126,247153,247098,247111,247122,247092,247103,247111,247111,247117,247127,247111,247121
247153,247170,247184,247189,247215,247162,247176,247187,247156,247167,247174,247174,247181,247191,247174,247185
247215,247233,247247,247250,247278,247225,247238,247249,247219,247230,247235,247235,247243,247253,247235,247248
247278,247295,247309,247312,247342,247287,247300,247311,247281,247292,247297,247297,247305,247315,247297,247310
247342,247360,247374,247377,247416,247352,247366,247376,247347,247357,247361,247361,247371,247381,247361,247375
247416,247433,247447,247450,247494,247425,247438,247449,247419,247430,247434,247434,247443,247454,247434,247448
247494,247511,247525,247528,247571,247504,247517,247527,247498,247508,247514,247514,247522,247531,247514,247526
247571,247588,247602,247608,247646,247581,247593,247605,247575,247585,247591,247591,247599,247610,247591,247603
247646,247664,247677,247682,247719,247656,247669,247680,247651,247661,247666,247666,247674,247684,247666,247679
247719,247737,247751,247757,247790,247729,247742,247754,247723,247734,247739,247739,247748,247758,247739,247752
247790,247807,247821,247827,247856,247800,247813,247824,247793,247805,247811,247811,247818,247829,247811,247823
247856,247873,247887,247892,247919,247866,247878,247889,247860,247870,247877,247877,247883,247893,247877,247888
247919,247936,247950,247956,247980,247928,247941,247952,247922,247933,247939,247939,247947,247957,247939,247951
247980,247996,248011,248015,248039,247989,248002,248013,247983,247994,247999,247999,248007,248018,247999,248012
248039,248056,248070,248073,248100,248048,248061,248072,248042,248053,248058,248058,248066,248076,248058,248071
248100,248117,248131,248135,248168,248109,248123,248134,248103,248114,248118,248118,248128,248137,248118,248132
248168,248186,248200,248204,248247,248178,248192,248203,248172,248183,248187,248187,248197,248207,248187,248201
248247,248265,248278,248282,248328,248256,248270,248281,248251,248261,248265,248265,248275,248285,248265,248280
248328,248346,248359,248364,248409,248339,248351,248363,248333,248343,248348,248348,248356,248367,248348,248361
248409,248427,248440,248445,248484,248419,248432,248443,248413,248424,248430,248430,248437,248447,248430,248441
248484,248501,248515,248520,248554,248494,248507,248518,248488,248498,248503,248503,248512,248523,248503,248517
248554,248572,248587,248593,248620,248564,248578,248590,248558,248569,248575,248575,248583,248595,248575,248589
248620,248638,248652,248658,248683,248630,248644,248655,248624,248636,248642,248642,248649,248659,248642,248654
248683,248700,248714,248718,248743,248692,248705,248716,248686,248697,248704,248704,248710,248720,248704,248715
248743,248760,248774,248778,248802,248752,248765,248776,248746,248757,248762,248762,248770,248780,248762,248775
248802,248818,248832,248835,248860,248811,248823,248834,248804,248815,248821,248821,248829,248839,248821,248833
248860,248876,248890,248892,248920,248868,248881,248891,248863,248873,248878,248878,248886,248895,248878,248890
248920,248936,248950,248953,248985,248928,248942,248952,248922,248932,248937,248937,248946,248955,248937,248951
248985,249002,249015,249018,249056,248994,249008,249017,248988,248998,249007,249007,249012,249020,249007,249016
249056,249073,249086,249089,249128,249065,249078,249088,249059,249069,249075,249075,249082,249092,249075,249087
249128,249145,249158,249162,249203,249138,249150,249161,249132,249142,249147,249147,249155,249166,249147,249160
249203,249221,249233,249238,249278,249212,249226,249236,249207,249217,249224,249224,249230,249241,249224,249235
249278,249296,249308,249314,249350,249288,249301,249311,249282,249293,249300,249300,249305,249315,249300,249310
249350,249367,249381,249387,249418,249360,249372,249383,249354,249365,249371,249371,249377,249388,249371,249382
249418,249435,249449,249455,249482,249427,249440,249451,249421,249432,249437,249437,249445,249456,249437,249450
249482,249499,249513,249518,249545,249492,249505,249516,249486,249497,249503,249503,249510,249520,249503,249514
249545,249562,249576,249582,249606,249554,249567,249578,249548,249559,249564,249564,249573,249582,249564,249577
249606,249622,249637,249641,249665,249614,249628,249639,249609,249619,249626,249626,249633,249643,249626,249637
249665,249682,249696,249700,249732,249675,249687,249699,249669,249679,249684,249684,249693,249703,249684,249697
249732,249749,249763,249766,249803,249741,249754,249765,249735,249745,249749,249749,249760,249769,249749,249764
249803,249821,249835,249838,249880,249813,249826,249837,249807,249817,249827,249827,249832,249841,249820,249827
249880,249896,249909,249916,249960,249889,249900,249912,249884,249894,249898,249898,249905,249920,249898,249910
249960,249975,249988,250000,250108,249969,249979,250046,249964,249973,249986,249997,250041,250050,249977,249992
250108,250122,250138,250148,250170,250117,250128,250141,250112,250121,250126,250126,250134,250148,250126,250139
250170,250191,250205,250215,250240,250185,250197,250208,250180,250189,250197,250197,250203,250214,250197,250207
250240,250256,250271,250274,250303,250249,250262,250273,250243,250253,250256,250256,250267,250277,250256,250272
250303,250318,250332,250337,250362,250311,250323,250333,250305,250316,250322,250322,250328,250338,250322,250332
250362,250378,250391,250397,250419,250370,250382,250393,250364,250375,250381,250381,250387,250398,250381,250391
250419,250435,250449,250454,250476,250428,250440,250451,250422,250432,250437,250437,250445,250456,250437,250449
250476,250491,250505,250509,250531,250484,250496,250507,250478,250488,250493,250493,250501,250511,250493,250506
250531,250551,250562,250564,250589,250540,250556,250563,250534,250544,250551,250551,250559,250568,250547,250551
250589,250604,250618,250627,250659,250597,250610,250621,250592,250602,250611,250611,250615,250625,250611,250619
250659,250678,250690,250692,250713,250668,250683,250691,250662,250672,250681,250681,250687,250696,250675,250681
250713,250749,250759,250774,250807,250743,250754,250761,250737,250747,250752,250752,250758,250761,250752,250759
250807,250826,250839,250845,250878,250818,250832,250841,250813,250823,250827,250827,250836,250845,250827,250840
250878,250893,250906,250914,250942,250886,250898,250909,250880,250891,250896,250896,250904,250914,250896,250909
250942,250959,250970,250980,251007,250952,250964,250976,250946,250957,250962,250962,250969,250981,250962,250974
251007,251023,251038,251044,251070,251016,251029,251040,251011,251020,251025,251025,251034,251044,251025,251039
251070,251086,251100,251107,251130,251079,251091,251102,251073,251083,251088,251088,251097,251107,251088,251102
251130,251146,251161,251168,251189,251139,251152,251163,251133,251144,251150,251150,251158,251168,251150,251162
251189,251205,251220,251223,251246,251198,251210,251222,251192,251202,251207,251207,251215,251227,251207,251220
251246,251262,251277,251280,251302,251255,251267,251278,251249,251260,251265,251265,251273,251283,251265,251277
251302,251318,251332,251337,251360,251311,251323,251334,251305,251315,251321,251321,251328,251339,251321,251333
251360,251376,251389,251392,251422,251368,251381,251391,251363,251373,251378,251378,251386,251394,251378,251390
251422,251439,251452,251455,251491,251432,251444,251454,251426,251436,251440,251440,251449,251458,251440,251453
251491,251507,251520,251524,251564,251500,251512,251523,251495,251504,251509,251509,251517,251527,251509,251522
251564,251580,251594,251600,251636,251573,251585,251596,251568,251578,251582,251582,251591,251601,251582,251596
251636,251653,251666,251673,251707,251646,251658,251669,251640,251650,251656,251656,251663,251673,251656,251667
251707,251723,251736,251743,251774,251716,251728,251739,251710,251720,251726,251726,251733,251743,251726,251738
251774,251790,251805,251811,251840,251783,251796,251807,251778,251788,251793,251793,251801,251811,251793,251806
251840,251856,251870,251875,251903,251849,251861,251872,251843,251853,251858,251858,251866,251876,251858,251871
251903,251919,251933,251939,251966,251912,251924,251935,251907,251917,251921,251921,251929,251939,251921,251934
251966,251981,251995,252000,252026,251974,251986,251997,251969,251979,251984,251984,251991,252002,251984,251996
252026,252043,252057,252060,252090,252036,252047,252059,252030,252040,252044,252044,252053,252063,252044,252058
252090,252106,252120,252123,252165,252099,252111,252122,252093,252103,252107,252107,252116,252127,252107,252121
252165,252183,252216,252195,252249,252174,252188,252195,252169,252178,252182,252182,252191,252200,252182,252195
252249,252265,252279,252284,252323,252257,252270,252283,252251,252261,252266,252266,252275,252284,252266,252279
252323,252340,252354,252361,252397,252333,252346,252357,252328,252338,252343,252343,252351,252361,252343,252356
252397,252414,252428,252432,252475,252407,252419,252431,252401,252411,252415,252415,252425,252435,252415,252431
252475,252491,252505,252508,252547,252483,252496,252507,252477,252488,252492,252492,252501,252511,252492,252506
252547,252563,252578,252584,252614,252556,252567,252580,252550,252560,252564,252564,252575,252584,252564,252580
252614,252631,252645,252649,252683,252624,252636,252647,252618,252628,252632,252632,252642,252651,252632,252647
252683,252697,252713,252725,252751,252691,252702,252717,252686,252694,252703,252703,252710,252723,252698,252703
252751,252766,252784,252789,252819,252759,252772,252786,252754,252763,252775,252775,252781,252791,252767,252775
252819,252835,252850,252854,252889,252827,252840,252853,252821,252831,252835,252835,252847,252858,252835,252852
252889,252905,252921,252926,252963,252898,252912,252925,252892,252902,252912,252912,252918,252929,252906,252912
252963,252979,252994,253000,253035,252972,252984,252997,252966,252975,252979,252979,252991,253003,252979,252997
253035,253051,253068,253072,253107,253044,253056,253071,253038,253048,253058,253058,253066,253075,253051,253058
253107,253125,253143,253147,253182,253118,253134,253146,253112,253122,253132,253132,253141,253150,253125,253132
253182,253199,253217,253222,253250,253191,253209,253221,253185,253194,253205,253205,253215,253226,253198,253205
253250,253270,253288,253293,253336,253262,253280,253292,253256,253266,253276,253276,253286,253295,253269,253276
253336,253355,253373,253380,253423,253347,253366,253377,253341,253351,253360,253363,253371,253381,253355,253363
253423,253442,253458,253462,253530,253434,253450,253461,253428,253438,253448,253448,253456,253469,253441,253448
253530,253551,253569,253573,253645,253542,253562,253572,253535,253546,253557,253558,253567,253576,253550,253558
253645,253667,253685,253689,253740,253658,253676,253688,253651,253662,253674,253674,253683,253692,253666,253674
253740,253760,253777,253783,253829,253751,253767,253782,253746,253756,253766,253766,253775,253786,253760,253766
253829,253849,253870,253874,253922,253841,253862,253873,253835,253845,253854,253858,253868,253878,253849,253858
253922,253947,253966,,254001,253938,253959,253974,253933,253942,253952,253955,253965,253974,253946,253955
254001,254046,254066,,254097,254039,254051,254054,254033,254043,254046,254046,254052,254054,254046,254053
254097,254142,254161,254171,254208,254134,254152,254166,254129,254138,254148,254148,254159,254171,254142,254148
254208,254227,254247,254256,254271,254219,254238,254255,254213,254223,254233,254233,254244,254257,254227,254233
254271,254312,254332,254339,254361,254304,254324,254338,254299,254308,254319,254319,254331,254341,254312,254319
254361,254424,254446,254453,254521,254416,254437,254452,254410,254421,254433,254433,254444,254455,254425,254433
254521,254541,254561,254572,254605,254533,254551,254566,254528,254538,254548,254548,254559,254571,254541,254548
254605,254641,254660,254669,254688,254633,254650,254667,254628,254638,254651,254651,254660,254671,254643,254651
254688,254742,254764,254772,254838,254734,254754,254771,254728,254739,254751,254751,254762,254775,254743,254751
254838,254857,254877,254888,254920,254849,254868,254883,254843,254854,254864,254864,254875,254888,254857,254864
254920,254944,254963,254970,254991,254936,254955,254969,254930,254940,254950,254950,254962,254973,254944,254950
254991,255042,255062,,255088,255034,255053,255070,255029,255039,255048,255051,255062,255075,255043,255051
255088,255138,255157,255165,255211,255130,255148,255162,255124,255134,255145,255145,255155,255166,255138,255145
255211,255230,255252,255259,255326,255222,255243,255258,255216,255227,255238,255238,255250,255261,255231,255238
255326,255352,255372,255385,255417,255344,255362,255379,255339,255349,255359,255359,255371,255384,255353,255359
255417,255447,255467,255475,255538,255439,255459,255472,255433,255443,255454,255454,255465,255476,255447,255454
255538,255557,255578,255585,255638,255549,255569,255584,255543,255554,255564,255566,255576,255591,255557,255566
255638,255658,255678,255689,255710,255650,255668,255683,255645,255655,255665,255665,255676,255688,255659,255665
255710,255748,255767,255775,255794,255740,255759,255774,255734,255744,255755,255755,255766,255777,255748,255755
255794,255845,255866,255873,255930,255837,255857,255872,255831,255841,255852,255852,255864,255875,255845,255852
255930,255949,255969,255981,256019,255942,255961,255975,255936,255946,255956,255956,255967,255979,255950,255956
256019,256039,256058,,256080,256030,256042,256045,256025,256035,256038,256038,256043,256045,256038,256044
256080,256128,256149,256170,256228,256119,256141,256158,256113,256124,256132,256134,256147,256158,256127,256134
256228,256250,256273,256283,256328,256242,256263,256282,256237,256246,256254,256257,256272,256286,256249,256257
256328,256345,256365,256377,256412,256337,256356,256370,256331,256341,256350,256350,256363,256373,256344,256350
256412,256430,256450,,256476,256422,256435,256438,256417,256427,256430,256430,256436,256438,256430,256437
256476,256537,256558,,256588,256530,256547,256569,256524,256534,256543,256547,256557,256574,256538,256547
256588,256642,256663,256675,256703,256634,256654,256669,256629,256638,256648,256648,256661,256674,256642,256648
256703,256740,256762,256777,256840,256732,256752,256770,256727,256737,256746,256746,256760,256776,256740,256746
256840,256861,256884,256898,256951,256854,256874,256890,256848,256859,256868,256872,256881,256893,256863,256872
256951,256968,256989,256998,257014,256961,256979,256994,256956,256966,256976,256976,256987,256998,256969,256976
257014,257072,257095,257104,257168,257065,257086,257100,257060,257069,257078,257082,257093,257103,257073,257082
257168,257184,257205,257218,257234,257177,257195,257211,257172,257182,257193,257193,257204,257217,257185,257193
257234,257274,257296,257303,257375,257266,257287,257302,257261,257271,257281,257282,257294,257309,257274,257282
257375,257399,257421,257437,257482,257392,257410,257427,257387,257396,257408,257408,257419,257435,257400,257408
257482,257501,257520,257531,257549,257493,257512,257527,257488,257498,257509,257509,257519,257530,257502,257509
257549,257597,257618,257630,257700,257589,257610,257625,257584,257594,257603,257606,257616,257630,257597,257606
257700,257719,257739,257747,257768,257712,257731,257746,257706,257716,257727,257727,257738,257751,257720,257727
257768,257809,257831,257838,257899,257802,257822,257836,257796,257806,257815,257819,257829,257839,257810,257819
257899,257916,257939,257946,258002,257909,257931,257945,257904,257913,257922,257927,257937,257947,257917,257924
258002,258021,258040,258048,258110,258013,258033,258045,258007,258017,258026,258029,258038,258048,258021,258029
258110,258138,258160,258171,258243,258130,258152,258166,258125,258135,258144,258148,258158,258171,258138,258148
258243,258260,258282,258291,258314,258253,258267,258286,258247,258257,258269,258269,258280,258290,258261,258269
258314,258364,258386,258399,258470,258357,258378,258395,258351,258361,258371,258375,258384,258401,258365,258375
258470,258489,258510,258518,258538,258482,258501,258517,258477,258487,258498,258498,258509,258522,258490,258498
258538,258582,258602,,258630,258574,258588,258591,258569,258579,258583,258583,258589,258591,258583,258590
258630,258682,258704,258711,258764,258675,258696,258710,258669,258679,258688,258692,258702,258713,258683,258692
258764,258784,258804,258811,258839,258776,258796,258809,258770,258780,258788,258792,258802,258813,258783,258792
258839,258885,258906,258912,258973,258877,258898,258911,258871,258881,258889,258894,258904,258914,258884,258894
258973,258992,259014,259024,259043,258985,259005,259019,258979,258989,258997,259002,259012,259022,258992,258999
259043,259091,259110,,259138,259083,259103,259121,259078,259088,259098,259098,259109,259123,259091,259098
259138,259193,259215,259230,259287,259185,259205,259222,259179,259189,259199,259199,259213,259224,259192,259199
259287,259304,259325,259334,259355,259297,259316,259333,259291,259301,259310,259312,259323,259340,259305,259312
259355,259404,259428,259435,259504,259397,259419,259434,259391,259402,259411,259415,259426,259436,259406,259415
259504,259521,259543,259551,259570,259514,259534,259550,259509,259519,259529,259529,259542,259557,259522,259529
259570,259618,259638,259646,259668,259610,259631,259645,259604,259615,259625,259625,259637,259648,259618,259625
259668,259728,259752,259772,259876,259721,259742,259758,259715,259725,259734,259739,259749,259760,259729,259736
259876,259946,259965,,259980,259938,259942,259974,259933,259942,259950,259954,259966,259975,259946,259954
259980,260056,260079,260091,260153,260049,260071,260090,260043,260054,260063,260066,260077,260091,260058,260066
260153,260172,260192,260206,260226,260164,260184,260201,260158,260168,260177,260180,260190,260212,260172,260180
260226,260279,260301,260307,260367,260271,260292,260306,260266,260276,260285,260289,260299,260308,260279,260289
260367,260386,260407,260414,260434,260379,260391,260396,260373,260383,260386,260386,260392,260396,260386,260394
260434,260480,260499,,260517,260472,260486,260509,260466,260477,260485,260487,260500,260510,260480,260487
260517,260583,260609,260669,260720,260576,260599,260621,260571,260580,260588,260594,260607,260625,260584,260591
260720,260790,260816,260830,260890,260783,260806,260829,260778,260787,260795,260801,260814,260834,260791,260798
260890,260909,260935,260945,261001,260902,260923,260944,260897,260907,260915,260918,260931,260949,260910,260918
261001,261019,261040,261051,261068,261011,261031,261050,261006,261015,261025,261025,261038,261053,261019,261025
261068,261126,261149,261170,261222,261119,261138,261160,261113,261123,261135,261135,261147,261169,261128,261135
261222,261241,261263,261283,261314,261234,261253,261270,261228,261239,261250,261250,261262,261275,261243,261250
261314,261333,261352,,261382,261325,261345,261362,261320,261330,261338,261340,261351,261362,261333,261340
261382,261421,261443,261463,261532,261413,261435,261450,261408,261418,261426,261431,261441,261450,261421,261428
261532,261552,261575,261596,261644,261545,261566,261586,261539,261549,261558,261563,261573,261591,261553,261560
261644,261660,261681,261689,261713,261654,261674,261688,261648,261658,261665,261670,261680,261690,261661,261670
261713,261771,261794,261807,261865,261764,261787,261806,261759,261768,261777,261783,261793,261810,261772,261780
261865,261882,261905,261920,261937,261875,261896,261913,261869,261879,261889,261891,261904,261913,261883,261891
261937,261971,261990,,262021,261963,261975,261980,261958,261967,261971,261971,261976,261980,261971,261978
262021,262061,262082,262102,262156,262053,262074,262098,262048,262058,262066,262070,262080,262104,262061,262070
262156,262173,262194,262207,262224,262166,262185,262199,262161,262170,262179,262182,262192,262202,262174,262182
262224,262268,262290,262302,262354,262261,262282,262301,262255,262265,262273,262277,262288,262305,262268,262277
262354,262374,262397,262419,262455,262367,262388,262405,262362,262372,262380,262384,262395,262405,262375,262384
262455,262474,262494,262506,262587,262550,,,262544,262554,,,262492,,262558,
262587,262663,262686,262708,262760,262656,262677,262701,262651,262660,262668,262673,262684,262705,262664,262673
262760,262776,262797,262808,262827,262769,262789,262801,262763,262772,262781,262785,262795,262804,262776,262785
262827,262868,262891,262911,262953,262861,262882,262897,262855,262865,262873,262877,262889,262897,262868,262877
262953,262973,262995,263016,263097,262965,262986,263006,262960,262970,262979,262982,262993,263013,262973,262982
263097,263163,263185,263202,263262,263156,263177,263191,263150,263161,263169,263173,263183,263191,263164,263173
263262,263279,263301,,263328,263271,263284,263289,263266,263276,263280,263280,263285,263289,263280,263287
263328,263372,263392,,263423,263364,263377,263380,263359,263369,263372,263372,263378,263380,263372,263379
263423,263483,263505,263514,263569,263475,263496,263513,263469,263480,263489,263492,263503,263513,263484,263492
263569,263585,263606,263617,263640,263578,263597,263611,263572,263582,263591,263594,263604,263616,263586,263594
263640,263673,263695,263710,263774,263666,263688,263702,263660,263670,263678,263683,263694,263705,263673,263680
263774,263792,263814,263821,263842,263785,263797,263802,263779,263789,263793,263793,263798,263802,263793,263800
263842,263899,263920,263927,263988,263891,263912,263926,263886,263896,263905,263907,263918,263929,263899,263907
263988,264017,264038,264056,264111,264010,264030,264046,264004,264014,264023,264026,264037,264048,264018,264026
264111,264129,264149,264160,264182,264122,264139,264154,264116,264126,264137,264137,264147,264158,264130,264137
264182,264236,264259,264267,264331,264228,264250,264264,264223,264233,264243,264247,264257,264267,264237,264247
264331,264348,264371,264377,264399,264341,264354,264358,264335,264346,264349,264349,264355,264358,264349,264357
264399,264446,264465,264473,264495,264438,264458,264472,264432,264442,264453,264453,264464,264475,264446,264453
264495,264549,264572,264580,264641,264542,264565,264579,264537,264546,264555,264561,264570,264582,264550,264558
264641,264658,264680,264691,264711,264651,264669,264685,264645,264655,264666,264666,264677,264690,264659,264666
264711,264753,264774,264784,264838,264745,264766,264783,264740,264749,264758,264762,264772,264786,264753,264762
264838,264867,264888,264896,264960,264859,264881,264895,264854,264864,264873,264877,264887,264897,264867,264877
264960,264979,264999,265006,265037,264972,264991,265005,264966,264976,264986,264988,264998,265009,264980,264988
265037,265087,265109,265118,265191,265080,265101,265117,265074,265084,265093,265098,265107,265122,265088,265095
265191,265213,265234,265246,265263,265206,265225,265241,265200,265211,265222,265222,265233,265245,265214,265222
265263,265314,265334,265342,265365,265306,265320,265323,265300,265311,265315,265315,265321,265323,265315,265322
265365,265424,265446,265453,265510,265417,265438,265452,265411,265421,265430,265435,265444,265455,265425,265432
265510,265529,265549,265558,265580,265521,265541,265554,265516,265526,265536,265537,265547,265558,265530,265537
265580,265615,265635,265644,265665,265607,265620,265623,265601,265611,265615,265615,265621,265623,265615,265622
265665,265708,265729,265741,265800,265699,265721,265740,265694,265703,265712,265716,265727,265744,265707,265716
265800,265819,265839,265855,265873,265811,265831,265850,265805,265815,265823,265826,265838,265858,265818,265826
265873,265912,265934,265949,266017,265904,265926,265948,265899,265909,265916,265922,265932,265951,265912,265919
266017,266038,266060,266072,266109,266031,266052,266071,266025,266035,266044,266047,266058,266076,266038,266047
266109,266146,266167,,266188,266138,266149,266155,266133,266142,266146,266146,266150,266155,266146,266152
266188,266254,266275,266291,266346,266246,266268,266282,266241,266251,266259,266263,266273,266282,266254,266263
266346,266363,266386,266394,266416,266357,266377,266393,266352,266361,266370,266373,266385,266403,266364,266373
266416,266464,266487,266514,266609,266458,266479,266494,266452,266462,266470,266476,266485,266494,266466,266473
266609,266675,266694,,266722,266667,266681,266702,266661,266671,266679,266682,266693,266702,266674,266682
266722,266780,266801,266819,266892,266773,266794,266808,266767,266777,266785,266789,266799,266808,266781,266789
266892,266908,266929,266943,266960,266901,266921,266938,266895,266905,266914,266918,266927,266943,266908,266918
266960,267009,267038,267089,267159,267003,267024,267046,266998,267007,267016,267020,267035,267052,267011,267020
267159,267231,267255,267283,267320,267223,267233,267237,267217,267227,267230,267230,267234,267237,267230,267236
267320,267355,267377,267396,267460,267348,267370,267387,267342,267352,267360,267365,267376,267387,267356,267365
267460,267481,267503,267516,267572,267474,267493,267508,267468,267478,267488,267488,267500,267517,267481,267488
267572,267604,267626,267648,267707,267597,267617,267636,267591,267601,267612,267614,267625,267636,267606,267614
267707,267726,267748,267767,267803,267719,267738,267759,267713,267723,267734,267734,267746,267765,267727,267734
267803,267825,267846,267865,267921,267817,267838,267856,267811,267822,267832,267834,267845,267856,267826,267834
267921,267945,267968,268027,268060,267938,267959,267977,267932,267942,267952,267955,267967,267977,267946,267955
268060,268077,268100,268118,268158,268070,268091,268106,268065,268075,268084,268088,268098,268110,268078,268088
268158,268186,268208,268229,268387,268287,268307,268292,268173,268183,268193,268197,268282,268292,268187,268197
268387,268404,268424,268438,268455,268397,268416,268430,268391,268401,268411,268413,268423,268434,268405,268413
268455,268495,268516,268536,268597,268487,268508,268524,268482,268492,268500,268503,268514,268524,268495,268503
268597,268623,268646,268672,268729,268616,268637,268659,268610,268620,268628,268633,268644,268668,268623,268630
268729,268744,268766,268781,268798,268738,268758,268773,268732,268742,268750,268755,268765,268778,268745,268752
268798,268848,268870,268887,268956,268840,268862,268877,268835,268844,268852,268858,268868,268877,268848,268855
268956,268973,268996,269009,269062,268967,268988,269008,268962,268971,268979,268985,268994,269013,268975,268982
269062,269087,269109,269122,269171,269080,269100,269121,269074,269084,269093,269096,269108,269126,269088,269096
269171,269201,269224,269276,269306,269194,269215,269237,269188,269198,269207,269211,269223,269243,269202,269211
269306,269323,269344,269352,269374,269316,269336,269351,269310,269320,269329,269332,269343,269355,269324,269332
269374,269417,269440,269457,269524,269409,269431,269451,269404,269414,269422,269427,269438,269456,269418,269424
269524,269543,269566,269581,269638,269536,269558,269575,269531,269540,269549,269554,269565,269575,269544,269551
269638,269664,269685,269708,269750,269657,269677,269700,269651,269661,269669,269673,269683,269707,269664,269673
269750,269783,269804,,269815,269777,269790,,269771,269781,269789,269795,269804,269803,269785,269792
269815,269857,269880,,269889,269844,269861,,269838,269855,269859,269859,269867,269872,269859,269870
269889,269919,269936,269944,269992,269913,269924,269940,269908,269917,269925,269929,269934,269947,269920,269929
269992,270018,270038,270094,270122,270009,270032,270045,270003,270013,270023,270028,270037,270045,270017,270025
270122,270151,270173,270185,270249,270143,270165,270184,270138,270148,270157,270161,270172,270188,270152,270161
270249,270267,270288,270329,270352,270260,270281,270304,270254,270264,270272,270277,270287,270304,270268,270277
270352,270388,270413,270430,270492,270381,270403,270424,270376,270386,270394,270399,270412,270424,270389,270399
270492,270508,270530,270549,270587,270501,270522,270537,270495,270505,270512,270518,270529,270540,270508,270515
270587,270615,270636,270691,270732,270607,270629,270649,270602,270611,270619,270625,270635,270654,270615,270622
270732,270752,270776,270788,270838,270745,270766,270787,270740,270749,270759,270760,270775,270794,270753,270760
270838,270866,270887,,270899,270859,270869,,270854,270863,270866,270866,270870,270876,270866,270873
270899,270985,271005,,271016,270978,,,270973,270983,270992,270995,271007,271006,270987,270995
271016,271061,271071,271074,271096,271049,271066,271073,271042,271057,271063,271063,271070,271077,271063,271073
271096,271111,271133,271147,271167,271104,271124,271139,271098,271108,271116,271121,271131,271147,271111,271118
271167,271222,271246,271266,271333,271215,271238,271254,271209,271219,271228,271234,271244,271263,271223,271231
271333,271351,271375,271393,271435,271345,271365,271383,271339,271349,271359,271361,271373,271389,271353,271361
271435,271468,271490,271512,271555,271461,271482,271499,271456,271466,271476,271479,271489,271499,271470,271479
271555,271588,271611,271634,271699,271581,271603,271619,271576,271585,271594,271600,271610,271619,271589,271597
271699,271715,271737,271746,271769,271709,271729,271745,271703,271713,271722,271726,271736,271751,271717,271726
271769,271822,271845,271899,271935,271815,271837,271856,271810,271820,271829,271833,271843,271860,271824,271833
271935,271955,271978,272001,272035,271949,271970,271991,271943,271953,271962,271967,271976,271996,271957,271964
272035,272066,272087,272106,272153,272059,272080,272100,272054,272064,272073,272077,272086,272106,272068,272077
272153,272178,272200,272228,272289,272171,272193,272214,272165,272175,272184,272189,272199,272219,272179,272186
272289,272308,272330,272340,272358,272301,272313,272318,272295,272305,272309,272309,272314,272318,272309,272316
272358,272409,272431,272451,272504,272402,272423,272444,272397,272406,272414,272419,272429,272448,272410,272416
272504,272535,272557,272570,272634,272528,272549,272569,272522,272532,272541,272545,272555,272573,272536,272545
272634,272654,272676,272687,272706,272647,272668,272681,272641,272651,272661,272665,272674,272684,272655,272665
272706,272765,272788,272803,272866,272758,272779,272802,272753,272762,272771,272775,272787,272806,272766,272775
272866,272895,272916,272926,272946,272888,272908,272925,272883,272892,272903,272903,272916,272937,272896,272903
272946,273004,273026,273039,273104,272997,273018,273038,272991,273001,273010,273014,273024,273041,273005,273014
273104,273126,273149,273199,273231,273119,273140,273156,273113,273123,273131,273136,273147,273156,273127,273136
273231,273249,273271,273283,273344,273242,273263,273282,273237,273247,273256,273260,273269,273286,273251,273260
273344,273372,273395,273412,273472,273365,273386,273405,273359,273369,273381,273383,273393,273410,273373,273383
273472,273496,273517,273534,273577,273489,273509,273525,273484,273494,273503,273506,273516,273535,273497,273506
273577,273611,273633,273658,273720,273604,273625,273639,273598,273608,273618,273621,273632,273641,273612,273621
273720,273738,273760,273776,273829,273731,273750,273766,273725,273735,273747,273747,273758,273776,273739,273747
273829,273853,273875,273895,273956,273846,273866,273883,273840,273850,273860,273863,273873,273883,273854,273863
273956,273984,274005,274019,274079,273977,273996,274018,273971,273982,273992,273992,274004,274022,273985,273992
274079,274096,274117,274133,274176,274089,274108,274123,274084,274093,274105,274105,274115,274129,274097,274105
274176,274194,274212,,274225,274187,274197,,274181,274191,274194,274194,274198,274203,274194,274201
274225,274276,274286,,274319,274253,274282,274300,274247,274257,274271,274277,274295,274307,274259,274274
274319,274335,274359,274383,274440,274329,274351,274370,274324,274333,274341,274347,274358,274379,274337,274344
274440,274456,274479,274491,274535,274450,274471,274490,274444,274453,274461,274467,274477,274493,274457,274464
274535,274574,274598,274652,274692,274567,274589,274605,274562,274572,274580,274585,274596,274605,274576,274582
274692,274708,274729,274738,274759,274701,274722,274737,274695,274705,274715,274718,274728,274745,274709,274718
274759,274823,274849,274901,274939,274817,274839,274859,274811,274821,274831,274836,274847,274868,274825,274836
274939,274955,274980,274991,275046,274949,274969,274990,274943,274953,274964,274964,274978,274995,274956,274964
275046,275063,275085,275110,275167,275056,275078,275092,275051,275061,275069,275074,275084,275092,275064,275074
275167,275198,275221,275270,275309,275191,275213,275232,275185,275195,275205,275209,275219,275237,275199,275209
275309,275325,275347,275363,275397,275318,275338,275354,275313,275322,275333,275335,275345,275361,275326,275335
275397,275428,275450,275473,275525,275422,275442,275458,275416,275426,275434,275439,275449,275459,275429,275436
275525,275543,275565,275618,275646,275536,275558,275572,275531,275541,275549,275554,275564,275572,275544,275551
275646,275662,275683,275700,275716,275655,275675,275690,275649,275659,275667,275672,275681,275690,275663,275669
275716,275766,275790,275844,275888,275760,275782,275803,275755,275764,275773,275779,275788,275808,275768,275776
275888,275905,275928,275980,276013,275898,275919,275939,275893,275903,275912,275916,275926,275943,275906,275916
276013,276028,276052,276066,276112,276022,276044,276065,276017,276026,276034,276040,276051,276069,276030,276037
276112,276143,276166,276222,276291,276254,,,276131,276141,276150,276155,276165,276183,276145,276152
276291,276379,276403,276417,276482,276373,276395,276416,276368,276377,276386,276391,276401,276421,276381,276388
276482,276508,276531,276543,276599,276501,276523,276542,276495,276505,276514,276519,276529,276552,276509,276519
276599,276618,276640,276657,276711,276611,276632,276647,276605,276615,276623,276628,276638,276647,276619,276628
276711,276731,276754,276806,276882,276724,276746,276767,276719,276729,276737,276742,276752,276771,276732,276742
276882,276960,276981,276994,277053,276953,276973,276993,276947,276957,276966,276970,276979,276995,276961,276970
277053,277077,277102,277150,277244,277071,277093,277114,277066,277075,277084,277089,277100,277119,277079,277089
277244,277318,277342,277355,277423,277313,277334,277354,277308,277316,277323,277329,277340,277361,277320,277326
277423,277447,277474,277526,277570,277441,277464,277481,277437,277446,277454,277459,277472,277481,277449,277456
277570,277584,277609,277616,277661,277579,277599,277615,277573,277583,277590,277596,277606,277619,277586,277593
277661,277694,277717,277732,277788,277688,277708,277725,277683,277692,277700,277704,277716,277725,277696,277704
277788,277814,277838,277893,277932,277808,277829,277846,277803,277813,277822,277826,277837,277846,277816,277826
277932,277945,277969,277977,278039,277940,277961,277976,277935,277944,277952,277958,277968,277986,277947,277955
278039,278055,278078,278088,278142,278048,278069,278087,278043,278052,278060,278065,278076,278095,278056,278062
278142,278177,278204,278256,278290,278171,278193,278216,278166,278176,278185,278190,278203,278222,278180,278190
278290,278311,278336,278392,278422,278305,278326,278342,278301,278309,278317,278322,278335,278342,278313,278322
278422,278439,278462,278481,278512,278432,278453,278469,278427,278437,278444,278449,278460,278477,278440,278446
278512,278551,278573,278594,278635,278544,278563,278580,278539,278548,278559,278559,278571,278590,278551,278559
278635,278665,278689,278745,278775,278658,278680,278700,278653,278663,278672,278676,278687,278706,278666,278676
278775,278799,278824,278838,278895,278793,278815,278837,278788,278797,278807,278812,278822,278841,278801,278812
278895,278924,278949,278965,279018,278918,278940,278955,278912,278922,278931,278936,278947,278955,278926,278933
279018,279044,279068,279079,279134,279038,279060,279078,279033,279042,279051,279056,279067,279081,279046,279056
279134,279150,279171,279178,279202,279143,279161,279177,279138,279147,279156,279157,279170,279186,279150,279157
279202,279251,279275,279287,279359,279245,279267,279286,279239,279249,279258,279264,279273,279289,279253,279261
279359,279377,279400,279414,279472,279370,279392,279413,279365,279374,279384,279388,279399,279417,279378,279388
279472,279489,279509,279526,279577,279482,279502,279516,279476,279486,279494,279498,279507,279516,279490,279498
279577,279603,279624,279640,279703,279596,279617,279639,279591,279601,279609,279614,279623,279644,279604,279611
279703,279732,279755,279769,279832,279726,279745,279764,279720,279730,279739,279742,279753,279764,279733,279742
279832,279848,279868,279875,279894,279841,279854,279857,279836,279845,279849,279849,279855,279857,279849,279856
279894,279951,279974,279981,280052,279944,279966,279980,279939,279949,279957,279962,279972,279983,279952,279962
280052,280078,280101,280155,280184,280071,280093,280109,280066,280075,280084,280089,280099,280113,280079,280089
280184,280202,280223,280237,280328,280195,280214,280229,280189,280199,280208,280211,280221,280235,280203,280211
280328,280405,280428,280447,280511,280399,280420,280440,280393,280403,280411,280416,280426,280447,280406,280416
280511,280529,280552,280569,280618,280523,280544,280559,280517,280527,280536,280541,280550,280569,280531,280538
280618,280644,280665,280684,280737,280636,280657,280670,280631,280640,280648,280653,280663,280672,280644,280653
280737,280755,280778,280800,280857,280748,280770,280785,280742,280752,280761,280766,280776,280785,280756,280766
280857,280883,280904,280923,280966,280876,280897,280914,280871,280881,280889,280893,280902,280919,280884,280893
280966,280996,281019,281037,281095,280989,281012,281025,280984,280994,281003,281008,281017,281025,280998,281005
281095,281118,281141,281190,281217,281111,281133,281151,281106,281115,281123,281129,281139,281151,281119,281126
281217,281246,281267,281275,281298,281239,281251,281256,281234,281243,281247,281247,281252,281256,281247,281254
281298,281364,281388,281435,281472,281357,281377,281400,281351,281361,281373,281373,281386,281407,281365,281373
281472,281497,281521,281569,281603,281490,281512,281526,281485,281494,281505,281508,281519,281528,281498,281508
281603,281621,281643,281655,281703,281614,281634,281654,281608,281618,281627,281631,281641,281657,281622,281631
281703,281747,281771,281783,281849,281740,281759,281782,281735,281745,281756,281756,281769,281786,281748,281756
281849,281867,281888,281901,281920,281860,281879,281893,281855,281864,281874,281874,281887,281897,281867,281874
281920,281971,281992,,282018,281964,281982,282000,281958,281968,281976,281982,281992,282009,281971,281979
282018,282039,282065,282053,282087,282030,282049,282053,282018,282034,282042,282046,282050,282056,282038,282046
282087,282104,282127,282146,282202,282097,282119,282133,282092,282101,282111,282116,282125,282135,282105,282113
282202,282220,282241,282256,282273,282213,282232,282247,282208,282217,282227,282229,282240,282254,282221,282229
282273,282319,282341,282357,282404,282312,282333,282348,282307,282316,282325,282330,282339,282348,282320,282330
282404,282422,282446,282462,282505,282415,282436,282461,282410,282419,282427,282431,282445,282466,282423,282431
282505,282532,282553,282570,282612,282526,282545,282559,282520,282530,282538,282541,282552,282562,282533,282541
282612,282640,282659,,282671,282634,282648,,282629,282638,282645,282651,282659,282666,282641,282648
282671,282754,282779,282851,282948,282749,282770,282786,282744,282752,282760,282766,282776,282792,282756,282763
282948,282971,282997,283044,283102,282966,282988,283004,282961,282970,282978,282983,282995,283004,282973,282980
283102,283168,283195,283210,283276,283162,283185,283209,283158,283167,283176,283181,283193,283211,283171,283181
283276,283290,283317,283389,283476,283382,283404,283451,283314,283333,,,283314,,283339,
283476,283502,283524,283543,283607,283496,283517,283528,283490,283500,283508,283513,283523,283528,283504,283513
283607,283621,283644,283652,283676,283615,283635,283651,283610,283619,283627,283631,283643,283660,283623,283631
283676,283719,283753,283782,283816,283712,283737,283770,283707,283716,283724,283731,283751,283771,283720,283727
283816,283843,283866,283882,283948,283837,283858,283874,283831,283841,283850,283855,283865,283874,283845,283852
283948,283964,283985,284000,284018,283957,283976,283991,283951,283961,283971,283971,283984,283995,283965,283971
284018,284065,284088,284098,284150,284059,284080,284097,284053,284063,284072,284076,284087,284105,284067,284076
284150,284176,284199,284217,284366,284170,284190,284274,284164,284174,284182,284186,284269,284278,284177,284186
284366,284383,284406,284426,284483,284377,284399,284414,284372,284381,284390,284396,284404,284414,284385,284393
284483,284506,284529,284587,284653,284500,284521,284545,284495,284504,284512,284517,284527,284550,284507,284517
284653,284730,284755,284771,284819,284724,284736,284742,284719,284729,284732,284732,284737,284742,284732,284739
284819,284849,284875,284892,284948,284844,284867,284882,284839,284848,284856,284863,284874,284882,284852,284859
284948,284961,284985,285032,285168,285056,285076,285099,285051,285060,,,285051,,285063,
285168,285194,285217,285234,285293,285187,285210,285224,285182,285192,285201,285206,285215,285224,285196,285203
285293,285308,285328,285345,285371,285302,285321,285336,285296,285305,285313,285317,285327,285343,285308,285317
285371,285403,285423,285432,285480,285396,285416,285431,285391,285400,285408,285412,285422,285438,285404,285412
285480,285496,285516,285528,285568,285489,285508,285527,285483,285493,285503,285503,285515,285532,285497,285503
285568,285585,285607,285620,285665,285579,285598,285619,285573,285583,285592,285594,285605,285623,285586,285594
285665,285690,285714,285731,285806,285684,285707,285720,285679,285688,285697,285703,285713,285720,285692,285700
285806,285829,285854,285875,285932,285823,285846,285866,285818,285827,285836,285842,285852,285866,285831,285839
285932,285957,285984,285993,286053,285951,285973,285992,285946,285955,285964,285968,285982,285992,285959,285968
286053,286069,286091,286123,286143,286063,286081,286096,286057,286067,286077,286077,286090,286099,286070,286077
286143,286161,286182,286199,286271,286237,,,286232,286241,,,286180,,286245,
286271,286328,286348,,286367,286320,286332,286356,286315,286324,286332,286336,286348,286356,286328,286336
286367,286426,286450,286469,286544,286420,286442,286463,286415,286424,286433,286438,286448,286466,286428,286435
286544,286563,286588,286601,286662,286557,286579,286600,286551,286561,286570,286576,286586,286603,286565,286573
286662,286683,286708,286759,286786,286677,286699,286715,286671,286681,286690,286694,286706,286715,286685,286694
286786,286802,286824,286839,286864,286795,286815,286830,286790,286800,286809,286812,286823,286837,286804,286812
286864,286899,286919,286930,286971,286892,286912,286929,286886,286897,286905,286909,286917,286934,286900,286909
286971,286989,287010,287017,287068,286982,287003,287016,286976,286986,286994,286998,287009,287018,286989,286998
287068,287085,287108,287116,287190,287078,287099,287115,287072,287082,287092,287092,287106,287117,287085,287092
287190,287211,287235,287249,287317,287204,287225,287248,287198,287208,287220,287220,287233,287250,287212,287220
287317,287338,287362,287381,287439,287331,287352,287380,287326,287336,287346,287349,287360,287383,287340,287349
287439,287457,287481,287494,287545,287450,287471,287487,287444,287454,287464,287466,287479,287495,287458,287466
287545,287562,287583,287597,287641,287555,287575,287587,287549,287559,287568,287571,287581,287590,287563,287571
287641,287659,287680,287715,287738,287652,287671,287685,287646,287656,287667,287667,287678,287688,287660,287667
287738,287756,287777,287789,287843,287748,287767,287783,287742,287752,287762,287762,287775,287786,287756,287762
287843,287861,287883,287889,287967,287854,287875,287888,287848,287858,287867,287872,287881,287890,287862,287869
287967,287991,288014,288019,288095,287984,288006,288018,287978,287988,287999,288004,288012,288020,287992,288004
288095,288116,288138,288145,288216,288108,288129,288144,288103,288113,288125,288125,288137,288146,288117,288125
288216,288235,288256,288267,288319,288227,288246,288261,288222,288232,288243,288243,288254,288264,288235,288243
288319,288337,288357,288370,288406,288329,288347,288361,288323,288334,288345,288345,288355,288364,288337,288345
288406,288425,288444,288457,288488,288417,288435,288450,288412,288421,288430,288430,288442,288457,288424,288430
288488,288512,288532,288538,288556,288504,288517,288520,288499,288509,288512,288512,288518,288520,288512,288519
288556,288611,288634,288648,288724,288603,288625,288640,288597,288607,288614,288619,288632,288640,288610,288616
288724,288744,288767,288826,288857,288737,288760,288773,288731,288742,288750,288756,288765,288773,288746,288753
288857,288877,288902,288956,288984,288870,288892,288915,288864,288874,288883,288887,288900,288917,288878,288887
288984,289002,289024,289042,289085,288995,289016,289036,288989,288999,289008,289012,289022,289041,289003,289012
289085,289115,289135,289149,289191,289107,289127,289142,289102,289112,289122,289122,289134,289148,289115,289122
289191,289208,289230,289273,289331,289297,,,289291,289301,,,289228,,289305,
289331,289407,289428,,289447,289400,289405,289437,289394,289404,289414,289418,289428,289438,289408,289418
289447,289486,289503,,289519,289470,289492,,289459,289476,289489,289493,289502,289508,289479,289484
289519,289543,289567,289590,289651,289536,289558,289572,289531,289540,289550,289553,289565,289573,289544,289553
289651,289676,289699,289710,289779,289668,289689,289709,289663,289673,289683,289686,289697,289711,289677,289686
289779,289798,289819,289832,289881,289790,289811,289826,289785,289794,289803,289807,289817,289837,289798,289807
289881,289899,289918,289930,289974,289892,289910,289923,289886,289896,289905,289906,289916,289932,289899,289906
289974,289991,290012,290024,290065,289984,290003,290017,289979,289988,289998,289998,290010,290020,289992,289998
290065,290084,290104,,290117,290076,290088,290090,290071,290080,290083,290083,290089,290090,290083,290090
290117,290158,290168,290171,290194,290139,290163,290170,290130,290144,290148,290157,290167,290174,290146,290153
290194,290220,290242,290265,290321,290213,290234,290252,290207,290217,290226,290231,290241,290252,290221,290228
290321,290354,290377,290401,290445,290347,290368,290386,290342,290351,290363,290365,290375,290386,290355,290365
290445,290481,290502,290517,290568,290473,290495,290510,290468,290478,290489,290490,290501,290510,290482,290490
290568,290593,290613,290624,290666,290586,290605,290618,290580,290590,290600,290600,290612,290621,290594,290600
290666,290685,290706,290716,290754,290678,290698,290710,290672,290682,290691,290694,290704,290713,290686,290694
290754,290772,290792,290809,290838,290765,290785,290798,290759,290769,290778,290781,290791,290801,290773,290781
290838,290870,290891,,290906,290863,290880,,290858,290867,290877,290878,290892,290901,290871,290878
290906,290980,291005,291021,291082,290973,290996,291010,290967,290977,290985,290990,291003,291010,290980,290990
291082,291118,291141,291160,291219,291111,291134,291148,291106,291116,291124,291130,291140,291148,291119,291127
291219,291246,291270,291288,291338,291240,291263,291275,291235,291244,291252,291259,291268,291275,291248,291256
291338,291364,291388,291412,291450,291357,291379,291395,291352,291361,291369,291374,291387,291395,291364,291371
291450,291472,291493,,291521,291465,291477,291481,291459,291469,291472,291472,291478,291481,291472,291479
291521,291591,291615,291634,291675,291585,291596,291601,291579,291589,291593,291593,291597,291601,291593,291599
291675,291692,291714,,291741,291685,291696,291700,291680,291689,291692,291692,291697,291700,291692,291698
291741,291784,291804,,291822,291776,291792,,291771,291780,291789,291792,291804,291812,291784,291792
291822,291885,291906,,291918,291878,291883,,291872,291883,291892,291897,291908,291907,291887,291894
291918,291983,292005,,292034,291976,291992,292012,291971,291980,291988,291994,292005,292012,291983,291991
292034,292070,292093,292114,292159,292062,292084,292100,292057,292067,292074,292079,292091,292100,292070,292079
292159,292199,292224,292232,292293,292192,292213,292231,292186,292196,292204,292209,292222,292232,292200,292209
292293,292309,292332,292344,292430,292396,,,292390,292400,,,292330,,292404,
292430,292491,292513,292529,292590,292484,292505,292520,292478,292489,292497,292501,292511,292520,292492,292501
292590,292609,292634,292653,292720,292602,292625,292641,292597,292606,292615,292621,292632,292641,292610,292617
292720,292740,292766,292784,292840,292734,292756,292783,292729,292738,292746,292751,292764,292787,292741,292748
292840,292860,292883,292903,292954,292853,292874,292889,292847,292857,292867,292869,292881,292889,292861,292869
292954,292980,293002,293020,293115,293083,,,292968,292978,292988,292991,293001,293011,292982,292991
293115,293192,293214,293221,293281,293185,293198,293202,293179,293189,293193,293193,293199,293202,293193,293201
293281,293313,293336,293345,293420,293306,293328,293344,293301,293311,293321,293325,293335,293344,293315,293325
293420,293438,293461,293468,293541,293431,293451,293465,293426,293436,293446,293449,293459,293468,293439,293449
293541,293561,293583,293597,293653,293553,293572,293588,293548,293558,293569,293569,293581,293596,293562,293569
293653,293672,293692,293704,293738,293664,293681,293697,293659,293669,293679,293679,293690,293702,293672,293679
293738,293767,293788,293802,293840,293760,293779,293793,293754,293764,293775,293775,293786,293796,293768,293775
293840,293859,293880,293933,293967,293852,293872,293887,293846,293856,293865,293868,293878,293887,293860,293868
293967,293994,294018,294043,294108,293987,294010,294028,293981,293991,294001,294006,294017,294028,293996,294006
294108,294125,294150,294165,294217,294118,294141,294164,294113,294123,294132,294137,294148,294166,294126,294137
294217,294241,294263,294285,294335,294233,294255,294271,294228,294237,294245,294250,294262,294271,294241,294250
294335,294360,294382,294432,294466,294353,294375,294401,294348,294358,294367,294372,294381,294404,294361,294369
294466,294484,294506,294528,294595,294477,294497,294518,294472,294482,294492,294493,294505,294524,294486,294493
294595,294611,294633,294650,294703,294604,294623,294641,294599,294609,294619,294620,294631,294648,294612,294620
294703,294721,294741,294754,294812,294714,294732,294746,294708,294718,294728,294728,294739,294750,294722,294728
294812,294833,294855,294842,294885,294826,294839,294842,294820,294830,294834,294834,294840,294845,294834,294843
294885,294909,294922,294926,294945,294898,294914,294925,294889,294907,294912,294912,294919,294929,294912,294925
294945,294971,294992,295001,295025,294963,294977,294980,294958,294968,294972,294972,294978,294980,294972,294979
295025,295046,295060,295063,295077,295034,295053,295062,295026,295038,295044,295048,295057,295064,295041,295048
295077,295095,295114,295128,295144,295087,295105,295120,295082,295092,295103,295103,295113,295126,295096,295103
295144,295194,295214,,295241,295186,295205,295220,295181,295191,295202,295202,295213,295222,295195,295202
